country,date,rating_count,rating_mean,rating_std,rating_median,rating_p10,rating_p90,rating_players,accuracy_count,accuracy_mean,accuracy_std,accuracy_median,accuracy_p10,accuracy_p90,accuracy_players
CA,2007-11-06,1,1247.0,0.0,1247.0,1247.0,1247.0,1,0,0.0,0.0,0.0,0.0,0.0,0
CA,2007-11-10,1,1247.0,0.0,1247.0,1247.0,1247.0,1,0,0.0,0.0,0.0,0.0,0.0,0
CA,2007-11-11,2,1247.0,0.0,1247.0,1247.0,1247.0,1,0,0.0,0.0,0.0,0.0,0.0,0
CA,2007-11-13,1,1247.0,0.0,1247.0,1247.0,1247.0,1,0,0.0,0.0,0.0,0.0,0.0,0
CA,2007-11-17,1,1247.0,0.0,1247.0,1247.0,1247.0,1,0,0.0,0.0,0.0,0.0,0.0,0
CA,2007-11-18,1,1247.0,0.0,1247.0,1247.0,1247.0,1,0,0.0,0.0,0.0,0.0,0.0,0
CA,2007-11-22,1,1247.0,0.0,1247.0,1247.0,1247.0,1,0,0.0,0.0,0.0,0.0,0.0,0
CA,2007-11-23,1,1247.0,0.0,1247.0,1247.0,1247.0,1,0,0.0,0.0,0.0,0.0,0.0,0
CA,2007-11-25,1,1247.0,0.0,1247.0,1247.0,1247.0,1,0,0.0,0.0,0.0,0.0,0.0,0
CA,2007-11-28,3,1247.0,0.0,1247.0,1247.0,1247.0,1,1,93.71,0.0,93.71,93.71,93.71,1
CA,2007-12-08,1,1247.0,0.0,1247.0,1247.0,1247.0,1,0,0.0,0.0,0.0,0.0,0.0,0
CA,2007-12-16,1,1247.0,0.0,1247.0,1247.0,1247.0,1,0,0.0,0.0,0.0,0.0,0.0,0
CA,2007-12-21,1,1247.0,0.0,1247.0,1247.0,1247.0,1,0,0.0,0.0,0.0,0.0,0.0,0
CA,2007-12-27,1,1247.0,0.0,1247.0,1247.0,1247.0,1,0,0.0,0.0,0.0,0.0,0.0,0
CA,2007-12-31,1,1247.0,0.0,1247.0,1247.0,1247.0,1,0,0.0,0.0,0.0,0.0,0.0,0
CA,2008-01-10,1,1247.0,0.0,1247.0,1247.0,1247.0,1,0,0.0,0.0,0.0,0.0,0.0,0
CA,2008-01-22,1,997.0,0.0,997.0,997.0,997.0,1,0,0.0,0.0,0.0,0.0,0.0,0
CA,2008-01-24,1,997.0,0.0,997.0,997.0,997.0,1,0,0.0,0.0,0.0,0.0,0.0,0
CA,2008-01-28,1,997.0,0.0,997.0,997.0,997.0,1,0,0.0,0.0,0.0,0.0,0.0,0
CA,2008-01-29,2,997.0,0.0,997.0,997.0,997.0,1,0,0.0,0.0,0.0,0.0,0.0,0
CA,2008-02-01,1,997.0,0.0,997.0,997.0,997.0,1,0,0.0,0.0,0.0,0.0,0.0,0
CA,2008-02-04,1,997.0,0.0,997.0,997.0,997.0,1,0,0.0,0.0,0.0,0.0,0.0,0
CA,2008-02-05,1,1247.0,0.0,1247.0,1247.0,1247.0,1,0,0.0,0.0,0.0,0.0,0.0,0
CA,2008-02-06,1,997.0,0.0,997.0,997.0,997.0,1,0,0.0,0.0,0.0,0.0,0.0,0
CA,2008-02-07,2,997.0,0.0,997.0,997.0,997.0,1,0,0.0,0.0,0.0,0.0,0.0,0
CA,2008-02-08,1,997.0,0.0,997.0,997.0,997.0,1,0,0.0,0.0,0.0,0.0,0.0,0
CA,2008-02-11,1,997.0,0.0,997.0,997.0,997.0,1,0,0.0,0.0,0.0,0.0,0.0,0
CA,2008-02-12,2,997.0,0.0,997.0,997.0,997.0,1,0,0.0,0.0,0.0,0.0,0.0,0
CA,2008-02-13,2,1065.5,0.0,1134.0,1134.0,1134.0,2,0,0.0,0.0,0.0,0.0,0.0,0
CA,2008-02-14,1,997.0,0.0,997.0,997.0,997.0,1,0,0.0,0.0,0.0,0.0,0.0,0
CA,2008-02-15,1,997.0,0.0,997.0,997.0,997.0,1,0,0.0,0.0,0.0,0.0,0.0,0
CA,2008-02-19,1,997.0,0.0,997.0,997.0,997.0,1,0,0.0,0.0,0.0,0.0,0.0,0
CA,2008-02-21,2,997.0,0.0,997.0,997.0,997.0,1,0,0.0,0.0,0.0,0.0,0.0,0
CA,2008-02-27,1,997.0,0.0,997.0,997.0,997.0,1,0,0.0,0.0,0.0,0.0,0.0,0
CA,2008-02-29,1,997.0,0.0,997.0,997.0,997.0,1,0,0.0,0.0,0.0,0.0,0.0,0
CA,2008-03-05,1,1247.0,0.0,1247.0,1247.0,1247.0,1,0,0.0,0.0,0.0,0.0,0.0,0
CA,2008-03-06,1,997.0,0.0,997.0,997.0,997.0,1,0,0.0,0.0,0.0,0.0,0.0,0
CA,2008-03-07,1,997.0,0.0,997.0,997.0,997.0,1,0,0.0,0.0,0.0,0.0,0.0,0
CA,2008-03-09,1,1247.0,0.0,1247.0,1247.0,1247.0,1,0,0.0,0.0,0.0,0.0,0.0,0
CA,2008-03-11,2,1065.5,0.0,1134.0,1134.0,1134.0,2,0,0.0,0.0,0.0,0.0,0.0,0
CA,2008-03-12,1,1247.0,0.0,1247.0,1247.0,1247.0,1,0,0.0,0.0,0.0,0.0,0.0,0
CA,2008-03-15,1,1247.0,0.0,1247.0,1247.0,1247.0,1,0,0.0,0.0,0.0,0.0,0.0,0
CA,2008-03-17,3,1080.3333333333333,0.0,1247.0,1247.0,1247.0,2,0,0.0,0.0,0.0,0.0,0.0,0
CA,2008-03-18,1,1134.0,0.0,1134.0,1134.0,1134.0,1,0,0.0,0.0,0.0,0.0,0.0,0
CA,2008-03-19,1,1346.0,0.0,1346.0,1346.0,1346.0,1,0,0.0,0.0,0.0,0.0,0.0,0
CA,2008-03-20,2,1406.0,0.0,1406.0,1406.0,1406.0,1,0,0.0,0.0,0.0,0.0,0.0,0
CA,2008-03-23,1,1248.0,0.0,1248.0,1248.0,1248.0,1,0,0.0,0.0,0.0,0.0,0.0,0
CA,2008-03-25,2,1149.5,0.0,1302.0,1302.0,1302.0,2,0,0.0,0.0,0.0,0.0,0.0,0
CA,2008-03-26,1,1386.0,0.0,1386.0,1386.0,1386.0,1,0,0.0,0.0,0.0,0.0,0.0,0
CA,2008-03-27,1,1134.0,0.0,1134.0,1134.0,1134.0,1,0,0.0,0.0,0.0,0.0,0.0,0
CA,2008-03-31,1,997.0,0.0,997.0,997.0,997.0,1,0,0.0,0.0,0.0,0.0,0.0,0
CA,2008-04-02,1,997.0,0.0,997.0,997.0,997.0,1,0,0.0,0.0,0.0,0.0,0.0,0
CA,2008-04-03,3,1138.6666666666667,0.0,1422.0,1422.0,1422.0,2,0,0.0,0.0,0.0,0.0,0.0,0
CA,2008-04-06,1,1247.0,0.0,1247.0,1247.0,1247.0,1,0,0.0,0.0,0.0,0.0,0.0,0
CA,2008-04-09,2,1246.5,0.0,1134.0,1134.0,1134.0,2,0,0.0,0.0,0.0,0.0,0.0,0
CA,2008-04-13,1,1134.0,0.0,1134.0,1134.0,1134.0,1,0,0.0,0.0,0.0,0.0,0.0,0
CA,2008-04-14,1,1247.0,0.0,1247.0,1247.0,1247.0,1,0,0.0,0.0,0.0,0.0,0.0,0
CA,2008-04-17,2,997.0,0.0,997.0,997.0,997.0,1,0,0.0,0.0,0.0,0.0,0.0,0
CA,2008-04-18,1,1247.0,0.0,1247.0,1247.0,1247.0,1,0,0.0,0.0,0.0,0.0,0.0,0
CA,2008-04-20,1,1247.0,0.0,1247.0,1247.0,1247.0,1,0,0.0,0.0,0.0,0.0,0.0,0
CA,2008-04-22,1,997.0,0.0,997.0,997.0,997.0,1,0,0.0,0.0,0.0,0.0,0.0,0
CA,2008-04-23,2,1336.0,31.0,1336.0,1311.2,1360.8,1,0,0.0,0.0,0.0,0.0,0.0,0
CA,2008-04-24,3,1111.6666666666667,0.0,1341.0,1341.0,1341.0,2,0,0.0,0.0,0.0,0.0,0.0,0
CA,2008-04-27,2,1407.5,11.5,1407.5,1398.3,1416.7,1,0,0.0,0.0,0.0,0.0,0.0,0
CA,2008-04-28,1,997.0,0.0,997.0,997.0,997.0,1,0,0.0,0.0,0.0,0.0,0.0,0
CA,2008-04-30,1,997.0,0.0,997.0,997.0,997.0,1,0,0.0,0.0,0.0,0.0,0.0,0
CA,2008-05-01,1,997.0,0.0,997.0,997.0,997.0,1,0,0.0,0.0,0.0,0.0,0.0,0
CA,2008-05-05,1,997.0,0.0,997.0,997.0,997.0,1,0,0.0,0.0,0.0,0.0,0.0,0
CA,2008-05-08,1,997.0,0.0,997.0,997.0,997.0,1,0,0.0,0.0,0.0,0.0,0.0,0
CA,2008-05-09,1,997.0,0.0,997.0,997.0,997.0,1,0,0.0,0.0,0.0,0.0,0.0,0
CA,2008-05-14,2,997.0,0.0,997.0,997.0,997.0,1,0,0.0,0.0,0.0,0.0,0.0,0
CA,2008-05-17,1,1428.0,0.0,1428.0,1428.0,1428.0,1,0,0.0,0.0,0.0,0.0,0.0,0
CA,2008-05-24,1,997.0,0.0,997.0,997.0,997.0,1,0,0.0,0.0,0.0,0.0,0.0,0
CA,2008-05-27,1,1023.0,0.0,1023.0,1023.0,1023.0,1,0,0.0,0.0,0.0,0.0,0.0,0
CA,2008-05-29,3,1262.6666666666667,14.5,1374.5,1362.9,1386.1,2,0,0.0,0.0,0.0,0.0,0.0,0
CA,2008-06-03,1,1303.0,0.0,1303.0,1303.0,1303.0,1,0,0.0,0.0,0.0,0.0,0.0,0
CA,2008-06-05,3,1431.0,23.84673283002656,1435.0,1407.0,1453.4,1,0,0.0,0.0,0.0,0.0,0.0,0
CA,2008-06-06,2,1295.0,21.0,1295.0,1278.2,1311.8,1,0,0.0,0.0,0.0,0.0,0.0,0
CA,2008-06-08,1,1093.0,0.0,1093.0,1093.0,1093.0,1,0,0.0,0.0,0.0,0.0,0.0,0
CA,2008-06-11,2,1294.0,6.0,1294.0,1289.2,1298.8,1,0,0.0,0.0,0.0,0.0,0.0,0
CA,2008-06-13,2,1264.5,0.0,1220.0,1220.0,1220.0,2,0,0.0,0.0,0.0,0.0,0.0,0
CA,2008-06-16,1,1317.0,0.0,1317.0,1317.0,1317.0,1,0,0.0,0.0,0.0,0.0,0.0,0
CA,2008-06-22,1,1350.0,0.0,1350.0,1350.0,1350.0,1,0,0.0,0.0,0.0,0.0,0.0,0
CA,2008-06-30,1,1264.0,0.0,1264.0,1264.0,1264.0,1,0,0.0,0.0,0.0,0.0,0.0,0
CA,2008-07-18,1,1415.0,0.0,1415.0,1415.0,1415.0,1,0,0.0,0.0,0.0,0.0,0.0,0
CA,2008-07-29,2,1251.0,29.0,1251.0,1227.8,1274.2,1,0,0.0,0.0,0.0,0.0,0.0,0
CA,2008-08-22,1,1249.0,0.0,1249.0,1249.0,1249.0,1,0,0.0,0.0,0.0,0.0,0.0,0
CA,2008-08-29,4,1239.75,23.951774464536022,1242.0,1213.4,1264.3,1,0,0.0,0.0,0.0,0.0,0.0,0
CA,2008-08-30,1,1534.0,0.0,1534.0,1534.0,1534.0,1,0,0.0,0.0,0.0,0.0,0.0,0
CA,2008-09-01,1,1226.0,0.0,1226.0,1226.0,1226.0,1,0,0.0,0.0,0.0,0.0,0.0,0
CA,2008-09-03,2,1234.5,8.5,1234.5,1227.7,1241.3,1,0,0.0,0.0,0.0,0.0,0.0,0
CA,2008-09-04,2,1263.0,6.0,1263.0,1258.2,1267.8,1,0,0.0,0.0,0.0,0.0,0.0,0
CA,2008-09-10,1,1311.0,0.0,1311.0,1311.0,1311.0,1,0,0.0,0.0,0.0,0.0,0.0,0
CA,2008-09-14,1,1280.0,0.0,1280.0,1280.0,1280.0,1,0,0.0,0.0,0.0,0.0,0.0,0
CA,2008-09-16,3,1308.3333333333333,0.0,1171.0,1171.0,1171.0,3,0,0.0,0.0,0.0,0.0,0.0,0
CA,2008-09-23,1,1100.0,0.0,1100.0,1100.0,1100.0,1,0,0.0,0.0,0.0,0.0,0.0,0
CA,2008-09-29,1,1301.0,0.0,1301.0,1301.0,1301.0,1,0,0.0,0.0,0.0,0.0,0.0,0
CA,2008-09-30,1,1124.0,0.0,1124.0,1124.0,1124.0,1,0,0.0,0.0,0.0,0.0,0.0,0
CA,2008-10-02,1,1218.0,0.0,1218.0,1218.0,1218.0,1,0,0.0,0.0,0.0,0.0,0.0,0
CA,2008-10-03,1,1310.0,0.0,1310.0,1310.0,1310.0,1,0,0.0,0.0,0.0,0.0,0.0,0
CA,2008-10-07,1,1318.0,0.0,1318.0,1318.0,1318.0,1,0,0.0,0.0,0.0,0.0,0.0,0
CA,2008-10-08,1,1200.0,0.0,1200.0,1200.0,1200.0,1,0,0.0,0.0,0.0,0.0,0.0,0
CA,2008-10-22,1,1328.0,0.0,1328.0,1328.0,1328.0,1,0,0.0,0.0,0.0,0.0,0.0,0
CA,2008-10-23,1,1144.0,0.0,1144.0,1144.0,1144.0,1,0,0.0,0.0,0.0,0.0,0.0,0
CA,2008-10-27,1,1337.0,0.0,1337.0,1337.0,1337.0,1,0,0.0,0.0,0.0,0.0,0.0,0
CA,2008-11-05,1,1347.0,0.0,1347.0,1347.0,1347.0,1,0,0.0,0.0,0.0,0.0,0.0,0
CA,2008-11-14,1,1384.0,0.0,1384.0,1384.0,1384.0,1,0,0.0,0.0,0.0,0.0,0.0,0
CA,2008-11-18,1,1093.0,0.0,1093.0,1093.0,1093.0,1,0,0.0,0.0,0.0,0.0,0.0,0
CA,2008-11-25,1,1393.0,0.0,1393.0,1393.0,1393.0,1,0,0.0,0.0,0.0,0.0,0.0,0
CA,2008-12-21,1,1040.0,0.0,1040.0,1040.0,1040.0,1,0,0.0,0.0,0.0,0.0,0.0,0
CA,2008-12-24,2,1058.0,0.0,1058.0,1058.0,1058.0,2,0,0.0,0.0,0.0,0.0,0.0,0
CA,2008-12-26,7,1136.857142857143,102.4705919872732,1126.0,1026.0,1226.8,3,1,89.67,0.0,0.0,0.0,0.0,1
CA,2008-12-27,2,1310.0,0.0,1310.0,1310.0,1310.0,2,0,0.0,0.0,0.0,0.0,0.0,0
CA,2008-12-28,8,1326.375,29.227080289043965,1275.0,1275.0,1324.6,3,2,65.28,0.0,65.28,65.28,65.28,2
CA,2008-12-29,4,1238.0,37.0,1238.0,1208.4,1267.6,2,0,0.0,0.0,0.0,0.0,0.0,0
CA,2008-12-30,2,1257.0,0.0,1257.0,1257.0,1257.0,2,0,0.0,0.0,0.0,0.0,0.0,0
CA,2008-12-31,5,1249.6,0.0,1201.0,1201.0,1201.0,3,0,0.0,0.0,0.0,0.0,0.0,0
CA,2009-01-01,4,1177.5,15.5,1177.5,1165.1,1189.9,2,0,0.0,0.0,0.0,0.0,0.0,0
CA,2009-01-04,2,1169.0,0.0,1169.0,1169.0,1169.0,2,0,0.0,0.0,0.0,0.0,0.0,0
CA,2009-01-05,2,1152.0,0.0,1152.0,1152.0,1152.0,2,0,0.0,0.0,0.0,0.0,0.0,0
CA,2009-01-08,1,1451.0,0.0,1451.0,1451.0,1451.0,1,0,0.0,0.0,0.0,0.0,0.0,0
CA,2009-01-10,4,1227.0,0.0,1227.0,1227.0,1227.0,2,0,0.0,0.0,0.0,0.0,0.0,0
CA,2009-01-12,2,1273.0,0.0,1273.0,1273.0,1273.0,2,0,0.0,0.0,0.0,0.0,0.0,0
CA,2009-01-14,1,1461.0,0.0,1461.0,1461.0,1461.0,1,0,0.0,0.0,0.0,0.0,0.0,0
CA,2009-01-18,2,1291.0,0.0,1291.0,1291.0,1291.0,2,0,0.0,0.0,0.0,0.0,0.0,0
CA,2009-01-20,2,1274.0,0.0,1274.0,1274.0,1274.0,2,0,0.0,0.0,0.0,0.0,0.0,0
CA,2009-01-25,1,1469.0,0.0,1469.0,1469.0,1469.0,1,0,0.0,0.0,0.0,0.0,0.0,0
CA,2009-01-27,2,1283.0,0.0,1090.0,1090.0,1090.0,2,0,0.0,0.0,0.0,0.0,0.0,0
CA,2009-01-30,3,1177.6666666666667,0.0,1247.0,1247.0,1247.0,3,0,0.0,0.0,0.0,0.0,0.0,0
CA,2009-02-01,2,1226.0,0.0,1226.0,1226.0,1226.0,2,0,0.0,0.0,0.0,0.0,0.0,0
CA,2009-02-05,1,1484.0,0.0,1484.0,1484.0,1484.0,1,0,0.0,0.0,0.0,0.0,0.0,0
CA,2009-02-06,1,1203.0,0.0,1203.0,1203.0,1203.0,1,0,0.0,0.0,0.0,0.0,0.0,0
CA,2009-02-09,1,1490.0,0.0,1490.0,1490.0,1490.0,1,0,0.0,0.0,0.0,0.0,0.0,0
CA,2009-02-10,1,1515.0,0.0,1515.0,1515.0,1515.0,1,0,0.0,0.0,0.0,0.0,0.0,0
CA,2009-02-16,2,1007.5,31.5,1007.5,982.3,1032.7,1,0,0.0,0.0,0.0,0.0,0.0,0
CA,2009-02-17,2,1459.0,60.0,1459.0,1411.0,1507.0,1,0,0.0,0.0,0.0,0.0,0.0,0
CA,2009-02-18,2,1039.0,0.0,1039.0,1039.0,1039.0,2,0,0.0,0.0,0.0,0.0,0.0,0
CA,2009-02-20,2,1039.0,0.0,1039.0,1039.0,1039.0,2,0,0.0,0.0,0.0,0.0,0.0,0
CA,2009-02-21,2,1204.0,0.0,1204.0,1204.0,1204.0,2,0,0.0,0.0,0.0,0.0,0.0,0
CA,2009-02-22,2,1440.0,0.0,1440.0,1440.0,1440.0,2,0,0.0,0.0,0.0,0.0,0.0,0
CA,2009-02-23,5,1377.8,58.5,1443.5,1396.7,1490.3,3,0,0.0,0.0,0.0,0.0,0.0,0
CA,2009-02-24,5,1340.8,0.0,1456.0,1456.0,1456.0,5,0,0.0,0.0,0.0,0.0,0.0,0
CA,2009-02-25,4,1404.5,51.5,1404.5,1363.3,1445.7,2,0,0.0,0.0,0.0,0.0,0.0,0
CA,2009-02-26,4,1372.5,29.5,1372.5,1348.9,1396.1,2,0,0.0,0.0,0.0,0.0,0.0,0
CA,2009-02-27,1,1413.0,0.0,1413.0,1413.0,1413.0,1,0,0.0,0.0,0.0,0.0,0.0,0
CA,2009-03-01,5,1232.0,0.0,1384.0,1384.0,1384.0,5,0,0.0,0.0,0.0,0.0,0.0,0
CA,2009-03-02,5,1102.8,3.5,1114.5,1111.7,1117.3,3,0,0.0,0.0,0.0,0.0,0.0,0
CA,2009-03-04,3,1406.3333333333333,0.0,1399.0,1399.0,1399.0,3,0,0.0,0.0,0.0,0.0,0.0,0
CA,2009-03-05,2,1449.0,0.0,1449.0,1449.0,1449.0,2,0,0.0,0.0,0.0,0.0,0.0,0
CA,2009-03-06,8,1367.25,17.15290710702481,1456.0,1438.4,1472.0,4,0,0.0,0.0,0.0,0.0,0.0,0
CA,2009-03-07,16,1441.1875,23.93741840717165,1535.0,1494.0,1543.0,6,0,0.0,0.0,0.0,0.0,0.0,0
CA,2009-03-08,2,1525.0,0.0,1525.0,1525.0,1525.0,2,0,0.0,0.0,0.0,0.0,0.0,0
CA,2009-03-09,5,1457.8,18.0,1514.0,1499.6,1528.4,3,0,0.0,0.0,0.0,0.0,0.0,0
CA,2009-03-10,4,1345.0,0.0,1519.0,1519.0,1519.0,3,0,0.0,0.0,0.0,0.0,0.0,0
CA,2009-03-11,12,1469.75,13.395521639712282,1544.0,1525.4,1553.6,3,2,51.81,0.0,51.81,51.81,51.81,2
CA,2009-03-12,4,1531.0,6.0,1531.0,1526.2,1535.8,2,0,0.0,0.0,0.0,0.0,0.0,0
CA,2009-03-13,8,1394.125,8.0,1569.0,1562.6,1575.4,6,0,0.0,0.0,0.0,0.0,0.0,0
CA,2009-03-14,2,1595.0,0.0,1595.0,1595.0,1595.0,2,0,0.0,0.0,0.0,0.0,0.0,0
CA,2009-03-15,1,1437.0,0.0,1437.0,1437.0,1437.0,1,0,0.0,0.0,0.0,0.0,0.0,0
CA,2009-03-16,8,1620.5,11.757976016304848,1619.5,1608.9,1632.9,2,0,0.0,0.0,0.0,0.0,0.0,0
CA,2009-03-17,3,1234.6666666666667,0.0,1200.0,1200.0,1200.0,3,0,0.0,0.0,0.0,0.0,0.0,0
CA,2009-03-18,6,1288.1666666666667,0.0,1624.0,1624.0,1624.0,4,0,0.0,0.0,0.0,0.0,0.0,0
CA,2009-03-19,14,1439.571428571429,4.898979485566356,1643.0,1635.4,1645.0,3,0,0.0,0.0,0.0,0.0,0.0,0
CA,2009-03-20,4,1654.5,2.5,1654.5,1652.5,1656.5,2,0,0.0,0.0,0.0,0.0,0.0,0
CA,2009-03-21,12,1373.1666666666667,1.0,1660.0,1659.2,1660.8,4,0,0.0,0.0,0.0,0.0,0.0,0
CA,2009-03-22,5,1285.2,38.27205246651922,1265.0,1213.0,1293.2,2,0,0.0,0.0,0.0,0.0,0.0,0
CA,2009-03-23,8,1501.0,30.240701050074883,1497.0,1472.2,1542.4,1,0,0.0,0.0,0.0,0.0,0.0,0
CA,2009-03-24,6,1436.3333333333333,0.0,1666.0,1666.0,1666.0,4,0,0.0,0.0,0.0,0.0,0.0,0
CA,2009-03-25,14,1509.0,6.018490028422596,1696.0,1687.2,1698.4,5,0,0.0,0.0,0.0,0.0,0.0,0
CA,2009-03-26,8,1547.875,11.5,1714.5,1705.3,1723.7,3,0,0.0,0.0,0.0,0.0,0.0,0
CA,2009-03-27,1,1387.0,0.0,1387.0,1387.0,1387.0,1,0,0.0,0.0,0.0,0.0,0.0,0
CA,2009-03-28,4,1312.25,0.0,1107.0,1107.0,1107.0,2,0,0.0,0.0,0.0,0.0,0.0,0
CA,2009-03-29,8,1403.125,0.0,1721.0,1721.0,1721.0,4,0,0.0,0.0,0.0,0.0,0.0,0
CA,2009-03-30,9,1490.5555555555557,2.0,1724.0,1722.4,1725.6,4,0,0.0,0.0,0.0,0.0,0.0,0
CA,2009-03-31,8,1315.375,9.5,1268.5,1260.9,1276.1,3,0,0.0,0.0,0.0,0.0,0.0,0
CA,2009-04-01,8,1632.625,8.178562764256865,1735.0,1727.8,1743.8,3,0,0.0,0.0,0.0,0.0,0.0,0
CA,2009-04-02,8,1315.75,6.06217782649107,1315.0,1305.2,1315.0,2,0,0.0,0.0,0.0,0.0,0.0,0
CA,2009-04-03,8,1348.875,19.12091459632619,1339.5,1332.1,1375.0,1,0,0.0,0.0,0.0,0.0,0.0,0
CA,2009-04-04,6,1625.5,9.5,1750.5,1742.9,1758.1,3,0,0.0,0.0,0.0,0.0,0.0,0
CA,2009-04-05,15,1566.5333333333333,20.214846029589243,1766.0,1737.8,1783.4,4,0,0.0,0.0,0.0,0.0,0.0,0
CA,2009-04-06,14,1500.7857142857142,9.285592184789412,1714.0,1701.2,1718.8,5,0,0.0,0.0,0.0,0.0,0.0,0
CA,2009-04-07,13,1470.3846153846157,7.5,1674.5,1668.5,1680.5,4,0,0.0,0.0,0.0,0.0,0.0,0
CA,2009-04-08,6,1486.6666666666667,0.0,1667.0,1667.0,1667.0,5,0,0.0,0.0,0.0,0.0,0.0,0
CA,2009-04-09,6,1494.8333333333333,0.0,1653.0,1653.0,1653.0,4,0,0.0,0.0,0.0,0.0,0.0,0
CA,2009-04-10,8,1515.375,4.5,1666.5,1662.9,1670.1,5,0,0.0,0.0,0.0,0.0,0.0,0
CA,2009-04-11,1,1346.0,0.0,1346.0,1346.0,1346.0,1,0,0.0,0.0,0.0,0.0,0.0,0
CA,2009-04-12,5,1541.4,0.0,1674.0,1674.0,1674.0,3,0,0.0,0.0,0.0,0.0,0.0,0
CA,2009-04-13,5,1341.6,3.5,1471.5,1468.7,1474.3,3,0,0.0,0.0,0.0,0.0,0.0,0
CA,2009-04-14,3,1605.3333333333333,0.0,1674.0,1674.0,1674.0,3,0,0.0,0.0,0.0,0.0,0.0,0
CA,2009-04-15,14,1610.357142857143,9.748846085563152,1663.0,1658.0,1678.4,3,0,0.0,0.0,0.0,0.0,0.0,0
CA,2009-04-16,7,1542.857142857143,0.0,1677.0,1677.0,1677.0,4,0,0.0,0.0,0.0,0.0,0.0,0
CA,2009-04-17,2,1326.5,0.0,1437.0,1437.0,1437.0,2,0,0.0,0.0,0.0,0.0,0.0,0
CA,2009-04-18,6,1516.3333333333333,0.0,1686.0,1686.0,1686.0,3,0,0.0,0.0,0.0,0.0,0.0,0
CA,2009-04-19,5,1639.6,5.0,1692.0,1688.0,1696.0,3,0,0.0,0.0,0.0,0.0,0.0,0
CA,2009-04-20,7,1587.0,1.5,1688.5,1687.3,1689.7,3,0,0.0,0.0,0.0,0.0,0.0,0
CA,2009-04-21,3,1612.6666666666667,0.0,1683.0,1683.0,1683.0,3,0,0.0,0.0,0.0,0.0,0.0,0
CA,2009-04-22,15,1556.6666666666667,6.59545297913646,1679.0,1670.7,1684.5,4,0,0.0,0.0,0.0,0.0,0.0,0
CA,2009-04-23,7,1493.2857142857142,0.0,1677.0,1677.0,1677.0,4,0,0.0,0.0,0.0,0.0,0.0,0
CA,2009-04-24,11,1540.4545454545455,7.0,1659.0,1653.4,1664.6,3,0,0.0,0.0,0.0,0.0,0.0,0
CA,2009-04-25,3,1415.3333333333333,1.0,1466.0,1465.2,1466.8,2,0,0.0,0.0,0.0,0.0,0.0,0
CA,2009-04-26,6,1506.6666666666667,0.0,1656.0,1656.0,1656.0,4,0,0.0,0.0,0.0,0.0,0.0,0
CA,2009-04-27,4,1530.25,0.0,1659.0,1659.0,1659.0,4,0,0.0,0.0,0.0,0.0,0.0,0
CA,2009-04-28,7,1533.142857142857,6.5,1672.5,1667.3,1677.7,4,0,0.0,0.0,0.0,0.0,0.0,0
CA,2009-04-29,11,1673.4545454545455,9.068627239003709,1691.0,1682.6,1703.0,3,0,0.0,0.0,0.0,0.0,0.0,0
CA,2009-04-30,5,1676.0,7.5,1722.5,1716.5,1728.5,3,0,0.0,0.0,0.0,0.0,0.0,0
CA,2009-05-01,8,1573.25,4.0,1743.0,1739.8,1746.2,4,0,0.0,0.0,0.0,0.0,0.0,0
CA,2009-05-02,6,1494.6666666666667,5.71314274283428,1529.0,1526.2,1538.6,2,0,0.0,0.0,0.0,0.0,0.0,0
CA,2009-05-03,3,1257.0,7.5,1238.5,1232.5,1244.5,2,0,0.0,0.0,0.0,0.0,0.0,0
CA,2009-05-04,7,1480.857142857143,0.0,1729.0,1729.0,1729.0,4,0,0.0,0.0,0.0,0.0,0.0,0
CA,2009-05-05,2,1543.5,7.5,1543.5,1537.5,1549.5,1,0,0.0,0.0,0.0,0.0,0.0,0
CA,2009-05-06,6,1615.8333333333333,0.0,1718.0,1718.0,1718.0,3,0,0.0,0.0,0.0,0.0,0.0,0
CA,2009-05-07,6,1481.1666666666667,3.9370039370059056,1561.5,1558.2,1566.2,2,0,0.0,0.0,0.0,0.0,0.0,0
CA,2009-05-08,4,1518.25,4.320493798938574,1570.0,1568.4,1576.4,2,0,0.0,0.0,0.0,0.0,0.0,0
CA,2009-05-09,2,1441.5,0.0,1578.0,1578.0,1578.0,2,0,0.0,0.0,0.0,0.0,0.0,0
CA,2009-05-10,1,1562.0,0.0,1562.0,1562.0,1562.0,1,0,0.0,0.0,0.0,0.0,0.0,0
CA,2009-05-11,3,1649.0,0.0,1693.0,1693.0,1693.0,3,0,0.0,0.0,0.0,0.0,0.0,0
CA,2009-05-12,3,1639.6666666666667,0.0,1685.0,1685.0,1685.0,3,0,0.0,0.0,0.0,0.0,0.0,0
CA,2009-05-13,1,1366.0,0.0,1366.0,1366.0,1366.0,1,0,0.0,0.0,0.0,0.0,0.0,0
CA,2009-05-14,1,1555.0,0.0,1555.0,1555.0,1555.0,1,0,0.0,0.0,0.0,0.0,0.0,0
CA,2009-05-15,7,1623.0,10.0,1663.0,1655.0,1671.0,3,0,0.0,0.0,0.0,0.0,0.0,0
CA,2009-05-16,9,1609.7777777777778,5.0,1631.0,1627.0,1635.0,3,0,0.0,0.0,0.0,0.0,0.0,0
CA,2009-05-17,4,1600.0,6.59545297913646,1600.5,1592.9,1606.7,1,0,0.0,0.0,0.0,0.0,0.0,0
CA,2009-05-18,2,1453.5,0.0,1592.0,1592.0,1592.0,2,0,0.0,0.0,0.0,0.0,0.0,0
CA,2009-05-19,1,1597.0,0.0,1597.0,1597.0,1597.0,1,0,0.0,0.0,0.0,0.0,0.0,0
CA,2009-05-20,2,1369.5,0.0,1590.0,1590.0,1590.0,2,0,0.0,0.0,0.0,0.0,0.0,0
CA,2009-05-21,4,1610.0,0.0,1618.0,1618.0,1618.0,3,0,0.0,0.0,0.0,0.0,0.0,0
CA,2009-05-22,4,1619.75,9.283722313813572,1620.0,1609.7,1629.6,1,0,0.0,0.0,0.0,0.0,0.0,0
CA,2009-05-23,4,1487.5,6.5,1638.5,1633.3,1643.7,2,0,0.0,0.0,0.0,0.0,0.0,0
CA,2009-05-24,1,1651.0,0.0,1651.0,1651.0,1651.0,1,0,0.0,0.0,0.0,0.0,0.0,0
CA,2009-05-25,3,1619.0,0.0,1603.0,1603.0,1603.0,3,0,0.0,0.0,0.0,0.0,0.0,0
CA,2009-05-26,2,1639.0,0.0,1639.0,1639.0,1639.0,2,0,0.0,0.0,0.0,0.0,0.0,0
CA,2009-05-30,1,1650.0,0.0,1650.0,1650.0,1650.0,1,0,0.0,0.0,0.0,0.0,0.0,0
CA,2009-06-01,5,1637.2,11.634431657799189,1636.0,1624.0,1650.0,1,0,0.0,0.0,0.0,0.0,0.0,0
CA,2009-06-02,2,1661.0,0.0,1661.0,1661.0,1661.0,2,0,0.0,0.0,0.0,0.0,0.0,0
CA,2009-06-05,1,1311.0,0.0,1311.0,1311.0,1311.0,1,0,0.0,0.0,0.0,0.0,0.0,0
CA,2009-06-06,1,1357.0,0.0,1357.0,1357.0,1357.0,1,0,0.0,0.0,0.0,0.0,0.0,0
CA,2009-06-07,2,1661.0,0.0,1661.0,1661.0,1661.0,2,0,0.0,0.0,0.0,0.0,0.0,0
CA,2009-06-08,2,1334.5,5.5,1334.5,1330.1,1338.9,1,0,0.0,0.0,0.0,0.0,0.0,0
CA,2009-06-09,2,1613.0,0.0,1613.0,1613.0,1613.0,1,0,0.0,0.0,0.0,0.0,0.0,0
CA,2009-06-10,5,1611.6,12.0,1619.0,1609.4,1628.6,3,0,0.0,0.0,0.0,0.0,0.0,0
CA,2009-06-11,3,1618.6666666666667,0.0,1637.0,1637.0,1637.0,3,0,0.0,0.0,0.0,0.0,0.0,0
CA,2009-06-12,7,1616.857142857143,0.0,1660.0,1660.0,1660.0,3,0,0.0,0.0,0.0,0.0,0.0,0
CA,2009-06-14,1,1350.0,0.0,1350.0,1350.0,1350.0,1,0,0.0,0.0,0.0,0.0,0.0,0
CA,2009-06-15,3,1653.0,0.0,1680.0,1680.0,1680.0,3,0,0.0,0.0,0.0,0.0,0.0,0
CA,2009-06-16,5,1662.6,12.5,1678.5,1668.5,1688.5,3,0,0.0,0.0,0.0,0.0,0.0,0
CA,2009-06-17,1,1614.0,0.0,1614.0,1614.0,1614.0,1,0,0.0,0.0,0.0,0.0,0.0,0
CA,2009-06-18,3,1617.6666666666667,14.704496666741854,1626.0,1602.8,1629.2,1,0,0.0,0.0,0.0,0.0,0.0,0
CA,2009-06-19,4,1539.5,7.760297817881877,1600.0,1592.8,1608.0,2,0,0.0,0.0,0.0,0.0,0.0,0
CA,2009-06-20,1,1432.0,0.0,1432.0,1432.0,1432.0,1,0,0.0,0.0,0.0,0.0,0.0,0
CA,2009-06-21,4,1708.5,5.5,1708.5,1704.1,1712.9,2,0,0.0,0.0,0.0,0.0,0.0,0
CA,2009-06-22,3,1468.0,0.0,1602.0,1602.0,1602.0,2,0,0.0,0.0,0.0,0.0,0.0,0
CA,2009-06-23,2,1684.0,0.0,1684.0,1684.0,1684.0,2,0,0.0,0.0,0.0,0.0,0.0,0
CA,2009-06-24,9,1566.2222222222222,0.0,1673.0,1673.0,1673.0,4,0,0.0,0.0,0.0,0.0,0.0,0
CA,2009-06-25,2,1509.0,0.0,1546.0,1546.0,1546.0,2,0,0.0,0.0,0.0,0.0,0.0,0
CA,2009-06-26,5,1550.4,0.0,1673.0,1673.0,1673.0,4,0,0.0,0.0,0.0,0.0,0.0,0
CA,2009-06-27,3,1542.3333333333333,5.185449728701348,1546.0,1537.2,1546.0,1,0,0.0,0.0,0.0,0.0,0.0,0
CA,2009-06-28,3,1646.0,0.0,1711.0,1711.0,1711.0,3,0,0.0,0.0,0.0,0.0,0.0,0
CA,2009-06-29,3,1623.0,0.0,1711.0,1711.0,1711.0,3,0,0.0,0.0,0.0,0.0,0.0,0
CA,2009-07-01,2,1733.0,0.0,1733.0,1733.0,1733.0,2,0,0.0,0.0,0.0,0.0,0.0,0
CA,2009-07-02,5,1615.2,0.0,1718.0,1718.0,1718.0,3,0,0.0,0.0,0.0,0.0,0.0,0
CA,2009-07-03,3,1457.3333333333333,0.0,1571.0,1571.0,1571.0,3,0,0.0,0.0,0.0,0.0,0.0,0
CA,2009-07-04,2,1360.5,0.0,1290.0,1290.0,1290.0,2,0,0.0,0.0,0.0,0.0,0.0,0
CA,2009-07-06,1,1571.0,0.0,1571.0,1571.0,1571.0,1,0,0.0,0.0,0.0,0.0,0.0,0
CA,2009-07-07,1,1571.0,0.0,1571.0,1571.0,1571.0,1,0,0.0,0.0,0.0,0.0,0.0,0
CA,2009-07-08,2,1691.0,0.0,1691.0,1691.0,1691.0,2,0,0.0,0.0,0.0,0.0,0.0,0
CA,2009-07-09,1,1512.0,0.0,1512.0,1512.0,1512.0,1,0,0.0,0.0,0.0,0.0,0.0,0
CA,2009-07-10,3,1497.6666666666667,6.5,1564.5,1559.3,1569.7,2,0,0.0,0.0,0.0,0.0,0.0,0
CA,2009-07-11,1,1558.0,0.0,1558.0,1558.0,1558.0,1,0,0.0,0.0,0.0,0.0,0.0,0
CA,2009-07-12,3,1651.3333333333333,0.0,1711.0,1711.0,1711.0,3,0,0.0,0.0,0.0,0.0,0.0,0
CA,2009-07-13,4,1594.75,0.0,1730.0,1730.0,1730.0,3,0,0.0,0.0,0.0,0.0,0.0,0
CA,2009-07-14,10,1546.7,16.5,1733.5,1720.3,1746.7,5,0,0.0,0.0,0.0,0.0,0.0,0
CA,2009-07-15,3,1437.3333333333333,0.0,1545.0,1545.0,1545.0,2,0,0.0,0.0,0.0,0.0,0.0,0
CA,2009-07-16,2,1503.0,39.0,1503.0,1471.8,1534.2,1,0,0.0,0.0,0.0,0.0,0.0,0
CA,2009-07-17,3,1547.6666666666667,3.0912061651652345,1546.0,1545.2,1550.8,1,0,0.0,0.0,0.0,0.0,0.0,0
CA,2009-07-18,1,1541.0,0.0,1541.0,1541.0,1541.0,1,0,0.0,0.0,0.0,0.0,0.0,0
CA,2009-07-19,2,1454.0,15.0,1454.0,1442.0,1466.0,1,0,0.0,0.0,0.0,0.0,0.0,0
CA,2009-07-20,1,1434.0,0.0,1434.0,1434.0,1434.0,1,0,0.0,0.0,0.0,0.0,0.0,0
CA,2009-07-21,2,1502.5,12.5,1502.5,1492.5,1512.5,1,0,0.0,0.0,0.0,0.0,0.0,0
CA,2009-07-22,1,1400.0,0.0,1400.0,1400.0,1400.0,1,0,0.0,0.0,0.0,0.0,0.0,0
CA,2009-07-24,2,1259.0,0.0,1377.0,1377.0,1377.0,2,0,0.0,0.0,0.0,0.0,0.0,0
CA,2009-07-25,3,1521.0,0.0,1541.0,1541.0,1541.0,3,0,0.0,0.0,0.0,0.0,0.0,0
CA,2009-07-26,7,1583.142857142857,0.0,1747.0,1747.0,1747.0,4,0,0.0,0.0,0.0,0.0,0.0,0
CA,2009-07-27,2,1336.0,52.0,1336.0,1294.4,1377.6,1,0,0.0,0.0,0.0,0.0,0.0,0
CA,2009-07-28,2,1240.0,0.0,1297.0,1297.0,1297.0,2,0,0.0,0.0,0.0,0.0,0.0,0
CA,2009-07-29,3,1409.6666666666667,22.5,1514.5,1496.5,1532.5,2,0,0.0,0.0,0.0,0.0,0.0,0
CA,2009-07-30,4,1424.25,10.5,1540.5,1532.1,1548.9,2,0,0.0,0.0,0.0,0.0,0.0,0
CA,2009-07-31,7,1413.0,27.812866726670872,1551.0,1503.8,1551.0,3,0,0.0,0.0,0.0,0.0,0.0,0
CA,2009-08-01,2,1529.0,37.0,1529.0,1499.4,1558.6,1,0,0.0,0.0,0.0,0.0,0.0,0
CA,2009-08-03,2,1566.0,0.0,1566.0,1566.0,1566.0,1,0,0.0,0.0,0.0,0.0,0.0,0
CA,2009-08-04,4,1575.25,0.0,1794.0,1794.0,1794.0,3,0,0.0,0.0,0.0,0.0,0.0,0
CA,2009-08-05,1,1298.0,0.0,1298.0,1298.0,1298.0,1,0,0.0,0.0,0.0,0.0,0.0,0
CA,2009-08-06,1,1577.0,0.0,1577.0,1577.0,1577.0,1,0,0.0,0.0,0.0,0.0,0.0,0
CA,2009-08-07,4,1334.25,0.0,1585.0,1585.0,1585.0,3,0,0.0,0.0,0.0,0.0,0.0,0
CA,2009-08-08,3,1505.6666666666667,0.0,1585.0,1585.0,1585.0,3,0,0.0,0.0,0.0,0.0,0.0,0
CA,2009-08-09,1,1297.0,0.0,1297.0,1297.0,1297.0,1,0,0.0,0.0,0.0,0.0,0.0,0
CA,2009-08-10,1,1492.0,0.0,1492.0,1492.0,1492.0,1,0,0.0,0.0,0.0,0.0,0.0,0
CA,2009-08-11,3,1500.6666666666667,0.0,1579.0,1579.0,1579.0,3,0,0.0,0.0,0.0,0.0,0.0,0
CA,2009-08-12,1,1492.0,0.0,1492.0,1492.0,1492.0,1,0,0.0,0.0,0.0,0.0,0.0,0
CA,2009-08-13,1,1544.0,0.0,1544.0,1544.0,1544.0,1,0,0.0,0.0,0.0,0.0,0.0,0
CA,2009-08-14,2,1543.5,11.5,1543.5,1534.3,1552.7,1,0,0.0,0.0,0.0,0.0,0.0,0
CA,2009-08-15,4,1551.0,10.392304845413264,1553.0,1539.4,1561.0,1,0,0.0,0.0,0.0,0.0,0.0,0
CA,2009-08-16,4,1610.5,31.857320805254307,1637.0,1604.2,1666.6,2,0,0.0,0.0,0.0,0.0,0.0,0
CA,2009-08-17,3,1634.6666666666667,0.0,1674.0,1674.0,1674.0,2,0,0.0,0.0,0.0,0.0,0.0,0
CA,2009-08-18,2,1372.0,0.0,1523.0,1523.0,1523.0,2,0,0.0,0.0,0.0,0.0,0.0,0
CA,2009-08-19,5,1563.2,79.72609359550987,1669.5,1544.5,1682.5,2,0,0.0,0.0,0.0,0.0,0.0,0
CA,2009-08-21,1,1698.0,0.0,1698.0,1698.0,1698.0,1,0,0.0,0.0,0.0,0.0,0.0,0
CA,2009-08-22,5,1655.6,82.09652855023774,1689.0,1570.8,1704.6,1,0,0.0,0.0,0.0,0.0,0.0,0
CA,2009-08-23,4,1606.5,144.80408220151193,1699.0,1458.2,1708.6,2,0,0.0,0.0,0.0,0.0,0.0,0
CA,2009-08-24,3,1617.3333333333333,5.5,1705.5,1701.1,1709.9,2,0,0.0,0.0,0.0,0.0,0.0,0
CA,2009-08-25,4,1524.5,0.0,1713.0,1713.0,1713.0,4,0,0.0,0.0,0.0,0.0,0.0,0
CA,2009-08-26,2,1726.0,2.0,1726.0,1724.4,1727.6,1,0,0.0,0.0,0.0,0.0,0.0,0
CA,2009-08-27,3,1551.0,0.0,1739.0,1739.0,1739.0,2,0,0.0,0.0,0.0,0.0,0.0,0
CA,2009-08-28,4,1681.25,10.33870827951388,1749.0,1733.8,1753.0,2,0,0.0,0.0,0.0,0.0,0.0,0
CA,2009-08-29,1,1768.0,0.0,1768.0,1768.0,1768.0,1,0,0.0,0.0,0.0,0.0,0.0,0
CA,2009-08-30,1,1768.0,0.0,1768.0,1768.0,1768.0,1,0,0.0,0.0,0.0,0.0,0.0,0
CA,2009-08-31,2,1545.0,0.0,1771.0,1771.0,1771.0,2,0,0.0,0.0,0.0,0.0,0.0,0
CA,2009-09-01,4,1651.0,0.0,1771.0,1771.0,1771.0,2,0,0.0,0.0,0.0,0.0,0.0,0
CA,2009-09-02,3,1600.0,0.0,1771.0,1771.0,1771.0,2,0,0.0,0.0,0.0,0.0,0.0,0
CA,2009-09-03,1,1597.0,0.0,1597.0,1597.0,1597.0,1,0,0.0,0.0,0.0,0.0,0.0,0
CA,2009-09-04,1,1392.0,0.0,1392.0,1392.0,1392.0,1,0,0.0,0.0,0.0,0.0,0.0,0
CA,2009-09-05,2,1687.5,0.0,1778.0,1778.0,1778.0,2,0,0.0,0.0,0.0,0.0,0.0,0
CA,2009-09-06,1,1597.0,0.0,1597.0,1597.0,1597.0,1,0,0.0,0.0,0.0,0.0,0.0,0
CA,2009-09-07,2,1682.5,0.0,1807.0,1807.0,1807.0,2,0,0.0,0.0,0.0,0.0,0.0,0
CA,2009-09-08,6,1764.5,0.0,1794.0,1794.0,1794.0,4,0,0.0,0.0,0.0,0.0,0.0,0
CA,2009-09-09,6,1764.5,0.0,1794.0,1794.0,1794.0,4,0,0.0,0.0,0.0,0.0,0.0,0
CA,2009-09-10,3,1551.3333333333333,0.0,1549.0,1549.0,1549.0,2,0,0.0,0.0,0.0,0.0,0.0,0
CA,2009-09-11,1,1663.0,0.0,1663.0,1663.0,1663.0,1,0,0.0,0.0,0.0,0.0,0.0,0
CA,2009-09-12,3,1476.3333333333333,0.0,1392.0,1392.0,1392.0,3,0,0.0,0.0,0.0,0.0,0.0,0
CA,2009-09-13,4,1665.0,0.0,1692.0,1692.0,1692.0,4,0,0.0,0.0,0.0,0.0,0.0,0
CA,2009-09-14,4,1672.0,0.0,1746.0,1746.0,1746.0,4,0,0.0,0.0,0.0,0.0,0.0,0
CA,2009-09-16,3,1746.0,15.556349186104043,1757.0,1730.6,1757.0,1,0,0.0,0.0,0.0,0.0,0.0,0
CA,2009-09-17,5,1644.0,26.5,1743.5,1722.3,1764.7,3,0,0.0,0.0,0.0,0.0,0.0,0
CA,2009-09-18,3,1675.6666666666667,10.0,1832.0,1824.0,1840.0,2,0,0.0,0.0,0.0,0.0,0.0,0
CA,2009-09-19,4,1727.0,3.0,1727.0,1724.6,1729.4,2,0,0.0,0.0,0.0,0.0,0.0,0
CA,2009-09-20,4,1596.5,0.0,1469.0,1469.0,1469.0,3,0,0.0,0.0,0.0,0.0,0.0,0
CA,2009-09-21,3,1637.6666666666667,0.0,1842.0,1842.0,1842.0,3,0,0.0,0.0,0.0,0.0,0.0,0
CA,2009-09-22,2,1655.5,186.5,1655.5,1506.3,1804.7,1,0,0.0,0.0,0.0,0.0,0.0,0
CA,2009-09-23,2,1846.5,4.5,1846.5,1842.9,1850.1,1,0,0.0,0.0,0.0,0.0,0.0,0
CA,2009-09-24,2,1585.0,0.0,1884.0,1884.0,1884.0,2,0,0.0,0.0,0.0,0.0,0.0,0
CA,2009-09-25,3,1595.0,90.0,1484.0,1412.0,1556.0,2,0,0.0,0.0,0.0,0.0,0.0,0
CA,2009-09-28,2,1626.5,0.0,1856.0,1856.0,1856.0,2,0,0.0,0.0,0.0,0.0,0.0,0
CA,2009-09-30,1,1583.0,0.0,1583.0,1583.0,1583.0,1,0,0.0,0.0,0.0,0.0,0.0,0
CA,2009-10-01,2,1556.5,0.0,1817.0,1817.0,1817.0,2,0,0.0,0.0,0.0,0.0,0.0,0
CA,2009-10-03,1,1762.0,0.0,1762.0,1762.0,1762.0,1,0,0.0,0.0,0.0,0.0,0.0,0
CA,2009-10-04,4,1515.5,31.5,1515.5,1490.3,1540.7,3,0,0.0,0.0,0.0,0.0,0.0,0
CA,2009-10-05,1,1409.0,0.0,1409.0,1409.0,1409.0,1,0,0.0,0.0,0.0,0.0,0.0,0
CA,2009-10-06,5,1723.2,0.0,1568.0,1568.0,1568.0,2,0,0.0,0.0,0.0,0.0,0.0,0
CA,2009-10-07,4,1574.0,6.0,1574.0,1568.0,1580.0,1,0,0.0,0.0,0.0,0.0,0.0,0
CA,2009-10-08,1,1762.0,0.0,1762.0,1762.0,1762.0,1,0,0.0,0.0,0.0,0.0,0.0,0
CA,2009-10-09,8,1659.0,0.0,1778.0,1778.0,1778.0,4,0,0.0,0.0,0.0,0.0,0.0,0
CA,2009-10-10,1,1762.0,0.0,1762.0,1762.0,1762.0,1,0,0.0,0.0,0.0,0.0,0.0,0
CA,2009-10-11,5,1626.6,0.0,1884.0,1884.0,1884.0,3,0,0.0,0.0,0.0,0.0,0.0,0
CA,2009-10-12,11,1720.090909090909,0.0,1810.0,1810.0,1810.0,4,0,0.0,0.0,0.0,0.0,0.0,0
CA,2009-10-13,9,1759.3333333333333,0.0,1943.0,1943.0,1943.0,3,0,0.0,0.0,0.0,0.0,0.0,0
CA,2009-10-14,8,1622.1249999999998,0.0,1200.0,1200.0,1200.0,4,0,0.0,0.0,0.0,0.0,0.0,0
CA,2009-10-15,3,1653.3333333333333,112.0,1556.0,1466.4,1645.6,2,0,0.0,0.0,0.0,0.0,0.0,0
CA,2009-10-16,8,1702.125,0.0,1550.0,1550.0,1550.0,5,0,0.0,0.0,0.0,0.0,0.0,0
CA,2009-10-17,10,1735.8,0.0,1949.0,1949.0,1949.0,3,0,0.0,0.0,0.0,0.0,0.0,0
CA,2009-10-18,7,1659.7142857142858,0.0,1605.0,1605.0,1605.0,5,0,0.0,0.0,0.0,0.0,0.0,0
CA,2009-10-19,4,1671.25,0.0,1408.0,1408.0,1408.0,4,0,0.0,0.0,0.0,0.0,0.0,0
CA,2009-10-20,10,1735.9,0.0,1511.0,1511.0,1511.0,5,0,0.0,0.0,0.0,0.0,0.0,0
CA,2009-10-21,5,1680.2,0.0,1554.0,1554.0,1554.0,3,0,0.0,0.0,0.0,0.0,0.0,0
CA,2009-10-22,7,1614.857142857143,34.5,1434.5,1406.9,1462.1,5,0,0.0,0.0,0.0,0.0,0.0,0
CA,2009-10-23,22,1500.2272727272727,127.61128476745307,1354.0,1156.6,1370.6,5,0,0.0,0.0,0.0,0.0,0.0,0
CA,2009-10-24,12,1456.9166666666667,105.58724670464073,1368.0,1196.0,1381.6,5,0,0.0,0.0,0.0,0.0,0.0,0
CA,2009-10-25,19,1545.3157894736842,0.0,1344.0,1344.0,1344.0,6,0,0.0,0.0,0.0,0.0,0.0,0
CA,2009-10-26,13,1524.3846153846155,11.025223605694151,1320.0,1309.6,1331.2,8,0,0.0,0.0,0.0,0.0,0.0,0
CA,2009-10-27,6,1866.5,0.0,1943.0,1943.0,1943.0,3,0,0.0,0.0,0.0,0.0,0.0,0
CA,2009-10-28,14,1372.7142857142858,137.01007262241708,1275.0,1000.2,1288.8,5,0,0.0,0.0,0.0,0.0,0.0,0
CA,2009-10-29,10,1429.4999999999998,0.0,1282.0,1282.0,1282.0,5,0,0.0,0.0,0.0,0.0,0.0,0
CA,2009-10-30,71,1368.619718309859,7.106335201775948,1267.5,1258.0,1272.8,8,0,0.0,0.0,0.0,0.0,0.0,0
CA,2009-10-31,34,1428.7352941176473,175.24607698890154,1355.5,1083.0,1401.9,10,0,0.0,0.0,0.0,0.0,0.0,0
CA,2009-11-01,35,1580.2285714285715,7.760297817881877,1874.0,1866.0,1881.2,8,0,0.0,0.0,0.0,0.0,0.0,0
CA,2009-11-02,85,1565.6117647058823,0.0,1292.0,1292.0,1292.0,9,0,0.0,0.0,0.0,0.0,0.0,0
CA,2009-11-03,101,1517.2772277227723,8.178562764256865,1275.0,1263.0,1278.2,7,0,0.0,0.0,0.0,0.0,0.0,0
CA,2009-11-04,51,1647.862745098039,0.0,1262.0,1262.0,1262.0,9,0,0.0,0.0,0.0,0.0,0.0,0
CA,2009-11-05,65,1642.569230769231,0.0,947.0,947.0,947.0,7,2,73.77,0.0,0.0,0.0,0.0,1
CA,2009-11-06,35,1586.4857142857143,255.3629573763587,1416.0,898.0,1424.8,7,0,0.0,0.0,0.0,0.0,0.0,0
CA,2009-11-07,31,1451.516129032258,33.76717669901087,868.0,864.0,923.2,9,0,0.0,0.0,0.0,0.0,0.0,0
CA,2009-11-08,54,1582.851851851852,0.0,1440.0,1440.0,1440.0,8,0,0.0,0.0,0.0,0.0,0.0,0
CA,2009-11-09,63,1650.4285714285713,79.93469556804202,1418.0,1289.2,1430.8,10,2,73.09,0.0,0.0,0.0,0.0,2
CA,2009-11-10,97,1641.6907216494844,157.3326271170591,1258.0,997.2,1270.0,8,0,0.0,0.0,0.0,0.0,0.0,0
CA,2009-11-11,58,1506.0172413793102,63.85334760214221,1330.5,1268.8,1400.6,8,0,0.0,0.0,0.0,0.0,0.0,0
CA,2009-11-12,61,1413.049180327869,178.0,1102.0,959.6,1244.4,8,0,0.0,0.0,0.0,0.0,0.0,0
CA,2009-11-13,95,1346.757894736842,10.0,1377.0,1369.0,1385.0,5,0,0.0,0.0,0.0,0.0,0.0,0
CA,2009-11-14,140,1307.4357142857148,67.77709329117029,1427.5,1287.9,1458.5,12,0,0.0,0.0,0.0,0.0,0.0,0
CA,2009-11-15,104,1616.8173076923076,80.78933510474428,1373.5,1281.5,1453.5,12,0,0.0,0.0,0.0,0.0,0.0,0
CA,2009-11-16,55,1642.2363636363634,0.0,1315.0,1315.0,1315.0,7,0,0.0,0.0,0.0,0.0,0.0,0
CA,2009-11-17,43,1516.6976744186047,152.1741108073249,1304.0,1073.2,1308.8,7,0,0.0,0.0,0.0,0.0,0.0,0
CA,2009-11-18,46,1403.2391304347825,78.79966849614306,1269.0,1256.6,1437.6,8,0,0.0,0.0,0.0,0.0,0.0,0
CA,2009-11-19,58,1631.1206896551723,158.46766231632245,1247.0,983.0,1256.6,7,0,0.0,0.0,0.0,0.0,0.0,0
CA,2009-11-20,36,1449.9166666666667,221.31606358328355,1317.0,1259.0,1641.6,6,0,0.0,0.0,0.0,0.0,0.0,0
CA,2009-11-21,32,1515.96875,59.25556701460396,1408.5,1370.0,1462.5,8,0,0.0,0.0,0.0,0.0,0.0,0
CA,2009-11-22,54,1528.5,60.5,1318.5,1270.1,1366.9,10,0,0.0,0.0,0.0,0.0,0.0,0
CA,2009-11-23,89,1359.0337078651685,2.9860788111948193,1268.0,1265.5,1272.0,10,0,0.0,0.0,0.0,0.0,0.0,0
CA,2009-11-24,83,1321.5662650602408,3.5,1260.5,1257.7,1263.3,8,0,0.0,0.0,0.0,0.0,0.0,0
CA,2009-11-25,48,1461.8958333333337,48.03008316554208,1326.0,1262.8,1354.8,10,0,0.0,0.0,0.0,0.0,0.0,0
CA,2009-11-26,59,1377.1864406779662,2.680951323690902,1244.0,1242.3,1247.8,7,0,0.0,0.0,0.0,0.0,0.0,0
CA,2009-11-27,18,1505.111111111111,0.0,1857.0,1857.0,1857.0,6,0,0.0,0.0,0.0,0.0,0.0,0
CA,2009-11-28,55,1416.2727272727273,57.071774985539044,1373.5,1284.4,1387.7,9,0,0.0,0.0,0.0,0.0,0.0,0
CA,2009-11-29,65,1530.4,0.0,1249.0,1249.0,1249.0,10,0,0.0,0.0,0.0,0.0,0.0,0
CA,2009-11-30,82,1457.9878048780488,46.88283267892417,1327.0,1262.2,1351.0,10,0,0.0,0.0,0.0,0.0,0.0,0
CA,2009-12-01,29,1445.1379310344828,4.5,1248.5,1244.9,1252.1,8,0,0.0,0.0,0.0,0.0,0.0,0
CA,2009-12-02,57,1509.298245614035,54.15640928520526,1283.5,1250.5,1376.5,10,0,0.0,0.0,0.0,0.0,0.0,0
CA,2009-12-03,56,1567.5178571428569,10.871407452579449,1259.0,1242.0,1262.7,11,0,0.0,0.0,0.0,0.0,0.0,0
CA,2009-12-04,56,1562.7857142857144,124.13611686452933,1274.0,1089.1,1393.7,11,0,0.0,0.0,0.0,0.0,0.0,0
CA,2009-12-05,38,1355.3947368421052,130.512451513256,1270.5,1109.2,1366.0,10,1,85.71,0.0,0.0,0.0,0.0,1
CA,2009-12-06,35,1399.8857142857144,57.382924289373754,1418.0,1332.2,1428.8,9,0,0.0,0.0,0.0,0.0,0.0,0
CA,2009-12-07,29,1452.9310344827586,72.86059749045891,1273.0,1269.0,1394.6,10,0,0.0,0.0,0.0,0.0,0.0,0
CA,2009-12-08,64,1535.15625,0.0,1262.0,1262.0,1262.0,10,1,68.08,0.0,0.0,0.0,0.0,1
CA,2009-12-09,110,1435.0727272727274,97.3424420302273,1073.0,1020.8,1259.2,9,0,0.0,0.0,0.0,0.0,0.0,0
CA,2009-12-10,25,1437.44,2.5,1272.5,1270.5,1274.5,6,0,0.0,0.0,0.0,0.0,0.0,0
CA,2009-12-11,20,1537.2,0.0,1277.0,1277.0,1277.0,8,0,0.0,0.0,0.0,0.0,0.0,0
CA,2009-12-12,46,1764.3478260869563,4.5,1422.5,1418.9,1426.1,6,0,0.0,0.0,0.0,0.0,0.0,0
CA,2009-12-13,54,1519.8148148148148,0.0,1296.0,1296.0,1296.0,7,0,0.0,0.0,0.0,0.0,0.0,0
CA,2009-12-14,25,1497.64,13.47219358530748,1266.5,1251.5,1280.1,9,0,0.0,0.0,0.0,0.0,0.0,0
CA,2009-12-15,36,1371.361111111111,94.87470685066701,1283.5,1241.1,1411.0,10,0,0.0,0.0,0.0,0.0,0.0,0
CA,2009-12-16,58,1446.4655172413793,78.62467805975423,1411.0,1256.6,1421.6,9,0,0.0,0.0,0.0,0.0,0.0,0
CA,2009-12-17,37,1558.918918918919,64.93662627592202,1421.0,1276.2,1438.6,9,0,0.0,0.0,0.0,0.0,0.0,0
CA,2009-12-18,107,1570.2149532710275,141.6370008154649,1273.0,1148.0,1450.4,10,0,0.0,0.0,0.0,0.0,0.0,0
CA,2009-12-19,68,1543.6029411764703,39.559924852317245,1427.0,1413.5,1437.6,9,0,0.0,0.0,0.0,0.0,0.0,0
CA,2009-12-20,87,1514.7586206896551,117.5294005770471,1411.5,1242.8,1418.2,12,0,0.0,0.0,0.0,0.0,0.0,0
CA,2009-12-21,52,1398.0576923076924,6.0,1275.0,1270.2,1279.8,9,0,0.0,0.0,0.0,0.0,0.0,0
CA,2009-12-22,53,1507.698113207547,56.35743074342549,1428.0,1340.8,1433.4,13,0,0.0,0.0,0.0,0.0,0.0,0
CA,2009-12-23,84,1432.7619047619041,61.41205093464963,1444.0,1350.0,1450.2,11,0,0.0,0.0,0.0,0.0,0.0,0
CA,2009-12-24,66,1442.6666666666665,7.735621742949949,1468.5,1461.5,1477.5,8,0,0.0,0.0,0.0,0.0,0.0,0
CA,2009-12-25,35,1525.1714285714288,6.020797289396148,1474.5,1468.4,1480.6,8,0,0.0,0.0,0.0,0.0,0.0,0
CA,2009-12-26,23,1630.7391304347825,0.0,1292.0,1292.0,1292.0,7,0,0.0,0.0,0.0,0.0,0.0,0
CA,2009-12-27,38,1539.4473684210518,6.944222218666553,1450.0,1443.6,1457.2,8,0,0.0,0.0,0.0,0.0,0.0,0
CA,2009-12-28,49,1493.551020408163,11.972189997378647,1470.0,1453.0,1481.0,8,0,0.0,0.0,0.0,0.0,0.0,0
CA,2009-12-29,45,1413.4666666666665,138.83690971784125,1383.0,1218.7,1474.1,9,0,0.0,0.0,0.0,0.0,0.0,0
CA,2009-12-30,125,1639.0640000000005,2.0,1306.0,1304.4,1307.6,11,0,0.0,0.0,0.0,0.0,0.0,0
CA,2009-12-31,81,1607.716049382716,8.935027182040448,1489.0,1476.0,1496.0,7,0,0.0,0.0,0.0,0.0,0.0,0
CA,2010-01-01,24,1613.5,5.0,1484.0,1480.0,1488.0,7,0,0.0,0.0,0.0,0.0,0.0,0
CA,2010-01-02,38,1424.4473684210527,6.422616289332565,1493.0,1485.7,1498.9,8,0,0.0,0.0,0.0,0.0,0.0,0
CA,2010-01-03,33,1558.7575757575758,197.9915823126495,1502.0,1166.8,1503.6,7,0,0.0,0.0,0.0,0.0,0.0,0
CA,2010-01-04,119,1343.294117647059,0.0,1300.0,1300.0,1300.0,12,0,0.0,0.0,0.0,0.0,0.0,0
CA,2010-01-05,82,1358.7317073170732,3.0,1494.0,1491.6,1496.4,9,0,0.0,0.0,0.0,0.0,0.0,0
CA,2010-01-06,43,1384.4883720930231,6.128258770283411,1493.0,1487.4,1499.4,8,0,0.0,0.0,0.0,0.0,0.0,0
CA,2010-01-07,15,1509.7333333333331,0.0,886.0,886.0,886.0,7,0,0.0,0.0,0.0,0.0,0.0,0
CA,2010-01-08,88,1449.2272727272727,0.0,1305.0,1305.0,1305.0,8,0,0.0,0.0,0.0,0.0,0.0,0
CA,2010-01-09,57,1433.9298245614036,73.0545002036151,1495.0,1383.0,1499.8,8,0,0.0,0.0,0.0,0.0,0.0,0
CA,2010-01-10,36,1503.388888888889,4.4,1488.0,1482.8,1492.8,9,0,0.0,0.0,0.0,0.0,0.0,0
CA,2010-01-11,54,1299.6296296296296,0.0,1305.0,1305.0,1305.0,11,0,0.0,0.0,0.0,0.0,0.0,0
CA,2010-01-12,73,1288.6164383561643,0.0,1295.0,1295.0,1295.0,10,0,0.0,0.0,0.0,0.0,0.0,0
CA,2010-01-13,58,1362.8448275862067,120.5,1171.5,1075.1,1267.9,9,0,0.0,0.0,0.0,0.0,0.0,0
CA,2010-01-14,40,1513.0499999999995,4.330127018922194,1277.0,1277.0,1284.0,9,0,0.0,0.0,0.0,0.0,0.0,0
CA,2010-01-15,55,1451.9454545454546,0.0,1302.0,1302.0,1302.0,11,0,0.0,0.0,0.0,0.0,0.0,0
CA,2010-01-16,50,1454.84,80.94549301540002,1476.0,1304.4,1483.0,9,0,0.0,0.0,0.0,0.0,0.0,0
CA,2010-01-17,38,1477.1315789473683,71.2242156073964,1466.0,1347.6,1470.8,9,0,0.0,0.0,0.0,0.0,0.0,0
CA,2010-01-18,70,1397.0857142857142,6.0,1330.0,1325.2,1334.8,11,0,0.0,0.0,0.0,0.0,0.0,0
CA,2010-01-19,52,1384.9615384615386,0.0,1347.0,1347.0,1347.0,12,0,0.0,0.0,0.0,0.0,0.0,0
CA,2010-01-20,65,1357.7230769230769,126.84340739667947,1359.5,1156.8,1369.0,11,0,0.0,0.0,0.0,0.0,0.0,0
CA,2010-01-21,62,1332.0806451612902,28.270300255625333,1324.0,1324.0,1392.0,7,0,0.0,0.0,0.0,0.0,0.0,0
CA,2010-01-22,81,1429.2345679012346,0.0,1366.0,1366.0,1366.0,9,0,0.0,0.0,0.0,0.0,0.0,0
CA,2010-01-23,42,1445.2619047619048,56.65882298655897,1450.0,1343.6,1457.6,10,0,0.0,0.0,0.0,0.0,0.0,0
CA,2010-01-24,36,1375.5555555555557,39.769125378028285,1461.0,1406.0,1466.5,10,0,0.0,0.0,0.0,0.0,0.0,0
CA,2010-01-25,84,1487.4880952380956,2.5,1361.5,1359.5,1363.5,10,0,0.0,0.0,0.0,0.0,0.0,0
CA,2010-01-26,38,1471.2631578947369,28.139593719417444,1117.0,1077.2,1125.4,5,0,0.0,0.0,0.0,0.0,0.0,0
CA,2010-01-27,37,1389.972972972973,5.0,1466.0,1462.0,1470.0,6,0,0.0,0.0,0.0,0.0,0.0,0
CA,2010-01-28,49,1405.9795918367347,57.5,1422.5,1376.5,1468.5,10,0,0.0,0.0,0.0,0.0,0.0,0
CA,2010-01-29,90,1518.6,51.5,1421.5,1380.3,1462.7,11,0,0.0,0.0,0.0,0.0,0.0,0
CA,2010-01-30,55,1555.054545454545,128.80114275502373,1475.5,1288.9,1483.3,11,0,0.0,0.0,0.0,0.0,0.0,0
CA,2010-01-31,29,1499.344827586207,4.815340071064556,1371.0,1367.9,1377.6,8,0,0.0,0.0,0.0,0.0,0.0,0
CA,2010-02-01,101,1452.960396039604,39.496835316262995,1481.0,1422.2,1491.4,11,0,0.0,0.0,0.0,0.0,0.0,0
CA,2010-02-02,33,1539.0,123.0,1509.0,1410.6,1607.4,7,0,0.0,0.0,0.0,0.0,0.0,0
CA,2010-02-03,18,1476.0,0.0,901.0,901.0,901.0,5,0,0.0,0.0,0.0,0.0,0.0,0
CA,2010-02-04,45,1325.5777777777776,10.338708279513884,896.0,892.0,911.2,8,0,0.0,0.0,0.0,0.0,0.0,0
CA,2010-02-05,69,1644.695652173913,72.66972470629628,1380.0,1308.0,1450.4,8,0,0.0,0.0,0.0,0.0,0.0,0
CA,2010-02-06,53,1428.8490566037735,96.2382513370238,1467.5,1386.2,1482.1,10,0,0.0,0.0,0.0,0.0,0.0,0
CA,2010-02-07,52,1425.826923076923,29.215595499803925,1468.0,1407.2,1475.2,11,0,0.0,0.0,0.0,0.0,0.0,0
CA,2010-02-08,51,1469.8431372549019,3.0,1420.0,1417.6,1422.4,12,0,0.0,0.0,0.0,0.0,0.0,0
CA,2010-02-09,39,1329.923076923077,0.0,1461.0,1461.0,1461.0,9,0,0.0,0.0,0.0,0.0,0.0,0
CA,2010-02-10,119,1576.4285714285718,5.0,1459.0,1455.0,1463.0,12,0,0.0,0.0,0.0,0.0,0.0,0
CA,2010-02-11,47,1261.1063829787236,9.233092656309694,890.0,880.9,900.5,8,0,0.0,0.0,0.0,0.0,0.0,0
CA,2010-02-12,42,1289.3095238095239,0.0,1429.0,1429.0,1429.0,12,0,0.0,0.0,0.0,0.0,0.0,0
CA,2010-02-13,46,1170.5652173913043,4.242640687119285,1464.0,1464.0,1471.2,7,0,0.0,0.0,0.0,0.0,0.0,0
CA,2010-02-14,38,1290.2368421052631,2.5,1463.5,1461.5,1465.5,8,0,0.0,0.0,0.0,0.0,0.0,0
CA,2010-02-15,80,1331.0249999999996,0.0,1439.0,1439.0,1439.0,13,0,0.0,0.0,0.0,0.0,0.0,0
CA,2010-02-16,52,1268.076923076923,11.0,1459.0,1450.2,1467.8,14,0,0.0,0.0,0.0,0.0,0.0,0
CA,2010-02-17,81,1345.8395061728395,15.957443404254956,1472.0,1445.0,1480.2,12,0,0.0,0.0,0.0,0.0,0.0,0
CA,2010-02-18,31,1422.4193548387098,0.0,806.0,806.0,806.0,6,0,0.0,0.0,0.0,0.0,0.0,0
CA,2010-02-19,59,1242.2881355932204,9.0,1466.0,1458.8,1473.2,10,0,0.0,0.0,0.0,0.0,0.0,0
CA,2010-02-20,72,1200.6944444444443,166.66599999866665,1461.0,1181.0,1466.6,9,0,0.0,0.0,0.0,0.0,0.0,0
CA,2010-02-21,67,1257.7164179104477,2.5,1451.5,1449.5,1453.5,10,0,0.0,0.0,0.0,0.0,0.0,0
CA,2010-02-22,98,1487.9591836734694,0.0,1461.0,1461.0,1461.0,14,0,0.0,0.0,0.0,0.0,0.0,0
CA,2010-02-23,51,1370.686274509804,222.5685287726008,1402.0,1402.0,1761.8000000000002,9,0,0.0,0.0,0.0,0.0,0.0,0
CA,2010-02-24,88,1321.556818181818,0.0,1467.0,1467.0,1467.0,11,0,0.0,0.0,0.0,0.0,0.0,0
CA,2010-02-25,34,1095.6176470588234,5.521756597167912,801.0,794.4,806.4,6,0,0.0,0.0,0.0,0.0,0.0,0
CA,2010-02-26,59,1199.7288135593221,0.0,1455.0,1455.0,1455.0,16,0,0.0,0.0,0.0,0.0,0.0,0
CA,2010-02-27,35,1328.8285714285714,1.5,1450.5,1449.3,1451.7,8,0,0.0,0.0,0.0,0.0,0.0,0
CA,2010-02-28,32,1402.2812499999998,5.0,1463.0,1459.0,1467.0,7,0,0.0,0.0,0.0,0.0,0.0,0
CA,2010-03-01,74,1509.7162162162165,16.15881920242098,795.0,782.0,820.0,8,0,0.0,0.0,0.0,0.0,0.0,0
CA,2010-03-02,136,1588.3676470588234,0.0,1453.0,1453.0,1453.0,13,0,0.0,0.0,0.0,0.0,0.0,0
CA,2010-03-03,59,1312.457627118644,8.070675465482168,845.0,835.2,855.2,10,0,0.0,0.0,0.0,0.0,0.0,0
CA,2010-03-04,85,1253.7058823529412,8.518215775618742,862.0,849.2,867.8,10,0,0.0,0.0,0.0,0.0,0.0,0
CA,2010-03-05,138,1684.1086956521735,3.5,1473.5,1470.7,1476.3,11,0,0.0,0.0,0.0,0.0,0.0,0
CA,2010-03-06,71,1276.1971830985915,4.5,1484.5,1480.9,1488.1,12,0,0.0,0.0,0.0,0.0,0.0,0
CA,2010-03-07,120,1382.833333333333,5.075431016179809,1497.0,1492.2,1502.2,13,0,0.0,0.0,0.0,0.0,0.0,0
CA,2010-03-08,107,1322.2336448598135,7.483314773547883,1450.0,1440.4,1454.8,12,0,0.0,0.0,0.0,0.0,0.0,0
CA,2010-03-09,108,1531.1666666666672,0.0,1402.0,1402.0,1402.0,12,0,0.0,0.0,0.0,0.0,0.0,0
CA,2010-03-10,62,1492.41935483871,3.5,1436.5,1433.7,1439.3,10,0,0.0,0.0,0.0,0.0,0.0,0
CA,2010-03-11,139,1307.2374100719423,3.0,1431.0,1428.6,1433.4,14,0,0.0,0.0,0.0,0.0,0.0,0
CA,2010-03-12,120,1499.8583333333333,35.0,1471.0,1443.0,1499.0,13,0,0.0,0.0,0.0,0.0,0.0,0
CA,2010-03-13,158,1321.6582278481012,16.949631264425783,1494.5,1477.4,1503.5,15,0,0.0,0.0,0.0,0.0,0.0,0
CA,2010-03-14,121,1671.6776859504134,6.422616289332565,1476.0,1470.1,1483.3,10,0,0.0,0.0,0.0,0.0,0.0,0
CA,2010-03-15,151,1522.754966887417,6.3118935352238,909.0,901.4,915.2,10,0,0.0,0.0,0.0,0.0,0.0,0
CA,2010-03-16,111,1466.6396396396392,0.0,1453.0,1453.0,1453.0,14,0,0.0,0.0,0.0,0.0,0.0,0
CA,2010-03-17,92,1519.108695652174,0.0,1448.0,1448.0,1448.0,10,0,0.0,0.0,0.0,0.0,0.0,0
CA,2010-03-18,114,1566.175438596491,21.65782132371112,1498.0,1463.0,1504.0,13,0,0.0,0.0,0.0,0.0,0.0,0
CA,2010-03-19,122,1699.4180327868853,0.0,1502.0,1502.0,1502.0,12,0,0.0,0.0,0.0,0.0,0.0,0
CA,2010-03-20,76,1459.3684210526314,5.3359368645273735,1488.5,1482.5,1495.5,12,0,0.0,0.0,0.0,0.0,0.0,0
CA,2010-03-21,45,1303.7555555555555,3.0,1448.0,1445.6,1450.4,12,0,0.0,0.0,0.0,0.0,0.0,0
CA,2010-03-22,75,1394.8533333333337,0.0,1941.0,1941.0,1941.0,11,0,0.0,0.0,0.0,0.0,0.0,0
CA,2010-03-23,40,1336.9250000000002,216.07680926004068,1926.5,1577.1,1928.0,6,0,0.0,0.0,0.0,0.0,0.0,0
CA,2010-03-24,86,1466.8604651162789,0.0,1446.0,1446.0,1446.0,14,0,0.0,0.0,0.0,0.0,0.0,0
CA,2010-03-25,57,1462.0000000000002,0.0,1492.0,1492.0,1492.0,10,0,0.0,0.0,0.0,0.0,0.0,0
CA,2010-03-26,89,1334.0337078651685,0.0,1936.0,1936.0,1936.0,9,0,0.0,0.0,0.0,0.0,0.0,0
CA,2010-03-27,64,1356.046875,18.672618098881223,1484.0,1456.0,1490.4,13,0,0.0,0.0,0.0,0.0,0.0,0
CA,2010-03-28,29,1316.344827586207,10.998181667894016,1397.0,1397.0,1421.0,6,0,0.0,0.0,0.0,0.0,0.0,0
CA,2010-03-29,58,1451.7068965517242,0.0,1421.0,1421.0,1421.0,10,0,0.0,0.0,0.0,0.0,0.0,0
CA,2010-03-30,42,1271.690476190476,6.179603547154137,950.0,943.8,956.9,10,0,0.0,0.0,0.0,0.0,0.0,0
CA,2010-03-31,88,1487.590909090909,0.0,1421.0,1421.0,1421.0,10,0,0.0,0.0,0.0,0.0,0.0,0
CA,2010-04-01,27,1114.5925925925926,96.5,966.5,889.3,1043.7,6,0,0.0,0.0,0.0,0.0,0.0,0
CA,2010-04-02,18,1287.0,270.5,1667.5,1451.1,1883.9,9,0,0.0,0.0,0.0,0.0,0.0,0
CA,2010-04-03,42,1409.571428571429,0.0,1397.0,1397.0,1397.0,9,0,0.0,0.0,0.0,0.0,0.0,0
CA,2010-04-04,52,1143.2692307692307,178.91893241074294,1397.0,1397.0,1559.3,9,0,0.0,0.0,0.0,0.0,0.0,0
CA,2010-04-05,54,1464.1666666666667,0.0,1485.0,1485.0,1485.0,9,0,0.0,0.0,0.0,0.0,0.0,0
CA,2010-04-06,83,1273.638554216867,4.0,1482.0,1478.8,1485.2,11,0,0.0,0.0,0.0,0.0,0.0,0
CA,2010-04-07,141,1322.014184397163,0.0,1494.0,1494.0,1494.0,15,0,0.0,0.0,0.0,0.0,0.0,0
CA,2010-04-08,120,1267.8166666666666,0.0,1494.0,1494.0,1494.0,13,0,0.0,0.0,0.0,0.0,0.0,0
CA,2010-04-09,187,1312.4331550802144,0.0,1494.0,1494.0,1494.0,15,0,0.0,0.0,0.0,0.0,0.0,0
CA,2010-04-10,145,1312.420689655172,7.118052168020874,1487.5,1483.5,1499.0,17,0,0.0,0.0,0.0,0.0,0.0,0
CA,2010-04-11,106,1119.4245283018868,0.0,1317.0,1317.0,1317.0,11,0,0.0,0.0,0.0,0.0,0.0,0
CA,2010-04-12,115,1310.504347826087,109.73697682017968,1320.0,1089.4,1342.6,15,0,0.0,0.0,0.0,0.0,0.0,0
CA,2010-04-13,111,1351.8828828828832,55.0,1382.0,1338.0,1426.0,16,0,0.0,0.0,0.0,0.0,0.0,0
CA,2010-04-14,82,1504.634146341463,47.065279090511815,1332.0,1314.0,1429.0,11,0,0.0,0.0,0.0,0.0,0.0,0
CA,2010-04-15,91,1351.098901098901,42.52298298135555,1313.0,1306.6,1366.2,12,0,0.0,0.0,0.0,0.0,0.0,0
CA,2010-04-16,106,1548.7830188679245,57.0783452808506,1331.5,1319.2,1451.0,13,0,0.0,0.0,0.0,0.0,0.0,0
CA,2010-04-17,152,1328.2960526315787,12.465462490499132,1472.0,1451.6,1481.4,12,0,0.0,0.0,0.0,0.0,0.0,0
CA,2010-04-18,101,1371.1089108910887,0.0,1447.0,1447.0,1447.0,12,0,0.0,0.0,0.0,0.0,0.0,0
CA,2010-04-19,131,1386.5114503816794,34.344023740694,1492.0,1484.0,1525.0,12,0,0.0,0.0,0.0,0.0,0.0,0
CA,2010-04-20,77,1283.3246753246754,5.715476066494082,1487.0,1481.4,1492.6,14,0,0.0,0.0,0.0,0.0,0.0,0
CA,2010-04-21,112,1371.7142857142856,0.0,1440.0,1440.0,1440.0,12,0,0.0,0.0,0.0,0.0,0.0,0
CA,2010-04-22,128,1508.53125,201.0,1734.0,1573.2,1894.8,12,0,0.0,0.0,0.0,0.0,0.0,0
CA,2010-04-23,110,1298.5636363636363,66.1362230551458,1356.0,1356.0,1431.6,12,0,0.0,0.0,0.0,0.0,0.0,0
CA,2010-04-24,67,1348.3283582089553,15.107944929738128,1476.0,1454.5,1484.9,11,0,0.0,0.0,0.0,0.0,0.0,0
CA,2010-04-25,118,1268.9406779661017,10.338708279513881,1450.0,1442.8,1462.8,13,0,0.0,0.0,0.0,0.0,0.0,0
CA,2010-04-26,195,1389.553846153846,0.0,1449.0,1449.0,1449.0,15,0,0.0,0.0,0.0,0.0,0.0,0
CA,2010-04-27,122,1225.729508196721,54.33367979743852,1545.0,1545.0,1545.0,10,0,0.0,0.0,0.0,0.0,0.0,0
CA,2010-04-28,109,1242.8623853211009,43.570173284025394,1143.0,1096.6,1192.1,12,0,0.0,0.0,0.0,0.0,0.0,0
CA,2010-04-29,108,1485.3240740740744,41.0,1401.0,1368.2,1433.8,12,0,0.0,0.0,0.0,0.0,0.0,0
CA,2010-04-30,127,1440.5748031496064,3.0,921.0,918.6,923.4,10,0,0.0,0.0,0.0,0.0,0.0,0
CA,2010-05-01,70,1284.7285714285717,46.270508966295154,1466.0,1397.0,1472.6,11,0,0.0,0.0,0.0,0.0,0.0,0
CA,2010-05-02,70,1400.442857142857,0.0,1449.0,1449.0,1449.0,13,0,0.0,0.0,0.0,0.0,0.0,0
CA,2010-05-03,206,1384.3398058252428,11.0,1464.0,1455.2,1472.8,14,0,0.0,0.0,0.0,0.0,0.0,0
CA,2010-05-04,142,1416.042253521127,4.027681991198191,933.0,926.6,933.8,13,0,0.0,0.0,0.0,0.0,0.0,0
CA,2010-05-05,108,1315.9259259259259,2.5,1443.5,1441.5,1445.5,13,0,0.0,0.0,0.0,0.0,0.0,0
CA,2010-05-06,79,1401.5822784810127,18.5,1467.5,1452.7,1482.3,14,0,0.0,0.0,0.0,0.0,0.0,0
CA,2010-05-07,45,1224.1777777777784,0.0,1495.0,1495.0,1495.0,14,0,0.0,0.0,0.0,0.0,0.0,0
CA,2010-05-08,128,1364.90625,16.407992632318624,1497.5,1472.0,1501.5,14,0,0.0,0.0,0.0,0.0,0.0,0
CA,2010-05-09,59,1300.8983050847455,4.0,1496.0,1492.8,1499.2,11,0,0.0,0.0,0.0,0.0,0.0,0
CA,2010-05-10,107,1379.4299065420562,4.0,1462.0,1458.8,1465.2,13,0,0.0,0.0,0.0,0.0,0.0,0
CA,2010-05-11,147,1540.5238095238096,0.0,1950.0,1950.0,1950.0,11,0,0.0,0.0,0.0,0.0,0.0,0
CA,2010-05-12,222,1447.1486486486488,0.0,1569.0,1569.0,1569.0,12,0,0.0,0.0,0.0,0.0,0.0,0
CA,2010-05-13,114,1521.6491228070176,0.0,862.0,862.0,862.0,8,0,0.0,0.0,0.0,0.0,0.0,0
CA,2010-05-14,152,1420.2565789473683,0.0,1454.0,1454.0,1454.0,15,0,0.0,0.0,0.0,0.0,0.0,0
CA,2010-05-15,126,1342.9285714285713,61.747469583781324,1470.0,1377.0,1500.0,13,0,0.0,0.0,0.0,0.0,0.0,0
CA,2010-05-16,135,1337.8666666666663,6.531972647421808,1488.0,1481.6,1494.4,14,1,82.18,0.0,0.0,0.0,0.0,1
CA,2010-05-17,153,1502.437908496732,0.0,1455.0,1455.0,1455.0,14,0,0.0,0.0,0.0,0.0,0.0,0
CA,2010-05-18,93,1288.2473118279572,0.0,939.0,939.0,939.0,11,0,0.0,0.0,0.0,0.0,0.0,0
CA,2010-05-19,69,1301.6521739130435,4.815340071064556,954.0,948.5,958.8,11,0,0.0,0.0,0.0,0.0,0.0,0
CA,2010-05-20,80,1222.1999999999998,0.0,1450.0,1450.0,1450.0,14,0,0.0,0.0,0.0,0.0,0.0,0
CA,2010-05-21,48,1334.583333333333,6.519202405202649,664.0,655.8,671.9,9,0,0.0,0.0,0.0,0.0,0.0,0
CA,2010-05-22,63,1354.5396825396824,3.5,1469.5,1466.7,1472.3,10,0,0.0,0.0,0.0,0.0,0.0,0
CA,2010-05-23,63,1525.5238095238096,4.109609335312651,1479.0,1475.8,1483.8,12,0,0.0,0.0,0.0,0.0,0.0,0
CA,2010-05-24,58,1428.0,4.654746681256314,1475.0,1471.0,1482.0,8,0,0.0,0.0,0.0,0.0,0.0,0
CA,2010-05-25,73,1478.2602739726028,0.0,1438.0,1438.0,1438.0,9,0,0.0,0.0,0.0,0.0,0.0,0
CA,2010-05-26,125,1422.416,3.7416573867739413,1432.0,1427.2,1434.4,11,0,0.0,0.0,0.0,0.0,0.0,0
CA,2010-05-27,85,1343.1529411764707,2.5,1429.5,1427.5,1431.5,12,0,0.0,0.0,0.0,0.0,0.0,0
CA,2010-05-28,76,1344.5394736842104,0.0,1433.0,1433.0,1433.0,10,0,0.0,0.0,0.0,0.0,0.0,0
CA,2010-05-29,76,1349.8026315789473,4.5,1447.5,1443.9,1451.1,9,0,0.0,0.0,0.0,0.0,0.0,0
CA,2010-05-30,60,1453.45,4.5,1483.5,1479.9,1487.1,8,0,0.0,0.0,0.0,0.0,0.0,0
CA,2010-05-31,66,1350.1969696969695,4.027681991198191,964.0,957.6,964.8,9,0,0.0,0.0,0.0,0.0,0.0,0
CA,2010-06-01,49,1341.0408163265306,7.88986691902975,941.5,934.5,951.3,8,0,0.0,0.0,0.0,0.0,0.0,0
CA,2010-06-02,100,1405.87,4.589250972631145,940.0,936.2,946.4,12,0,0.0,0.0,0.0,0.0,0.0,0
CA,2010-06-03,87,1320.3563218390802,0.0,1497.0,1497.0,1497.0,12,0,0.0,0.0,0.0,0.0,0.0,0
CA,2010-06-04,65,1315.6615384615384,0.0,932.0,932.0,932.0,11,0,0.0,0.0,0.0,0.0,0.0,0
CA,2010-06-05,82,1403.9634146341461,5.722761571129799,1515.0,1508.4,1520.2,10,2,80.80000000000001,0.0,0.0,0.0,0.0,1
CA,2010-06-06,95,1197.5578947368422,3.5,1521.5,1518.7,1524.3,12,0,0.0,0.0,0.0,0.0,0.0,0
CA,2010-06-07,75,1323.8933333333332,5.80409338312195,1523.5,1515.1,1527.0,13,0,0.0,0.0,0.0,0.0,0.0,0
CA,2010-06-08,162,1230.08024691358,4.3857011982122085,686.0,679.7,689.9,11,0,0.0,0.0,0.0,0.0,0.0,0
CA,2010-06-09,96,1301.6041666666677,0.0,1522.0,1522.0,1522.0,16,0,0.0,0.0,0.0,0.0,0.0,0
CA,2010-06-10,75,1309.96,2.5,976.5,974.5,978.5,9,0,0.0,0.0,0.0,0.0,0.0,0
CA,2010-06-11,50,1272.5599999999995,0.0,1544.0,1544.0,1544.0,11,0,0.0,0.0,0.0,0.0,0.0,0
CA,2010-06-12,126,1243.2063492063492,12.525529485370624,1553.5,1536.0,1564.5,10,0,0.0,0.0,0.0,0.0,0.0,0
CA,2010-06-13,107,1299.803738317757,0.0,1038.0,1038.0,1038.0,9,0,0.0,0.0,0.0,0.0,0.0,0
CA,2010-06-14,126,1363.2619047619053,5.715476066494082,1546.0,1540.4,1551.6,15,0,0.0,0.0,0.0,0.0,0.0,0
CA,2010-06-15,143,1443.9440559440561,0.0,1456.0,1456.0,1456.0,15,0,0.0,0.0,0.0,0.0,0.0,0
CA,2010-06-16,125,1311.5840000000003,0.0,1547.0,1547.0,1547.0,12,0,0.0,0.0,0.0,0.0,0.0,0
CA,2010-06-17,144,1331.9305555555557,0.0,1237.0,1237.0,1237.0,13,0,0.0,0.0,0.0,0.0,0.0,0
CA,2010-06-18,111,1329.873873873874,19.6509541753066,1282.0,1253.6,1291.0,12,0,0.0,0.0,0.0,0.0,0.0,0
CA,2010-06-19,145,1262.0413793103448,8.5,1273.5,1266.7,1280.3,12,0,0.0,0.0,0.0,0.0,0.0,0
CA,2010-06-20,99,1229.4343434343434,16.87206764645835,1262.0,1248.2,1287.2,15,0,0.0,0.0,0.0,0.0,0.0,0
CA,2010-06-21,121,1248.6776859504132,9.867017010797031,1318.0,1309.6,1336.2,16,0,0.0,0.0,0.0,0.0,0.0,0
CA,2010-06-22,191,1313.9528795811516,0.0,1444.0,1444.0,1444.0,17,0,0.0,0.0,0.0,0.0,0.0,0
CA,2010-06-23,94,1417.2021276595744,0.0,1379.0,1379.0,1379.0,11,0,0.0,0.0,0.0,0.0,0.0,0
CA,2010-06-24,100,1555.55,4.9216076867444665,1458.0,1454.0,1463.6,10,0,0.0,0.0,0.0,0.0,0.0,0
CA,2010-06-25,105,1455.7142857142858,2.6246692913372702,1383.0,1379.0,1383.8,11,0,0.0,0.0,0.0,0.0,0.0,0
CA,2010-06-26,70,1313.6142857142856,4.0,1472.0,1468.8,1475.2,14,0,0.0,0.0,0.0,0.0,0.0,0
CA,2010-06-27,99,1310.020202020202,4.0,1543.0,1539.8,1546.2,13,0,0.0,0.0,0.0,0.0,0.0,0
CA,2010-06-28,79,1151.784810126582,8.04673846971554,1404.0,1393.4,1410.4,17,0,0.0,0.0,0.0,0.0,0.0,0
CA,2010-06-29,54,1108.537037037037,0.0,1469.0,1469.0,1469.0,13,0,0.0,0.0,0.0,0.0,0.0,0
CA,2010-06-30,219,1328.392694063927,174.5,1300.5,1160.9,1440.1,15,0,0.0,0.0,0.0,0.0,0.0,0
CA,2010-07-01,85,1195.2235294117647,5.0,1417.0,1413.0,1421.0,12,0,0.0,0.0,0.0,0.0,0.0,0
CA,2010-07-02,65,1292.2923076923078,0.0,1539.0,1539.0,1539.0,11,0,0.0,0.0,0.0,0.0,0.0,0
CA,2010-07-03,68,1287.3823529411766,27.860141779969464,1527.0,1484.5,1536.6,13,0,0.0,0.0,0.0,0.0,0.0,0
CA,2010-07-04,39,1277.5897435897439,15.706288549495072,1497.5,1480.4,1513.9,11,0,0.0,0.0,0.0,0.0,0.0,0
CA,2010-07-05,68,1147.6764705882354,5.0,1474.0,1470.0,1478.0,14,0,0.0,0.0,0.0,0.0,0.0,0
CA,2010-07-06,69,1224.7971014492753,172.0645873566732,1468.0,1176.8,1469.6,14,0,0.0,0.0,0.0,0.0,0.0,0
CA,2010-07-07,149,1285.8120805369128,5.0,1468.0,1464.0,1472.0,15,0,0.0,0.0,0.0,0.0,0.0,0
CA,2010-07-08,22,1219.0000000000002,0.0,1417.0,1417.0,1417.0,7,0,0.0,0.0,0.0,0.0,0.0,0
CA,2010-07-09,43,1224.3023255813953,1.5,1409.5,1408.3,1410.7,11,0,0.0,0.0,0.0,0.0,0.0,0
CA,2010-07-10,55,1123.7272727272723,0.0,1404.0,1404.0,1404.0,9,0,0.0,0.0,0.0,0.0,0.0,0
CA,2010-07-11,57,1220.6842105263154,0.0,1408.0,1408.0,1408.0,15,0,0.0,0.0,0.0,0.0,0.0,0
CA,2010-07-12,88,1230.034090909091,0.0,1464.0,1464.0,1464.0,14,0,0.0,0.0,0.0,0.0,0.0,0
CA,2010-07-13,64,1312.328125,3.5,1458.5,1455.7,1461.3,14,0,0.0,0.0,0.0,0.0,0.0,0
CA,2010-07-14,67,1286.7164179104477,0.0,1470.0,1470.0,1470.0,12,0,0.0,0.0,0.0,0.0,0.0,0
CA,2010-07-15,40,1318.225,0.0,1464.0,1464.0,1464.0,11,0,0.0,0.0,0.0,0.0,0.0,0
CA,2010-07-16,30,1279.8000000000002,5.0,1423.0,1419.0,1427.0,11,0,0.0,0.0,0.0,0.0,0.0,0
CA,2010-07-17,135,1309.274074074074,0.0,1428.0,1428.0,1428.0,11,0,0.0,0.0,0.0,0.0,0.0,0
CA,2010-07-18,58,1414.5,90.7110798083674,1416.5,1321.5,1507.3,10,0,0.0,0.0,0.0,0.0,0.0,0
CA,2010-07-19,103,1309.5631067961165,81.21691634136327,1477.5,1349.1,1500.2,18,0,0.0,0.0,0.0,0.0,0.0,0
CA,2010-07-20,87,1308.8620689655172,3.5,1461.5,1458.7,1464.3,15,0,0.0,0.0,0.0,0.0,0.0,0
CA,2010-07-21,121,1423.5619834710747,88.91393310387298,1371.5,1278.9,1460.6,15,0,0.0,0.0,0.0,0.0,0.0,0
CA,2010-07-22,94,1319.7553191489362,3.852207960746604,1430.0,1425.4,1434.4,11,0,0.0,0.0,0.0,0.0,0.0,0
CA,2010-07-23,112,1415.4553571428569,3.6996621467371855,1424.0,1423.0,1429.9,11,0,0.0,0.0,0.0,0.0,0.0,0
CA,2010-07-24,66,1392.8333333333335,0.0,1464.0,1464.0,1464.0,12,0,0.0,0.0,0.0,0.0,0.0,0
CA,2010-07-25,88,1382.6022727272725,0.0,1471.0,1471.0,1471.0,10,0,0.0,0.0,0.0,0.0,0.0,0
CA,2010-07-26,136,1396.3308823529414,5.23545604508337,1416.0,1411.7,1424.1,12,0,0.0,0.0,0.0,0.0,0.0,0
CA,2010-07-27,89,1273.5955056179773,0.0,1480.0,1480.0,1480.0,17,0,0.0,0.0,0.0,0.0,0.0,0
CA,2010-07-28,122,1328.8688524590164,5.4591637762392216,1453.0,1447.8,1461.0,17,0,0.0,0.0,0.0,0.0,0.0,0
CA,2010-07-29,149,1292.7919463087242,0.0,1470.0,1470.0,1470.0,20,1,64.91,0.0,0.0,0.0,0.0,1
CA,2010-07-30,130,1336.5076923076924,0.0,1478.0,1478.0,1478.0,14,0,0.0,0.0,0.0,0.0,0.0,0
CA,2010-07-31,145,1320.896551724138,3.39934634239519,1480.0,1478.4,1484.8,17,0,0.0,0.0,0.0,0.0,0.0,0
CA,2010-08-01,152,1293.769736842105,0.0,1453.0,1453.0,1453.0,15,0,0.0,0.0,0.0,0.0,0.0,0
CA,2010-08-02,195,1493.323076923077,0.0,1475.0,1475.0,1475.0,16,0,0.0,0.0,0.0,0.0,0.0,0
CA,2010-08-03,117,1268.0170940170938,0.0,1466.0,1466.0,1466.0,16,0,0.0,0.0,0.0,0.0,0.0,0
CA,2010-08-04,165,1269.8545454545451,0.0,1461.0,1461.0,1461.0,16,0,0.0,0.0,0.0,0.0,0.0,0
CA,2010-08-05,77,1327.2077922077922,0.0,1496.0,1496.0,1496.0,13,0,0.0,0.0,0.0,0.0,0.0,0
CA,2010-08-06,87,1336.67816091954,0.0,1461.0,1461.0,1461.0,13,0,0.0,0.0,0.0,0.0,0.0,0
CA,2010-08-07,62,1447.0,4.0,1509.0,1505.8,1512.2,12,0,0.0,0.0,0.0,0.0,0.0,0
CA,2010-08-08,86,1393.4186046511627,6.6332495807108,1517.0,1507.4,1521.0,11,0,0.0,0.0,0.0,0.0,0.0,0
CA,2010-08-09,133,1391.1654135338351,79.47064447538683,1270.0,1244.0,1381.5,18,0,0.0,0.0,0.0,0.0,0.0,0
CA,2010-08-10,165,1338.430303030303,0.0,1468.0,1468.0,1468.0,14,0,0.0,0.0,0.0,0.0,0.0,0
CA,2010-08-11,134,1420.6417910447763,0.0,1472.0,1472.0,1472.0,20,0,0.0,0.0,0.0,0.0,0.0,0
CA,2010-08-12,176,1448.147727272727,0.0,1479.0,1479.0,1479.0,17,0,0.0,0.0,0.0,0.0,0.0,0
CA,2010-08-13,146,1397.5753424657535,24.574716003784594,1482.0,1453.5,1509.0,18,0,0.0,0.0,0.0,0.0,0.0,0
CA,2010-08-14,101,1570.405940594059,0.0,1441.0,1441.0,1441.0,14,0,0.0,0.0,0.0,0.0,0.0,0
CA,2010-08-15,169,1379.1301775147926,5.5,1440.5,1436.1,1444.9,16,0,0.0,0.0,0.0,0.0,0.0,0
CA,2010-08-16,116,1462.9310344827586,0.0,1526.0,1526.0,1526.0,12,0,0.0,0.0,0.0,0.0,0.0,0
CA,2010-08-17,92,1392.739130434783,0.0,1533.0,1533.0,1533.0,13,0,0.0,0.0,0.0,0.0,0.0,0
CA,2010-08-18,87,1397.8735632183907,5.761944116355173,1544.0,1535.0,1547.8,13,0,0.0,0.0,0.0,0.0,0.0,0
CA,2010-08-19,189,1339.7089947089946,0.0,1446.0,1446.0,1446.0,16,0,0.0,0.0,0.0,0.0,0.0,0
CA,2010-08-20,155,1460.4129032258063,5.0,1551.0,1547.0,1555.0,14,0,0.0,0.0,0.0,0.0,0.0,0
CA,2010-08-21,183,1427.1967213114756,6.531972647421808,1529.0,1522.6,1535.4,12,0,0.0,0.0,0.0,0.0,0.0,0
CA,2010-08-22,178,1180.9325842696635,0.0,1455.0,1455.0,1455.0,15,0,0.0,0.0,0.0,0.0,0.0,0
CA,2010-08-23,96,1185.5104166666665,0.0,1445.0,1445.0,1445.0,19,0,0.0,0.0,0.0,0.0,0.0,0
CA,2010-08-24,127,1469.2125984251968,4.5,1443.5,1439.9,1447.1,16,0,0.0,0.0,0.0,0.0,0.0,0
CA,2010-08-25,92,1338.858695652174,0.0,1438.0,1438.0,1438.0,15,0,0.0,0.0,0.0,0.0,0.0,0
CA,2010-08-26,116,1538.603448275862,5.261891294962297,1561.5,1555.5,1566.8,13,0,0.0,0.0,0.0,0.0,0.0,0
CA,2010-08-27,101,1468.257425742574,5.5,1554.5,1550.1,1558.9,14,0,0.0,0.0,0.0,0.0,0.0,0
CA,2010-08-28,113,1498.3893805309729,0.0,1429.0,1429.0,1429.0,16,0,0.0,0.0,0.0,0.0,0.0,0
CA,2010-08-29,105,1186.8761904761905,4.0,1541.0,1537.8,1544.2,13,0,0.0,0.0,0.0,0.0,0.0,0
CA,2010-08-30,119,1317.7310924369747,4.0,1525.0,1521.8,1528.2,12,0,0.0,0.0,0.0,0.0,0.0,0
CA,2010-08-31,99,1368.4848484848485,6.554387843269576,987.0,981.5,998.2,12,0,0.0,0.0,0.0,0.0,0.0,0
CA,2010-09-01,155,1439.9225806451614,0.0,1326.0,1326.0,1326.0,16,0,0.0,0.0,0.0,0.0,0.0,0
CA,2010-09-02,152,1428.1644736842104,0.0,1543.0,1543.0,1543.0,16,0,0.0,0.0,0.0,0.0,0.0,0
CA,2010-09-03,77,1315.5584415584417,0.5,1541.5,1541.1,1541.9,15,0,0.0,0.0,0.0,0.0,0.0,0
CA,2010-09-04,166,1534.7469879518071,0.0,1539.0,1539.0,1539.0,17,0,0.0,0.0,0.0,0.0,0.0,0
CA,2010-09-05,95,1424.5894736842106,0.0,978.0,978.0,978.0,13,0,0.0,0.0,0.0,0.0,0.0,0
CA,2010-09-06,170,1382.9294117647055,0.0,1546.0,1546.0,1546.0,16,0,0.0,0.0,0.0,0.0,0.0,0
CA,2010-09-07,137,1278.211678832117,5.5,1544.5,1540.1,1548.9,12,0,0.0,0.0,0.0,0.0,0.0,0
CA,2010-09-08,289,1373.3252595155714,2.3570226039551585,1539.0,1539.0,1543.0,12,0,0.0,0.0,0.0,0.0,0.0,0
CA,2010-09-09,182,1366.3021978021975,93.35602250939952,1524.0,1414.8,1532.6,16,0,0.0,0.0,0.0,0.0,0.0,0
CA,2010-09-10,84,1358.892857142857,47.52958792578641,1348.5,1329.1,1367.0,12,0,0.0,0.0,0.0,0.0,0.0,0
CA,2010-09-11,203,1348.1379310344826,0.0,1513.0,1513.0,1513.0,14,0,0.0,0.0,0.0,0.0,0.0,0
CA,2010-09-12,192,1525.5885416666663,39.1279950930277,1460.0,1421.2,1501.6,16,0,0.0,0.0,0.0,0.0,0.0,0
CA,2010-09-13,151,1545.0662251655629,90.13076919429656,1505.0,1356.2,1513.0,14,0,0.0,0.0,0.0,0.0,0.0,0
CA,2010-09-14,150,1347.3133333333333,6.200358412579424,1506.0,1501.6,1515.4,15,0,0.0,0.0,0.0,0.0,0.0,0
CA,2010-09-15,210,1433.0809523809523,4.0,1483.0,1479.8,1486.2,17,0,0.0,0.0,0.0,0.0,0.0,0
CA,2010-09-16,183,1368.071038251366,170.21445297036323,1277.5,1082.4,1519.0,17,0,0.0,0.0,0.0,0.0,0.0,0
CA,2010-09-17,196,1436.0765306122448,20.997354330698162,1471.0,1439.0,1477.4,19,0,0.0,0.0,0.0,0.0,0.0,0
CA,2010-09-18,272,1388.7132352941176,132.14438652053627,1521.0,1249.5,1529.0,13,0,0.0,0.0,0.0,0.0,0.0,0
CA,2010-09-19,165,1344.321212121212,276.0,1257.0,1036.2,1477.8,14,0,0.0,0.0,0.0,0.0,0.0,0
CA,2010-09-20,200,1332.1,2.0,1539.0,1537.4,1540.6,15,0,0.0,0.0,0.0,0.0,0.0,0
CA,2010-09-21,143,1354.3496503496503,0.0,1546.0,1546.0,1546.0,14,0,0.0,0.0,0.0,0.0,0.0,0
CA,2010-09-22,143,1262.174825174825,153.86140950002158,1254.5,1204.5,1552.0,19,0,0.0,0.0,0.0,0.0,0.0,0
CA,2010-09-23,90,1349.6000000000001,0.0,1421.0,1421.0,1421.0,16,0,0.0,0.0,0.0,0.0,0.0,0
CA,2010-09-24,176,1322.7443181818182,11.0,1234.0,1225.2,1242.8,14,0,0.0,0.0,0.0,0.0,0.0,0
CA,2010-09-25,251,1422.6095617529882,0.0,1545.0,1545.0,1545.0,16,0,0.0,0.0,0.0,0.0,0.0,0
CA,2010-09-26,76,1332.2105263157894,189.49237451675992,1553.0,1219.0,1627.0,15,0,0.0,0.0,0.0,0.0,0.0,0
CA,2010-09-27,144,1406.9652777777774,0.0,1424.0,1424.0,1424.0,11,0,0.0,0.0,0.0,0.0,0.0,0
CA,2010-09-28,263,1372.125475285171,235.87112476943844,1559.5,1107.0,1567.9,17,0,0.0,0.0,0.0,0.0,0.0,0
CA,2010-09-29,197,1414.3147208121827,5.0,1416.0,1412.0,1420.0,22,0,0.0,0.0,0.0,0.0,0.0,0
CA,2010-09-30,123,1432.8699186991876,0.0,1401.0,1401.0,1401.0,17,0,0.0,0.0,0.0,0.0,0.0,0
CA,2010-10-01,269,1454.9330855018586,215.9361884909521,1551.0,1121.5,1560.6,15,0,0.0,0.0,0.0,0.0,0.0,0
CA,2010-10-02,201,1374.5124378109454,4.0,1388.0,1384.8,1391.2,14,0,0.0,0.0,0.0,0.0,0.0,0
CA,2010-10-03,137,1472.4233576642337,211.5,1366.5,1197.3,1535.7,17,0,0.0,0.0,0.0,0.0,0.0,0
CA,2010-10-04,164,1452.7256097560971,4.330127018922194,1588.0,1582.8,1591.8,16,0,0.0,0.0,0.0,0.0,0.0,0
CA,2010-10-05,128,1363.6249999999998,4.546060565661952,1603.0,1597.4,1606.2,13,0,0.0,0.0,0.0,0.0,0.0,0
CA,2010-10-06,272,1425.316176470588,0.0,1394.0,1394.0,1394.0,20,0,0.0,0.0,0.0,0.0,0.0,0
CA,2010-10-07,151,1465.569536423841,204.57822464768824,1391.5,1179.8,1592.0,12,0,0.0,0.0,0.0,0.0,0.0,0
CA,2010-10-08,209,1459.3684210526317,0.0,1394.0,1394.0,1394.0,15,0,0.0,0.0,0.0,0.0,0.0,0
CA,2010-10-09,223,1461.6995515695066,5.5,1392.5,1388.1,1396.9,14,0,0.0,0.0,0.0,0.0,0.0,0
CA,2010-10-10,232,1401.435344827586,0.0,1410.0,1410.0,1410.0,13,0,0.0,0.0,0.0,0.0,0.0,0
CA,2010-10-11,110,1468.5272727272727,0.0,1415.0,1415.0,1415.0,14,0,0.0,0.0,0.0,0.0,0.0,0
CA,2010-10-12,218,1514.2018348623856,0.0,1422.0,1422.0,1422.0,19,0,0.0,0.0,0.0,0.0,0.0,0
CA,2010-10-13,154,1520.6623376623374,0.0,1490.0,1490.0,1490.0,14,0,0.0,0.0,0.0,0.0,0.0,0
CA,2010-10-14,103,1494.5728155339805,4.5,1427.5,1423.9,1431.1,18,0,0.0,0.0,0.0,0.0,0.0,0
CA,2010-10-15,197,1544.8426395939086,0.0,1413.0,1413.0,1413.0,14,0,0.0,0.0,0.0,0.0,0.0,0
CA,2010-10-16,181,1475.9447513812154,5.5,1486.5,1482.1,1490.9,14,0,0.0,0.0,0.0,0.0,0.0,0
CA,2010-10-17,235,1487.1234042553192,5.436502143433363,1551.0,1547.8,1558.2,16,0,0.0,0.0,0.0,0.0,0.0,0
CA,2010-10-18,223,1545.677130044843,36.8057966449127,1427.0,1423.8,1487.8,15,0,0.0,0.0,0.0,0.0,0.0,0
CA,2010-10-19,280,1560.242857142857,83.46855695410099,1569.0,1546.5,1722.7,15,0,0.0,0.0,0.0,0.0,0.0,0
CA,2010-10-20,173,1433.78612716763,0.0,1435.0,1435.0,1435.0,16,0,0.0,0.0,0.0,0.0,0.0,0
CA,2010-10-21,133,1459.4436090225563,0.0,1441.0,1441.0,1441.0,20,0,0.0,0.0,0.0,0.0,0.0,0
CA,2010-10-22,177,1472.8022598870057,4.5,1518.5,1514.9,1522.1,15,0,0.0,0.0,0.0,0.0,0.0,0
CA,2010-10-23,161,1592.7267080745337,169.38473219272154,1335.5,1163.2,1507.1,17,0,0.0,0.0,0.0,0.0,0.0,0
CA,2010-10-24,175,1474.6228571428571,1.5,1487.5,1486.3,1488.7,17,0,0.0,0.0,0.0,0.0,0.0,0
CA,2010-10-25,208,1521.9230769230771,58.356424001323305,1506.5,1498.0,1586.0,16,0,0.0,0.0,0.0,0.0,0.0,0
CA,2010-10-26,231,1488.4199134199132,3.0,1453.0,1450.6,1455.4,19,0,0.0,0.0,0.0,0.0,0.0,0
CA,2010-10-27,200,1520.1599999999996,0.0,1523.0,1523.0,1523.0,18,0,0.0,0.0,0.0,0.0,0.0,0
CA,2010-10-28,187,1490.7860962566845,1.5,1468.5,1467.3,1469.7,19,0,0.0,0.0,0.0,0.0,0.0,0
CA,2010-10-29,111,1362.756756756757,52.44005323865976,1549.0,1536.8,1649.2,16,0,0.0,0.0,0.0,0.0,0.0,0
CA,2010-10-30,235,1512.8085106382978,0.0,1474.0,1474.0,1474.0,17,0,0.0,0.0,0.0,0.0,0.0,0
CA,2010-10-31,115,1232.939130434782,0.0,1549.0,1549.0,1549.0,14,0,0.0,0.0,0.0,0.0,0.0,0
CA,2010-11-01,105,1428.4476190476194,6.20966987850401,1557.0,1548.2,1561.2,12,0,0.0,0.0,0.0,0.0,0.0,0
CA,2010-11-02,256,1442.67578125,0.0,1561.0,1561.0,1561.0,18,0,0.0,0.0,0.0,0.0,0.0,0
CA,2010-11-03,129,1515.2248062015503,36.98085090061251,1560.5,1552.5,1634.5,21,0,0.0,0.0,0.0,0.0,0.0,0
CA,2010-11-04,157,1338.2993630573249,0.0,1553.0,1553.0,1553.0,13,0,0.0,0.0,0.0,0.0,0.0,0
CA,2010-11-05,150,1506.6199999999997,252.6082276305874,1461.5,1060.0,1653.0,19,0,0.0,0.0,0.0,0.0,0.0,0
CA,2010-11-06,250,1508.44,0.0,1535.0,1535.0,1535.0,15,0,0.0,0.0,0.0,0.0,0.0,0
CA,2010-11-07,201,1434.1144278606957,0.0,1535.0,1535.0,1535.0,14,0,0.0,0.0,0.0,0.0,0.0,0
CA,2010-11-08,232,1422.711206896552,0.0,1479.0,1479.0,1479.0,19,0,0.0,0.0,0.0,0.0,0.0,0
CA,2010-11-09,184,1356.7445652173915,18.5,1506.5,1491.7,1521.3,21,0,0.0,0.0,0.0,0.0,0.0,0
CA,2010-11-10,172,1378.0348837209303,70.81214143775063,1540.5,1530.9,1684.4,17,0,0.0,0.0,0.0,0.0,0.0,0
CA,2010-11-11,217,1588.506912442396,0.0,1522.0,1522.0,1522.0,16,0,0.0,0.0,0.0,0.0,0.0,0
CA,2010-11-12,210,1669.6,3.5,1499.5,1496.7,1502.3,17,0,0.0,0.0,0.0,0.0,0.0,0
CA,2010-11-13,201,1596.2835820895525,202.5,1469.5,1307.5,1631.5,18,0,0.0,0.0,0.0,0.0,0.0,0
CA,2010-11-14,232,1553.5086206896551,6.48074069840786,1506.0,1497.8,1512.2,15,0,0.0,0.0,0.0,0.0,0.0,0
CA,2010-11-15,222,1599.2072072072071,324.55546521357485,1529.5,771.0,1538.2,14,0,0.0,0.0,0.0,0.0,0.0,0
CA,2010-11-16,181,1476.414364640884,4.027681991198191,1536.0,1535.2,1542.4,14,0,0.0,0.0,0.0,0.0,0.0,0
CA,2010-11-17,171,1470.321637426901,310.73454777940844,927.0,789.0,1540.8,18,0,0.0,0.0,0.0,0.0,0.0,0
CA,2010-11-18,94,1228.0531914893618,0.0,1511.0,1511.0,1511.0,17,0,0.0,0.0,0.0,0.0,0.0,0
CA,2010-11-19,228,1595.2850877192984,4.0,1555.0,1551.8,1558.2,13,0,0.0,0.0,0.0,0.0,0.0,0
CA,2010-11-20,158,1543.8417721518986,7.760297817881877,1498.0,1490.8,1506.0,18,0,0.0,0.0,0.0,0.0,0.0,0
CA,2010-11-21,147,1625.9183673469388,3.265986323710904,1568.0,1564.8,1571.2,15,0,0.0,0.0,0.0,0.0,0.0,0
CA,2010-11-22,185,1514.848648648649,0.0,1502.0,1502.0,1502.0,19,0,0.0,0.0,0.0,0.0,0.0,0
CA,2010-11-23,215,1504.3488372093022,0.0,1505.0,1505.0,1505.0,19,0,0.0,0.0,0.0,0.0,0.0,0
CA,2010-11-24,158,1485.0126582278479,0.0,1495.0,1495.0,1495.0,20,0,0.0,0.0,0.0,0.0,0.0,0
CA,2010-11-25,168,1438.1130952380952,0.0,1498.0,1498.0,1498.0,19,0,0.0,0.0,0.0,0.0,0.0,0
CA,2010-11-26,107,1433.9345794392523,2.5,1500.5,1498.5,1502.5,18,0,0.0,0.0,0.0,0.0,0.0,0
CA,2010-11-27,195,1514.5692307692307,1.4142135623730951,1503.0,1500.6,1503.0,20,0,0.0,0.0,0.0,0.0,0.0,0
CA,2010-11-28,244,1575.426229508197,2.5,1497.5,1495.5,1499.5,18,0,0.0,0.0,0.0,0.0,0.0,0
CA,2010-11-29,177,1481.2994350282486,344.4545833633224,1573.0,924.8,1654.6,22,0,0.0,0.0,0.0,0.0,0.0,0
CA,2010-11-30,271,1511.5055350553505,6.128258770283411,1481.0,1475.4,1487.4,22,0,0.0,0.0,0.0,0.0,0.0,0
CA,2010-12-01,249,1495.4658634538157,0.0,1474.0,1474.0,1474.0,21,0,0.0,0.0,0.0,0.0,0.0,0
CA,2010-12-02,112,1498.232142857143,372.618512094549,1593.0,805.5,1598.5,17,0,0.0,0.0,0.0,0.0,0.0,0
CA,2010-12-03,203,1518.177339901478,0.0,1490.0,1490.0,1490.0,21,0,0.0,0.0,0.0,0.0,0.0,0
CA,2010-12-04,160,1498.6500000000003,0.0,1590.0,1590.0,1590.0,14,0,0.0,0.0,0.0,0.0,0.0,0
CA,2010-12-05,316,1544.601265822785,296.9004604286367,1521.0,945.0,1637.0,20,0,0.0,0.0,0.0,0.0,0.0,0
CA,2010-12-06,377,1538.9893899204246,3.6817870057290873,1474.0,1470.0,1477.2,17,0,0.0,0.0,0.0,0.0,0.0,0
CA,2010-12-07,389,1583.1259640102828,5.734883511361751,1495.0,1488.6,1499.8,20,0,0.0,0.0,0.0,0.0,0.0,0
CA,2010-12-08,225,1537.7555555555555,0.0,1511.0,1511.0,1511.0,20,0,0.0,0.0,0.0,0.0,0.0,0
CA,2010-12-09,126,1520.02380952381,76.00343111958902,1340.0,1149.0,1352.0,12,0,0.0,0.0,0.0,0.0,0.0,0
CA,2010-12-10,190,1501.7578947368422,92.24796216414484,1303.0,1283.5,1322.4,19,0,0.0,0.0,0.0,0.0,0.0,0
CA,2010-12-11,292,1575.013698630137,1.5,1515.5,1514.3,1516.7,20,0,0.0,0.0,0.0,0.0,0.0,0
CA,2010-12-12,173,1503.57225433526,228.21384708207347,1283.5,1110.0,1568.6,19,0,0.0,0.0,0.0,0.0,0.0,0
CA,2010-12-13,159,1510.4779874213834,342.72765411906755,1152.0,819.4,1561.8,17,0,0.0,0.0,0.0,0.0,0.0,0
CA,2010-12-14,143,1426.902097902098,58.05797868414718,1299.5,1274.7,1328.1,14,0,0.0,0.0,0.0,0.0,0.0,0
CA,2010-12-15,207,1463.951690821256,95.47229964759411,1305.0,1297.2,1446.4,19,0,0.0,0.0,0.0,0.0,0.0,0
CA,2010-12-16,226,1447.3938053097345,4.08248290463863,1505.0,1501.0,1509.0,20,0,0.0,0.0,0.0,0.0,0.0,0
CA,2010-12-17,140,1578.8500000000004,0.0,1512.0,1512.0,1512.0,22,0,0.0,0.0,0.0,0.0,0.0,0
CA,2010-12-18,210,1388.5857142857142,270.8295404862623,1114.0,817.6,1383.8,21,0,0.0,0.0,0.0,0.0,0.0,0
CA,2010-12-19,119,1425.9915966386554,8.027297179001161,1558.0,1548.1,1563.9,15,0,0.0,0.0,0.0,0.0,0.0,0
CA,2010-12-20,186,1396.290322580645,154.51488652697105,1352.0,1109.2,1434.6,21,0,0.0,0.0,0.0,0.0,0.0,0
CA,2010-12-21,291,1534.3573883161516,0.0,1514.0,1514.0,1514.0,23,0,0.0,0.0,0.0,0.0,0.0,0
CA,2010-12-22,185,1483.3945945945945,0.0,1505.0,1505.0,1505.0,18,0,0.0,0.0,0.0,0.0,0.0,0
CA,2010-12-23,189,1512.031746031746,45.03243763063994,1435.0,1421.6,1541.0,18,0,0.0,0.0,0.0,0.0,0.0,0
CA,2010-12-24,220,1605.6590909090903,54.4448344657232,1426.0,1421.2,1509.4,17,0,0.0,0.0,0.0,0.0,0.0,0
CA,2010-12-25,165,1494.8727272727272,34.415254208304525,1436.5,1429.0,1445.7,15,1,82.22,0.0,0.0,0.0,0.0,1
CA,2010-12-26,127,1454.511811023622,45.96520423102676,1412.0,1394.0,1433.0,13,0,0.0,0.0,0.0,0.0,0.0,0
CA,2010-12-27,149,1449.7382550335572,180.8610241571456,1398.0,1157.2,1421.8,18,0,0.0,0.0,0.0,0.0,0.0,0
CA,2010-12-28,293,1632.1911262798633,66.29449449237848,1426.0,1420.8,1528.2,18,0,0.0,0.0,0.0,0.0,0.0,0
CA,2010-12-29,123,1533.6747967479675,46.76214521225551,1414.0,1399.2,1431.6,14,0,0.0,0.0,0.0,0.0,0.0,0
CA,2010-12-30,120,1519.4416666666666,92.24501535119856,1407.0,1395.6,1588.6,13,0,0.0,0.0,0.0,0.0,0.0,0
CA,2010-12-31,164,1546.4390243902435,67.1338917185178,1378.0,1357.0,1406.0,16,0,0.0,0.0,0.0,0.0,0.0,0
CA,2011-01-01,198,1440.4595959595956,8.899954138840796,1415.5,1405.9,1428.2,15,0,0.0,0.0,0.0,0.0,0.0,0
CA,2011-01-02,416,1494.0961538461538,0.0,1505.0,1505.0,1505.0,20,0,0.0,0.0,0.0,0.0,0.0,0
CA,2011-01-03,245,1475.779591836734,0.0,1505.0,1505.0,1505.0,24,0,0.0,0.0,0.0,0.0,0.0,0
CA,2011-01-04,246,1486.0,163.95556286017802,1421.0,1393.2,1437.9,20,0,0.0,0.0,0.0,0.0,0.0,0
CA,2011-01-05,123,1501.3333333333333,48.70769959667568,1444.0,1438.8,1467.4,16,0,0.0,0.0,0.0,0.0,0.0,0
CA,2011-01-06,169,1502.5207100591715,4.5,1428.5,1424.9,1432.1,15,0,0.0,0.0,0.0,0.0,0.0,0
CA,2011-01-07,197,1568.3451776649747,52.08835518196106,1410.5,1401.5,1425.5,16,0,0.0,0.0,0.0,0.0,0.0,0
CA,2011-01-08,220,1526.8590909090906,58.5578417748924,1405.0,1383.8,1423.4,18,0,0.0,0.0,0.0,0.0,0.0,0
CA,2011-01-09,268,1605.8843283582091,0.0,1612.0,1612.0,1612.0,14,0,0.0,0.0,0.0,0.0,0.0,0
CA,2011-01-10,254,1498.6338582677165,57.55497597528446,1383.5,1365.3,1397.0,16,0,0.0,0.0,0.0,0.0,0.0,0
CA,2011-01-11,223,1555.3901345291476,9.52356156341056,1371.0,1358.0,1379.8,17,0,0.0,0.0,0.0,0.0,0.0,0
CA,2011-01-12,232,1447.0775862068965,35.84791724398654,1345.0,1317.6,1366.8,17,0,0.0,0.0,0.0,0.0,0.0,0
CA,2011-01-13,343,1493.5889212827992,27.411906215175744,1360.0,1318.0,1391.0,21,0,0.0,0.0,0.0,0.0,0.0,0
CA,2011-01-14,246,1440.0934959349593,42.92543903062871,1362.5,1340.4,1396.3,18,0,0.0,0.0,0.0,0.0,0.0,0
CA,2011-01-15,259,1513.6177606177607,31.342169631699434,1418.5,1405.0,1428.7,13,0,0.0,0.0,0.0,0.0,0.0,0
CA,2011-01-16,291,1536.6082474226805,0.0,1492.0,1492.0,1492.0,18,0,0.0,0.0,0.0,0.0,0.0,0
CA,2011-01-17,274,1535.551094890511,3.249615361854384,1439.0,1436.8,1444.0,19,0,0.0,0.0,0.0,0.0,0.0,0
CA,2011-01-18,314,1610.0031847133755,66.73392440630677,1425.0,1406.3,1564.6999999999998,17,0,0.0,0.0,0.0,0.0,0.0,0
CA,2011-01-19,345,1626.7739130434782,38.86738310444575,1401.5,1378.8,1426.1,17,0,0.0,0.0,0.0,0.0,0.0,0
CA,2011-01-20,289,1613.7301038062283,0.0,1480.0,1480.0,1480.0,22,0,0.0,0.0,0.0,0.0,0.0,0
CA,2011-01-21,221,1585.556561085973,57.52797107165611,1389.0,1378.6,1404.4,17,0,0.0,0.0,0.0,0.0,0.0,0
CA,2011-01-22,247,1589.0485829959514,0.0,1492.0,1492.0,1492.0,16,0,0.0,0.0,0.0,0.0,0.0,0
CA,2011-01-23,263,1603.045627376426,7.118052168020874,1505.0,1503.4,1516.2,21,0,0.0,0.0,0.0,0.0,0.0,0
CA,2011-01-24,188,1562.0851063829787,0.0,1497.0,1497.0,1497.0,19,0,0.0,0.0,0.0,0.0,0.0,0
CA,2011-01-25,215,1555.7069767441865,152.75061374672117,1505.0,1259.4,1511.2,18,0,0.0,0.0,0.0,0.0,0.0,0
CA,2011-01-26,187,1520.310160427808,15.718325099851976,1375.0,1351.2,1391.8,19,0,0.0,0.0,0.0,0.0,0.0,0
CA,2011-01-27,252,1566.81746031746,5.5,1513.5,1509.1,1517.9,18,0,0.0,0.0,0.0,0.0,0.0,0
CA,2011-01-28,214,1437.1682242990655,8.310996592458789,1364.0,1352.4,1372.4,18,0,0.0,0.0,0.0,0.0,0.0,0
CA,2011-01-29,166,1587.5361445783126,0.0,1513.0,1513.0,1513.0,20,0,0.0,0.0,0.0,0.0,0.0,0
CA,2011-01-30,203,1426.8522167487686,0.0,1147.0,1147.0,1147.0,17,0,0.0,0.0,0.0,0.0,0.0,0
CA,2011-01-31,172,1481.569767441861,119.0,1478.0,1382.8,1573.2,16,0,0.0,0.0,0.0,0.0,0.0,0
CA,2011-02-01,207,1453.961352657005,3.5,1607.5,1604.7,1610.3,18,0,0.0,0.0,0.0,0.0,0.0,0
CA,2011-02-02,197,1553.197969543147,4.0,1499.0,1495.8,1502.2,19,0,0.0,0.0,0.0,0.0,0.0,0
CA,2011-02-03,128,1487.3046875000002,5.261891294962297,1344.5,1339.2,1350.5,14,0,0.0,0.0,0.0,0.0,0.0,0
CA,2011-02-04,115,1571.4695652173914,0.5,1502.5,1502.1,1502.9,13,0,0.0,0.0,0.0,0.0,0.0,0
CA,2011-02-05,169,1476.0591715976332,0.0,1508.0,1508.0,1508.0,16,0,0.0,0.0,0.0,0.0,0.0,0
CA,2011-02-06,175,1612.6800000000003,0.0,1503.0,1503.0,1503.0,20,0,0.0,0.0,0.0,0.0,0.0,0
CA,2011-02-07,114,1461.4122807017543,2.5,1577.5,1575.5,1579.5,17,0,0.0,0.0,0.0,0.0,0.0,0
CA,2011-02-08,177,1501.768361581921,0.0,1511.0,1511.0,1511.0,22,0,0.0,0.0,0.0,0.0,0.0,0
CA,2011-02-09,204,1626.9068627450977,0.0,1518.0,1518.0,1518.0,18,0,0.0,0.0,0.0,0.0,0.0,0
CA,2011-02-10,175,1556.24,0.0,1528.0,1528.0,1528.0,18,0,0.0,0.0,0.0,0.0,0.0,0
CA,2011-02-11,149,1600.7986577181207,0.5,1429.5,1429.1,1429.9,18,0,0.0,0.0,0.0,0.0,0.0,0
CA,2011-02-12,133,1566.3157894736846,76.08712111783439,1504.5,1425.7,1580.5,15,0,0.0,0.0,0.0,0.0,0.0,0
CA,2011-02-13,189,1485.1534391534392,3.265986323710904,1400.0,1396.8,1403.2,17,0,0.0,0.0,0.0,0.0,0.0,0
CA,2011-02-14,159,1506.496855345912,216.4966640748896,1416.0,1145.0,1498.5,22,0,0.0,0.0,0.0,0.0,0.0,0
CA,2011-02-15,195,1611.0410256410253,0.0,1536.0,1536.0,1536.0,19,0,0.0,0.0,0.0,0.0,0.0,0
CA,2011-02-16,146,1526.342465753425,6.128258770283411,1524.0,1517.6,1529.6,19,0,0.0,0.0,0.0,0.0,0.0,0
CA,2011-02-17,133,1546.3609022556393,8.061288668693114,1509.5,1505.0,1523.8,21,0,0.0,0.0,0.0,0.0,0.0,0
CA,2011-02-18,233,1610.5965665236051,133.16864829564386,1493.0,1313.0,1522.0,24,0,0.0,0.0,0.0,0.0,0.0,0
CA,2011-02-19,120,1480.1833333333334,11.142710621747295,1498.0,1487.6,1512.0,19,0,0.0,0.0,0.0,0.0,0.0,0
CA,2011-02-20,194,1567.3350515463917,127.28093926429047,1496.5,1372.6,1510.9,20,0,0.0,0.0,0.0,0.0,0.0,0
CA,2011-02-21,174,1587.7816091954023,0.0,1505.0,1505.0,1505.0,18,2,78.75,0.0,0.0,0.0,0.0,2
CA,2011-02-22,141,1573.4609929078015,21.908902300206645,1511.0,1468.6,1515.4,20,0,0.0,0.0,0.0,0.0,0.0,0
CA,2011-02-23,215,1538.4976744186047,4.784233364802441,1476.0,1468.8,1477.6,20,0,0.0,0.0,0.0,0.0,0.0,0
CA,2011-02-24,156,1457.6025641025644,123.15291307963446,1222.0,1184.6,1403.2,18,0,0.0,0.0,0.0,0.0,0.0,0
CA,2011-02-25,242,1483.8305785123964,0.0,1256.0,1256.0,1256.0,24,0,0.0,0.0,0.0,0.0,0.0,0
CA,2011-02-26,166,1576.0843373493972,10.248902380255165,1498.0,1489.0,1510.2,23,0,0.0,0.0,0.0,0.0,0.0,0
CA,2011-02-27,209,1644.1961722488038,143.7991220418261,1370.0,1212.5,1507.2,20,0,0.0,0.0,0.0,0.0,0.0,0
CA,2011-02-28,259,1540.8880308880312,4.0,1593.0,1589.8,1596.2,17,0,0.0,0.0,0.0,0.0,0.0,0
CA,2011-03-01,192,1573.958333333333,8.04155872120988,1505.0,1493.8,1509.0,20,0,0.0,0.0,0.0,0.0,0.0,0
CA,2011-03-02,268,1659.2574626865671,0.0,1085.0,1085.0,1085.0,18,0,0.0,0.0,0.0,0.0,0.0,0
CA,2011-03-03,220,1598.6181818181817,298.0,1288.0,1049.6,1526.4,23,1,63.6,0.0,0.0,0.0,0.0,1
CA,2011-03-04,169,1545.2603550295858,0.0,1682.0,1682.0,1682.0,21,0,0.0,0.0,0.0,0.0,0.0,0
CA,2011-03-05,283,1691.6219081272086,0.0,1482.0,1482.0,1482.0,22,0,0.0,0.0,0.0,0.0,0.0,0
CA,2011-03-06,181,1711.3093922651933,0.0,1682.0,1682.0,1682.0,13,0,0.0,0.0,0.0,0.0,0.0,0
CA,2011-03-07,212,1525.5518867924525,180.5948071651009,1444.0,1209.0,1583.0,23,0,0.0,0.0,0.0,0.0,0.0,0
CA,2011-03-08,243,1550.80658436214,0.0,1499.0,1499.0,1499.0,16,0,0.0,0.0,0.0,0.0,0.0,0
CA,2011-03-09,317,1444.473186119874,0.0,1507.0,1507.0,1507.0,22,0,0.0,0.0,0.0,0.0,0.0,0
CA,2011-03-10,175,1555.6057142857144,5.278198082679353,1443.5,1435.5,1447.3,15,0,0.0,0.0,0.0,0.0,0.0,0
CA,2011-03-11,253,1523.5533596837945,18.44832274882728,1443.0,1427.0,1457.0,20,0,0.0,0.0,0.0,0.0,0.0,0
CA,2011-03-12,221,1629.8597285067872,42.20137666636607,1449.0,1422.0,1499.8,20,0,0.0,0.0,0.0,0.0,0.0,0
CA,2011-03-13,222,1512.5315315315315,9.003684053242443,1501.5,1493.3,1513.9,17,0,0.0,0.0,0.0,0.0,0.0,0
CA,2011-03-14,137,1536.890510948905,0.0,1517.0,1517.0,1517.0,19,0,0.0,0.0,0.0,0.0,0.0,0
CA,2011-03-15,209,1480.909090909091,0.5,1510.5,1510.1,1510.9,21,0,0.0,0.0,0.0,0.0,0.0,0
CA,2011-03-16,197,1588.1878172588833,18.62551267005078,1558.0,1532.1,1577.5,19,0,0.0,0.0,0.0,0.0,0.0,0
CA,2011-03-17,197,1578.5329949238585,10.762899237658967,1603.0,1591.4,1615.8,18,0,0.0,0.0,0.0,0.0,0.0,0
CA,2011-03-18,196,1653.1020408163265,302.9600633746963,1610.0,998.6,1621.8,23,0,0.0,0.0,0.0,0.0,0.0,0
CA,2011-03-19,328,1667.9603658536582,87.01998338686649,1662.0,1598.6,1673.4,18,0,0.0,0.0,0.0,0.0,0.0,0
CA,2011-03-20,303,1706.3399339933994,281.8347573487468,1566.0,974.0,1694.0,21,0,0.0,0.0,0.0,0.0,0.0,0
CA,2011-03-21,222,1711.4504504504505,382.650113517558,1328.0,942.9,1712.8,21,0,0.0,0.0,0.0,0.0,0.0,0
CA,2011-03-22,216,1760.824074074074,0.0,1716.0,1716.0,1716.0,17,0,0.0,0.0,0.0,0.0,0.0,0
CA,2011-03-23,166,1650.433734939759,0.0,1472.0,1472.0,1472.0,23,0,0.0,0.0,0.0,0.0,0.0,0
CA,2011-03-24,123,1557.837398373984,38.5,1279.5,1248.7,1310.3,17,0,0.0,0.0,0.0,0.0,0.0,0
CA,2011-03-25,152,1575.763157894737,0.0,1520.0,1520.0,1520.0,23,0,0.0,0.0,0.0,0.0,0.0,0
CA,2011-03-26,182,1487.7967032967033,92.3075701120986,1655.0,1561.1,1748.2,20,0,0.0,0.0,0.0,0.0,0.0,0
CA,2011-03-27,188,1474.4893617021276,0.0,1512.0,1512.0,1512.0,24,0,0.0,0.0,0.0,0.0,0.0,0
CA,2011-03-28,266,1625.5789473684213,270.899538574727,1554.0,1186.8,1666.4,21,0,0.0,0.0,0.0,0.0,0.0,0
CA,2011-03-29,206,1561.9611650485433,0.0,1509.0,1509.0,1509.0,26,0,0.0,0.0,0.0,0.0,0.0,0
CA,2011-03-30,310,1673.3967741935485,0.0,1483.0,1483.0,1483.0,21,0,0.0,0.0,0.0,0.0,0.0,0
CA,2011-03-31,231,1518.4155844155844,317.68095237203,1638.0,975.3,1756.1,21,0,0.0,0.0,0.0,0.0,0.0,0
CA,2011-04-01,240,1621.5416666666663,102.7953738691041,1749.0,1577.0,1753.8,23,0,0.0,0.0,0.0,0.0,0.0,0
CA,2011-04-02,182,1471.7032967032967,105.1358909010408,1760.0,1583.2,1763.2,17,0,0.0,0.0,0.0,0.0,0.0,0
CA,2011-04-03,128,1464.7109375,4.5,1511.5,1507.9,1515.1,17,0,0.0,0.0,0.0,0.0,0.0,0
CA,2011-04-04,171,1498.7777777777778,371.3588022384821,982.0,975.4,1736.6,25,0,0.0,0.0,0.0,0.0,0.0,0
CA,2011-04-05,271,1544.1992619926204,0.0,1472.0,1472.0,1472.0,22,0,0.0,0.0,0.0,0.0,0.0,0
CA,2011-04-06,222,1635.5360360360355,261.8731669254328,1534.0,1091.6,1538.0,22,0,0.0,0.0,0.0,0.0,0.0,0
CA,2011-04-07,167,1526.0479041916167,9.033271832508971,1445.0,1439.0,1458.4,21,0,0.0,0.0,0.0,0.0,0.0,0
CA,2011-04-08,285,1673.0947368421052,3.5,1528.5,1525.7,1531.3,22,0,0.0,0.0,0.0,0.0,0.0,0
CA,2011-04-09,240,1684.3958333333335,0.0,1517.0,1517.0,1517.0,21,0,0.0,0.0,0.0,0.0,0.0,0
CA,2011-04-10,221,1563.5248868778276,163.0281351163233,987.0,978.2,1206.6,19,0,0.0,0.0,0.0,0.0,0.0,0
CA,2011-04-11,328,1549.1493902439024,229.9601867715366,975.0,968.4,1344.9,21,0,0.0,0.0,0.0,0.0,0.0,0
CA,2011-04-12,205,1683.9219512195125,0.0,1498.0,1498.0,1498.0,23,0,0.0,0.0,0.0,0.0,0.0,0
CA,2011-04-13,219,1614.8127853881274,93.38763301422732,1485.5,1335.1,1493.1,24,0,0.0,0.0,0.0,0.0,0.0,0
CA,2011-04-14,161,1561.099378881988,4.5,1483.5,1479.9,1487.1,19,0,0.0,0.0,0.0,0.0,0.0,0
CA,2011-04-15,171,1693.3801169590643,224.3743300825654,1490.0,1031.8,1494.2,18,0,0.0,0.0,0.0,0.0,0.0,0
CA,2011-04-16,212,1552.3066037735846,0.0,1510.0,1510.0,1510.0,25,0,0.0,0.0,0.0,0.0,0.0,0
CA,2011-04-17,229,1516.3275109170306,0.0,1496.0,1496.0,1496.0,21,0,0.0,0.0,0.0,0.0,0.0,0
CA,2011-04-18,315,1657.501587301587,18.137794569261576,1462.0,1443.2,1486.8,23,0,0.0,0.0,0.0,0.0,0.0,0
CA,2011-04-19,327,1586.798165137615,232.22020201141464,1126.0,986.8,1431.6,19,0,0.0,0.0,0.0,0.0,0.0,0
CA,2011-04-20,255,1592.419607843137,84.3972090112516,1502.0,1360.4,1505.2,22,0,0.0,0.0,0.0,0.0,0.0,0
CA,2011-04-21,278,1625.3489208633096,2.943920288775949,1927.0,1922.0,1929.0,22,0,0.0,0.0,0.0,0.0,0.0,0
CA,2011-04-22,294,1592.224489795919,1.5,1507.5,1506.3,1508.7,25,0,0.0,0.0,0.0,0.0,0.0,0
CA,2011-04-23,223,1566.6053811659187,75.39669505826423,1132.0,1114.0,1167.4,18,0,0.0,0.0,0.0,0.0,0.0,0
CA,2011-04-24,250,1618.0799999999997,0.0,1424.0,1424.0,1424.0,18,0,0.0,0.0,0.0,0.0,0.0,0
CA,2011-04-25,242,1446.107438016529,97.94003267305968,1499.0,1492.1,1655.7,19,0,0.0,0.0,0.0,0.0,0.0,0
CA,2011-04-26,188,1479.5797872340422,115.531381018319,1599.0,1483.9,1716.9,18,0,0.0,0.0,0.0,0.0,0.0,0
CA,2011-04-27,221,1581.9411764705883,109.62055768270233,1722.0,1538.0,1726.0,19,0,0.0,0.0,0.0,0.0,0.0,0
CA,2011-04-28,192,1614.6614583333328,310.5916732625007,1608.0,1121.7,1721.2,18,0,0.0,0.0,0.0,0.0,0.0,0
CA,2011-04-29,227,1598.63436123348,221.3509430745665,957.0,947.8,1293.4,17,0,0.0,0.0,0.0,0.0,0.0,0
CA,2011-04-30,227,1618.5198237885468,0.5,1509.5,1509.1,1509.9,19,0,0.0,0.0,0.0,0.0,0.0,0
CA,2011-05-01,191,1586.607329842932,14.942891286494726,1703.0,1682.8,1716.5,17,0,0.0,0.0,0.0,0.0,0.0,0
CA,2011-05-02,269,1489.304832713755,0.0,1435.0,1435.0,1435.0,26,0,0.0,0.0,0.0,0.0,0.0,0
CA,2011-05-03,319,1532.8557993730406,0.0,1486.0,1486.0,1486.0,20,0,0.0,0.0,0.0,0.0,0.0,0
CA,2011-05-04,231,1579.3160173160172,0.0,1492.0,1492.0,1492.0,20,0,0.0,0.0,0.0,0.0,0.0,0
CA,2011-05-05,357,1687.0420168067224,61.05939731114286,1487.5,1390.5,1494.9,20,0,0.0,0.0,0.0,0.0,0.0,0
CA,2011-05-06,357,1714.4341736694676,59.42852850273175,1114.0,1063.0,1185.7,19,0,0.0,0.0,0.0,0.0,0.0,0
CA,2011-05-07,355,1728.9971830985912,25.525586292102197,1160.0,1140.8,1190.4,20,0,0.0,0.0,0.0,0.0,0.0,0
CA,2011-05-08,389,1594.434447300771,89.8567845826746,1148.0,1119.3,1188.8,27,0,0.0,0.0,0.0,0.0,0.0,0
CA,2011-05-09,247,1549.3886639676111,8.360671411213394,1170.0,1157.0,1181.0,24,0,0.0,0.0,0.0,0.0,0.0,0
CA,2011-05-10,292,1509.801369863014,14.180358307475698,1180.5,1164.0,1200.5,22,0,0.0,0.0,0.0,0.0,0.0,0
CA,2011-05-11,263,1655.619771863118,61.60988376695559,1176.0,1167.4,1188.8,23,0,0.0,0.0,0.0,0.0,0.0,0
CA,2011-05-12,279,1599.0967741935488,11.506429675422021,1187.0,1172.0,1198.0,25,0,0.0,0.0,0.0,0.0,0.0,0
CA,2011-05-13,237,1606.540084388186,8.10273540155757,1183.0,1172.8,1189.8,23,0,0.0,0.0,0.0,0.0,0.0,0
CA,2011-05-14,186,1595.1182795698924,0.0,1205.0,1205.0,1205.0,27,0,0.0,0.0,0.0,0.0,0.0,0
CA,2011-05-15,184,1655.75,8.968263603737109,1198.0,1187.0,1209.0,18,0,0.0,0.0,0.0,0.0,0.0,0
CA,2011-05-16,346,1448.205202312139,45.0062061692607,1242.5,1192.2,1264.6,20,0,0.0,0.0,0.0,0.0,0.0,0
CA,2011-05-17,292,1556.7705479452054,22.427313147142705,1254.5,1218.0,1275.8,23,0,0.0,0.0,0.0,0.0,0.0,0
CA,2011-05-18,367,1492.1771117166209,7.544313531837517,1198.5,1189.5,1207.5,25,0,0.0,0.0,0.0,0.0,0.0,0
CA,2011-05-19,173,1616.797687861272,0.0,1550.0,1550.0,1550.0,15,0,0.0,0.0,0.0,0.0,0.0,0
CA,2011-05-20,176,1433.3693181818185,4.861342722049588,1190.0,1183.0,1195.0,20,0,0.0,0.0,0.0,0.0,0.0,0
CA,2011-05-21,291,1468.6632302405499,11.290124831663988,1198.0,1187.2,1215.0,21,0,0.0,0.0,0.0,0.0,0.0,0
CA,2011-05-22,229,1577.5633187772926,6.0,1204.0,1199.2,1208.8,21,0,0.0,0.0,0.0,0.0,0.0,0
CA,2011-05-23,191,1437.0837696335082,10.522702729207584,1195.0,1175.0,1202.0,19,0,0.0,0.0,0.0,0.0,0.0,0
CA,2011-05-24,221,1487.1809954751134,8.979142498033985,1160.0,1149.0,1170.5,21,0,0.0,0.0,0.0,0.0,0.0,0
CA,2011-05-25,225,1402.0044444444443,3.858612300930075,1169.0,1166.6,1174.8,20,0,0.0,0.0,0.0,0.0,0.0,0
CA,2011-05-26,382,1581.5157068062827,4.758150901348127,1154.0,1150.6,1161.2,17,0,0.0,0.0,0.0,0.0,0.0,0
CA,2011-05-27,169,1531.585798816568,2.6246692913372702,1151.0,1147.0,1151.8,16,0,0.0,0.0,0.0,0.0,0.0,0
CA,2011-05-28,165,1566.812121212121,41.471543121626055,1570.0,1557.5,1626.5,17,0,0.0,0.0,0.0,0.0,0.0,0
CA,2011-05-29,259,1482.509652509653,7.176350047203662,1156.5,1148.1,1163.5,20,0,0.0,0.0,0.0,0.0,0.0,0
CA,2011-05-30,182,1598.868131868132,4.5,1179.5,1175.9,1183.1,19,0,0.0,0.0,0.0,0.0,0.0,0
CA,2011-05-31,265,1612.0943396226417,7.210019070709869,1188.5,1180.5,1196.4,19,0,0.0,0.0,0.0,0.0,0.0,0
CA,2011-06-01,287,1471.6968641114981,32.53098353307691,1233.0,1210.8,1250.6,18,0,0.0,0.0,0.0,0.0,0.0,0
CA,2011-06-02,211,1631.4549763033178,4.956957592256421,1233.0,1227.2,1239.4,21,0,0.0,0.0,0.0,0.0,0.0,0
CA,2011-06-03,174,1502.9885057471265,14.85555451674558,1214.5,1196.6,1235.3,23,0,0.0,0.0,0.0,0.0,0.0,0
CA,2011-06-04,294,1665.1496598639453,111.48318258822718,1180.5,1174.4,1358.8,18,0,0.0,0.0,0.0,0.0,0.0,0
CA,2011-06-05,205,1564.9512195121945,5.613035973473373,1182.0,1173.0,1188.0,21,0,0.0,0.0,0.0,0.0,0.0,0
CA,2011-06-06,171,1508.4736842105262,7.249827584156743,1203.0,1191.0,1207.0,21,0,0.0,0.0,0.0,0.0,0.0,0
CA,2011-06-07,186,1348.8763440860214,11.24221953174728,1215.0,1198.8,1225.3,17,0,0.0,0.0,0.0,0.0,0.0,0
CA,2011-06-08,138,1436.8985507246377,7.670691375152536,1215.0,1204.2,1219.4,13,0,0.0,0.0,0.0,0.0,0.0,0
CA,2011-06-09,255,1512.6862745098038,13.273972544322895,1180.0,1171.0,1204.0,19,0,0.0,0.0,0.0,0.0,0.0,0
CA,2011-06-10,181,1408.767955801105,9.137468650197018,1197.0,1185.0,1206.0,18,0,0.0,0.0,0.0,0.0,0.0,0
CA,2011-06-11,261,1362.4291187739464,9.069178573608527,1185.0,1172.0,1197.0,24,0,0.0,0.0,0.0,0.0,0.0,0
CA,2011-06-12,176,1495.125,118.17219075005195,1205.0,1196.2,1401.0,23,1,81.71,0.0,0.0,0.0,0.0,1
CA,2011-06-13,216,1392.1018518518513,8.498906103651086,1199.0,1188.0,1208.0,21,0,0.0,0.0,0.0,0.0,0.0,0
CA,2011-06-14,198,1371.8181818181818,12.760344387550395,1203.0,1188.3,1218.7,20,0,0.0,0.0,0.0,0.0,0.0,0
CA,2011-06-15,177,1334.8587570621467,5.431390245600108,1184.5,1178.1,1189.5,18,0,0.0,0.0,0.0,0.0,0.0,0
CA,2011-06-16,189,1468.9894179894186,2.0,1172.0,1170.4,1173.6,20,0,0.0,0.0,0.0,0.0,0.0,0
CA,2011-06-17,173,1448.398843930636,6.689544080129826,1185.5,1178.0,1195.5,22,0,0.0,0.0,0.0,0.0,0.0,0
CA,2011-06-18,201,1443.099502487562,4.47213595499958,1198.0,1193.0,1203.0,25,0,0.0,0.0,0.0,0.0,0.0,0
CA,2011-06-19,272,1402.4595588235297,10.71634265969505,1210.0,1196.0,1223.6,28,0,0.0,0.0,0.0,0.0,0.0,0
CA,2011-06-20,271,1391.8671586715868,14.746185947559457,1233.0,1222.9,1258.1,27,0,0.0,0.0,0.0,0.0,0.0,0
CA,2011-06-21,161,1425.136645962732,11.535070491317745,1245.0,1231.0,1254.0,20,0,0.0,0.0,0.0,0.0,0.0,0
CA,2011-06-22,199,1442.2010050251256,11.98552846402625,1214.0,1205.0,1234.0,22,0,0.0,0.0,0.0,0.0,0.0,0
CA,2011-06-23,183,1395.1803278688524,5.872410671997635,1238.0,1229.0,1244.0,18,0,0.0,0.0,0.0,0.0,0.0,0
CA,2011-06-24,180,1419.9444444444443,5.844655678480984,1239.0,1231.6,1244.6,21,0,0.0,0.0,0.0,0.0,0.0,0
CA,2011-06-25,244,1531.8729508196716,84.94656183358417,1225.0,1125.0,1237.2,23,0,0.0,0.0,0.0,0.0,0.0,0
CA,2011-06-26,129,1491.2868217054263,1.0,1245.0,1244.2,1245.8,19,0,0.0,0.0,0.0,0.0,0.0,0
CA,2011-06-27,236,1466.5211864406783,11.402972322064882,1235.0,1221.9,1251.3,22,0,0.0,0.0,0.0,0.0,0.0,0
CA,2011-06-28,240,1480.345833333333,5.291502622129181,1218.5,1211.1,1225.0,25,0,0.0,0.0,0.0,0.0,0.0,0
CA,2011-06-29,212,1450.481132075472,3.7712361663282534,1226.0,1226.0,1232.4,28,1,64.56,0.0,0.0,0.0,0.0,1
CA,2011-06-30,215,1499.990697674419,7.521398046336104,1235.0,1226.8,1243.6,19,0,0.0,0.0,0.0,0.0,0.0,0
CA,2011-07-01,280,1702.5428571428577,6.5383484153110105,1232.0,1225.8,1239.6,18,0,0.0,0.0,0.0,0.0,0.0,0
CA,2011-07-02,180,1561.1333333333334,5.2493385826745405,1238.0,1236.4,1246.0,18,0,0.0,0.0,0.0,0.0,0.0,0
CA,2011-07-03,199,1516.5025125628144,114.5,1343.5,1251.9,1435.1,21,0,0.0,0.0,0.0,0.0,0.0,0
CA,2011-07-04,271,1556.3653136531366,5.5,1228.5,1224.1,1232.9,23,0,0.0,0.0,0.0,0.0,0.0,0
CA,2011-07-05,129,1567.8217054263564,0.0,1222.0,1222.0,1222.0,17,0,0.0,0.0,0.0,0.0,0.0,0
CA,2011-07-06,165,1617.7878787878788,4.0276819911981905,1230.0,1223.6,1230.8,23,0,0.0,0.0,0.0,0.0,0.0,0
CA,2011-07-07,186,1474.3333333333333,14.61291175921639,1241.0,1224.0,1259.0,20,0,0.0,0.0,0.0,0.0,0.0,0
CA,2011-07-08,193,1401.9015544041447,4.968651728587948,1278.5,1274.3,1284.8,23,0,0.0,0.0,0.0,0.0,0.0,0
CA,2011-07-09,283,1500.042402826855,74.05867606162022,1459.0,1339.7,1461.4,26,0,0.0,0.0,0.0,0.0,0.0,0
CA,2011-07-10,245,1482.277551020408,4.0276819911981905,1302.0,1301.2,1308.4,22,0,0.0,0.0,0.0,0.0,0.0,0
CA,2011-07-11,248,1553.4879032258066,15.0996688705415,1443.0,1430.4,1462.1,25,0,0.0,0.0,0.0,0.0,0.0,0
CA,2011-07-12,153,1486.6732026143786,3.5,1286.5,1283.7,1289.3,20,0,0.0,0.0,0.0,0.0,0.0,0
CA,2011-07-13,191,1545.340314136126,0.0,1427.0,1427.0,1427.0,22,0,0.0,0.0,0.0,0.0,0.0,0
CA,2011-07-14,195,1438.5589743589744,45.915121116114214,1264.0,1257.0,1289.0,25,1,92.3,0.0,0.0,0.0,0.0,1
CA,2011-07-15,259,1526.4555984555984,11.563302337027256,1234.0,1223.1,1251.9,17,0,0.0,0.0,0.0,0.0,0.0,0
CA,2011-07-16,175,1542.3485714285707,8.89166623277447,1223.0,1216.6,1236.4,18,0,0.0,0.0,0.0,0.0,0.0,0
CA,2011-07-17,247,1514.2429149797572,6.164414002968976,1415.0,1410.2,1422.2,16,0,0.0,0.0,0.0,0.0,0.0,0
CA,2011-07-18,106,1491.801886792453,0.0,1414.0,1414.0,1414.0,22,0,0.0,0.0,0.0,0.0,0.0,0
CA,2011-07-19,167,1571.850299401197,3.5,1413.5,1410.7,1416.3,20,0,0.0,0.0,0.0,0.0,0.0,0
CA,2011-07-20,142,1514.4154929577464,3.5,1403.5,1400.7,1406.3,17,0,0.0,0.0,0.0,0.0,0.0,0
CA,2011-07-21,233,1503.3733905579397,0.0,1412.0,1412.0,1412.0,19,0,0.0,0.0,0.0,0.0,0.0,0
CA,2011-07-22,303,1461.6567656765674,78.87012167956887,1253.5,1239.0,1415.5,19,0,0.0,0.0,0.0,0.0,0.0,0
CA,2011-07-23,351,1441.7094017094014,54.92555258284265,1256.0,1244.4,1321.0,22,0,0.0,0.0,0.0,0.0,0.0,0
CA,2011-07-24,262,1468.2290076335878,52.391863608777605,1276.0,1245.2,1387.2,20,0,0.0,0.0,0.0,0.0,0.0,0
CA,2011-07-25,312,1570.3173076923074,27.665478213962906,1288.0,1267.0,1303.0,25,0,0.0,0.0,0.0,0.0,0.0,0
CA,2011-07-26,274,1550.5620437956204,39.21508803065091,1297.0,1286.0,1386.0,23,0,0.0,0.0,0.0,0.0,0.0,0
CA,2011-07-27,224,1533.6026785714282,39.81720733552267,1379.0,1311.7,1402.6,18,0,0.0,0.0,0.0,0.0,0.0,0
CA,2011-07-28,257,1458.8365758754865,42.23372467590326,1308.5,1301.9,1376.0,22,0,0.0,0.0,0.0,0.0,0.0,0
CA,2011-07-29,189,1413.984126984127,27.381531547672672,1313.0,1298.0,1338.1,23,0,0.0,0.0,0.0,0.0,0.0,0
CA,2011-07-30,235,1433.272340425532,9.430217075064617,1324.5,1313.5,1336.5,24,0,0.0,0.0,0.0,0.0,0.0,0
CA,2011-07-31,228,1540.7105263157891,37.114312902466914,1319.0,1310.0,1369.5,24,0,0.0,0.0,0.0,0.0,0.0,0
CA,2011-08-01,287,1587.9721254355409,8.930845424706442,1307.0,1295.4,1315.6,25,0,0.0,0.0,0.0,0.0,0.0,0
CA,2011-08-02,219,1444.9817351598174,39.76676445922594,1289.0,1271.8,1363.0,22,0,0.0,0.0,0.0,0.0,0.0,0
CA,2011-08-03,303,1459.4356435643565,7.547184905645283,1308.0,1301.0,1317.4,24,0,0.0,0.0,0.0,0.0,0.0,0
CA,2011-08-04,228,1576.9736842105262,11.432332432713412,1296.0,1287.2,1312.0,25,0,0.0,0.0,0.0,0.0,0.0,0
CA,2011-08-05,234,1588.1837606837596,47.38077141626126,1293.0,1281.6,1394.6,18,0,0.0,0.0,0.0,0.0,0.0,0
CA,2011-08-06,258,1473.9147286821703,25.716920499935448,1475.0,1463.0,1527.2,23,0,0.0,0.0,0.0,0.0,0.0,0
CA,2011-08-07,270,1480.4777777777776,60.068479439904436,1281.0,1271.4,1377.8,19,0,0.0,0.0,0.0,0.0,0.0,0
CA,2011-08-08,211,1552.3033175355447,53.751886535473794,1371.0,1305.8,1386.0,18,0,0.0,0.0,0.0,0.0,0.0,0
CA,2011-08-09,495,1485.5010101010096,21.008430847320955,1224.0,1214.0,1265.0,28,0,0.0,0.0,0.0,0.0,0.0,0
CA,2011-08-10,342,1393.3918128654975,4.47213595499958,1234.0,1228.2,1239.2,28,0,0.0,0.0,0.0,0.0,0.0,0
CA,2011-08-11,203,1470.5418719211825,73.40980860893181,1241.0,1235.2,1358.8,21,0,0.0,0.0,0.0,0.0,0.0,0
CA,2011-08-12,308,1451.1850649350645,36.41411339468514,1268.0,1240.8,1287.1,25,0,0.0,0.0,0.0,0.0,0.0,0
CA,2011-08-13,291,1472.3092783505156,38.653675978704364,1261.0,1249.8,1272.6,24,0,0.0,0.0,0.0,0.0,0.0,0
CA,2011-08-14,274,1471.5145985401457,66.45484868375104,1236.0,1209.4,1381.2,26,0,0.0,0.0,0.0,0.0,0.0,0
CA,2011-08-15,297,1405.5858585858584,57.65023910260135,1218.0,1207.0,1294.6000000000004,30,0,0.0,0.0,0.0,0.0,0.0,0
CA,2011-08-16,228,1386.6973684210525,62.221825395559996,1208.0,1191.0,1320.2,25,0,0.0,0.0,0.0,0.0,0.0,0
CA,2011-08-17,172,1426.098837209303,71.24895243539021,1367.0,1231.0,1382.0,26,0,0.0,0.0,0.0,0.0,0.0,0
CA,2011-08-18,296,1399.6148648648648,41.410620692919345,1247.0,1237.8,1278.2,25,0,0.0,0.0,0.0,0.0,0.0,0
CA,2011-08-19,320,1411.33125,58.04678381728992,1280.0,1252.4,1399.0,30,0,0.0,0.0,0.0,0.0,0.0,0
CA,2011-08-20,256,1417.3906249999998,35.53038366335644,1272.0,1257.2,1312.0,29,0,0.0,0.0,0.0,0.0,0.0,0
CA,2011-08-21,188,1356.3936170212762,0.0,1375.0,1375.0,1375.0,27,0,0.0,0.0,0.0,0.0,0.0,0
CA,2011-08-22,280,1401.8571428571427,7.323431781700741,1242.0,1233.4,1251.0,28,0,0.0,0.0,0.0,0.0,0.0,0
CA,2011-08-23,284,1467.4507042253517,8.314979788844282,1254.0,1241.5,1261.0,25,0,0.0,0.0,0.0,0.0,0.0,0
CA,2011-08-24,290,1428.0172413793102,6.299801584177076,1262.0,1253.7,1266.8,28,0,0.0,0.0,0.0,0.0,0.0,0
CA,2011-08-25,377,1432.2785145888595,15.310397905465052,1275.5,1258.5,1299.5,23,0,0.0,0.0,0.0,0.0,0.0,0
CA,2011-08-26,353,1388.181303116147,6.540298938434056,1256.0,1247.0,1262.4,24,0,0.0,0.0,0.0,0.0,0.0,0
CA,2011-08-27,252,1438.488095238095,7.995215405963439,1269.0,1259.3,1277.4,26,0,0.0,0.0,0.0,0.0,0.0,0
CA,2011-08-28,287,1424.2787456445994,4.261455150532504,1358.0,1357.0,1366.0,23,0,0.0,0.0,0.0,0.0,0.0,0
CA,2011-08-29,241,1363.7551867219913,41.03276130118469,1261.0,1244.3,1349.2,22,0,0.0,0.0,0.0,0.0,0.0,0
CA,2011-08-30,247,1362.5708502024288,5.163977794943222,1232.5,1226.0,1237.5,23,0,0.0,0.0,0.0,0.0,0.0,0
CA,2011-08-31,282,1437.2340425531916,0.0,1344.0,1344.0,1344.0,21,0,0.0,0.0,0.0,0.0,0.0,0
CA,2011-09-01,248,1434.7338709677417,46.296220148085524,1343.0,1230.9,1353.6,25,0,0.0,0.0,0.0,0.0,0.0,0
CA,2011-09-02,279,1441.1469534050177,64.82944657219544,1192.0,1174.5,1324.2000000000003,29,0,0.0,0.0,0.0,0.0,0.0,0
CA,2011-09-03,357,1448.075630252101,96.60779816695269,1204.0,1193.0,1399.0,30,0,0.0,0.0,0.0,0.0,0.0,0
CA,2011-09-04,400,1487.68,61.466015048294445,1426.0,1413.8,1440.6,27,0,0.0,0.0,0.0,0.0,0.0,0
CA,2011-09-05,343,1470.9125364431495,101.3349999862941,1434.0,1209.2,1449.0,35,0,0.0,0.0,0.0,0.0,0.0,0
CA,2011-09-06,214,1360.299065420561,5.2493385826745405,1215.0,1210.0,1222.0,25,1,79.12,0.0,0.0,0.0,0.0,1
CA,2011-09-07,244,1462.3442622950815,101.07670354735556,1231.0,1226.1,1392.7,30,0,0.0,0.0,0.0,0.0,0.0,0
CA,2011-09-08,289,1443.0899653979243,5.177408189003022,1231.0,1226.5,1238.0,25,0,0.0,0.0,0.0,0.0,0.0,0
CA,2011-09-09,414,1401.0386473429955,34.72578847898962,1278.0,1248.4,1293.9,28,1,74.6,0.0,0.0,0.0,0.0,1
CA,2011-09-10,254,1537.2125984251968,87.20838133544235,1301.0,1290.2,1477.4,25,0,0.0,0.0,0.0,0.0,0.0,0
CA,2011-09-11,306,1400.3790849673205,5.652487707545291,1282.0,1274.0,1286.8,27,0,0.0,0.0,0.0,0.0,0.0,0
CA,2011-09-12,403,1401.3672456575682,12.049281521534185,1273.0,1262.0,1291.4,31,0,0.0,0.0,0.0,0.0,0.0,0
CA,2011-09-13,338,1482.7721893491125,10.642856759348028,1264.0,1255.4,1282.6,28,0,0.0,0.0,0.0,0.0,0.0,0
CA,2011-09-14,307,1510.9609120521172,102.26015298682518,1288.5,1275.5,1498.5,25,0,0.0,0.0,0.0,0.0,0.0,0
CA,2011-09-15,248,1432.4072580645159,53.68364363332653,1280.0,1263.0,1296.5,28,0,0.0,0.0,0.0,0.0,0.0,0
CA,2011-09-16,451,1530.370288248337,11.555470085153996,1275.0,1266.6,1294.1,24,0,0.0,0.0,0.0,0.0,0.0,0
CA,2011-09-17,269,1537.033457249071,100.68542871515994,1496.0,1328.0,1501.6,28,0,0.0,0.0,0.0,0.0,0.0,0
CA,2011-09-18,346,1486.71387283237,8.56492992915634,1270.0,1259.6,1278.8,27,0,0.0,0.0,0.0,0.0,0.0,0
CA,2011-09-19,296,1469.2094594594598,6.590902821313633,1262.0,1255.0,1271.6,25,0,0.0,0.0,0.0,0.0,0.0,0
CA,2011-09-20,326,1551.831288343558,12.15734429915363,1246.5,1236.0,1264.4,30,0,0.0,0.0,0.0,0.0,0.0,0
CA,2011-09-21,283,1551.911660777386,128.2870046246133,1229.0,1221.0,1442.6,34,0,0.0,0.0,0.0,0.0,0.0,0
CA,2011-09-22,323,1513.5448916408666,97.10746302421869,1212.5,1204.0,1308.0,24,0,0.0,0.0,0.0,0.0,0.0,0
CA,2011-09-23,311,1495.9871382636654,94.7719810654063,1213.0,1199.6,1288.0,33,0,0.0,0.0,0.0,0.0,0.0,0
CA,2011-09-24,412,1456.592233009709,119.6189423044055,1229.0,1222.4,1513.6,29,0,0.0,0.0,0.0,0.0,0.0,0
CA,2011-09-25,219,1436.2374429223746,12.348675877128178,1237.0,1224.6,1253.4,30,0,0.0,0.0,0.0,0.0,0.0,0
CA,2011-09-26,326,1424.4263803680985,10.693894285993293,1223.5,1209.0,1237.5,28,0,0.0,0.0,0.0,0.0,0.0,0
CA,2011-09-27,281,1457.8327402135235,9.716749709316115,1201.0,1191.8,1215.6,29,0,0.0,0.0,0.0,0.0,0.0,0
CA,2011-09-28,247,1525.0283400809726,135.56843290382906,1240.0,1232.6,1512.0,28,0,0.0,0.0,0.0,0.0,0.0,0
CA,2011-09-29,163,1429.1963190184047,136.5,1383.5,1274.3,1492.7,31,0,0.0,0.0,0.0,0.0,0.0,0
CA,2011-09-30,193,1374.2124352331602,60.43165459530836,1249.0,1222.6,1275.6,33,0,0.0,0.0,0.0,0.0,0.0,0
CA,2011-10-01,228,1409.4254385964912,69.80150428178464,1269.0,1255.2,1283.5,27,0,0.0,0.0,0.0,0.0,0.0,0
CA,2011-10-02,312,1388.9038461538464,115.4526221377302,1244.0,1231.0,1512.0,26,0,0.0,0.0,0.0,0.0,0.0,0
CA,2011-10-03,249,1336.0040160642563,156.96138389125477,1232.0,897.0,1245.0,25,0,0.0,0.0,0.0,0.0,0.0,0
CA,2011-10-04,249,1483.409638554217,5.917840259193664,1254.0,1246.3,1261.9,28,0,0.0,0.0,0.0,0.0,0.0,0
CA,2011-10-05,262,1420.7290076335878,132.50094339286795,1383.5,1249.9,1525.4,33,0,0.0,0.0,0.0,0.0,0.0,0
CA,2011-10-06,273,1512.5531135531135,4.387482193696061,1246.5,1240.5,1249.7,25,0,0.0,0.0,0.0,0.0,0.0,0
CA,2011-10-07,274,1328.9087591240873,6.986409475214855,1249.0,1237.0,1257.0,29,0,0.0,0.0,0.0,0.0,0.0,0
CA,2011-10-08,294,1367.0612244897957,10.713333291001529,1273.0,1252.0,1281.0,26,0,0.0,0.0,0.0,0.0,0.0,0
CA,2011-10-09,171,1396.0350877192986,4.5,1278.5,1274.9,1282.1,24,0,0.0,0.0,0.0,0.0,0.0,0
CA,2011-10-10,163,1310.601226993865,100.4312921575962,1299.0,1284.4,1532.6,29,0,0.0,0.0,0.0,0.0,0.0,0
CA,2011-10-11,224,1377.8794642857142,4.5,1284.5,1280.9,1288.1,26,0,0.0,0.0,0.0,0.0,0.0,0
CA,2011-10-12,372,1512.2607526881702,82.55216154044666,1290.0,1284.1,1367.8999999999999,31,0,0.0,0.0,0.0,0.0,0.0,0
CA,2011-10-13,336,1419.925595238096,9.72967967955095,1298.5,1290.0,1311.5,28,1,67.68,0.0,0.0,0.0,0.0,1
CA,2011-10-14,234,1412.6239316239319,10.00510073993893,1342.5,1327.5,1353.0,27,0,0.0,0.0,0.0,0.0,0.0,0
CA,2011-10-15,524,1510.7538167938933,35.96887543418615,1359.0,1349.4,1369.8,35,0,0.0,0.0,0.0,0.0,0.0,0
CA,2011-10-16,388,1444.3943298969068,7.8222439235810075,1359.0,1349.0,1365.5,29,0,0.0,0.0,0.0,0.0,0.0,0
CA,2011-10-17,276,1505.8079710144923,10.915149832584461,1353.0,1332.0,1360.0,32,0,0.0,0.0,0.0,0.0,0.0,0
CA,2011-10-18,334,1433.002994011976,7.610411772495545,1339.0,1330.6,1349.8,27,0,0.0,0.0,0.0,0.0,0.0,0
CA,2011-10-19,304,1519.279605263158,6.651315659326356,1351.0,1346.8,1360.2,33,2,78.33,0.0,0.0,0.0,0.0,2
CA,2011-10-20,303,1463.0858085808584,66.16813600383664,1354.0,1348.0,1445.0,30,0,0.0,0.0,0.0,0.0,0.0,0
CA,2011-10-21,294,1509.7244897959183,14.691383008208504,1331.0,1312.2,1347.8,37,0,0.0,0.0,0.0,0.0,0.0,0
CA,2011-10-22,344,1392.0843023255818,6.202598021976132,1305.5,1299.5,1312.5,36,0,0.0,0.0,0.0,0.0,0.0,0
CA,2011-10-23,279,1337.9856630824377,5.715476066494082,1532.0,1526.4,1537.6,36,0,0.0,0.0,0.0,0.0,0.0,0
CA,2011-10-24,358,1245.287709497207,7.545694136393285,1285.0,1276.2,1292.8,38,0,0.0,0.0,0.0,0.0,0.0,0
CA,2011-10-25,356,1373.8904494382023,6.944222218666553,1276.0,1268.8,1282.4,32,0,0.0,0.0,0.0,0.0,0.0,0
CA,2011-10-26,230,1414.1130434782604,3.5,1255.5,1252.7,1258.3,33,0,0.0,0.0,0.0,0.0,0.0,0
CA,2011-10-27,260,1353.7769230769238,85.86178960154655,1261.0,1255.2,1321.0,32,0,0.0,0.0,0.0,0.0,0.0,0
CA,2011-10-28,258,1442.5348837209303,8.87724932372385,1250.0,1238.5,1259.0,30,0,0.0,0.0,0.0,0.0,0.0,0
CA,2011-10-29,393,1462.8193384223919,133.55523202031435,1261.5,1244.9,1527.4,36,0,0.0,0.0,0.0,0.0,0.0,0
CA,2011-10-30,348,1443.9051724137937,105.58734535918592,1277.5,1270.4,1446.3,34,0,0.0,0.0,0.0,0.0,0.0,0
CA,2011-10-31,324,1485.7530864197531,6.2826922749902545,1275.5,1268.0,1282.0,30,0,0.0,0.0,0.0,0.0,0.0,0
CA,2011-11-01,430,1423.5651162790698,5.313323344073621,1337.0,1330.0,1343.0,26,0,0.0,0.0,0.0,0.0,0.0,0
CA,2011-11-02,377,1494.1299734748004,0.5,1581.5,1581.1,1581.9,38,0,0.0,0.0,0.0,0.0,0.0,0
CA,2011-11-03,412,1545.2135922330094,3.0,1258.0,1255.6,1260.4,29,0,0.0,0.0,0.0,0.0,0.0,0
CA,2011-11-04,339,1505.094395280236,4.898979485566356,1258.0,1253.2,1262.8,33,0,0.0,0.0,0.0,0.0,0.0,0
CA,2011-11-05,382,1447.942408376964,91.57798503870895,1239.5,1214.5,1386.0,32,0,0.0,0.0,0.0,0.0,0.0,0
CA,2011-11-06,425,1436.0776470588235,12.206145992900462,1237.5,1223.7,1253.4,34,0,0.0,0.0,0.0,0.0,0.0,0
CA,2011-11-07,251,1413.6294820717137,71.90749265549454,1240.0,1231.4,1354.3,30,0,0.0,0.0,0.0,0.0,0.0,0
CA,2011-11-08,427,1484.189695550351,135.1073647141413,1229.0,1221.8,1454.6,34,1,90.09,0.0,0.0,0.0,0.0,1
CA,2011-11-09,351,1424.9601139601139,3.0,1236.0,1233.6,1238.4,31,0,0.0,0.0,0.0,0.0,0.0,0
CA,2011-11-10,370,1458.9864864864862,6.599663291074443,1216.0,1208.0,1220.8,30,0,0.0,0.0,0.0,0.0,0.0,0
CA,2011-11-11,325,1388.692307692308,78.40493181766905,1209.0,1203.0,1317.0,33,0,0.0,0.0,0.0,0.0,0.0,0
CA,2011-11-12,450,1414.4666666666667,11.524129275375019,1243.5,1225.0,1251.0,39,0,0.0,0.0,0.0,0.0,0.0,0
CA,2011-11-13,383,1502.7519582245432,5.802884574739972,1249.0,1242.4,1255.6,31,0,0.0,0.0,0.0,0.0,0.0,0
CA,2011-11-14,381,1472.4829396325458,4.898979485566356,1255.0,1250.2,1259.8,35,0,0.0,0.0,0.0,0.0,0.0,0
CA,2011-11-15,249,1562.192771084337,72.35081202032221,1264.0,1255.2,1371.4,31,0,0.0,0.0,0.0,0.0,0.0,0
CA,2011-11-16,263,1466.269961977186,3.5,1257.5,1254.7,1260.3,29,0,0.0,0.0,0.0,0.0,0.0,0
CA,2011-11-17,198,1523.7272727272727,5.715476066494082,1209.0,1203.4,1214.6,29,0,0.0,0.0,0.0,0.0,0.0,0
CA,2011-11-18,430,1567.704651162791,92.89898934984288,1252.0,1247.2,1407.2,29,0,0.0,0.0,0.0,0.0,0.0,0
CA,2011-11-19,473,1492.5835095137425,86.97267912155085,1272.0,1261.4,1453.2,35,0,0.0,0.0,0.0,0.0,0.0,0
CA,2011-11-20,247,1429.8178137651823,48.69944931553501,1266.0,1258.0,1273.0,27,0,0.0,0.0,0.0,0.0,0.0,0
CA,2011-11-21,275,1512.9345454545455,113.53766344437496,680.0,633.1,856.4000000000001,28,0,0.0,0.0,0.0,0.0,0.0,0
CA,2011-11-22,303,1472.3531353135313,471.790406324673,1108.0,630.8,1578.9,33,0,0.0,0.0,0.0,0.0,0.0,0
CA,2011-11-23,326,1464.748466257669,80.4609653319469,1273.0,1254.0,1431.0,36,0,0.0,0.0,0.0,0.0,0.0,0
CA,2011-11-24,325,1476.403076923077,69.29646455628166,1423.0,1305.4,1423.0,33,0,0.0,0.0,0.0,0.0,0.0,0
CA,2011-11-25,214,1410.8644859813082,6.362733296312206,1285.0,1276.0,1291.8,31,0,0.0,0.0,0.0,0.0,0.0,0
CA,2011-11-26,349,1433.5100286532952,70.85504569189128,1288.0,1277.4,1445.6,31,1,86.44,0.0,0.0,0.0,0.0,1
CA,2011-11-27,253,1476.6166007905138,368.861491619822,847.0,819.0,1583.4,26,0,0.0,0.0,0.0,0.0,0.0,0
CA,2011-11-28,304,1428.9539473684206,31.5,1471.5,1446.3,1496.7,33,0,0.0,0.0,0.0,0.0,0.0,0
CA,2011-11-29,274,1471.4270072992697,72.17494178883847,1260.5,1247.0,1358.5,26,0,0.0,0.0,0.0,0.0,0.0,0
CA,2011-11-30,388,1477.1675257731952,339.63250727808725,1249.0,810.6,1576.0,31,0,0.0,0.0,0.0,0.0,0.0,0
CA,2011-12-01,254,1408.2834645669288,0.0,1453.0,1453.0,1453.0,34,0,0.0,0.0,0.0,0.0,0.0,0
CA,2011-12-02,282,1399.6170212765962,0.0,1442.0,1442.0,1442.0,29,0,0.0,0.0,0.0,0.0,0.0,0
CA,2011-12-03,474,1475.063291139241,199.9190664646438,747.0,642.8,849.6,33,0,0.0,0.0,0.0,0.0,0.0,0
CA,2011-12-04,342,1506.9912280701753,0.0,1426.0,1426.0,1426.0,34,0,0.0,0.0,0.0,0.0,0.0,0
CA,2011-12-05,293,1435.3515358361778,54.43265178408006,1058.0,1010.6,1132.4,35,0,0.0,0.0,0.0,0.0,0.0,0
CA,2011-12-06,358,1513.0446927374305,207.2878310416682,1256.0,1049.6000000000001,1412.8,30,0,0.0,0.0,0.0,0.0,0.0,0
CA,2011-12-07,182,1401.5769230769235,6.599663291074443,1424.0,1416.0,1428.8,28,0,0.0,0.0,0.0,0.0,0.0,0
CA,2011-12-08,360,1493.138888888889,0.0,1232.0,1232.0,1232.0,34,0,0.0,0.0,0.0,0.0,0.0,0
CA,2011-12-09,348,1493.2155172413798,88.88581157867661,1340.0,1251.1,1432.4,31,0,0.0,0.0,0.0,0.0,0.0,0
CA,2011-12-10,296,1461.364864864865,119.00823500917909,1429.0,1238.4,1500.0,41,0,0.0,0.0,0.0,0.0,0.0,0
CA,2011-12-11,261,1376.0383141762454,74.17149047983328,1255.0,1238.5,1292.6999999999998,30,0,0.0,0.0,0.0,0.0,0.0,0
CA,2011-12-12,255,1437.2392156862745,38.104972374581116,1273.0,1263.4,1283.6,31,0,0.0,0.0,0.0,0.0,0.0,0
CA,2011-12-13,348,1492.442528735632,220.62358312768552,1269.0,784.0,1312.4,34,1,59.85,0.0,0.0,0.0,0.0,1
CA,2011-12-14,305,1385.6459016393442,10.709224995301948,1466.0,1456.4,1479.1,35,0,0.0,0.0,0.0,0.0,0.0,0
CA,2011-12-15,216,1412.2222222222229,66.87087771006364,1259.0,1248.2,1339.0,30,0,0.0,0.0,0.0,0.0,0.0,0
CA,2011-12-16,325,1449.0307692307692,90.49681469194236,1257.0,1246.6,1449.6,35,0,0.0,0.0,0.0,0.0,0.0,0
CA,2011-12-17,263,1400.1520912547537,93.72566350792081,1259.5,1249.0,1408.6000000000001,29,0,0.0,0.0,0.0,0.0,0.0,0
CA,2011-12-18,312,1394.0064102564102,81.65524007246881,1272.0,1251.0,1457.0,32,0,0.0,0.0,0.0,0.0,0.0,0
CA,2011-12-19,282,1396.9858156028372,9.826595721361208,1100.0,1088.0,1109.0,31,0,0.0,0.0,0.0,0.0,0.0,0
CA,2011-12-20,278,1376.6510791366904,3.840572873934304,1276.5,1270.7,1280.3,31,0,0.0,0.0,0.0,0.0,0.0,0
CA,2011-12-21,371,1418.6253369272245,14.522013940527977,1283.0,1260.6,1287.0,32,0,0.0,0.0,0.0,0.0,0.0,0
CA,2011-12-22,256,1494.9843750000005,75.96636682696422,1300.0,1293.6,1425.6,36,0,0.0,0.0,0.0,0.0,0.0,0
CA,2011-12-23,241,1279.6016597510372,67.85380526461938,1311.0,1303.5,1451.0,34,0,0.0,0.0,0.0,0.0,0.0,0
CA,2011-12-24,364,1477.2417582417577,39.61528863645954,1290.5,1279.0,1300.0,34,0,0.0,0.0,0.0,0.0,0.0,0
CA,2011-12-25,264,1409.4583333333333,55.854582399298266,1292.0,1285.1,1345.6,31,0,0.0,0.0,0.0,0.0,0.0,0
CA,2011-12-26,391,1433.1023017902812,62.28073538422616,1299.5,1282.7,1444.9,31,0,0.0,0.0,0.0,0.0,0.0,0
CA,2011-12-27,344,1297.130813953489,63.81537701643703,1296.0,1283.0,1453.0,29,0,0.0,0.0,0.0,0.0,0.0,0
CA,2011-12-28,321,1344.8224299065419,7.041543391425869,1293.0,1285.5,1303.4,31,0,0.0,0.0,0.0,0.0,0.0,0
CA,2011-12-29,277,1368.6028880866431,57.56916869013717,1311.5,1302.8,1447.3,38,0,0.0,0.0,0.0,0.0,0.0,0
CA,2011-12-30,396,1460.310606060606,2.5,1316.5,1314.5,1318.5,40,0,0.0,0.0,0.0,0.0,0.0,0
CA,2011-12-31,329,1384.1732522796353,41.53115378476593,1317.5,1291.6,1325.4,31,0,0.0,0.0,0.0,0.0,0.0,0
CA,2012-01-01,273,1437.919413919414,12.927146286443545,1265.0,1250.4,1280.6,28,0,0.0,0.0,0.0,0.0,0.0,0
CA,2012-01-02,362,1389.6049723756905,82.20435241248212,1235.0,1230.0,1346.0,28,0,0.0,0.0,0.0,0.0,0.0,0
CA,2012-01-03,423,1389.572104018913,89.95465524362815,1239.5,1231.6,1460.4,36,0,0.0,0.0,0.0,0.0,0.0,0
CA,2012-01-04,461,1455.288503253796,102.04043316254591,1223.5,1214.4,1386.6000000000001,33,0,0.0,0.0,0.0,0.0,0.0,0
CA,2012-01-05,281,1482.67615658363,84.91147851541315,1206.0,1199.0,1309.4,26,0,0.0,0.0,0.0,0.0,0.0,0
CA,2012-01-06,307,1351.3811074918565,5.664154361252805,1199.0,1192.0,1206.0,33,0,0.0,0.0,0.0,0.0,0.0,0
CA,2012-01-07,340,1431.5499999999997,93.87521267914953,1194.5,1182.5,1321.0,28,0,0.0,0.0,0.0,0.0,0.0,0
CA,2012-01-08,339,1427.3893805309735,7.378647873726218,1201.0,1192.6,1210.2,31,0,0.0,0.0,0.0,0.0,0.0,0
CA,2012-01-09,335,1344.3432835820897,6.0,1185.0,1180.2,1189.8,29,0,0.0,0.0,0.0,0.0,0.0,0
CA,2012-01-10,289,1413.688581314879,10.273129517466652,1209.0,1191.0,1214.0,32,1,77.2,0.0,0.0,0.0,0.0,1
CA,2012-01-11,455,1510.4879120879118,9.09065454189081,1237.0,1225.8,1246.4,27,0,0.0,0.0,0.0,0.0,0.0,0
CA,2012-01-12,329,1420.060790273556,8.381527307120106,1245.5,1235.3,1252.9,33,0,0.0,0.0,0.0,0.0,0.0,0
CA,2012-01-13,482,1581.873443983402,102.5,1329.5,1247.5,1411.5,32,0,0.0,0.0,0.0,0.0,0.0,0
CA,2012-01-14,376,1546.5159574468084,104.20919131993854,1220.0,1215.2,1394.4,35,0,0.0,0.0,0.0,0.0,0.0,0
CA,2012-01-15,443,1502.9142212189622,278.7254628779181,900.0,568.8,1218.2,38,0,0.0,0.0,0.0,0.0,0.0,0
CA,2012-01-16,280,1442.4535714285716,206.0038355150544,819.0,684.0,1211.4,40,0,0.0,0.0,0.0,0.0,0.0,0
CA,2012-01-17,320,1477.05625,194.15343302541822,1025.0,801.0,1208.0,35,0,0.0,0.0,0.0,0.0,0.0,0
CA,2012-01-18,435,1524.6620689655176,142.89225155884262,1210.0,859.0,1218.6,38,0,0.0,0.0,0.0,0.0,0.0,0
CA,2012-01-19,326,1381.7116564417179,157.36648049592222,1214.0,895.8,1252.3,41,0,0.0,0.0,0.0,0.0,0.0,0
CA,2012-01-20,353,1510.3512747875357,222.43779893368767,1264.0,855.0,1299.6,33,0,0.0,0.0,0.0,0.0,0.0,0
CA,2012-01-21,271,1290.0959409594093,196.7231363675139,1283.0,820.5,1293.0,32,0,0.0,0.0,0.0,0.0,0.0,0
CA,2012-01-22,276,1361.1340579710145,160.25565207953665,1272.5,850.7,1299.4,39,0,0.0,0.0,0.0,0.0,0.0,0
CA,2012-01-23,252,1474.686507936508,9.590848502609141,797.5,783.5,806.4,33,0,0.0,0.0,0.0,0.0,0.0,0
CA,2012-01-24,342,1399.991228070176,258.56227489717054,796.5,774.0,1313.8,34,0,0.0,0.0,0.0,0.0,0.0,0
CA,2012-01-25,367,1447.035422343324,221.00114056771608,1313.5,789.5,1324.9,39,0,0.0,0.0,0.0,0.0,0.0,0
CA,2012-01-26,399,1452.8947368421057,266.7762314980622,1281.0,773.0,1323.0,47,0,0.0,0.0,0.0,0.0,0.0,0
CA,2012-01-27,336,1439.782738095238,14.579437574886077,806.0,788.6,821.6,35,0,0.0,0.0,0.0,0.0,0.0,0
CA,2012-01-28,366,1456.366120218579,199.10205336540602,1279.0,818.2,1302.0,42,0,0.0,0.0,0.0,0.0,0.0,0
CA,2012-01-29,358,1360.5726256983237,166.0073579892602,1224.0,837.8,1235.8,42,1,83.58,0.0,0.0,0.0,0.0,1
CA,2012-01-30,375,1419.04,124.81694277777186,1176.5,856.3,1202.0,39,0,0.0,0.0,0.0,0.0,0.0,0
CA,2012-01-31,530,1431.9660377358493,177.87383372250258,1197.5,843.9,1246.1,38,0,0.0,0.0,0.0,0.0,0.0,0
CA,2012-02-01,419,1496.338902147972,216.370629493652,1253.0,835.0,1285.8,38,0,0.0,0.0,0.0,0.0,0.0,0
CA,2012-02-02,268,1426.414179104478,204.92001614715795,860.0,846.4,1270.6,33,0,0.0,0.0,0.0,0.0,0.0,0
CA,2012-02-03,348,1473.9683908045981,204.7075675411556,1251.0,856.0,1295.0,36,0,0.0,0.0,0.0,0.0,0.0,0
CA,2012-02-04,382,1544.6151832460728,174.18575514639068,1279.5,859.4,1293.3,34,0,0.0,0.0,0.0,0.0,0.0,0
CA,2012-02-05,282,1457.113475177305,236.03177752158712,1077.5,844.0,1307.6,30,0,0.0,0.0,0.0,0.0,0.0,0
CA,2012-02-06,215,1363.3627906976742,68.46085661813537,1296.0,1288.0,1437.0,33,0,0.0,0.0,0.0,0.0,0.0,0
CA,2012-02-07,383,1498.6475195822454,7.921051417302855,1286.5,1277.4,1296.7,34,0,0.0,0.0,0.0,0.0,0.0,0
CA,2012-02-08,315,1490.844444444445,172.85968940797684,1284.5,872.0,1291.9,32,0,0.0,0.0,0.0,0.0,0.0,0
CA,2012-02-09,352,1396.5482954545457,178.6105905470209,1287.0,867.7,1319.3,39,0,0.0,0.0,0.0,0.0,0.0,0
CA,2012-02-10,438,1366.367579908676,217.35929356712586,1312.0,871.5,1337.5,38,0,0.0,0.0,0.0,0.0,0.0,0
CA,2012-02-11,265,1462.8830188679249,5.206833117271103,1310.0,1301.8,1315.4,28,0,0.0,0.0,0.0,0.0,0.0,0
CA,2012-02-12,398,1386.997487437186,167.75422351217523,1297.0,845.6,1316.6,38,1,95.79,0.0,0.0,0.0,0.0,1
CA,2012-02-13,279,1367.1218637992833,121.54551091870812,1286.0,1266.1,1298.2,34,0,0.0,0.0,0.0,0.0,0.0,0
CA,2012-02-14,441,1464.780045351474,159.90447148219465,1254.5,858.5,1263.3,40,0,0.0,0.0,0.0,0.0,0.0,0
CA,2012-02-15,370,1360.5270270270266,195.247797483468,1240.0,838.4,1252.6,35,0,0.0,0.0,0.0,0.0,0.0,0
CA,2012-02-16,436,1441.6674311926606,208.11095206006564,1041.0,832.0,1253.7,42,0,0.0,0.0,0.0,0.0,0.0,0
CA,2012-02-17,459,1375.211328976035,193.90008148528457,1250.0,822.4,1369.6000000000004,40,1,98.09,0.0,0.0,0.0,0.0,1
CA,2012-02-18,430,1335.0441860465112,112.02682631427878,1257.0,1235.3,1272.7,39,0,0.0,0.0,0.0,0.0,0.0,0
CA,2012-02-19,459,1431.9302832244,178.74021963649503,1290.0,844.6,1312.0,42,1,56.26,0.0,0.0,0.0,0.0,1
CA,2012-02-20,489,1427.3169734151325,220.92920650225105,1293.0,852.2,1306.8,39,0,0.0,0.0,0.0,0.0,0.0,0
CA,2012-02-21,413,1388.6658595641643,161.43901497331913,1272.5,911.6,1294.4,42,0,0.0,0.0,0.0,0.0,0.0,0
CA,2012-02-22,382,1392.3010471204188,194.82342869210296,1253.0,875.6,1284.2,38,0,0.0,0.0,0.0,0.0,0.0,0
CA,2012-02-23,450,1368.2555555555555,166.80728847266627,1299.5,903.4,1307.9,39,0,0.0,0.0,0.0,0.0,0.0,0
CA,2012-02-24,430,1382.5790697674418,183.31027871896237,1269.0,911.0,1298.5,43,0,0.0,0.0,0.0,0.0,0.0,0
CA,2012-02-25,479,1459.2755741127353,170.28183935291705,1251.0,911.4,1268.0,44,0,0.0,0.0,0.0,0.0,0.0,0
CA,2012-02-26,367,1488.3242506811996,159.42258811097003,907.0,889.0,1248.0,42,0,0.0,0.0,0.0,0.0,0.0,0
CA,2012-02-27,376,1405.409574468085,179.76423364567472,874.0,854.6,1255.4,38,0,0.0,0.0,0.0,0.0,0.0,0
CA,2012-02-28,428,1415.4509345794384,158.3735694489456,854.0,846.5,1042.0,39,0,0.0,0.0,0.0,0.0,0.0,0
CA,2012-02-29,502,1384.6055776892433,174.23891894910344,854.0,841.0,1244.8,39,0,0.0,0.0,0.0,0.0,0.0,0
CA,2012-03-01,478,1409.5125523012553,161.7626951746694,869.0,860.0,1249.8,37,0,0.0,0.0,0.0,0.0,0.0,0
CA,2012-03-02,437,1531.2883295194506,164.9697285500236,899.0,884.0,1260.0,37,0,0.0,0.0,0.0,0.0,0.0,0
CA,2012-03-03,386,1482.556994818653,111.89699504454978,908.5,893.3,1143.2999999999997,37,0,0.0,0.0,0.0,0.0,0.0,0
CA,2012-03-04,439,1409.4009111617313,156.66083519485852,940.0,908.0,1239.2,36,0,0.0,0.0,0.0,0.0,0.0,0
CA,2012-03-05,366,1421.3770491803282,154.81550259502438,1087.0,921.5,1239.5,40,0,0.0,0.0,0.0,0.0,0.0,0
CA,2012-03-06,453,1399.8918322295808,106.49052862569802,1262.0,1167.8,1277.8,43,0,0.0,0.0,0.0,0.0,0.0,0
CA,2012-03-07,454,1434.4405286343613,206.66888122073036,1287.0,894.0,1331.8,43,0,0.0,0.0,0.0,0.0,0.0,0
CA,2012-03-08,339,1392.7610619469024,148.7429320465178,878.0,868.4,977.7999999999997,36,0,0.0,0.0,0.0,0.0,0.0,0
CA,2012-03-09,506,1410.701581027668,177.62027758734104,1231.0,906.5,1291.4,48,0,0.0,0.0,0.0,0.0,0.0,0
CA,2012-03-10,580,1412.794827586207,134.69444086409564,1261.0,955.0,1293.8,37,1,78.68,0.0,0.0,0.0,0.0,1
CA,2012-03-11,418,1418.8803827751196,147.08253055326065,1259.0,927.5,1288.0,38,1,65.84,0.0,0.0,0.0,0.0,1
CA,2012-03-12,462,1339.6601731601731,184.17203612082074,935.0,914.8,1297.4,37,1,59.64,0.0,0.0,0.0,0.0,1
CA,2012-03-13,484,1532.9876033057851,160.78076261537294,1302.0,948.4,1318.6,36,0,0.0,0.0,0.0,0.0,0.0,0
CA,2012-03-14,440,1468.3090909090906,151.48553286260264,963.0,954.4,1304.6,41,0,0.0,0.0,0.0,0.0,0.0,0
CA,2012-03-15,416,1469.870192307692,154.6463542989591,972.0,961.6,1306.3,44,0,0.0,0.0,0.0,0.0,0.0,0
CA,2012-03-16,459,1453.4117647058824,194.39699724148576,1281.0,928.8,1416.2,41,0,0.0,0.0,0.0,0.0,0.0,0
CA,2012-03-17,501,1570.1417165668663,219.53242926729527,1284.0,911.8,1444.1,37,0,0.0,0.0,0.0,0.0,0.0,0
CA,2012-03-18,431,1506.1693735498836,237.32538811460944,1287.5,923.5,1441.0,36,0,0.0,0.0,0.0,0.0,0.0,0
CA,2012-03-19,366,1328.4781420765025,204.06400380042246,1285.0,946.4,1445.4,46,0,0.0,0.0,0.0,0.0,0.0,0
CA,2012-03-20,394,1414.4365482233502,186.6495527869155,1293.5,970.6,1424.7,44,0,0.0,0.0,0.0,0.0,0.0,0
CA,2012-03-21,487,1398.3921971252566,163.71833666946026,1160.0,985.0,1406.0,41,0,0.0,0.0,0.0,0.0,0.0,0
CA,2012-03-22,582,1426.3780068728524,149.38377913745438,1267.0,982.6,1282.8,41,0,0.0,0.0,0.0,0.0,0.0,0
CA,2012-03-23,388,1482.7731958762881,179.04150182290138,1282.0,959.0,1456.4,41,0,0.0,0.0,0.0,0.0,0.0,0
CA,2012-03-24,567,1596.7037037037035,205.05841235935395,962.0,952.1,1462.5000000000002,45,0,0.0,0.0,0.0,0.0,0.0,0
CA,2012-03-25,307,1433.9771986970688,176.3382828542912,1124.0,961.8,1306.4000000000003,40,0,0.0,0.0,0.0,0.0,0.0,0
CA,2012-03-26,359,1430.7381615598886,156.5374172848271,944.5,917.4,1277.8,37,0,0.0,0.0,0.0,0.0,0.0,0
CA,2012-03-27,532,1483.9135338345864,196.20080229432457,1243.0,875.8,1270.8,41,1,94.39,0.0,0.0,0.0,0.0,1
CA,2012-03-28,594,1503.804713804714,254.74944567841925,1192.0,827.4,1512.4,47,0,0.0,0.0,0.0,0.0,0.0,0
CA,2012-03-29,568,1519.1373239436625,222.72588627251886,1188.0,817.8,1489.0,47,0,0.0,0.0,0.0,0.0,0.0,0
CA,2012-03-30,560,1490.5196428571423,142.7121167381694,1178.5,841.2,1204.0,48,0,0.0,0.0,0.0,0.0,0.0,0
CA,2012-03-31,391,1475.4245524296675,104.68937015399565,1219.0,1186.0,1246.2,39,0,0.0,0.0,0.0,0.0,0.0,0
CA,2012-04-01,419,1547.7470167064441,264.34335654767574,1221.0,845.6,1470.6,39,0,0.0,0.0,0.0,0.0,0.0,0
CA,2012-04-02,494,1517.8886639676114,188.3531853664098,1025.0,852.4,1245.9,39,0,0.0,0.0,0.0,0.0,0.0,0
CA,2012-04-03,553,1529.8083182640141,192.80315234859506,1261.5,970.8000000000001,1499.6,42,0,0.0,0.0,0.0,0.0,0.0,0
CA,2012-04-04,387,1471.0206718346244,216.58299290718824,1278.0,857.4,1296.6,42,0,0.0,0.0,0.0,0.0,0.0,0
CA,2012-04-05,546,1511.8553113553114,191.95508363216487,1258.0,845.8,1273.0,36,0,0.0,0.0,0.0,0.0,0.0,0
CA,2012-04-06,401,1486.326683291771,10.9288608738514,898.0,885.0,909.6,41,1,74.07,0.0,0.0,0.0,0.0,1
CA,2012-04-07,686,1393.5276967930029,153.83550175430898,1266.5,1032.7,1490.1,41,0,0.0,0.0,0.0,0.0,0.0,0
CA,2012-04-08,368,1469.1358695652175,239.68045617943105,1232.0,907.4,1508.9,37,0,0.0,0.0,0.0,0.0,0.0,0
CA,2012-04-09,487,1425.858316221766,209.5292371591368,1217.0,921.0,1473.6,45,1,72.7,0.0,0.0,0.0,0.0,1
CA,2012-04-10,562,1488.1120996441284,230.06417266864125,941.0,916.6,1465.2,44,0,0.0,0.0,0.0,0.0,0.0,0
CA,2012-04-11,490,1477.3612244897963,176.7687357832635,1250.5,939.3,1475.4,41,1,56.95,0.0,0.0,0.0,0.0,1
CA,2012-04-12,364,1463.0851648351643,176.98759837153636,1291.5,963.8,1471.7,36,0,0.0,0.0,0.0,0.0,0.0,0
CA,2012-04-13,312,1496.1602564102564,209.95138326130012,1330.5,941.4,1475.3,38,0,0.0,0.0,0.0,0.0,0.0,0
CA,2012-04-14,567,1488.6172839506169,148.0059033890761,1317.0,1171.6000000000001,1495.0,41,1,89.6,0.0,0.0,0.0,0.0,1
CA,2012-04-15,482,1390.4502074688794,146.37450322381704,1318.0,971.0,1337.0,42,0,0.0,0.0,0.0,0.0,0.0,0
CA,2012-04-16,413,1417.73607748184,224.79233897814512,1302.5,963.4,1513.6,38,0,0.0,0.0,0.0,0.0,0.0,0
CA,2012-04-17,300,1465.2766666666666,181.3280711169674,1286.5,974.7,1523.0,34,0,0.0,0.0,0.0,0.0,0.0,0
CA,2012-04-18,360,1464.8027777777777,257.63730756340533,1000.0,982.6,1526.0,33,0,0.0,0.0,0.0,0.0,0.0,0
CA,2012-04-19,482,1499.6390041493778,186.75717671767143,1018.0,1000.5,1351.1,35,0,0.0,0.0,0.0,0.0,0.0,0
CA,2012-04-20,510,1550.9862745098037,186.11797000916,1360.0,1002.3,1506.4,31,0,0.0,0.0,0.0,0.0,0.0,0
CA,2012-04-21,366,1403.8005464480875,210.641824894919,1356.5,990.0,1514.5,30,0,0.0,0.0,0.0,0.0,0.0,0
CA,2012-04-22,470,1511.3765957446808,143.02534542208446,1309.0,977.0,1327.0,38,0,0.0,0.0,0.0,0.0,0.0,0
CA,2012-04-23,285,1510.5929824561406,156.79983258919634,1132.0,972.0,1288.5,35,0,0.0,0.0,0.0,0.0,0.0,0
CA,2012-04-24,443,1436.7381489841985,97.5004273494908,1278.0,1260.8,1507.6,37,0,0.0,0.0,0.0,0.0,0.0,0
CA,2012-04-25,389,1482.604113110541,148.96149617854272,1251.5,1226.0,1545.0,33,0,0.0,0.0,0.0,0.0,0.0,0
CA,2012-04-26,423,1450.6973995271867,140.8848481346559,1253.0,1233.8,1556.4,33,0,0.0,0.0,0.0,0.0,0.0,0
CA,2012-04-27,495,1491.5414141414135,142.15504055627275,1405.5,1265.0,1554.9,36,0,0.0,0.0,0.0,0.0,0.0,0
CA,2012-04-28,361,1495.825484764543,233.94985726493982,1298.0,975.2,1566.9,37,0,0.0,0.0,0.0,0.0,0.0,0
CA,2012-04-29,278,1470.2589928057553,172.4816415351694,1315.5,973.5,1496.1000000000001,31,0,0.0,0.0,0.0,0.0,0.0,0
CA,2012-04-30,390,1473.125641025641,167.7424974612738,1325.0,1303.6,1561.2,35,1,88.58,0.0,0.0,0.0,0.0,1
CA,2012-05-01,382,1518.4476439790576,80.18937747813347,1363.5,1338.6,1382.5,39,1,72.79,0.0,0.0,0.0,0.0,1
CA,2012-05-02,487,1476.0184804928126,82.96134569807927,1368.0,1349.8,1448.9999999999998,32,0,0.0,0.0,0.0,0.0,0.0,0
CA,2012-05-03,374,1493.965240641712,290.4654779931983,1538.0,955.0,1562.4,43,1,93.73,0.0,0.0,0.0,0.0,1
CA,2012-05-04,342,1500.1783625730993,159.70280570354575,1351.0,966.6,1373.4,32,0,0.0,0.0,0.0,0.0,0.0,0
CA,2012-05-05,309,1514.5501618122983,156.99349243413457,1321.0,1087.8,1565.6,30,0,0.0,0.0,0.0,0.0,0.0,0
CA,2012-05-06,309,1505.6181229773458,213.32970287837912,1565.0,1055.6000000000001,1589.8,30,0,0.0,0.0,0.0,0.0,0.0,0
CA,2012-05-07,348,1427.5948275862072,118.58881359881735,1301.5,1001.5,1327.0,31,0,0.0,0.0,0.0,0.0,0.0,0
CA,2012-05-08,412,1444.4223300970878,108.4505763009123,1289.0,1253.9,1338.9000000000003,34,0,0.0,0.0,0.0,0.0,0.0,0
CA,2012-05-09,362,1529.4116022099452,164.1542494119479,1223.0,1194.2,1571.2,33,0,0.0,0.0,0.0,0.0,0.0,0
CA,2012-05-10,545,1520.812844036697,118.7857787131515,1259.5,1137.7,1276.6,38,0,0.0,0.0,0.0,0.0,0.0,0
CA,2012-05-11,445,1551.1752808988767,113.85082169224779,1271.0,1001.2,1300.8,31,0,0.0,0.0,0.0,0.0,0.0,0
CA,2012-05-12,419,1438.035799522673,221.77377993679872,1316.0,993.8,1571.6,34,0,0.0,0.0,0.0,0.0,0.0,0
CA,2012-05-13,415,1527.166265060241,229.1550460364487,1303.0,988.1,1551.9,31,0,0.0,0.0,0.0,0.0,0.0,0
CA,2012-05-14,358,1488.3351955307267,125.3803934255893,1483.5,1275.2,1546.3,31,0,0.0,0.0,0.0,0.0,0.0,0
CA,2012-05-15,466,1574.5772532188842,185.45980879835528,1302.0,971.6,1536.0,37,0,0.0,0.0,0.0,0.0,0.0,0
CA,2012-05-16,407,1514.7371007371014,171.7208618659946,1304.0,942.6,1518.2,34,0,0.0,0.0,0.0,0.0,0.0,0
CA,2012-05-17,602,1481.9966777408633,193.99064051855453,1273.0,1183.4,1533.6,36,0,0.0,0.0,0.0,0.0,0.0,0
CA,2012-05-18,488,1508.5266393442628,146.40234980530246,1290.0,1240.6,1514.8,33,0,0.0,0.0,0.0,0.0,0.0,0
CA,2012-05-19,504,1558.0813492063492,217.52617229489957,1528.0,1052.0,1550.0,32,0,0.0,0.0,0.0,0.0,0.0,0
CA,2012-05-20,387,1515.397932816537,219.51978015101744,1321.0,922.4,1547.2,30,0,0.0,0.0,0.0,0.0,0.0,0
CA,2012-05-21,397,1572.6624685138536,213.55859749450505,1518.0,929.4,1537.0,37,0,0.0,0.0,0.0,0.0,0.0,0
CA,2012-05-22,373,1425.997319034852,260.4710484714889,1453.5,910.7,1510.4,41,0,0.0,0.0,0.0,0.0,0.0,0
CA,2012-05-23,316,1514.9145569620252,288.03350807700815,941.0,922.2,1535.6,35,0,0.0,0.0,0.0,0.0,0.0,0
CA,2012-05-24,372,1434.0860215053763,178.0783700300323,1329.0,931.6,1453.6000000000004,39,0,0.0,0.0,0.0,0.0,0.0,0
CA,2012-05-25,434,1511.1451612903222,162.3279420438009,1327.0,953.3,1365.1,33,0,0.0,0.0,0.0,0.0,0.0,0
CA,2012-05-26,360,1524.0944444444444,118.4297247645874,1317.0,1288.8,1533.4,35,0,0.0,0.0,0.0,0.0,0.0,0
CA,2012-05-27,392,1598.9362244897957,185.96689893634297,1182.5,940.3,1292.8,30,0,0.0,0.0,0.0,0.0,0.0,0
CA,2012-05-28,306,1464.0196078431377,196.47303713483856,1337.5,942.7,1377.0,39,0,0.0,0.0,0.0,0.0,0.0,0
CA,2012-05-29,327,1516.1926605504586,129.83303618089894,1367.0,1344.2,1537.0,37,0,0.0,0.0,0.0,0.0,0.0,0
CA,2012-05-30,346,1470.4595375722542,56.85164905260005,1376.5,1363.3,1522.9,35,0,0.0,0.0,0.0,0.0,0.0,0
CA,2012-05-31,402,1502.0597014925372,171.40708998133002,1305.0,958.8,1342.3,31,0,0.0,0.0,0.0,0.0,0.0,0
CA,2012-06-01,369,1453.9756097560976,83.76720048772683,1307.0,1284.4,1316.7,39,0,0.0,0.0,0.0,0.0,0.0,0
CA,2012-06-02,457,1470.9846827133476,117.2516916026096,1282.0,1271.0,1555.0,35,0,0.0,0.0,0.0,0.0,0.0,0
CA,2012-06-03,467,1515.6167023554603,4.520785330006281,1287.5,1283.4,1293.9,38,0,0.0,0.0,0.0,0.0,0.0,0
CA,2012-06-04,370,1424.3918918918916,100.59229592767034,1306.5,1297.5,1551.7,37,0,0.0,0.0,0.0,0.0,0.0,0
CA,2012-06-05,241,1383.3817427385895,98.14099205218812,1302.0,1231.0,1308.8,39,0,0.0,0.0,0.0,0.0,0.0,0
CA,2012-06-06,251,1333.3426294820722,104.14175998531765,1314.0,1204.1000000000001,1331.1,36,1,61.09,0.0,0.0,0.0,0.0,1
CA,2012-06-07,263,1416.2813688212927,145.4675412439337,994.0,988.0,1299.5,34,0,0.0,0.0,0.0,0.0,0.0,0
CA,2012-06-08,252,1438.0238095238099,181.72564486059747,1290.0,999.2,1550.9,38,0,0.0,0.0,0.0,0.0,0.0,0
CA,2012-06-09,345,1444.3217391304345,123.76595240184959,1568.0,1280.0,1592.8,36,0,0.0,0.0,0.0,0.0,0.0,0
CA,2012-06-10,351,1424.2051282051282,195.3966222840098,1273.0,1092.2,1607.8,36,0,0.0,0.0,0.0,0.0,0.0,0
CA,2012-06-11,278,1366.017985611511,161.04891892128393,1283.0,1098.0,1615.2,34,0,0.0,0.0,0.0,0.0,0.0,0
CA,2012-06-12,319,1347.9749216300938,115.34221907003523,1319.5,1273.4,1331.4,38,0,0.0,0.0,0.0,0.0,0.0,0
CA,2012-06-13,253,1424.7312252964427,230.42615920018716,1308.0,1029.0,1614.0,32,0,0.0,0.0,0.0,0.0,0.0,0
CA,2012-06-14,340,1420.6647058823523,123.12497715735829,1281.0,1035.2,1310.0,39,0,0.0,0.0,0.0,0.0,0.0,0
CA,2012-06-15,315,1458.6253968253973,94.6065275851957,1041.0,1023.2,1256.4,38,0,0.0,0.0,0.0,0.0,0.0,0
CA,2012-06-16,266,1406.8496240601503,129.25996630391364,1264.5,1258.0,1441.0,34,0,0.0,0.0,0.0,0.0,0.0,0
CA,2012-06-17,270,1374.2962962962963,139.0786452523082,1247.0,1016.4,1278.8,34,0,0.0,0.0,0.0,0.0,0.0,0
CA,2012-06-18,266,1373.0714285714287,176.32461851298586,1246.0,1044.5,1432.5,33,0,0.0,0.0,0.0,0.0,0.0,0
CA,2012-06-19,310,1424.3741935483863,65.02991619247253,1247.5,1216.6,1256.7,40,0,0.0,0.0,0.0,0.0,0.0,0
CA,2012-06-20,244,1422.6926229508197,5.792715732327588,1239.5,1232.5,1246.0,29,0,0.0,0.0,0.0,0.0,0.0,0
CA,2012-06-21,213,1386.173708920188,3.5,1226.5,1223.7,1229.3,34,1,52.65,0.0,0.0,0.0,0.0,1
CA,2012-06-22,231,1428.9307359307356,77.11549779389354,1230.0,1113.8,1235.8,38,0,0.0,0.0,0.0,0.0,0.0,0
CA,2012-06-23,183,1431.7814207650274,168.12164907854338,1229.5,1221.5,1582.0,29,0,0.0,0.0,0.0,0.0,0.0,0
CA,2012-06-24,221,1343.0633484162893,160.5981008605021,1232.5,1211.8,1568.1,33,0,0.0,0.0,0.0,0.0,0.0,0
CA,2012-06-25,286,1426.2062937062938,89.87769467448528,1028.0,1020.8,1176.8,37,0,0.0,0.0,0.0,0.0,0.0,0
CA,2012-06-26,238,1362.1470588235297,94.87802696093549,1029.0,1023.8,1220.4,32,0,0.0,0.0,0.0,0.0,0.0,0
CA,2012-06-27,253,1314.5573122529643,89.25922852312365,1041.0,1031.6,1226.2,31,1,18.0,0.0,0.0,0.0,0.0,1
CA,2012-06-28,238,1350.5252100840335,91.4426596288625,1046.0,1036.0,1227.2,32,0,0.0,0.0,0.0,0.0,0.0,0
CA,2012-06-29,242,1332.5537190082644,84.03868156985806,1138.5,1052.8,1222.8,38,0,0.0,0.0,0.0,0.0,0.0,0
CA,2012-06-30,214,1458.878504672897,161.6294836965088,1197.5,1051.2,1531.5,33,0,0.0,0.0,0.0,0.0,0.0,0
CA,2012-07-01,200,1434.4350000000006,189.34042240249588,1037.0,1016.4,1501.0,31,0,0.0,0.0,0.0,0.0,0.0,0
CA,2012-07-02,270,1439.9296296296295,237.83904221132408,1203.0,1023.2,1556.1,33,0,0.0,0.0,0.0,0.0,0.0,0
CA,2012-07-03,342,1312.631578947368,73.67529834874684,1064.0,1038.0,1205.0,35,0,0.0,0.0,0.0,0.0,0.0,0
CA,2012-07-04,344,1438.7500000000002,88.71601102532111,1040.0,1028.2,1212.6,35,0,0.0,0.0,0.0,0.0,0.0,0
CA,2012-07-05,317,1470.0914826498426,69.33735385096011,1017.0,1006.4,1165.8000000000002,32,0,0.0,0.0,0.0,0.0,0.0,0
CA,2012-07-06,245,1372.6938775510205,70.20721654102141,1010.0,998.4,1161.6000000000001,28,0,0.0,0.0,0.0,0.0,0.0,0
CA,2012-07-07,415,1461.7903614457823,204.37490061159662,1203.5,961.5,1546.6,46,0,0.0,0.0,0.0,0.0,0.0,0
CA,2012-07-08,470,1491.6446808510643,186.87222472508435,1248.5,942.9,1310.9,34,0,0.0,0.0,0.0,0.0,0.0,0
CA,2012-07-09,315,1460.1936507936505,268.6237330559932,969.0,910.6,1536.7,36,0,0.0,0.0,0.0,0.0,0.0,0
CA,2012-07-10,376,1384.273936170212,269.03402304458734,920.5,909.6,1531.7,35,0,0.0,0.0,0.0,0.0,0.0,0
CA,2012-07-11,311,1448.6623794212214,166.07665585897908,950.0,935.2,1305.8,33,0,0.0,0.0,0.0,0.0,0.0,0
CA,2012-07-12,403,1469.0372208436725,250.77773761681982,1286.0,937.6,1563.2,35,0,0.0,0.0,0.0,0.0,0.0,0
CA,2012-07-13,347,1502.3515850144088,202.79490907793763,1569.0,1247.8,1584.6,37,0,0.0,0.0,0.0,0.0,0.0,0
CA,2012-07-14,533,1491.3677298311447,167.5478279696582,1237.0,925.0,1585.0,28,0,0.0,0.0,0.0,0.0,0.0,0
CA,2012-07-15,408,1541.8406862745096,195.00752793267552,1250.0,926.6,1548.2000000000007,32,0,0.0,0.0,0.0,0.0,0.0,0
CA,2012-07-16,300,1487.14,277.4233347551476,1573.0,949.8,1586.2,33,0,0.0,0.0,0.0,0.0,0.0,0
CA,2012-07-17,259,1392.4169884169883,207.58728765138736,1257.0,968.6,1571.4,30,0,0.0,0.0,0.0,0.0,0.0,0
CA,2012-07-18,326,1474.7914110429447,98.35196085751635,1264.0,993.2,1289.2,35,0,0.0,0.0,0.0,0.0,0.0,0
CA,2012-07-19,497,1336.3460764587521,78.42408926967389,1257.0,1221.4,1286.0,36,0,0.0,0.0,0.0,0.0,0.0,0
CA,2012-07-20,377,1442.3421750663126,173.3643201469091,1293.0,1015.5,1544.0,39,0,0.0,0.0,0.0,0.0,0.0,0
CA,2012-07-21,325,1442.1384615384613,126.86011981706466,1299.5,1023.6,1307.4,27,0,0.0,0.0,0.0,0.0,0.0,0
CA,2012-07-22,413,1494.3946731234867,124.25282509036279,1275.0,1029.6,1296.2,34,0,0.0,0.0,0.0,0.0,0.0,0
CA,2012-07-23,275,1436.6763636363635,8.576453553512405,1057.0,1049.0,1065.8,27,0,0.0,0.0,0.0,0.0,0.0,0
CA,2012-07-24,427,1527.6463700234194,4.0,1066.0,1062.8,1069.2,32,0,0.0,0.0,0.0,0.0,0.0,0
CA,2012-07-25,412,1451.8033980582525,113.00027090449737,1075.5,1059.5,1298.4,38,0,0.0,0.0,0.0,0.0,0.0,0
CA,2012-07-26,432,1487.9699074074074,185.9217995705602,1090.0,1058.6,1540.0,41,0,0.0,0.0,0.0,0.0,0.0,0
CA,2012-07-27,381,1454.0524934383202,184.50947171447478,1287.0,1077.8,1519.4,33,3,77.57000000000001,2.3966782568101785,77.62,75.212,79.908,1
CA,2012-07-28,416,1454.634615384616,127.71882426863456,1254.0,1087.1,1483.5,30,0,0.0,0.0,0.0,0.0,0.0,0
CA,2012-07-29,330,1421.0060606060601,143.9858218628033,1256.0,1087.8,1489.6,30,0,0.0,0.0,0.0,0.0,0.0,0
CA,2012-07-30,478,1355.0062761506276,100.90322208568331,1263.0,1086.9,1280.1,32,0,0.0,0.0,0.0,0.0,0.0,0
CA,2012-07-31,583,1364.7341337907378,109.10572853888104,1261.0,1092.6,1297.4000000000003,40,0,0.0,0.0,0.0,0.0,0.0,0
CA,2012-08-01,501,1396.7485029940117,96.55650724269748,1099.5,1087.3,1297.5,35,1,46.38,0.0,0.0,0.0,0.0,1
CA,2012-08-02,406,1413.871921182266,107.21018998046061,1271.0,1083.6,1289.0,35,0,0.0,0.0,0.0,0.0,0.0,0
CA,2012-08-03,309,1463.7864077669904,82.65629135159647,1248.5,1081.5,1261.0,31,0,0.0,0.0,0.0,0.0,0.0,0
CA,2012-08-04,445,1427.7483146067418,97.92952984996487,1228.0,1072.8,1260.6,27,0,0.0,0.0,0.0,0.0,0.0,0
CA,2012-08-05,344,1473.0930232558144,4.924428900898052,1080.5,1075.1,1086.3,29,0,0.0,0.0,0.0,0.0,0.0,0
CA,2012-08-06,420,1428.5095238095244,9.579144011862438,1061.0,1053.8,1075.2,36,1,64.73,0.0,0.0,0.0,0.0,1
CA,2012-08-07,510,1434.2784313725483,113.72264610308007,1330.5,1233.9,1515.8,38,0,0.0,0.0,0.0,0.0,0.0,0
CA,2012-08-08,629,1431.3577106518285,112.94926699487557,1380.0,1074.0,1401.0,42,0,0.0,0.0,0.0,0.0,0.0,0
CA,2012-08-09,505,1364.6693069306925,142.31617847560966,1293.0,1025.0,1350.0,42,0,0.0,0.0,0.0,0.0,0.0,0
CA,2012-08-10,406,1345.0073891625616,136.4338663847588,1241.0,998.9,1265.7,41,0,0.0,0.0,0.0,0.0,0.0,0
CA,2012-08-11,304,1548.4111842105267,181.19425494394508,993.0,987.6,1325.8,32,0,0.0,0.0,0.0,0.0,0.0,0
CA,2012-08-12,495,1384.7434343434345,90.1887294533814,1000.0,982.6,1113.2,35,0,0.0,0.0,0.0,0.0,0.0,0
CA,2012-08-13,371,1343.9353099730458,125.71367268519364,969.0,934.6,1245.6,38,0,0.0,0.0,0.0,0.0,0.0,0
CA,2012-08-14,476,1407.9453781512602,140.8242668099007,1196.0,941.0,1250.0,38,0,0.0,0.0,0.0,0.0,0.0,0
CA,2012-08-15,507,1431.021696252465,117.03809920990116,1190.0,963.5,1212.6,42,0,0.0,0.0,0.0,0.0,0.0,0
CA,2012-08-16,452,1411.688053097345,124.80484576894524,1204.0,968.2,1215.0,34,1,19.41,0.0,0.0,0.0,0.0,1
CA,2012-08-17,430,1437.8720930232555,81.78901012281999,965.0,950.0,981.0,41,0,0.0,0.0,0.0,0.0,0.0,0
CA,2012-08-18,394,1329.8604060913708,6.774133810967191,976.0,966.7,982.3,33,0,0.0,0.0,0.0,0.0,0.0,0
CA,2012-08-19,665,1441.9654135338353,116.13930514105552,1237.0,975.2,1270.8,35,1,83.29,0.0,0.0,0.0,0.0,1
CA,2012-08-20,448,1423.1249999999998,139.29518118011117,1121.0,971.3,1260.2,39,0,0.0,0.0,0.0,0.0,0.0,0
CA,2012-08-21,586,1451.0,156.90541736982826,947.5,926.9,1275.3,41,0,0.0,0.0,0.0,0.0,0.0,0
CA,2012-08-22,449,1410.801781737194,163.33571426836068,949.5,933.9,1277.8,35,0,0.0,0.0,0.0,0.0,0.0,0
CA,2012-08-23,403,1375.3821339950373,6.988085097745543,938.0,929.4,944.9,36,0,0.0,0.0,0.0,0.0,0.0,0
CA,2012-08-24,521,1376.3531669865647,151.2202169573252,1272.5,930.0,1307.0,38,0,0.0,0.0,0.0,0.0,0.0,0
CA,2012-08-25,496,1408.7096774193546,151.52636734245297,943.5,933.5,1270.7,41,0,0.0,0.0,0.0,0.0,0.0,0
CA,2012-08-26,460,1394.7847826086954,15.65974952232764,1233.0,1221.8,1256.6,42,0,0.0,0.0,0.0,0.0,0.0,0
CA,2012-08-27,383,1413.07049608355,144.0801930898773,1245.0,927.9,1255.0,43,0,0.0,0.0,0.0,0.0,0.0,0
CA,2012-08-28,491,1416.8044806517312,233.79795631057172,1259.0,922.8,1526.9,41,0,0.0,0.0,0.0,0.0,0.0,0
CA,2012-08-29,418,1416.4425837320578,5.066228051190222,1269.0,1263.0,1275.0,33,0,0.0,0.0,0.0,0.0,0.0,0
CA,2012-08-30,415,1401.3036144578318,7.825239612944769,1296.0,1287.2,1305.1,34,0,0.0,0.0,0.0,0.0,0.0,0
CA,2012-08-31,428,1443.9579439252332,122.18019479441011,1401.5,1272.0,1523.5,41,0,0.0,0.0,0.0,0.0,0.0,0
CA,2012-09-01,507,1494.4792899408285,120.51121486644826,1246.0,919.6,1255.0,40,0,0.0,0.0,0.0,0.0,0.0,0
CA,2012-09-02,437,1426.4874141876433,141.93828767690033,1200.0,925.0,1226.6,42,0,0.0,0.0,0.0,0.0,0.0,0
CA,2012-09-03,518,1483.6332046332047,110.61131806312973,1198.0,939.0,1217.0,37,0,0.0,0.0,0.0,0.0,0.0,0
CA,2012-09-04,383,1422.699738903395,208.35666040202386,943.5,929.3,1488.0000000000007,43,0,0.0,0.0,0.0,0.0,0.0,0
CA,2012-09-05,310,1387.525806451613,73.43850223544875,938.0,919.2,958.4,43,0,0.0,0.0,0.0,0.0,0.0,0
CA,2012-09-06,310,1402.9806451612908,72.19549847462791,956.0,947.8,986.9000000000003,39,0,0.0,0.0,0.0,0.0,0.0,0
CA,2012-09-07,344,1389.273255813954,142.60005478003401,1176.0,952.6,1197.0,42,0,0.0,0.0,0.0,0.0,0.0,0
CA,2012-09-08,497,1440.9678068410462,120.56858892965589,1162.0,976.4,1179.8,44,0,0.0,0.0,0.0,0.0,0.0,0
CA,2012-09-09,730,1433.345205479452,100.03873049699952,977.0,956.6,1178.0,47,0,0.0,0.0,0.0,0.0,0.0,0
CA,2012-09-10,544,1441.9411764705872,142.29859060752813,961.5,949.0,1186.7,45,0,0.0,0.0,0.0,0.0,0.0,0
CA,2012-09-11,495,1431.7919191919193,95.64119614475763,932.0,914.4,1183.4,47,0,0.0,0.0,0.0,0.0,0.0,0
CA,2012-09-12,404,1438.601485148515,262.24687126370696,938.5,923.1,1535.7,43,0,0.0,0.0,0.0,0.0,0.0,0
CA,2012-09-13,442,1396.4411764705885,100.03693068062415,917.0,896.7,1155.8,40,0,0.0,0.0,0.0,0.0,0.0,0
CA,2012-09-14,568,1462.0475352112676,131.7765225793813,1153.0,905.4,1187.6,44,0,0.0,0.0,0.0,0.0,0.0,0
CA,2012-09-15,758,1479.1649076517156,125.07301377411102,1225.0,957.0,1254.0,49,0,0.0,0.0,0.0,0.0,0.0,0
CA,2012-09-16,601,1522.8186356073213,114.965760181289,1251.0,982.4,1263.0,46,0,0.0,0.0,0.0,0.0,0.0,0
CA,2012-09-17,483,1299.5983436852998,104.57307179073396,981.5,963.5,1241.0,37,0,0.0,0.0,0.0,0.0,0.0,0
CA,2012-09-18,547,1417.7001828153566,231.14758726967435,992.0,979.4,1532.8,38,0,0.0,0.0,0.0,0.0,0.0,0
CA,2012-09-19,443,1347.8126410835214,192.30314610010936,993.0,971.0,1385.0,45,0,0.0,0.0,0.0,0.0,0.0,0
CA,2012-09-20,431,1470.2412993039436,116.0852299487101,988.0,972.5,1238.4,43,0,0.0,0.0,0.0,0.0,0.0,0
CA,2012-09-21,419,1418.1909307875899,118.38763724756579,993.5,984.2,1230.5,40,0,0.0,0.0,0.0,0.0,0.0,0
CA,2012-09-22,413,1384.0944309927352,163.52492888505992,1007.0,996.2,1249.6,47,0,0.0,0.0,0.0,0.0,0.0,0
CA,2012-09-23,456,1450.6074561403511,136.21570685081417,1208.0,1010.2,1355.0000000000007,49,0,0.0,0.0,0.0,0.0,0.0,0
CA,2012-09-24,489,1325.6932515337419,86.25533837645935,1210.0,999.5,1221.9,41,0,0.0,0.0,0.0,0.0,0.0,0
CA,2012-09-25,399,1413.9448621553877,97.14725854984277,1196.0,1012.0,1226.0,49,0,0.0,0.0,0.0,0.0,0.0,0
CA,2012-09-26,516,1432.3197674418604,103.67221850085436,1236.0,1005.6,1248.0,50,0,0.0,0.0,0.0,0.0,0.0,0
CA,2012-09-27,488,1462.5307377049185,378.0,1137.0,834.6,1439.4,45,0,0.0,0.0,0.0,0.0,0.0,0
CA,2012-09-28,571,1431.9842381786336,117.99199465779067,1222.0,980.4,1231.2,45,0,0.0,0.0,0.0,0.0,0.0,0
CA,2012-09-29,485,1420.5567010309278,176.91686635253294,1201.0,983.4,1421.6000000000004,43,0,0.0,0.0,0.0,0.0,0.0,0
CA,2012-09-30,517,1404.6711798839463,82.47779877029149,1217.0,1009.8,1266.4,37,0,0.0,0.0,0.0,0.0,0.0,0
CA,2012-10-01,440,1400.9022727272727,115.32233088175073,1135.0,1019.6,1258.2,44,0,0.0,0.0,0.0,0.0,0.0,0
CA,2012-10-02,606,1391.5412541254123,174.57923622877442,1009.5,991.3,1253.6,52,0,0.0,0.0,0.0,0.0,0.0,0
CA,2012-10-03,485,1388.9567010309277,171.898614848544,1236.0,994.0,1559.0,51,0,0.0,0.0,0.0,0.0,0.0,0
CA,2012-10-04,618,1435.8139158576053,114.17044275993678,993.5,981.5,1222.3,48,0,0.0,0.0,0.0,0.0,0.0,0
CA,2012-10-05,466,1441.8540772532183,142.87823777049593,1235.0,994.5,1260.5,39,0,0.0,0.0,0.0,0.0,0.0,0
CA,2012-10-06,539,1419.0723562152132,183.7195950354779,1265.0,992.0,1559.8,49,0,0.0,0.0,0.0,0.0,0.0,0
CA,2012-10-07,314,1429.1050955414007,173.11573756810787,1003.5,990.0,1284.0,49,0,0.0,0.0,0.0,0.0,0.0,0
CA,2012-10-08,533,1429.4484052532832,165.4738882173131,1275.0,997.0,1563.2,45,0,0.0,0.0,0.0,0.0,0.0,0
CA,2012-10-09,377,1422.2068965517242,213.34401014949228,1577.0,1290.0,1582.0,36,0,0.0,0.0,0.0,0.0,0.0,0
CA,2012-10-10,452,1344.993362831859,5.0,1277.0,1273.0,1284.0,40,0,0.0,0.0,0.0,0.0,0.0,0
CA,2012-10-11,586,1386.2952218430041,64.34083721349398,1272.0,1232.0,1287.2,45,0,0.0,0.0,0.0,0.0,0.0,0
CA,2012-10-12,555,1409.9315315315314,99.47975785164648,1224.0,1056.8,1227.2,45,0,0.0,0.0,0.0,0.0,0.0,0
CA,2012-10-13,423,1484.9787234042553,242.88233417613486,1245.0,1000.8,1587.8,44,0,0.0,0.0,0.0,0.0,0.0,0
CA,2012-10-14,433,1412.688221709007,181.88492122073794,1263.0,999.0,1406.0,37,0,0.0,0.0,0.0,0.0,0.0,0
CA,2012-10-15,559,1388.3720930232562,108.00424374378382,1248.5,1026.0,1261.0,47,0,0.0,0.0,0.0,0.0,0.0,0
CA,2012-10-16,390,1446.5282051282052,166.908810493659,1137.0,1015.6,1262.8,44,0,0.0,0.0,0.0,0.0,0.0,0
CA,2012-10-17,527,1440.1916508538902,117.50963440371076,1251.0,1009.4,1265.2,51,0,0.0,0.0,0.0,0.0,0.0,0
CA,2012-10-18,478,1385.0355648535565,157.07314644245633,1274.0,1032.8,1397.8,42,2,60.8,0.0,60.8,60.8,60.8,2
CA,2012-10-19,418,1376.148325358852,120.43423324313567,1273.0,1256.4,1292.8,49,0,0.0,0.0,0.0,0.0,0.0,0
CA,2012-10-20,623,1390.5714285714284,138.41065341658512,1265.0,1033.0,1285.0,44,0,0.0,0.0,0.0,0.0,0.0,0
CA,2012-10-21,461,1400.2147505422993,150.74744843570832,1156.5,1017.8,1296.6,39,0,0.0,0.0,0.0,0.0,0.0,0
CA,2012-10-22,512,1331.412109375,159.57053243295468,1262.0,1006.2,1286.6,48,0,0.0,0.0,0.0,0.0,0.0,0
CA,2012-10-23,541,1384.2939001848433,114.12946349990222,1278.5,1016.5,1345.6,46,0,0.0,0.0,0.0,0.0,0.0,0
CA,2012-10-24,643,1314.3141524105747,229.9347239630209,1372.0,987.0,1530.6000000000001,50,0,0.0,0.0,0.0,0.0,0.0,0
CA,2012-10-25,423,1378.4822695035464,189.2170446867829,1211.5,1013.4,1402.1,49,0,0.0,0.0,0.0,0.0,0.0,0
CA,2012-10-26,331,1424.731117824773,160.5802629009348,1375.5,1040.7,1391.8,45,0,0.0,0.0,0.0,0.0,0.0,0
CA,2012-10-27,579,1415.0241796200348,106.48058693633253,1315.0,1101.2,1351.2,45,0,0.0,0.0,0.0,0.0,0.0,0
CA,2012-10-28,388,1346.6649484536083,110.16270794702817,1274.0,1063.8,1312.6,41,0,0.0,0.0,0.0,0.0,0.0,0
CA,2012-10-29,264,1354.7386363636365,104.87969298200677,1063.5,1056.2,1301.1,45,0,0.0,0.0,0.0,0.0,0.0,0
CA,2012-10-30,414,1346.997584541063,116.62627276904634,1307.5,1073.0,1324.5,41,0,0.0,0.0,0.0,0.0,0.0,0
CA,2012-10-31,341,1414.1554252199421,85.23033497528917,1057.5,1045.3,1095.8999999999999,45,0,0.0,0.0,0.0,0.0,0.0,0
CA,2012-11-01,433,1404.5519630484991,9.604686356149273,1030.0,1022.1,1045.8,51,0,0.0,0.0,0.0,0.0,0.0,0
CA,2012-11-02,381,1452.6561679790027,170.7196532330124,1008.0,1000.6,1098.9000000000008,48,0,0.0,0.0,0.0,0.0,0.0,0
CA,2012-11-03,479,1418.9436325678498,10.210137784586793,1030.0,1015.4,1041.0,42,0,0.0,0.0,0.0,0.0,0.0,0
CA,2012-11-04,486,1414.5596707818938,114.29498906248423,1347.0,1059.6,1366.8,45,0,0.0,0.0,0.0,0.0,0.0,0
CA,2012-11-05,341,1357.0850439882697,143.80877874368448,1072.0,1047.0,1348.0,45,0,0.0,0.0,0.0,0.0,0.0,0
CA,2012-11-06,611,1438.0801963993451,128.14195253702044,1212.5,1078.1,1342.1,51,0,0.0,0.0,0.0,0.0,0.0,0
CA,2012-11-07,371,1454.8544474393532,167.95253959245616,1073.0,1060.5,1346.5,39,0,0.0,0.0,0.0,0.0,0.0,0
CA,2012-11-08,378,1340.5846560846558,154.78203779630482,1331.0,1075.6,1369.6,47,0,0.0,0.0,0.0,0.0,0.0,0
CA,2012-11-09,368,1487.6576086956522,168.5240042249175,1069.0,1056.4,1387.7,42,0,0.0,0.0,0.0,0.0,0.0,0
CA,2012-11-10,508,1481.1161417322837,88.17476801974117,1342.0,1131.8,1375.6,44,0,0.0,0.0,0.0,0.0,0.0,0
CA,2012-11-11,435,1480.0551724137922,149.97897288517584,1319.0,1072.4,1339.2,43,0,0.0,0.0,0.0,0.0,0.0,0
CA,2012-11-12,496,1387.6451612903224,108.32483681164847,1254.0,1032.2,1299.8,52,0,0.0,0.0,0.0,0.0,0.0,0
CA,2012-11-13,525,1468.4971428571432,87.76885808177973,1031.0,1022.3,1205.2000000000003,51,0,0.0,0.0,0.0,0.0,0.0,0
CA,2012-11-14,374,1546.0213903743315,9.298469683853277,995.0,987.4,1011.6,37,0,0.0,0.0,0.0,0.0,0.0,0
CA,2012-11-15,288,1460.4097222222233,175.25367011531853,991.0,974.4,1282.6,45,0,0.0,0.0,0.0,0.0,0.0,0
CA,2012-11-16,401,1498.4264339152123,86.89441869303229,986.5,978.9,1020.1999999999999,39,0,0.0,0.0,0.0,0.0,0.0,0
CA,2012-11-17,388,1484.3969072164946,149.77713443646863,1240.0,1005.5,1266.4,44,0,0.0,0.0,0.0,0.0,0.0,0
CA,2012-11-18,761,1546.911957950065,164.4054150442368,1263.0,984.4,1279.6,51,0,0.0,0.0,0.0,0.0,0.0,0
CA,2012-11-19,549,1472.1712204007288,128.971388484497,979.0,960.0,1251.0,46,0,0.0,0.0,0.0,0.0,0.0,0
CA,2012-11-20,352,1436.5142045454545,224.81305505290882,970.0,954.3,1522.9,50,0,0.0,0.0,0.0,0.0,0.0,0
CA,2012-11-21,463,1422.7602591792656,113.84210780815718,978.5,967.2,1250.8,47,0,0.0,0.0,0.0,0.0,0.0,0
CA,2012-11-22,348,1365.1063218390807,107.95266251348319,992.0,983.0,1236.5,45,0,0.0,0.0,0.0,0.0,0.0,0
CA,2012-11-23,430,1458.4697674418599,11.280514172678478,1007.0,990.2,1018.7,45,0,0.0,0.0,0.0,0.0,0.0,0
CA,2012-11-24,553,1519.5605786618444,171.5318046310946,991.5,982.5,1056.1,51,0,0.0,0.0,0.0,0.0,0.0,0
CA,2012-11-25,440,1434.5636363636363,121.8758859208749,1249.0,987.4,1262.6,46,0,0.0,0.0,0.0,0.0,0.0,0
CA,2012-11-26,335,1448.113432835821,114.56146336743821,1258.0,1002.6,1269.0,45,0,0.0,0.0,0.0,0.0,0.0,0
CA,2012-11-27,388,1380.4355670103098,6.579513659838392,1000.0,990.9,1009.1,40,1,93.5,0.0,0.0,0.0,0.0,1
CA,2012-11-28,401,1379.598503740649,162.80589066132242,989.0,976.0,1282.0,49,0,0.0,0.0,0.0,0.0,0.0,0
CA,2012-11-29,463,1448.6846652267818,140.71446265398592,1279.0,999.2,1291.8,42,0,0.0,0.0,0.0,0.0,0.0,0
CA,2012-11-30,404,1370.5198019801974,74.73836019881023,1008.0,1000.0,1015.4,46,0,0.0,0.0,0.0,0.0,0.0,0
CA,2012-12-01,386,1438.2668393782378,122.96076398985514,1271.0,1005.8,1281.8,39,0,0.0,0.0,0.0,0.0,0.0,0
CA,2012-12-02,504,1471.5515873015877,120.70248547565207,1276.0,1013.9,1296.5,48,0,0.0,0.0,0.0,0.0,0.0,0
CA,2012-12-03,336,1450.0624999999998,5.979130371550699,1050.0,1043.4,1057.5,41,0,0.0,0.0,0.0,0.0,0.0,0
CA,2012-12-04,384,1414.372395833334,135.196975640072,1061.0,1018.0,1322.0,47,0,0.0,0.0,0.0,0.0,0.0,0
CA,2012-12-05,409,1499.4767726161367,195.83585880463772,1031.5,1009.0,1442.5,38,0,0.0,0.0,0.0,0.0,0.0,0
CA,2012-12-06,380,1377.752631578947,186.862532005073,1002.5,988.4,1311.5,49,0,0.0,0.0,0.0,0.0,0.0,0
CA,2012-12-07,430,1424.4627906976737,145.45670943957055,1014.5,990.8,1317.5,43,0,0.0,0.0,0.0,0.0,0.0,0
CA,2012-12-08,558,1496.222222222222,129.6291610004804,1305.0,1039.4,1326.2,43,0,0.0,0.0,0.0,0.0,0.0,0
CA,2012-12-09,439,1395.8200455580866,147.3598371334605,1311.0,1019.0,1326.6,45,0,0.0,0.0,0.0,0.0,0.0,0
CA,2012-12-10,414,1339.7826086956525,128.0123132505229,1058.0,1035.0,1305.0,44,0,0.0,0.0,0.0,0.0,0.0,0
CA,2012-12-11,461,1396.648590021692,144.61830479449225,1196.5,1083.1,1306.5,43,1,66.49,0.0,0.0,0.0,0.0,1
CA,2012-12-12,402,1430.5298507462687,94.49264190930424,1199.0,1097.0,1296.5,47,0,0.0,0.0,0.0,0.0,0.0,0
CA,2012-12-13,513,1456.8830409356726,162.22401996332485,1306.5,1116.3,1515.3000000000002,45,0,0.0,0.0,0.0,0.0,0.0,0
CA,2012-12-14,534,1486.7415730337077,203.82555566674446,1318.0,1118.8,1602.6,44,0,0.0,0.0,0.0,0.0,0.0,0
CA,2012-12-15,412,1489.8762135922327,91.72903611442779,1283.0,1112.0,1317.0,42,0,0.0,0.0,0.0,0.0,0.0,0
CA,2012-12-16,448,1493.799107142857,162.92297471998842,1279.0,1125.0,1593.0,44,0,0.0,0.0,0.0,0.0,0.0,0
CA,2012-12-17,567,1458.3492063492063,5.348773223833667,1138.0,1131.1,1144.3,45,0,0.0,0.0,0.0,0.0,0.0,0
CA,2012-12-18,375,1483.2559999999996,61.252238609653105,1148.0,1134.2,1275.4,45,0,0.0,0.0,0.0,0.0,0.0,0
CA,2012-12-19,308,1420.1428571428567,60.511866195096175,1284.0,1160.0,1294.0,45,0,0.0,0.0,0.0,0.0,0.0,0
CA,2012-12-20,455,1379.9340659340655,65.09842974723396,1142.5,1126.5,1266.7,43,0,0.0,0.0,0.0,0.0,0.0,0
CA,2012-12-21,398,1452.4195979899494,71.15268147886384,1251.5,1118.7,1271.3,42,0,0.0,0.0,0.0,0.0,0.0,0
CA,2012-12-22,414,1491.7173913043482,169.26695516854252,1244.0,1070.6,1273.4,38,0,0.0,0.0,0.0,0.0,0.0,0
CA,2012-12-23,497,1399.2494969818918,60.59218372379724,1219.0,1177.0,1244.0,36,0,0.0,0.0,0.0,0.0,0.0,0
CA,2012-12-24,425,1518.8164705882355,113.19804945315975,1230.0,1102.0,1249.6,38,1,82.92,0.0,0.0,0.0,0.0,1
CA,2012-12-25,217,1345.6682027649772,46.2834743726095,1118.0,1110.0,1189.0,37,0,0.0,0.0,0.0,0.0,0.0,0
CA,2012-12-26,331,1426.0574018126888,4.903060268852506,1121.0,1113.0,1125.5,35,0,0.0,0.0,0.0,0.0,0.0,0
CA,2012-12-27,331,1353.2175226586103,31.30600766150931,1232.0,1224.0,1240.0,46,0,0.0,0.0,0.0,0.0,0.0,0
CA,2012-12-28,520,1583.451923076923,45.41987278438811,1199.0,1112.5,1233.9,38,0,0.0,0.0,0.0,0.0,0.0,0
CA,2012-12-29,611,1498.718494271687,63.62787782960149,1176.0,1077.0,1206.0,41,0,0.0,0.0,0.0,0.0,0.0,0
CA,2012-12-30,317,1406.2870662460566,49.29370976590429,1065.0,1034.4,1162.0,42,0,0.0,0.0,0.0,0.0,0.0,0
CA,2012-12-31,398,1358.0552763819092,107.43213857637281,1063.0,1044.0,1198.0,41,0,0.0,0.0,0.0,0.0,0.0,0
CA,2013-01-01,274,1321.3649635036504,121.91791662861422,1063.0,1050.7,1110.9,43,0,0.0,0.0,0.0,0.0,0.0,0
CA,2013-01-02,361,1398.5872576177285,38.1816282352374,1062.0,1054.0,1069.7,44,0,0.0,0.0,0.0,0.0,0.0,0
CA,2013-01-03,336,1459.354166666666,48.49363518093096,1081.0,1067.0,1141.6000000000001,41,0,0.0,0.0,0.0,0.0,0.0,0
CA,2013-01-04,488,1545.344262295082,138.5642435362632,1099.0,1088.0,1204.0,45,0,0.0,0.0,0.0,0.0,0.0,0
CA,2013-01-05,385,1401.4649350649354,43.82880657415036,1095.5,1085.6,1181.2,39,0,0.0,0.0,0.0,0.0,0.0,0
CA,2013-01-06,494,1499.8522267206476,115.11742193661797,1085.5,1074.1,1106.1,43,0,0.0,0.0,0.0,0.0,0.0,0
CA,2013-01-07,400,1313.8500000000006,8.415243700013225,1115.0,1104.4,1122.2,40,0,0.0,0.0,0.0,0.0,0.0,0
CA,2013-01-08,481,1370.2224532224534,5.279824164674099,1119.0,1110.8,1123.2,39,0,0.0,0.0,0.0,0.0,0.0,0
CA,2013-01-09,521,1441.1727447216892,131.77788130031533,1137.5,1125.0,1191.6,38,0,0.0,0.0,0.0,0.0,0.0,0
CA,2013-01-10,401,1417.224438902743,14.810365923079356,1109.0,1092.8,1127.6,38,0,0.0,0.0,0.0,0.0,0.0,0
CA,2013-01-11,413,1457.5956416464885,135.38983774000656,1098.5,1091.3,1365.4000000000003,40,0,0.0,0.0,0.0,0.0,0.0,0
CA,2013-01-12,411,1545.5352798053527,77.86621539538183,1074.0,1056.9,1232.2,39,0,0.0,0.0,0.0,0.0,0.0,0
CA,2013-01-13,381,1488.0472440944875,99.72411944960957,1049.0,1026.9,1244.3,38,0,0.0,0.0,0.0,0.0,0.0,0
CA,2013-01-14,388,1434.958762886598,160.08556385602682,1025.0,1012.2,1213.4,45,0,0.0,0.0,0.0,0.0,0.0,0
CA,2013-01-15,424,1510.8207547169814,186.76701627253925,1043.0,1035.2,1259.4,44,0,0.0,0.0,0.0,0.0,0.0,0
CA,2013-01-16,424,1389.2688679245277,10.759182125050211,1052.5,1037.7,1064.6,46,0,0.0,0.0,0.0,0.0,0.0,0
CA,2013-01-17,367,1412.7956403269757,158.86925442010485,1082.0,1070.8,1386.4,46,0,0.0,0.0,0.0,0.0,0.0,0
CA,2013-01-18,365,1435.5643835616445,133.32666649999166,1090.0,1082.8,1214.5,45,0,0.0,0.0,0.0,0.0,0.0,0
CA,2013-01-19,456,1550.3859649122805,202.62017074750975,1092.0,1076.0,1572.5,46,0,0.0,0.0,0.0,0.0,0.0,0
CA,2013-01-20,444,1491.7747747747744,66.2295158175877,1085.0,1064.4,1234.6,40,0,0.0,0.0,0.0,0.0,0.0,0
CA,2013-01-21,410,1480.6707317073174,91.81831013542215,1051.0,1038.8,1251.2,46,0,0.0,0.0,0.0,0.0,0.0,0
CA,2013-01-22,458,1337.7423580786021,81.82450733123909,1072.0,1065.1,1257.6,43,0,0.0,0.0,0.0,0.0,0.0,0
CA,2013-01-23,280,1490.8321428571423,161.54080629601125,1076.0,1064.8,1314.8,46,0,0.0,0.0,0.0,0.0,0.0,0
CA,2013-01-24,281,1497.5053380782913,80.46203383515041,1086.0,1080.0,1253.5,46,0,0.0,0.0,0.0,0.0,0.0,0
CA,2013-01-25,358,1459.4525139664802,124.47185117743363,1066.0,1035.7,1246.9,41,0,0.0,0.0,0.0,0.0,0.0,0
CA,2013-01-26,359,1489.1225626740948,140.49056065492832,1040.0,1020.8,1257.8,38,0,0.0,0.0,0.0,0.0,0.0,0
CA,2013-01-27,442,1522.9819004524886,170.1255714440707,1255.0,1074.6,1520.0000000000002,48,0,0.0,0.0,0.0,0.0,0.0,0
CA,2013-01-28,268,1411.1679104477607,163.850183561268,1197.5,1094.2,1492.6000000000004,37,0,0.0,0.0,0.0,0.0,0.0,0
CA,2013-01-29,452,1347.7610619469026,118.78837569683341,1122.0,1107.0,1271.0,47,0,0.0,0.0,0.0,0.0,0.0,0
CA,2013-01-30,455,1417.1802197802192,171.1899529762188,1116.0,1100.2,1522.6000000000004,42,0,0.0,0.0,0.0,0.0,0.0,0
CA,2013-01-31,243,1396.2469135802467,195.87687836824935,1101.0,1088.2,1580.4,42,0,0.0,0.0,0.0,0.0,0.0,0
CA,2013-02-01,486,1337.1008230452676,210.41447193574876,1076.5,1069.4,1598.8,40,0,0.0,0.0,0.0,0.0,0.0,0
CA,2013-02-02,362,1536.7265193370165,193.99569857540564,1060.0,1045.0,1607.0,43,0,0.0,0.0,0.0,0.0,0.0,0
CA,2013-02-03,356,1504.1713483146068,159.86955945916242,1056.0,1041.2,1215.3,42,1,90.35,0.0,0.0,0.0,0.0,1
CA,2013-02-04,325,1271.3476923076917,62.03111618373476,1055.0,1049.2,1194.4,42,0,0.0,0.0,0.0,0.0,0.0,0
CA,2013-02-05,352,1329.5738636363644,200.24951890700063,1060.0,1051.0,1539.0000000000002,45,0,0.0,0.0,0.0,0.0,0.0,0
CA,2013-02-06,347,1382.7953890489919,188.22424599930508,1039.0,1026.6,1275.4,46,0,0.0,0.0,0.0,0.0,0.0,0
CA,2013-02-07,383,1270.9477806788511,257.8468377458549,1044.0,1036.0,1617.0,43,0,0.0,0.0,0.0,0.0,0.0,0
CA,2013-02-08,322,1434.3633540372668,9.406901504659617,1043.0,1038.9,1059.8,43,1,54.91,0.0,54.91,54.91,54.91,1
CA,2013-02-09,326,1458.5981595092023,180.1684397075877,1152.0,1052.4,1485.3,40,0,0.0,0.0,0.0,0.0,0.0,0
CA,2013-02-10,340,1394.3499999999992,35.0074372263527,1067.0,1058.0,1149.0,41,0,0.0,0.0,0.0,0.0,0.0,0
CA,2013-02-11,372,1530.8010752688165,26.39696952303427,1082.0,1078.0,1134.0,42,0,0.0,0.0,0.0,0.0,0.0,0
CA,2013-02-12,336,1447.0148809523812,189.39152021406366,1098.0,1073.2,1513.8000000000004,44,0,0.0,0.0,0.0,0.0,0.0,0
CA,2013-02-13,380,1398.8,8.421203397773187,1116.0,1108.0,1128.4,40,0,0.0,0.0,0.0,0.0,0.0,0
CA,2013-02-14,388,1442.3376288659795,7.537660547584525,1137.0,1126.6,1144.8,43,0,0.0,0.0,0.0,0.0,0.0,0
CA,2013-02-15,320,1455.9812500000003,110.38370343248624,1080.0,1068.1,1128.0,40,0,0.0,0.0,0.0,0.0,0.0,0
CA,2013-02-16,282,1424.5212765957438,51.64484485406069,1105.0,1048.9,1172.1,39,2,76.05,0.0,0.0,0.0,0.0,2
CA,2013-02-17,394,1364.9263959390862,33.60039943371601,1164.0,1079.8,1181.3,43,0,0.0,0.0,0.0,0.0,0.0,0
CA,2013-02-18,231,1435.558441558441,48.0498692043543,1167.5,1077.2,1192.7,37,0,0.0,0.0,0.0,0.0,0.0,0
CA,2013-02-19,258,1472.6279069767445,19.29244274599352,1109.0,1097.0,1143.0,39,0,0.0,0.0,0.0,0.0,0.0,0
CA,2013-02-20,531,1566.0169491525423,98.42120194956613,1166.0,1105.6,1254.6,44,0,0.0,0.0,0.0,0.0,0.0,0
CA,2013-02-21,315,1426.485714285714,140.32595612080766,1259.0,1123.0,1341.1999999999998,41,0,0.0,0.0,0.0,0.0,0.0,0
CA,2013-02-22,310,1413.5677419354843,266.2588822697625,1113.0,632.4,1189.4,43,0,0.0,0.0,0.0,0.0,0.0,0
CA,2013-02-23,362,1418.2209944751378,129.40263805287253,1270.0,1084.0,1286.6,43,0,0.0,0.0,0.0,0.0,0.0,0
CA,2013-02-24,289,1416.346020761245,90.04482775771832,1250.0,1066.5,1261.5,40,0,0.0,0.0,0.0,0.0,0.0,0
CA,2013-02-25,242,1349.152892561984,154.48902671387376,1061.5,1049.6,1335.8999999999999,46,1,89.9,0.0,0.0,0.0,0.0,1
CA,2013-02-26,421,1474.5439429928733,206.6427039616732,1047.0,1014.2,1495.2000000000003,47,0,0.0,0.0,0.0,0.0,0.0,0
CA,2013-02-27,306,1529.1307189542483,197.19568679078375,1019.5,998.7,1367.3000000000002,46,0,0.0,0.0,0.0,0.0,0.0,0
CA,2013-02-28,235,1404.4808510638295,250.58977308541543,1027.0,1014.5,1600.1,39,0,0.0,0.0,0.0,0.0,0.0,0
CA,2013-03-01,373,1571.6085790884717,268.5903013885647,1040.0,1028.2,1591.3,40,0,0.0,0.0,0.0,0.0,0.0,0
CA,2013-03-02,479,1567.444676409186,164.80066019285238,1207.0,1006.0,1232.6,42,0,0.0,0.0,0.0,0.0,0.0,0
CA,2013-03-03,442,1400.6131221719456,90.35261502204744,1209.0,1020.3,1238.4,40,0,0.0,0.0,0.0,0.0,0.0,0
CA,2013-03-04,346,1367.3236994219656,119.78158247410158,1137.0,1014.9,1267.0,40,0,0.0,0.0,0.0,0.0,0.0,0
CA,2013-03-05,368,1456.114130434783,6.782329983125268,1042.0,1036.2,1050.6,36,0,0.0,0.0,0.0,0.0,0.0,0
CA,2013-03-06,499,1478.2204408817638,203.80579596551175,1031.5,1019.7,1537.6000000000001,45,0,0.0,0.0,0.0,0.0,0.0,0
CA,2013-03-07,392,1465.313775510204,3.8861344310672696,1033.0,1027.6,1037.4,34,0,0.0,0.0,0.0,0.0,0.0,0
CA,2013-03-08,468,1536.2115384615388,124.45576585406153,1041.5,1021.7,1290.8,40,0,0.0,0.0,0.0,0.0,0.0,0
CA,2013-03-09,529,1520.3440453686198,143.46586847881744,1305.0,1059.6,1522.0,35,0,0.0,0.0,0.0,0.0,0.0,0
CA,2013-03-10,509,1432.8467583497052,109.84717558258416,1285.0,1037.0,1310.0,42,1,98.6,0.0,0.0,0.0,0.0,1
CA,2013-03-11,399,1305.8320802005014,93.23505515740354,1326.0,1073.0,1343.0,47,0,0.0,0.0,0.0,0.0,0.0,0
CA,2013-03-12,354,1316.7401129943496,72.53164989634794,1063.0,1052.2,1070.2,43,0,0.0,0.0,0.0,0.0,0.0,0
CA,2013-03-13,311,1267.2668810289388,151.83680820713604,1328.0,1031.4,1364.0,38,0,0.0,0.0,0.0,0.0,0.0,0
CA,2013-03-14,376,1320.367021276596,201.91911127973995,1003.5,982.7,1384.6000000000001,48,0,0.0,0.0,0.0,0.0,0.0,0
CA,2013-03-15,344,1332.418604651163,147.02541352508493,1332.5,1016.2,1349.1,37,0,0.0,0.0,0.0,0.0,0.0,0
CA,2013-03-16,506,1416.1027667984185,102.7636712564418,1324.0,1038.0,1339.5,41,0,0.0,0.0,0.0,0.0,0.0,0
CA,2013-03-17,354,1407.6610169491523,107.02703385203364,1256.0,1237.8,1394.5999999999997,36,0,0.0,0.0,0.0,0.0,0.0,0
CA,2013-03-18,397,1350.214105793451,145.6180889313516,1028.0,1011.2,1281.8,34,0,0.0,0.0,0.0,0.0,0.0,0
CA,2013-03-19,292,1337.9623287671234,197.68012948637502,1018.0,1005.0,1429.5,44,0,0.0,0.0,0.0,0.0,0.0,0
CA,2013-03-20,430,1344.4441860465117,131.50341975889458,1246.5,987.5,1264.0,43,0,0.0,0.0,0.0,0.0,0.0,0
CA,2013-03-21,266,1404.214285714286,181.8051948897195,1226.0,1007.0,1449.0,42,0,0.0,0.0,0.0,0.0,0.0,0
CA,2013-03-22,305,1391.0950819672128,151.45296299511608,1196.0,996.4,1215.2,45,0,0.0,0.0,0.0,0.0,0.0,0
CA,2013-03-23,349,1316.4670487106018,89.02855326022586,1221.0,1016.4,1244.0,42,0,0.0,0.0,0.0,0.0,0.0,0
CA,2013-03-24,463,1315.2095032397403,129.77687889913287,1248.0,1019.4,1263.0,42,0,0.0,0.0,0.0,0.0,0.0,0
CA,2013-03-25,393,1398.2239185750636,210.20190176630857,1048.0,1039.2,1556.8,48,0,0.0,0.0,0.0,0.0,0.0,0
CA,2013-03-26,331,1407.3172205438066,99.16064407482101,1138.0,1032.4,1242.2,48,0,0.0,0.0,0.0,0.0,0.0,0
CA,2013-03-27,361,1408.7285318559555,132.9971612402279,1210.5,1045.4,1227.6,44,0,0.0,0.0,0.0,0.0,0.0,0
CA,2013-03-28,425,1390.0258823529414,243.71922724396418,1079.0,1065.0,1587.6,46,0,0.0,0.0,0.0,0.0,0.0,0
CA,2013-03-29,460,1377.0065217391307,49.564260480259534,1214.0,1111.0,1230.0,41,0,0.0,0.0,0.0,0.0,0.0,0
CA,2013-03-30,344,1363.6656976744184,119.81790265197588,1250.0,1069.8,1265.2,37,0,0.0,0.0,0.0,0.0,0.0,0
CA,2013-03-31,341,1413.624633431085,91.06179152939617,1271.0,1088.8,1307.6,34,0,0.0,0.0,0.0,0.0,0.0,0
CA,2013-04-01,351,1367.8831908831903,141.93221211010248,1292.0,1082.0,1308.0,38,0,0.0,0.0,0.0,0.0,0.0,0
CA,2013-04-02,374,1435.0748663101601,69.95891651533778,1090.5,1083.8,1158.8999999999999,41,0,0.0,0.0,0.0,0.0,0.0,0
CA,2013-04-03,393,1420.6005089058522,148.3832313077638,1076.5,1068.1,1271.6000000000001,44,0,0.0,0.0,0.0,0.0,0.0,0
CA,2013-04-04,382,1393.8795811518319,157.048006637744,1290.5,1046.1,1308.4,45,0,0.0,0.0,0.0,0.0,0.0,0
CA,2013-04-05,481,1466.2661122661116,150.28355841207008,1287.0,1050.8,1316.2,44,0,0.0,0.0,0.0,0.0,0.0,0
CA,2013-04-06,416,1413.319711538462,111.76733646285037,1283.0,1057.4,1335.9,43,0,0.0,0.0,0.0,0.0,0.0,0
CA,2013-04-07,446,1451.6883408071742,146.21610010184955,1332.0,1075.0,1356.5,40,0,0.0,0.0,0.0,0.0,0.0,0
CA,2013-04-08,389,1445.7686375321337,106.69118988932497,1059.5,1053.7,1320.9,45,0,0.0,0.0,0.0,0.0,0.0,0
CA,2013-04-09,422,1448.2464454976307,117.89334162708258,1072.0,1063.8,1324.9,45,0,0.0,0.0,0.0,0.0,0.0,0
CA,2013-04-10,575,1469.6765217391307,135.15036552586585,1298.5,1065.5,1331.5,52,0,0.0,0.0,0.0,0.0,0.0,0
CA,2013-04-11,509,1399.8074656188605,99.40226314000789,1078.0,1070.0,1330.0,48,0,0.0,0.0,0.0,0.0,0.0,0
CA,2013-04-12,451,1470.4390243902437,148.68100614369578,1104.0,1072.6,1338.0,41,0,0.0,0.0,0.0,0.0,0.0,0
CA,2013-04-13,515,1431.58640776699,153.31256652849942,1109.0,1099.5,1328.0,38,0,0.0,0.0,0.0,0.0,0.0,0
CA,2013-04-14,401,1390.7705735660845,85.85972321761768,1317.0,1110.8,1342.0,39,0,0.0,0.0,0.0,0.0,0.0,0
CA,2013-04-15,438,1437.922374429224,119.57759414040811,1086.5,1066.6,1345.3,39,0,0.0,0.0,0.0,0.0,0.0,0
CA,2013-04-16,532,1489.4022556390976,132.5374393879185,1055.0,1026.5,1067.2,43,0,0.0,0.0,0.0,0.0,0.0,0
CA,2013-04-17,418,1452.4497607655505,151.71699805888593,1010.0,998.8,1359.5,41,0,0.0,0.0,0.0,0.0,0.0,0
CA,2013-04-18,472,1427.5995762711866,204.42995535928546,1309.0,1010.6,1391.9999999999998,45,0,0.0,0.0,0.0,0.0,0.0,0
CA,2013-04-19,408,1459.3039215686272,172.67631890653422,1304.0,1007.0,1415.3000000000002,39,0,0.0,0.0,0.0,0.0,0.0,0
CA,2013-04-20,368,1481.6467391304345,185.18996038816852,1016.0,1001.4,1310.5,32,0,0.0,0.0,0.0,0.0,0.0,0
CA,2013-04-21,385,1472.9792207792207,119.34352405846694,1287.0,1037.0,1310.2,36,0,0.0,0.0,0.0,0.0,0.0,0
CA,2013-04-22,400,1439.7374999999995,62.731886157012106,1266.0,1190.2,1286.3,40,0,0.0,0.0,0.0,0.0,0.0,0
CA,2013-04-23,482,1388.7468879668047,150.48130190233675,1077.0,1056.4,1264.6,41,0,0.0,0.0,0.0,0.0,0.0,0
CA,2013-04-24,426,1366.9812206572776,168.46789671098236,1291.5,1045.9,1618.1,37,0,0.0,0.0,0.0,0.0,0.0,0
CA,2013-04-25,441,1410.8321995464853,164.01657690611643,1278.0,1057.1,1373.5,45,0,0.0,0.0,0.0,0.0,0.0,0
CA,2013-04-26,460,1384.6456521739128,218.6523267655755,1054.5,1046.0,1603.8,42,0,0.0,0.0,0.0,0.0,0.0,0
CA,2013-04-27,507,1296.4654832347137,43.37378696180636,1243.5,1210.5,1292.0,40,0,0.0,0.0,0.0,0.0,0.0,0
CA,2013-04-28,458,1384.353711790393,52.53506295329028,1260.0,1219.8,1296.0,33,0,0.0,0.0,0.0,0.0,0.0,0
CA,2013-04-29,330,1278.1454545454544,94.53889837408263,1246.0,1061.4,1298.8,46,0,0.0,0.0,0.0,0.0,0.0,0
CA,2013-04-30,431,1391.4176334106735,58.077660493837904,1237.0,1089.7,1263.4,44,0,0.0,0.0,0.0,0.0,0.0,0
CA,2013-05-01,577,1306.8232235701907,76.57929268231544,1267.0,1221.0,1296.0,42,0,0.0,0.0,0.0,0.0,0.0,0
CA,2013-05-02,455,1371.767032967033,93.29060024822735,1281.0,1083.4,1294.6,46,0,0.0,0.0,0.0,0.0,0.0,0
CA,2013-05-03,412,1416.910194174757,211.76926647231468,1302.0,1132.4,1545.2,43,0,0.0,0.0,0.0,0.0,0.0,0
CA,2013-05-04,404,1386.509900990099,3.5,1595.5,1592.7,1598.3,32,0,0.0,0.0,0.0,0.0,0.0,0
CA,2013-05-05,327,1374.162079510703,101.91867673133648,1088.5,1068.0,1298.0,36,0,0.0,0.0,0.0,0.0,0.0,0
CA,2013-05-06,432,1435.0347222222229,95.92854483565209,1273.0,1069.4,1289.8,39,0,0.0,0.0,0.0,0.0,0.0,0
CA,2013-05-07,427,1383.192037470726,225.79014039589947,1423.0,1122.1,1593.0,40,0,0.0,0.0,0.0,0.0,0.0,0
CA,2013-05-08,352,1398.3295454545457,4.608077147791691,1257.5,1253.1,1264.3,38,0,0.0,0.0,0.0,0.0,0.0,0
CA,2013-05-09,508,1374.940944881889,4.437059837324712,1551.0,1544.8,1555.3,42,0,0.0,0.0,0.0,0.0,0.0,0
CA,2013-05-10,443,1351.5665914221213,64.52389738177115,1242.0,1154.5,1248.5,47,0,0.0,0.0,0.0,0.0,0.0,0
CA,2013-05-11,490,1457.6714285714288,5.621387729022079,1229.0,1222.8,1235.0,36,0,0.0,0.0,0.0,0.0,0.0,0
CA,2013-05-12,475,1352.989473684211,54.51947664214444,1238.0,1138.8,1246.8,40,0,0.0,0.0,0.0,0.0,0.0,0
CA,2013-05-13,513,1351.479532163743,40.24584941409149,1246.5,1232.6,1255.2,47,0,0.0,0.0,0.0,0.0,0.0,0
CA,2013-05-14,493,1412.2981744421904,70.5242757452195,1091.0,1079.6,1227.4,43,0,0.0,0.0,0.0,0.0,0.0,0
CA,2013-05-15,515,1418.095145631068,55.25753845002106,1218.0,1098.4,1232.0,47,0,0.0,0.0,0.0,0.0,0.0,0
CA,2013-05-16,435,1359.986206896552,2.0,1226.0,1224.4,1227.6,43,0,0.0,0.0,0.0,0.0,0.0,0
CA,2013-05-17,413,1379.8886198547216,12.188988004400882,1221.0,1204.2,1234.2,39,0,0.0,0.0,0.0,0.0,0.0,0
CA,2013-05-18,384,1398.4062499999998,4.5,1206.5,1202.9,1210.1,40,0,0.0,0.0,0.0,0.0,0.0,0
CA,2013-05-19,475,1414.5136842105267,4.586937976471886,1190.0,1185.4,1195.8,45,0,0.0,0.0,0.0,0.0,0.0,0
CA,2013-05-20,524,1390.312977099237,128.58039651263695,1195.0,1171.1,1329.0000000000002,47,0,0.0,0.0,0.0,0.0,0.0,0
CA,2013-05-21,436,1364.6422018348621,14.2828568570857,1228.0,1210.4,1244.6,47,0,0.0,0.0,0.0,0.0,0.0,0
CA,2013-05-22,506,1308.2233201581028,47.51354743736406,1217.0,1115.0,1228.0,44,0,0.0,0.0,0.0,0.0,0.0,0
CA,2013-05-23,559,1335.114490161002,31.07048438631107,1214.5,1163.5,1230.0,49,0,0.0,0.0,0.0,0.0,0.0,0
CA,2013-05-24,615,1390.5772357723574,46.83312198487115,1254.0,1229.0,1288.2,48,0,0.0,0.0,0.0,0.0,0.0,0
CA,2013-05-25,599,1457.0984974958265,31.198290551460243,1228.0,1202.4,1240.8,44,0,0.0,0.0,0.0,0.0,0.0,0
CA,2013-05-26,448,1447.1272321428573,33.94348243772286,1133.0,1126.7,1147.7,42,0,0.0,0.0,0.0,0.0,0.0,0
CA,2013-05-27,585,1323.2940170940176,6.299801584177076,1114.0,1105.7,1122.6,45,0,0.0,0.0,0.0,0.0,0.0,0
CA,2013-05-28,520,1364.0980769230766,46.567752313758454,1112.0,1107.0,1178.0,44,2,59.2,0.0,0.0,0.0,0.0,2
CA,2013-05-29,543,1363.0534069981582,56.87608362826056,1112.0,1106.4,1205.6,46,0,0.0,0.0,0.0,0.0,0.0,0
CA,2013-05-30,434,1405.2350230414747,6.220128616033595,1231.0,1224.4,1239.0,47,0,0.0,0.0,0.0,0.0,0.0,0
CA,2013-05-31,501,1375.5808383233532,15.803527431872318,1087.0,1064.8,1104.4,42,0,0.0,0.0,0.0,0.0,0.0,0
CA,2013-06-01,565,1320.2336283185844,58.97027351839253,1246.0,1097.0,1266.0,50,0,0.0,0.0,0.0,0.0,0.0,0
CA,2013-06-02,543,1401.594843462247,75.00322573708242,1254.0,1098.0,1270.0,48,0,0.0,0.0,0.0,0.0,0.0,0
CA,2013-06-03,461,1360.6377440347067,41.86604673105136,1256.0,1224.0,1280.0,39,0,0.0,0.0,0.0,0.0,0.0,0
CA,2013-06-04,526,1471.9771863117867,83.25838806795066,1276.0,1110.4,1281.2,55,0,0.0,0.0,0.0,0.0,0.0,0
CA,2013-06-05,547,1366.3875685557587,13.950325094704203,1094.0,1082.0,1114.0,41,0,0.0,0.0,0.0,0.0,0.0,0
CA,2013-06-06,441,1364.0929705215422,6.605501726683939,1081.0,1074.2,1088.8,43,0,0.0,0.0,0.0,0.0,0.0,0
CA,2013-06-07,474,1356.9746835443034,80.33809806063373,1083.5,1071.3,1275.9,49,0,0.0,0.0,0.0,0.0,0.0,0
CA,2013-06-08,630,1366.174603174603,147.89999906092706,1178.5,1073.0,1287.4,46,0,0.0,0.0,0.0,0.0,0.0,0
CA,2013-06-09,498,1311.2710843373495,167.69243189445862,1293.0,1068.4,1431.8000000000006,49,0,0.0,0.0,0.0,0.0,0.0,0
CA,2013-06-10,472,1268.338983050847,6.264982043070834,1090.0,1082.5,1096.0,46,0,0.0,0.0,0.0,0.0,0.0,0
CA,2013-06-11,479,1274.9812108559497,7.650530193711933,1097.0,1088.4,1105.0,46,1,58.97,0.0,0.0,0.0,0.0,1
CA,2013-06-12,550,1282.88,103.34991089320131,1323.0,1107.9,1354.1,50,0,0.0,0.0,0.0,0.0,0.0,0
CA,2013-06-13,444,1259.9414414414405,117.84820044068317,1326.0,1098.0,1343.0,46,0,0.0,0.0,0.0,0.0,0.0,0
CA,2013-06-14,545,1295.526605504587,105.49557126038778,1131.0,1103.0,1332.6,48,0,0.0,0.0,0.0,0.0,0.0,0
CA,2013-06-15,463,1376.913606911447,107.22084661566328,1238.0,1135.2,1305.4,38,0,0.0,0.0,0.0,0.0,0.0,0
CA,2013-06-16,401,1338.0872817955112,42.093887473877906,1224.0,1126.6,1238.6,45,0,0.0,0.0,0.0,0.0,0.0,0
CA,2013-06-17,324,1331.478395061728,65.65684169740427,1128.0,1104.0,1251.0,43,0,0.0,0.0,0.0,0.0,0.0,0
CA,2013-06-18,403,1317.933002481389,77.49878208391274,1112.0,1098.2,1262.7,50,0,0.0,0.0,0.0,0.0,0.0,0
CA,2013-06-19,408,1343.203431372549,108.55190265920841,1251.0,1114.0,1268.4,41,0,0.0,0.0,0.0,0.0,0.0,0
CA,2013-06-20,430,1326.0441860465116,89.41079314353247,1189.0,1087.2,1286.0,41,0,0.0,0.0,0.0,0.0,0.0,0
CA,2013-06-21,552,1324.5579710144928,71.01125171282708,1301.0,1163.4,1333.6,40,0,0.0,0.0,0.0,0.0,0.0,0
CA,2013-06-22,378,1353.3835978835982,157.54079484633917,1310.0,1097.0,1557.0,41,0,0.0,0.0,0.0,0.0,0.0,0
CA,2013-06-23,353,1333.8696883852688,84.6994687114388,1329.0,1226.6,1335.0,47,0,0.0,0.0,0.0,0.0,0.0,0
CA,2013-06-24,418,1327.267942583732,115.51478981786993,1201.0,1082.0,1320.0,49,0,0.0,0.0,0.0,0.0,0.0,0
CA,2013-06-25,350,1344.2771428571425,109.9563920982555,1108.0,1100.4,1329.2,41,0,0.0,0.0,0.0,0.0,0.0,0
CA,2013-06-26,405,1302.6641975308642,0.0,1114.0,1114.0,1114.0,38,0,0.0,0.0,0.0,0.0,0.0,0
CA,2013-06-27,418,1329.0167464114827,102.75699489572474,1112.5,1100.5,1324.0,45,0,0.0,0.0,0.0,0.0,0.0,0
CA,2013-06-28,475,1295.2715789473682,116.01568169863936,1334.0,1103.8,1352.2,43,0,0.0,0.0,0.0,0.0,0.0,0
CA,2013-06-29,509,1304.8035363457761,85.26637420834264,1302.0,1123.6,1332.4,43,0,0.0,0.0,0.0,0.0,0.0,0
CA,2013-06-30,426,1322.462441314554,143.32480594788888,1112.0,1105.2,1340.2,42,0,0.0,0.0,0.0,0.0,0.0,0
CA,2013-07-01,316,1408.5854430379748,132.69406910759562,1101.0,1094.0,1285.8,42,0,0.0,0.0,0.0,0.0,0.0,0
CA,2013-07-02,301,1363.4916943521594,98.30257145952774,1252.0,1076.8,1289.2,38,0,0.0,0.0,0.0,0.0,0.0,0
CA,2013-07-03,350,1305.7228571428577,117.74890893573306,1242.0,1070.7,1254.2,46,0,0.0,0.0,0.0,0.0,0.0,0
CA,2013-07-04,331,1369.214501510574,93.32421830490853,1249.0,1071.2,1269.9,42,0,0.0,0.0,0.0,0.0,0.0,0
CA,2013-07-05,386,1316.2124352331598,155.7191996376891,1081.0,1066.6,1322.8,41,0,0.0,0.0,0.0,0.0,0.0,0
CA,2013-07-06,274,1369.4379562043791,133.38661446962206,1233.0,1064.6,1320.5999999999997,45,0,0.0,0.0,0.0,0.0,0.0,0
CA,2013-07-07,328,1369.442073170731,41.86596124985184,1234.0,1221.4,1249.2,40,0,0.0,0.0,0.0,0.0,0.0,0
CA,2013-07-08,342,1333.7748538011697,57.16836732164232,1213.0,1091.0,1234.0,39,0,0.0,0.0,0.0,0.0,0.0,0
CA,2013-07-09,272,1330.1286764705883,0.0,1104.0,1104.0,1104.0,41,0,0.0,0.0,0.0,0.0,0.0,0
CA,2013-07-10,320,1427.6062500000003,40.026727181833,1194.5,1117.0,1207.0,35,1,65.98,0.0,0.0,0.0,0.0,1
CA,2013-07-11,324,1386.456790123457,46.533816970926175,1215.0,1113.2,1228.2,39,0,0.0,0.0,0.0,0.0,0.0,0
CA,2013-07-12,479,1303.6054279749483,47.84756602754152,1179.5,1076.3,1211.0,42,0,0.0,0.0,0.0,0.0,0.0,0
CA,2013-07-13,294,1401.91156462585,45.48571882782497,1193.5,1079.5,1209.0,29,0,0.0,0.0,0.0,0.0,0.0,0
CA,2013-07-14,310,1350.9967741935486,72.87099982192834,1194.0,1058.0,1223.8,39,0,0.0,0.0,0.0,0.0,0.0,0
CA,2013-07-15,384,1339.375,147.18926683732357,1203.0,1054.0,1227.0,41,0,0.0,0.0,0.0,0.0,0.0,0
CA,2013-07-16,447,1334.0782997762872,59.55421197877776,1222.0,1075.4,1249.4,44,0,0.0,0.0,0.0,0.0,0.0,0
CA,2013-07-17,488,1293.0143442622943,65.31629385076131,1156.0,1101.6,1177.4,45,0,0.0,0.0,0.0,0.0,0.0,0
CA,2013-07-18,390,1301.1743589743592,3.5,1096.5,1093.7,1099.3,45,0,0.0,0.0,0.0,0.0,0.0,0
CA,2013-07-19,442,1264.6289592760177,23.32440305297818,1103.0,1079.5,1136.3,42,0,0.0,0.0,0.0,0.0,0.0,0
CA,2013-07-20,349,1293.272206303725,36.09944692134785,1166.0,1078.0,1175.0,37,0,0.0,0.0,0.0,0.0,0.0,0
CA,2013-07-21,393,1395.956743002544,44.889638749526824,1173.0,1079.0,1193.0,42,0,0.0,0.0,0.0,0.0,0.0,0
CA,2013-07-22,532,1343.3796992481205,56.27023868128562,1203.0,1061.8,1226.2,40,0,0.0,0.0,0.0,0.0,0.0,0
CA,2013-07-23,425,1285.3129411764705,200.67441845492468,1077.0,1051.8,1563.6,53,0,0.0,0.0,0.0,0.0,0.0,0
CA,2013-07-24,369,1362.181571815718,18.326682295238744,1060.0,1027.7,1072.3,42,0,0.0,0.0,0.0,0.0,0.0,0
CA,2013-07-25,371,1314.1051212938005,60.357776835216484,1031.0,1024.6,1103.0,41,0,0.0,0.0,0.0,0.0,0.0,0
CA,2013-07-26,257,1290.1361867704272,7.795864942652716,1029.0,1019.4,1036.6,43,0,0.0,0.0,0.0,0.0,0.0,0
CA,2013-07-27,439,1308.9863325740316,112.40205612986901,1214.5,1036.1,1240.5,36,0,0.0,0.0,0.0,0.0,0.0,0
CA,2013-07-28,347,1400.0144092219023,143.30211475672647,1033.5,1021.5,1198.5,46,0,0.0,0.0,0.0,0.0,0.0,0
CA,2013-07-29,341,1317.1642228739004,69.59870395227725,1012.0,1000.6,1176.2,39,0,0.0,0.0,0.0,0.0,0.0,0
CA,2013-07-30,417,1338.2925659472417,61.76407548412073,1026.0,1015.9,1170.9,40,0,0.0,0.0,0.0,0.0,0.0,0
CA,2013-07-31,361,1355.958448753462,129.08981342769013,1184.0,1033.0,1215.6,40,0,0.0,0.0,0.0,0.0,0.0,0
CA,2013-08-01,376,1352.0186170212762,57.21003106380023,1049.0,1041.6,1088.8,42,0,0.0,0.0,0.0,0.0,0.0,0
CA,2013-08-02,400,1375.7525,54.14201718343488,1064.0,1056.4,1100.2,42,0,0.0,0.0,0.0,0.0,0.0,0
CA,2013-08-03,463,1363.6306695464368,77.44988636505016,1234.0,1061.6,1250.6,35,0,0.0,0.0,0.0,0.0,0.0,0
CA,2013-08-04,370,1379.208108108108,88.78047766421238,1262.0,1070.2,1277.2,41,0,0.0,0.0,0.0,0.0,0.0,0
CA,2013-08-05,417,1325.1966426858514,129.0532230322048,1264.0,1079.5,1279.0,42,0,0.0,0.0,0.0,0.0,0.0,0
CA,2013-08-06,424,1344.1768867924523,90.19280671024418,1264.0,1080.4,1288.4,43,2,32.21,0.0,0.0,0.0,0.0,2
CA,2013-08-07,467,1346.3040685224842,65.64380682897664,1069.5,1061.4,1136.5,45,0,0.0,0.0,0.0,0.0,0.0,0
CA,2013-08-08,377,1329.4429708222813,93.16785132603444,1090.0,1066.8,1275.2,41,0,0.0,0.0,0.0,0.0,0.0,0
CA,2013-08-09,304,1340.575657894737,13.999154665941322,1040.0,1031.6,1067.0,37,0,0.0,0.0,0.0,0.0,0.0,0
CA,2013-08-10,468,1353.8696581196575,116.27176468897721,1271.0,1036.3,1289.7,37,0,0.0,0.0,0.0,0.0,0.0,0
CA,2013-08-11,461,1334.928416485901,97.41314596047681,1259.0,1137.0,1284.0,40,0,0.0,0.0,0.0,0.0,0.0,0
CA,2013-08-12,406,1312.42118226601,219.36312345240677,1067.0,1047.4,1554.2,45,0,0.0,0.0,0.0,0.0,0.0,0
CA,2013-08-13,404,1404.6064356435647,72.39263690149033,1056.0,1048.8,1212.0,50,0,0.0,0.0,0.0,0.0,0.0,0
CA,2013-08-14,384,1361.2161458333335,147.8285247415827,1064.0,1056.0,1071.0,44,0,0.0,0.0,0.0,0.0,0.0,0
CA,2013-08-15,294,1332.962585034014,81.12465640323667,1213.0,1052.2,1221.2,37,0,0.0,0.0,0.0,0.0,0.0,0
CA,2013-08-16,320,1313.6249999999998,204.36398900001927,1064.0,1059.4,1374.2,47,0,0.0,0.0,0.0,0.0,0.0,0
CA,2013-08-17,336,1312.7321428571431,53.03644280990174,1214.0,1087.0,1221.6,36,0,0.0,0.0,0.0,0.0,0.0,0
CA,2013-08-18,369,1330.0379403794036,62.09455155916124,1088.0,1067.2,1199.8,44,0,0.0,0.0,0.0,0.0,0.0,0
CA,2013-08-19,308,1318.545454545455,36.79687486730361,1064.5,1053.3,1087.5,42,0,0.0,0.0,0.0,0.0,0.0,0
CA,2013-08-20,393,1340.0000000000002,61.14235438711859,1160.0,1053.7,1199.5,43,0,0.0,0.0,0.0,0.0,0.0,0
CA,2013-08-21,289,1342.750865051903,54.87934999210135,1045.0,1025.4,1163.3,41,0,0.0,0.0,0.0,0.0,0.0,0
CA,2013-08-22,254,1276.720472440945,53.47782826876472,994.0,984.8,1044.3999999999999,35,0,0.0,0.0,0.0,0.0,0.0,0
CA,2013-08-23,338,1343.230769230769,73.22731730713613,1151.5,1010.9,1172.5,37,0,0.0,0.0,0.0,0.0,0.0,0
CA,2013-08-24,364,1386.3296703296703,115.63705672875322,1148.0,1031.8,1162.4,40,0,0.0,0.0,0.0,0.0,0.0,0
CA,2013-08-25,413,1385.0605326876519,45.66811129101891,1137.5,1041.4,1153.6,42,0,0.0,0.0,0.0,0.0,0.0,0
CA,2013-08-26,312,1292.3301282051286,7.626270385975047,1054.0,1044.4,1060.8,46,0,0.0,0.0,0.0,0.0,0.0,0
CA,2013-08-27,480,1352.2187500000007,35.51408171415952,1070.0,1065.0,1142.5,53,0,0.0,0.0,0.0,0.0,0.0,0
CA,2013-08-28,456,1381.2171052631581,29.03769102390891,1071.5,1064.5,1117.0,44,0,0.0,0.0,0.0,0.0,0.0,0
CA,2013-08-29,398,1404.3467336683411,25.53668829311255,1073.0,1062.8,1107.6,47,0,0.0,0.0,0.0,0.0,0.0,0
CA,2013-08-30,411,1362.9562043795618,51.710999796948414,1075.5,1043.7,1174.4,44,0,0.0,0.0,0.0,0.0,0.0,0
CA,2013-08-31,492,1400.4126016260168,38.633157175324584,1187.0,1166.8,1203.1,41,0,0.0,0.0,0.0,0.0,0.0,0
CA,2013-09-01,360,1345.6166666666668,68.7389729338459,1197.0,1042.6,1213.2,45,0,0.0,0.0,0.0,0.0,0.0,0
CA,2013-09-02,403,1308.0124069478911,110.83079671709113,1235.0,1043.5,1256.5,42,0,0.0,0.0,0.0,0.0,0.0,0
CA,2013-09-03,428,1299.3855140186915,90.60169240509067,1072.0,1064.0,1221.6,50,0,0.0,0.0,0.0,0.0,0.0,0
CA,2013-09-04,384,1355.8645833333333,173.2041858616587,1257.5,1078.5,1573.0,47,0,0.0,0.0,0.0,0.0,0.0,0
CA,2013-09-05,379,1319.6121372031662,89.59151217193757,1093.0,1068.6,1256.8,45,0,0.0,0.0,0.0,0.0,0.0,0
CA,2013-09-06,382,1275.835078534032,4.356557337707688,1242.0,1236.8,1246.6,48,0,0.0,0.0,0.0,0.0,0.0,0
CA,2013-09-07,504,1363.6011904761901,45.379070065394686,1230.5,1110.5,1241.1,47,0,0.0,0.0,0.0,0.0,0.0,0
CA,2013-09-08,446,1363.2443946188341,146.66318544678458,1093.0,1070.0,1345.6000000000001,46,0,0.0,0.0,0.0,0.0,0.0,0
CA,2013-09-09,463,1374.9589632829368,51.13511513627402,1216.0,1140.2,1222.6,48,0,0.0,0.0,0.0,0.0,0.0,0
CA,2013-09-10,365,1328.5369863013696,154.57198970059227,1222.5,1211.1,1575.3,43,0,0.0,0.0,0.0,0.0,0.0,0
CA,2013-09-11,273,1365.5347985347983,0.0,1587.0,1587.0,1587.0,41,0,0.0,0.0,0.0,0.0,0.0,0
CA,2013-09-12,458,1339.7358078602624,153.87512974992273,1232.0,1160.0,1419.0,47,0,0.0,0.0,0.0,0.0,0.0,0
CA,2013-09-13,437,1375.3249427917622,118.99947912935522,1220.0,1098.0,1232.0,54,0,0.0,0.0,0.0,0.0,0.0,0
CA,2013-09-14,511,1380.7964774951076,139.3439427280569,1234.5,1095.5,1416.0,47,0,0.0,0.0,0.0,0.0,0.0,0
CA,2013-09-15,468,1320.1282051282049,67.13132938215499,1237.0,1084.8,1251.6,47,0,0.0,0.0,0.0,0.0,0.0,0
CA,2013-09-16,408,1316.875,87.46767998136406,1084.0,1070.0,1261.0,44,0,0.0,0.0,0.0,0.0,0.0,0
CA,2013-09-17,356,1322.230337078652,84.14933815016676,1238.0,1071.0,1248.8,49,0,0.0,0.0,0.0,0.0,0.0,0
CA,2013-09-18,432,1295.2291666666667,5.2930642283671405,1072.0,1065.0,1079.0,44,0,0.0,0.0,0.0,0.0,0.0,0
CA,2013-09-19,390,1344.5102564102567,58.16584312225216,1065.0,1059.0,1132.4,43,0,0.0,0.0,0.0,0.0,0.0,0
CA,2013-09-20,346,1336.936416184971,11.77454882362802,1059.0,1050.4,1076.6,46,0,0.0,0.0,0.0,0.0,0.0,0
CA,2013-09-21,465,1453.098924731182,154.8570633170202,1222.0,1087.0,1511.4000000000003,48,0,0.0,0.0,0.0,0.0,0.0,0
CA,2013-09-22,619,1356.3263327948305,228.05692092912565,1108.0,1091.2,1577.0,43,0,0.0,0.0,0.0,0.0,0.0,0
CA,2013-09-23,521,1373.5911708253361,50.18196480645945,1195.5,1101.0,1218.3,44,0,0.0,0.0,0.0,0.0,0.0,0
CA,2013-09-24,290,1297.410344827587,230.5066304180135,1168.0,735.8000000000001,1188.0,49,0,0.0,0.0,0.0,0.0,0.0,0
CA,2013-09-25,485,1364.61030927835,34.97124038865347,1095.0,1087.4,1174.4,53,0,0.0,0.0,0.0,0.0,0.0,0
CA,2013-09-26,494,1368.3886639676111,53.011791141216875,1106.5,1086.2,1203.8,53,0,0.0,0.0,0.0,0.0,0.0,0
CA,2013-09-27,540,1345.188888888889,155.9137882773682,1102.5,1093.7,1319.1999999999998,56,2,69.42,0.0,0.0,0.0,0.0,1
CA,2013-09-28,454,1341.7731277533037,98.69207943502799,1224.0,1103.0,1238.3,49,0,0.0,0.0,0.0,0.0,0.0,0
CA,2013-09-29,511,1343.121330724071,73.8802263688969,1210.0,1056.8,1246.8,47,0,0.0,0.0,0.0,0.0,0.0,0
CA,2013-09-30,447,1329.9172259507832,179.64155069107449,1083.0,1054.6,1482.1000000000004,51,0,0.0,0.0,0.0,0.0,0.0,0
CA,2013-10-01,578,1324.1660899653982,75.40291771543062,1117.0,1103.4,1263.0,54,0,0.0,0.0,0.0,0.0,0.0,0
CA,2013-10-02,372,1304.5215053763434,39.26860920174094,1108.0,1099.4,1124.0,53,0,0.0,0.0,0.0,0.0,0.0,0
CA,2013-10-03,350,1265.0685714285712,47.32874390896087,1089.0,1081.3,1123.3999999999999,47,0,0.0,0.0,0.0,0.0,0.0,0
CA,2013-10-04,395,1339.063291139241,193.09088533641355,1082.5,1072.0,1567.9,53,0,0.0,0.0,0.0,0.0,0.0,0
CA,2013-10-05,459,1354.9498910675377,93.61830886692005,1074.5,1045.5,1248.7,51,0,0.0,0.0,0.0,0.0,0.0,0
CA,2013-10-06,424,1356.3066037735848,162.92852588007585,1037.5,1012.4,1233.0,49,0,0.0,0.0,0.0,0.0,0.0,0
CA,2013-10-07,453,1297.6048565121412,71.74637644565254,1073.0,1051.8,1207.0,47,0,0.0,0.0,0.0,0.0,0.0,0
CA,2013-10-08,484,1341.8347107438021,56.776666367003266,1096.5,1070.0,1195.5,57,0,0.0,0.0,0.0,0.0,0.0,0
CA,2013-10-09,440,1325.6272727272737,7.363574011458174,1098.0,1091.6,1106.0,58,0,0.0,0.0,0.0,0.0,0.0,0
CA,2013-10-10,461,1317.7180043383944,5.020943790086668,1107.0,1104.0,1112.2,47,0,0.0,0.0,0.0,0.0,0.0,0
CA,2013-10-11,486,1309.3168724279842,134.41928139175772,1133.0,1124.2,1223.6000000000001,47,0,0.0,0.0,0.0,0.0,0.0,0
CA,2013-10-12,367,1374.6348773841964,5.035871324805669,1136.0,1129.0,1140.0,42,0,0.0,0.0,0.0,0.0,0.0,0
CA,2013-10-13,346,1343.0635838150283,175.41283368733949,1069.0,1047.8,1125.6,40,0,0.0,0.0,0.0,0.0,0.0,0
CA,2013-10-14,370,1390.445945945946,8.795453370918409,1057.0,1049.8,1069.9,47,0,0.0,0.0,0.0,0.0,0.0,0
CA,2013-10-15,516,1340.9205426356589,5.44426303552648,1070.5,1062.7,1075.4,51,0,0.0,0.0,0.0,0.0,0.0,0
CA,2013-10-16,463,1360.6717062634996,206.38828079370106,1108.0,1087.6,1555.2,54,0,0.0,0.0,0.0,0.0,0.0,0
CA,2013-10-17,461,1288.2104121475054,114.95453178843461,1130.0,1107.6,1140.0,51,0,0.0,0.0,0.0,0.0,0.0,0
CA,2013-10-18,375,1340.546666666666,147.04591119782964,1102.0,1094.0,1333.0,52,0,0.0,0.0,0.0,0.0,0.0,0
CA,2013-10-19,447,1334.700223713646,18.859575651376677,1048.5,1029.0,1076.5,50,0,0.0,0.0,0.0,0.0,0.0,0
CA,2013-10-20,243,1276.7613168724283,9.26312882106017,1016.5,1009.5,1030.5,34,0,0.0,0.0,0.0,0.0,0.0,0
CA,2013-10-21,389,1364.0205655526986,158.65635820855087,1024.5,1011.0,1088.3999999999999,51,0,0.0,0.0,0.0,0.0,0.0,0
CA,2013-10-22,404,1290.2846534653463,6.363175307973213,1022.5,1015.4,1030.3,47,0,0.0,0.0,0.0,0.0,0.0,0
CA,2013-10-23,438,1336.0433789954345,7.565629803609183,1008.0,999.0,1018.2,46,0,0.0,0.0,0.0,0.0,0.0,0
CA,2013-10-24,379,1299.8970976253297,11.774926279552194,985.0,967.0,994.2,48,0,0.0,0.0,0.0,0.0,0.0,0
CA,2013-10-25,466,1347.9806866952788,162.81465404025505,990.0,973.0,1004.0,56,0,0.0,0.0,0.0,0.0,0.0,0
CA,2013-10-26,570,1422.0298245614033,187.83470126683196,975.0,964.5,1270.0,59,0,0.0,0.0,0.0,0.0,0.0,0
CA,2013-10-27,428,1283.5677570093453,6.62709343128183,1013.0,1004.4,1020.8,49,0,0.0,0.0,0.0,0.0,0.0,0
CA,2013-10-28,466,1327.4549356223174,7.9751680725313845,1021.0,1009.0,1028.0,44,0,0.0,0.0,0.0,0.0,0.0,0
CA,2013-10-29,369,1294.7317073170732,11.451588924201257,1011.5,1001.0,1027.5,48,0,0.0,0.0,0.0,0.0,0.0,0
CA,2013-10-30,440,1355.7022727272727,2.0,1020.0,1018.4,1021.6,50,0,0.0,0.0,0.0,0.0,0.0,0
CA,2013-10-31,531,1272.0357815442555,11.099549540409287,1008.5,996.4,1022.9,52,0,0.0,0.0,0.0,0.0,0.0,0
CA,2013-11-01,460,1304.0326086956525,7.084313657652377,1030.0,1021.4,1036.5,45,0,0.0,0.0,0.0,0.0,0.0,0
CA,2013-11-02,373,1244.74798927614,21.93606928631636,1010.0,987.4,1044.8,41,0,0.0,0.0,0.0,0.0,0.0,0
CA,2013-11-03,369,1288.043360433605,6.053006599111626,995.5,987.6,1004.8,44,0,0.0,0.0,0.0,0.0,0.0,0
CA,2013-11-04,430,1260.3651162790698,205.82123351415729,1014.0,997.0,1539.0,55,0,0.0,0.0,0.0,0.0,0.0,0
CA,2013-11-05,469,1276.7825159914712,6.29285308902091,1024.0,1017.2,1031.2,45,0,0.0,0.0,0.0,0.0,0.0,0
CA,2013-11-06,581,1347.5421686746986,6.548960901462833,1052.0,1044.8,1057.6,55,0,0.0,0.0,0.0,0.0,0.0,0
CA,2013-11-07,656,1274.8124999999995,4.109609335312651,1050.0,1045.2,1053.2,53,0,0.0,0.0,0.0,0.0,0.0,0
CA,2013-11-08,594,1309.232323232323,3.0,1063.0,1060.6,1065.4,54,0,0.0,0.0,0.0,0.0,0.0,0
CA,2013-11-09,549,1373.069216757741,6.48621661041009,1059.0,1050.8,1067.8,53,0,0.0,0.0,0.0,0.0,0.0,0
CA,2013-11-10,402,1257.0447761194034,12.421180068162375,1058.0,1046.0,1075.8,51,0,0.0,0.0,0.0,0.0,0.0,0
CA,2013-11-11,560,1342.0821428571433,8.16496580927726,1083.0,1075.0,1091.0,57,0,0.0,0.0,0.0,0.0,0.0,0
CA,2013-11-12,541,1352.103512014788,171.54461680727715,1098.5,1090.0,1332.5,57,0,0.0,0.0,0.0,0.0,0.0,0
CA,2013-11-13,567,1337.8095238095239,3.5,1118.5,1115.7,1121.3,58,0,0.0,0.0,0.0,0.0,0.0,0
CA,2013-11-14,417,1330.7937649880096,3.299831645537222,1130.0,1124.4,1130.0,49,0,0.0,0.0,0.0,0.0,0.0,0
CA,2013-11-15,336,1381.488095238095,182.2422837872704,1554.5,1261.9,1564.3,45,0,0.0,0.0,0.0,0.0,0.0,0
CA,2013-11-16,336,1359.511904761905,6.599663291074443,1514.0,1509.2,1522.0,41,1,86.29,0.0,0.0,0.0,0.0,1
CA,2013-11-17,441,1359.893424036281,168.87404905563332,1126.0,1109.6,1520.6,49,0,0.0,0.0,0.0,0.0,0.0,0
CA,2013-11-18,468,1383.9252136752136,5.238320341483518,1119.0,1116.0,1126.0,53,0,0.0,0.0,0.0,0.0,0.0,0
CA,2013-11-19,553,1389.2857142857142,159.27067504407108,1110.0,1099.4,1461.4000000000003,58,0,0.0,0.0,0.0,0.0,0.0,0
CA,2013-11-20,735,1403.6394557823128,134.79721807218428,1100.5,1092.0,1152.8999999999999,66,0,0.0,0.0,0.0,0.0,0.0,0
CA,2013-11-21,589,1323.8522920203736,4.815340071064556,1115.0,1110.2,1120.5,47,0,0.0,0.0,0.0,0.0,0.0,0
CA,2013-11-22,517,1359.6344294003866,198.05744116291112,1313.0,1132.2,1540.0,57,0,0.0,0.0,0.0,0.0,0.0,0
CA,2013-11-23,557,1260.7486535008984,187.70284860651424,1131.5,1119.9,1558.0,60,0,0.0,0.0,0.0,0.0,0.0,0
CA,2013-11-24,529,1302.2041587901704,204.5762256440504,1139.0,1127.0,1576.6,54,0,0.0,0.0,0.0,0.0,0.0,0
CA,2013-11-25,512,1314.5546875000007,92.66366901626309,1215.0,1147.7,1232.9,61,0,0.0,0.0,0.0,0.0,0.0,0
CA,2013-11-26,599,1281.7078464106844,42.63179347744576,1235.0,1196.6,1284.2,55,0,0.0,0.0,0.0,0.0,0.0,0
CA,2013-11-27,793,1367.263556116015,94.25233061389238,1270.0,1127.2,1316.6,61,0,0.0,0.0,0.0,0.0,0.0,0
CA,2013-11-28,617,1355.39546191248,118.46233765964176,1305.0,1117.2,1323.4,60,0,0.0,0.0,0.0,0.0,0.0,0
CA,2013-11-29,656,1353.2637195121952,171.75229256111837,1275.5,1113.3,1580.0,60,0,0.0,0.0,0.0,0.0,0.0,0
CA,2013-11-30,788,1399.5215736040602,196.00603738409526,1102.0,1035.2,1576.4,58,0,0.0,0.0,0.0,0.0,0.0,0
CA,2013-12-01,533,1348.0881801125709,158.15177382506286,1220.5,1066.9,1577.4,56,0,0.0,0.0,0.0,0.0,0.0,0
CA,2013-12-02,667,1414.478260869565,9.593747964169166,1036.0,1026.3,1046.8,55,0,0.0,0.0,0.0,0.0,0.0,0
CA,2013-12-03,477,1371.398322851153,57.835868233484554,1037.0,1029.2,1076.4,59,0,0.0,0.0,0.0,0.0,0.0,0
CA,2013-12-04,662,1337.9501510574023,75.33644700218865,1190.0,1046.6,1207.8,56,0,0.0,0.0,0.0,0.0,0.0,0
CA,2013-12-05,398,1277.6683417085426,60.17978604315112,1218.0,1060.8,1231.2,51,0,0.0,0.0,0.0,0.0,0.0,0
CA,2013-12-06,409,1324.8557457212712,250.79511059827303,1322.0,1069.7,1575.0,57,0,0.0,0.0,0.0,0.0,0.0,0
CA,2013-12-07,754,1372.0397877984087,135.52931465301336,1269.0,1097.0,1593.0,64,0,0.0,0.0,0.0,0.0,0.0,0
CA,2013-12-08,694,1386.4351585014408,35.32057771153443,1240.5,1216.3,1300.0,60,0,0.0,0.0,0.0,0.0,0.0,0
CA,2013-12-09,446,1335.838565022422,182.73522807670918,1098.0,1086.7,1580.1,56,0,0.0,0.0,0.0,0.0,0.0,0
CA,2013-12-10,547,1309.694698354662,168.96263886828157,1260.0,1077.0,1572.0,61,0,0.0,0.0,0.0,0.0,0.0,0
CA,2013-12-11,632,1339.0664556962026,216.01511662901027,1093.0,1076.8,1576.2,69,0,0.0,0.0,0.0,0.0,0.0,0
CA,2013-12-12,627,1304.5853269537477,198.78678904796465,1109.0,1102.7,1428.2,66,0,0.0,0.0,0.0,0.0,0.0,0
CA,2013-12-13,574,1294.6376306620211,205.95502918948813,1528.0,1101.8,1551.2,62,0,0.0,0.0,0.0,0.0,0.0,0
CA,2013-12-14,554,1320.4223826714801,169.03370983838812,1151.5,1078.1,1552.0,58,0,0.0,0.0,0.0,0.0,0.0,0
CA,2013-12-15,553,1305.3056057866181,95.47781224755282,1262.0,1235.8,1299.2,59,0,0.0,0.0,0.0,0.0,0.0,0
CA,2013-12-16,497,1309.1167002012069,45.578454949192334,1081.0,1068.0,1090.4,61,0,0.0,0.0,0.0,0.0,0.0,0
CA,2013-12-17,548,1258.2408759124091,75.38256172514235,1083.0,1070.8,1243.0,59,0,0.0,0.0,0.0,0.0,0.0,0
CA,2013-12-18,473,1300.8942917547572,67.15197506478897,1102.0,1095.0,1235.4,58,0,0.0,0.0,0.0,0.0,0.0,0
CA,2013-12-19,528,1305.071969696969,194.29268514280201,1226.0,1092.5,1562.8,59,0,0.0,0.0,0.0,0.0,0.0,0
CA,2013-12-20,738,1300.4024390243899,221.53408037011394,1173.5,1109.8,1610.6,61,1,77.37,0.0,0.0,0.0,0.0,1
CA,2013-12-21,671,1367.4157973174367,56.19440209566035,1238.0,1109.0,1256.0,59,0,0.0,0.0,0.0,0.0,0.0,0
CA,2013-12-22,633,1329.3601895734598,44.36194116559364,1248.5,1214.0,1308.5,57,0,0.0,0.0,0.0,0.0,0.0,0
CA,2013-12-23,624,1365.7916666666667,214.5368647261599,1600.5,1145.6,1618.0,63,0,0.0,0.0,0.0,0.0,0.0,0
CA,2013-12-24,594,1384.5858585858584,167.88777461998333,1255.0,1130.4,1593.6,63,0,0.0,0.0,0.0,0.0,0.0,0
CA,2013-12-25,495,1401.4949494949492,186.21097535792566,1098.5,1091.0,1572.0,59,0,0.0,0.0,0.0,0.0,0.0,0
CA,2013-12-26,682,1443.483870967742,231.46236021564576,1250.0,1084.4,1573.6,58,1,68.18,0.0,0.0,0.0,0.0,1
CA,2013-12-27,811,1432.2022194821202,128.46418753844335,1298.0,1198.6,1557.2,62,0,0.0,0.0,0.0,0.0,0.0,0
CA,2013-12-28,739,1403.3585926928283,147.16936409591182,1302.0,1106.4,1569.4,64,0,0.0,0.0,0.0,0.0,0.0,0
CA,2013-12-29,544,1369.1139705882356,136.93930918476258,1312.0,1069.8,1331.8,51,1,38.59,0.0,0.0,0.0,0.0,1
CA,2013-12-30,566,1416.6183745583048,188.4331328497076,1336.0,1053.5,1588.0,56,0,0.0,0.0,0.0,0.0,0.0,0
CA,2013-12-31,624,1396.360576923077,162.38367240493088,1320.5,1067.5,1369.7,63,0,0.0,0.0,0.0,0.0,0.0,0
CA,2014-01-01,477,1396.5974842767293,182.9858992796441,1348.0,1110.6,1616.2,56,0,0.0,0.0,0.0,0.0,0.0,0
CA,2014-01-02,615,1401.1414634146347,150.73246944089385,1110.5,1099.0,1345.5,63,0,0.0,0.0,0.0,0.0,0.0,0
CA,2014-01-03,693,1343.7085137085135,140.92627449751873,1123.5,1095.0,1323.5,63,0,0.0,0.0,0.0,0.0,0.0,0
CA,2014-01-04,809,1388.4907292954258,92.16681072601523,1272.0,1082.0,1288.0,63,1,75.9,0.0,0.0,0.0,0.0,1
CA,2014-01-05,637,1340.2574568288849,72.90398494189576,1234.0,1106.8,1276.0,61,0,0.0,0.0,0.0,0.0,0.0,0
CA,2014-01-06,460,1310.1543478260867,49.62553994543569,1110.0,1098.0,1214.0,57,0,0.0,0.0,0.0,0.0,0.0,0
CA,2014-01-07,671,1333.3353204172872,50.22700830179875,1124.0,1103.6,1214.0,66,0,0.0,0.0,0.0,0.0,0.0,0
CA,2014-01-08,560,1408.6696428571422,86.9534606613656,1130.0,1106.7,1212.5,55,0,0.0,0.0,0.0,0.0,0.0,0
CA,2014-01-09,516,1362.360465116279,49.90073479752912,1112.5,1105.1,1218.4,53,0,0.0,0.0,0.0,0.0,0.0,0
CA,2014-01-10,498,1413.1887550200809,119.53837392028625,1103.0,1081.1,1203.2,65,2,96.95,0.0,0.0,0.0,0.0,2
CA,2014-01-11,712,1304.665730337079,88.06493744470039,1183.0,1093.2,1197.6,62,0,0.0,0.0,0.0,0.0,0.0,0
CA,2014-01-12,587,1313.5264054514475,114.98342560700041,1207.0,1123.0,1293.6000000000001,57,0,0.0,0.0,0.0,0.0,0.0,0
CA,2014-01-13,577,1400.8873483535529,50.744244945232246,1205.0,1115.7,1228.0,64,0,0.0,0.0,0.0,0.0,0.0,0
CA,2014-01-14,605,1360.9173553719008,101.9244503187475,1182.0,1072.4,1332.2,55,0,0.0,0.0,0.0,0.0,0.0,0
CA,2014-01-15,658,1280.9620060790278,125.17561423855686,1155.0,1065.2,1362.8,65,0,0.0,0.0,0.0,0.0,0.0,0
CA,2014-01-16,602,1382.0033222591358,33.79477377781774,1077.0,1067.0,1153.9,59,0,0.0,0.0,0.0,0.0,0.0,0
CA,2014-01-17,575,1318.7913043478256,112.87001434574333,1181.0,1165.4,1358.0,63,0,0.0,0.0,0.0,0.0,0.0,0
CA,2014-01-18,806,1316.5880893300243,76.06191612103208,1188.0,1072.7,1208.7,59,0,0.0,0.0,0.0,0.0,0.0,0
CA,2014-01-19,510,1357.611764705882,73.45676093427426,1238.0,1213.0,1287.0,57,1,88.41,0.0,0.0,0.0,0.0,1
CA,2014-01-20,513,1388.1267056530205,157.9702977095655,1090.0,1071.0,1366.3999999999999,54,0,0.0,0.0,0.0,0.0,0.0,0
CA,2014-01-21,572,1337.5716783216783,150.83614703576578,1321.0,1080.6,1546.6,56,0,0.0,0.0,0.0,0.0,0.0,0
CA,2014-01-22,627,1396.8293460925036,167.8399408564358,1274.0,1075.6,1546.8,68,0,0.0,0.0,0.0,0.0,0.0,0
CA,2014-01-23,614,1291.263843648208,145.88043748500456,1045.0,1018.4,1273.4,63,0,0.0,0.0,0.0,0.0,0.0,0
CA,2014-01-24,483,1371.3146997929605,197.88874953826172,1058.0,1038.0,1556.2,59,1,41.84,0.0,0.0,0.0,0.0,1
CA,2014-01-25,726,1360.8925619834706,155.31966077993278,1245.0,1041.6,1514.0000000000002,58,0,0.0,0.0,0.0,0.0,0.0,0
CA,2014-01-26,599,1305.2838063439067,118.66943129993211,1235.0,1057.6,1268.2,61,1,88.0,0.0,0.0,0.0,0.0,1
CA,2014-01-27,628,1330.0509554140128,138.45359938865246,1053.0,1035.0,1270.0,64,0,0.0,0.0,0.0,0.0,0.0,0
CA,2014-01-28,621,1327.4637681159415,181.1238257013317,1268.0,1065.0,1558.0,65,0,0.0,0.0,0.0,0.0,0.0,0
CA,2014-01-29,586,1308.988054607508,15.437332168797688,1062.5,1050.1,1090.0,60,1,61.37,0.0,61.37,61.37,61.37,1
CA,2014-01-30,514,1240.6828793774328,157.59296687947892,1104.5,1089.7,1371.5000000000002,64,0,0.0,0.0,0.0,0.0,0.0,0
CA,2014-01-31,509,1286.3752455795675,126.04722915658292,1128.0,1111.6,1255.0,60,0,0.0,0.0,0.0,0.0,0.0,0
CA,2014-02-01,795,1327.0955974842761,191.6390219637666,1231.0,1069.0,1594.2,60,0,0.0,0.0,0.0,0.0,0.0,0
CA,2014-02-02,610,1304.0721311475413,103.88968891181077,1134.5,1057.3,1203.5,53,0,0.0,0.0,0.0,0.0,0.0,0
CA,2014-02-03,473,1310.530655391121,228.7987652938713,1043.0,1030.0,1623.0,55,0,0.0,0.0,0.0,0.0,0.0,0
CA,2014-02-04,532,1361.182330827068,212.73262577241698,1035.0,1007.0,1636.0,59,0,0.0,0.0,0.0,0.0,0.0,0
CA,2014-02-05,626,1333.436102236422,238.99450704984832,1042.0,1002.4,1644.0,62,0,0.0,0.0,0.0,0.0,0.0,0
CA,2014-02-06,579,1263.0207253886003,168.13137637639866,1356.0,1009.3,1383.7,60,0,0.0,0.0,0.0,0.0,0.0,0
CA,2014-02-07,692,1322.0202312138724,262.0781782856348,1027.0,1007.2,1632.4,64,0,0.0,0.0,0.0,0.0,0.0,0
CA,2014-02-08,574,1310.6567944250878,210.74423411636764,1122.0,998.4,1624.0,56,0,0.0,0.0,0.0,0.0,0.0,0
CA,2014-02-09,471,1318.6666666666672,211.38800554640957,1058.0,1044.2,1590.2000000000003,59,0,0.0,0.0,0.0,0.0,0.0,0
CA,2014-02-10,601,1299.028286189684,117.80326810969322,1216.0,1082.0,1353.0,64,0,0.0,0.0,0.0,0.0,0.0,0
CA,2014-02-11,741,1312.7031039136284,176.99308189322622,1087.0,1064.6,1509.6999999999998,71,0,0.0,0.0,0.0,0.0,0.0,0
CA,2014-02-12,457,1278.7724288840268,250.3151258358596,1061.0,1051.4,1624.6,55,0,0.0,0.0,0.0,0.0,0.0,0
CA,2014-02-13,564,1322.5496453900703,221.67030226914312,1264.0,1056.6,1617.0,65,0,0.0,0.0,0.0,0.0,0.0,0
CA,2014-02-14,450,1364.6688888888891,206.70054087979548,1100.0,1076.0,1625.8,59,0,0.0,0.0,0.0,0.0,0.0,0
CA,2014-02-15,539,1275.73654916512,102.56030380685802,1265.0,1087.0,1289.0,56,0,0.0,0.0,0.0,0.0,0.0,0
CA,2014-02-16,618,1367.066343042071,89.64121540898472,1163.5,1059.9,1252.2,58,0,0.0,0.0,0.0,0.0,0.0,0
CA,2014-02-17,494,1319.834008097166,51.56073038616516,1253.0,1220.6,1266.2,60,1,67.72,0.0,0.0,0.0,0.0,1
CA,2014-02-18,662,1354.7507552870088,41.06042714933626,1037.0,1019.0,1053.8,62,0,0.0,0.0,0.0,0.0,0.0,0
CA,2014-02-19,695,1359.6733812949647,158.95849584922004,1191.0,1043.0,1226.4,64,0,0.0,0.0,0.0,0.0,0.0,0
CA,2014-02-20,528,1289.2765151515155,202.01705098552668,1056.5,1048.1,1565.6000000000001,65,0,0.0,0.0,0.0,0.0,0.0,0
CA,2014-02-21,654,1269.5764525993882,111.70843767262605,1096.0,1064.8,1180.4,67,0,0.0,0.0,0.0,0.0,0.0,0
CA,2014-02-22,498,1326.7791164658634,273.3498688978034,1131.5,1070.2,1637.7,58,0,0.0,0.0,0.0,0.0,0.0,0
CA,2014-02-23,418,1290.2966507177027,172.10197315323643,1078.0,1064.6,1373.200000000001,57,0,0.0,0.0,0.0,0.0,0.0,0
CA,2014-02-24,390,1276.9307692307696,235.663564336016,1215.0,1096.4,1649.6,57,0,0.0,0.0,0.0,0.0,0.0,0
CA,2014-02-25,708,1285.8940677966104,139.45866461357812,1094.0,1058.4,1231.5,66,0,0.0,0.0,0.0,0.0,0.0,0
CA,2014-02-26,476,1319.9222689075623,239.08296305496236,1058.5,1042.4,1649.4,53,0,0.0,0.0,0.0,0.0,0.0,0
CA,2014-02-27,654,1337.048929663609,219.89144082181068,1075.0,1042.0,1634.2,59,0,0.0,0.0,0.0,0.0,0.0,0
CA,2014-02-28,429,1280.226107226107,215.6886721777134,1084.5,1061.0,1640.6,62,0,0.0,0.0,0.0,0.0,0.0,0
CA,2014-03-01,506,1275.0276679841904,179.7054860831885,1209.0,1083.8,1640.7,56,0,0.0,0.0,0.0,0.0,0.0,0
CA,2014-03-02,563,1264.1474245115446,133.93118727604138,1224.0,1101.1,1241.9,69,0,0.0,0.0,0.0,0.0,0.0,0
CA,2014-03-03,483,1279.0476190476195,220.89114832487974,1123.0,1115.2,1655.6,68,0,0.0,0.0,0.0,0.0,0.0,0
CA,2014-03-04,570,1299.4192982456145,199.73729660311562,1299.0,1118.1,1685.7,66,0,0.0,0.0,0.0,0.0,0.0,0
CA,2014-03-05,528,1248.9242424242423,83.74835819286251,1128.5,1108.7,1238.2000000000003,69,0,0.0,0.0,0.0,0.0,0.0,0
CA,2014-03-06,564,1278.1365248226953,211.71260645475056,1220.0,1101.6,1674.4,62,0,0.0,0.0,0.0,0.0,0.0,0
CA,2014-03-07,576,1349.7673611111115,238.53502174150913,1179.5,1106.3,1665.8,66,0,0.0,0.0,0.0,0.0,0.0,0
CA,2014-03-08,616,1303.1720779220773,70.48335188228482,1217.5,1126.4,1229.6,61,1,96.22,0.0,0.0,0.0,0.0,1
CA,2014-03-09,565,1352.5415929203532,62.30272569984101,1102.0,1068.0,1211.0,65,0,0.0,0.0,0.0,0.0,0.0,0
CA,2014-03-10,577,1335.2478336221834,10.649332562356602,1068.0,1056.6,1080.8,59,0,0.0,0.0,0.0,0.0,0.0,0
CA,2014-03-11,530,1329.503773584905,44.24865961304388,1084.5,1070.3,1185.3,62,0,0.0,0.0,0.0,0.0,0.0,0
CA,2014-03-12,478,1259.648535564853,125.04108415745894,1083.5,1044.0,1196.7,62,0,0.0,0.0,0.0,0.0,0.0,0
CA,2014-03-13,634,1247.9400630914831,68.34428415361879,1045.0,1034.6,1202.4,57,0,0.0,0.0,0.0,0.0,0.0,0
CA,2014-03-14,486,1274.820987654321,4.494895063586364,1034.0,1028.6,1038.6,57,0,0.0,0.0,0.0,0.0,0.0,0
CA,2014-03-15,433,1305.3810623556585,91.86595760490752,1010.0,991.3,1032.1,56,0,0.0,0.0,0.0,0.0,0.0,0
CA,2014-03-16,508,1371.320866141732,220.32319254131562,994.5,981.5,1552.5,63,0,0.0,0.0,0.0,0.0,0.0,0
CA,2014-03-17,430,1354.330232558139,256.47083643336214,1015.0,1000.4,1597.0,62,0,0.0,0.0,0.0,0.0,0.0,0
CA,2014-03-18,517,1347.3094777562862,181.9750249958005,1015.5,1006.3,1394.1,58,0,0.0,0.0,0.0,0.0,0.0,0
CA,2014-03-19,564,1282.8776595744678,195.6671945975274,1002.5,993.3,1478.0,60,0,0.0,0.0,0.0,0.0,0.0,0
CA,2014-03-20,429,1327.934731934732,303.2995878665185,1038.0,1025.2,1649.8,53,0,0.0,0.0,0.0,0.0,0.0,0
CA,2014-03-21,473,1271.8752642706131,78.70636161089325,1059.0,1043.2,1210.8,61,0,0.0,0.0,0.0,0.0,0.0,0
CA,2014-03-22,493,1270.8884381338744,200.53276794680755,1192.0,1070.8,1628.6,59,0,0.0,0.0,0.0,0.0,0.0,0
CA,2014-03-23,517,1259.206963249516,170.90955201147483,1212.0,1031.6,1456.8000000000006,61,0,0.0,0.0,0.0,0.0,0.0,0
CA,2014-03-24,419,1220.322195704057,234.9472928126647,1051.0,1029.0,1604.4,51,0,0.0,0.0,0.0,0.0,0.0,0
CA,2014-03-25,490,1230.4510204081635,178.1662893666102,1075.0,1064.8,1438.3999999999999,64,0,0.0,0.0,0.0,0.0,0.0,0
CA,2014-03-26,513,1251.8362573099416,213.4328047189033,1059.0,1016.5,1604.0,61,0,0.0,0.0,0.0,0.0,0.0,0
CA,2014-03-27,496,1227.3810483870964,158.40683484935767,1030.0,1014.6,1196.6,69,0,0.0,0.0,0.0,0.0,0.0,0
CA,2014-03-28,419,1294.5680190930793,145.81809326599748,1016.0,962.0,1199.4,55,0,0.0,0.0,0.0,0.0,0.0,0
CA,2014-03-29,614,1227.2768729641691,251.75130922135767,1209.0,937.6,1642.0,61,0,0.0,0.0,0.0,0.0,0.0,0
CA,2014-03-30,505,1258.9940594059403,165.9432343447403,1006.0,972.8,1286.0,61,0,0.0,0.0,0.0,0.0,0.0,0
CA,2014-03-31,343,1316.6793002915451,222.11900901693818,1162.0,1032.1,1611.8000000000002,56,2,71.81,0.0,0.0,0.0,0.0,2
CA,2014-04-01,443,1302.9300225733632,188.74151636563695,1036.0,1024.4,1387.8,63,0,0.0,0.0,0.0,0.0,0.0,0
CA,2014-04-02,612,1309.8104575163393,114.09943951994433,1234.5,1012.1,1267.2,59,0,0.0,0.0,0.0,0.0,0.0,0
CA,2014-04-03,606,1261.0330033003302,227.0977883416722,1001.0,991.6,1639.8,61,0,0.0,0.0,0.0,0.0,0.0,0
CA,2014-04-04,547,1229.7550274223026,205.8880918060941,1031.0,1006.0,1612.0,59,0,0.0,0.0,0.0,0.0,0.0,0
CA,2014-04-05,692,1278.7644508670517,265.94069415214074,991.5,963.0,1598.0,68,0,0.0,0.0,0.0,0.0,0.0,0
CA,2014-04-06,683,1291.1317715959005,159.3280167742527,1234.0,1004.2,1339.200000000001,63,0,0.0,0.0,0.0,0.0,0.0,0
CA,2014-04-07,500,1319.564,235.35320678598038,1120.5,989.0,1611.0,58,0,0.0,0.0,0.0,0.0,0.0,0
CA,2014-04-08,554,1286.4819494584845,80.34390367129828,1001.5,989.3,1159.5000000000002,68,0,0.0,0.0,0.0,0.0,0.0,0
CA,2014-04-09,550,1262.3654545454544,215.46719007774712,1042.5,1009.7,1611.1,69,0,0.0,0.0,0.0,0.0,0.0,0
CA,2014-04-10,627,1267.3221690590115,196.49213654042805,1041.0,1016.0,1500.6999999999998,70,0,0.0,0.0,0.0,0.0,0.0,0
CA,2014-04-11,611,1228.0736497545006,195.8986128815761,1249.5,1028.5,1609.8,67,0,0.0,0.0,0.0,0.0,0.0,0
CA,2014-04-12,504,1295.8849206349205,157.9198261384659,1275.5,1257.2,1620.9,62,0,0.0,0.0,0.0,0.0,0.0,0
CA,2014-04-13,581,1263.5662650602408,118.57957249785524,1186.0,1014.5,1227.5,59,0,0.0,0.0,0.0,0.0,0.0,0
CA,2014-04-14,620,1223.4951612903226,138.10875619400605,1197.0,1003.0,1227.8,57,0,0.0,0.0,0.0,0.0,0.0,0
CA,2014-04-15,733,1221.6671214188268,156.51160869568014,1018.0,1003.8,1221.0,69,0,0.0,0.0,0.0,0.0,0.0,0
CA,2014-04-16,714,1292.4369747899152,207.28689040699527,990.0,973.6,1327.7999999999997,72,0,0.0,0.0,0.0,0.0,0.0,0
CA,2014-04-17,626,1264.14696485623,253.54433318236258,1014.0,1004.0,1655.6,68,0,0.0,0.0,0.0,0.0,0.0,0
CA,2014-04-18,552,1296.7173913043475,192.813852765256,1153.0,1022.2,1440.3000000000004,65,0,0.0,0.0,0.0,0.0,0.0,0
CA,2014-04-19,533,1269.607879924954,287.13690114647403,1059.0,1037.5,1632.8,62,0,0.0,0.0,0.0,0.0,0.0,0
CA,2014-04-20,514,1258.0447470817116,121.94748135413367,1252.0,1069.0,1266.0,60,0,0.0,0.0,0.0,0.0,0.0,0
CA,2014-04-21,647,1313.9366306027816,157.63567744238958,1238.0,1058.0,1314.0,63,0,0.0,0.0,0.0,0.0,0.0,0
CA,2014-04-22,670,1350.229850746269,143.6591452014107,1054.0,1038.8,1252.5,74,0,0.0,0.0,0.0,0.0,0.0,0
CA,2014-04-23,542,1304.791512915129,5.230678732248808,1046.0,1043.0,1054.4,65,0,0.0,0.0,0.0,0.0,0.0,0
CA,2014-04-24,549,1272.6284153005465,96.52880399134757,1144.5,1039.6,1245.0,65,0,0.0,0.0,0.0,0.0,0.0,0
CA,2014-04-25,523,1265.7724665391966,40.64772631182448,1052.0,1037.4,1062.3,70,0,0.0,0.0,0.0,0.0,0.0,0
CA,2014-04-26,732,1279.236338797814,135.31487558858987,1219.0,1043.4,1233.8,63,1,63.7,0.0,0.0,0.0,0.0,1
CA,2014-04-27,562,1232.964412811388,96.50495531318586,1244.0,1224.8,1265.4,66,0,0.0,0.0,0.0,0.0,0.0,0
CA,2014-04-28,666,1404.3888888888885,6.343886660335576,1066.0,1058.4,1072.6,55,0,0.0,0.0,0.0,0.0,0.0,0
CA,2014-04-29,595,1322.1126050420169,259.25466165883444,1080.0,1058.6,1659.0,66,0,0.0,0.0,0.0,0.0,0.0,0
CA,2014-04-30,614,1263.9739413680786,127.51475838287182,1210.0,1083.0,1233.0,65,0,0.0,0.0,0.0,0.0,0.0,0
CA,2014-05-01,600,1296.8383333333334,188.7541562135501,1099.0,1075.2,1412.8000000000002,63,0,0.0,0.0,0.0,0.0,0.0,0
CA,2014-05-02,510,1290.0627450980392,45.310590227637284,1038.0,1010.8,1072.8,60,0,0.0,0.0,0.0,0.0,0.0,0
CA,2014-05-03,501,1278.6866267465068,151.96024719491064,1219.0,973.2,1241.8,66,0,0.0,0.0,0.0,0.0,0.0,0
CA,2014-05-04,757,1307.457067371202,176.30605314339041,1265.0,969.8,1413.8,67,0,0.0,0.0,0.0,0.0,0.0,0
CA,2014-05-05,491,1265.9755600814667,13.918849629189907,1012.0,999.9,1032.4,60,0,0.0,0.0,0.0,0.0,0.0,0
CA,2014-05-06,470,1334.2808510638304,262.9499714774656,1167.0,1052.0,1571.1000000000001,64,0,0.0,0.0,0.0,0.0,0.0,0
CA,2014-05-07,469,1327.3859275053303,166.9066502688795,1029.0,802.8,1055.2,54,0,0.0,0.0,0.0,0.0,0.0,0
CA,2014-05-08,582,1300.9054982817865,88.48479134314428,1021.0,817.2,1032.4,63,0,0.0,0.0,0.0,0.0,0.0,0
CA,2014-05-09,457,1317.3960612691465,177.04254432197928,1046.0,812.0,1286.5,56,0,0.0,0.0,0.0,0.0,0.0,0
CA,2014-05-10,515,1265.1475728155337,180.8167706421463,1059.0,771.3,1281.2,59,1,80.72,0.0,0.0,0.0,0.0,1
CA,2014-05-11,576,1223.0729166666665,179.56069651606205,847.0,777.0,1247.4,56,0,0.0,0.0,0.0,0.0,0.0,0
CA,2014-05-12,406,1230.051724137931,183.4860996379033,1054.5,1041.0,1241.3,53,0,0.0,0.0,0.0,0.0,0.0,0
CA,2014-05-13,571,1246.872154115586,175.45423192388378,1072.0,828.5,1386.3,59,1,74.0,0.0,0.0,0.0,0.0,1
CA,2014-05-14,531,1238.8173258003767,109.53084459256105,1025.0,863.0,1180.8000000000002,63,0,0.0,0.0,0.0,0.0,0.0,0
CA,2014-05-15,514,1304.2918287937753,244.81828876338375,1006.0,843.6,1501.4000000000005,61,0,0.0,0.0,0.0,0.0,0.0,0
CA,2014-05-16,622,1294.620578778135,184.46536571080898,1009.0,939.2,1385.4,61,0,0.0,0.0,0.0,0.0,0.0,0
CA,2014-05-17,668,1255.124251497006,202.66014180079293,1015.0,862.8,1263.8,73,0,0.0,0.0,0.0,0.0,0.0,0
CA,2014-05-18,606,1245.9174917491746,245.55381895734212,1283.0,913.3,1670.5,63,0,0.0,0.0,0.0,0.0,0.0,0
CA,2014-05-19,627,1305.24720893142,140.62764352106583,1303.0,1056.0,1339.4,62,0,0.0,0.0,0.0,0.0,0.0,0
CA,2014-05-20,491,1308.7087576374747,7.123416003263853,1050.0,1047.0,1058.9,59,0,0.0,0.0,0.0,0.0,0.0,0
CA,2014-05-21,541,1246.8317929759705,244.41464938365158,1088.0,1065.2,1656.3,74,0,0.0,0.0,0.0,0.0,0.0,0
CA,2014-05-22,434,1340.5092165898611,241.6599447341013,1299.0,1083.2,1648.8,62,0,0.0,0.0,0.0,0.0,0.0,0
CA,2014-05-23,538,1227.042750929368,149.5088606346929,1288.0,1095.6,1396.2,62,0,0.0,0.0,0.0,0.0,0.0,0
CA,2014-05-24,536,1318.3246268656706,105.39213151389221,1293.0,1087.8,1325.6,67,0,0.0,0.0,0.0,0.0,0.0,0
CA,2014-05-25,482,1241.9211618257266,100.73372796942085,1269.0,1087.7,1313.0,59,0,0.0,0.0,0.0,0.0,0.0,0
CA,2014-05-26,637,1285.0643642072214,106.78707454528768,1281.0,1073.4,1295.6,69,0,0.0,0.0,0.0,0.0,0.0,0
CA,2014-05-27,598,1329.4765886287626,243.42821611081155,1054.0,1019.4,1639.2,64,1,44.51,0.0,0.0,0.0,0.0,1
CA,2014-05-28,593,1334.4198988195612,117.84413294441724,1029.0,1019.0,1272.0,59,0,0.0,0.0,0.0,0.0,0.0,0
CA,2014-05-29,458,1271.6812227074233,248.16643930479847,1026.0,1015.9,1634.9,59,0,0.0,0.0,0.0,0.0,0.0,0
CA,2014-05-30,484,1312.971074380165,182.7933215410235,1053.0,1031.8,1390.0,61,0,0.0,0.0,0.0,0.0,0.0,0
CA,2014-05-31,421,1202.769596199525,152.50588282922288,1214.0,973.4,1258.0,55,0,0.0,0.0,0.0,0.0,0.0,0
CA,2014-06-01,534,1196.3295880149813,324.5881210813289,981.0,961.1,1669.7,58,0,0.0,0.0,0.0,0.0,0.0,0
CA,2014-06-02,470,1290.6574468085105,91.96738552334735,966.5,952.6,1158.9999999999998,57,0,0.0,0.0,0.0,0.0,0.0,0
CA,2014-06-03,473,1286.896405919662,148.7313713825477,993.0,985.2,1216.2,63,0,0.0,0.0,0.0,0.0,0.0,0
CA,2014-06-04,527,1369.929791271347,9.473281139898443,990.5,981.1,1002.6,64,0,0.0,0.0,0.0,0.0,0.0,0
CA,2014-06-05,537,1284.8324022346367,172.81949076677924,1002.5,983.6,1256.5,71,0,0.0,0.0,0.0,0.0,0.0,0
CA,2014-06-06,541,1270.0480591497233,255.09527167930042,997.0,986.8,1606.6000000000004,67,0,0.0,0.0,0.0,0.0,0.0,0
CA,2014-06-07,469,1268.7931769722818,186.06432328084603,1258.5,1004.0,1394.1,57,2,77.5,0.0,0.0,0.0,0.0,2
CA,2014-06-08,493,1278.1419878296151,307.83862214470525,1049.0,1036.2,1698.2,57,0,0.0,0.0,0.0,0.0,0.0,0
CA,2014-06-09,613,1325.0195758564435,131.59966213626905,1264.0,1068.8,1389.1,67,0,0.0,0.0,0.0,0.0,0.0,0
CA,2014-06-10,560,1395.3178571428573,223.45840714151308,1062.5,926.8,1563.9999999999998,61,0,0.0,0.0,0.0,0.0,0.0,0
CA,2014-06-11,436,1362.4701834862378,224.93179238269053,1284.5,965.8,1558.8000000000004,64,0,0.0,0.0,0.0,0.0,0.0,0
CA,2014-06-12,361,1243.4819944598341,175.52134643841916,1174.0,1061.4,1287.6,57,0,0.0,0.0,0.0,0.0,0.0,0
CA,2014-06-13,399,1371.408521303258,245.74214127821057,1078.0,1061.4,1448.2,57,0,0.0,0.0,0.0,0.0,0.0,0
CA,2014-06-14,565,1294.865486725664,191.05521187244292,1071.0,943.4,1288.6,61,0,0.0,0.0,0.0,0.0,0.0,0
CA,2014-06-15,348,1333.3764367816088,222.51890915280788,1282.0,978.3,1598.9999999999998,47,1,78.93,0.0,0.0,0.0,0.0,1
CA,2014-06-16,563,1382.6163410301954,78.9237555091841,1107.0,978.5,1119.5,67,0,0.0,0.0,0.0,0.0,0.0,0
CA,2014-06-17,570,1376.207017543859,167.79915242800112,1240.5,948.2,1276.0,64,0,0.0,0.0,0.0,0.0,0.0,0
CA,2014-06-18,422,1254.8175355450235,147.20832021599978,1083.0,1008.2,1236.0,64,0,0.0,0.0,0.0,0.0,0.0,0
CA,2014-06-19,416,1264.704326923077,177.95541626349785,1367.0,1248.6,1708.0,60,0,0.0,0.0,0.0,0.0,0.0,0
CA,2014-06-20,470,1300.8851063829784,292.91186387717386,1064.0,924.2,1531.4,69,0,0.0,0.0,0.0,0.0,0.0,0
CA,2014-06-21,439,1257.3507972665154,231.8114751258013,1048.0,942.8,1409.9000000000005,57,0,0.0,0.0,0.0,0.0,0.0,0
CA,2014-06-22,427,1273.6604215456675,189.50590965961553,1042.5,934.0,1070.6,52,0,0.0,0.0,0.0,0.0,0.0,0
CA,2014-06-23,461,1296.9566160520608,275.2930075392399,1377.0,978.6,1579.4,54,0,0.0,0.0,0.0,0.0,0.0,0
CA,2014-06-24,557,1266.1508078994618,297.44681545562287,1229.5,929.7,1696.6,68,0,0.0,0.0,0.0,0.0,0.0,0
CA,2014-06-25,458,1287.2008733624455,59.7829407105405,1054.0,930.8,1067.0,54,0,0.0,0.0,0.0,0.0,0.0,0
CA,2014-06-26,364,1292.3076923076924,230.4438229928404,1049.0,944.0,1435.7999999999997,62,0,0.0,0.0,0.0,0.0,0.0,0
CA,2014-06-27,464,1356.4396551724135,224.35161033905771,1035.0,1020.4,1469.7000000000003,54,2,91.92,0.0,0.0,0.0,0.0,2
CA,2014-06-28,504,1304.819444444445,54.940055717319964,929.5,912.7,1033.0,57,0,0.0,0.0,0.0,0.0,0.0,0
CA,2014-06-29,384,1290.6953125,255.49446469073123,1070.0,1048.0,1678.0,57,0,0.0,0.0,0.0,0.0,0.0,0
CA,2014-06-30,557,1326.755834829443,248.7356600317465,1098.0,911.2,1594.6000000000004,63,0,0.0,0.0,0.0,0.0,0.0,0
CA,2014-07-01,463,1292.5701943844495,144.2781601629297,1696.5,1464.8,1704.9,58,0,0.0,0.0,0.0,0.0,0.0,0
CA,2014-07-02,425,1300.143529411765,196.2160400553431,1135.0,1124.3,1468.6,53,0,0.0,0.0,0.0,0.0,0.0,0
CA,2014-07-03,431,1315.7006960556844,220.2581493242645,1138.5,1128.5,1695.0,59,0,0.0,0.0,0.0,0.0,0.0,0
CA,2014-07-04,484,1361.6632231404958,201.31966984737386,1154.0,1143.2,1635.6000000000001,56,0,0.0,0.0,0.0,0.0,0.0,0
CA,2014-07-05,483,1304.163561076605,110.04651665393321,1269.0,1138.0,1282.0,60,0,0.0,0.0,0.0,0.0,0.0,0
CA,2014-07-06,486,1262.0267489711935,109.30877441113914,1102.0,1070.8,1305.1,58,1,5.92,0.0,0.0,0.0,0.0,1
CA,2014-07-07,488,1252.6188524590166,178.2425343223852,1066.0,899.2,1315.3,60,0,0.0,0.0,0.0,0.0,0.0,0
CA,2014-07-08,398,1310.391959798994,65.40484087494245,1089.0,1064.2,1159.1000000000001,57,0,0.0,0.0,0.0,0.0,0.0,0
CA,2014-07-09,336,1287.577380952381,104.34315049659732,1086.0,1071.3,1311.6,55,0,0.0,0.0,0.0,0.0,0.0,0
CA,2014-07-10,411,1235.0535279805356,88.67998979233792,1013.0,988.5,1073.0,57,0,0.0,0.0,0.0,0.0,0.0,0
CA,2014-07-11,325,1199.2030769230773,153.90428175630817,1017.0,960.0,1101.3999999999999,59,0,0.0,0.0,0.0,0.0,0.0,0
CA,2014-07-12,466,1319.2124463519312,192.513524210082,994.0,913.2,1315.4,59,0,0.0,0.0,0.0,0.0,0.0,0
CA,2014-07-13,498,1303.6104417670683,185.63269413037682,980.5,958.0,1344.0,57,0,0.0,0.0,0.0,0.0,0.0,0
CA,2014-07-14,399,1324.265664160401,125.9582039241687,1014.0,941.5,1296.0,60,0,0.0,0.0,0.0,0.0,0.0,0
CA,2014-07-15,457,1242.185995623632,120.58277087287372,971.5,943.5,1177.0,69,0,0.0,0.0,0.0,0.0,0.0,0
CA,2014-07-16,354,1259.161016949152,208.7763983009924,1274.0,981.0,1433.3999999999996,58,0,0.0,0.0,0.0,0.0,0.0,0
CA,2014-07-17,406,1246.1206896551723,152.62844926870875,1019.0,994.2,1294.6,61,0,0.0,0.0,0.0,0.0,0.0,0
CA,2014-07-18,468,1275.7029914529915,121.74051241451615,994.0,920.2,1286.4,65,0,0.0,0.0,0.0,0.0,0.0,0
CA,2014-07-19,520,1274.7346153846156,249.08464668373952,1264.0,896.0,1704.0,55,0,0.0,0.0,0.0,0.0,0.0,0
CA,2014-07-20,507,1238.5857988165676,161.09740983807785,1251.0,1045.0,1424.8,57,0,0.0,0.0,0.0,0.0,0.0,0
CA,2014-07-21,362,1249.1767955801101,184.19434598658452,1258.0,1063.2,1553.6000000000001,58,0,0.0,0.0,0.0,0.0,0.0,0
CA,2014-07-22,423,1250.995271867613,216.7040993305541,1071.0,1059.4,1477.1,61,1,48.57,0.0,0.0,0.0,0.0,1
CA,2014-07-23,374,1255.8155080213903,250.8255501284154,1050.5,1021.5,1641.4999999999998,63,0,0.0,0.0,0.0,0.0,0.0,0
CA,2014-07-24,468,1305.876068376068,246.93140680564215,1013.0,966.0,1526.0,61,0,0.0,0.0,0.0,0.0,0.0,0
CA,2014-07-25,350,1256.5085714285715,266.9913523360302,993.0,970.0,1530.0,58,0,0.0,0.0,0.0,0.0,0.0,0
CA,2014-07-26,506,1255.924901185771,241.56583848554249,1214.0,920.4,1537.4,59,0,0.0,0.0,0.0,0.0,0.0,0
CA,2014-07-27,459,1280.0740740740741,228.66530810171383,1039.0,1017.0,1524.0,59,1,21.34,0.0,0.0,0.0,0.0,1
CA,2014-07-28,445,1273.1348314606746,276.5221532255414,1246.0,926.8,1576.6,62,0,0.0,0.0,0.0,0.0,0.0,0
CA,2014-07-29,375,1271.6079999999995,254.38259888651402,1077.0,947.4,1576.8,60,0,0.0,0.0,0.0,0.0,0.0,0
CA,2014-07-30,406,1263.389162561576,237.69873264281406,1075.0,977.2,1575.9,57,0,0.0,0.0,0.0,0.0,0.0,0
CA,2014-07-31,459,1288.0108932461876,229.38094456282076,1097.0,975.6,1582.0,53,1,74.01,0.0,0.0,0.0,0.0,1
CA,2014-08-01,467,1283.8650963597433,140.6629976058505,1079.0,993.0,1296.2,62,0,0.0,0.0,0.0,0.0,0.0,0
CA,2014-08-02,501,1299.4990019960082,237.77771484169452,1280.0,977.9,1668.3999999999999,52,0,0.0,0.0,0.0,0.0,0.0,0
CA,2014-08-03,591,1325.463620981388,206.508802765971,1246.0,1069.4,1580.6,61,0,0.0,0.0,0.0,0.0,0.0,0
CA,2014-08-04,647,1380.2488408037098,214.94948188703418,1228.0,1063.0,1648.0,59,0,0.0,0.0,0.0,0.0,0.0,0
CA,2014-08-05,506,1362.1442687747037,247.33120625173342,1193.0,1115.6,1643.1,59,0,0.0,0.0,0.0,0.0,0.0,0
CA,2014-08-06,560,1382.1839285714289,277.1383654422462,1116.0,1094.2,1638.6,60,0,0.0,0.0,0.0,0.0,0.0,0
CA,2014-08-07,494,1337.7995951416997,302.31193426657836,1191.0,950.2,1620.4,63,0,0.0,0.0,0.0,0.0,0.0,0
CA,2014-08-08,671,1324.059612518629,246.49096912400432,1109.0,1078.0,1609.2,60,0,0.0,0.0,0.0,0.0,0.0,0
CA,2014-08-09,471,1291.0318471337584,138.1609930479656,1036.0,930.8,1073.1,59,1,70.39,0.0,0.0,0.0,0.0,1
CA,2014-08-10,625,1290.184,174.06679752324968,1053.5,925.7,1181.4,59,1,47.0,0.0,0.0,0.0,0.0,1
CA,2014-08-11,445,1243.2943820224725,146.16793994124248,1055.0,964.6,1071.8,55,0,0.0,0.0,0.0,0.0,0.0,0
CA,2014-08-12,570,1355.2315789473682,261.4421252918639,1170.0,1074.2,1577.6,60,0,0.0,0.0,0.0,0.0,0.0,0
CA,2014-08-13,504,1294.4861111111106,167.31425497355377,1094.0,894.9,1185.2,64,0,0.0,0.0,0.0,0.0,0.0,0
CA,2014-08-14,534,1308.428838951311,293.6328106666556,1591.5,926.2,1637.3000000000002,58,0,0.0,0.0,0.0,0.0,0.0,0
CA,2014-08-15,519,1288.6107899807316,332.19468020357516,975.5,944.7,1644.3,63,0,0.0,0.0,0.0,0.0,0.0,0
CA,2014-08-16,627,1255.1722488038276,266.1302615556947,1051.5,953.3,1631.2,67,0,0.0,0.0,0.0,0.0,0.0,0
CA,2014-08-17,528,1404.6950757575758,311.0530525156279,1034.5,951.5,1629.5,58,0,0.0,0.0,0.0,0.0,0.0,0
CA,2014-08-18,574,1356.9512195121945,328.7025403004972,1068.0,971.4,1668.6,55,2,73.66,0.0,0.0,0.0,0.0,2
CA,2014-08-19,660,1381.1575757575763,273.98523632163506,1679.0,1087.5,1687.8,65,0,0.0,0.0,0.0,0.0,0.0,0
CA,2014-08-20,674,1404.6928783382793,231.79408123105733,979.5,966.5,1385.5,68,0,0.0,0.0,0.0,0.0,0.0,0
CA,2014-08-21,671,1394.8748137108794,303.2088914196573,1007.5,989.2,1684.7,69,0,0.0,0.0,0.0,0.0,0.0,0
CA,2014-08-22,594,1379.569023569023,246.48500841836204,1064.5,1035.3,1669.4,66,0,0.0,0.0,0.0,0.0,0.0,0
CA,2014-08-23,568,1309.6373239436616,287.92757025732305,1174.0,1012.2,1724.2,67,0,0.0,0.0,0.0,0.0,0.0,0
CA,2014-08-24,620,1361.6822580645164,91.10004849924668,1203.0,1034.8,1260.2,60,0,0.0,0.0,0.0,0.0,0.0,0
CA,2014-08-25,718,1354.9373259052923,100.11273423889043,1228.0,1030.8,1253.0,65,0,0.0,0.0,0.0,0.0,0.0,0
CA,2014-08-26,618,1345.4190938511315,87.07033395798798,1051.0,988.1,1204.2,61,0,0.0,0.0,0.0,0.0,0.0,0
CA,2014-08-27,537,1373.1955307262572,101.81802258059338,1072.0,976.5,1219.1,64,0,0.0,0.0,0.0,0.0,0.0,0
CA,2014-08-28,533,1305.0825515947465,336.1277059552571,1647.0,975.0,1661.0,60,0,0.0,0.0,0.0,0.0,0.0,0
CA,2014-08-29,516,1349.8391472868223,120.01400312774156,1085.0,1004.8000000000001,1103.2,62,0,0.0,0.0,0.0,0.0,0.0,0
CA,2014-08-30,478,1381.5753138075318,98.26401986485186,1074.0,973.0,1220.2,50,0,0.0,0.0,0.0,0.0,0.0,0
CA,2014-08-31,417,1356.36690647482,104.41760884562065,1086.0,950.6,1203.2,58,0,0.0,0.0,0.0,0.0,0.0,0
CA,2014-09-01,542,1336.5129151291517,261.04447035121274,1008.5,972.0,1662.5,63,0,0.0,0.0,0.0,0.0,0.0,0
CA,2014-09-02,538,1326.6728624535315,218.52480295420207,1007.5,991.7,1363.1000000000004,69,0,0.0,0.0,0.0,0.0,0.0,0
CA,2014-09-03,563,1354.8117229129664,225.9026338934542,996.5,973.9,1367.1,62,0,0.0,0.0,0.0,0.0,0.0,0
CA,2014-09-04,481,1323.08316008316,267.46384632489884,1093.0,1083.0,1666.0,67,0,0.0,0.0,0.0,0.0,0.0,0
CA,2014-09-05,529,1317.120982986768,265.120825102658,1225.0,1099.0,1666.4,63,0,0.0,0.0,0.0,0.0,0.0,0
CA,2014-09-06,738,1380.7086720867214,309.2634077260303,1655.0,1028.8,1699.4,62,0,0.0,0.0,0.0,0.0,0.0,0
CA,2014-09-07,565,1354.0902654867255,275.54071663447036,1057.0,1036.1,1664.3,57,0,0.0,0.0,0.0,0.0,0.0,0
CA,2014-09-08,487,1289.88090349076,265.7657466619155,1023.0,1014.8,1659.2,59,0,0.0,0.0,0.0,0.0,0.0,0
CA,2014-09-09,413,1354.8305084745762,261.2024544720478,1201.0,1037.3,1658.0,63,0,0.0,0.0,0.0,0.0,0.0,0
CA,2014-09-10,619,1352.956381260097,215.31948682123195,1129.5,1017.5,1624.0000000000002,66,0,0.0,0.0,0.0,0.0,0.0,0
CA,2014-09-11,633,1377.1090047393373,254.19361325792647,1231.0,1014.6,1654.0,61,1,80.48,0.0,0.0,0.0,0.0,1
CA,2014-09-12,628,1365.31847133758,277.0575162018721,1126.0,1019.6,1680.5,69,0,0.0,0.0,0.0,0.0,0.0,0
CA,2014-09-13,732,1337.0355191256826,234.05513358086287,1122.5,1043.2,1656.2000000000003,67,0,0.0,0.0,0.0,0.0,0.0,0
CA,2014-09-14,656,1348.8216463414635,100.83928830556185,1189.5,1042.0,1292.5,67,0,0.0,0.0,0.0,0.0,0.0,0
CA,2014-09-15,472,1314.968220338984,108.66053152415145,1064.0,1039.6,1281.8,65,0,0.0,0.0,0.0,0.0,0.0,0
CA,2014-09-16,606,1347.5198019801971,214.44327540715037,1066.5,1053.5,1553.7000000000005,65,0,0.0,0.0,0.0,0.0,0.0,0
CA,2014-09-17,549,1309.3952641165754,226.91074098640638,1095.0,1087.0,1672.5,61,0,0.0,0.0,0.0,0.0,0.0,0
CA,2014-09-18,427,1291.3395784543322,247.02982425614556,1111.0,1096.0,1691.0,62,0,0.0,0.0,0.0,0.0,0.0,0
CA,2014-09-19,723,1343.269709543568,163.28990660784885,1105.0,1096.4,1193.6000000000001,70,0,0.0,0.0,0.0,0.0,0.0,0
CA,2014-09-20,725,1343.2606896551727,262.11463141152575,1103.0,1075.4,1711.2,75,0,0.0,0.0,0.0,0.0,0.0,0
CA,2014-09-21,626,1336.4201277955272,184.38560026958953,1093.0,1073.2,1285.1,67,0,0.0,0.0,0.0,0.0,0.0,0
CA,2014-09-22,614,1278.0879478827364,202.1306785831626,1083.5,1055.6,1426.7000000000003,67,0,0.0,0.0,0.0,0.0,0.0,0
CA,2014-09-23,458,1343.986899563319,76.46705092092417,1076.0,1062.0,1139.0,70,0,0.0,0.0,0.0,0.0,0.0,0
CA,2014-09-24,487,1320.7207392197122,213.6036764951505,1095.5,1083.8,1582.7000000000003,64,0,0.0,0.0,0.0,0.0,0.0,0
CA,2014-09-25,565,1337.9274336283186,193.4151235038253,1068.0,1054.4,1141.0999999999997,68,0,0.0,0.0,0.0,0.0,0.0,0
CA,2014-09-26,543,1304.3591160220988,274.92632241860855,1073.0,1063.0,1697.4,72,0,0.0,0.0,0.0,0.0,0.0,0
CA,2014-09-27,754,1358.6591511936338,220.63374628555806,1291.5,1058.1,1701.7,74,0,0.0,0.0,0.0,0.0,0.0,0
CA,2014-09-28,579,1405.0379965457685,281.40994590801984,1303.0,1078.4,1701.0,69,0,0.0,0.0,0.0,0.0,0.0,0
CA,2014-09-29,695,1407.710791366907,104.08826438175882,1302.0,1090.8,1314.4,73,0,0.0,0.0,0.0,0.0,0.0,0
CA,2014-09-30,638,1345.498432601881,230.81706721669983,1331.0,1104.8,1697.2,71,0,0.0,0.0,0.0,0.0,0.0,0
CA,2014-10-01,670,1330.9582089552237,236.89447998221493,1285.0,1091.0,1718.0,72,1,37.17,0.0,0.0,0.0,0.0,1
CA,2014-10-02,680,1327.9588235294118,169.61408402606193,1206.0,1096.4,1317.1,69,0,0.0,0.0,0.0,0.0,0.0,0
CA,2014-10-03,738,1334.352303523035,261.3826678712182,1261.0,1060.0,1695.0,63,0,0.0,0.0,0.0,0.0,0.0,0
CA,2014-10-04,658,1435.1033434650458,36.91226498228534,1061.5,1000.9,1070.7,70,1,65.42,0.0,0.0,0.0,0.0,1
CA,2014-10-05,721,1399.5034674063804,109.00469614293158,1063.0,1047.0,1259.2,70,0,0.0,0.0,0.0,0.0,0.0,0
CA,2014-10-06,528,1341.8712121212122,101.89315006866545,1071.0,1022.8,1255.0,70,0,0.0,0.0,0.0,0.0,0.0,0
CA,2014-10-07,666,1355.3318318318318,217.16780302632407,1075.0,1055.8,1416.2000000000003,71,0,0.0,0.0,0.0,0.0,0.0,0
CA,2014-10-08,622,1360.3987138263665,227.67912885085826,1124.0,1105.0,1688.0,74,0,0.0,0.0,0.0,0.0,0.0,0
CA,2014-10-09,705,1380.1092198581557,207.30947142412177,1092.0,1064.3,1100.9,63,0,0.0,0.0,0.0,0.0,0.0,0
CA,2014-10-10,568,1314.2271126760563,275.6725593888517,1072.5,1045.8,1705.7,64,0,0.0,0.0,0.0,0.0,0.0,0
CA,2014-10-11,556,1337.5305755395689,276.2884459461195,1190.0,1073.3,1694.6,65,0,0.0,0.0,0.0,0.0,0.0,0
CA,2014-10-12,528,1318.2121212121212,253.29067623318997,1140.0,1103.9,1662.3,55,0,0.0,0.0,0.0,0.0,0.0,0
CA,2014-10-13,649,1331.5038520801224,241.91214185112744,1432.5,1184.1,1673.8,68,0,0.0,0.0,0.0,0.0,0.0,0
CA,2014-10-14,703,1321.9559032716932,134.81834503942537,1131.0,1097.2,1158.8,63,0,0.0,0.0,0.0,0.0,0.0,0
CA,2014-10-15,755,1360.9483443708607,279.0958336754599,1088.0,1078.5,1660.5,69,0,0.0,0.0,0.0,0.0,0.0,0
CA,2014-10-16,805,1350.037267080746,214.86899718296547,1102.5,1089.0,1661.4,78,0,0.0,0.0,0.0,0.0,0.0,0
CA,2014-10-17,807,1339.4275092936805,247.34534387330294,1206.5,1113.2,1645.7,71,0,0.0,0.0,0.0,0.0,0.0,0
CA,2014-10-18,757,1377.3447820343451,240.66490735696405,1142.0,1128.0,1636.0,68,0,0.0,0.0,0.0,0.0,0.0,0
CA,2014-10-19,627,1338.4912280701753,221.45755352916473,1125.0,1089.4,1638.8,61,1,63.29,0.0,0.0,0.0,0.0,1
CA,2014-10-20,723,1262.9405255878282,207.06937847011565,1113.5,1100.7,1636.9,67,0,0.0,0.0,0.0,0.0,0.0,0
CA,2014-10-21,722,1374.447368421053,204.45212696918128,1205.5,1060.9,1661.7,65,0,0.0,0.0,0.0,0.0,0.0,0
CA,2014-10-22,872,1357.4254587155965,184.5792904494161,1215.0,1202.0,1689.3,79,0,0.0,0.0,0.0,0.0,0.0,0
CA,2014-10-23,807,1376.339529120198,159.77184820318274,1223.0,1204.4,1599.0000000000002,73,0,0.0,0.0,0.0,0.0,0.0,0
CA,2014-10-24,627,1442.7719298245613,109.85495347650055,1220.0,1201.0,1250.4,72,0,0.0,0.0,0.0,0.0,0.0,0
CA,2014-10-25,793,1432.358133669609,226.09037622831798,1677.0,1222.0,1717.2,67,2,76.795,0.0,0.0,0.0,0.0,2
CA,2014-10-26,761,1392.8278580814717,162.53758679204452,1281.0,1206.3,1685.1999999999994,71,2,76.905,0.0,0.0,0.0,0.0,1
CA,2014-10-27,661,1322.9137670196678,180.12307178053098,1260.5,1226.0,1726.1,67,0,0.0,0.0,0.0,0.0,0.0,0
CA,2014-10-28,708,1308.0903954802263,218.08411702543913,1275.0,1220.8,1725.4,69,0,0.0,0.0,0.0,0.0,0.0,0
CA,2014-10-29,519,1358.8766859344898,214.09012428152516,1276.0,1256.0,1725.2,59,0,0.0,0.0,0.0,0.0,0.0,0
CA,2014-10-30,585,1330.0136752136752,16.5764092538161,1230.0,1212.0,1249.0,72,0,0.0,0.0,0.0,0.0,0.0,0
CA,2014-10-31,614,1281.3127035830614,232.12414196707462,1204.5,1182.7,1722.7,64,0,0.0,0.0,0.0,0.0,0.0,0
CA,2014-11-01,815,1379.0061349693242,224.22830321257666,1246.0,1217.0,1722.6,63,0,0.0,0.0,0.0,0.0,0.0,0
CA,2014-11-02,659,1345.6813353566015,196.47818871045558,1237.0,1214.4,1619.8000000000004,66,0,0.0,0.0,0.0,0.0,0.0,0
CA,2014-11-03,636,1326.6116352201263,12.076416842341937,1224.0,1210.5,1241.0,65,0,0.0,0.0,0.0,0.0,0.0,0
CA,2014-11-04,694,1388.4538904899136,15.387555345282504,1223.0,1213.0,1250.0,67,1,70.94,0.0,0.0,0.0,0.0,1
CA,2014-11-05,620,1319.1741935483865,223.2163907364905,1251.0,1238.6,1717.0,67,0,0.0,0.0,0.0,0.0,0.0,0
CA,2014-11-06,702,1369.6196581196584,189.37442665098095,1242.5,1227.6,1696.3,72,0,0.0,0.0,0.0,0.0,0.0,0
CA,2014-11-07,677,1366.1683899556867,175.56723545885967,1246.5,1228.3,1710.9,75,0,0.0,0.0,0.0,0.0,0.0,0
CA,2014-11-08,771,1365.0168612191965,199.20138259661343,1246.5,1212.5,1736.5,72,0,0.0,0.0,0.0,0.0,0.0,0
CA,2014-11-09,636,1378.7216981132078,86.54374656325061,1254.5,1237.0,1271.0,65,0,0.0,0.0,0.0,0.0,0.0,0
CA,2014-11-10,652,1306.0506134969328,228.29200599232553,1275.5,1198.3,1755.0,67,0,0.0,0.0,0.0,0.0,0.0,0
CA,2014-11-11,761,1330.4428383705654,159.7610716038172,1266.0,1207.9,1540.7000000000003,73,1,64.77,0.0,0.0,0.0,0.0,1
CA,2014-11-12,532,1275.6785714285713,11.224063071665924,1259.5,1246.3,1271.7,59,0,0.0,0.0,0.0,0.0,0.0,0
CA,2014-11-13,562,1302.4982206405691,199.4463559177978,1268.5,1243.5,1762.9,68,0,0.0,0.0,0.0,0.0,0.0,0
CA,2014-11-14,597,1356.4120603015078,233.10789261627326,1291.0,1252.6,1754.8,70,1,79.03,0.0,0.0,0.0,0.0,1
CA,2014-11-15,735,1328.3210884353734,188.21861158422107,1306.0,1274.2,1676.2000000000003,69,0,0.0,0.0,0.0,0.0,0.0,0
CA,2014-11-16,589,1309.1697792869277,133.09353811961225,1301.5,1242.2,1329.3,71,0,0.0,0.0,0.0,0.0,0.0,0
CA,2014-11-17,536,1280.535447761194,50.444895678353824,1248.0,1197.8,1301.7,71,3,74.62,0.0,0.0,0.0,0.0,1
CA,2014-11-18,677,1357.9586410635154,71.51335539603774,1263.0,1105.5,1287.5,63,0,0.0,0.0,0.0,0.0,0.0,0
CA,2014-11-19,819,1314.1062271062262,172.71703255131885,1229.5,1171.3,1311.8000000000006,75,0,0.0,0.0,0.0,0.0,0.0,0
CA,2014-11-20,699,1295.1173104434909,168.64094467511273,1274.0,1182.0,1304.8,68,0,0.0,0.0,0.0,0.0,0.0,0
CA,2014-11-21,713,1321.2328190743337,43.12407622678106,1281.0,1196.6,1297.8,70,0,0.0,0.0,0.0,0.0,0.0,0
CA,2014-11-22,788,1336.1256345177671,224.3960189783529,1239.0,1206.8,1769.0,76,1,83.63,0.0,0.0,0.0,0.0,1
CA,2014-11-23,808,1378.4690594059407,113.9516323617452,1300.0,1198.5,1352.5,66,0,0.0,0.0,0.0,0.0,0.0,0
CA,2014-11-24,540,1260.5907407407408,142.34038209517354,1198.0,1174.9,1377.1,65,0,0.0,0.0,0.0,0.0,0.0,0
CA,2014-11-25,720,1372.868055555556,167.78237260276484,1195.5,1175.0,1378.0,60,0,0.0,0.0,0.0,0.0,0.0,0
CA,2014-11-26,729,1368.7517146776404,78.54058354690834,1162.5,1080.6,1329.6,71,0,0.0,0.0,0.0,0.0,0.0,0
CA,2014-11-27,657,1320.5677321156775,275.4527331686131,1164.0,1012.8,1795.9,72,0,0.0,0.0,0.0,0.0,0.0,0
CA,2014-11-28,622,1394.1414790996785,184.13255551594614,1158.0,1008.8,1316.2,72,0,0.0,0.0,0.0,0.0,0.0,0
CA,2014-11-29,793,1418.3417402269865,145.932794610618,1359.0,1162.0,1414.0,68,0,0.0,0.0,0.0,0.0,0.0,0
CA,2014-11-30,705,1354.9191489361701,76.52060078011672,1178.5,1036.0,1193.0,64,0,0.0,0.0,0.0,0.0,0.0,0
CA,2014-12-01,593,1333.8768971332217,42.33464564895072,1163.0,1129.8,1175.2,67,0,0.0,0.0,0.0,0.0,0.0,0
CA,2014-12-02,613,1289.0717781402934,97.85877119781354,1187.0,1168.6,1364.4,64,0,0.0,0.0,0.0,0.0,0.0,0
CA,2014-12-03,513,1303.6569200779722,282.5423640801499,1211.0,1190.6,1815.3,70,0,0.0,0.0,0.0,0.0,0.0,0
CA,2014-12-04,642,1343.7990654205603,269.1809303496235,1212.5,1190.3,1804.9,68,0,0.0,0.0,0.0,0.0,0.0,0
CA,2014-12-05,625,1329.2880000000002,160.37100333465028,1205.0,1029.2,1352.0,77,0,0.0,0.0,0.0,0.0,0.0,0
CA,2014-12-06,657,1341.5844748858449,254.95789808499433,1323.0,1205.8,1783.6,71,0,0.0,0.0,0.0,0.0,0.0,0
CA,2014-12-07,674,1384.5237388724038,53.06035866868845,1226.0,1216.8,1254.2,70,0,0.0,0.0,0.0,0.0,0.0,0
CA,2014-12-08,576,1340.6197916666667,222.09189222875742,1241.0,1223.0,1773.5,69,0,0.0,0.0,0.0,0.0,0.0,0
CA,2014-12-09,642,1396.2429906542059,124.06479240574839,1263.5,1234.9,1309.8,68,0,0.0,0.0,0.0,0.0,0.0,0
CA,2014-12-10,628,1344.3885350318476,26.360016694033774,1244.0,1234.6,1297.4,69,1,95.42,0.0,0.0,0.0,0.0,1
CA,2014-12-11,693,1268.01443001443,228.32363456016864,1276.5,1224.5,1762.5,67,0,0.0,0.0,0.0,0.0,0.0,0
CA,2014-12-12,562,1280.4234875444847,23.41473894793619,1223.5,1213.2,1237.4,70,0,0.0,0.0,0.0,0.0,0.0,0
CA,2014-12-13,684,1418.8333333333335,128.10232861748543,1193.5,1176.8,1300.6,71,0,0.0,0.0,0.0,0.0,0.0,0
CA,2014-12-14,597,1317.845896147404,224.3387966705937,1265.0,1209.0,1743.0,77,0,0.0,0.0,0.0,0.0,0.0,0
CA,2014-12-15,605,1366.7735537190079,18.749062476561328,1252.0,1233.2,1285.2,65,0,0.0,0.0,0.0,0.0,0.0,0
CA,2014-12-16,555,1327.8234234234235,220.1808082923524,1223.0,1198.0,1728.0,65,0,0.0,0.0,0.0,0.0,0.0,0
CA,2014-12-17,475,1343.124210526316,207.1922677188247,1218.5,1202.5,1737.5,64,0,0.0,0.0,0.0,0.0,0.0,0
CA,2014-12-18,702,1395.1880341880346,295.95242309312806,1272.0,1157.4,1755.6,65,0,0.0,0.0,0.0,0.0,0.0,0
CA,2014-12-19,612,1345.8856209150326,202.16769155877523,1187.5,1155.1,1610.9000000000005,79,0,0.0,0.0,0.0,0.0,0.0,0
CA,2014-12-20,677,1322.407680945347,32.93332911605911,1204.5,1181.6,1272.4,74,1,82.06,0.0,0.0,0.0,0.0,1
CA,2014-12-21,590,1314.3118644067802,26.12356735497398,1243.0,1216.4,1282.4,69,0,0.0,0.0,0.0,0.0,0.0,0
CA,2014-12-22,553,1367.7594936708856,201.13468124617395,1222.0,1205.8,1760.6,72,0,0.0,0.0,0.0,0.0,0.0,0
CA,2014-12-23,691,1370.0723589001448,190.60848453046364,1238.0,1200.0,1744.7,72,0,0.0,0.0,0.0,0.0,0.0,0
CA,2014-12-24,686,1361.4271137026253,211.0466923957614,1234.5,1208.7,1771.3,77,1,81.78,0.0,0.0,0.0,0.0,1
CA,2014-12-25,510,1343.8078431372546,257.20720657610326,1183.0,1169.2,1759.8,59,0,0.0,0.0,0.0,0.0,0.0,0
CA,2014-12-26,663,1338.9743589743593,193.01253673059702,1210.5,1170.4,1404.4000000000021,74,1,40.83,0.0,0.0,0.0,0.0,1
CA,2014-12-27,733,1293.7926330150065,245.27153272180834,1182.0,1157.4,1760.2,75,0,0.0,0.0,0.0,0.0,0.0,0
CA,2014-12-28,623,1323.1958266452652,165.22197808044885,1179.0,1146.8,1241.8,68,0,0.0,0.0,0.0,0.0,0.0,0
CA,2014-12-29,638,1355.6222570532914,221.71178738774054,1182.5,1159.4,1775.7,68,1,75.05,0.0,0.0,0.0,0.0,1
CA,2014-12-30,728,1378.7293956043957,265.48269050338496,1156.0,1129.1,1770.8,70,0,0.0,0.0,0.0,0.0,0.0,0
CA,2014-12-31,532,1354.618421052631,272.9510016605164,1272.0,1121.8,1764.0,61,0,0.0,0.0,0.0,0.0,0.0,0
CA,2015-01-01,544,1378.4264705882356,259.217362134094,1163.0,1151.2,1749.2,57,0,0.0,0.0,0.0,0.0,0.0,0
CA,2015-01-02,520,1327.880769230769,301.5190538826998,1160.0,1143.0,1984.0,68,0,0.0,0.0,0.0,0.0,0.0,0
CA,2015-01-03,627,1321.127591706539,196.60413039989345,1269.0,1126.0,1309.0,70,1,64.49,0.0,0.0,0.0,0.0,1
CA,2015-01-04,958,1369.9864300626305,137.94004608443305,1252.5,1114.5,1283.5,78,0,0.0,0.0,0.0,0.0,0.0,0
CA,2015-01-05,762,1299.0524934383195,169.7861649869849,1217.0,1104.5,1249.5,76,0,0.0,0.0,0.0,0.0,0.0,0
CA,2015-01-06,934,1337.4678800856536,218.78639511265445,1167.0,1140.5,1491.0,79,0,0.0,0.0,0.0,0.0,0.0,0
CA,2015-01-07,816,1299.3897058823527,118.53294865713656,1188.5,1168.0,1226.0,71,0,0.0,0.0,0.0,0.0,0.0,0
CA,2015-01-08,815,1327.4564417177912,238.51571893479107,1206.0,1180.0,1751.0,76,0,0.0,0.0,0.0,0.0,0.0,0
CA,2015-01-09,899,1338.6384872080087,281.2466013904005,1264.0,1178.0,1759.0,82,0,0.0,0.0,0.0,0.0,0.0,0
CA,2015-01-10,856,1311.330607476636,333.74959176004995,1189.5,1160.4,1990.1,85,0,0.0,0.0,0.0,0.0,0.0,0
CA,2015-01-11,907,1315.8787210584344,173.741802773298,1307.0,1176.0,1741.2,77,0,0.0,0.0,0.0,0.0,0.0,0
CA,2015-01-12,810,1300.3530864197535,70.79199697661805,1288.0,1160.2,1321.9,79,1,83.95,0.0,0.0,0.0,0.0,1
CA,2015-01-13,747,1288.0937081659968,264.1581486534156,1235.0,1100.6000000000001,1361.8,75,0,0.0,0.0,0.0,0.0,0.0,0
CA,2015-01-14,636,1319.349056603774,299.60232902224834,1403.5,1157.4,1995.4,70,0,0.0,0.0,0.0,0.0,0.0,0
CA,2015-01-15,895,1325.8972067039106,196.25634315329424,1335.0,1172.6,1549.1999999999996,81,0,0.0,0.0,0.0,0.0,0.0,0
CA,2015-01-16,798,1330.2669172932333,290.02688102308093,1332.0,1165.0,1883.5,76,0,0.0,0.0,0.0,0.0,0.0,0
CA,2015-01-17,855,1350.913450292398,229.71872894786202,1282.0,1161.2,1779.8,83,0,0.0,0.0,0.0,0.0,0.0,0
CA,2015-01-18,625,1353.1984000000007,168.50243620172725,1318.5,1171.0,1546.0,79,0,0.0,0.0,0.0,0.0,0.0,0
CA,2015-01-19,772,1336.5207253886003,202.63198226193376,1283.0,1140.6,1753.4,60,0,0.0,0.0,0.0,0.0,0.0,0
CA,2015-01-20,763,1276.958060288336,86.86053669225812,1204.0,1176.0,1344.0,77,0,0.0,0.0,0.0,0.0,0.0,0
CA,2015-01-21,760,1291.607894736842,209.69230855214497,1349.0,1336.8,1748.4,77,0,0.0,0.0,0.0,0.0,0.0,0
CA,2015-01-22,686,1324.2376093294465,343.7592035131568,1315.5,825.5,1745.8,68,0,0.0,0.0,0.0,0.0,0.0,0
CA,2015-01-23,810,1295.9567901234568,167.69034697660985,1273.5,1241.2,1441.2000000000003,72,0,0.0,0.0,0.0,0.0,0.0,0
CA,2015-01-24,775,1377.104516129032,116.87462515249042,1131.0,1117.0,1166.0,73,0,0.0,0.0,0.0,0.0,0.0,0
CA,2015-01-25,857,1411.6627771295214,200.0436032801259,1262.5,1225.9,1733.6,72,0,0.0,0.0,0.0,0.0,0.0,0
CA,2015-01-26,683,1309.4099560761344,246.5359400863357,1306.0,1288.4,1740.4,62,0,0.0,0.0,0.0,0.0,0.0,0
CA,2015-01-27,716,1317.3980446927371,8.574418998219342,1322.0,1311.0,1331.0,84,0,0.0,0.0,0.0,0.0,0.0,0
CA,2015-01-28,794,1305.3879093198993,6.368673331236264,1320.0,1314.2,1328.0,71,0,0.0,0.0,0.0,0.0,0.0,0
CA,2015-01-29,896,1344.660714285714,219.49487465542333,1327.5,1315.0,1735.5,79,0,0.0,0.0,0.0,0.0,0.0,0
CA,2015-01-30,901,1353.2441731409544,212.19585595728356,1335.0,1198.2,1718.2,73,0,0.0,0.0,0.0,0.0,0.0,0
CA,2015-01-31,969,1381.2105263157891,204.36475327451254,1310.0,1293.0,1729.0,81,3,76.55,0.0,67.69,67.69,67.69,3
CA,2015-02-01,705,1369.4368794326242,123.0221699273298,1310.5,1285.1,1333.9,69,0,0.0,0.0,0.0,0.0,0.0,0
CA,2015-02-02,771,1361.0207522697795,202.01910598671967,1345.0,1327.4,1722.8,77,0,0.0,0.0,0.0,0.0,0.0,0
CA,2015-02-03,796,1343.4962311557788,7.326217945690335,1287.0,1279.6,1296.6,73,0,0.0,0.0,0.0,0.0,0.0,0
CA,2015-02-04,830,1351.4831325301204,25.813103775613893,1296.0,1283.5,1322.1,76,0,0.0,0.0,0.0,0.0,0.0,0
CA,2015-02-05,798,1334.7318295739349,15.609254755407267,1319.0,1301.2,1343.4,72,0,0.0,0.0,0.0,0.0,0.0,0
CA,2015-02-06,828,1322.4891304347825,243.3981462467861,1305.0,1295.0,1932.0,81,0,0.0,0.0,0.0,0.0,0.0,0
CA,2015-02-07,853,1339.5885111371633,185.18274548972045,1298.0,1254.0,1692.9,85,0,0.0,0.0,0.0,0.0,0.0,0
CA,2015-02-08,794,1360.7153652392944,243.39332076651158,1339.0,1326.5,1924.0,72,0,0.0,0.0,0.0,0.0,0.0,0
CA,2015-02-09,789,1309.571609632446,144.81275625786563,1357.0,1334.0,1715.5,74,0,0.0,0.0,0.0,0.0,0.0,0
CA,2015-02-10,943,1309.698833510075,203.1814275980352,1345.0,1334.0,1778.6,76,0,0.0,0.0,0.0,0.0,0.0,0
CA,2015-02-11,837,1317.2413381123065,173.07487853598775,1364.5,1247.0,1488.2000000000003,82,0,0.0,0.0,0.0,0.0,0.0,0
CA,2015-02-12,838,1347.0119331742246,175.61748204549568,1386.0,1104.1,1396.3,85,0,0.0,0.0,0.0,0.0,0.0,0
CA,2015-02-13,851,1335.5276145710925,175.64696090534403,1393.0,1371.0,1731.0,79,0,0.0,0.0,0.0,0.0,0.0,0
CA,2015-02-14,735,1339.7238095238095,4.5,1359.5,1355.9,1363.1,83,0,0.0,0.0,0.0,0.0,0.0,0
CA,2015-02-15,653,1392.906584992343,46.552556276404076,1345.0,1337.0,1362.0,77,0,0.0,0.0,0.0,0.0,0.0,0
CA,2015-02-16,997,1320.1273821464392,43.67285143255213,1307.0,1258.5,1373.5,74,0,0.0,0.0,0.0,0.0,0.0,0
CA,2015-02-17,786,1289.4745547073792,232.61409759513717,1264.0,1239.0,1721.2,80,0,0.0,0.0,0.0,0.0,0.0,0
CA,2015-02-18,698,1247.3538681948419,133.26035039596107,1223.0,1106.0,1248.6,83,0,0.0,0.0,0.0,0.0,0.0,0
CA,2015-02-19,1013,1315.7976307996046,257.0256553342487,1209.5,1185.2,1728.5,79,2,51.85,0.0,0.0,0.0,0.0,1
CA,2015-02-20,702,1337.6481481481478,328.77345121256707,1204.0,1182.4,1916.2,79,0,0.0,0.0,0.0,0.0,0.0,0
CA,2015-02-21,804,1369.5671641791048,271.2105109951276,1191.0,1181.8,1757.8,78,0,0.0,0.0,0.0,0.0,0.0,0
CA,2015-02-22,706,1365.4688385269108,327.5713536552566,1169.0,1154.4,1902.6,77,0,0.0,0.0,0.0,0.0,0.0,0
CA,2015-02-23,924,1333.9058441558434,193.56981783067317,1219.5,1190.7,1716.2,76,0,0.0,0.0,0.0,0.0,0.0,0
CA,2015-02-24,865,1325.1491329479768,177.34993123663972,1269.0,1255.4,1283.6,77,0,0.0,0.0,0.0,0.0,0.0,0
CA,2015-02-25,981,1343.3404689092768,102.56132016732072,1306.0,1283.4,1318.7,73,0,0.0,0.0,0.0,0.0,0.0,0
CA,2015-02-26,796,1328.9283919598,94.39335059916299,1333.0,1271.0,1342.0,80,0,0.0,0.0,0.0,0.0,0.0,0
CA,2015-02-27,689,1337.2206095791003,316.4295340198193,1319.5,938.1,1393.3999999999999,79,0,0.0,0.0,0.0,0.0,0.0,0
CA,2015-02-28,724,1378.8135359116018,413.9986580761934,1728.0,1112.8,1878.4,79,0,0.0,0.0,0.0,0.0,0.0,0
CA,2015-03-01,772,1373.9857512953374,190.22754374695586,1321.0,1304.8,1723.2,79,0,0.0,0.0,0.0,0.0,0.0,0
CA,2015-03-02,803,1371.59900373599,4.0,1041.0,1037.8,1044.2,70,0,0.0,0.0,0.0,0.0,0.0,0
CA,2015-03-03,688,1315.3313953488368,218.89372357886882,1342.0,1111.4,1727.6,77,0,0.0,0.0,0.0,0.0,0.0,0
CA,2015-03-04,790,1336.8012658227851,8.744839748229937,1364.0,1351.0,1370.5,75,0,0.0,0.0,0.0,0.0,0.0,0
CA,2015-03-05,726,1309.838842975207,6.419491922513018,1357.0,1347.8,1360.4,72,0,0.0,0.0,0.0,0.0,0.0,0
CA,2015-03-06,821,1388.475030450669,4.718523371767629,1350.0,1342.0,1351.0,83,0,0.0,0.0,0.0,0.0,0.0,0
CA,2015-03-07,680,1334.7544117647049,244.72688859216103,1551.5,1360.7,1871.1000000000001,79,0,0.0,0.0,0.0,0.0,0.0,0
CA,2015-03-08,667,1361.0629685157426,150.79734745677723,1367.0,1360.8,1595.8,80,0,0.0,0.0,0.0,0.0,0.0,0
CA,2015-03-09,717,1300.3654114365406,0.0,1357.0,1357.0,1357.0,76,0,0.0,0.0,0.0,0.0,0.0,0
CA,2015-03-10,650,1369.6646153846157,286.5,1635.5,1406.3,1864.7,73,0,0.0,0.0,0.0,0.0,0.0,0
CA,2015-03-11,765,1309.2209150326794,5.715476066494082,1346.0,1340.4,1351.6,79,0,0.0,0.0,0.0,0.0,0.0,0
CA,2015-03-12,613,1306.8646003262638,11.162884931772789,1341.5,1329.2,1352.9,73,0,0.0,0.0,0.0,0.0,0.0,0
CA,2015-03-13,749,1284.288384512683,208.53656753672723,1753.0,1469.3,1865.9,86,0,0.0,0.0,0.0,0.0,0.0,0
CA,2015-03-14,904,1341.5143805309738,8.558621384311845,1349.5,1339.0,1357.2,77,0,0.0,0.0,0.0,0.0,0.0,0
CA,2015-03-15,754,1305.0530503978782,100.55590484899432,1305.0,1250.3,1322.7,82,0,0.0,0.0,0.0,0.0,0.0,0
CA,2015-03-16,779,1263.0025673940947,316.723679078292,1601.5,1279.5,1920.0,80,0,0.0,0.0,0.0,0.0,0.0,0
CA,2015-03-17,699,1293.5636623748214,12.458093017498829,1265.5,1251.6,1284.1,75,0,0.0,0.0,0.0,0.0,0.0,0
CA,2015-03-18,795,1297.7283018867927,6.020797289396148,1293.5,1287.4,1299.6,85,0,0.0,0.0,0.0,0.0,0.0,0
CA,2015-03-19,642,1278.414330218069,236.56586761877173,1323.0,1310.1,1890.7,80,0,0.0,0.0,0.0,0.0,0.0,0
CA,2015-03-20,674,1271.5504451038569,15.569512587817972,1362.0,1336.8,1374.9,79,0,0.0,0.0,0.0,0.0,0.0,0
CA,2015-03-21,700,1334.8257142857146,69.98988022088146,1817.0,1750.0,1894.5,75,0,0.0,0.0,0.0,0.0,0.0,0
CA,2015-03-22,758,1331.133245382586,53.204205660830986,1878.0,1793.5,1886.2,76,0,0.0,0.0,0.0,0.0,0.0,0
CA,2015-03-23,716,1282.8463687150834,4.496912521077347,1112.0,1111.2,1119.2,87,0,0.0,0.0,0.0,0.0,0.0,0
CA,2015-03-24,714,1311.214285714286,13.278981924332362,1359.0,1338.2,1370.2,78,0,0.0,0.0,0.0,0.0,0.0,0
CA,2015-03-25,721,1319.7434119278776,250.49298268614234,1341.0,1317.5,1871.0,78,0,0.0,0.0,0.0,0.0,0.0,0
CA,2015-03-26,751,1357.4141145139808,184.31274372652587,1165.5,978.3,1350.6,75,0,0.0,0.0,0.0,0.0,0.0,0
CA,2015-03-27,927,1409.1510248112188,153.16770853797973,1333.5,1319.8,1641.5000000000005,84,0,0.0,0.0,0.0,0.0,0.0,0
CA,2015-03-28,756,1391.1891534391527,342.28257332210177,1780.0,1290.6,1858.6,78,0,0.0,0.0,0.0,0.0,0.0,0
CA,2015-03-29,750,1329.9119999999998,95.32257265277127,1324.0,1310.1,1331.7,76,0,0.0,0.0,0.0,0.0,0.0,0
CA,2015-03-30,880,1343.0818181818179,150.34198355130408,1346.0,1332.0,1362.0,78,0,0.0,0.0,0.0,0.0,0.0,0
CA,2015-03-31,725,1364.4841379310344,6.136311676215145,1323.0,1314.0,1329.2,83,0,0.0,0.0,0.0,0.0,0.0,0
CA,2015-04-01,726,1294.439393939394,5.402545696243577,1336.0,1332.9,1344.0,77,0,0.0,0.0,0.0,0.0,0.0,0
CA,2015-04-02,805,1334.8260869565217,14.241359714950404,1368.5,1354.1,1389.9,76,0,0.0,0.0,0.0,0.0,0.0,0
CA,2015-04-03,980,1406.1816326530618,185.81089176902412,1588.0,1400.7,1776.0,87,0,0.0,0.0,0.0,0.0,0.0,0
CA,2015-04-04,912,1358.6820175438602,205.70655677444995,1394.0,1388.9,1726.0,78,0,0.0,0.0,0.0,0.0,0.0,0
CA,2015-04-05,736,1408.6576086956522,4.264680527307995,1384.0,1379.3,1388.0,75,0,0.0,0.0,0.0,0.0,0.0,0
CA,2015-04-06,773,1308.1694695989652,0.0,1379.0,1379.0,1379.0,82,1,84.39,0.0,0.0,0.0,0.0,1
CA,2015-04-07,919,1330.8813928182803,228.59798774267458,1403.0,1391.8,1863.4,81,0,0.0,0.0,0.0,0.0,0.0,0
CA,2015-04-08,1070,1338.3990654205604,226.35559887676104,1420.0,1411.0,1875.0,80,0,0.0,0.0,0.0,0.0,0.0,0
CA,2015-04-09,756,1314.2076719576723,9.10997999653073,1402.0,1392.0,1410.0,77,0,0.0,0.0,0.0,0.0,0.0,0
CA,2015-04-10,879,1327.8134243458478,116.68962737022716,1411.0,1401.2,1490.2,85,1,76.06,0.0,0.0,0.0,0.0,1
CA,2015-04-11,887,1346.5366403607666,9.738575036934305,1395.0,1381.5,1406.5,89,0,0.0,0.0,0.0,0.0,0.0,0
CA,2015-04-12,795,1436.6805031446536,6.041522986797286,1396.5,1389.7,1401.9,79,0,0.0,0.0,0.0,0.0,0.0,0
CA,2015-04-13,831,1355.5090252707582,216.59163765021032,1407.0,1395.4,1880.6,73,0,0.0,0.0,0.0,0.0,0.0,0
CA,2015-04-14,830,1357.313253012048,3.5,1780.5,1777.7,1783.3,69,2,71.39,0.0,0.0,0.0,0.0,2
CA,2015-04-15,760,1324.8855263157895,103.39066112983447,1432.0,1418.2,1440.4,88,0,0.0,0.0,0.0,0.0,0.0,0
CA,2015-04-16,797,1371.4968632371392,15.905973720586866,1417.5,1402.0,1439.6,78,0,0.0,0.0,0.0,0.0,0.0,0
CA,2015-04-17,704,1343.8863636363635,7.156970184527963,1429.5,1421.5,1437.0,75,1,70.57,0.0,0.0,0.0,0.0,1
CA,2015-04-18,672,1390.4374999999998,52.52796874047196,1895.0,1812.1,1901.6,68,0,0.0,0.0,0.0,0.0,0.0,0
CA,2015-04-19,757,1307.4280052840152,10.932863302904687,1402.0,1391.0,1419.0,78,0,0.0,0.0,0.0,0.0,0.0,0
CA,2015-04-20,869,1364.2773302646726,200.45740594358975,1387.0,1378.8,1870.6000000000001,79,0,0.0,0.0,0.0,0.0,0.0,0
CA,2015-04-21,900,1322.2022222222226,207.11339691983588,1390.0,1380.2,1826.0,86,0,0.0,0.0,0.0,0.0,0.0,0
CA,2015-04-22,904,1409.140486725664,4.527692569068709,1376.0,1371.3,1380.7,71,0,0.0,0.0,0.0,0.0,0.0,0
CA,2015-04-23,952,1332.5966386554624,14.424317724878874,1364.0,1338.8,1378.0,79,0,0.0,0.0,0.0,0.0,0.0,0
CA,2015-04-24,763,1323.2188728702492,156.2339991807161,1369.0,1354.0,1577.0,79,0,0.0,0.0,0.0,0.0,0.0,0
CA,2015-04-25,788,1360.5634517766493,128.10293170381038,1338.5,1325.9,1361.6,76,0,0.0,0.0,0.0,0.0,0.0,0
CA,2015-04-26,773,1312.855109961191,186.48622230907867,1335.0,1299.2,1453.4,72,0,0.0,0.0,0.0,0.0,0.0,0
CA,2015-04-27,690,1368.6217391304342,145.5678535941229,1333.0,1112.8,1338.2,79,0,0.0,0.0,0.0,0.0,0.0,0
CA,2015-04-28,754,1360.0848806366043,223.67995489587847,1311.0,1295.6,1776.3,77,0,0.0,0.0,0.0,0.0,0.0,0
CA,2015-04-29,654,1318.4082568807344,11.410894128029469,1321.0,1311.6,1338.0,79,0,0.0,0.0,0.0,0.0,0.0,0
CA,2015-04-30,691,1338.0173661360343,210.1134776005284,1349.5,1335.1,1853.1000000000001,77,0,0.0,0.0,0.0,0.0,0.0,0
CA,2015-05-01,727,1320.8033012379633,13.497983388475316,1320.0,1304.0,1337.6,86,0,0.0,0.0,0.0,0.0,0.0,0
CA,2015-05-02,670,1306.5134328358217,129.83223780055232,1335.0,1298.4,1352.4,75,0,0.0,0.0,0.0,0.0,0.0,0
CA,2015-05-03,622,1330.3102893890673,123.24073909692729,1308.0,1294.0,1322.6,74,0,0.0,0.0,0.0,0.0,0.0,0
CA,2015-05-04,637,1333.660910518053,251.2533270923989,1757.0,1315.0,1914.3,84,0,0.0,0.0,0.0,0.0,0.0,0
CA,2015-05-05,712,1390.1741573033707,156.84368278130415,1338.0,1321.2,1353.0,90,0,0.0,0.0,0.0,0.0,0.0,0
CA,2015-05-06,669,1427.276532137518,9.730750228014282,1356.5,1346.4,1367.3,82,0,0.0,0.0,0.0,0.0,0.0,0
CA,2015-05-07,576,1352.6354166666665,445.31022894157735,1773.0,998.2,1915.6,83,0,0.0,0.0,0.0,0.0,0.0,0
CA,2015-05-08,810,1559.338271604938,5.70087712549569,1373.0,1367.1,1378.9,79,0,0.0,0.0,0.0,0.0,0.0,0
CA,2015-05-09,573,1390.2303664921462,134.25030949684995,1369.0,1359.4,1388.4,77,0,0.0,0.0,0.0,0.0,0.0,0
CA,2015-05-10,611,1412.813420621931,15.900927839998504,1365.0,1354.2,1391.0,79,0,0.0,0.0,0.0,0.0,0.0,0
CA,2015-05-11,832,1435.5853365384614,161.72648384404934,1353.0,1340.8,1362.8,83,0,0.0,0.0,0.0,0.0,0.0,0
CA,2015-05-12,922,1378.2635574837311,251.60841279343137,1373.0,1364.0,1918.0,91,0,0.0,0.0,0.0,0.0,0.0,0
CA,2015-05-13,781,1411.9142125480146,11.259463140136019,1363.0,1355.6,1382.8,81,1,70.07,0.0,0.0,0.0,0.0,1
CA,2015-05-14,757,1360.0937912813736,194.17096496738034,1356.0,1347.0,1778.0,88,0,0.0,0.0,0.0,0.0,0.0,0
CA,2015-05-15,713,1477.7531556802237,355.12752441024617,1324.5,628.5,1339.5,80,0,0.0,0.0,0.0,0.0,0.0,0
CA,2015-05-16,702,1438.9202279202275,255.82122664079304,1343.0,1334.1,1755.1000000000001,81,0,0.0,0.0,0.0,0.0,0.0,0
CA,2015-05-17,772,1386.7512953367875,6.540298938434055,1331.0,1323.6,1340.2,71,0,0.0,0.0,0.0,0.0,0.0,0
CA,2015-05-18,692,1317.6589595375715,7.088505736771814,1329.0,1318.8,1337.0,70,0,0.0,0.0,0.0,0.0,0.0,0
CA,2015-05-19,630,1305.261904761905,189.81986262484116,1319.0,1310.8,1446.8000000000002,71,0,0.0,0.0,0.0,0.0,0.0,0
CA,2015-05-20,798,1437.1503759398493,8.272696053887149,1329.0,1320.2,1338.1,83,0,0.0,0.0,0.0,0.0,0.0,0
CA,2015-05-21,659,1408.8679817905913,248.93952857850618,1788.0,1425.6,1889.6,75,0,0.0,0.0,0.0,0.0,0.0,0
CA,2015-05-22,747,1387.4926372155294,320.08752661007895,1302.0,628.0,1319.8,68,0,0.0,0.0,0.0,0.0,0.0,0
CA,2015-05-23,845,1465.213017751479,485.5893387597793,1306.0,665.4,1877.4,88,0,0.0,0.0,0.0,0.0,0.0,0
CA,2015-05-24,777,1408.671814671815,226.06150834574993,1293.5,1277.0,1695.0,70,1,94.94,0.0,0.0,0.0,0.0,1
CA,2015-05-25,690,1386.8101449275362,271.7797310732024,1282.0,823.6,1287.6,74,0,0.0,0.0,0.0,0.0,0.0,0
CA,2015-05-26,710,1398.6112676056339,413.1946991129,1297.0,665.9,1485.6,79,0,0.0,0.0,0.0,0.0,0.0,0
CA,2015-05-27,601,1451.4276206322793,4.242640687119285,1297.0,1297.0,1304.2,76,0,0.0,0.0,0.0,0.0,0.0,0
CA,2015-05-28,486,1355.12962962963,407.2394872799051,1284.0,709.5,1651.1999999999998,77,1,8.05,0.0,0.0,0.0,0.0,1
CA,2015-05-29,660,1454.7515151515147,0.0,1914.0,1914.0,1914.0,72,0,0.0,0.0,0.0,0.0,0.0,0
CA,2015-05-30,723,1407.2047026279392,292.788319439147,1284.5,1275.5,1901.0,71,0,0.0,0.0,0.0,0.0,0.0,0
CA,2015-05-31,509,1402.3772102161086,375.54711109667886,1238.0,700.2,1580.8,69,0,0.0,0.0,0.0,0.0,0.0,0
CA,2015-06-01,864,1450.8113425925926,0.0,1905.0,1905.0,1905.0,79,0,0.0,0.0,0.0,0.0,0.0,0
CA,2015-06-02,669,1416.5695067264571,129.54332179708155,1241.0,1232.5,1442.0,67,0,0.0,0.0,0.0,0.0,0.0,0
CA,2015-06-03,575,1415.3930434782608,4.0276819911981905,1888.0,1887.2,1894.4,66,0,0.0,0.0,0.0,0.0,0.0,0
CA,2015-06-04,683,1456.2752562225471,4.0,1248.0,1244.8,1251.2,76,0,0.0,0.0,0.0,0.0,0.0,0
CA,2015-06-05,603,1315.0928689883922,5.261891294962297,1242.5,1238.9,1249.6,65,0,0.0,0.0,0.0,0.0,0.0,0
CA,2015-06-06,566,1409.7367491166083,285.44974260901967,1897.0,1415.4,1902.6,72,0,0.0,0.0,0.0,0.0,0.0,0
CA,2015-06-07,565,1370.907964601769,67.5,1845.5,1791.5,1899.5,72,0,0.0,0.0,0.0,0.0,0.0,0
CA,2015-06-08,640,1355.8875000000003,340.1382072040717,1187.0,1179.8,1760.6,77,0,0.0,0.0,0.0,0.0,0.0,0
CA,2015-06-09,686,1368.0087463556847,294.4399580370995,1168.0,1157.6,1662.4,81,0,0.0,0.0,0.0,0.0,0.0,0
CA,2015-06-10,815,1429.40736196319,0.0,1793.0,1793.0,1793.0,78,0,0.0,0.0,0.0,0.0,0.0,0
CA,2015-06-11,730,1436.643835616439,287.34266226155063,1286.5,1279.5,1892.5,70,0,0.0,0.0,0.0,0.0,0.0,0
CA,2015-06-12,756,1364.6362433862437,60.0,1228.0,1180.0,1276.0,80,1,90.75,0.0,0.0,0.0,0.0,1
CA,2015-06-13,583,1379.6895368782166,3.299831645537222,1280.0,1280.0,1285.6,68,0,0.0,0.0,0.0,0.0,0.0,0
CA,2015-06-14,568,1362.0827464788727,9.36634374031449,1295.0,1286.4,1309.4,74,0,0.0,0.0,0.0,0.0,0.0,0
CA,2015-06-15,707,1392.9349363507783,61.30813567545501,1171.5,1157.6,1267.3,72,0,0.0,0.0,0.0,0.0,0.0,0
CA,2015-06-16,553,1387.0849909584092,4.0,1238.0,1234.8,1241.2,80,1,82.07,0.0,0.0,0.0,0.0,1
CA,2015-06-17,646,1413.0665634674926,243.0,1558.0,1363.6,1752.4,67,0,0.0,0.0,0.0,0.0,0.0,0
CA,2015-06-18,626,1364.4712460063895,3.771236166328253,1241.0,1241.0,1247.4,61,0,0.0,0.0,0.0,0.0,0.0,0
CA,2015-06-19,631,1372.296354992076,17.211914478058507,1286.5,1260.9,1301.4,67,0,0.0,0.0,0.0,0.0,0.0,0
CA,2015-06-20,656,1399.3414634146345,3.7416573867739413,1321.0,1318.6,1325.8,76,0,0.0,0.0,0.0,0.0,0.0,0
CA,2015-06-21,776,1410.4742268041236,0.0,1898.0,1898.0,1898.0,68,0,0.0,0.0,0.0,0.0,0.0,0
CA,2015-06-22,553,1355.535262206149,0.0,1888.0,1888.0,1888.0,67,0,0.0,0.0,0.0,0.0,0.0,0
CA,2015-06-23,674,1382.4896142433233,61.0,1250.0,1201.2,1298.8,75,0,0.0,0.0,0.0,0.0,0.0,0
CA,2015-06-24,688,1360.1293604651157,8.958236433584458,1307.0,1298.1,1317.3,66,0,0.0,0.0,0.0,0.0,0.0,0
CA,2015-06-25,611,1366.7741407528638,119.275678576984,1421.5,1299.1,1539.0,69,0,0.0,0.0,0.0,0.0,0.0,0
CA,2015-06-26,560,1365.116071428571,4.0,1309.0,1305.8,1312.2,76,0,0.0,0.0,0.0,0.0,0.0,0
CA,2015-06-27,462,1388.0562770562767,216.44422436095454,1163.0,1118.6,1403.1999999999996,62,0,0.0,0.0,0.0,0.0,0.0,0
CA,2015-06-28,608,1346.666118421052,143.27426526927135,1109.0,1057.0,1273.0,71,0,0.0,0.0,0.0,0.0,0.0,0
CA,2015-06-29,545,1364.671559633027,36.877047965728856,1864.0,1792.0,1874.5,64,0,0.0,0.0,0.0,0.0,0.0,0
CA,2015-06-30,607,1344.4481054365738,35.43670413568395,1791.0,1784.8,1859.8,63,0,0.0,0.0,0.0,0.0,0.0,0
CA,2015-07-01,623,1365.9855537720707,266.9029552103161,1255.5,1249.4,1685.1000000000001,73,0,0.0,0.0,0.0,0.0,0.0,0
CA,2015-07-02,656,1369.849085365854,270.45435584170207,1233.5,1225.0,1857.0,64,0,0.0,0.0,0.0,0.0,0.0,0
CA,2015-07-03,586,1422.8600682593865,260.14949548288575,1217.0,1211.8,1610.2,67,0,0.0,0.0,0.0,0.0,0.0,0
CA,2015-07-04,664,1384.5135542168673,255.048854863822,1757.0,1210.8,1778.3,73,0,0.0,0.0,0.0,0.0,0.0,0
CA,2015-07-05,587,1372.4633730834753,262.3678561995714,1238.0,1213.0,1802.3999999999999,65,0,0.0,0.0,0.0,0.0,0.0,0
CA,2015-07-06,666,1323.1636636636636,3.418698582794336,1244.5,1242.0,1249.1,64,0,0.0,0.0,0.0,0.0,0.0,0
CA,2015-07-07,618,1341.6860841423947,4.0,1253.0,1249.8,1256.2,64,0,0.0,0.0,0.0,0.0,0.0,0
CA,2015-07-08,626,1368.758785942492,8.02546966010751,1274.0,1264.8,1283.8,70,1,53.41,0.0,0.0,0.0,0.0,1
CA,2015-07-09,627,1411.086124401914,7.978365809340552,1256.0,1248.0,1270.2,74,0,0.0,0.0,0.0,0.0,0.0,0
CA,2015-07-10,501,1377.193612774451,5.796550698475776,1278.0,1273.2,1285.2,68,0,0.0,0.0,0.0,0.0,0.0,0
CA,2015-07-11,667,1373.953523238381,11.70733652010831,1295.0,1284.6,1311.6,65,0,0.0,0.0,0.0,0.0,0.0,0
CA,2015-07-12,684,1376.511695906433,117.5130707594179,1341.0,1319.2,1527.0,73,0,0.0,0.0,0.0,0.0,0.0,0
CA,2015-07-13,556,1329.5233812949637,139.90404875178865,1321.0,1300.2,1600.2,74,0,0.0,0.0,0.0,0.0,0.0,0
CA,2015-07-14,651,1330.3548387096773,0.0,1871.0,1871.0,1871.0,73,0,0.0,0.0,0.0,0.0,0.0,0
CA,2015-07-15,633,1338.5150078988947,186.58092857142285,1517.0,1302.6,1857.0,71,0,0.0,0.0,0.0,0.0,0.0,0
CA,2015-07-16,707,1371.8345120226318,3.5,1290.5,1287.7,1293.3,81,0,0.0,0.0,0.0,0.0,0.0,0
CA,2015-07-17,546,1331.6062271062276,143.03969922911455,1287.0,1274.4,1295.6,78,0,0.0,0.0,0.0,0.0,0.0,0
CA,2015-07-18,579,1344.6597582037998,10.88852607105296,1305.5,1294.3,1317.8,65,0,0.0,0.0,0.0,0.0,0.0,0
CA,2015-07-19,764,1365.624345549738,306.72178953057687,1294.0,1068.0,1844.0,76,0,0.0,0.0,0.0,0.0,0.0,0
CA,2015-07-20,549,1365.499089253187,307.8459578861611,1296.0,1087.0,1824.0,76,0,0.0,0.0,0.0,0.0,0.0,0
CA,2015-07-21,723,1376.92531120332,242.9636997063553,1316.5,1301.9,1810.7,76,0,0.0,0.0,0.0,0.0,0.0,0
CA,2015-07-22,676,1377.4186390532539,5.315072906367325,1084.5,1079.1,1089.9,79,0,0.0,0.0,0.0,0.0,0.0,0
CA,2015-07-23,607,1418.2553542009884,269.02973813316623,1563.0,1292.4,1833.6,74,0,0.0,0.0,0.0,0.0,0.0,0
CA,2015-07-24,747,1407.0227576974562,223.84661166869506,1290.5,1273.1,1760.2,75,0,0.0,0.0,0.0,0.0,0.0,0
CA,2015-07-25,738,1399.9728997289985,228.21000318907048,1323.5,1299.8,1830.1000000000001,76,0,0.0,0.0,0.0,0.0,0.0,0
CA,2015-07-26,765,1366.207843137255,171.2433523214426,1343.0,1322.8,1754.2,78,0,0.0,0.0,0.0,0.0,0.0,0
CA,2015-07-27,694,1394.850144092219,110.70710104696184,1324.0,1312.0,1550.8,78,0,0.0,0.0,0.0,0.0,0.0,0
CA,2015-07-28,554,1368.6299638989167,193.54765273066738,1544.0,1311.2,1734.4,79,1,61.19,0.0,0.0,0.0,0.0,1
CA,2015-07-29,717,1372.934449093445,278.43935106629993,1324.5,1074.1,1822.4,69,0,0.0,0.0,0.0,0.0,0.0,0
CA,2015-07-30,577,1426.5805892547655,292.84130561353106,1345.5,1081.0,1745.3,71,0,0.0,0.0,0.0,0.0,0.0,0
CA,2015-07-31,635,1490.4220472440948,212.93416512548183,1689.0,1332.0,1820.0,72,0,0.0,0.0,0.0,0.0,0.0,0
CA,2015-08-01,672,1441.3184523809527,221.51212403331334,1343.0,1119.1,1808.7000000000003,67,0,0.0,0.0,0.0,0.0,0.0,0
CA,2015-08-02,593,1398.1703204047215,159.8900857031881,1151.0,1120.8,1363.8,62,0,0.0,0.0,0.0,0.0,0.0,0
CA,2015-08-03,730,1450.3589041095893,116.32433107480138,1320.5,1106.9,1359.2,72,0,0.0,0.0,0.0,0.0,0.0,0
CA,2015-08-04,745,1389.9986577181212,71.63634270021842,1151.0,1137.6,1310.2,78,0,0.0,0.0,0.0,0.0,0.0,0
CA,2015-08-05,759,1432.6231884057966,80.95265034093833,1116.5,1075.5,1309.9,77,0,0.0,0.0,0.0,0.0,0.0,0
CA,2015-08-06,825,1471.4739393939399,70.39632701457411,1104.0,1090.7,1297.0,75,0,0.0,0.0,0.0,0.0,0.0,0
CA,2015-08-07,696,1378.7126436781607,60.227552039671664,1113.0,1102.7,1183.2,84,0,0.0,0.0,0.0,0.0,0.0,0
CA,2015-08-08,697,1450.1047345767568,188.45299311033745,1118.5,1108.6,1310.9,73,0,0.0,0.0,0.0,0.0,0.0,0
CA,2015-08-09,900,1496.3322222222225,139.64205537298707,1334.0,1132.0,1346.0,79,0,0.0,0.0,0.0,0.0,0.0,0
CA,2015-08-10,941,1504.392136025504,217.4068918324741,1139.5,1124.5,1591.0,82,0,0.0,0.0,0.0,0.0,0.0,0
CA,2015-08-11,951,1418.5026288117774,214.57720365064554,1178.0,1133.6,1648.0000000000007,80,0,0.0,0.0,0.0,0.0,0.0,0
CA,2015-08-12,836,1488.1232057416264,208.83579533688342,1213.0,1190.4,1640.2000000000003,86,0,0.0,0.0,0.0,0.0,0.0,0
CA,2015-08-13,806,1500.6985111662532,239.9801660757392,1186.0,1156.0,1847.4,76,0,0.0,0.0,0.0,0.0,0.0,0
CA,2015-08-14,857,1552.297549591598,242.08198507943544,1287.0,1174.6,1729.3000000000002,73,0,0.0,0.0,0.0,0.0,0.0,0
CA,2015-08-15,832,1489.7403846153843,95.09943332217222,1374.0,1166.0,1387.6,72,2,99.16,0.0,0.0,0.0,0.0,2
CA,2015-08-16,662,1342.5574018126886,105.52198681086006,1367.0,1143.6,1389.4,63,0,0.0,0.0,0.0,0.0,0.0,0
CA,2015-08-17,603,1351.2819237147594,176.25397587250237,1349.0,1127.0,1365.4,79,0,0.0,0.0,0.0,0.0,0.0,0
CA,2015-08-18,776,1447.9935567010318,220.6358332149098,1333.5,1105.6,1540.9,76,0,0.0,0.0,0.0,0.0,0.0,0
CA,2015-08-19,678,1390.710914454277,188.29356217235775,1129.0,1099.9,1314.9,78,0,0.0,0.0,0.0,0.0,0.0,0
CA,2015-08-20,670,1369.4895522388063,283.32004260163524,1107.5,1076.0,1849.9,80,0,0.0,0.0,0.0,0.0,0.0,0
CA,2015-08-21,720,1487.263888888889,258.25632750340026,1287.0,1124.6,1730.2,76,0,0.0,0.0,0.0,0.0,0.0,0
CA,2015-08-22,625,1453.4287999999997,263.94904480842524,1126.0,1105.0,1722.8,60,0,0.0,0.0,0.0,0.0,0.0,0
CA,2015-08-23,725,1441.2882758620685,252.7976326632132,1261.0,1062.0,1716.0,75,0,0.0,0.0,0.0,0.0,0.0,0
CA,2015-08-24,841,1507.212841854935,232.4544352596424,1271.0,1080.6,1518.4000000000012,72,0,0.0,0.0,0.0,0.0,0.0,0
CA,2015-08-25,821,1374.152253349574,282.5471760019319,1285.0,1115.2,1841.3,81,0,0.0,0.0,0.0,0.0,0.0,0
CA,2015-08-26,733,1513.7230559345157,249.01079396324187,1108.0,1052.2,1706.0,73,0,0.0,0.0,0.0,0.0,0.0,0
CA,2015-08-27,671,1462.7436661698962,161.40127596176606,1234.0,1070.0,1248.0,80,0,0.0,0.0,0.0,0.0,0.0,0
CA,2015-08-28,782,1480.8209718670078,308.5197609660917,1827.0,1185.4,1842.2,79,0,0.0,0.0,0.0,0.0,0.0,0
CA,2015-08-29,671,1383.1758569299552,46.56740968480015,1282.0,1255.0,1313.0,73,0,0.0,0.0,0.0,0.0,0.0,0
CA,2015-08-30,795,1432.4276729559754,31.26197403249135,1345.0,1317.0,1362.3,72,0,0.0,0.0,0.0,0.0,0.0,0
CA,2015-08-31,660,1358.0454545454545,159.01358030080522,1441.0,1401.6,1473.6000000000001,71,0,0.0,0.0,0.0,0.0,0.0,0
CA,2015-09-01,688,1431.1598837209303,177.10521215605007,1413.0,1140.5,1708.0,75,0,0.0,0.0,0.0,0.0,0.0,0
CA,2015-09-02,596,1413.9882550335572,286.38956092954624,1418.0,1125.8,1837.5,73,0,0.0,0.0,0.0,0.0,0.0,0
CA,2015-09-03,634,1416.675078864353,179.79835619073074,1418.5,1160.9,1437.1,71,0,0.0,0.0,0.0,0.0,0.0,0
CA,2015-09-04,1027,1722.4751703992204,248.8127552801155,1404.5,1180.7,1838.6,64,0,0.0,0.0,0.0,0.0,0.0,0
CA,2015-09-05,774,1491.8023255813948,218.51811264871282,1423.5,1203.7,1835.2,68,0,0.0,0.0,0.0,0.0,0.0,0
CA,2015-09-06,684,1409.4561403508774,142.28964584948625,1425.5,1227.1,1458.5,75,0,0.0,0.0,0.0,0.0,0.0,0
CA,2015-09-07,792,1448.0277777777778,214.63622523626682,1407.5,1207.5,1834.0,75,0,0.0,0.0,0.0,0.0,0.0,0
CA,2015-09-08,558,1396.5000000000002,202.0124748623213,1194.0,1180.7,1488.1000000000006,72,0,0.0,0.0,0.0,0.0,0.0,0
CA,2015-09-09,675,1445.3600000000006,186.20880486234927,1185.0,1033.2,1433.8,89,0,0.0,0.0,0.0,0.0,0.0,0
CA,2015-09-10,804,1428.410447761194,144.72672072378361,1217.0,1189.6,1418.0,83,0,0.0,0.0,0.0,0.0,0.0,0
CA,2015-09-11,838,1448.5167064439147,158.35481843224747,1198.0,1144.4,1399.4,69,0,0.0,0.0,0.0,0.0,0.0,0
CA,2015-09-12,853,1376.9062133645955,174.62578346626745,1401.0,1137.0,1444.0,75,0,0.0,0.0,0.0,0.0,0.0,0
CA,2015-09-13,868,1407.6981566820284,230.0018967438662,1158.0,1104.4,1513.800000000001,82,0,0.0,0.0,0.0,0.0,0.0,0
CA,2015-09-14,647,1336.4296754250397,174.78268649955007,1115.5,1089.0,1425.1,79,0,0.0,0.0,0.0,0.0,0.0,0
CA,2015-09-15,997,1540.5055165496487,134.32331456030676,1145.0,1131.0,1411.0,84,0,0.0,0.0,0.0,0.0,0.0,0
CA,2015-09-16,700,1431.6914285714286,293.7905527563623,1137.5,1129.7,1845.9,85,0,0.0,0.0,0.0,0.0,0.0,0
CA,2015-09-17,822,1457.9768856447688,254.11931060711916,1118.0,1100.1,1804.500000000001,80,0,0.0,0.0,0.0,0.0,0.0,0
CA,2015-09-18,600,1383.748333333334,280.60513466435356,1452.0,1115.0,1842.6,82,0,0.0,0.0,0.0,0.0,0.0,0
CA,2015-09-19,951,1428.1451104100947,257.3082871393635,1498.0,1115.0,1531.0,81,0,0.0,0.0,0.0,0.0,0.0,0
CA,2015-09-20,682,1380.6304985337244,222.98528988741126,1494.0,1150.2,1745.2,71,0,0.0,0.0,0.0,0.0,0.0,0
CA,2015-09-21,920,1422.417391304348,193.06005241227174,1157.5,1119.5,1481.0,77,0,0.0,0.0,0.0,0.0,0.0,0
CA,2015-09-22,861,1412.1904761904757,242.4933968173154,1453.0,1106.9,1861.8,78,0,0.0,0.0,0.0,0.0,0.0,0
CA,2015-09-23,806,1381.6923076923085,188.11549643769385,1466.5,1456.9,1875.1,84,0,0.0,0.0,0.0,0.0,0.0,0
CA,2015-09-24,804,1443.3644278606962,202.40336235781757,1434.5,1136.5,1664.5,77,0,0.0,0.0,0.0,0.0,0.0,0
CA,2015-09-25,846,1424.7033096926714,158.09974513504034,1391.0,1144.8,1415.6,83,0,0.0,0.0,0.0,0.0,0.0,0
CA,2015-09-26,787,1441.4663278271917,233.77061168780153,1440.0,1163.2,1884.1,77,0,0.0,0.0,0.0,0.0,0.0,0
CA,2015-09-27,739,1402.0568335588632,192.5648305318482,1431.0,1180.4,1760.8,77,0,0.0,0.0,0.0,0.0,0.0,0
CA,2015-09-28,890,1445.19213483146,174.16331236801855,1443.0,1186.0,1538.9,84,0,0.0,0.0,0.0,0.0,0.0,0
CA,2015-09-29,617,1374.7487844408429,179.88316939441543,1380.0,1190.0,1429.2,86,0,0.0,0.0,0.0,0.0,0.0,0
CA,2015-09-30,817,1346.5116279069769,82.75481481460761,1180.5,1168.1,1356.0,86,0,0.0,0.0,0.0,0.0,0.0,0
CA,2015-10-01,669,1379.1988041853517,180.6318381941228,1167.5,1149.2,1358.8,66,1,86.41,0.0,0.0,0.0,0.0,1
CA,2015-10-02,807,1454.770755885998,173.60196018973247,1141.0,1109.7,1373.3,77,0,0.0,0.0,0.0,0.0,0.0,0
CA,2015-10-03,912,1475.3826754385968,165.04367671896276,1310.0,1104.2,1338.9,74,0,0.0,0.0,0.0,0.0,0.0,0
CA,2015-10-04,714,1306.4243697478983,96.52311649620825,1305.0,1115.0,1339.0,73,0,0.0,0.0,0.0,0.0,0.0,0
CA,2015-10-05,910,1354.0087912087909,217.20001160525362,1145.5,1121.9,1636.4000000000012,85,0,0.0,0.0,0.0,0.0,0.0,0
CA,2015-10-06,835,1380.3592814371252,202.18754512245926,1100.0,1091.2,1374.4,82,0,0.0,0.0,0.0,0.0,0.0,0
CA,2015-10-07,889,1376.0461192350956,201.0141055503373,1120.0,1086.2,1364.2,87,0,0.0,0.0,0.0,0.0,0.0,0
CA,2015-10-08,809,1387.4499381953026,213.88458326501413,1338.5,1108.7,1379.3,85,0,0.0,0.0,0.0,0.0,0.0,0
CA,2015-10-09,769,1341.5734720416121,172.37415377279996,1103.0,1086.0,1343.6,80,0,0.0,0.0,0.0,0.0,0.0,0
CA,2015-10-10,804,1374.7052238805975,197.20107054025397,1322.0,1073.9,1365.2,86,0,0.0,0.0,0.0,0.0,0.0,0
CA,2015-10-11,774,1340.4909560723518,167.86837084619472,1352.5,1110.6,1369.7,84,0,0.0,0.0,0.0,0.0,0.0,0
CA,2015-10-12,525,1346.35619047619,186.41546545759783,1368.0,1100.8,1431.3999999999999,75,0,0.0,0.0,0.0,0.0,0.0,0
CA,2015-10-13,796,1331.7386934673361,199.4835263772885,1086.0,1072.4,1389.8,83,0,0.0,0.0,0.0,0.0,0.0,0
CA,2015-10-14,784,1383.9579081632653,128.3887342870734,1103.0,1086.0,1396.0,84,0,0.0,0.0,0.0,0.0,0.0,0
CA,2015-10-15,775,1356.4503225806463,219.40939516570526,1422.0,1093.0,1631.7,86,1,34.23,0.0,0.0,0.0,0.0,1
CA,2015-10-16,642,1350.8613707165114,275.5236932743817,1126.5,1099.7,1762.3,75,0,0.0,0.0,0.0,0.0,0.0,0
CA,2015-10-17,733,1322.4979536152803,217.46452865810048,1121.0,1093.4,1453.6,87,0,0.0,0.0,0.0,0.0,0.0,0
CA,2015-10-18,825,1368.1939393939394,155.25615035232008,1131.5,1105.7,1451.0,82,0,0.0,0.0,0.0,0.0,0.0,0
CA,2015-10-19,859,1377.3620488940624,255.8428819547528,1123.0,1106.6,1542.2,79,0,0.0,0.0,0.0,0.0,0.0,0
CA,2015-10-20,573,1380.3856893542757,10.412167072252341,1130.0,1120.0,1145.0,72,0,0.0,0.0,0.0,0.0,0.0,0
CA,2015-10-21,941,1424.599362380446,223.1370682534246,1163.0,1129.4,1692.8000000000002,91,1,71.56,0.0,0.0,0.0,0.0,1
CA,2015-10-22,697,1303.8665710186508,215.61277161604,1306.0,1152.2,1537.4,79,0,0.0,0.0,0.0,0.0,0.0,0
CA,2015-10-23,663,1339.2036199095019,4.9216076867444665,1173.0,1167.4,1177.0,77,0,0.0,0.0,0.0,0.0,0.0,0
CA,2015-10-24,908,1386.3524229074892,150.65232307860236,1449.0,1176.0,1473.6,85,0,0.0,0.0,0.0,0.0,0.0,0
CA,2015-10-25,774,1383.4056847545223,230.86702281231553,1427.0,1179.4,1750.6,84,0,0.0,0.0,0.0,0.0,0.0,0
CA,2015-10-26,898,1374.6380846325171,169.2801326606565,1211.0,1202.2,1440.6,80,0,0.0,0.0,0.0,0.0,0.0,0
CA,2015-10-27,634,1354.7334384858045,86.7875475075017,1241.0,1225.0,1416.5,80,0,0.0,0.0,0.0,0.0,0.0,0
CA,2015-10-28,828,1381.7958937198075,84.03533611679659,1210.0,1194.0,1403.4,82,0,0.0,0.0,0.0,0.0,0.0,0
CA,2015-10-29,819,1405.5457875457869,92.58186531775155,1217.0,1194.2,1409.0,80,0,0.0,0.0,0.0,0.0,0.0,0
CA,2015-10-30,791,1367.9431099873573,236.27533607800774,1195.0,1182.7,1776.1,84,0,0.0,0.0,0.0,0.0,0.0,0
CA,2015-10-31,705,1373.787234042553,196.7196217971151,1358.0,1184.7,1793.2,78,0,0.0,0.0,0.0,0.0,0.0,0
CA,2015-11-01,865,1352.3236994219656,160.92531365036444,1383.0,1202.0,1407.0,85,0,0.0,0.0,0.0,0.0,0.0,0
CA,2015-11-02,876,1370.2454337899549,195.84955677480838,1237.0,1220.8,1643.3999999999999,89,0,0.0,0.0,0.0,0.0,0.0,0
CA,2015-11-03,692,1376.4407514450868,95.9588841015595,1203.0,1178.5,1412.3,80,0,0.0,0.0,0.0,0.0,0.0,0
CA,2015-11-04,1038,1442.3622350674373,115.07127323478886,1191.0,1168.0,1433.2,86,1,67.83,0.0,0.0,0.0,0.0,1
CA,2015-11-05,906,1426.8024282560698,158.01394566554367,1168.5,1145.4,1448.7,87,0,0.0,0.0,0.0,0.0,0.0,0
CA,2015-11-06,923,1397.6262188515702,182.38732357943394,1173.0,1153.8,1460.2,91,0,0.0,0.0,0.0,0.0,0.0,0
CA,2015-11-07,903,1415.6888150609084,188.0506079274101,1152.0,1096.0,1440.0,76,0,0.0,0.0,0.0,0.0,0.0,0
CA,2015-11-08,655,1440.6748091603056,291.5099101245634,1378.0,1102.4,1834.6,82,0,0.0,0.0,0.0,0.0,0.0,0
CA,2015-11-09,857,1398.9381563593927,154.54219339978428,1123.5,1109.1,1357.2,86,0,0.0,0.0,0.0,0.0,0.0,0
CA,2015-11-10,747,1414.1485943775106,84.54097509839968,1130.0,1113.0,1344.4,86,0,0.0,0.0,0.0,0.0,0.0,0
CA,2015-11-11,1111,1524.0630063006306,119.4649746381309,1241.5,1103.9,1360.7,90,0,0.0,0.0,0.0,0.0,0.0,0
CA,2015-11-12,869,1434.7203682393556,177.69421621910197,1343.0,1125.2,1378.0,89,2,84.25999999999999,0.0,0.0,0.0,0.0,2
CA,2015-11-13,721,1371.3994452149789,107.14364190188796,1136.0,1127.2,1363.7,89,0,0.0,0.0,0.0,0.0,0.0,0
CA,2015-11-14,791,1367.958280657397,200.61182220865385,1374.0,1128.0,1418.6,89,0,0.0,0.0,0.0,0.0,0.0,0
CA,2015-11-15,845,1449.3810650887576,217.09660458156597,1412.5,1112.5,1443.5,71,0,0.0,0.0,0.0,0.0,0.0,0
CA,2015-11-16,964,1424.2313278008303,290.09260784071927,1395.0,1122.0,1908.0,72,0,0.0,0.0,0.0,0.0,0.0,0
CA,2015-11-17,691,1378.5976845151956,218.50304711198473,1142.0,1115.0,1403.7,83,0,0.0,0.0,0.0,0.0,0.0,0
CA,2015-11-18,1029,1415.8590864917394,251.39576686416623,1131.5,1115.0,1726.2999999999997,81,2,53.3,0.0,0.0,0.0,0.0,2
CA,2015-11-19,816,1333.705882352941,268.2866210238747,1128.0,1099.8,1826.6,79,0,0.0,0.0,0.0,0.0,0.0,0
CA,2015-11-20,770,1329.7298701298698,177.294841664949,1400.0,1142.0,1445.6,82,0,0.0,0.0,0.0,0.0,0.0,0
CA,2015-11-21,1007,1420.372393247269,171.65859599870586,1405.0,1164.8,1448.2,77,0,0.0,0.0,0.0,0.0,0.0,0
CA,2015-11-22,711,1350.2559774964834,218.55086271126166,1402.0,1389.4,1875.8,72,1,63.78,0.0,0.0,0.0,0.0,1
CA,2015-11-23,741,1324.442645074224,194.87351915052946,1171.0,1144.4,1389.6,83,0,0.0,0.0,0.0,0.0,0.0,0
CA,2015-11-24,839,1342.8843861740168,272.6137305671708,1379.5,1107.5,1859.0,81,0,0.0,0.0,0.0,0.0,0.0,0
CA,2015-11-25,642,1333.771028037384,216.09911381035178,1099.0,1074.3,1385.4,73,0,0.0,0.0,0.0,0.0,0.0,0
CA,2015-11-26,657,1306.5205479452054,184.85199443361222,1377.0,1112.0,1405.4,83,0,0.0,0.0,0.0,0.0,0.0,0
CA,2015-11-27,765,1368.9137254901957,311.4081105845968,1136.0,1119.0,1888.0,76,0,0.0,0.0,0.0,0.0,0.0,0
CA,2015-11-28,708,1396.7867231638413,173.7952211336344,1449.5,1398.9,1829.6,77,0,0.0,0.0,0.0,0.0,0.0,0
CA,2015-11-29,774,1374.4444444444443,100.13518409567658,1426.0,1194.0,1461.0,69,0,0.0,0.0,0.0,0.0,0.0,0
CA,2015-11-30,694,1378.3530259365994,245.43876527557745,1156.0,1143.3,1738.0999999999997,78,0,0.0,0.0,0.0,0.0,0.0,0
CA,2015-12-01,410,1312.1243902439019,194.42148078686682,1343.0,1104.5,1362.0,66,0,0.0,0.0,0.0,0.0,0.0,0
CA,2015-12-02,6,1669.6666666666667,2.943920288775949,1926.0,1924.4,1930.0,3,0,0.0,0.0,0.0,0.0,0.0,0
CA,2015-12-03,21,1330.3333333333333,6.832825184358224,1342.0,1332.2,1348.3,3,0,0.0,0.0,0.0,0.0,0.0,0
CA,2015-12-04,21,1406.3809523809523,0.0,1927.0,1927.0,1927.0,9,0,0.0,0.0,0.0,0.0,0.0,0
CA,2015-12-05,34,1349.0294117647059,1.5,1930.5,1929.3,1931.7,6,0,0.0,0.0,0.0,0.0,0.0,0
CA,2015-12-06,17,1738.8235294117646,2.249828525701843,1931.0,1928.0,1934.0,4,0,0.0,0.0,0.0,0.0,0.0,0
CA,2015-12-07,9,1622.888888888889,156.48801871069875,1936.5,1684.1,1941.1,3,0,0.0,0.0,0.0,0.0,0.0,0
CA,2015-12-08,14,1329.2142857142856,0.0,1623.0,1623.0,1623.0,5,0,0.0,0.0,0.0,0.0,0.0,0
CA,2015-12-09,9,1700.4444444444443,0.0,1946.0,1946.0,1946.0,4,0,0.0,0.0,0.0,0.0,0.0,0
CA,2015-12-10,12,1612.25,3.299831645537222,1953.0,1947.4,1953.0,6,0,0.0,0.0,0.0,0.0,0.0,0
CA,2015-12-11,12,1438.5833333333333,2.449489742783178,1961.0,1958.6,1963.4,5,0,0.0,0.0,0.0,0.0,0.0,0
CA,2015-12-12,23,1553.5217391304348,9.439776215567825,1947.0,1930.1,1954.2,6,0,0.0,0.0,0.0,0.0,0.0,0
CA,2015-12-13,59,1543.949152542373,4.578064840732426,1926.0,1920.0,1931.0,6,0,0.0,0.0,0.0,0.0,0.0,0
CA,2015-12-14,12,1569.0833333333333,1.699673171197595,1938.0,1937.2,1940.4,5,0,0.0,0.0,0.0,0.0,0.0,0
CA,2015-12-15,11,1800.1818181818182,8.212033852828421,1957.0,1949.1,1968.2,4,0,0.0,0.0,0.0,0.0,0.0,0
CA,2015-12-16,34,1413.1176470588234,144.0633541189431,1971.0,1739.3,1974.5,6,0,0.0,0.0,0.0,0.0,0.0,0
CA,2015-12-17,3,1747.3333333333333,2.5,1980.5,1978.5,1982.5,2,0,0.0,0.0,0.0,0.0,0.0,0
CA,2015-12-18,5,1552.8,5.0,1755.0,1751.0,1759.0,4,0,0.0,0.0,0.0,0.0,0.0,0
CA,2015-12-19,6,1519.5,0.0,1983.0,1983.0,1983.0,5,0,0.0,0.0,0.0,0.0,0.0,0
CA,2015-12-20,7,1675.142857142857,181.72420724823647,1972.0,1678.4,1973.7,3,0,0.0,0.0,0.0,0.0,0.0,0
CA,2015-12-21,9,1757.888888888889,2.85657137141714,1981.0,1976.8,1983.2,4,0,0.0,0.0,0.0,0.0,0.0,0
CA,2015-12-22,10,1723.9,5.715476066494082,1984.0,1980.5,1993.5,3,0,0.0,0.0,0.0,0.0,0.0,0
CA,2015-12-23,41,1354.878048780488,11.524596588627832,1968.0,1947.6,1975.6,7,0,0.0,0.0,0.0,0.0,0.0,0
CA,2015-12-24,19,1487.6315789473686,3.0,1956.0,1953.6,1958.4,4,0,0.0,0.0,0.0,0.0,0.0,0
CA,2015-12-25,19,1449.3684210526317,3.5,1970.5,1967.7,1973.3,8,0,0.0,0.0,0.0,0.0,0.0,0
CA,2015-12-26,14,1677.0,170.13225553962423,1963.5,1612.9,1971.6,4,0,0.0,0.0,0.0,0.0,0.0,0
CA,2015-12-27,15,1363.1333333333334,0.0,1970.0,1970.0,1970.0,5,0,0.0,0.0,0.0,0.0,0.0,0
CA,2015-12-28,69,1358.2173913043482,142.23164204915867,1977.0,1763.4,1981.8,8,0,0.0,0.0,0.0,0.0,0.0,0
CA,2015-12-29,27,1486.4074074074074,2.870540018881465,1995.0,1990.4,1995.6,6,0,0.0,0.0,0.0,0.0,0.0,0
CA,2015-12-30,9,1805.0,157.64120654194448,1980.0,1625.5,1995.6,2,0,0.0,0.0,0.0,0.0,0.0,0
CA,2015-12-31,4,1789.75,1.247219128924647,1958.0,1957.2,1959.6,2,0,0.0,0.0,0.0,0.0,0.0,0
CA,2016-01-01,620,1328.9080645161282,348.3092204053613,1426.0,799.0,1944.0,78,0,0.0,0.0,0.0,0.0,0.0,0
CA,2016-01-02,833,1410.571428571429,342.36979144501765,1388.0,1135.8,1949.8,85,0,0.0,0.0,0.0,0.0,0.0,0
CA,2016-01-03,841,1384.0487514863266,176.49113281914342,1333.0,1159.2,1357.4,79,0,0.0,0.0,0.0,0.0,0.0,0
CA,2016-01-04,779,1427.1360718870353,240.9799573486351,1164.0,1151.2,1353.2,77,0,0.0,0.0,0.0,0.0,0.0,0
CA,2016-01-05,869,1387.7261219792863,158.20416827157806,1170.0,1141.0,1336.2,89,0,0.0,0.0,0.0,0.0,0.0,0
CA,2016-01-06,717,1362.2245467224548,237.28632793920673,1147.0,1106.4,1407.3999999999999,77,0,0.0,0.0,0.0,0.0,0.0,0
CA,2016-01-07,749,1364.0173564752997,310.0479689589267,1186.0,1168.8,1955.1,75,0,0.0,0.0,0.0,0.0,0.0,0
CA,2016-01-08,816,1393.3357843137248,147.14616475346168,1256.0,1123.3,1359.9,82,0,0.0,0.0,0.0,0.0,0.0,0
CA,2016-01-09,773,1423.8150064683048,167.248874287432,1352.5,1123.0,1368.7,93,0,0.0,0.0,0.0,0.0,0.0,0
CA,2016-01-10,815,1359.7926380368092,230.029889685495,1322.0,1155.0,1384.0,77,0,0.0,0.0,0.0,0.0,0.0,0
CA,2016-01-11,901,1402.5582685904549,377.24865202482226,1338.5,1177.9,1982.3,91,0,0.0,0.0,0.0,0.0,0.0,0
CA,2016-01-12,858,1430.1351981351968,365.2195351066662,1204.0,795.2,1974.5,95,0,0.0,0.0,0.0,0.0,0.0,0
CA,2016-01-13,840,1400.926190476191,310.41262334946026,1317.0,858.2,1850.2,87,0,0.0,0.0,0.0,0.0,0.0,0
CA,2016-01-14,830,1421.7277108433734,320.2411720945611,1319.0,1226.4,1958.2,88,0,0.0,0.0,0.0,0.0,0.0,0
CA,2016-01-15,942,1398.3811040339708,237.44834292021403,1209.5,1153.4,1319.2,94,0,0.0,0.0,0.0,0.0,0.0,0
CA,2016-01-16,876,1383.8618721461182,204.8237281795989,1216.0,1194.0,1352.0,86,0,0.0,0.0,0.0,0.0,0.0,0
CA,2016-01-17,784,1387.5969387755101,270.7071229360572,1257.0,1183.0,1913.0,85,0,0.0,0.0,0.0,0.0,0.0,0
CA,2016-01-18,857,1443.6289381563597,272.39280460393957,1211.0,1187.0,1666.6000000000008,85,0,0.0,0.0,0.0,0.0,0.0,0
CA,2016-01-19,695,1413.5151079136685,295.49857101123,1197.0,1187.6,1915.0,94,0,0.0,0.0,0.0,0.0,0.0,0
CA,2016-01-20,814,1380.0036855036856,190.3651395703435,1202.0,1187.4,1618.1000000000008,88,0,0.0,0.0,0.0,0.0,0.0,0
CA,2016-01-21,954,1356.861635220126,176.30803165194592,1125.0,1112.6,1165.0,99,0,0.0,0.0,0.0,0.0,0.0,0
CA,2016-01-22,959,1386.8123044838378,69.54070750287202,1186.0,1146.0,1305.8,104,0,0.0,0.0,0.0,0.0,0.0,0
CA,2016-01-23,881,1427.5334846765047,344.84380522201644,1604.5,1206.5,1915.7,92,2,67.64,0.0,0.0,0.0,0.0,2
CA,2016-01-24,956,1450.037656903766,174.8148909382436,1245.0,1176.0,1306.5,99,0,0.0,0.0,0.0,0.0,0.0,0
CA,2016-01-25,823,1370.6719319562578,161.12942003246954,1189.5,1173.3,1201.1,88,0,0.0,0.0,0.0,0.0,0.0,0
CA,2016-01-26,969,1322.5325077399377,145.93705678635013,1177.0,1154.6,1275.4,90,1,70.78,0.0,0.0,0.0,0.0,1
CA,2016-01-27,872,1357.3050458715602,231.5758057445302,1158.5,1138.6,1607.5,98,0,0.0,0.0,0.0,0.0,0.0,0
CA,2016-01-28,881,1354.0737797956858,259.90949266042594,1128.5,1110.0,1924.2,89,0,0.0,0.0,0.0,0.0,0.0,0
CA,2016-01-29,913,1373.8718510405254,307.8251080937235,1134.0,1115.6,1840.2,97,0,0.0,0.0,0.0,0.0,0.0,0
CA,2016-01-30,848,1321.9257075471692,264.83173932912086,1128.0,1116.0,1835.0,86,0,0.0,0.0,0.0,0.0,0.0,0
CA,2016-01-31,732,1342.1857923497273,269.392817276185,1290.0,1260.7,1931.3,83,0,0.0,0.0,0.0,0.0,0.0,0
CA,2016-02-01,948,1324.1508438818566,310.8622814441973,1140.0,1115.0,1941.4,95,0,0.0,0.0,0.0,0.0,0.0,0
CA,2016-02-02,851,1370.1551116333733,180.42472847320042,1118.5,1109.1,1316.4000000000003,96,0,0.0,0.0,0.0,0.0,0.0,0
CA,2016-02-03,791,1405.5031605562574,266.0373828116162,1132.0,1106.5,1821.5,84,0,0.0,0.0,0.0,0.0,0.0,0
CA,2016-02-04,828,1405.8840579710154,288.0447899553265,1338.0,1159.7,1950.0,93,0,0.0,0.0,0.0,0.0,0.0,0
CA,2016-02-05,934,1376.507494646681,239.66792767401222,1382.5,1155.4,1651.3000000000002,102,0,0.0,0.0,0.0,0.0,0.0,0
CA,2016-02-06,1460,1407.187671232877,226.56624981571187,1436.5,1128.4,1697.0000000000002,108,0,0.0,0.0,0.0,0.0,0.0,0
CA,2016-02-07,931,1373.3340494092377,220.76062798075068,1455.0,1139.8,1564.1999999999998,92,1,99.03,0.0,0.0,0.0,0.0,1
CA,2016-02-08,821,1392.4250913520102,189.77889108117373,1191.5,1175.8,1440.8,100,0,0.0,0.0,0.0,0.0,0.0,0
CA,2016-02-09,846,1372.951536643026,168.9508993761205,1452.0,1185.0,1468.8,103,0,0.0,0.0,0.0,0.0,0.0,0
CA,2016-02-10,880,1358.8863636363633,255.2314295783889,1227.5,1199.1,1904.700000000001,102,1,70.94,0.0,0.0,0.0,0.0,1
CA,2016-02-11,825,1370.4836363636364,105.7583395713496,1239.5,1202.0,1459.6,94,2,80.87,0.0,0.0,0.0,0.0,2
CA,2016-02-12,824,1417.4526699029127,176.97531579290938,1201.0,1187.4,1453.8,101,1,42.25,0.0,0.0,0.0,0.0,1
CA,2016-02-13,1014,1449.0552268244567,235.0432489753511,1468.0,1211.0,1531.4000000000005,96,0,0.0,0.0,0.0,0.0,0.0,0
CA,2016-02-14,973,1357.9722507708116,123.63594803061673,1431.5,1373.8,1446.6,94,0,0.0,0.0,0.0,0.0,0.0,0
CA,2016-02-15,1014,1397.9783037475345,194.93225207570336,1401.0,1205.6,1437.3,98,0,0.0,0.0,0.0,0.0,0.0,0
CA,2016-02-16,857,1420.9661610268379,262.83773155731257,1209.0,1107.8,1477.9999999999998,109,1,67.99,0.0,0.0,0.0,0.0,1
CA,2016-02-17,802,1393.839152119701,246.1304889687582,1227.0,782.4,1401.2,102,0,0.0,0.0,0.0,0.0,0.0,0
CA,2016-02-18,962,1438.2723492723492,141.27704863403304,1171.0,1140.0,1389.2,92,0,0.0,0.0,0.0,0.0,0.0,0
CA,2016-02-19,937,1429.9733191035227,320.7798368097716,1401.0,1102.2,1937.8,96,0,0.0,0.0,0.0,0.0,0.0,0
CA,2016-02-20,1015,1393.5655172413783,131.6277579641417,1441.0,1116.4,1451.6,112,0,0.0,0.0,0.0,0.0,0.0,0
CA,2016-02-21,1056,1379.1202651515157,158.8347706738043,1463.5,1115.1,1487.3,108,0,0.0,0.0,0.0,0.0,0.0,0
CA,2016-02-22,869,1376.334867663982,229.06335892062702,1139.0,1112.0,1499.0,103,0,0.0,0.0,0.0,0.0,0.0,0
CA,2016-02-23,919,1332.767138193689,196.6584287540201,1142.0,1127.0,1488.6,97,1,21.11,0.0,0.0,0.0,0.0,1
CA,2016-02-24,991,1400.844601412714,199.3027254928765,1118.5,1098.0,1491.5,99,0,0.0,0.0,0.0,0.0,0.0,0
CA,2016-02-25,1074,1338.2104283054007,252.2300691540704,1113.5,1089.3,1504.2,109,0,0.0,0.0,0.0,0.0,0.0,0
CA,2016-02-26,945,1401.1640211640217,241.68669202211302,1072.5,1054.0,1302.0,102,0,0.0,0.0,0.0,0.0,0.0,0
CA,2016-02-27,872,1368.1571100917433,266.4745868152934,1097.5,965.6,1525.0,103,0,0.0,0.0,0.0,0.0,0.0,0
CA,2016-02-28,976,1428.0778688524588,339.3844330378601,1527.5,962.2,1935.6,102,0,0.0,0.0,0.0,0.0,0.0,0
CA,2016-02-29,1104,1423.9356884057975,278.44711057655053,996.5,963.4,1540.0,110,0,0.0,0.0,0.0,0.0,0.0,0
CA,2016-03-01,1062,1420.2909604519778,244.9258056709294,1055.0,1029.2,1522.6,105,0,0.0,0.0,0.0,0.0,0.0,0
CA,2016-03-02,1016,1409.4045275590545,327.20013083712956,1297.5,1085.1,1953.7,102,0,0.0,0.0,0.0,0.0,0.0,0
CA,2016-03-03,879,1388.779294653015,208.1253116002946,1103.0,1089.6,1504.4,100,0,0.0,0.0,0.0,0.0,0.0,0
CA,2016-03-04,870,1413.152873563219,260.89197423880677,1103.5,1088.0,1524.1,92,1,77.78,0.0,0.0,0.0,0.0,1
CA,2016-03-05,1052,1402.1140684410648,251.8690752640748,1515.0,1092.0,1538.0,98,0,0.0,0.0,0.0,0.0,0.0,0
CA,2016-03-06,926,1425.1533477321811,144.31790462853834,1446.5,1134.3,1489.3,93,0,0.0,0.0,0.0,0.0,0.0,0
CA,2016-03-07,845,1413.0082840236685,216.0075112072707,1130.0,1120.0,1355.0000000000002,103,0,0.0,0.0,0.0,0.0,0.0,0
CA,2016-03-08,1069,1417.064546304958,243.14702685138195,1109.5,1094.9,1216.0000000000011,102,0,0.0,0.0,0.0,0.0,0.0,0
CA,2016-03-09,830,1392.6024096385536,219.99453014489308,1125.0,1095.0,1468.8,95,0,0.0,0.0,0.0,0.0,0.0,0
CA,2016-03-10,999,1420.581581581583,191.6895442572469,1156.5,1133.0,1464.3,97,0,0.0,0.0,0.0,0.0,0.0,0
CA,2016-03-11,893,1357.9361702127658,243.58207414155126,1145.0,1134.0,1767.4000000000003,89,0,0.0,0.0,0.0,0.0,0.0,0
CA,2016-03-12,1239,1387.702179176756,186.8218754888807,1466.0,1132.8,1489.4,94,0,0.0,0.0,0.0,0.0,0.0,0
CA,2016-03-13,1238,1456.833602584815,141.5315473274029,1160.5,1140.9,1436.4,101,0,0.0,0.0,0.0,0.0,0.0,0
CA,2016-03-14,919,1383.758433079435,281.60411102514183,1125.0,1103.1,1728.3000000000009,96,1,50.98,0.0,0.0,0.0,0.0,1
CA,2016-03-15,862,1408.2900232018562,196.15616227893528,1146.0,1123.0,1416.0,96,0,0.0,0.0,0.0,0.0,0.0,0
CA,2016-03-16,891,1332.5375982042654,190.4444259228381,1422.0,1141.0,1460.0,93,0,0.0,0.0,0.0,0.0,0.0,0
CA,2016-03-17,912,1362.550438596491,209.4773819430307,1168.0,1131.2,1497.2,96,0,0.0,0.0,0.0,0.0,0.0,0
CA,2016-03-18,965,1396.0683937823835,212.99440551809553,1116.0,1086.9,1498.0,93,0,0.0,0.0,0.0,0.0,0.0,0
CA,2016-03-19,1182,1392.863790186126,231.86762396100562,1161.5,1115.3,1478.9,96,0,0.0,0.0,0.0,0.0,0.0,0
CA,2016-03-20,902,1351.7527716186255,111.5472545605673,1413.5,1139.0,1433.0,94,0,0.0,0.0,0.0,0.0,0.0,0
CA,2016-03-21,903,1336.6722037652276,297.47854593922847,1408.0,1134.0,1885.4,94,0,0.0,0.0,0.0,0.0,0.0,0
CA,2016-03-22,1110,1357.8765765765763,152.14460558309344,1407.0,1148.0,1447.8,106,1,32.15,0.0,0.0,0.0,0.0,1
CA,2016-03-23,898,1407.5902004454344,235.00514543589105,1452.0,1161.4,1698.2,100,0,0.0,0.0,0.0,0.0,0.0,0
CA,2016-03-24,1250,1395.5968000000005,211.5857240617496,1181.0,1153.4,1485.0,103,0,0.0,0.0,0.0,0.0,0.0,0
CA,2016-03-25,1236,1419.5776699029127,147.26290717809653,1168.0,1124.4,1455.4,108,1,77.48,0.0,0.0,0.0,0.0,1
CA,2016-03-26,1245,1394.4899598393574,122.74421720448935,1118.5,1101.1,1437.9,100,1,99.03,0.0,0.0,0.0,0.0,1
CA,2016-03-27,995,1348.6723618090448,199.39575072309646,1453.0,1124.2,1479.6,108,0,0.0,0.0,0.0,0.0,0.0,0
CA,2016-03-28,1260,1376.0087301587303,202.00501913344144,1180.0,1149.2,1456.0,108,0,0.0,0.0,0.0,0.0,0.0,0
CA,2016-03-29,1273,1374.5742340926943,126.2688940317448,1111.0,1091.0,1446.6,107,2,66.86500000000001,0.0,0.0,0.0,0.0,2
CA,2016-03-30,1027,1378.5774099318403,197.170284509989,1120.5,1107.5,1141.0,108,0,0.0,0.0,0.0,0.0,0.0,0
CA,2016-03-31,1194,1366.7303182579558,214.99734961042233,1107.5,1085.5,1429.5,113,0,0.0,0.0,0.0,0.0,0.0,0
CA,2016-04-01,1024,1358.6533203124998,156.4440590274908,1083.0,1060.0,1442.0,103,0,0.0,0.0,0.0,0.0,0.0,0
CA,2016-04-02,1122,1317.7352941176468,249.32100849663226,1435.0,1036.0,1457.5,106,0,0.0,0.0,0.0,0.0,0.0,0
CA,2016-04-03,1222,1372.2495908346973,209.0476462436255,1040.5,999.0,1445.0,111,1,98.65,0.0,0.0,0.0,0.0,1
CA,2016-04-04,1202,1347.0840266222965,223.6384515793145,1438.5,992.3,1457.4,102,0,0.0,0.0,0.0,0.0,0.0,0
CA,2016-04-05,1132,1370.4143109540635,242.38449805620652,1027.0,1011.0,1458.0,118,0,0.0,0.0,0.0,0.0,0.0,0
CA,2016-04-06,1114,1339.456912028726,343.1665249420905,1087.0,1029.0,1908.4,119,1,86.66,0.0,0.0,0.0,0.0,1
CA,2016-04-07,1187,1335.6849199663018,249.40179951235316,1490.0,1093.4,1507.4,117,0,0.0,0.0,0.0,0.0,0.0,0
CA,2016-04-08,1169,1376.218135158255,240.4855545330284,1521.0,1111.8,1863.6,113,1,97.62,0.0,0.0,0.0,0.0,1
CA,2016-04-09,951,1335.5751840168248,260.710052681131,1505.0,1117.2,1870.4,104,1,58.34,0.0,0.0,0.0,0.0,1
CA,2016-04-10,1034,1367.4255319148936,240.0525405452361,1458.5,1124.9,1672.4,105,0,0.0,0.0,0.0,0.0,0.0,0
CA,2016-04-11,1169,1349.1283147989734,127.2340974564427,1134.0,1119.2,1443.2,116,1,11.44,0.0,0.0,0.0,0.0,1
CA,2016-04-12,1134,1351.9991181657851,199.72870873618945,1157.0,1137.6,1429.0,105,1,34.67,0.0,0.0,0.0,0.0,1
CA,2016-04-13,1278,1357.0414710485131,107.55463727799001,1435.0,1274.6,1441.6,113,1,70.53,0.0,0.0,0.0,0.0,1
CA,2016-04-14,1109,1330.046889089269,8.328265125462805,1450.0,1436.2,1454.2,113,1,97.07,0.0,0.0,0.0,0.0,1
CA,2016-04-15,1058,1331.8799621928167,174.69456590868728,1173.5,1152.0,1432.0,111,1,99.6,0.0,0.0,0.0,0.0,1
CA,2016-04-16,1193,1353.078792958927,132.3521889000721,1414.0,1394.0,1430.8,104,0,0.0,0.0,0.0,0.0,0.0,0
CA,2016-04-17,999,1275.7437437437443,129.14990506615524,1402.0,1152.8,1428.4,105,0,0.0,0.0,0.0,0.0,0.0,0
CA,2016-04-18,917,1306.3456924754635,199.85219538448908,1424.0,1125.7,1443.7,100,1,68.7,0.0,0.0,0.0,0.0,1
CA,2016-04-19,1021,1282.466209598433,267.16001024550843,1142.0,1128.0,1858.700000000001,107,0,0.0,0.0,0.0,0.0,0.0,0
CA,2016-04-20,997,1300.1334002006022,157.94658907364857,1342.0,1137.4,1395.9,106,1,98.72,0.0,0.0,0.0,0.0,1
CA,2016-04-21,1054,1282.128083491461,150.22039517257133,1337.0,1138.8,1359.8,101,0,0.0,0.0,0.0,0.0,0.0,0
CA,2016-04-22,947,1261.458289334741,254.18100710910718,1165.5,1148.5,1642.5,108,0,0.0,0.0,0.0,0.0,0.0,0
CA,2016-04-23,1080,1302.8611111111127,150.9214944929979,1105.5,1075.6,1344.8,99,1,98.45,0.0,0.0,0.0,0.0,1
CA,2016-04-24,1088,1351.875919117646,124.0833533211791,1101.5,1080.0,1352.0,103,0,0.0,0.0,0.0,0.0,0.0,0
CA,2016-04-25,966,1271.3695652173913,173.59687941668156,1114.0,1098.6,1337.0,99,1,97.74,0.0,0.0,0.0,0.0,1
CA,2016-04-26,1165,1299.617167381975,163.83383159696646,1112.0,1095.2,1321.2,103,1,81.91,0.0,0.0,0.0,0.0,1
CA,2016-04-27,1125,1353.143111111111,89.3589091721553,1113.0,1096.1,1322.9,98,0,0.0,0.0,0.0,0.0,0.0,0
CA,2016-04-28,1041,1312.0999039385204,155.4588426218566,1076.0,1039.0,1345.0,110,0,0.0,0.0,0.0,0.0,0.0,0
CA,2016-04-29,1017,1343.7551622418882,208.72800216762698,1069.5,1059.8,1373.8,109,0,0.0,0.0,0.0,0.0,0.0,0
CA,2016-04-30,936,1335.9337606837598,100.36461119228869,1431.0,1398.6,1448.0,101,0,0.0,0.0,0.0,0.0,0.0,0
CA,2016-05-01,833,1289.9303721488595,217.22707403005055,1056.0,1040.0,1425.0,97,0,0.0,0.0,0.0,0.0,0.0,0
CA,2016-05-02,987,1338.8784194528876,212.98402652676927,1074.0,1062.4,1087.8,104,0,0.0,0.0,0.0,0.0,0.0,0
CA,2016-05-03,991,1285.1321897073663,168.7047846026487,1092.0,1071.0,1117.0,106,0,0.0,0.0,0.0,0.0,0.0,0
CA,2016-05-04,985,1261.2771573604061,165.2883633398176,1096.0,1067.6,1115.5,100,0,0.0,0.0,0.0,0.0,0.0,0
CA,2016-05-05,1136,1318.211267605634,258.7712548917994,1112.0,1093.0,1674.0,113,0,0.0,0.0,0.0,0.0,0.0,0
CA,2016-05-06,919,1262.0315560391725,308.0172529245295,1148.0,1125.0,1919.0,106,0,0.0,0.0,0.0,0.0,0.0,0
CA,2016-05-07,978,1261.4744376278118,237.38061326813434,1395.0,1387.8,1794.2,98,0,0.0,0.0,0.0,0.0,0.0,0
CA,2016-05-08,897,1324.9409141583053,253.61267270209908,1381.0,1159.2,1765.4,97,0,0.0,0.0,0.0,0.0,0.0,0
CA,2016-05-09,919,1260.140369967356,4.0,1378.0,1374.8,1381.2,95,0,0.0,0.0,0.0,0.0,0.0,0
CA,2016-05-10,1021,1256.2713026444662,298.8377486195477,1288.5,1175.2,1910.8,103,0,0.0,0.0,0.0,0.0,0.0,0
CA,2016-05-11,870,1218.7068965517235,239.50732765408242,1879.0,1393.6,1885.6,105,0,0.0,0.0,0.0,0.0,0.0,0
CA,2016-05-12,1046,1273.0583173996176,254.8463066242083,1384.0,1205.6,1696.6000000000001,109,0,0.0,0.0,0.0,0.0,0.0,0
CA,2016-05-13,1053,1340.425451092117,291.10173861078573,1391.0,1254.2,1802.2,107,0,0.0,0.0,0.0,0.0,0.0,0
CA,2016-05-14,903,1329.0143964562556,70.54918497048708,1224.0,1213.7,1335.8,92,0,0.0,0.0,0.0,0.0,0.0,0
CA,2016-05-15,840,1224.6273809523814,182.74556308814277,1220.0,1196.0,1381.2,90,0,0.0,0.0,0.0,0.0,0.0,0
CA,2016-05-16,918,1251.4662309368207,196.38228025970164,1215.0,1205.0,1530.2,91,0,0.0,0.0,0.0,0.0,0.0,0
CA,2016-05-17,1001,1325.6123876123877,67.82153050470035,1241.0,1228.4,1371.8,97,1,72.23,0.0,0.0,0.0,0.0,1
CA,2016-05-18,1068,1271.9868913857683,3.0,1904.0,1901.6,1906.4,96,0,0.0,0.0,0.0,0.0,0.0,0
CA,2016-05-19,933,1310.8896034297968,65.03813637915427,1708.0,1696.2,1786.2,97,0,0.0,0.0,0.0,0.0,0.0,0
CA,2016-05-20,1109,1376.7862939585211,162.33818866797793,1192.5,1146.5,1377.4,96,0,0.0,0.0,0.0,0.0,0.0,0
CA,2016-05-21,798,1350.0513784461148,10.074720839804943,1892.5,1882.4,1904.0,89,2,86.45,0.0,0.0,0.0,0.0,2
CA,2016-05-22,783,1300.1379310344826,252.35799086923237,1371.0,1363.5,1902.5,93,0,0.0,0.0,0.0,0.0,0.0,0
CA,2016-05-23,857,1319.0396732788797,0.0,1912.0,1912.0,1912.0,100,1,98.46,0.0,0.0,0.0,0.0,1
CA,2016-05-24,998,1325.108216432866,13.901438774457844,1871.0,1865.9,1888.3,101,0,0.0,0.0,0.0,0.0,0.0,0
CA,2016-05-25,998,1257.2665330661318,29.295733477760887,1686.0,1645.4,1703.0,105,1,89.62,0.0,0.0,0.0,0.0,1
CA,2016-05-26,860,1246.1104651162798,0.0,1913.0,1913.0,1913.0,92,0,0.0,0.0,0.0,0.0,0.0,0
CA,2016-05-27,909,1259.4070407040701,259.140285366826,1878.0,1364.6,1918.3,99,0,0.0,0.0,0.0,0.0,0.0,0
CA,2016-05-28,930,1219.5204301075269,228.39725820382952,1346.0,1310.0,1867.0,95,0,0.0,0.0,0.0,0.0,0.0,0
CA,2016-05-29,817,1260.1529987760093,101.89352251519993,1684.0,1653.0,1894.8,95,0,0.0,0.0,0.0,0.0,0.0,0
CA,2016-05-30,874,1252.304347826087,205.93579344156802,1311.0,1302.0,1552.2000000000003,93,0,0.0,0.0,0.0,0.0,0.0,0
CA,2016-05-31,944,1276.1069915254238,356.8541563284487,1894.0,1289.2,1895.6,105,1,75.11,0.0,0.0,0.0,0.0,1
CA,2016-06-01,905,1225.745856353591,85.07452462684954,1321.0,1157.6,1341.8,97,1,85.15,0.0,0.0,0.0,0.0,1
CA,2016-06-02,1186,1305.4510961214166,271.087726678202,1318.5,1313.5,1891.0,111,0,0.0,0.0,0.0,0.0,0.0,0
CA,2016-06-03,1143,1291.786526684165,236.7191114301145,1669.0,1313.0,1872.4,104,0,0.0,0.0,0.0,0.0,0.0,0
CA,2016-06-04,854,1186.5843091334896,205.96105349205115,1329.0,1311.4,1787.1999999999998,98,0,0.0,0.0,0.0,0.0,0.0,0
CA,2016-06-05,760,1205.4973684210522,66.24378966681698,1330.5,1166.1,1338.9,88,0,0.0,0.0,0.0,0.0,0.0,0
CA,2016-06-06,914,1290.2603938730858,270.9112651409072,1336.0,1164.0,1898.0,105,0,0.0,0.0,0.0,0.0,0.0,0
CA,2016-06-07,1190,1325.0436974789923,145.23988179521797,1363.5,1327.3,1658.7,104,0,0.0,0.0,0.0,0.0,0.0,0
CA,2016-06-08,1025,1277.3375609756101,85.0584901439129,1148.0,1140.0,1345.8,107,0,0.0,0.0,0.0,0.0,0.0,0
CA,2016-06-09,909,1314.8162816281636,188.01649949308347,1349.0,1340.8,1568.2000000000003,108,0,0.0,0.0,0.0,0.0,0.0,0
CA,2016-06-10,875,1309.8377142857146,146.88934369089142,1370.0,1270.0,1388.0,97,0,0.0,0.0,0.0,0.0,0.0,0
CA,2016-06-11,820,1345.471951219512,220.23576732646436,1167.0,1155.7,1499.2000000000003,93,0,0.0,0.0,0.0,0.0,0.0,0
CA,2016-06-12,960,1338.0718749999999,287.3972414620572,1169.0,1134.8,1721.2,99,0,0.0,0.0,0.0,0.0,0.0,0
CA,2016-06-13,771,1327.2088197146563,320.8505278544665,1117.0,1101.2,1834.2,94,0,0.0,0.0,0.0,0.0,0.0,0
CA,2016-06-14,988,1422.6609311740888,290.662267961668,1122.0,1105.6,1886.4,101,0,0.0,0.0,0.0,0.0,0.0,0
CA,2016-06-15,958,1369.2745302713986,188.05360863919157,1369.0,1154.3,1393.5,107,1,24.78,0.0,0.0,0.0,0.0,1
CA,2016-06-16,964,1343.2624481327803,171.53532210503653,1179.0,1160.0,1413.0,102,0,0.0,0.0,0.0,0.0,0.0,0
CA,2016-06-17,877,1374.6864310148235,177.0543325829406,1153.0,1138.5,1423.0,94,0,0.0,0.0,0.0,0.0,0.0,0
CA,2016-06-18,884,1266.122171945701,231.17010631903847,1146.0,1125.7,1572.3000000000015,94,0,0.0,0.0,0.0,0.0,0.0,0
CA,2016-06-19,741,1370.8421052631581,160.67900626888243,1417.0,1139.2,1437.5,92,0,0.0,0.0,0.0,0.0,0.0,0
CA,2016-06-20,796,1304.560301507538,122.51076878711143,1138.0,1118.2,1411.0,100,0,0.0,0.0,0.0,0.0,0.0,0
CA,2016-06-21,927,1304.1467098166124,111.11363552687851,1395.0,1175.6,1407.8,98,0,0.0,0.0,0.0,0.0,0.0,0
CA,2016-06-22,924,1325.2326839826844,134.12850964873843,1409.5,1173.0,1452.3,99,0,0.0,0.0,0.0,0.0,0.0,0
CA,2016-06-23,842,1311.6555819477435,78.23082654697075,1502.0,1493.2,1509.6,103,0,0.0,0.0,0.0,0.0,0.0,0
CA,2016-06-24,822,1340.428223844282,161.423146488421,1180.0,1169.9,1467.9,100,0,0.0,0.0,0.0,0.0,0.0,0
CA,2016-06-25,1048,1341.8979007633588,119.06774010912392,1421.5,1179.7,1458.0,90,0,0.0,0.0,0.0,0.0,0.0,0
CA,2016-06-26,999,1361.8608608608604,130.59258350684485,1488.0,1193.6,1509.0,97,0,0.0,0.0,0.0,0.0,0.0,0
CA,2016-06-27,919,1350.1425462459194,177.1869822155868,1440.0,1209.4,1464.8,102,0,0.0,0.0,0.0,0.0,0.0,0
CA,2016-06-28,968,1363.1632231404956,312.38680316700226,1337.5,1214.5,1865.5,97,1,84.77,0.0,0.0,0.0,0.0,1
CA,2016-06-29,866,1366.9722863741342,191.40165893043434,1419.5,1243.6,1809.3000000000009,106,0,0.0,0.0,0.0,0.0,0.0,0
CA,2016-06-30,869,1401.7721518987337,166.16394139036709,1385.0,1226.6,1401.6,102,0,0.0,0.0,0.0,0.0,0.0,0
CA,2016-07-01,955,1423.3895287958114,120.56731881959945,1347.0,1214.0,1363.6,103,0,0.0,0.0,0.0,0.0,0.0,0
CA,2016-07-02,874,1409.3283752860411,121.12678147330855,1315.0,1222.0,1334.0,92,0,0.0,0.0,0.0,0.0,0.0,0
CA,2016-07-03,799,1406.1088861076346,216.3954792970676,1213.0,1202.4,1530.6000000000001,93,0,0.0,0.0,0.0,0.0,0.0,0
CA,2016-07-04,879,1347.883959044369,46.00228255206474,1317.5,1221.0,1322.8,95,0,0.0,0.0,0.0,0.0,0.0,0
CA,2016-07-05,1071,1366.5452847805786,70.35665637140254,1340.0,1202.2,1362.2,99,0,0.0,0.0,0.0,0.0,0.0,0
CA,2016-07-06,969,1389.28173374613,233.18782129433774,1193.0,1184.0,1677.0000000000005,106,0,0.0,0.0,0.0,0.0,0.0,0
CA,2016-07-07,992,1451.2661290322576,14.030532101016313,1163.0,1142.6,1178.4,100,1,99.52,0.0,0.0,0.0,0.0,1
CA,2016-07-08,893,1370.1254199328114,95.4340726482016,1116.0,1099.5,1136.2,103,0,0.0,0.0,0.0,0.0,0.0,0
CA,2016-07-09,959,1434.7340980187694,339.7905407309744,1122.5,1104.1,1856.4,100,0,0.0,0.0,0.0,0.0,0.0,0
CA,2016-07-10,790,1353.4101265822783,227.73785998812826,1100.0,1082.0,1319.4,90,0,0.0,0.0,0.0,0.0,0.0,0
CA,2016-07-11,867,1363.5374855824687,135.86172442327276,1111.5,1103.0,1124.5,102,0,0.0,0.0,0.0,0.0,0.0,0
CA,2016-07-12,1039,1374.4687199230027,156.80317817694427,1121.5,1113.0,1140.0,101,0,0.0,0.0,0.0,0.0,0.0,0
CA,2016-07-13,970,1330.383505154639,236.39038310206382,1115.0,1114.0,1129.0,96,0,0.0,0.0,0.0,0.0,0.0,0
CA,2016-07-14,829,1322.6019300361877,223.02587127102169,1168.0,1152.1,1196.3,86,0,0.0,0.0,0.0,0.0,0.0,0
CA,2016-07-15,1029,1328.5510204081636,273.0528966610682,1644.0,1144.0,1708.8,94,0,0.0,0.0,0.0,0.0,0.0,0
CA,2016-07-16,1099,1395.8698817106465,225.1606577519882,1140.0,1114.2,1398.2,95,0,0.0,0.0,0.0,0.0,0.0,0
CA,2016-07-17,1049,1401.0019065776928,265.036587770713,1273.5,1130.4,1718.6000000000001,92,2,82.13,0.0,0.0,0.0,0.0,2
CA,2016-07-18,1047,1350.5520534861503,191.19619681647262,1152.0,1123.1,1442.3,98,0,0.0,0.0,0.0,0.0,0.0,0
CA,2016-07-19,1043,1376.3183125599232,199.14648904694,1133.0,1124.4,1460.7999999999997,100,0,0.0,0.0,0.0,0.0,0.0,0
CA,2016-07-20,960,1415.6270833333333,213.23657457081296,1145.5,1138.0,1338.3000000000002,100,0,0.0,0.0,0.0,0.0,0.0,0
CA,2016-07-21,889,1370.016872890888,252.50909478879998,1162.0,1138.2,1840.6,93,0,0.0,0.0,0.0,0.0,0.0,0
CA,2016-07-22,947,1380.2407602956707,151.92370364230547,1179.5,1166.5,1436.5,97,0,0.0,0.0,0.0,0.0,0.0,0
CA,2016-07-23,1047,1432.396370582617,98.48623141220186,1427.0,1280.6000000000001,1463.0,87,0,0.0,0.0,0.0,0.0,0.0,0
CA,2016-07-24,1056,1392.5501893939397,217.85349742765987,1406.5,1186.1,1828.9,90,0,0.0,0.0,0.0,0.0,0.0,0
CA,2016-07-25,845,1467.334911242604,193.4243923489371,1206.0,1188.4,1284.2,105,0,0.0,0.0,0.0,0.0,0.0,0
CA,2016-07-26,1028,1363.7850194552527,159.6617314221715,1196.0,1176.0,1212.0,96,0,0.0,0.0,0.0,0.0,0.0,0
CA,2016-07-27,898,1323.2004454342987,74.84494259533349,1188.0,1172.7,1351.3,94,0,0.0,0.0,0.0,0.0,0.0,0
CA,2016-07-28,797,1327.6223337515685,194.4244218997131,1164.0,1136.0,1383.0,100,0,0.0,0.0,0.0,0.0,0.0,0
CA,2016-07-29,789,1374.8517110266162,96.30160954002794,1181.0,1157.5,1380.5,102,0,0.0,0.0,0.0,0.0,0.0,0
CA,2016-07-30,883,1353.2887882219707,178.43281018769864,1372.0,1185.5,1406.5,100,2,65.05,0.0,0.0,0.0,0.0,2
CA,2016-07-31,851,1340.9917743830786,247.92976498868975,1409.5,1172.3,1850.6,100,0,0.0,0.0,0.0,0.0,0.0,0
CA,2016-08-01,1098,1366.9535519125682,126.65536011915793,1420.0,1187.0,1455.2,101,0,0.0,0.0,0.0,0.0,0.0,0
CA,2016-08-02,807,1341.6926889714994,271.10159790913974,1186.5,1177.2,1795.2000000000003,83,0,0.0,0.0,0.0,0.0,0.0,0
CA,2016-08-03,892,1335.4798206278022,185.22817921067633,1192.0,1161.2,1492.6,97,0,0.0,0.0,0.0,0.0,0.0,0
CA,2016-08-04,824,1347.2621359223301,215.778219916306,1158.0,1141.6,1635.2,92,0,0.0,0.0,0.0,0.0,0.0,0
CA,2016-08-05,708,1332.5494350282484,265.3256853944103,1146.0,1117.6,1867.6,99,0,0.0,0.0,0.0,0.0,0.0,0
CA,2016-08-06,714,1410.0266106442568,280.96067487541075,1122.0,1104.5,1864.700000000001,83,0,0.0,0.0,0.0,0.0,0.0,0
CA,2016-08-07,825,1375.621818181818,235.55534414031285,1486.5,1126.0,1630.4,90,1,17.59,0.0,0.0,0.0,0.0,1
CA,2016-08-08,722,1379.3421052631575,128.59842286709943,1390.0,1165.3,1481.9,87,0,0.0,0.0,0.0,0.0,0.0,0
CA,2016-08-09,788,1363.4961928934017,96.17637832440694,1154.0,1137.0,1353.4,104,1,67.94,0.0,0.0,0.0,0.0,1
CA,2016-08-10,737,1328.2849389416551,85.02705451795917,1334.0,1147.8,1350.6,92,0,0.0,0.0,0.0,0.0,0.0,0
CA,2016-08-11,802,1355.4501246882799,143.06260770104194,1158.0,1134.5,1325.5,95,0,0.0,0.0,0.0,0.0,0.0,0
CA,2016-08-12,821,1358.7210718635804,90.45687964048521,1168.0,1123.8,1342.0,99,0,0.0,0.0,0.0,0.0,0.0,0
CA,2016-08-13,926,1349.3088552915756,225.9049340740507,1356.0,1141.8,1690.6,94,0,0.0,0.0,0.0,0.0,0.0,0
CA,2016-08-14,761,1416.074901445466,130.58420971796093,1381.0,1349.0,1405.0,83,0,0.0,0.0,0.0,0.0,0.0,0
CA,2016-08-15,667,1414.5427286356821,98.58633427672643,1355.0,1168.2,1376.2,90,1,67.23,0.0,0.0,0.0,0.0,1
CA,2016-08-16,653,1331.9770290964775,108.47538763342689,1369.0,1167.1,1397.9,94,0,0.0,0.0,0.0,0.0,0.0,0
CA,2016-08-17,891,1378.1739618406293,127.23032482688848,1292.0,1162.1,1435.1,99,0,0.0,0.0,0.0,0.0,0.0,0
CA,2016-08-18,965,1377.9606217616579,211.09715772601012,1442.5,1183.3,1501.8999999999999,99,0,0.0,0.0,0.0,0.0,0.0,0
CA,2016-08-19,888,1384.5067567567567,270.46685746622325,1444.0,1167.4,1887.0,105,0,0.0,0.0,0.0,0.0,0.0,0
CA,2016-08-20,853,1393.2192262602575,172.9590709870008,1432.0,1422.4,1648.4,95,0,0.0,0.0,0.0,0.0,0.0,0
CA,2016-08-21,691,1329.2272069464536,264.8618038674678,1440.0,1160.6,1839.2000000000003,93,0,0.0,0.0,0.0,0.0,0.0,0
CA,2016-08-22,824,1344.1868932038828,114.71341202103146,1182.0,1169.4,1420.4,100,0,0.0,0.0,0.0,0.0,0.0,0
CA,2016-08-23,891,1335.557800224467,177.97579783606707,1403.0,1185.8,1417.6,119,0,0.0,0.0,0.0,0.0,0.0,0
CA,2016-08-24,973,1335.136690647482,254.55553763202724,1396.0,1206.2,1921.6000000000001,106,0,0.0,0.0,0.0,0.0,0.0,0
CA,2016-08-25,1040,1393.5634615384613,241.5372435050131,1423.5,1403.2,1928.0,110,1,68.49,0.0,0.0,0.0,0.0,1
CA,2016-08-26,984,1323.9756097560971,296.55810627935966,1405.0,1176.8,1939.0,108,0,0.0,0.0,0.0,0.0,0.0,0
CA,2016-08-27,917,1345.5059978189754,103.05489906948733,1164.5,1132.5,1406.0,104,0,0.0,0.0,0.0,0.0,0.0,0
CA,2016-08-28,1184,1387.6097972972973,142.2053817977537,1413.0,1132.4,1435.0,92,0,0.0,0.0,0.0,0.0,0.0,0
CA,2016-08-29,1047,1430.9933142311359,137.35304680805456,1133.0,1106.5,1432.0,105,2,84.785,0.0,0.0,0.0,0.0,2
CA,2016-08-30,911,1355.4884742041713,206.09243071981075,1162.5,1126.0,1462.0,98,0,0.0,0.0,0.0,0.0,0.0,0
CA,2016-08-31,897,1335.8071348940914,138.153804145959,1165.0,1151.6,1458.2,102,0,0.0,0.0,0.0,0.0,0.0,0
CA,2016-09-01,763,1373.2739187418092,126.30581100937852,1200.0,1168.8,1461.0,97,0,0.0,0.0,0.0,0.0,0.0,0
CA,2016-09-02,1006,1440.571570576541,125.04514063821846,1189.5,1164.3,1206.7,103,0,0.0,0.0,0.0,0.0,0.0,0
CA,2016-09-03,1015,1349.224630541872,135.8235229434013,1150.0,1139.2,1458.0,101,0,0.0,0.0,0.0,0.0,0.0,0
CA,2016-09-04,1073,1403.9953401677537,157.64445557963654,1500.0,1160.9,1519.0,102,0,0.0,0.0,0.0,0.0,0.0,0
CA,2016-09-05,861,1389.3077816492455,194.66900326794027,1485.5,1182.0,1519.1,96,0,0.0,0.0,0.0,0.0,0.0,0
CA,2016-09-06,1092,1405.3589743589737,140.35911274050062,1471.0,1190.0,1494.5,109,0,0.0,0.0,0.0,0.0,0.0,0
CA,2016-09-07,1114,1391.0789946140032,154.88006637697924,1201.5,1158.1,1506.0,120,0,0.0,0.0,0.0,0.0,0.0,0
CA,2016-09-08,954,1365.7064989517817,156.07406062507633,1464.5,1164.7,1507.0,102,0,0.0,0.0,0.0,0.0,0.0,0
CA,2016-09-09,1036,1401.1235521235521,161.53382377533958,1392.0,1106.4,1430.6,110,0,0.0,0.0,0.0,0.0,0.0,0
CA,2016-09-10,1006,1360.018886679921,151.21406827555577,1094.0,1081.2,1409.9,107,0,0.0,0.0,0.0,0.0,0.0,0
CA,2016-09-11,1048,1382.4723282442753,163.76738584549327,1102.5,1083.9,1436.0,98,1,95.63,0.0,0.0,0.0,0.0,1
CA,2016-09-12,878,1374.2198177676535,155.31632162562184,1411.0,1100.5,1428.0,99,0,0.0,0.0,0.0,0.0,0.0,0
CA,2016-09-13,874,1348.829519450801,190.56579769575066,1113.0,1091.4,1554.6000000000004,112,0,0.0,0.0,0.0,0.0,0.0,0
CA,2016-09-14,890,1394.5707865168542,168.67495221926947,1126.0,1099.2,1435.0,102,0,0.0,0.0,0.0,0.0,0.0,0
CA,2016-09-15,818,1372.0647921760392,241.26630806205762,1422.5,1127.1,1834.7999999999995,104,0,0.0,0.0,0.0,0.0,0.0,0
CA,2016-09-16,1077,1438.1012070566387,156.26126756472442,1380.0,1129.0,1670.8,101,0,0.0,0.0,0.0,0.0,0.0,0
CA,2016-09-17,997,1394.46740220662,169.06690435282718,1402.0,1140.0,1420.8,107,0,0.0,0.0,0.0,0.0,0.0,0
CA,2016-09-18,878,1397.28132118451,208.98349475555938,1139.0,1106.0,1438.5,102,0,0.0,0.0,0.0,0.0,0.0,0
CA,2016-09-19,827,1303.3990326481255,312.33133048094936,1163.0,813.1,1479.0000000000007,103,0,0.0,0.0,0.0,0.0,0.0,0
CA,2016-09-20,874,1345.3718535469106,314.35548129472437,1052.0,1013.2,1699.4,101,0,0.0,0.0,0.0,0.0,0.0,0
CA,2016-09-21,806,1354.0397022332506,215.06879571118088,1080.0,1060.0,1113.0,110,0,0.0,0.0,0.0,0.0,0.0,0
CA,2016-09-22,869,1338.6225546605299,198.57636525907654,1428.0,1046.6,1465.2,108,0,0.0,0.0,0.0,0.0,0.0,0
CA,2016-09-23,966,1383.1387163561062,243.99653738459827,1438.0,1025.0,1518.2,102,0,0.0,0.0,0.0,0.0,0.0,0
CA,2016-09-24,1033,1372.319457889641,253.90422242780184,1039.5,1028.6,1714.2,103,1,64.97,0.0,0.0,0.0,0.0,1
CA,2016-09-25,894,1322.4608501118566,271.4570463342868,1025.0,1002.1,1356.6,97,0,0.0,0.0,0.0,0.0,0.0,0
CA,2016-09-26,894,1332.046979865772,200.21246292730802,1080.0,1049.0,1369.6,110,0,0.0,0.0,0.0,0.0,0.0,0
CA,2016-09-27,936,1338.2970085470083,96.39145221736874,1065.0,1047.0,1294.8,112,0,0.0,0.0,0.0,0.0,0.0,0
CA,2016-09-28,920,1340.9793478260872,200.8617542710014,1052.0,1034.0,1317.0,106,0,0.0,0.0,0.0,0.0,0.0,0
CA,2016-09-29,1011,1348.6399604352127,142.1385376454709,1054.0,1001.0,1315.0,113,0,0.0,0.0,0.0,0.0,0.0,0
CA,2016-09-30,946,1346.2780126849893,138.19528115341114,1235.0,991.4,1309.1,111,0,0.0,0.0,0.0,0.0,0.0,0
CA,2016-10-01,927,1400.18554476807,238.07643497181508,1323.0,1052.8,1750.2999999999997,95,0,0.0,0.0,0.0,0.0,0.0,0
CA,2016-10-02,985,1409.078172588832,97.09065637617019,1043.5,1025.0,1295.5,104,0,0.0,0.0,0.0,0.0,0.0,0
CA,2016-10-03,840,1334.4499999999998,161.5075202940445,1052.5,1034.0,1298.5,108,0,0.0,0.0,0.0,0.0,0.0,0
CA,2016-10-04,979,1401.435137895812,219.8757210408043,1003.5,992.0,1291.5,112,0,0.0,0.0,0.0,0.0,0.0,0
CA,2016-10-05,983,1392.9084435401826,122.57683956287265,1063.0,1034.1,1302.7,107,0,0.0,0.0,0.0,0.0,0.0,0
CA,2016-10-06,918,1321.7450980392155,80.35609804535554,1285.5,1067.6,1320.0,96,0,0.0,0.0,0.0,0.0,0.0,0
CA,2016-10-07,932,1354.7575107296134,247.30688638091604,1284.0,1069.2,1725.0,106,0,0.0,0.0,0.0,0.0,0.0,0
CA,2016-10-08,997,1289.79037111334,218.63123316646582,1053.0,1020.6,1300.4,103,0,0.0,0.0,0.0,0.0,0.0,0
CA,2016-10-09,968,1417.5134297520658,237.6095957658276,1279.0,1007.2,1312.2,101,1,82.04,0.0,0.0,0.0,0.0,1
CA,2016-10-10,948,1347.6308016877636,131.18086579289303,1182.5,1029.3,1321.4,101,0,0.0,0.0,0.0,0.0,0.0,0
CA,2016-10-11,946,1330.497885835095,249.07714089520127,1080.0,1056.0,1441.3999999999996,109,0,0.0,0.0,0.0,0.0,0.0,0
CA,2016-10-12,974,1324.7741273100614,198.53524850252458,1083.0,1071.0,1347.0,103,0,0.0,0.0,0.0,0.0,0.0,0
CA,2016-10-13,1047,1334.0124164278893,135.76745948700506,1085.0,1053.3,1343.1,114,0,0.0,0.0,0.0,0.0,0.0,0
CA,2016-10-14,918,1369.2222222222226,71.15985706067445,1264.0,1136.2,1326.8,104,0,0.0,0.0,0.0,0.0,0.0,0
CA,2016-10-15,983,1375.0223804679554,46.719396005483546,1239.0,1142.0,1258.0,99,0,0.0,0.0,0.0,0.0,0.0,0
CA,2016-10-16,986,1336.1947261663279,71.47298256225194,1156.0,1107.0,1273.8,115,0,0.0,0.0,0.0,0.0,0.0,0
CA,2016-10-17,874,1336.9839816933634,97.85640210290767,1263.0,1076.6,1280.8,105,0,0.0,0.0,0.0,0.0,0.0,0
CA,2016-10-18,942,1373.3906581740969,100.5026883119327,1268.0,1073.2,1295.0,104,2,84.5,0.0,0.0,0.0,0.0,2
CA,2016-10-19,877,1315.3192702394522,198.9111218533829,1147.0,1076.2,1277.6,101,0,0.0,0.0,0.0,0.0,0.0,0
CA,2016-10-20,1054,1308.3273244781783,84.3971370053148,1303.0,1140.0,1327.6,101,0,0.0,0.0,0.0,0.0,0.0,0
CA,2016-10-21,1119,1315.6291331546026,226.56064845986728,1077.5,995.0,1529.5,103,0,0.0,0.0,0.0,0.0,0.0,0
CA,2016-10-22,996,1400.681726907631,123.33026623922093,1278.0,1022.0,1287.6,102,0,0.0,0.0,0.0,0.0,0.0,0
CA,2016-10-23,1246,1366.1163723916525,194.82216043711267,1308.0,1020.4,1322.2,117,1,81.23,0.0,0.0,0.0,0.0,1
CA,2016-10-24,870,1345.0701149425288,202.48360815198828,1319.5,1028.3,1353.6,101,0,0.0,0.0,0.0,0.0,0.0,0
CA,2016-10-25,1003,1339.3539381854437,131.30601785378826,1060.0,1003.6,1328.0,106,0,0.0,0.0,0.0,0.0,0.0,0
CA,2016-10-26,940,1388.142553191489,309.95397906108974,1190.5,1003.9,1705.0,113,0,0.0,0.0,0.0,0.0,0.0,0
CA,2016-10-27,844,1338.9869668246463,143.36091656981347,1297.0,1036.8,1322.0,104,0,0.0,0.0,0.0,0.0,0.0,0
CA,2016-10-28,851,1307.7168037602821,192.16861280844407,1028.0,1012.0,1304.2,114,0,0.0,0.0,0.0,0.0,0.0,0
CA,2016-10-29,933,1363.9935691318335,168.88140248285234,1032.0,969.0,1328.0,106,2,76.15,0.0,0.0,0.0,0.0,2
CA,2016-10-30,1085,1318.1382488479262,233.1253276273179,976.0,957.2,1351.8,119,0,0.0,0.0,0.0,0.0,0.0,0
CA,2016-10-31,1024,1324.3212890625,215.33996119830823,990.5,979.8,1357.0,110,0,0.0,0.0,0.0,0.0,0.0,0
CA,2016-11-01,1023,1377.2854349951124,217.89724926738623,1019.0,997.0,1386.0,108,0,0.0,0.0,0.0,0.0,0.0,0
CA,2016-11-02,958,1380.1367432150305,208.9279454740318,1048.0,1015.8,1381.8,106,0,0.0,0.0,0.0,0.0,0.0,0
CA,2016-11-03,992,1313.3921370967735,156.59325708109307,1046.0,1021.4,1402.2,109,0,0.0,0.0,0.0,0.0,0.0,0
CA,2016-11-04,1034,1349.1373307543515,205.05206655871575,1394.0,1053.0,1432.1,126,0,0.0,0.0,0.0,0.0,0.0,0
CA,2016-11-05,877,1305.9384264538194,248.76341672360107,1129.0,1088.6,1461.8000000000006,107,0,0.0,0.0,0.0,0.0,0.0,0
CA,2016-11-06,1097,1326.421148587055,172.0363986037973,1100.0,1079.2,1409.6,117,0,0.0,0.0,0.0,0.0,0.0,0
CA,2016-11-07,1151,1318.0642919200684,169.36628155099189,1103.0,1025.0,1418.0,124,0,0.0,0.0,0.0,0.0,0.0,0
CA,2016-11-08,1066,1311.8733583489684,231.76852128996617,1428.5,1038.1,1462.8,120,0,0.0,0.0,0.0,0.0,0.0,0
CA,2016-11-09,884,1305.935520361991,182.50499913904773,1062.0,994.0,1426.0,114,0,0.0,0.0,0.0,0.0,0.0,0
CA,2016-11-10,935,1364.6149732620318,186.51771791878951,1204.5,995.4,1394.3,114,0,0.0,0.0,0.0,0.0,0.0,0
CA,2016-11-11,1029,1352.4470359572406,205.74533619755132,1377.0,972.0,1408.0,114,0,0.0,0.0,0.0,0.0,0.0,0
CA,2016-11-12,1122,1354.0204991087344,169.43561803600974,1364.0,995.0,1393.0,115,0,0.0,0.0,0.0,0.0,0.0,0
CA,2016-11-13,923,1334.0920910075838,231.3915768370867,1039.0,1016.6,1300.6,120,0,0.0,0.0,0.0,0.0,0.0,0
CA,2016-11-14,937,1337.435432230523,138.27233922921232,1182.5,1015.7,1316.4,110,0,0.0,0.0,0.0,0.0,0.0,0
CA,2016-11-15,976,1369.175204918032,116.84155987224187,1113.0,1069.0,1320.0,118,0,0.0,0.0,0.0,0.0,0.0,0
CA,2016-11-16,1117,1379.522829006267,346.15284998907,1104.0,1096.4,1882.6,123,0,0.0,0.0,0.0,0.0,0.0,0
CA,2016-11-17,1259,1408.156473391581,86.86974098668058,1282.0,1097.3,1322.0,119,0,0.0,0.0,0.0,0.0,0.0,0
CA,2016-11-18,1090,1348.7431192660554,132.26779058553453,1271.0,1057.6,1311.2,122,0,0.0,0.0,0.0,0.0,0.0,0
CA,2016-11-19,956,1330.634937238494,145.7850314109497,1291.0,1006.0,1324.0,110,0,0.0,0.0,0.0,0.0,0.0,0
CA,2016-11-20,1010,1295.531683168316,127.70039381974298,1045.0,1030.0,1302.2,112,0,0.0,0.0,0.0,0.0,0.0,0
CA,2016-11-21,999,1348.393393393393,146.0269228202993,1048.5,991.6,1277.1000000000001,114,0,0.0,0.0,0.0,0.0,0.0,0
CA,2016-11-22,890,1286.7977528089887,211.27740541954864,989.0,974.4,999.0,126,0,0.0,0.0,0.0,0.0,0.0,0
CA,2016-11-23,899,1326.596218020022,309.4808124325139,1039.5,1018.0,1888.3,112,1,86.76,0.0,86.76,86.76,86.76,1
CA,2016-11-24,1039,1286.022136669875,175.51500098548343,1224.0,1053.2,1279.9,120,0,0.0,0.0,0.0,0.0,0.0,0
CA,2016-11-25,1093,1295.2186642268994,159.92674953675294,1249.0,1094.0,1272.5,119,1,98.15,0.0,0.0,0.0,0.0,1
CA,2016-11-26,1458,1305.414951989027,229.9342915032269,1240.5,1163.8,1719.0,125,0,0.0,0.0,0.0,0.0,0.0,0
CA,2016-11-27,1366,1273.667642752562,85.70939636294177,1216.0,1039.6,1245.0,113,0,0.0,0.0,0.0,0.0,0.0,0
CA,2016-11-28,1285,1335.0754863813231,86.83847436592919,1201.0,1033.7,1234.0,115,0,0.0,0.0,0.0,0.0,0.0,0
CA,2016-11-29,1302,1285.3333333333335,206.15972666674148,1054.5,1028.0,1242.9,106,0,0.0,0.0,0.0,0.0,0.0,0
CA,2016-11-30,1173,1324.2651321398123,157.34512594360328,1041.0,1016.0,1248.0,112,2,82.095,0.0,74.14,74.14,74.14,2
CA,2016-12-01,1139,1316.805970149254,172.65759339751938,994.0,976.2,1250.8,107,0,0.0,0.0,0.0,0.0,0.0,0
CA,2016-12-02,1159,1344.5150992234687,128.49906601979694,986.0,955.2,1248.0,111,1,67.33,0.0,0.0,0.0,0.0,1
CA,2016-12-03,1332,1347.0277777777774,366.0677442150176,1248.0,1004.0,1881.0,109,0,0.0,0.0,0.0,0.0,0.0,0
CA,2016-12-04,1114,1321.6992818671456,182.36952582769217,1029.0,1008.0,1057.2,110,1,97.67,0.0,0.0,0.0,0.0,1
CA,2016-12-05,1176,1304.2372448979595,168.45387561602485,1040.0,991.0,1262.4,121,0,0.0,0.0,0.0,0.0,0.0,0
CA,2016-12-06,1230,1303.6138211382113,65.46900662452705,983.0,966.5,996.0,127,0,0.0,0.0,0.0,0.0,0.0,0
CA,2016-12-07,1137,1337.202286719437,50.04178309574573,977.5,968.7,991.3,124,0,0.0,0.0,0.0,0.0,0.0,0
CA,2016-12-08,1260,1395.4277777777781,125.09548981125116,1224.0,1010.0,1293.0,126,0,0.0,0.0,0.0,0.0,0.0,0
CA,2016-12-09,1149,1340.03046127067,186.55895823561835,1052.0,1007.8,1234.2,129,0,0.0,0.0,0.0,0.0,0.0,0
CA,2016-12-10,1026,1371.9044834308,281.8311526625669,1042.5,1013.0,1779.0,108,0,0.0,0.0,0.0,0.0,0.0,0
CA,2016-12-11,1149,1330.2993907745877,213.46389234091404,1199.0,1078.1,1216.3,108,0,0.0,0.0,0.0,0.0,0.0,0
CA,2016-12-12,1004,1333.832669322709,211.32593776980698,1052.0,1043.0,1165.4,119,0,0.0,0.0,0.0,0.0,0.0,0
CA,2016-12-13,1247,1384.2149157979152,167.26799521194192,1048.5,1031.0,1203.0,126,0,0.0,0.0,0.0,0.0,0.0,0
CA,2016-12-14,1274,1387.9128728414435,75.56380673899965,1047.0,997.0,1191.5,123,1,99.01,0.0,0.0,0.0,0.0,1
CA,2016-12-15,1276,1354.4913793103447,54.888972379603615,993.0,953.4,1124.0,119,1,100.0,0.0,0.0,0.0,0.0,1
CA,2016-12-16,1170,1416.389743589744,159.5557324135731,1004.0,974.1,1172.3,111,0,0.0,0.0,0.0,0.0,0.0,0
CA,2016-12-17,1153,1381.8386816999139,57.21995323895768,1007.0,996.0,1145.4,109,0,0.0,0.0,0.0,0.0,0.0,0
CA,2016-12-18,1268,1344.0788643533124,35.9304402949976,1078.0,1041.6,1117.0,105,0,0.0,0.0,0.0,0.0,0.0,0
CA,2016-12-19,1105,1356.7149321266966,27.30222653601146,1084.0,1060.6,1132.6,115,0,0.0,0.0,0.0,0.0,0.0,0
CA,2016-12-20,1321,1365.5230885692667,213.8341753803628,1090.0,1067.0,1147.6,119,0,0.0,0.0,0.0,0.0,0.0,0
CA,2016-12-21,1263,1369.1583531274737,107.99966400018238,1070.0,1020.0,1148.0,112,0,0.0,0.0,0.0,0.0,0.0,0
CA,2016-12-22,1040,1412.425961538461,83.54803633239982,1005.5,992.9,1018.1,114,0,0.0,0.0,0.0,0.0,0.0,0
CA,2016-12-23,1191,1349.9042821158691,378.5693237665792,1000.0,986.0,1868.0,124,0,0.0,0.0,0.0,0.0,0.0,0
CA,2016-12-24,1098,1359.4872495446264,6.383572667401852,1882.0,1875.0,1887.6,103,0,0.0,0.0,0.0,0.0,0.0,0
CA,2016-12-25,958,1319.0908141962425,0.0,1545.0,1545.0,1545.0,105,0,0.0,0.0,0.0,0.0,0.0,0
CA,2016-12-26,1160,1368.2465517241385,335.8432819920202,1025.0,1009.4,1809.2000000000003,115,0,0.0,0.0,0.0,0.0,0.0,0
CA,2016-12-27,1378,1391.589985486212,236.3524330100963,1044.0,1034.2,1064.4,113,0,0.0,0.0,0.0,0.0,0.0,0
CA,2016-12-28,1540,1404.8999999999996,317.33985462486953,1073.5,1053.7,1875.1,120,0,0.0,0.0,0.0,0.0,0.0,0
CA,2016-12-29,1333,1428.7606901725433,229.90134976297415,1070.0,1052.3,1408.6999999999998,121,0,0.0,0.0,0.0,0.0,0.0,0
CA,2016-12-30,1134,1376.484126984127,7.399024403945261,1087.0,1080.2,1100.6,111,0,0.0,0.0,0.0,0.0,0.0,0
CA,2016-12-31,1249,1451.297838270616,237.1169946161651,1094.0,1075.2,1528.4,109,0,0.0,0.0,0.0,0.0,0.0,0
CA,2017-01-01,860,1404.033720930233,268.1127328196108,1536.0,1128.3,1882.1,108,0,0.0,0.0,0.0,0.0,0.0,0
CA,2017-01-02,1096,1399.0301094890513,251.42350283491353,1138.0,1129.8,1302.6000000000001,114,0,0.0,0.0,0.0,0.0,0.0,0
CA,2017-01-03,1332,1381.07957957958,256.82414000418436,1113.5,1090.3,1659.5999999999995,126,0,0.0,0.0,0.0,0.0,0.0,0
CA,2017-01-04,1336,1387.959580838324,279.8278634019398,1134.0,1107.6,1745.4000000000005,117,0,0.0,0.0,0.0,0.0,0.0,0
CA,2017-01-05,1272,1406.098270440251,372.2212077515197,1183.0,1159.0,1918.2,114,0,0.0,0.0,0.0,0.0,0.0,0
CA,2017-01-06,1310,1347.4198473282438,183.52840762709153,1138.0,1113.6,1159.4,123,0,0.0,0.0,0.0,0.0,0.0,0
CA,2017-01-07,1124,1358.3505338078282,12.302764920592363,1103.0,1087.0,1118.0,118,1,45.76,0.0,0.0,0.0,0.0,1
CA,2017-01-08,1137,1369.3632365875112,300.1439816525099,1150.0,1133.2,1939.8,110,0,0.0,0.0,0.0,0.0,0.0,0
CA,2017-01-09,1191,1373.098236775819,353.30794107193486,1137.0,1105.8,1914.0,122,2,92.6,0.0,0.0,0.0,0.0,2
CA,2017-01-10,1185,1350.199156118144,400.2121654119849,1500.0,1101.0,1930.0,119,1,95.28,0.0,95.28,95.28,95.28,1
CA,2017-01-11,1146,1384.5130890052349,231.4615582166913,1085.0,1060.5,1103.0,122,0,0.0,0.0,0.0,0.0,0.0,0
CA,2017-01-12,1321,1380.950794852385,152.74127805833243,1053.0,1037.0,1073.0,124,0,0.0,0.0,0.0,0.0,0.0,0
CA,2017-01-13,1294,1343.715610510046,270.8216721371714,1079.0,885.5999999999999,1099.8,128,0,0.0,0.0,0.0,0.0,0.0,0
CA,2017-01-14,1186,1389.7748735244518,88.03253882035018,1108.0,1093.0,1117.0,118,0,0.0,0.0,0.0,0.0,0.0,0
CA,2017-01-15,1238,1373.9701130856222,324.93683807196294,1088.0,1066.0,1885.0,119,0,0.0,0.0,0.0,0.0,0.0,0
CA,2017-01-16,1115,1360.710313901346,81.77672585919251,1110.0,1098.4,1123.6,125,0,0.0,0.0,0.0,0.0,0.0,0
CA,2017-01-17,1124,1341.13434163701,193.26975939524064,1105.0,1095.6,1122.9,117,0,0.0,0.0,0.0,0.0,0.0,0
CA,2017-01-18,1019,1359.238469087341,258.2321423354964,1122.0,1106.8,1581.1999999999998,122,0,0.0,0.0,0.0,0.0,0.0,0
CA,2017-01-19,1140,1363.0368421052628,253.22679573681316,1103.0,1086.8,1733.2000000000005,124,0,0.0,0.0,0.0,0.0,0.0,0
CA,2017-01-20,1125,1364.4142222222224,135.8448658280653,1103.0,1079.6,1127.0,121,0,0.0,0.0,0.0,0.0,0.0,0
CA,2017-01-21,1195,1404.9615062761507,166.89381578062446,1106.0,1077.4,1139.4,119,1,85.52,0.0,0.0,0.0,0.0,1
CA,2017-01-22,1077,1364.5088207985143,208.58964233367124,1057.0,1042.5,1067.5,116,0,0.0,0.0,0.0,0.0,0.0,0
CA,2017-01-23,1030,1425.9427184466017,42.97088448682721,1044.0,1006.5,1072.0,115,0,0.0,0.0,0.0,0.0,0.0,0
CA,2017-01-24,1204,1407.8488372093022,231.82487611645465,989.0,973.6,1005.4,113,0,0.0,0.0,0.0,0.0,0.0,0
CA,2017-01-25,1028,1411.008754863814,204.64407462448446,994.0,985.0,1022.0,114,0,0.0,0.0,0.0,0.0,0.0,0
CA,2017-01-26,1238,1380.5096930533114,192.04093593393094,1039.5,1030.0,1049.0,121,0,0.0,0.0,0.0,0.0,0.0,0
CA,2017-01-27,1106,1364.708860759493,14.175827370303756,1044.0,1023.2,1058.4,116,0,0.0,0.0,0.0,0.0,0.0,0
CA,2017-01-28,1159,1380.180327868852,365.6483206579787,1080.0,1064.0,1948.6,111,0,0.0,0.0,0.0,0.0,0.0,0
CA,2017-01-29,981,1334.3720693170233,179.3175995609113,1071.0,1040.0,1099.0,107,2,67.42,0.0,0.0,0.0,0.0,2
CA,2017-01-30,1133,1355.8852603706969,180.07099438663235,1022.0,1002.5,1051.0,122,0,0.0,0.0,0.0,0.0,0.0,0
CA,2017-01-31,1118,1380.0509838998214,10.02691487209487,1054.0,1044.0,1070.0,125,0,0.0,0.0,0.0,0.0,0.0,0
CA,2017-02-01,1106,1347.0678119349004,182.13765682323316,1078.5,1057.2,1093.0,124,0,0.0,0.0,0.0,0.0,0.0,0
CA,2017-02-02,1019,1363.7046123650634,41.403381504413375,1953.0,1874.2,1962.6,121,1,52.99,0.0,0.0,0.0,0.0,1
CA,2017-02-03,1079,1393.1195551436517,43.438334324521335,1879.0,1874.2,1950.2,132,0,0.0,0.0,0.0,0.0,0.0,0
CA,2017-02-04,1068,1393.486891385768,102.6264463966282,1903.5,1754.1,1962.6,116,0,0.0,0.0,0.0,0.0,0.0,0
CA,2017-02-05,988,1371.6012145748984,227.68984752655675,1975.0,1589.4,1976.6,115,0,0.0,0.0,0.0,0.0,0.0,0
CA,2017-02-06,984,1372.9623983739832,186.5,1685.5,1536.3,1834.7,114,0,0.0,0.0,0.0,0.0,0.0,0
CA,2017-02-07,1256,1387.6584394904467,160.54127195210583,1859.0,1599.5,1863.7,121,0,0.0,0.0,0.0,0.0,0.0,0
CA,2017-02-08,1186,1379.3153456998316,0.0,1972.0,1972.0,1972.0,122,0,0.0,0.0,0.0,0.0,0.0,0
CA,2017-02-09,1176,1382.0841836734696,252.8344689674668,1512.0,1059.6,1529.4,123,0,0.0,0.0,0.0,0.0,0.0,0
CA,2017-02-10,1041,1355.6647454370795,0.0,1480.0,1480.0,1480.0,119,1,30.49,0.0,0.0,0.0,0.0,1
CA,2017-02-11,944,1365.2436440677966,7.004371812646435,1533.0,1522.0,1537.2,104,1,90.64,0.0,0.0,0.0,0.0,1
CA,2017-02-12,815,1316.8110429447856,0.0,1872.0,1872.0,1872.0,112,0,0.0,0.0,0.0,0.0,0.0,0
CA,2017-02-13,998,1349.778557114228,5.0,1480.0,1476.0,1484.0,121,2,68.25,0.0,0.0,0.0,0.0,1
CA,2017-02-14,1079,1367.1844300278037,87.83854151225418,1727.5,1641.0,1740.7,131,0,0.0,0.0,0.0,0.0,0.0,0
CA,2017-02-15,932,1377.7650214592277,220.5354191365868,1139.0,1120.5,1556.5,132,1,86.04,0.0,0.0,0.0,0.0,1
CA,2017-02-16,872,1357.0584862385322,414.85847653815097,1456.0,974.4,1782.4,126,0,0.0,0.0,0.0,0.0,0.0,0
CA,2017-02-17,877,1351.5598631698977,5.5,1441.5,1437.1,1445.9,121,0,0.0,0.0,0.0,0.0,0.0,0
CA,2017-02-18,1000,1321.6600000000003,7.0178344238090995,1885.5,1876.7,1891.5,121,0,0.0,0.0,0.0,0.0,0.0,0
CA,2017-02-19,999,1312.7517517517515,151.89281981363536,1169.5,1147.1,1568.700000000001,117,0,0.0,0.0,0.0,0.0,0.0,0
CA,2017-02-20,1069,1369.7680074836298,249.4451620875596,1137.5,1118.1,1635.7,125,0,0.0,0.0,0.0,0.0,0.0,0
CA,2017-02-21,1117,1386.832587287377,0.0,1961.0,1961.0,1961.0,128,3,50.48666666666667,0.0,0.0,0.0,0.0,3
CA,2017-02-22,979,1326.268641470889,2.5,1967.5,1965.5,1969.5,116,0,0.0,0.0,0.0,0.0,0.0,0
CA,2017-02-23,1069,1400.7717492984098,515.2089284940624,1711.0,839.8,1959.8,126,0,0.0,0.0,0.0,0.0,0.0,0
CA,2017-02-24,1140,1360.4999999999998,298.6908675788398,1331.0,1026.1,1630.4,128,0,0.0,0.0,0.0,0.0,0.0,0
CA,2017-02-25,1358,1381.1870397643597,354.8532654492558,1095.5,1009.1,1952.2,129,1,19.82,0.0,0.0,0.0,0.0,1
CA,2017-02-26,1099,1337.3776160145583,0.0,1730.0,1730.0,1730.0,129,1,42.47,0.0,0.0,0.0,0.0,1
CA,2017-02-27,1087,1355.9411223551058,250.27327039966372,1101.5,1068.5,1641.5,113,0,0.0,0.0,0.0,0.0,0.0,0
CA,2017-02-28,1228,1356.8485342019542,279.5346353606842,1100.0,1029.0,1619.4,126,0,0.0,0.0,0.0,0.0,0.0,0
CA,2017-03-01,1234,1355.2957860615886,115.69653792957197,924.0,684.4,970.8,123,0,0.0,0.0,0.0,0.0,0.0,0
CA,2017-03-02,1082,1348.611829944547,279.2833028258428,1058.0,1032.4,1627.4,119,1,81.67,0.0,0.0,0.0,0.0,1
CA,2017-03-03,1158,1377.2711571675302,29.227080289043965,1888.0,1888.0,1937.6,123,0,0.0,0.0,0.0,0.0,0.0,0
CA,2017-03-04,1111,1360.5409540954088,295.10939591201696,1104.5,1017.8,1670.3,126,0,0.0,0.0,0.0,0.0,0.0,0
CA,2017-03-05,1152,1339.4809027777785,250.6842542643571,1088.0,1065.6,1675.6,122,0,0.0,0.0,0.0,0.0,0.0,0
CA,2017-03-06,1047,1349.5549188156629,321.62010166642,1644.0,973.1,1660.6,119,0,0.0,0.0,0.0,0.0,0.0,0
CA,2017-03-07,1107,1343.102981029811,267.92562510810563,1079.0,1070.0,1667.0,123,0,0.0,0.0,0.0,0.0,0.0,0
CA,2017-03-08,1016,1323.8454724409444,404.3189821603483,1614.0,610.2,1656.0,118,0,0.0,0.0,0.0,0.0,0.0,0
CA,2017-03-09,1121,1349.9785905441563,280.2868787064425,1597.5,1050.5,1612.5,126,0,0.0,0.0,0.0,0.0,0.0,0
CA,2017-03-10,987,1343.686930091185,216.2622264426627,1057.5,1029.8,1593.9,117,0,0.0,0.0,0.0,0.0,0.0,0
CA,2017-03-11,1197,1368.014202172097,0.0,1950.0,1950.0,1950.0,123,0,0.0,0.0,0.0,0.0,0.0,0
CA,2017-03-12,1214,1344.074135090609,246.9009390864276,1029.0,1006.0,1575.8,127,0,0.0,0.0,0.0,0.0,0.0,0
CA,2017-03-13,1152,1350.2031249999998,310.3937660456472,1565.5,966.8,1589.1,136,0,0.0,0.0,0.0,0.0,0.0,0
CA,2017-03-14,1306,1403.836140888209,9.297550453987569,1878.0,1865.6,1886.4,137,0,0.0,0.0,0.0,0.0,0.0,0
CA,2017-03-15,1112,1406.8498201438845,250.46505356148103,1553.0,1044.9,1572.8,127,1,71.05,0.0,0.0,0.0,0.0,1
CA,2017-03-16,1361,1380.4570168993384,25.046894793077847,1937.0,1889.0,1944.2,133,1,59.81,0.0,0.0,0.0,0.0,1
CA,2017-03-17,1115,1355.2331838565017,245.66064467828377,1292.0,1053.5,1548.0,126,0,0.0,0.0,0.0,0.0,0.0,0
CA,2017-03-18,1181,1298.8137171888236,6.081747637068449,1539.0,1531.6,1544.0,127,1,91.96,0.0,0.0,0.0,0.0,1
CA,2017-03-19,1281,1361.6338797814217,228.8593707285064,1534.0,1044.0,1543.0,120,0,0.0,0.0,0.0,0.0,0.0,0
CA,2017-03-20,1315,1381.3558935361223,23.972640655547316,1927.5,1902.1,1952.2,128,0,0.0,0.0,0.0,0.0,0.0,0
CA,2017-03-21,1354,1332.6240768094535,0.0,1943.0,1943.0,1943.0,142,0,0.0,0.0,0.0,0.0,0.0,0
CA,2017-03-22,1200,1343.6474999999998,14.055445761538678,1932.0,1912.0,1938.4,132,0,0.0,0.0,0.0,0.0,0.0,0
CA,2017-03-23,1261,1383.2069785884214,6.548960901462833,1909.0,1901.8,1914.6,134,0,0.0,0.0,0.0,0.0,0.0,0
CA,2017-03-24,1326,1401.5656108597277,0.0,1928.0,1928.0,1928.0,132,1,68.32,0.0,0.0,0.0,0.0,1
CA,2017-03-25,1092,1314.309523809524,5.436502143433363,1941.0,1933.8,1944.2,129,0,0.0,0.0,0.0,0.0,0.0,0
CA,2017-03-26,1023,1313.39100684262,5.509461558688532,1051.0,1043.6,1058.0,118,0,0.0,0.0,0.0,0.0,0.0,0
CA,2017-03-27,1334,1307.0944527736126,218.45279810521998,1045.0,1034.5,1056.0,127,0,0.0,0.0,0.0,0.0,0.0,0
CA,2017-03-28,1260,1359.346031746032,0.0,1938.0,1938.0,1938.0,138,0,0.0,0.0,0.0,0.0,0.0,0
CA,2017-03-29,1508,1367.6498673740057,6.967379614907232,1926.0,1918.0,1934.4,122,1,73.0,0.0,0.0,0.0,0.0,1
CA,2017-03-30,1394,1340.2568149210908,262.4284029343369,900.0,886.4,1338.4,134,1,55.16,0.0,0.0,0.0,0.0,1
CA,2017-03-31,1193,1370.0025146689022,146.5,1293.5,1176.3,1410.7,130,0,0.0,0.0,0.0,0.0,0.0,0
CA,2017-04-01,1265,1349.4877470355734,207.48410618885404,1941.0,1448.6,1951.4,130,0,0.0,0.0,0.0,0.0,0.0,0
CA,2017-04-02,1176,1354.3018707482993,0.0,1931.0,1931.0,1931.0,133,0,0.0,0.0,0.0,0.0,0.0,0
CA,2017-04-03,1521,1386.951347797501,334.4979866114166,1067.0,1031.2,1679.3999999999996,139,0,0.0,0.0,0.0,0.0,0.0,0
CA,2017-04-04,1328,1387.6302710843372,379.89368249551086,1174.5,889.0,1938.6,134,2,76.2,0.0,0.0,0.0,0.0,2
CA,2017-04-05,1167,1306.9742930591258,415.22686201494184,919.0,897.2,1794.6000000000001,140,0,0.0,0.0,0.0,0.0,0.0,0
CA,2017-04-06,1149,1404.8302872062663,9.591663046625438,1951.0,1935.6,1955.6,129,0,0.0,0.0,0.0,0.0,0.0,0
CA,2017-04-07,1229,1413.7314890154598,451.08611982635864,925.5,919.0,1655.1000000000001,133,1,87.49,0.0,0.0,0.0,0.0,1
CA,2017-04-08,1053,1395.9430199430208,211.05518235760047,1511.0,989.4,1522.6,122,1,67.93,0.0,0.0,0.0,0.0,1
CA,2017-04-09,887,1355.440811724915,0.0,920.0,920.0,920.0,121,0,0.0,0.0,0.0,0.0,0.0,0
CA,2017-04-10,1011,1316.5647873392684,5.5,912.5,908.1,916.9,122,0,0.0,0.0,0.0,0.0,0.0,0
CA,2017-04-11,1109,1363.534715960324,490.28781229894844,1960.0,923.5,1967.0,124,2,76.95,0.0,0.0,0.0,0.0,2
CA,2017-04-12,1401,1358.060670949322,433.5196874133861,1063.5,1033.4,1976.2,135,0,0.0,0.0,0.0,0.0,0.0,0
CA,2017-04-13,1285,1374.1268482490268,500.2529156255231,1934.0,948.6,1969.0,137,0,0.0,0.0,0.0,0.0,0.0,0
CA,2017-04-14,1333,1450.3833458364593,0.0,963.0,963.0,963.0,137,0,0.0,0.0,0.0,0.0,0.0,0
CA,2017-04-15,1062,1356.9839924670441,0.0,974.0,974.0,974.0,123,0,0.0,0.0,0.0,0.0,0.0,0
CA,2017-04-16,985,1386.8111675126895,127.5,1804.5,1702.5,1906.5,127,0,0.0,0.0,0.0,0.0,0.0,0
CA,2017-04-17,932,1398.0472103004297,197.1655317584193,1468.0,1054.4,1475.4,133,0,0.0,0.0,0.0,0.0,0.0,0
CA,2017-04-18,1037,1383.3539054966245,408.13154742068156,1986.0,1370.8,1991.2,128,1,19.98,0.0,0.0,0.0,0.0,1
CA,2017-04-19,1001,1370.1888111888106,285.6760500209206,1499.5,1232.0,1735.0,127,0,0.0,0.0,0.0,0.0,0.0,0
CA,2017-04-20,1173,1379.8951406649612,237.96148341701792,1084.0,965.4,1514.6,133,0,0.0,0.0,0.0,0.0,0.0,0
CA,2017-04-21,1188,1370.9915824915831,235.5855167753012,1291.0,1057.4,1521.0,130,0,0.0,0.0,0.0,0.0,0.0,0
CA,2017-04-22,1276,1396.2021943573664,13.38774939674457,1949.0,1934.6,1967.2,125,0,0.0,0.0,0.0,0.0,0.0,0
CA,2017-04-23,1191,1421.661628883291,234.71548601445116,1500.0,963.5,1511.8,124,2,61.95,0.0,0.0,0.0,0.0,2
CA,2017-04-24,1251,1390.0655475619508,161.9845671661347,1522.5,1303.5,1530.0,121,0,0.0,0.0,0.0,0.0,0.0,0
CA,2017-04-25,1388,1397.3962536023055,0.0,1932.0,1932.0,1932.0,143,0,0.0,0.0,0.0,0.0,0.0,0
CA,2017-04-26,1164,1372.146048109966,0.0,973.0,973.0,973.0,132,1,40.4,0.0,0.0,0.0,0.0,1
CA,2017-04-27,1284,1383.6261682242994,478.1822246800899,972.0,956.0,1938.0,138,0,0.0,0.0,0.0,0.0,0.0,0
CA,2017-04-28,1152,1370.5633680555557,425.8724691735778,941.0,811.6,1536.0,133,0,0.0,0.0,0.0,0.0,0.0,0
CA,2017-04-29,946,1393.6902748414377,0.0,933.0,933.0,933.0,116,0,0.0,0.0,0.0,0.0,0.0,0
CA,2017-04-30,1071,1342.5200746965454,5.919459434779497,1926.0,1920.4,1933.2,119,1,19.56,0.0,0.0,0.0,0.0,1
CA,2017-05-01,1177,1354.9099405267632,174.0099784201816,1008.0,994.0,1269.0,136,0,0.0,0.0,0.0,0.0,0.0,0
CA,2017-05-02,1189,1353.2077375946171,241.0,1182.0,989.2,1374.8,136,1,76.67,0.0,0.0,0.0,0.0,1
CA,2017-05-03,1221,1343.6895986895986,0.0,932.0,932.0,932.0,143,1,4.83,0.0,0.0,0.0,0.0,1
CA,2017-05-04,917,1405.2933478735006,0.0,1410.0,1410.0,1410.0,125,0,0.0,0.0,0.0,0.0,0.0,0
CA,2017-05-05,1090,1367.5513761467885,0.0,940.0,940.0,940.0,136,1,86.82,0.0,0.0,0.0,0.0,1
CA,2017-05-06,1111,1431.982898289829,147.48494838457245,1064.0,1044.0,1128.7999999999995,128,0,0.0,0.0,0.0,0.0,0.0,0
CA,2017-05-07,1195,1363.3891213389122,0.0,949.0,949.0,949.0,137,0,0.0,0.0,0.0,0.0,0.0,0
CA,2017-05-08,1152,1332.3958333333337,70.01399277054173,917.0,775.0,937.2,127,0,0.0,0.0,0.0,0.0,0.0,0
CA,2017-05-09,1240,1371.1354838709678,479.9009156991565,924.0,917.6,1735.2,143,0,0.0,0.0,0.0,0.0,0.0,0
CA,2017-05-10,1118,1338.6064400715566,261.6002510664405,1515.0,1037.6,1569.2,136,0,0.0,0.0,0.0,0.0,0.0,0
CA,2017-05-11,1282,1396.0897035881437,0.0,1941.0,1941.0,1941.0,134,0,0.0,0.0,0.0,0.0,0.0,0
CA,2017-05-12,1250,1407.4704000000002,262.6162538503461,1019.0,972.6,1528.8,124,1,86.18,0.0,0.0,0.0,0.0,1
CA,2017-05-13,998,1383.754509018036,7.762087348130012,1938.5,1931.0,1949.0,119,1,85.38,0.0,0.0,0.0,0.0,1
CA,2017-05-14,1160,1455.9913793103442,295.2807868039429,1248.0,932.9,1539.9,129,2,68.91,0.0,0.0,0.0,0.0,2
CA,2017-05-15,1125,1381.5679999999998,0.0,933.0,933.0,933.0,124,0,0.0,0.0,0.0,0.0,0.0,0
CA,2017-05-16,1038,1356.7379576107903,241.65168037081548,1002.0,970.0,1541.6,137,1,68.94,0.0,0.0,0.0,0.0,1
CA,2017-05-17,1121,1347.0535236396076,251.87872081618963,1514.5,1012.9,1533.8,131,0,0.0,0.0,0.0,0.0,0.0,0
CA,2017-05-18,1227,1395.3537082314579,490.4193995958969,1813.5,1032.5,1945.6,124,0,0.0,0.0,0.0,0.0,0.0,0
CA,2017-05-19,1153,1388.0242844752825,4.0,923.0,919.8,926.2,127,0,0.0,0.0,0.0,0.0,0.0,0
CA,2017-05-20,1018,1408.9764243614936,7.695597587076797,1953.0,1944.2,1962.5,112,0,0.0,0.0,0.0,0.0,0.0,0
CA,2017-05-21,1036,1385.8339768339763,240.85228353745603,1035.0,1010.4,1546.4,124,0,0.0,0.0,0.0,0.0,0.0,0
CA,2017-05-22,1078,1338.898886827458,202.3509176172965,1087.0,1051.0,1553.0,117,1,65.55,0.0,0.0,0.0,0.0,1
CA,2017-05-23,985,1355.906598984771,0.0,1956.0,1956.0,1956.0,130,0,0.0,0.0,0.0,0.0,0.0,0
CA,2017-05-24,922,1391.47830802603,224.3543003176135,1082.0,1073.2,1558.6,118,0,0.0,0.0,0.0,0.0,0.0,0
CA,2017-05-25,1081,1403.4375578168365,102.58340690336242,1801.0,1756.0,1980.0,122,0,0.0,0.0,0.0,0.0,0.0,0
CA,2017-05-26,1004,1398.1195219123504,0.0,1960.0,1960.0,1960.0,120,0,0.0,0.0,0.0,0.0,0.0,0
CA,2017-05-27,1053,1339.6695156695162,209.9811654500232,1126.0,1066.5,1553.0,123,0,0.0,0.0,0.0,0.0,0.0,0
CA,2017-05-28,1011,1378.070227497526,219.22508727079773,1560.0,1122.2,1568.0,112,0,0.0,0.0,0.0,0.0,0.0,0
CA,2017-05-29,1144,1428.1582167832162,290.83675976969164,1979.0,1955.4,1992.5,124,0,0.0,0.0,0.0,0.0,0.0,0
CA,2017-05-30,1295,1404.774517374518,0.0,1964.0,1964.0,1964.0,129,2,50.215,0.0,0.0,0.0,0.0,2
CA,2017-05-31,1218,1351.9696223316912,277.6862585063678,1552.0,1050.8,1574.4,138,1,82.16,0.0,0.0,0.0,0.0,1
CA,2017-06-01,887,1359.197294250282,244.9562453381777,1576.0,1103.4,1595.0,129,0,0.0,0.0,0.0,0.0,0.0,0
CA,2017-06-02,1019,1359.8439646712463,369.6039637233346,1582.5,1081.7,1960.8,135,0,0.0,0.0,0.0,0.0,0.0,0
CA,2017-06-03,1096,1344.6934306569342,272.0596069835912,1568.0,1070.0,1593.0,132,0,0.0,0.0,0.0,0.0,0.0,0
CA,2017-06-04,1083,1412.6011080332412,336.4876483617192,1954.5,1515.5,1962.8,110,0,0.0,0.0,0.0,0.0,0.0,0
CA,2017-06-05,1075,1384.027906976744,290.79750256836803,1566.0,1399.7,1953.6,123,0,0.0,0.0,0.0,0.0,0.0,0
CA,2017-06-06,1076,1412.0455390334575,210.17461412133636,1064.0,1037.6,1568.6,130,0,0.0,0.0,0.0,0.0,0.0,0
CA,2017-06-07,964,1385.0663900414936,3.5,1951.5,1948.7,1954.3,127,0,0.0,0.0,0.0,0.0,0.0,0
CA,2017-06-08,1090,1345.6816513761469,239.5157247447441,1097.0,1073.4,1580.6,128,0,0.0,0.0,0.0,0.0,0.0,0
CA,2017-06-09,1042,1444.920345489443,7.0,1944.0,1938.4,1949.6,128,0,0.0,0.0,0.0,0.0,0.0,0
CA,2017-06-10,1211,1386.0462427745667,100.05507359189383,1802.0,1780.6,1975.0,124,0,0.0,0.0,0.0,0.0,0.0,0
CA,2017-06-11,1129,1395.7032772364923,0.0,1933.0,1933.0,1933.0,123,0,0.0,0.0,0.0,0.0,0.0,0
CA,2017-06-12,980,1431.7336734693877,252.82367363239462,1777.5,1752.9,1960.5,119,0,0.0,0.0,0.0,0.0,0.0,0
CA,2017-06-13,1135,1367.6044052863442,0.0,1940.0,1940.0,1940.0,138,0,0.0,0.0,0.0,0.0,0.0,0
CA,2017-06-14,1248,1399.173878205128,4.0,925.0,921.8,928.2,132,0,0.0,0.0,0.0,0.0,0.0,0
CA,2017-06-15,1140,1364.9333333333327,0.0,1933.0,1933.0,1933.0,125,0,0.0,0.0,0.0,0.0,0.0,0
CA,2017-06-16,999,1369.4374374374372,12.741009902410928,1951.0,1930.5,1959.5,126,0,0.0,0.0,0.0,0.0,0.0,0
CA,2017-06-17,1249,1360.1064851881508,80.01115624690686,1760.0,1752.0,1958.0,108,0,0.0,0.0,0.0,0.0,0.0,0
CA,2017-06-18,1042,1406.5115163147796,186.400381010384,1621.0,1404.4,1628.8,110,0,0.0,0.0,0.0,0.0,0.0,0
CA,2017-06-19,1037,1431.5467695274829,260.01038440800784,1391.0,1074.4,1628.2,121,1,84.75,0.0,0.0,0.0,0.0,1
CA,2017-06-20,1022,1329.5048923679055,91.6365101910805,1761.0,1753.7,1969.8,128,1,68.1,0.0,0.0,0.0,0.0,1
CA,2017-06-21,1022,1315.5851272015657,282.29981845548537,1609.0,1071.9,1720.0,131,0,0.0,0.0,0.0,0.0,0.0,0
CA,2017-06-22,974,1353.2320328542098,0.0,921.0,921.0,921.0,117,0,0.0,0.0,0.0,0.0,0.0,0
CA,2017-06-23,1040,1355.5355769230762,226.2973707315222,1604.0,1435.1,1714.6,120,0,0.0,0.0,0.0,0.0,0.0,0
CA,2017-06-24,1189,1393.6745164003362,159.84036328796472,1177.0,1162.6,1582.0,118,0,0.0,0.0,0.0,0.0,0.0,0
CA,2017-06-25,946,1399.2758985200849,115.5,1816.5,1724.1,1908.9,106,0,0.0,0.0,0.0,0.0,0.0,0
CA,2017-06-26,930,1346.1483870967745,189.88345184918103,1135.0,1115.0,1581.0,117,0,0.0,0.0,0.0,0.0,0.0,0
CA,2017-06-27,1111,1367.277227722772,63.01420474781856,1756.0,1731.9,1777.0,127,1,61.51,0.0,0.0,0.0,0.0,1
CA,2017-06-28,939,1394.3375931842384,103.65779034882038,1988.0,1785.0,2007.0,119,0,0.0,0.0,0.0,0.0,0.0,0
CA,2017-06-29,1047,1345.9541547277947,252.9316701246922,1590.0,1067.0,1605.0,120,0,0.0,0.0,0.0,0.0,0.0,0
CA,2017-06-30,962,1358.6798336798338,0.0,930.0,930.0,930.0,135,0,0.0,0.0,0.0,0.0,0.0,0
CA,2017-07-01,1098,1405.399817850638,224.930882053406,1159.0,1131.2,1592.6,109,0,0.0,0.0,0.0,0.0,0.0,0
CA,2017-07-02,931,1344.5134264232008,2.0,1923.0,1921.4,1924.6,111,0,0.0,0.0,0.0,0.0,0.0,0
CA,2017-07-03,1016,1326.2864173228352,278.039902711823,1144.0,1116.1,1585.2,117,0,0.0,0.0,0.0,0.0,0.0,0
CA,2017-07-04,796,1346.2613065326627,72.18131930868857,1830.0,1817.9,1996.2,121,0,0.0,0.0,0.0,0.0,0.0,0
CA,2017-07-05,1029,1336.279883381924,20.79322962979777,1013.5,985.1,1036.0,121,1,93.27,0.0,0.0,0.0,0.0,1
CA,2017-07-06,1061,1327.6559849198868,18.45073852359617,1029.5,1004.3,1054.4,119,0,0.0,0.0,0.0,0.0,0.0,0
CA,2017-07-07,1022,1328.6095890410952,274.6649307731101,1043.0,1019.6,1586.8000000000004,117,1,95.12,0.0,0.0,0.0,0.0,1
CA,2017-07-08,1059,1358.2908404154869,388.63049922845164,1047.0,1016.8,1865.0,128,1,60.78,0.0,0.0,0.0,0.0,1
CA,2017-07-09,1058,1365.240075614367,417.9675448781024,1049.0,1023.6,1966.8,113,1,81.19,0.0,0.0,0.0,0.0,1
CA,2017-07-10,1024,1326.29296875,335.635526422967,1030.5,1014.6,1919.2,126,0,0.0,0.0,0.0,0.0,0.0,0
CA,2017-07-11,1075,1312.1153488372095,17.291354189455937,1011.0,993.2,1036.2,123,0,0.0,0.0,0.0,0.0,0.0,0
CA,2017-07-12,1073,1357.2525629077352,25.912781059203624,1043.0,1016.7,1080.4,125,0,0.0,0.0,0.0,0.0,0.0,0
CA,2017-07-13,1070,1385.913084112149,131.96090088689485,1098.5,1084.0,1112.0,125,0,0.0,0.0,0.0,0.0,0.0,0
CA,2017-07-14,1132,1370.627208480565,250.8861163317728,1053.0,1034.6,1383.7999999999988,112,0,0.0,0.0,0.0,0.0,0.0,0
CA,2017-07-15,936,1357.7019230769233,416.79246634266315,1783.5,989.9,1941.2,114,0,0.0,0.0,0.0,0.0,0.0,0
CA,2017-07-16,981,1312.7492354740054,215.56365069278263,1021.5,1001.5,1031.0,109,0,0.0,0.0,0.0,0.0,0.0,0
CA,2017-07-17,1137,1329.5769569041338,244.55369634698926,1039.0,1027.0,1053.8,116,1,80.21,0.0,0.0,0.0,0.0,1
CA,2017-07-18,1121,1311.1935771632468,385.6446409787724,1062.5,1045.0,1855.3,126,0,0.0,0.0,0.0,0.0,0.0,0
CA,2017-07-19,1278,1319.9374021909234,316.26560352461524,1042.0,1032.0,1908.0,123,0,0.0,0.0,0.0,0.0,0.0,0
CA,2017-07-20,1225,1342.1444897959184,16.30450044294144,1059.0,1033.0,1072.0,110,0,0.0,0.0,0.0,0.0,0.0,0
CA,2017-07-21,1188,1367.5622895622892,393.6968878543147,1062.0,1030.6,1861.2,123,0,0.0,0.0,0.0,0.0,0.0,0
CA,2017-07-22,1191,1363.3727959697737,18.58227752624214,1078.0,1054.6,1101.8,124,1,66.97,0.0,0.0,0.0,0.0,1
CA,2017-07-23,1094,1339.670018281536,207.1300416807438,1060.5,1050.5,1078.0,118,0,0.0,0.0,0.0,0.0,0.0,0
CA,2017-07-24,1190,1359.1,387.20640167745165,1097.0,1052.0,1859.0,127,0,0.0,0.0,0.0,0.0,0.0,0
CA,2017-07-25,1261,1326.8191911181607,240.0019691908501,1102.0,1071.6,1123.8,132,0,0.0,0.0,0.0,0.0,0.0,0
CA,2017-07-26,1064,1363.1710526315787,348.4127661571857,1815.0,1089.0,1857.0,121,0,0.0,0.0,0.0,0.0,0.0,0
CA,2017-07-27,1132,1339.9637809187282,342.86352922033205,1083.0,1072.4,1836.6,121,0,0.0,0.0,0.0,0.0,0.0,0
CA,2017-07-28,1093,1357.638609332113,394.8922156019591,1820.0,1007.3,1849.8,119,0,0.0,0.0,0.0,0.0,0.0,0
CA,2017-07-29,952,1336.4359243697477,189.95277795083615,1003.0,994.1,1021.9,112,0,0.0,0.0,0.0,0.0,0.0,0
CA,2017-07-30,878,1334.214123006834,201.3911743961332,1018.0,1006.0,1040.0,104,0,0.0,0.0,0.0,0.0,0.0,0
CA,2017-07-31,1085,1337.9207373271893,206.25078376207236,1027.5,1018.7,1049.0,124,2,74.51,0.0,0.0,0.0,0.0,2
CA,2017-08-01,1164,1329.8994845360817,433.31371550144434,1868.0,1032.3,2004.3,122,0,0.0,0.0,0.0,0.0,0.0,0
CA,2017-08-02,1186,1308.4283305227661,409.72173895656834,1044.0,1011.6,1886.4,138,1,91.37,0.0,0.0,0.0,0.0,1
CA,2017-08-03,1100,1309.2500000000007,249.96059424787055,1056.0,1045.0,1078.4,128,0,0.0,0.0,0.0,0.0,0.0,0
CA,2017-08-04,1179,1368.8948261238327,376.1764372091337,1816.0,1044.0,1846.5,128,0,0.0,0.0,0.0,0.0,0.0,0
CA,2017-08-05,886,1348.8814898419862,383.5287725007571,1791.5,1057.3,1834.8,110,0,0.0,0.0,0.0,0.0,0.0,0
CA,2017-08-06,914,1372.1641137855586,223.99220114289585,1089.5,1054.0,1104.4,112,1,88.98,0.0,0.0,0.0,0.0,1
CA,2017-08-07,986,1370.8590263691683,315.3534825217657,1108.0,1094.0,2039.0,122,0,0.0,0.0,0.0,0.0,0.0,0
CA,2017-08-08,1176,1359.392857142857,375.58526416439645,1111.0,1093.3,2047.1,122,0,0.0,0.0,0.0,0.0,0.0,0
CA,2017-08-09,969,1336.846233230134,353.6660906896556,1111.0,1095.6,2029.8,113,0,0.0,0.0,0.0,0.0,0.0,0
CA,2017-08-10,1045,1344.0669856459324,11.929794633605391,1140.0,1121.8,1154.4,121,0,0.0,0.0,0.0,0.0,0.0,0
CA,2017-08-11,1006,1385.7166998011935,36.0253167859031,1103.0,1080.0,1171.0,124,0,0.0,0.0,0.0,0.0,0.0,0
CA,2017-08-12,969,1337.7750257997927,237.58581134293203,1072.0,1052.0,1087.5,115,0,0.0,0.0,0.0,0.0,0.0,0
CA,2017-08-13,1017,1384.435594886922,9.830822027093923,1061.0,1049.9,1073.2,103,0,0.0,0.0,0.0,0.0,0.0,0
CA,2017-08-14,1018,1367.2092337917484,10.912042171832988,1044.0,1034.2,1058.2,121,0,0.0,0.0,0.0,0.0,0.0,0
CA,2017-08-15,982,1358.0183299389003,12.380135173477722,1027.0,1011.0,1046.0,116,0,0.0,0.0,0.0,0.0,0.0,0
CA,2017-08-16,987,1328.7801418439717,11.70181173832427,1017.0,997.7,1026.3,112,0,0.0,0.0,0.0,0.0,0.0,0
CA,2017-08-17,1032,1329.6666666666663,11.92720882056265,1002.0,988.8,1017.2,123,0,0.0,0.0,0.0,0.0,0.0,0
CA,2017-08-18,1175,1359.067234042553,445.5298139260188,1012.5,977.0,2022.8,135,2,74.39,0.0,0.0,0.0,0.0,2
CA,2017-08-19,1348,1342.0081602373887,12.295185953581024,962.0,948.0,976.6,121,0,0.0,0.0,0.0,0.0,0.0,0
CA,2017-08-20,1182,1393.677664974619,10.561986345169906,985.0,976.0,1000.6,128,1,33.14,0.0,0.0,0.0,0.0,1
CA,2017-08-21,1348,1371.2418397626116,218.61807132785503,1462.0,1218.5,1718.5,127,0,0.0,0.0,0.0,0.0,0.0,0
CA,2017-08-22,1281,1372.8516783762693,192.07899890666772,1046.0,1032.0,1458.0,139,0,0.0,0.0,0.0,0.0,0.0,0
CA,2017-08-23,1168,1321.3672945205483,153.86796169377186,1476.0,1059.6,1488.0,142,0,0.0,0.0,0.0,0.0,0.0,0
CA,2017-08-24,1148,1355.6742160278743,290.19950225855166,1046.0,1010.4,1574.0000000000002,128,0,0.0,0.0,0.0,0.0,0.0,0
CA,2017-08-25,1104,1339.6711956521747,227.90348834539589,1449.0,1006.0,1488.4,128,0,0.0,0.0,0.0,0.0,0.0,0
CA,2017-08-26,1332,1337.2867867867867,273.70993770778585,1400.0,1025.6,1506.7000000000007,135,0,0.0,0.0,0.0,0.0,0.0,0
CA,2017-08-27,1213,1374.4880461665296,441.0449700427384,1859.0,1041.4,1967.0,116,0,0.0,0.0,0.0,0.0,0.0,0
CA,2017-08-28,1280,1352.1906249999997,145.47454585014077,1376.5,1035.0,1400.5,120,0,0.0,0.0,0.0,0.0,0.0,0
CA,2017-08-29,1366,1318.6800878477304,180.40749813856237,1385.5,1029.0,1403.5,124,0,0.0,0.0,0.0,0.0,0.0,0
CA,2017-08-30,1165,1268.9381974248927,395.8788015418407,1921.0,1048.4,1933.9,124,0,0.0,0.0,0.0,0.0,0.0,0
CA,2017-08-31,1442,1332.001386962552,222.22641927639143,1771.0,1416.1,1820.6,128,0,0.0,0.0,0.0,0.0,0.0,0
CA,2017-09-01,1204,1317.4335548172762,312.7376322177296,1129.0,1100.0,1920.0,129,0,0.0,0.0,0.0,0.0,0.0,0
CA,2017-09-02,1307,1368.6373374139246,307.56011517367835,1483.0,1131.6,1800.8,119,0,0.0,0.0,0.0,0.0,0.0,0
CA,2017-09-03,1254,1332.5996810207334,172.14358380252906,1486.0,1155.0,1535.0,114,0,0.0,0.0,0.0,0.0,0.0,0
CA,2017-09-04,1440,1400.9437500000001,192.8344137106007,1566.0,1546.2,1913.0,133,0,0.0,0.0,0.0,0.0,0.0,0
CA,2017-09-05,1092,1356.9505494505497,214.53277397896835,1545.0,1146.0,1575.0,130,0,0.0,0.0,0.0,0.0,0.0,0
CA,2017-09-06,1075,1367.972093023256,261.30802216728745,1163.0,1149.0,1555.6,127,0,0.0,0.0,0.0,0.0,0.0,0
CA,2017-09-07,1287,1358.820512820513,132.55452519034384,1149.5,1105.7,1491.9000000000008,138,0,0.0,0.0,0.0,0.0,0.0,0
CA,2017-09-08,1055,1380.2644549763027,336.62947595484366,1090.0,1076.4,1832.2,128,0,0.0,0.0,0.0,0.0,0.0,0
CA,2017-09-09,1277,1357.787783868442,355.63393311506013,1094.0,1011.2,1798.0,124,0,0.0,0.0,0.0,0.0,0.0,0
CA,2017-09-10,1343,1392.752047654505,143.9823243395599,1005.0,989.3,1019.1,117,2,93.175,0.0,0.0,0.0,0.0,2
CA,2017-09-11,1066,1356.1172607879926,348.8702541363555,1028.0,1017.0,1932.2,129,1,78.88,0.0,0.0,0.0,0.0,1
CA,2017-09-12,1138,1331.1616871704748,269.3811545004587,1005.0,959.0,1579.1,122,0,0.0,0.0,0.0,0.0,0.0,0
CA,2017-09-13,1117,1331.8531781557724,334.1393978418029,999.0,959.0,1782.6000000000004,130,0,0.0,0.0,0.0,0.0,0.0,0
CA,2017-09-14,1119,1327.6344950848982,321.9994408212484,990.0,975.6,1818.0,121,0,0.0,0.0,0.0,0.0,0.0,0
CA,2017-09-15,1198,1338.7287145242067,354.4560233408919,1020.5,979.0,1801.4,124,0,0.0,0.0,0.0,0.0,0.0,0
CA,2017-09-16,1142,1346.0971978984237,13.92813898392587,1019.5,1008.3,1040.2,130,1,68.61,0.0,0.0,0.0,0.0,1
CA,2017-09-17,1417,1376.094565984474,334.1349241417775,1560.0,1033.0,1796.0,134,1,70.61,0.0,0.0,0.0,0.0,1
CA,2017-09-18,1437,1338.8086290883787,335.5352151778202,1076.0,1046.4,1802.6,135,0,0.0,0.0,0.0,0.0,0.0,0
CA,2017-09-19,1421,1346.755805770584,18.631540395808962,1068.5,1036.8,1085.0,140,1,89.7,0.0,0.0,0.0,0.0,1
CA,2017-09-20,1306,1326.221286370597,313.06548096508635,1491.0,1051.4,1804.6,139,0,0.0,0.0,0.0,0.0,0.0,0
CA,2017-09-21,1232,1361.6980519480517,464.19005804691056,1118.0,514.0,1846.0,141,0,0.0,0.0,0.0,0.0,0.0,0
CA,2017-09-22,1378,1389.421625544267,442.14775797591284,1142.0,562.6,1849.6,129,0,0.0,0.0,0.0,0.0,0.0,0
CA,2017-09-23,1350,1377.8955555555553,286.38156148804444,1141.0,633.3000000000001,1166.2,144,0,0.0,0.0,0.0,0.0,0.0,0
CA,2017-09-24,1085,1354.7889400921658,393.86026151415683,1154.5,642.8,1862.9,132,0,0.0,0.0,0.0,0.0,0.0,0
CA,2017-09-25,1156,1290.4524221453285,422.0820214361878,1074.0,702.8,1869.2,132,0,0.0,0.0,0.0,0.0,0.0,0
CA,2017-09-26,1326,1314.6184012066371,504.50410739160486,1066.0,650.4,1837.1,137,0,0.0,0.0,0.0,0.0,0.0,0
CA,2017-09-27,1111,1308.3942394239423,516.7975563852003,1095.0,637.6,1975.2,136,0,0.0,0.0,0.0,0.0,0.0,0
CA,2017-09-28,1363,1308.4086573734412,269.455266397911,1087.0,655.0,1112.0,142,0,0.0,0.0,0.0,0.0,0.0,0
CA,2017-09-29,1585,1312.2656151419562,123.07508514732801,1063.0,1046.4,1094.8,133,0,0.0,0.0,0.0,0.0,0.0,0
CA,2017-09-30,1298,1361.0446841294292,386.0510819435978,1101.5,1089.0,1978.0,144,1,91.32,0.0,0.0,0.0,0.0,1
CA,2017-10-01,1416,1326.075564971752,319.134043340255,1832.0,1108.0,1849.2,133,1,70.33,0.0,0.0,0.0,0.0,1
CA,2017-10-02,1147,1309.0566695727987,78.55037690709909,1077.0,1053.6,1095.2,127,3,18.343333333333334,0.0,6.48,6.48,6.48,3
CA,2017-10-03,1269,1275.575256107171,267.4438070317752,1054.0,685.0,1074.2,131,1,90.43,0.0,0.0,0.0,0.0,1
CA,2017-10-04,1323,1298.8699924414204,261.36951752520423,1070.0,1033.8,1400.4000000000015,133,0,0.0,0.0,0.0,0.0,0.0,0
CA,2017-10-05,1209,1331.1985111662525,0.0,1074.0,1074.0,1074.0,145,2,30.31,0.0,0.0,0.0,0.0,2
CA,2017-10-06,1198,1368.8622704507513,38.23209262614845,1825.0,1790.0,1855.0,128,0,0.0,0.0,0.0,0.0,0.0,0
CA,2017-10-07,1351,1361.9970392301998,123.83232839430724,1781.5,1538.7,1960.2,132,0,0.0,0.0,0.0,0.0,0.0,0
CA,2017-10-08,1163,1337.2158211521933,5.734883511361751,1976.0,1969.6,1980.8,118,0,0.0,0.0,0.0,0.0,0.0,0
CA,2017-10-09,1373,1371.0109249817915,4.898979485566356,1979.0,1974.2,1983.8,138,1,79.91,0.0,0.0,0.0,0.0,1
CA,2017-10-10,1124,1333.0177935943063,117.8592616452163,1942.0,1810.7,1968.2,130,0,0.0,0.0,0.0,0.0,0.0,0
CA,2017-10-11,1371,1362.4522246535382,0.0,1939.0,1939.0,1939.0,138,0,0.0,0.0,0.0,0.0,0.0,0
CA,2017-10-12,1390,1342.9618705035975,0.0,650.0,650.0,650.0,138,2,82.39,0.0,0.0,0.0,0.0,1
CA,2017-10-13,1459,1333.396161754627,143.31698032075963,1711.0,1677.0,1764.8,146,0,0.0,0.0,0.0,0.0,0.0,0
CA,2017-10-14,1406,1360.80227596017,108.29906509291759,1827.0,1717.8,1936.9,133,0,0.0,0.0,0.0,0.0,0.0,0
CA,2017-10-15,1545,1339.4291262135914,0.0,1960.0,1960.0,1960.0,139,0,0.0,0.0,0.0,0.0,0.0,0
CA,2017-10-16,1537,1333.55888093689,181.71415451366815,1192.0,1171.0,1555.5,141,1,64.86,0.0,0.0,0.0,0.0,1
CA,2017-10-17,1669,1305.675853804673,14.54295362022447,1725.0,1706.9,1746.2,156,0,0.0,0.0,0.0,0.0,0.0,0
CA,2017-10-18,1428,1298.0791316526613,276.8634890729232,1721.5,1697.7,1741.4,143,0,0.0,0.0,0.0,0.0,0.0,0
CA,2017-10-19,1504,1306.201462765958,4.0,1766.0,1762.8,1769.2,162,1,62.66,0.0,0.0,0.0,0.0,1
CA,2017-10-20,1595,1386.7780564263328,160.31276375330262,1767.5,1717.1000000000001,1787.2,156,0,0.0,0.0,0.0,0.0,0.0,0
CA,2017-10-21,1436,1334.9651810584955,616.1324773064936,1168.0,633.3,1935.9,145,2,80.775,0.0,0.0,0.0,0.0,2
CA,2017-10-22,1274,1392.0886970172687,0.0,634.0,634.0,634.0,142,0,0.0,0.0,0.0,0.0,0.0,0
CA,2017-10-23,1308,1308.5405198776764,402.064161546388,1755.5,639.4,1780.0,145,0,0.0,0.0,0.0,0.0,0.0,0
CA,2017-10-24,1272,1345.8207547169816,563.6816160615089,1758.5,622.3,1773.9,139,1,51.1,0.0,0.0,0.0,0.0,1
CA,2017-10-25,1345,1341.038661710037,6.548960901462833,1776.0,1768.8,1781.6,149,1,92.12,0.0,0.0,0.0,0.0,1
CA,2017-10-26,1267,1341.7521704814517,9.525954107221626,1784.0,1772.0,1792.0,149,0,0.0,0.0,0.0,0.0,0.0,0
CA,2017-10-27,1417,1336.4855328158076,65.10144658229522,1785.0,1768.1,1927.8,143,1,90.71,0.0,0.0,0.0,0.0,1
CA,2017-10-28,1460,1364.9363013698621,108.2126301932142,1531.0,1521.4,1661.2,138,1,95.85,0.0,0.0,0.0,0.0,1
CA,2017-10-29,1588,1379.2493702770785,14.74256874948641,1765.5,1740.9,1779.0,132,1,71.41,0.0,0.0,0.0,0.0,1
CA,2017-10-30,1361,1381.515797207935,11.080471989230976,1761.0,1747.0,1779.0,142,1,56.86,0.0,0.0,0.0,0.0,1
CA,2017-10-31,1258,1354.047694753577,18.853844584627875,1768.0,1739.4,1787.0,143,0,0.0,0.0,0.0,0.0,0.0,0
CA,2017-11-01,1210,1338.5198347107435,59.018535224114125,1801.5,1791.7,1894.6,141,0,0.0,0.0,0.0,0.0,0.0,0
CA,2017-11-02,1394,1351.5272596843618,592.261924742761,1225.5,631.4,1818.9,140,0,0.0,0.0,0.0,0.0,0.0,0
CA,2017-11-03,1357,1395.4885777450274,557.9011449172693,657.0,646.4,1557.3000000000002,145,0,0.0,0.0,0.0,0.0,0.0,0
CA,2017-11-04,1361,1390.4327700220422,286.4783064547893,1836.0,1816.0,1931.4,138,0,0.0,0.0,0.0,0.0,0.0,0
CA,2017-11-05,1222,1362.9378068739768,219.71351043271477,1833.0,1820.2,1847.8,125,0,0.0,0.0,0.0,0.0,0.0,0
CA,2017-11-06,1234,1358.3833063209072,375.781971361054,1867.5,1736.7,1936.0,141,0,0.0,0.0,0.0,0.0,0.0,0
CA,2017-11-07,1289,1327.273079906904,29.409347531392502,1832.5,1817.3,1859.1,139,0,0.0,0.0,0.0,0.0,0.0,0
CA,2017-11-08,1203,1356.6043225270155,6.944222218666553,939.0,928.6,941.4,141,0,0.0,0.0,0.0,0.0,0.0,0
CA,2017-11-09,1053,1367.2440645773975,3.5,1938.5,1935.7,1941.3,126,0,0.0,0.0,0.0,0.0,0.0,0
CA,2017-11-10,1515,1354.3372937293727,537.4190848186104,1821.0,647.0,1933.0,161,0,0.0,0.0,0.0,0.0,0.0,0
CA,2017-11-11,1654,1356.5906892382109,170.81166529250865,1524.0,1509.0,1887.0,154,0,0.0,0.0,0.0,0.0,0.0,0
CA,2017-11-12,1564,1372.156010230179,45.671397430009485,1844.0,1833.8,1937.6,140,0,0.0,0.0,0.0,0.0,0.0,0
CA,2017-11-13,1395,1341.7612903225809,36.657574630324056,1855.0,1847.0,1939.4,140,0,0.0,0.0,0.0,0.0,0.0,0
CA,2017-11-14,1196,1335.9832775919733,8.083244582171606,1834.0,1824.0,1844.0,130,0,0.0,0.0,0.0,0.0,0.0,0
CA,2017-11-15,1346,1326.526745913819,0.0,1928.0,1928.0,1928.0,144,1,55.04,0.0,0.0,0.0,0.0,1
CA,2017-11-16,1210,1312.0801652892565,40.28571217713728,1813.0,1801.0,1926.0,138,0,0.0,0.0,0.0,0.0,0.0,0
CA,2017-11-17,1053,1257.8300094966758,552.713929171321,661.5,649.7,1553.2000000000003,139,1,33.28,0.0,0.0,0.0,0.0,1
CA,2017-11-18,1181,1307.2235393734122,0.0,1930.0,1930.0,1930.0,128,1,84.69,0.0,0.0,0.0,0.0,1
CA,2017-11-19,1436,1359.1239554317544,27.86601242441229,1811.5,1790.0,1839.6,126,1,77.22,0.0,0.0,0.0,0.0,1
CA,2017-11-20,1363,1332.7322083639026,60.87268989456602,1792.0,1776.5,1927.0,137,0,0.0,0.0,0.0,0.0,0.0,0
CA,2017-11-21,1305,1318.7601532567044,37.821573878109355,1777.5,1749.0,1813.5,148,0,0.0,0.0,0.0,0.0,0.0,0
CA,2017-11-22,1498,1306.4325767690248,63.75922485668454,1747.0,1737.2,1833.0,149,1,76.38,0.0,0.0,0.0,0.0,1
CA,2017-11-23,1400,1350.294285714286,47.22769276430491,1748.0,1727.0,1764.6,145,0,0.0,0.0,0.0,0.0,0.0,0
CA,2017-11-24,1456,1344.7184065934066,61.92934750859432,1763.5,1746.0,1870.0,156,0,0.0,0.0,0.0,0.0,0.0,0
CA,2017-11-25,1265,1328.952569169961,69.7277244398206,1785.0,1766.9,1937.4,139,0,0.0,0.0,0.0,0.0,0.0,0
CA,2017-11-26,1497,1288.340013360054,17.43141321484482,1917.5,1906.1,1934.4,137,0,0.0,0.0,0.0,0.0,0.0,0
CA,2017-11-27,1228,1359.3355048859933,220.92248767866568,1538.0,1067.0,1554.4,148,2,51.42,0.0,0.0,0.0,0.0,2
CA,2017-11-28,959,1304.6663190823776,361.439483178028,1914.5,1330.7,1920.1,130,0,0.0,0.0,0.0,0.0,0.0,0
CA,2017-11-29,973,1262.7276464542656,445.65675436184443,1054.5,779.9000000000001,1923.4,141,1,74.65,0.0,0.0,0.0,0.0,1
CA,2017-11-30,1198,1308.5517529215365,0.0,1929.0,1929.0,1929.0,145,0,0.0,0.0,0.0,0.0,0.0,0
CA,2017-12-01,1270,1316.3842519685045,8.194074514114277,1945.0,1936.8,1956.2,134,1,40.84,0.0,0.0,0.0,0.0,1
CA,2017-12-02,1100,1368.411818181819,5.0,1940.0,1936.0,1944.0,128,0,0.0,0.0,0.0,0.0,0.0,0
CA,2017-12-03,1220,1339.8319672131145,652.0,1319.0,797.4,1840.6,140,3,57.45333333333334,0.0,0.0,0.0,0.0,3
CA,2017-12-04,1335,1380.772284644195,6.548960901462833,683.0,677.4,690.2,141,34,57.82117647058823,0.0,0.0,0.0,0.0,21
CA,2017-12-05,1163,1370.9200343938096,4.0276819911981905,701.0,700.2,707.4,133,2,99.68,0.0,0.0,0.0,0.0,2
CA,2017-12-06,1194,1328.0217755443891,6.0941684329274075,695.0,690.0,703.5,149,2,79.34,0.0,0.0,0.0,0.0,2
CA,2017-12-07,1372,1309.5874635568514,458.79815148020475,766.5,713.1,1776.9,153,1,93.83,0.0,0.0,0.0,0.0,1
CA,2017-12-08,1313,1379.6466108149275,446.8787474902434,1733.0,807.4,1767.6,145,0,0.0,0.0,0.0,0.0,0.0,0
CA,2017-12-09,1330,1394.4563909774429,409.25926452555717,1737.0,802.4,1768.8,138,1,66.85,0.0,0.0,0.0,0.0,1
CA,2017-12-10,1331,1381.968444778362,256.38804262751194,1766.0,1753.2,1783.8,141,0,0.0,0.0,0.0,0.0,0.0,0
CA,2017-12-11,1342,1359.1043219076005,100.2952331212609,811.0,795.0,826.0,140,1,86.05,0.0,0.0,0.0,0.0,1
CA,2017-12-12,1316,1348.9999999999995,461.33480517855554,1755.0,839.6,1778.0,147,0,0.0,0.0,0.0,0.0,0.0,0
CA,2017-12-13,1220,1335.999180327869,309.3125424047478,1764.0,1213.0,1772.8,152,1,73.6,0.0,0.0,0.0,0.0,1
CA,2017-12-14,1155,1327.4545454545453,6.773222512945853,843.0,836.0,851.0,149,0,0.0,0.0,0.0,0.0,0.0,0
CA,2017-12-15,1171,1315.4269854824945,11.034491379306976,1769.0,1756.2,1781.2,133,2,81.56,0.0,0.0,0.0,0.0,2
CA,2017-12-16,1177,1295.1138487680544,224.2771330296515,1765.5,1723.0,1785.0,134,0,0.0,0.0,0.0,0.0,0.0,0
CA,2017-12-17,1233,1360.3041362530407,170.24325370509916,1735.0,1723.8,1757.0,134,0,0.0,0.0,0.0,0.0,0.0,0
CA,2017-12-18,1119,1374.7408400357458,0.0,833.0,833.0,833.0,143,1,83.35,0.0,0.0,0.0,0.0,1
CA,2017-12-19,1174,1356.0749574105625,17.889525537781658,1749.5,1739.1,1764.7,144,0,0.0,0.0,0.0,0.0,0.0,0
CA,2017-12-20,1286,1354.7853810264387,202.11118107807494,1735.0,1719.2,1749.2,148,1,82.36,0.0,0.0,0.0,0.0,1
CA,2017-12-21,1172,1310.9590443686009,46.03887738957714,1743.0,1727.0,1759.0,134,0,0.0,0.0,0.0,0.0,0.0,0
CA,2017-12-22,1223,1389.2878168438272,59.60037962529509,1756.0,1729.2,1785.9,135,0,0.0,0.0,0.0,0.0,0.0,0
CA,2017-12-23,1147,1357.2240627724498,367.16974503798383,1731.0,838.4,1753.6,132,0,0.0,0.0,0.0,0.0,0.0,0
CA,2017-12-24,1298,1388.5685670261937,80.39393728169016,1730.0,1718.2,1858.5999999999997,132,0,0.0,0.0,0.0,0.0,0.0,0
CA,2017-12-25,1050,1395.437142857143,391.0914564954724,1743.0,841.5,1751.5,119,0,0.0,0.0,0.0,0.0,0.0,0
CA,2017-12-26,1107,1425.5835591689256,87.17734160255684,1768.0,1761.0,1887.0,139,0,0.0,0.0,0.0,0.0,0.0,0
CA,2017-12-27,1121,1415.1864406779662,10.730954702300723,1762.0,1745.8,1772.4,132,0,0.0,0.0,0.0,0.0,0.0,0
CA,2017-12-28,1319,1438.6527672479147,111.15354745176202,1793.0,1768.6,2017.8,138,0,0.0,0.0,0.0,0.0,0.0,0
CA,2017-12-29,1333,1405.6789197299322,72.97660429950481,2038.0,1938.6,2050.4,129,0,0.0,0.0,0.0,0.0,0.0,0
CA,2017-12-30,1417,1412.416372618207,131.07024834034613,1939.0,1787.9,2077.1,139,2,79.85,0.0,0.0,0.0,0.0,2
CA,2017-12-31,1171,1408.1588385994878,165.43433198913712,1728.0,1523.8,2050.2,136,0,0.0,0.0,0.0,0.0,0.0,0
CA,2018-01-01,1027,1439.6338851022392,26.573671180324332,1546.0,1541.8,1586.6,119,0,0.0,0.0,0.0,0.0,0.0,0
CA,2018-01-02,1282,1382.3408736349452,158.87140985692537,1718.5,1702.1,2086.8,143,6,60.85333333333333,0.0,0.0,0.0,0.0,3
CA,2018-01-03,1169,1387.80752780154,137.1261472036372,2073.0,1752.2,2089.4,131,1,100.0,0.0,0.0,0.0,0.0,1
CA,2018-01-04,1419,1400.8280479210703,197.00428641469918,1747.0,1551.0,2042.0,139,0,0.0,0.0,0.0,0.0,0.0,0
CA,2018-01-05,1750,1441.277142857143,132.50246911279675,1733.5,1714.0,2007.8,158,1,75.7,0.0,0.0,0.0,0.0,1
CA,2018-01-06,1306,1398.75191424196,135.7447604882045,1728.0,1714.8,1997.4,143,2,67.095,0.0,0.0,0.0,0.0,2
CA,2018-01-07,1784,1426.3559417040358,147.3773478002237,2009.0,1720.0,2028.0,149,0,0.0,0.0,0.0,0.0,0.0,0
CA,2018-01-08,1485,1406.539393939394,148.75714268565392,1881.0,1719.2,2023.9,148,0,0.0,0.0,0.0,0.0,0.0,0
CA,2018-01-09,1219,1433.766201804758,0.0,2033.0,2033.0,2033.0,148,0,0.0,0.0,0.0,0.0,0.0,0
CA,2018-01-10,1162,1384.3192771084325,89.40367862386474,1744.0,1733.5,1891.5,138,0,0.0,0.0,0.0,0.0,0.0,0
CA,2018-01-11,1109,1335.5175834084762,140.2307835429198,1272.0,1242.0,1531.2,139,0,0.0,0.0,0.0,0.0,0.0,0
CA,2018-01-12,1295,1348.4007722007727,122.4871506363256,1751.0,1739.5,2027.0,130,0,0.0,0.0,0.0,0.0,0.0,0
CA,2018-01-13,1241,1351.2763900080577,258.5907901406431,1732.0,1207.5,1894.5,132,2,72.07,0.0,0.0,0.0,0.0,2
CA,2018-01-14,1448,1385.2748618784533,68.63912002776509,1689.0,1644.4,1741.0,151,1,90.81,0.0,0.0,0.0,0.0,1
CA,2018-01-15,1184,1377.1131756756758,200.4209854994517,1383.0,1056.3,1540.9,142,0,0.0,0.0,0.0,0.0,0.0,0
CA,2018-01-16,1298,1352.841294298922,132.3033541328144,1274.0,1228.0,1528.5,158,0,0.0,0.0,0.0,0.0,0.0,0
CA,2018-01-17,1146,1383.1623036649214,223.23554565422012,1296.0,1225.0,1573.0,142,0,0.0,0.0,0.0,0.0,0.0,0
CA,2018-01-18,1271,1365.019669551535,120.11856707481373,1236.0,1208.8,1526.0000000000002,140,1,85.45,0.0,0.0,0.0,0.0,1
CA,2018-01-19,1235,1341.9635627530363,5.338539126015656,1716.5,1710.4,1721.2,143,0,0.0,0.0,0.0,0.0,0.0,0
CA,2018-01-20,1173,1393.6078431372543,232.16991858065936,1442.0,1101.0,1614.5,142,0,0.0,0.0,0.0,0.0,0.0,0
CA,2018-01-21,1257,1410.0381861575174,152.3242840127601,1888.5,1734.0,2042.3,144,0,0.0,0.0,0.0,0.0,0.0,0
CA,2018-01-22,1232,1351.0657467532462,176.0079801421629,1299.0,1203.0,1588.8,143,1,64.1,0.0,0.0,0.0,0.0,1
CA,2018-01-23,1333,1363.4118529632406,155.1152200188024,1330.5,1213.9,1586.8,132,0,0.0,0.0,0.0,0.0,0.0,0
CA,2018-01-24,1192,1459.536073825503,157.83520081808098,1257.0,1222.0,1574.5,136,0,0.0,0.0,0.0,0.0,0.0,0
CA,2018-01-25,1361,1398.4114621601766,111.36304770911097,1054.5,913.2,1191.2,154,1,91.15,0.0,0.0,0.0,0.0,1
CA,2018-01-26,1144,1363.5166083916083,30.564835737714496,1071.0,1043.8,1117.5,150,0,0.0,0.0,0.0,0.0,0.0,0
CA,2018-01-27,1357,1388.6499631540166,246.758963685556,1155.0,1138.4,1734.0,143,1,85.42,0.0,0.0,0.0,0.0,1
CA,2018-01-28,1277,1336.4862960062642,11.002182100562456,1186.0,1169.8,1199.4,142,0,0.0,0.0,0.0,0.0,0.0,0
CA,2018-01-29,1391,1359.0496046010069,0.0,1191.0,1191.0,1191.0,163,1,23.44,0.0,0.0,0.0,0.0,1
CA,2018-01-30,1528,1345.2918848167535,251.09362795578866,1208.0,1190.1,1750.1,159,0,0.0,0.0,0.0,0.0,0.0,0
CA,2018-01-31,1372,1364.2361516034994,156.97111867718033,1241.0,1214.5,1578.5,158,0,0.0,0.0,0.0,0.0,0.0,0
CA,2018-02-01,1327,1420.4265259984932,135.3096222651997,1763.0,1755.6,2033.4,161,1,84.06,0.0,0.0,0.0,0.0,1
CA,2018-02-02,1219,1365.4987694831839,4.2196629670573875,1201.5,1197.5,1206.5,148,1,29.19,0.0,0.0,0.0,0.0,1
CA,2018-02-03,1193,1381.9069572506282,172.85505432614397,1253.0,1209.6,1548.4,148,1,100.0,0.0,0.0,0.0,0.0,1
CA,2018-02-04,1266,1396.0134281200628,7.3484692283495345,1199.0,1191.8,1206.2,139,0,0.0,0.0,0.0,0.0,0.0,0
CA,2018-02-05,1254,1341.405103668261,179.5253666696793,1258.0,1236.8,1568.0,148,0,0.0,0.0,0.0,0.0,0.0,0
CA,2018-02-06,1280,1298.06015625,284.717905503475,1217.0,1132.6,1529.2000000000003,158,0,0.0,0.0,0.0,0.0,0.0,0
CA,2018-02-07,1357,1379.19086219602,154.51901819558324,1263.0,1247.0,1280.0,144,0,0.0,0.0,0.0,0.0,0.0,0
CA,2018-02-08,1239,1369.6594027441479,230.8034276656701,1282.0,1050.5,1296.0,138,0,0.0,0.0,0.0,0.0,0.0,0
CA,2018-02-09,1374,1380.342066957788,168.0542716718228,1251.0,1243.0,1520.6,149,0,0.0,0.0,0.0,0.0,0.0,0
CA,2018-02-10,1403,1438.9109052031363,84.3166057191583,1751.5,1742.2,1788.8,142,2,85.015,0.0,0.0,0.0,0.0,2
CA,2018-02-11,1339,1376.283793876027,0.0,1993.0,1993.0,1993.0,135,2,70.93,0.0,0.0,0.0,0.0,2
CA,2018-02-12,1268,1336.752365930599,354.9676041556469,1252.0,1252.0,1854.4,138,0,0.0,0.0,0.0,0.0,0.0,0
CA,2018-02-13,1276,1372.776645768026,6.749485577105529,1290.0,1286.0,1299.6,145,2,42.785,0.0,0.0,0.0,0.0,2
CA,2018-02-14,1526,1396.5576671035387,11.49478914616501,1288.0,1279.4,1305.8,148,0,0.0,0.0,0.0,0.0,0.0,0
CA,2018-02-15,1392,1390.8232758620684,216.051275965114,1561.0,1174.8,1579.0,154,1,89.86,0.0,0.0,0.0,0.0,1
CA,2018-02-16,1354,1357.0147710487443,169.99002728101433,1087.0,904.1,1252.0,147,3,87.50333333333333,0.0,0.0,0.0,0.0,3
CA,2018-02-17,1246,1427.14125200642,180.63130152838056,1261.0,1165.7,1569.3,132,0,0.0,0.0,0.0,0.0,0.0,0
CA,2018-02-18,1130,1398.933628318584,115.0945934095028,2018.0,1776.2,2027.4,126,0,0.0,0.0,0.0,0.0,0.0,0
CA,2018-02-19,1581,1371.030993042379,202.75635351053464,1359.5,1150.0,1562.9,139,1,100.0,0.0,0.0,0.0,0.0,1
CA,2018-02-20,1451,1391.3376981392137,195.5893574445249,1145.5,1115.5,1557.5,154,0,0.0,0.0,0.0,0.0,0.0,0
CA,2018-02-21,1257,1405.4057279236276,0.0,1729.0,1729.0,1729.0,148,0,0.0,0.0,0.0,0.0,0.0,0
CA,2018-02-22,1048,1374.6803435114505,187.87543760534973,1498.0,1071.6,1514.0,151,0,0.0,0.0,0.0,0.0,0.0,0
CA,2018-02-23,1324,1416.898036253776,192.72567939950295,1256.5,1252.0,1568.3000000000002,131,1,78.96,0.0,78.96,78.96,78.96,1
CA,2018-02-24,1084,1391.828413284133,211.34609728950795,1492.0,1056.0,1518.6,133,0,0.0,0.0,0.0,0.0,0.0,0
CA,2018-02-25,1250,1333.7184,180.32122768092103,1478.0,1065.6,1488.4,143,0,0.0,0.0,0.0,0.0,0.0,0
CA,2018-02-26,1292,1324.0464396284833,155.4109868680529,1450.0,1054.6,1475.8,144,1,68.87,0.0,0.0,0.0,0.0,1
CA,2018-02-27,1480,1346.470270270271,10.276779085182815,1308.0,1299.0,1327.0,155,0,0.0,0.0,0.0,0.0,0.0,0
CA,2018-02-28,1206,1327.6558872305138,332.5961849183214,1310.0,1302.8,1870.8,137,0,0.0,0.0,0.0,0.0,0.0,0
CA,2018-03-01,1243,1348.2735317779564,7.47356452214515,1311.5,1302.2,1319.9,154,1,93.26,0.0,0.0,0.0,0.0,1
CA,2018-03-02,1238,1362.3295638126006,15.95648379186342,1307.0,1284.6,1321.4,153,1,59.14,0.0,0.0,0.0,0.0,1
CA,2018-03-03,1351,1367.4492968171726,0.0,1993.0,1993.0,1993.0,155,0,0.0,0.0,0.0,0.0,0.0,0
CA,2018-03-04,1468,1382.7820163487747,247.51788226472917,1297.0,1276.4,1587.4000000000003,155,0,0.0,0.0,0.0,0.0,0.0,0
CA,2018-03-05,1155,1324.3844155844151,307.2413546383364,1304.0,890.5,1554.0,160,0,0.0,0.0,0.0,0.0,0.0,0
CA,2018-03-06,1275,1401.5686274509794,8.300862665268852,1301.5,1288.7,1311.6,155,1,59.01,0.0,0.0,0.0,0.0,1
CA,2018-03-07,1360,1333.4117647058822,64.19203442757222,1319.0,1270.8,1329.4,157,1,67.33,0.0,67.33,67.33,67.33,1
CA,2018-03-08,1267,1318.808997632202,8.450427339621484,1319.0,1311.1,1328.0,154,0,0.0,0.0,0.0,0.0,0.0,0
CA,2018-03-09,1355,1358.1830258302577,298.98609731981276,1784.0,1327.4,1803.0,160,0,0.0,0.0,0.0,0.0,0.0,0
CA,2018-03-10,1240,1361.1475806451604,21.095674912170978,1752.5,1732.5,1785.1,142,0,0.0,0.0,0.0,0.0,0.0,0
CA,2018-03-11,1261,1325.9143536875497,122.25894650290424,1757.0,1747.1,1953.1000000000001,147,0,0.0,0.0,0.0,0.0,0.0,0
CA,2018-03-12,1477,1361.1157752200404,289.596702329291,1378.5,1368.7,1844.7,154,0,0.0,0.0,0.0,0.0,0.0,0
CA,2018-03-13,1492,1383.0630026809654,445.0135391198789,1142.5,602.3,1438.7999999999997,161,0,0.0,0.0,0.0,0.0,0.0,0
CA,2018-03-14,1302,1355.8870967741932,179.062827962591,1356.0,1322.0,1396.0,164,0,0.0,0.0,0.0,0.0,0.0,0
CA,2018-03-15,1247,1336.5886126704083,299.348305964847,1338.0,640.0,1347.6,153,0,0.0,0.0,0.0,0.0,0.0,0
CA,2018-03-16,1239,1342.6255044390637,161.3015935495761,1341.0,1330.2,1529.2000000000003,159,0,0.0,0.0,0.0,0.0,0.0,0
CA,2018-03-17,1362,1326.251101321586,353.62539992114216,1565.0,1313.8,2033.5,141,0,0.0,0.0,0.0,0.0,0.0,0
CA,2018-03-18,1383,1385.5054229934922,252.67214892771622,1318.0,1305.5,1334.0,155,1,69.38,0.0,0.0,0.0,0.0,1
CA,2018-03-19,1377,1348.6790123456785,52.95478433223451,633.5,581.8,698.0,147,2,75.23,0.0,0.0,0.0,0.0,2
CA,2018-03-20,1350,1351.666666666666,489.76641257735196,708.0,689.0,1369.5,148,1,68.49,0.0,68.49,68.49,68.49,1
CA,2018-03-21,1355,1383.1321033210338,23.5,727.5,708.7,746.3,149,0,0.0,0.0,0.0,0.0,0.0,0
CA,2018-03-22,1395,1396.3261648745522,164.38275456993657,1325.0,1263.9,1346.8999999999999,156,0,0.0,0.0,0.0,0.0,0.0,0
CA,2018-03-23,1504,1390.0365691489362,306.54218204840913,1320.5,1155.5,1527.8,153,0,0.0,0.0,0.0,0.0,0.0,0
CA,2018-03-24,1474,1360.2822252374483,185.56127735689088,1478.0,1110.4,1489.4,149,0,0.0,0.0,0.0,0.0,0.0,0
CA,2018-03-25,1450,1395.808275862069,93.19957081446245,1799.0,1790.4,1937.2,147,0,0.0,0.0,0.0,0.0,0.0,0
CA,2018-03-26,1591,1341.340666247643,146.64710896391395,1225.5,1123.3,1492.4,155,0,0.0,0.0,0.0,0.0,0.0,0
CA,2018-03-27,1688,1325.2268957345968,9.5,802.5,794.9,810.1,168,1,79.6,0.0,0.0,0.0,0.0,1
CA,2018-03-28,1452,1341.6253443526175,48.541219597369,1323.5,1316.1,1367.6,165,0,0.0,0.0,0.0,0.0,0.0,0
CA,2018-03-29,1370,1321.7343065693435,319.8262184374508,1314.0,1266.0,1987.3,161,0,0.0,0.0,0.0,0.0,0.0,0
CA,2018-03-30,1709,1377.4534815681682,6.011562932290477,1295.5,1289.0,1303.0,164,1,62.43,0.0,0.0,0.0,0.0,1
CA,2018-03-31,1460,1326.9794520547946,583.3872356048482,2013.0,1028.2,2023.4,154,0,0.0,0.0,0.0,0.0,0.0,0
CA,2018-04-01,1382,1323.342257597684,192.09980496512196,1126.0,1093.0,1457.0,151,1,81.94,0.0,0.0,0.0,0.0,1
CA,2018-04-02,1434,1393.2559274755931,404.6889370893021,782.0,779.6,1433.6000000000001,158,1,5.8,0.0,0.0,0.0,0.0,1
CA,2018-04-03,1225,1256.472653061224,200.39999999999998,1261.0,960.4,1261.0,148,0,0.0,0.0,0.0,0.0,0.0,0
CA,2018-04-04,1341,1348.5026099925426,23.146273998205412,1553.0,1527.4,1573.8,160,0,0.0,0.0,0.0,0.0,0.0,0
CA,2018-04-05,1474,1319.1580732700143,295.98761055152295,1296.0,775.6,1530.8,174,1,17.75,0.0,0.0,0.0,0.0,1
CA,2018-04-06,1317,1339.612756264237,152.03062759981972,1445.0,1429.3,1453.1,160,0,0.0,0.0,0.0,0.0,0.0,0
CA,2018-04-07,1361,1358.591476855254,33.85570121561651,1431.0,1416.0,1458.0,163,0,0.0,0.0,0.0,0.0,0.0,0
CA,2018-04-08,1446,1359.4681881051165,2.5,768.5,766.5,770.5,163,1,86.21,0.0,0.0,0.0,0.0,1
CA,2018-04-09,1393,1307.394831299353,4.898979485566356,1437.0,1432.2,1441.8,160,0,0.0,0.0,0.0,0.0,0.0,0
CA,2018-04-10,1552,1329.195231958763,220.97627826433214,1430.0,971.2,1444.2,167,0,0.0,0.0,0.0,0.0,0.0,0
CA,2018-04-11,1585,1353.4006309148263,34.00132299481777,1409.0,1388.8,1426.8,169,0,0.0,0.0,0.0,0.0,0.0,0
CA,2018-04-12,1438,1319.8963838664813,160.01598692452131,1369.0,1343.9,1386.3,165,1,32.07,0.0,0.0,0.0,0.0,1
CA,2018-04-13,1436,1337.306406685237,130.4511294104472,1377.0,1357.2,1394.0,161,0,0.0,0.0,0.0,0.0,0.0,0
CA,2018-04-14,1421,1360.1864883884582,211.410996343615,1372.5,1175.0,1381.3,156,0,0.0,0.0,0.0,0.0,0.0,0
CA,2018-04-15,1582,1386.1099873577743,0.0,1373.0,1373.0,1373.0,162,1,90.36,0.0,0.0,0.0,0.0,1
CA,2018-04-16,1444,1339.9425207756221,3.5,1378.5,1375.7,1381.3,162,0,0.0,0.0,0.0,0.0,0.0,0
CA,2018-04-17,1572,1326.2137404580146,0.0,1368.0,1368.0,1368.0,162,0,0.0,0.0,0.0,0.0,0.0,0
CA,2018-04-18,1279,1353.3721657544959,292.5930407579784,1364.0,1359.3,1837.0,162,0,0.0,0.0,0.0,0.0,0.0,0
CA,2018-04-19,1417,1352.796753705011,3.5,713.5,710.7,716.3,159,1,97.27,0.0,0.0,0.0,0.0,1
CA,2018-04-20,1304,1338.610429447852,144.53219556747746,1369.0,1361.8,1610.6,161,0,0.0,0.0,0.0,0.0,0.0,0
CA,2018-04-21,1401,1353.775874375446,169.5,1536.5,1400.9,1672.1,159,0,0.0,0.0,0.0,0.0,0.0,0
CA,2018-04-22,1397,1364.1610594130273,0.0,1375.0,1375.0,1375.0,156,0,0.0,0.0,0.0,0.0,0.0,0
CA,2018-04-23,1185,1333.1949367088607,0.0,1380.0,1380.0,1380.0,165,1,82.23,0.0,0.0,0.0,0.0,1
CA,2018-04-24,1425,1307.2582456140358,675.0181479041878,1381.5,710.0,2062.8,159,0,0.0,0.0,0.0,0.0,0.0,0
CA,2018-04-25,1504,1321.833776595745,3.2998316455372216,1388.0,1384.0,1390.4,157,0,0.0,0.0,0.0,0.0,0.0,0
CA,2018-04-26,1327,1300.3368500376787,0.0,1380.0,1380.0,1380.0,153,0,0.0,0.0,0.0,0.0,0.0,0
CA,2018-04-27,1399,1294.5947105075047,224.9306683303892,1140.5,910.5,1368.5,156,0,0.0,0.0,0.0,0.0,0.0,0
CA,2018-04-28,1258,1338.7655007949124,0.0,2047.0,2047.0,2047.0,156,0,0.0,0.0,0.0,0.0,0.0,0
CA,2018-04-29,1413,1390.319886765747,4.946940693218609,1362.0,1356.0,1367.5,161,0,0.0,0.0,0.0,0.0,0.0,0
CA,2018-04-30,1251,1305.7250199840123,41.807408135401076,1361.0,1268.6,1369.3,152,0,0.0,0.0,0.0,0.0,0.0,0
CA,2018-05-01,1632,1323.9393382352941,270.52497112096694,1371.0,1356.8,1776.4,163,0,0.0,0.0,0.0,0.0,0.0,0
CA,2018-05-02,1650,1310.0381818181825,5.524555191069377,1389.0,1382.2,1396.0,158,0,0.0,0.0,0.0,0.0,0.0,0
CA,2018-05-03,1379,1290.0333575054385,226.24967771616087,1590.5,1360.5,1820.5,158,2,89.515,0.0,0.0,0.0,0.0,2
CA,2018-05-04,1458,1349.305212620027,299.9956705416763,1357.5,1339.0,2051.1,155,2,77.525,16.595000000000002,77.525,64.249,90.801,1
CA,2018-05-05,1272,1315.2955974842766,237.2218457091013,1334.0,1316.4,1848.8,147,1,58.39,0.0,0.0,0.0,0.0,1
CA,2018-05-06,1247,1353.9286287089008,180.31043831865827,1377.5,1353.8,1385.9,145,1,96.87,0.0,0.0,0.0,0.0,1
CA,2018-05-07,1439,1353.1403752605977,10.96458946893235,1357.0,1348.8,1376.2,158,1,85.41,0.0,0.0,0.0,0.0,1
CA,2018-05-08,1502,1360.0079893475365,170.95772687626092,1377.0,1363.2,1391.6,156,0,0.0,0.0,0.0,0.0,0.0,0
CA,2018-05-09,1606,1329.234122042341,15.996740030705547,1349.0,1323.0,1367.0,162,0,0.0,0.0,0.0,0.0,0.0,0
CA,2018-05-10,1553,1366.1287830006443,7.4745221068389105,1318.0,1310.0,1327.0,166,0,0.0,0.0,0.0,0.0,0.0,0
CA,2018-05-11,1685,1359.7311572700296,22.64498740440044,1311.0,1298.0,1350.9,157,0,0.0,0.0,0.0,0.0,0.0,0
CA,2018-05-12,1384,1361.2940751445092,258.47336805647853,1836.0,1359.2,1896.1999999999998,151,0,0.0,0.0,0.0,0.0,0.0,0
CA,2018-05-13,1538,1358.9109232769827,137.3893736793352,1383.0,1376.6,1591.0,157,0,0.0,0.0,0.0,0.0,0.0,0
CA,2018-05-14,1468,1318.7002724795643,13.742917033695624,1400.5,1382.3,1420.2,160,0,0.0,0.0,0.0,0.0,0.0,0
CA,2018-05-15,1462,1347.051299589603,6.128258770283411,1393.0,1387.4,1399.4,164,0,0.0,0.0,0.0,0.0,0.0,0
CA,2018-05-16,1510,1302.0152317880795,12.819652503274384,1422.0,1406.6,1437.0,161,0,0.0,0.0,0.0,0.0,0.0,0
CA,2018-05-17,1607,1307.278158058494,44.50530865939777,1422.0,1390.0,1439.4,167,0,0.0,0.0,0.0,0.0,0.0,0
CA,2018-05-18,1498,1335.8698264352472,85.15512974497577,1426.0,1251.6,1465.4,155,0,0.0,0.0,0.0,0.0,0.0,0
CA,2018-05-19,1420,1332.8584507042247,176.96121476721083,1463.0,1443.8,1810.2,160,3,53.53666666666667,0.0,0.0,0.0,0.0,3
CA,2018-05-20,1436,1343.7381615598888,115.42953865913928,1422.0,1406.1,1724.2,147,2,56.14,0.0,0.0,0.0,0.0,1
CA,2018-05-21,1512,1359.941137566138,105.79845471173282,1427.0,1400.2,1450.0,157,1,7.79,0.0,0.0,0.0,0.0,1
CA,2018-05-22,1387,1342.9920692141307,9.18405894882596,1443.5,1431.5,1453.0,160,0,0.0,0.0,0.0,0.0,0.0,0
CA,2018-05-23,1669,1326.87477531456,12.153290885140658,1437.0,1421.0,1447.0,167,0,0.0,0.0,0.0,0.0,0.0,0
CA,2018-05-24,1427,1344.066573230553,9.771610665596537,1438.0,1427.0,1453.5,154,1,53.16,0.0,0.0,0.0,0.0,1
CA,2018-05-25,1512,1355.3756613756607,75.74948432167707,1412.0,1261.0,1422.6,163,0,0.0,0.0,0.0,0.0,0.0,0
CA,2018-05-26,1451,1359.5596140592693,113.9185674067226,1424.0,1415.0,1441.4,155,0,0.0,0.0,0.0,0.0,0.0,0
CA,2018-05-27,1458,1367.9334705075444,9.413675368877838,1443.0,1434.0,1454.6,148,1,56.98,0.0,0.0,0.0,0.0,1
CA,2018-05-28,1325,1324.8377358490568,146.86450293458327,1426.0,1418.0,1440.8,150,0,0.0,0.0,0.0,0.0,0.0,0
CA,2018-05-29,1366,1283.922401171303,7.671172068684968,1438.0,1428.2,1446.0,149,1,89.89,0.0,0.0,0.0,0.0,1
CA,2018-05-30,1355,1271.336531365314,8.999753083032642,1434.0,1425.4,1445.6,163,1,55.33,0.0,0.0,0.0,0.0,1
CA,2018-05-31,1321,1310.2180166540502,5.56636101955308,1423.5,1420.6,1431.6,153,0,0.0,0.0,0.0,0.0,0.0,0
CA,2018-06-01,1340,1326.00223880597,15.400892831261439,1395.0,1378.9,1417.1,151,1,89.04,0.0,0.0,0.0,0.0,1
CA,2018-06-02,1351,1348.5766099185782,9.184452442397786,1406.5,1396.5,1418.9,151,0,0.0,0.0,0.0,0.0,0.0,0
CA,2018-06-03,1427,1339.7547302032233,17.06652969956573,1445.0,1417.6,1461.4,150,1,80.15,0.0,0.0,0.0,0.0,1
CA,2018-06-04,1321,1342.3588190764572,8.510055971119048,1440.0,1432.2,1454.0,159,0,0.0,0.0,0.0,0.0,0.0,0
CA,2018-06-05,1437,1375.356993736952,6.603786792439623,1465.5,1457.7,1476.0,157,0,0.0,0.0,0.0,0.0,0.0,0
CA,2018-06-06,1271,1353.0582218725415,12.211106056009468,1450.0,1433.7,1465.0,149,0,0.0,0.0,0.0,0.0,0.0,0
CA,2018-06-07,1377,1334.5984023238918,20.04519892642625,1410.0,1395.7,1449.2,162,0,0.0,0.0,0.0,0.0,0.0,0
CA,2018-06-08,1338,1343.0044843049332,129.3158366171754,1371.0,1345.0,1410.8,159,0,0.0,0.0,0.0,0.0,0.0,0
CA,2018-06-09,1195,1369.9682008368197,0.0,1362.0,1362.0,1362.0,155,0,0.0,0.0,0.0,0.0,0.0,0
CA,2018-06-10,1229,1393.5321399511804,237.41266922850616,1345.0,1334.8,1620.4000000000003,150,2,22.01,0.0,0.0,0.0,0.0,2
CA,2018-06-11,1361,1374.5128581925062,5.715476066494082,1323.0,1317.4,1328.6,156,0,0.0,0.0,0.0,0.0,0.0,0
CA,2018-06-12,1504,1359.456781914893,34.85742388645495,1244.0,1234.2,1307.9,156,0,0.0,0.0,0.0,0.0,0.0,0
CA,2018-06-13,1541,1375.3737832576246,8.378787599208675,1306.0,1293.8,1314.0,156,0,0.0,0.0,0.0,0.0,0.0,0
CA,2018-06-14,1488,1363.9395161290324,126.23743501830192,1289.5,1278.2,1338.8999999999999,158,0,0.0,0.0,0.0,0.0,0.0,0
CA,2018-06-15,1215,1348.692181069959,14.402380755575496,1299.0,1285.0,1319.2,157,0,0.0,0.0,0.0,0.0,0.0,0
CA,2018-06-16,1349,1410.9636767976283,5.673402858955108,1330.5,1325.1,1336.6,153,0,0.0,0.0,0.0,0.0,0.0,0
CA,2018-06-17,1301,1332.0922367409673,5.338539126015656,1337.5,1332.8,1343.6,160,1,94.38,0.0,0.0,0.0,0.0,1
CA,2018-06-18,1181,1345.680779000847,270.5416788592841,1347.0,1342.2,1755.4,159,0,0.0,0.0,0.0,0.0,0.0,0
CA,2018-06-19,1358,1325.0331369661255,4.0,1351.0,1347.8,1354.2,163,0,0.0,0.0,0.0,0.0,0.0,0
CA,2018-06-20,1264,1339.9430379746836,6.094168432927407,1363.5,1357.5,1371.5,153,0,0.0,0.0,0.0,0.0,0.0,0
CA,2018-06-21,1242,1293.4533011272142,6.164414002968976,1372.0,1366.2,1379.6,155,0,0.0,0.0,0.0,0.0,0.0,0
CA,2018-06-22,1207,1303.507870753935,205.85049591066488,1434.0,1385.6,1799.7999999999997,159,0,0.0,0.0,0.0,0.0,0.0,0
CA,2018-06-23,1282,1313.2074882995314,257.5937801181456,1463.0,1447.5,2001.5,154,0,0.0,0.0,0.0,0.0,0.0,0
CA,2018-06-24,1319,1328.1523881728576,200.9064595021249,1145.0,1105.8,1624.2,145,1,93.45,0.0,0.0,0.0,0.0,1
CA,2018-06-25,1555,1300.87652733119,6.96419413859206,1463.5,1458.3,1472.9,161,1,74.59,0.0,0.0,0.0,0.0,1
CA,2018-06-26,1546,1326.1798188874518,6.505458297024199,1464.0,1454.6,1467.2,155,0,0.0,0.0,0.0,0.0,0.0,0
CA,2018-06-27,1571,1323.1597708465952,254.98161056906648,1467.0,1017.0,1480.0,162,0,0.0,0.0,0.0,0.0,0.0,0
CA,2018-06-28,1509,1308.331345261763,13.696135257180645,1493.0,1474.0,1508.4,157,0,0.0,0.0,0.0,0.0,0.0,0
CA,2018-06-29,1606,1256.2995018679953,16.866341315998415,1487.0,1464.8,1509.0,154,0,0.0,0.0,0.0,0.0,0.0,0
CA,2018-06-30,1218,1370.8423645320197,161.5302686830893,1160.0,1141.8,1597.2,145,0,0.0,0.0,0.0,0.0,0.0,0
CA,2018-07-01,1308,1367.954128440366,5.3091901453988255,1504.0,1499.1,1509.6,137,1,28.5,0.0,0.0,0.0,0.0,1
CA,2018-07-02,1463,1411.6151742993848,5.0,1484.0,1480.0,1488.0,147,0,0.0,0.0,0.0,0.0,0.0,0
CA,2018-07-03,1329,1335.4507148231746,8.13658906622751,1495.0,1486.6,1505.8,157,0,0.0,0.0,0.0,0.0,0.0,0
CA,2018-07-04,1383,1328.3116413593634,19.304935361211836,1518.0,1500.2,1547.8,162,0,0.0,0.0,0.0,0.0,0.0,0
CA,2018-07-05,1512,1369.8597883597886,24.792969931508637,1563.5,1528.0,1592.7,164,2,40.71,0.0,0.0,0.0,0.0,2
CA,2018-07-06,1340,1367.4388059701494,5.969831562857439,1563.5,1561.1,1571.0,160,2,35.64,0.0,0.0,0.0,0.0,2
CA,2018-07-07,1124,1360.7669039145903,6.548960901462833,1569.0,1560.5,1575.5,145,0,0.0,0.0,0.0,0.0,0.0,0
CA,2018-07-08,1506,1363.2357237715805,7.907630001770313,1556.0,1550.4,1568.2,160,0,0.0,0.0,0.0,0.0,0.0,0
CA,2018-07-09,1375,1375.2894545454553,51.4561403041464,1673.0,1583.2,1702.9,156,0,0.0,0.0,0.0,0.0,0.0,0
CA,2018-07-10,1525,1342.944262295082,60.67330549755798,1717.5,1622.3,1728.7,153,0,0.0,0.0,0.0,0.0,0.0,0
CA,2018-07-11,1384,1355.8258670520217,17.191494990256082,1573.5,1544.2,1590.1,155,0,0.0,0.0,0.0,0.0,0.0,0
CA,2018-07-12,1457,1329.2669869595059,9.81884525910365,1516.5,1500.7,1523.7,155,2,69.765,0.0,0.0,0.0,0.0,2
CA,2018-07-13,1426,1359.616409537167,9.33667787379474,1494.0,1484.0,1502.0,153,1,78.81,0.0,0.0,0.0,0.0,1
CA,2018-07-14,1572,1389.1374045801526,10.764284578419836,1494.0,1487.2,1514.2,147,0,0.0,0.0,0.0,0.0,0.0,0
CA,2018-07-15,1311,1386.9847444698703,12.296742517561709,1511.5,1491.5,1521.3,151,1,74.91,0.0,0.0,0.0,0.0,1
CA,2018-07-16,1385,1424.2476534296025,12.704329970525798,1457.0,1444.3,1472.7,153,0,0.0,0.0,0.0,0.0,0.0,0
CA,2018-07-17,1421,1334.7262491203387,0.0,1444.0,1444.0,1444.0,152,0,0.0,0.0,0.0,0.0,0.0,0
CA,2018-07-18,1448,1323.9861878453044,111.2469444661795,1396.0,1195.3,1441.6,159,2,74.74,0.0,0.0,0.0,0.0,2
CA,2018-07-19,1692,1349.932624113475,6.020797289396148,1399.5,1393.4,1405.6,162,2,62.49,0.0,0.0,0.0,0.0,2
CA,2018-07-20,1519,1352.8808426596445,0.0,1984.0,1984.0,1984.0,167,0,0.0,0.0,0.0,0.0,0.0,0
CA,2018-07-21,1442,1392.9084604715677,20.886592346630373,1407.0,1385.0,1438.0,142,0,0.0,0.0,0.0,0.0,0.0,0
CA,2018-07-22,1766,1330.4852774631931,15.269209551596914,1370.0,1357.1,1392.8,159,0,0.0,0.0,0.0,0.0,0.0,0
CA,2018-07-23,1661,1383.8567128236002,4.9749371855331,1377.0,1372.8,1382.6,174,0,0.0,0.0,0.0,0.0,0.0,0
CA,2018-07-24,1392,1378.3735632183902,0.0,1380.0,1380.0,1380.0,176,0,0.0,0.0,0.0,0.0,0.0,0
CA,2018-07-25,1556,1391.897814910025,229.31958534373427,1748.0,1555.0,2049.5,162,2,71.03,0.0,0.0,0.0,0.0,2
CA,2018-07-26,1483,1389.704652730951,179.5779581562157,1356.5,1346.2,1365.9,163,2,93.74000000000001,0.0,95.3,95.3,95.3,2
CA,2018-07-27,1316,1353.4848024316113,3.5,1341.5,1338.7,1344.3,163,0,0.0,0.0,0.0,0.0,0.0,0
CA,2018-07-28,1468,1471.7173024523154,6.944222218666553,1343.0,1335.8,1349.4,142,0,0.0,0.0,0.0,0.0,0.0,0
CA,2018-07-29,1255,1347.1689243027884,163.99427152723965,1337.0,1329.0,1349.0,154,2,87.31,0.0,96.18,96.18,96.18,2
CA,2018-07-30,1132,1366.5503533568904,6.128258770283411,1363.0,1356.6,1368.6,148,0,0.0,0.0,0.0,0.0,0.0,0
CA,2018-07-31,1259,1369.6536934074666,0.0,1380.0,1380.0,1380.0,155,0,0.0,0.0,0.0,0.0,0.0,0
CA,2018-08-01,1242,1373.315619967794,3.5,1366.5,1363.7,1369.3,152,1,98.48,0.0,0.0,0.0,0.0,1
CA,2018-08-02,1223,1390.549468520033,118.34688156009858,1337.0,1283.1,1526.1,145,0,0.0,0.0,0.0,0.0,0.0,0
CA,2018-08-03,1330,1349.8518796992485,246.00570228260068,1342.0,1334.0,1677.5,162,4,74.86,0.0,88.03,88.03,88.03,4
CA,2018-08-04,1475,1397.0359322033896,5.5377492419453835,1341.0,1333.2,1345.0,142,0,0.0,0.0,0.0,0.0,0.0,0
CA,2018-08-05,1116,1384.801075268817,18.81271823386878,1316.0,1286.6,1331.7,120,0,0.0,0.0,0.0,0.0,0.0,0
CA,2018-08-06,1211,1400.4805945499586,3.5,1306.5,1303.7,1309.3,142,0,0.0,0.0,0.0,0.0,0.0,0
CA,2018-08-07,1232,1335.9342532467535,6.944222218666553,1309.0,1301.8,1315.4,157,1,81.17,0.0,0.0,0.0,0.0,1
CA,2018-08-08,1451,1385.411440385941,49.0,1243.0,1203.8,1282.2,159,0,0.0,0.0,0.0,0.0,0.0,0
CA,2018-08-09,1404,1345.24358974359,49.69593494857726,1286.0,1191.0,1295.0,155,0,0.0,0.0,0.0,0.0,0.0,0
CA,2018-08-10,1268,1441.093059936908,304.0152134351174,1312.5,1304.1,1802.5,149,7,83.46000000000001,0.0,91.02,91.02,91.02,2
CA,2018-08-11,1178,1389.3166383701189,4.189935029992178,1323.0,1320.6,1328.6,130,0,0.0,0.0,0.0,0.0,0.0,0
CA,2018-08-12,1391,1347.3702372393957,7.147552028491993,1327.0,1317.9,1333.4,141,0,0.0,0.0,0.0,0.0,0.0,0
CA,2018-08-13,1344,1378.7693452380956,4.0276819911981905,1319.0,1318.2,1325.4,150,1,76.89,0.0,0.0,0.0,0.0,1
CA,2018-08-14,1475,1413.7172881355941,0.0,1325.0,1325.0,1325.0,166,0,0.0,0.0,0.0,0.0,0.0,0
CA,2018-08-15,1352,1332.0458579881647,138.95823092033226,1226.0,1148.6,1542.4,158,0,0.0,0.0,0.0,0.0,0.0,0
CA,2018-08-16,1477,1339.0480704129996,0.0,1333.0,1333.0,1333.0,165,0,0.0,0.0,0.0,0.0,0.0,0
CA,2018-08-17,1492,1370.9584450402144,0.0,1656.0,1656.0,1656.0,169,0,0.0,0.0,0.0,0.0,0.0,0
CA,2018-08-18,1447,1402.4333102971673,0.0,1326.0,1326.0,1326.0,152,0,0.0,0.0,0.0,0.0,0.0,0
CA,2018-08-19,1377,1388.334059549746,5.408326913195984,1324.5,1318.8,1330.2,153,1,55.71,0.0,0.0,0.0,0.0,1
CA,2018-08-20,1292,1356.9264705882354,3.8586123009300755,1333.0,1331.4,1338.6,156,0,0.0,0.0,0.0,0.0,0.0,0
CA,2018-08-21,1507,1313.1154611811546,4.5,1343.5,1339.9,1347.1,163,2,76.64,0.0,0.0,0.0,0.0,2
CA,2018-08-22,1357,1298.379513633014,203.3251731415908,1253.5,1236.1,1573.9,169,0,0.0,0.0,0.0,0.0,0.0,0
CA,2018-08-23,1254,1356.8835725677825,215.12757943259146,2014.0,1601.0,2037.0,157,0,0.0,0.0,0.0,0.0,0.0,0
CA,2018-08-24,1205,1325.0298755186725,11.779643458101777,1353.5,1336.2,1363.7,155,0,0.0,0.0,0.0,0.0,0.0,0
CA,2018-08-25,1386,1374.8881673881674,7.057305119913376,1326.5,1319.5,1334.5,156,0,0.0,0.0,0.0,0.0,0.0,0
CA,2018-08-26,1370,1345.359124087591,258.9639745911667,1217.0,1207.0,1562.0,147,0,0.0,0.0,0.0,0.0,0.0,0
CA,2018-08-27,1289,1360.9868114817689,206.1974781611065,1535.0,1178.3,1561.7,147,0,0.0,0.0,0.0,0.0,0.0,0
CA,2018-08-28,1610,1341.8763975155293,0.0,1315.0,1315.0,1315.0,149,0,0.0,0.0,0.0,0.0,0.0,0
CA,2018-08-29,1439,1330.0493398193184,0.0,1306.0,1306.0,1306.0,164,1,96.71,0.0,0.0,0.0,0.0,1
CA,2018-08-30,1406,1363.2603129445242,3.5,1300.5,1297.7,1303.3,170,1,9.75,0.0,0.0,0.0,0.0,1
CA,2018-08-31,1300,1335.1584615384616,6.5383484153110105,1320.0,1313.8,1327.6,157,0,0.0,0.0,0.0,0.0,0.0,0
CA,2018-09-01,1480,1350.2108108108107,3.491060010942235,1325.0,1320.9,1328.4,143,1,61.44,0.0,0.0,0.0,0.0,1
CA,2018-09-02,1246,1386.2062600321033,22.244323261348544,1308.0,1278.0,1335.0,151,1,94.77,0.0,0.0,0.0,0.0,1
CA,2018-09-03,1353,1405.8684405025865,3.5,1282.5,1279.7,1285.3,160,0,0.0,0.0,0.0,0.0,0.0,0
CA,2018-09-04,1343,1372.5182427401342,5.656854249492381,1294.0,1288.4,1299.6,156,0,0.0,0.0,0.0,0.0,0.0,0
CA,2018-09-05,1247,1367.040898155573,145.25262752396577,1183.0,1166.8,1515.2,160,1,83.94,0.0,0.0,0.0,0.0,1
CA,2018-09-06,1394,1320.34218077475,148.6620400155413,1177.0,1144.0,1530.0,181,1,46.33,0.0,0.0,0.0,0.0,1
CA,2018-09-07,1525,1326.2445901639353,4.0276819911981905,1310.0,1309.2,1316.4,163,1,82.55,0.0,0.0,0.0,0.0,1
CA,2018-09-08,1546,1414.8253557567916,6.248199740725323,1289.0,1280.4,1295.6,152,0,0.0,0.0,0.0,0.0,0.0,0
CA,2018-09-09,1447,1391.5646164478223,11.582693562817427,1311.0,1300.2,1327.0,157,0,0.0,0.0,0.0,0.0,0.0,0
CA,2018-09-10,1572,1326.3047073791352,6.944222218666553,1322.0,1314.8,1328.4,184,2,63.255,0.0,0.0,0.0,0.0,1
CA,2018-09-11,1486,1362.5107671601618,13.980210334316702,1325.5,1303.1,1339.7,181,0,0.0,0.0,0.0,0.0,0.0,0
CA,2018-09-12,1954,1267.4002047082906,7.3446495866733095,1355.0,1346.3,1363.7,170,0,0.0,0.0,0.0,0.0,0.0,0
CA,2018-09-13,1647,1333.6952034001215,0.0,1380.0,1380.0,1380.0,176,1,92.76,0.0,0.0,0.0,0.0,1
CA,2018-09-14,1664,1365.298677884616,13.684185047536623,1384.5,1365.6,1401.0,175,0,0.0,0.0,0.0,0.0,0.0,0
CA,2018-09-15,1794,1346.5178372352282,8.771402396424417,1414.0,1403.0,1423.9,169,0,0.0,0.0,0.0,0.0,0.0,0
CA,2018-09-16,1742,1382.106199770379,8.219489035213806,1425.0,1414.0,1434.6,170,0,0.0,0.0,0.0,0.0,0.0,0
CA,2018-09-17,1664,1352.7620192307693,0.0,1435.0,1435.0,1435.0,176,0,0.0,0.0,0.0,0.0,0.0,0
CA,2018-09-18,1559,1320.2694034637582,6.4308142486645075,1411.0,1407.0,1419.0,174,0,0.0,0.0,0.0,0.0,0.0,0
CA,2018-09-19,1508,1357.0205570291773,13.6088206689632,1432.0,1408.2,1443.0,164,0,0.0,0.0,0.0,0.0,0.0,0
CA,2018-09-20,1552,1354.093427835051,9.005485296867612,1408.0,1396.0,1422.6,172,0,0.0,0.0,0.0,0.0,0.0,0
CA,2018-09-21,1515,1388.7214521452145,196.00529683885813,1387.5,922.7,1395.9,171,1,97.82,0.0,0.0,0.0,0.0,1
CA,2018-09-22,1494,1386.7101740294515,157.87464130399127,1427.0,1406.0,1436.0,149,0,0.0,0.0,0.0,0.0,0.0,0
CA,2018-09-23,1406,1347.3748221906114,295.85691408089053,1436.0,1420.2,2024.0,162,0,0.0,0.0,0.0,0.0,0.0,0
CA,2018-09-24,1677,1307.6887298747763,16.192402719089422,1435.0,1419.8,1461.2,171,1,69.01,0.0,0.0,0.0,0.0,1
CA,2018-09-25,1550,1344.4909677419355,8.914719413544221,1453.0,1439.5,1460.0,178,0,0.0,0.0,0.0,0.0,0.0,0
CA,2018-09-26,1544,1327.1612694300516,7.3899641574187545,1442.0,1433.0,1450.0,169,0,0.0,0.0,0.0,0.0,0.0,0
CA,2018-09-27,1351,1363.1917098445604,9.773715271281523,1423.0,1415.7,1440.5,171,0,0.0,0.0,0.0,0.0,0.0,0
CA,2018-09-28,1496,1341.8054812834228,4.841487374764082,1422.0,1415.6,1426.3,171,0,0.0,0.0,0.0,0.0,0.0,0
CA,2018-09-29,1363,1327.0029347028615,7.041050268879558,1410.5,1402.2,1417.9,159,0,0.0,0.0,0.0,0.0,0.0,0
CA,2018-09-30,1488,1372.092741935483,17.43311790816548,1393.0,1377.4,1422.6,169,0,0.0,0.0,0.0,0.0,0.0,0
CA,2018-10-01,1752,1320.37899543379,21.608461764658557,1432.0,1414.0,1465.0,177,1,22.59,0.0,0.0,0.0,0.0,1
CA,2018-10-02,1547,1351.5339366515839,221.14781381590808,1490.0,1480.4,1985.6,171,0,0.0,0.0,0.0,0.0,0.0,0
CA,2018-10-03,1535,1338.005211726384,20.29447996266515,1531.5,1508.6,1556.4,172,1,88.87,0.0,0.0,0.0,0.0,1
CA,2018-10-04,1683,1302.4462269756382,178.48561213991422,1525.0,1507.0,1982.2,170,0,0.0,0.0,0.0,0.0,0.0,0
CA,2018-10-05,1808,1382.2549778761063,9.938586931957765,1519.0,1506.2,1529.2,169,1,94.8,0.0,0.0,0.0,0.0,1
CA,2018-10-06,1597,1335.6593613024427,13.580364643663854,1506.0,1491.0,1526.0,163,1,87.26,0.0,0.0,0.0,0.0,1
CA,2018-10-07,1651,1387.74984857662,10.977451337620336,1503.5,1491.0,1519.0,158,0,0.0,0.0,0.0,0.0,0.0,0
CA,2018-10-08,1586,1363.6494325346785,8.667367760103923,1509.5,1501.0,1524.7,164,1,69.01,0.0,0.0,0.0,0.0,1
CA,2018-10-09,1338,1314.1988041853515,226.92309269882605,1194.5,1060.1,1548.2,173,0,0.0,0.0,0.0,0.0,0.0,0
CA,2018-10-10,1524,1355.909448818899,0.0,1500.0,1500.0,1500.0,183,0,0.0,0.0,0.0,0.0,0.0,0
CA,2018-10-11,1530,1366.9163398692817,12.709084677243021,1494.0,1474.7,1505.9,180,0,0.0,0.0,0.0,0.0,0.0,0
CA,2018-10-12,1594,1326.8061480552074,5.893587617063142,1456.0,1447.4,1460.1,177,0,0.0,0.0,0.0,0.0,0.0,0
CA,2018-10-13,1712,1398.6740654205616,10.236240142010052,1445.0,1432.1,1459.2,174,0,0.0,0.0,0.0,0.0,0.0,0
CA,2018-10-14,1781,1389.6793935991006,10.240934268604478,1466.0,1451.4,1476.6,168,0,0.0,0.0,0.0,0.0,0.0,0
CA,2018-10-15,1535,1305.8195439739407,9.934158243152764,1453.5,1441.1,1466.3,174,1,43.83,0.0,0.0,0.0,0.0,1
CA,2018-10-16,1583,1334.4706253948184,4.5,1445.5,1441.9,1449.1,183,3,25.883333333333336,0.0,0.0,0.0,0.0,1
CA,2018-10-17,1557,1370.6557482337823,6.944222218666553,1432.0,1425.6,1439.2,173,2,57.485,0.0,0.0,0.0,0.0,2
CA,2018-10-18,1368,1356.369152046783,10.63202708800161,1398.0,1386.0,1416.0,165,2,65.365,0.0,0.0,0.0,0.0,2
CA,2018-10-19,1513,1351.228023793787,8.849362942596258,1403.0,1394.3,1413.0,175,1,15.95,0.0,0.0,0.0,0.0,1
CA,2018-10-20,1377,1355.9172113289765,6.863753427324667,1391.0,1385.4,1399.2,165,1,76.46,0.0,0.0,0.0,0.0,1
CA,2018-10-21,1366,1339.571742313323,18.688231591030757,1426.0,1398.5,1447.6,165,0,0.0,0.0,0.0,0.0,0.0,0
CA,2018-10-22,1371,1314.688548504741,11.99722959710033,1448.0,1435.0,1464.0,167,1,92.88,0.0,0.0,0.0,0.0,1
CA,2018-10-23,1359,1296.3399558498902,7.837863150465954,1471.0,1463.0,1481.4,181,0,0.0,0.0,0.0,0.0,0.0,0
CA,2018-10-24,1374,1292.1863173216898,8.339514374350584,1466.5,1454.9,1477.1,169,1,36.83,0.0,0.0,0.0,0.0,1
CA,2018-10-25,1400,1323.988571428572,10.66313274793107,1460.0,1445.4,1472.6,169,0,0.0,0.0,0.0,0.0,0.0,0
CA,2018-10-26,1342,1341.2429210134126,4.0,1447.0,1443.8,1450.2,172,0,0.0,0.0,0.0,0.0,0.0,0
CA,2018-10-27,1397,1404.8826055833933,14.330910647966514,1441.0,1426.5,1462.5,174,1,90.51,0.0,0.0,0.0,0.0,1
CA,2018-10-28,1367,1400.4645208485742,135.41130474700847,1447.0,1431.2,1461.0,158,0,0.0,0.0,0.0,0.0,0.0,0
CA,2018-10-29,1384,1331.875,9.03811374126261,1444.0,1434.4,1456.1,168,0,0.0,0.0,0.0,0.0,0.0,0
CA,2018-10-30,1478,1325.89851150203,10.82891066185556,1460.5,1446.0,1472.9,178,3,54.626666666666665,0.0,0.0,0.0,0.0,3
CA,2018-10-31,1485,1322.70505050505,7.495832175282475,1472.0,1463.6,1479.1,168,1,67.62,0.0,0.0,0.0,0.0,1
CA,2018-11-01,1537,1354.5354586857516,153.46972775146315,1473.0,1462.0,1486.0,170,0,0.0,0.0,0.0,0.0,0.0,0
CA,2018-11-02,1625,1339.7286153846158,260.2624828898702,1468.0,1461.0,1995.8,180,0,0.0,0.0,0.0,0.0,0.0,0
CA,2018-11-03,1318,1367.892261001517,0.0,2006.0,2006.0,2006.0,165,2,51.505,0.0,96.03,96.03,96.03,2
CA,2018-11-04,1340,1362.560447761194,8.490149858989485,1476.0,1468.0,1484.0,154,1,75.92,0.0,0.0,0.0,0.0,1
CA,2018-11-05,1308,1335.7102446483186,10.171237959690703,1490.5,1477.0,1500.7,165,1,97.56,0.0,0.0,0.0,0.0,1
CA,2018-11-06,1352,1273.9238165680472,6.4367770479823285,1480.0,1475.8,1489.2,171,1,59.17,0.0,0.0,0.0,0.0,1
CA,2018-11-07,1475,1325.518644067797,252.56695414588705,1288.5,988.6,1620.7,160,0,0.0,0.0,0.0,0.0,0.0,0
CA,2018-11-08,1457,1361.726149622512,7.977007776179267,1483.0,1475.0,1496.2,173,2,86.035,0.0,0.0,0.0,0.0,2
CA,2018-11-09,1409,1310.346344925479,0.0,693.0,693.0,693.0,167,0,0.0,0.0,0.0,0.0,0.0,0
CA,2018-11-10,1712,1377.1892523364497,160.19211090654315,1460.0,1446.6,1470.8,179,0,0.0,0.0,0.0,0.0,0.0,0
CA,2018-11-11,1673,1370.9677226539145,18.814415976072972,1465.5,1433.0,1482.0,175,0,0.0,0.0,0.0,0.0,0.0,0
CA,2018-11-12,1622,1348.2274969173866,266.3025347231979,1987.0,1446.6,1994.0,169,3,41.54333333333333,0.0,0.0,0.0,0.0,1
CA,2018-11-13,1384,1360.0151734104052,0.0,693.0,693.0,693.0,174,0,0.0,0.0,0.0,0.0,0.0,0
CA,2018-11-14,1343,1336.0930752047655,274.97315630146613,1449.0,841.0000000000001,1458.0,161,1,75.36,0.0,0.0,0.0,0.0,1
CA,2018-11-15,1480,1313.778378378378,304.53532587514763,1414.0,704.8,1424.0,174,0,0.0,0.0,0.0,0.0,0.0,0
CA,2018-11-16,1471,1361.1108089734869,258.3809183394504,1364.0,699.6,1392.2,181,1,15.78,0.0,0.0,0.0,0.0,1
CA,2018-11-17,1505,1343.3421926910303,260.1005984799725,1354.0,810.6,1363.2,174,2,68.525,0.0,0.0,0.0,0.0,2
CA,2018-11-18,1525,1383.3560655737708,308.5540151203895,1452.0,707.0,1512.8,165,1,58.79,0.0,0.0,0.0,0.0,1
CA,2018-11-19,1556,1339.3386889460157,294.4530470869261,1371.5,703.0,1408.8,174,0,0.0,0.0,0.0,0.0,0.0,0
CA,2018-11-20,1520,1373.7256578947367,202.01777976425296,1362.0,1083.2000000000003,1415.0,169,1,88.91,0.0,0.0,0.0,0.0,1
CA,2018-11-21,1456,1316.2067307692312,297.06787492768314,1380.0,711.0,1404.0,187,2,41.75,0.0,0.0,0.0,0.0,2
CA,2018-11-22,1417,1307.1841919548344,123.77055533350878,1410.0,1370.0,1440.0,169,3,66.70666666666666,0.0,0.0,0.0,0.0,3
CA,2018-11-23,1678,1317.6179976162102,171.6837167908218,1435.5,1391.0,1464.0,184,1,36.05,0.0,0.0,0.0,0.0,1
CA,2018-11-24,1635,1372.0318042813446,285.36701514599287,1459.5,1075.5,1467.0,186,0,0.0,0.0,0.0,0.0,0.0,0
CA,2018-11-25,1407,1343.0874200426445,194.5757410579861,1477.0,1461.0,1484.0,167,0,0.0,0.0,0.0,0.0,0.0,0
CA,2018-11-26,1719,1343.9127399650963,209.60196146153,1482.0,1459.4,1495.4,183,0,0.0,0.0,0.0,0.0,0.0,0
CA,2018-11-27,1761,1365.281658148779,266.53660093350817,1458.0,861.0,1473.0,191,0,0.0,0.0,0.0,0.0,0.0,0
CA,2018-11-28,1621,1339.239358420728,289.52581594111984,808.0,787.0,1479.0,187,0,0.0,0.0,0.0,0.0,0.0,0
CA,2018-11-29,1580,1317.9740506329117,329.49640024098676,1469.0,812.0,1486.8,181,0,0.0,0.0,0.0,0.0,0.0,0
CA,2018-11-30,1594,1313.9058971141787,274.2398995247582,1431.0,837.3,1511.4,190,1,91.07,0.0,91.07,91.07,91.07,1
CA,2018-12-01,1729,1344.8218623481782,320.46020510440223,1457.5,804.0,1486.5,166,1,73.96,0.0,0.0,0.0,0.0,1
CA,2018-12-02,1425,1341.5536842105257,234.6734440543979,1437.0,833.4,1463.8,176,3,59.303333333333335,0.0,0.0,0.0,0.0,1
CA,2018-12-03,1492,1302.579758713137,297.24661649951236,1438.0,844.2,1448.2,180,4,62.85000000000001,0.0,0.0,0.0,0.0,2
CA,2018-12-04,1302,1332.2196620583727,333.51706501026484,1462.0,728.8,1471.8,186,3,49.99,0.0,0.0,0.0,0.0,3
CA,2018-12-05,1533,1336.6914546640578,339.26554295868783,665.0,597.2,1440.6,175,3,55.169999999999995,0.0,0.0,0.0,0.0,3
CA,2018-12-06,1744,1343.5602064220184,355.8677984870224,646.0,616.9,1424.0,187,2,70.78,0.0,0.0,0.0,0.0,1
CA,2018-12-07,1595,1388.2495297805638,327.4069383113893,1382.0,695.0,1414.0,183,0,0.0,0.0,0.0,0.0,0.0,0
CA,2018-12-08,1813,1325.8301158301158,17.189305460728256,1380.5,1360.0,1399.0,186,6,70.105,0.0,0.0,0.0,0.0,1
CA,2018-12-09,1623,1325.9125077017857,237.1151618939624,832.0,690.6,1420.4,184,2,73.86,0.0,0.0,0.0,0.0,1
CA,2018-12-10,1447,1348.4526606772624,222.58876880921014,1429.5,1341.5,1440.7,198,3,73.11,0.0,0.0,0.0,0.0,1
CA,2018-12-11,1595,1354.7824451410659,167.3508641399711,1412.5,1403.7,1423.8,188,2,46.305,0.0,0.0,0.0,0.0,2
CA,2018-12-12,1497,1345.4221776887111,223.61617273429337,1434.5,986.8,1446.7,177,1,88.18,0.0,0.0,0.0,0.0,1
CA,2018-12-13,1613,1350.6986980781153,243.76807102034425,1415.5,987.6,1432.6,193,0,0.0,0.0,0.0,0.0,0.0,0
CA,2018-12-14,1846,1469.7605633802816,203.7120941032972,1411.0,989.6,1420.3,187,1,35.32,0.0,0.0,0.0,0.0,1
CA,2018-12-15,1553,1375.701867353509,221.2483521595886,981.0,970.6,1424.0,183,0,0.0,0.0,0.0,0.0,0.0,0
CA,2018-12-16,1563,1373.418426103647,197.4092071351496,1018.0,993.0,1445.2,169,1,78.58,0.0,0.0,0.0,0.0,1
CA,2018-12-17,1487,1338.7168796234027,225.39006592612245,1017.5,987.5,1440.7,177,1,92.08,0.0,0.0,0.0,0.0,1
CA,2018-12-18,1468,1393.2173024523158,194.81705764745865,1393.5,1008.1,1412.9,179,5,65.52000000000001,0.0,0.0,0.0,0.0,2
CA,2018-12-19,1660,1344.0222891566268,131.0969997114096,1396.5,1022.2,1411.0,191,0,0.0,0.0,0.0,0.0,0.0,0
CA,2018-12-20,1685,1406.9994065281896,193.4738985193714,1014.0,990.5,1410.5,188,0,0.0,0.0,0.0,0.0,0.0,0
CA,2018-12-21,1569,1367.792861695347,26.038196065030842,1454.5,1419.7,1486.4,185,2,95.575,0.0,0.0,0.0,0.0,1
CA,2018-12-22,1697,1492.684148497349,264.5471065758103,1475.0,1015.4,1490.0,169,1,60.42,0.0,0.0,0.0,0.0,1
CA,2018-12-23,1591,1378.9692017598995,9.60247949525264,1499.0,1486.8,1511.2,176,2,64.21,0.0,0.0,0.0,0.0,1
CA,2018-12-24,1828,1409.7231947483592,367.8370595793741,1498.0,590.6,1516.2,178,3,59.66666666666666,0.0,0.0,0.0,0.0,1
CA,2018-12-25,1716,1432.0174825174824,308.217857908792,995.0,978.0,1019.0,158,3,71.82000000000001,0.0,0.0,0.0,0.0,1
CA,2018-12-26,1311,1351.8611746758204,7.128557114214084,983.0,973.1,991.2,162,3,72.40666666666667,0.0,0.0,0.0,0.0,2
CA,2018-12-27,1838,1425.454298150163,282.506858323829,1492.0,974.5,1505.0,188,1,71.56,0.0,0.0,0.0,0.0,1
CA,2018-12-28,2021,1422.5353785254815,281.3726981426592,1012.0,960.0,1556.0,186,4,63.67,0.0,0.0,0.0,0.0,1
CA,2018-12-29,2020,1418.3762376237623,234.54488516061664,1570.0,939.2,1591.0,183,2,61.585,0.0,0.0,0.0,0.0,2
CA,2018-12-30,1838,1363.5174102285093,278.10434670159503,1411.0,950.8,1575.6,177,0,0.0,0.0,0.0,0.0,0.0,0
CA,2018-12-31,1745,1401.8510028653297,249.31142216859075,1527.0,988.0,1564.0,183,2,47.785,0.0,0.0,0.0,0.0,2
CA,2019-01-01,1486,1390.1184387617764,224.21491116535694,1519.0,977.9,1541.7,166,0,0.0,0.0,0.0,0.0,0.0,0
CA,2019-01-02,1776,1401.164977477477,257.8292426536349,1474.5,992.3,1503.0,197,2,83.21000000000001,0.0,0.0,0.0,0.0,2
CA,2019-01-03,2086,1405.1054650047936,250.77460338184815,1461.0,965.4,1478.0,190,1,79.47,0.0,0.0,0.0,0.0,1
CA,2019-01-04,1880,1396.0936170212763,186.8529275364066,1465.5,983.8,1477.0,196,0,0.0,0.0,0.0,0.0,0.0,0
CA,2019-01-05,2130,1428.961502347417,155.87860305022267,1491.0,1335.3000000000002,1498.9,176,3,85.32333333333334,0.0,0.0,0.0,0.0,3
CA,2019-01-06,1678,1405.5417163289628,5.5,1473.5,1469.1,1477.9,183,1,97.61,0.0,0.0,0.0,0.0,1
CA,2019-01-07,2030,1398.4522167487673,217.88643831133686,1240.5,1014.6,1460.1,192,0,0.0,0.0,0.0,0.0,0.0,0
CA,2019-01-08,2047,1495.8368343917919,201.87864586013296,1040.0,1030.6,1441.2,211,1,95.34,0.0,0.0,0.0,0.0,1
CA,2019-01-09,1846,1393.6040086673893,3.5,1446.5,1443.7,1449.3,196,3,83.39333333333333,0.0,0.0,0.0,0.0,3
CA,2019-01-10,1887,1415.1165871754104,220.49532307965174,1470.5,1459.7,1825.0,200,1,69.78,0.0,0.0,0.0,0.0,1
CA,2019-01-11,2008,1415.8665338645417,7.826237921249264,1455.5,1447.1,1463.9,191,0,0.0,0.0,0.0,0.0,0.0,0
CA,2019-01-12,1876,1399.8683368869936,3.5,1433.5,1430.7,1436.3,192,0,0.0,0.0,0.0,0.0,0.0,0
CA,2019-01-13,1910,1428.886910994764,202.80702034199902,1228.0,1024.4,1433.7,186,2,95.22,0.0,0.0,0.0,0.0,2
CA,2019-01-14,1924,1352.856029106029,186.92006610075632,1401.0,1029.8,1410.6,198,1,62.64,0.0,0.0,0.0,0.0,1
CA,2019-01-15,1829,1426.9431383269555,257.69786087587147,1393.0,1383.7,1807.6000000000001,201,1,97.64,0.0,0.0,0.0,0.0,1
CA,2019-01-16,1701,1361.8982951205164,6.944222218666553,1382.0,1374.8,1388.4,193,0,0.0,0.0,0.0,0.0,0.0,0
CA,2019-01-17,1769,1427.4494064443184,8.05689644012591,1378.0,1363.8,1386.0,196,0,0.0,0.0,0.0,0.0,0.0,0
CA,2019-01-18,1782,1375.9983164983164,7.681145747868608,1381.5,1372.5,1389.0,210,1,85.03,0.0,0.0,0.0,0.0,1
CA,2019-01-19,1453,1367.869236063317,4.0,1381.0,1377.8,1384.2,194,1,84.97,0.0,0.0,0.0,0.0,1
CA,2019-01-20,1813,1392.7038058466628,240.549284763019,1777.0,1375.2,1989.2,193,1,83.96,0.0,0.0,0.0,0.0,1
CA,2019-01-21,1924,1385.73024948025,228.3601235346514,1397.0,1363.8,1978.6,196,3,67.15333333333335,0.0,0.0,0.0,0.0,3
CA,2019-01-22,1993,1387.2925238334162,9.40744386111339,1392.5,1383.1,1403.3,213,2,84.86,0.0,0.0,0.0,0.0,2
CA,2019-01-23,1962,1352.0519877675838,7.004371812646436,1391.0,1387.6,1402.2,205,1,97.46,0.0,0.0,0.0,0.0,1
CA,2019-01-24,1735,1381.3844380403461,21.891779278989635,1406.0,1390.0,1444.6,203,3,71.85000000000001,0.0,0.0,0.0,0.0,3
CA,2019-01-25,1932,1432.5362318840582,12.185638921220642,1475.5,1463.0,1492.2,189,1,81.31,0.0,0.0,0.0,0.0,1
CA,2019-01-26,1850,1431.4756756756756,5.2687759489277965,1490.0,1483.2,1495.0,189,0,0.0,0.0,0.0,0.0,0.0,0
CA,2019-01-27,1939,1367.1469829809175,6.2801273872430325,1501.0,1492.9,1510.1,175,0,0.0,0.0,0.0,0.0,0.0,0
CA,2019-01-28,1965,1404.9959287531806,6.272713828600042,1498.0,1489.6,1505.1,209,1,66.38,0.0,0.0,0.0,0.0,1
CA,2019-01-29,1842,1395.752442996743,245.32001492381787,1946.0,1411.8,1957.7,214,1,46.62,0.0,0.0,0.0,0.0,1
CA,2019-01-30,1903,1367.4524435102471,175.97979682022847,1967.0,1837.8,1976.2,205,1,98.14,0.0,0.0,0.0,0.0,1
CA,2019-01-31,1686,1351.6601423487548,233.69612008591386,1493.0,1474.2,1977.4,220,3,83.14666666666666,0.0,0.0,0.0,0.0,3
CA,2019-02-01,2030,1352.010837438424,222.8383816489823,1473.0,1458.1,1965.8,200,1,96.95,0.0,0.0,0.0,0.0,1
CA,2019-02-02,1692,1446.6382978723404,4.320493798938574,1464.0,1457.6,1465.6,198,0,0.0,0.0,0.0,0.0,0.0,0
CA,2019-02-03,1993,1420.0913196186643,11.105058039001273,1480.0,1467.0,1492.0,203,2,74.69500000000001,0.0,0.0,0.0,0.0,2
CA,2019-02-04,1995,1413.9904761904759,165.0555156649355,1487.0,1450.2,1732.8,199,2,92.28,0.0,0.0,0.0,0.0,2
CA,2019-02-05,1937,1355.7005678884873,46.34112644293403,1612.0,1553.2,1668.0,217,0,0.0,0.0,0.0,0.0,0.0,0
CA,2019-02-06,1929,1372.8506998444782,26.290445032368698,1461.5,1450.4,1510.4,205,3,54.19,0.0,0.0,0.0,0.0,3
CA,2019-02-07,1744,1354.2293577981643,109.20391429779056,1458.5,1441.9,1469.2,209,0,0.0,0.0,0.0,0.0,0.0,0
CA,2019-02-08,1929,1419.781752203214,8.293100156399996,1445.0,1438.6,1455.0,200,0,0.0,0.0,0.0,0.0,0.0,0
CA,2019-02-09,1987,1347.9753397081029,38.103567233757786,1418.0,1370.2,1453.6,198,3,75.48333333333333,0.0,0.0,0.0,0.0,3
CA,2019-02-10,1879,1360.4236295902078,50.63337358312364,1365.0,1350.0,1465.0,186,2,50.900000000000006,0.0,0.0,0.0,0.0,2
CA,2019-02-11,1888,1369.250529661018,157.74358699801775,1431.0,1028.4,1458.0,212,2,88.625,0.0,0.0,0.0,0.0,2
CA,2019-02-12,2087,1382.6818399616673,84.78833188882652,1440.0,1331.8,1447.4,203,2,80.055,0.0,0.0,0.0,0.0,2
CA,2019-02-13,1918,1333.8910323253394,12.382783747337808,1418.5,1407.0,1434.5,217,0,0.0,0.0,0.0,0.0,0.0,0
CA,2019-02-14,1905,1342.6976377952756,61.74621479347794,1415.5,1303.0,1430.5,199,0,0.0,0.0,0.0,0.0,0.0,0
CA,2019-02-15,1948,1367.7135523613952,45.02861744367562,1446.0,1372.5,1467.1,206,0,0.0,0.0,0.0,0.0,0.0,0
CA,2019-02-16,2020,1375.4787128712874,117.17563252666781,1329.5,1292.2,1460.3,212,1,74.08,0.0,0.0,0.0,0.0,1
CA,2019-02-17,1940,1399.7025773195871,24.138489320308896,1451.5,1435.4,1471.7,193,4,62.27,0.0,0.0,0.0,0.0,3
CA,2019-02-18,1889,1367.9835892006352,206.30175268567845,1688.0,1437.6,1963.6,213,1,82.2,0.0,0.0,0.0,0.0,1
CA,2019-02-19,1721,1313.3672283556073,4.549052379454474,1486.0,1479.2,1489.4,214,0,0.0,0.0,0.0,0.0,0.0,0
CA,2019-02-20,1864,1390.9302575107295,34.87029538159951,1502.5,1460.5,1512.1,219,0,0.0,0.0,0.0,0.0,0.0,0
CA,2019-02-21,2070,1344.2125603864736,29.190524741667073,1508.0,1480.3,1525.0,215,2,76.11,0.0,0.0,0.0,0.0,2
CA,2019-02-22,1877,1361.4336707511993,37.178249316263155,1482.0,1419.2,1505.8,218,0,0.0,0.0,0.0,0.0,0.0,0
CA,2019-02-23,1829,1354.5363586659378,33.527098391161324,1491.5,1483.3,1501.8,201,4,75.7975,0.0,0.0,0.0,0.0,4
CA,2019-02-24,2191,1369.6261980830664,12.430397938095478,1462.5,1448.5,1480.0,210,1,96.18,0.0,0.0,0.0,0.0,1
CA,2019-02-25,1981,1334.5820292781418,14.902409588428005,1471.0,1445.0,1485.8,214,1,65.97,0.0,0.0,0.0,0.0,1
CA,2019-02-26,1913,1315.8567694720332,10.226259770262484,1464.5,1449.8,1472.9,223,1,93.1,0.0,0.0,0.0,0.0,1
CA,2019-02-27,1941,1369.7171561051002,5.670978751503131,1455.0,1450.8,1463.0,209,0,0.0,0.0,0.0,0.0,0.0,0
CA,2019-02-28,1854,1334.7562028047464,8.743356391668792,1480.0,1471.0,1488.0,217,1,98.49,0.0,0.0,0.0,0.0,1
CA,2019-03-01,2013,1389.5494287133638,16.484599724021948,1514.5,1495.0,1540.0,214,0,0.0,0.0,0.0,0.0,0.0,0
CA,2019-03-02,2007,1365.9845540607869,13.540439073557001,1469.0,1452.7,1488.0,198,1,80.89,0.0,0.0,0.0,0.0,1
CA,2019-03-03,2071,1326.9082568807341,24.739015816957686,1468.0,1431.4,1496.8,188,2,68.22,0.0,0.0,0.0,0.0,2
CA,2019-03-04,1947,1361.7442218798155,6.217957347239081,1451.0,1444.0,1458.6,215,1,75.25,0.0,0.0,0.0,0.0,1
CA,2019-03-05,1966,1358.9384537131227,9.630680142129112,1436.0,1425.0,1445.6,212,1,52.9,0.0,0.0,0.0,0.0,1
CA,2019-03-06,2106,1309.0968660968658,11.842059575935261,1441.0,1428.7,1457.1,207,2,74.035,0.0,0.0,0.0,0.0,2
CA,2019-03-07,2237,1330.8985248100141,7.151145984308312,1435.5,1428.5,1444.5,212,0,0.0,0.0,0.0,0.0,0.0,0
CA,2019-03-08,1965,1348.7862595419847,8.399735445569435,1420.5,1408.0,1427.5,204,0,0.0,0.0,0.0,0.0,0.0,0
CA,2019-03-09,1978,1322.6602628918092,4.61455497822475,1412.0,1407.0,1420.0,194,2,82.99,0.0,0.0,0.0,0.0,2
CA,2019-03-10,2065,1309.9956416464893,12.099877056953446,1432.0,1411.6,1443.9,193,0,0.0,0.0,0.0,0.0,0.0,0
CA,2019-03-11,1982,1387.8879919273468,12.798217793826797,1451.0,1435.5,1467.0,212,7,64.67285714285715,0.0,0.0,0.0,0.0,5
CA,2019-03-12,1810,1350.338121546961,237.49079020569607,1230.0,1024.3,1644.2,215,0,0.0,0.0,0.0,0.0,0.0,0
CA,2019-03-13,1926,1331.7409138110088,0.0,1434.0,1434.0,1434.0,215,3,56.84666666666666,0.0,0.0,0.0,0.0,2
CA,2019-03-14,1870,1352.789304812834,6.015604707757983,1425.0,1418.7,1430.6,194,4,60.3575,0.0,0.0,0.0,0.0,4
CA,2019-03-15,1977,1369.9038947900858,0.0,1424.0,1424.0,1424.0,203,4,69.16,0.0,0.0,0.0,0.0,3
CA,2019-03-16,1894,1364.808342133051,10.34601372510205,1397.0,1384.8,1412.0,205,2,79.465,0.0,0.0,0.0,0.0,2
CA,2019-03-17,1961,1358.1239163691987,3.5619517121937516,1401.0,1398.3,1405.8,199,2,81.84,0.0,0.0,0.0,0.0,1
CA,2019-03-18,1739,1378.0845313398497,6.944222218666553,1417.0,1409.8,1423.4,201,0,0.0,0.0,0.0,0.0,0.0,0
CA,2019-03-19,1693,1326.6125221500301,12.391753530294071,1437.0,1417.1,1448.3,206,2,79.825,0.0,0.0,0.0,0.0,2
CA,2019-03-20,2027,1395.222989639862,176.26446785940092,1138.5,1109.3,1588.4,214,42,62.32500000000001,0.0,0.0,0.0,0.0,36
CA,2019-03-21,2027,1388.8732116428212,0.0,1426.0,1426.0,1426.0,228,31,64.3451612903226,0.0,0.0,0.0,0.0,27
CA,2019-03-22,1782,1333.1206509539836,5.734883511361751,1409.0,1404.2,1415.4,216,35,69.19399999999999,0.0,0.0,0.0,0.0,21
CA,2019-03-23,1769,1417.7942340305265,8.945652092386819,1422.0,1409.6,1431.4,199,25,61.76559999999999,0.0,0.0,0.0,0.0,18
CA,2019-03-24,1767,1363.6972269383139,3.0,1424.0,1421.6,1426.4,199,34,64.06764705882352,0.0,0.0,0.0,0.0,21
CA,2019-03-25,1749,1356.202973127501,5.429951657243368,1406.0,1399.9,1410.6,199,28,67.64357142857142,0.0,0.0,0.0,0.0,14
CA,2019-03-26,1938,1365.1300309597523,9.012337223063849,1391.0,1378.5,1399.5,205,18,62.57333333333335,0.0,0.0,0.0,0.0,15
CA,2019-03-27,1919,1385.44398124023,5.621387729022079,1357.0,1350.0,1362.2,214,28,68.67571428571429,0.0,0.0,0.0,0.0,19
CA,2019-03-28,1686,1345.5017793594309,3.5,1337.5,1334.7,1340.3,213,38,59.42736842105264,0.0,0.0,0.0,0.0,23
CA,2019-03-29,1947,1319.3030303030305,3.5,1333.5,1330.7,1336.3,208,18,77.30055555555556,0.0,0.0,0.0,0.0,11
CA,2019-03-30,1778,1373.5899887514065,7.953755227703593,1340.0,1329.6,1349.2,191,32,72.6225,0.0,0.0,0.0,0.0,14
CA,2019-03-31,1863,1388.6328502415456,178.82083206197998,1074.5,1043.2,1382.9,194,45,65.59755555555554,0.0,0.0,0.0,0.0,25
CA,2019-04-01,1868,1345.8377944325482,188.1908339957077,1371.5,1118.1,1547.0,198,39,68.36205128205128,0.0,13.49,13.49,13.49,18
CA,2019-04-02,2040,1376.2999999999997,3.5,1343.5,1340.7,1346.3,215,34,72.09764705882354,0.0,0.0,0.0,0.0,19
CA,2019-04-03,2109,1316.5960170697008,233.26576329099635,1126.0,1033.2,1487.8,210,50,73.558,0.0,98.42,98.42,98.42,26
CA,2019-04-04,1969,1298.2087353986803,160.6963382635495,1037.0,1015.0,1458.0,217,29,66.24068965517242,0.0,0.0,0.0,0.0,20
CA,2019-04-05,2105,1353.205225653207,6.128258770283411,1341.0,1334.6,1346.6,212,28,61.95035714285715,0.0,0.0,0.0,0.0,19
CA,2019-04-06,1769,1342.5517241379323,186.0180665646092,1171.0,987.0,1503.0,193,28,68.24000000000001,0.0,0.0,0.0,0.0,17
CA,2019-04-07,1715,1328.458892128279,186.8541915207922,1146.0,987.4,1501.6,174,30,75.59333333333333,0.0,0.0,0.0,0.0,19
CA,2019-04-08,1949,1365.6649563878914,134.61075572017103,1344.5,1152.9,1507.1,214,26,65.69769230769231,0.0,0.0,0.0,0.0,18
CA,2019-04-09,1977,1377.1704602933733,136.9537749897094,1180.5,981.5,1339.0,219,33,69.52303030303031,0.0,0.0,0.0,0.0,17
CA,2019-04-10,1933,1334.315571650285,173.5606994365052,1024.5,995.5,1364.1,205,39,72.29435897435896,0.0,0.0,0.0,0.0,18
CA,2019-04-11,1910,1352.6748691099483,5.314132102234569,1331.0,1324.8,1336.6,216,32,66.5328125,0.0,0.0,0.0,0.0,26
CA,2019-04-12,1907,1330.3256423702155,85.56790160158806,1634.5,1553.5,1690.0,213,68,58.706176470588254,0.0,0.0,0.0,0.0,58
CA,2019-04-13,1980,1365.9459595959593,0.0,1331.0,1331.0,1331.0,195,76,67.83855263157895,0.0,0.0,0.0,0.0,43
CA,2019-04-14,2041,1352.5840274375307,153.91557916481966,1106.0,1077.2,1479.8000000000002,206,88,69.27340909090913,0.0,0.0,0.0,0.0,50
CA,2019-04-15,1920,1361.238541666666,6.015604707757983,1349.0,1342.7,1354.6,218,98,67.63285714285716,0.0,0.0,0.0,0.0,47
CA,2019-04-16,2068,1358.175531914894,71.05846575571103,1531.0,1364.2,1541.3,219,83,72.41180722891565,0.0,0.0,0.0,0.0,46
CA,2019-04-17,2118,1367.028328611898,5.499090833947008,1362.0,1355.4,1367.6,219,61,64.44065573770494,0.0,0.0,0.0,0.0,44
CA,2019-04-18,1990,1339.9904522613062,5.715476066494082,1370.0,1364.4,1375.6,227,73,65.4630136986301,0.0,0.0,0.0,0.0,45
CA,2019-04-19,2205,1314.8312925170071,4.0,1365.0,1361.8,1368.2,222,88,68.94000000000001,0.0,0.0,0.0,0.0,43
CA,2019-04-20,1739,1311.7124784358828,0.0,1369.0,1369.0,1369.0,192,53,71.01849056603771,0.0,0.0,0.0,0.0,38
CA,2019-04-21,1633,1372.5248009797913,3.655133376499413,1375.0,1368.8,1376.8,188,69,67.9231884057971,0.0,0.0,0.0,0.0,43
CA,2019-04-22,1865,1392.201608579089,7.3484692283495345,1373.0,1365.8,1380.2,207,86,75.08930232558141,0.0,0.0,0.0,0.0,41
CA,2019-04-23,1899,1396.767245918904,0.0,1356.0,1356.0,1356.0,217,71,74.4681690140845,0.0,0.0,0.0,0.0,39
CA,2019-04-24,1884,1357.440021231422,0.0,1363.0,1363.0,1363.0,217,68,71.76411764705878,0.0,0.0,0.0,0.0,46
CA,2019-04-25,1980,1358.173737373738,94.76062884998892,1339.0,1142.4,1374.4,214,62,74.725,0.0,0.0,0.0,0.0,45
CA,2019-04-26,1972,1424.9705882352944,74.49716944184956,1236.0,1128.6,1339.4,214,64,66.70593750000003,0.0,0.0,0.0,0.0,42
CA,2019-04-27,1771,1371.8040654997183,3.794733192202055,1322.0,1314.2,1322.0,195,66,76.86090909090909,0.0,0.0,0.0,0.0,37
CA,2019-04-28,1894,1399.0533262935594,153.8310761842353,1250.0,1134.0,1565.4,192,65,72.74046153846156,0.0,0.0,0.0,0.0,28
CA,2019-04-29,1878,1421.8242811501593,10.699169230469355,1318.5,1310.5,1334.5,215,65,65.37230769230767,0.0,0.0,0.0,0.0,42
CA,2019-04-30,2099,1427.6755597903766,17.53310361066238,1337.5,1304.9,1348.9,207,65,72.0836923076923,0.0,0.0,0.0,0.0,40
CA,2019-05-01,1857,1360.190091545504,8.288066211275785,1308.0,1300.0,1319.2,214,68,71.24676470588236,0.0,0.0,0.0,0.0,42
CA,2019-05-02,1887,1331.243773184949,3.559026084010437,1319.0,1313.4,1319.8,218,75,67.66653333333335,0.0,0.0,0.0,0.0,40
CA,2019-05-03,1890,1380.309523809524,181.94933905752745,1177.0,1159.1,1564.2,205,71,68.38873239436622,0.0,89.99,89.99,89.99,49
CA,2019-05-04,1909,1402.8365636458882,4.791659420284375,1327.0,1323.4,1332.8,201,53,75.48509433962266,0.0,0.0,0.0,0.0,34
CA,2019-05-05,1667,1357.257348530294,4.949747468305833,1329.0,1324.1,1333.9,190,49,71.31142857142858,0.0,0.0,0.0,0.0,38
CA,2019-05-06,1793,1415.218070273286,139.68016396095328,1345.0,1281.4,1532.8,210,53,71.0854716981132,0.0,0.0,0.0,0.0,37
CA,2019-05-07,2025,1417.331358024692,52.66662361145231,1434.0,1325.0,1466.0,219,76,65.30263157894737,0.0,0.0,0.0,0.0,47
CA,2019-05-08,1905,1403.7212598425187,58.92614020958779,1436.0,1310.2,1443.9,218,78,75.11782051282051,0.0,0.0,0.0,0.0,37
CA,2019-05-09,2036,1413.808447937131,7.102425250887506,1316.0,1307.4,1323.4,196,56,67.27125,0.0,0.0,0.0,0.0,36
CA,2019-05-10,1897,1390.9620453347393,13.791449584168195,1359.0,1340.0,1371.8,206,57,73.69754385964912,0.0,0.0,0.0,0.0,39
CA,2019-05-11,1807,1359.7780852241287,171.63833781607318,1187.5,1169.2,1591.4,201,69,75.2714492753623,0.0,0.0,0.0,0.0,39
CA,2019-05-12,1795,1401.3966573816158,0.0,1360.0,1360.0,1360.0,198,61,62.82393442622951,0.0,0.0,0.0,0.0,42
CA,2019-05-13,2207,1454.7299501585865,8.404760555780278,1367.0,1361.2,1379.4,214,69,69.53652173913042,0.0,0.0,0.0,0.0,44
CA,2019-05-14,2225,1422.450786516854,6.97614984548545,1389.0,1381.5,1396.5,217,71,75.57901408450705,0.0,0.0,0.0,0.0,41
CA,2019-05-15,2161,1377.0106432207313,68.02250898338771,1384.0,1367.6,1439.0,217,80,66.40087500000001,0.0,0.0,0.0,0.0,44
CA,2019-05-16,1822,1401.5784851811197,5.678908345800274,1362.0,1357.1,1368.3,212,60,71.44449999999998,0.0,0.0,0.0,0.0,40
CA,2019-05-17,2095,1384.6682577565632,0.0,1379.0,1379.0,1379.0,226,75,72.89773333333335,0.0,0.0,0.0,0.0,52
CA,2019-05-18,2080,1371.397115384615,56.61947285062228,1516.0,1385.8,1537.2,207,72,74.66166666666666,0.0,0.0,0.0,0.0,43
CA,2019-05-19,1768,1369.0531674208153,6.164414002968976,1400.0,1392.4,1405.8,200,62,71.79112903225808,0.0,0.0,0.0,0.0,41
CA,2019-05-20,1841,1384.8967952199891,11.738843789519445,1427.0,1407.0,1435.0,192,73,68.69465753424657,0.0,0.0,0.0,0.0,45
CA,2019-05-21,2184,1386.9340659340658,11.428708790383304,1444.0,1427.2,1455.0,218,65,63.950461538461546,0.0,0.0,0.0,0.0,35
CA,2019-05-22,2040,1398.0465686274515,5.338539126015656,1439.5,1433.4,1444.2,204,15,74.39466666666665,0.0,0.0,0.0,0.0,13
CA,2019-05-23,2225,1449.9195505617977,171.55862247857306,1154.0,1079.5,1588.5,220,71,75.94183098591552,0.0,0.0,0.0,0.0,38
CA,2019-05-24,2125,1376.516705882353,11.6,1442.0,1428.6,1454.8,217,60,64.07866666666665,0.0,0.0,0.0,0.0,43
CA,2019-05-25,2042,1397.709108716944,11.062556905582733,1461.0,1446.0,1469.0,205,77,66.75701298701297,0.0,0.0,0.0,0.0,46
CA,2019-05-26,1864,1328.049356223176,5.290025992374707,1470.0,1462.4,1474.5,201,70,73.57385714285715,0.0,0.0,0.0,0.0,37
CA,2019-05-27,2161,1407.655252198056,4.0,1450.0,1446.8,1453.2,212,73,69.36068493150684,0.0,0.0,0.0,0.0,43
CA,2019-05-28,2255,1417.2447893569833,4.0,1450.0,1446.8,1453.2,210,85,71.89917647058824,0.0,0.0,0.0,0.0,51
CA,2019-05-29,2223,1416.1151596941077,6.4,1448.0,1439.8,1453.8,213,59,70.21389830508473,0.0,0.0,0.0,0.0,42
CA,2019-05-30,2058,1396.4480077745393,4.527692569068709,1453.0,1448.3,1457.7,222,57,68.46929824561406,0.0,0.0,0.0,0.0,41
CA,2019-05-31,2087,1376.061811212267,5.70087712549569,1443.0,1437.1,1448.9,225,44,60.34659090909093,0.0,0.0,0.0,0.0,36
CA,2019-06-01,2035,1390.7282555282547,3.640054944640259,1445.5,1441.6,1449.4,200,67,65.40731343283582,0.0,0.0,0.0,0.0,35
CA,2019-06-02,2081,1341.965881787602,206.7225154645715,1128.0,1065.2,1657.4,198,75,66.43706666666664,0.0,54.44,54.44,54.44,43
CA,2019-06-03,1756,1444.1697038724385,9.40744386111339,1424.5,1413.7,1433.9,203,49,72.42387755102042,0.0,0.0,0.0,0.0,41
CA,2019-06-04,2125,1359.7529411764704,166.37883479176872,1395.0,1053.5,1409.0,222,68,67.27735294117646,0.0,76.41,76.41,76.41,41
CA,2019-06-05,2230,1364.1049327354265,115.12489520776398,1368.0,1128.0,1388.0,219,51,64.97529411764704,0.0,0.0,0.0,0.0,41
CA,2019-06-06,1885,1376.6891246684359,10.133590438359633,1394.0,1377.8,1403.0,207,59,70.6623728813559,0.0,0.0,0.0,0.0,40
CA,2019-06-07,2047,1384.3849535906213,6.2641839053463295,1384.0,1375.6,1392.0,201,68,70.33470588235295,0.0,0.0,0.0,0.0,44
CA,2019-06-08,1531,1379.432397126062,12.073247848423698,1396.0,1384.2,1413.2,200,64,71.68109375,0.0,0.0,0.0,0.0,35
CA,2019-06-09,1744,1383.1766055045873,15.547617021966046,1447.0,1422.2,1458.6,183,64,72.47562500000002,0.0,70.56,70.56,70.56,42
CA,2019-06-10,1832,1393.8477074235807,9.776672917374976,1453.5,1442.2,1465.8,200,53,73.43660377358489,0.0,40.23,40.23,40.23,43
CA,2019-06-11,1875,1359.3818666666664,9.055767246082738,1428.0,1418.6,1441.8,200,65,65.44723076923079,0.0,0.0,0.0,0.0,38
CA,2019-06-12,1906,1406.8814270724029,9.041570660012562,1411.5,1403.9,1423.4,222,65,73.67984615384614,0.0,0.0,0.0,0.0,47
CA,2019-06-13,1814,1381.4051819184126,10.509400553789927,1405.5,1391.8,1415.7,228,76,71.77868421052635,0.0,0.0,0.0,0.0,46
CA,2019-06-14,2054,1434.1163583252194,15.21314737574762,1410.0,1394.4,1435.4,223,71,70.21605633802818,0.0,0.0,0.0,0.0,44
CA,2019-06-15,1922,1392.792403746097,18.681644106732474,1468.0,1436.9,1487.5,201,49,71.84877551020408,0.0,0.0,0.0,0.0,34
CA,2019-06-16,2150,1421.1316279069763,8.819205936579584,1473.0,1464.4,1484.4,190,53,69.06698113207545,0.0,0.0,0.0,0.0,33
CA,2019-06-17,1884,1460.0201698513797,24.26751372148005,1452.0,1410.8,1476.0,215,56,70.19089285714286,0.0,0.0,0.0,0.0,40
CA,2019-06-18,1970,1413.635025380711,16.237150665322872,1435.5,1419.5,1460.3,217,44,66.53568181818183,0.0,0.0,0.0,0.0,34
CA,2019-06-19,1821,1439.2915980230644,10.031062866028817,1401.0,1392.4,1416.6,206,44,67.04181818181816,0.0,0.0,0.0,0.0,29
CA,2019-06-20,1994,1430.2627883650953,23.051843744047893,1411.0,1394.9,1455.1,215,73,69.70506849315072,0.0,0.0,0.0,0.0,48
CA,2019-06-21,2300,1448.34347826087,220.4758882144499,1138.5,1103.8,1592.6,213,68,66.60573529411762,0.0,0.0,0.0,0.0,39
CA,2019-06-22,1699,1386.0512065921127,14.205828224906691,1469.5,1452.5,1485.5,209,32,67.01125,0.0,0.0,0.0,0.0,25
CA,2019-06-23,1574,1418.5648030495556,141.13254430402787,1510.0,1494.4,1606.6000000000001,197,56,75.31624999999998,0.0,0.0,0.0,0.0,33
CA,2019-06-24,1963,1404.8965868568528,4.8202048711647105,1533.5,1527.1,1537.5,203,63,69.73904761904761,0.0,0.0,0.0,0.0,45
CA,2019-06-25,2156,1444.4457328385897,5.356071321407137,1549.0,1543.8,1554.9,221,49,73.09857142857143,0.0,0.0,0.0,0.0,41
CA,2019-06-26,2014,1444.529791459782,5.617433182117573,1557.5,1549.1,1561.8,209,42,66.1954761904762,0.0,0.0,0.0,0.0,30
CA,2019-06-27,1892,1419.9830866807606,10.484390190808915,1519.0,1506.8,1531.4,211,59,72.26525423728813,0.0,0.0,0.0,0.0,36
CA,2019-06-28,1906,1438.088667366212,106.48290015158001,1508.0,1492.0,1522.2,197,66,71.38924242424244,0.0,92.85,92.85,92.85,42
CA,2019-06-29,1793,1437.4924707194637,5.715476066494082,1507.0,1501.4,1512.6,192,58,72.67620689655169,0.0,0.0,0.0,0.0,39
CA,2019-06-30,1623,1471.9192852741842,4.0,1518.0,1514.8,1521.2,189,56,63.02625000000001,0.0,0.0,0.0,0.0,40
CA,2019-07-01,1735,1424.6172910662824,0.0,1507.0,1507.0,1507.0,184,73,68.09328767123286,0.0,0.0,0.0,0.0,40
CA,2019-07-02,1992,1447.5341365461845,9.394147114027968,1503.5,1493.4,1513.6,207,60,67.22466666666669,0.0,0.0,0.0,0.0,39
CA,2019-07-03,1808,1437.798672566371,5.494315243958978,1490.0,1482.0,1497.3,208,55,71.28218181818184,0.0,0.0,0.0,0.0,35
CA,2019-07-04,1750,1433.4902857142863,11.479055165081888,1507.0,1494.0,1524.0,204,47,73.42936170212765,0.0,0.0,0.0,0.0,38
CA,2019-07-05,1818,1505.3432343234329,23.79590086462758,1542.0,1516.0,1563.0,193,61,74.4055737704918,0.0,0.0,0.0,0.0,38
CA,2019-07-06,1554,1449.456885456886,16.43120126466717,1548.0,1522.0,1563.0,180,43,70.48697674418607,0.0,0.0,0.0,0.0,28
CA,2019-07-07,1986,1419.1148036253774,144.88484754320945,1369.0,1353.0,1651.0,196,54,68.85092592592592,0.0,0.0,0.0,0.0,36
CA,2019-07-08,1854,1430.1666666666672,9.929963074788681,1509.0,1496.3,1519.7,211,63,75.86555555555555,0.0,0.0,0.0,0.0,50
CA,2019-07-09,1908,1419.7704402515726,21.496840461371086,1540.0,1501.8,1559.2,220,54,65.39592592592591,0.0,0.0,0.0,0.0,37
CA,2019-07-10,1969,1419.2752666328092,19.6733245167799,1490.5,1464.5,1514.0,213,52,72.64442307692309,0.0,0.0,0.0,0.0,42
CA,2019-07-11,1977,1396.941325240263,5.599586761612543,1453.0,1445.0,1461.0,212,53,70.41773584905658,0.0,0.0,0.0,0.0,36
CA,2019-07-12,1952,1412.6880122950824,11.70928853588163,1450.0,1441.0,1470.0,208,46,66.89260869565217,0.0,0.0,0.0,0.0,31
CA,2019-07-13,1843,1387.5534454693445,0.0,1456.0,1456.0,1456.0,211,55,69.73963636363636,0.0,0.0,0.0,0.0,41
CA,2019-07-14,1691,1373.7368421052638,11.031520495581942,1439.0,1426.0,1453.9,198,28,71.69892857142858,0.0,0.0,0.0,0.0,28
CA,2019-07-15,1761,1394.172629187961,25.9713340177981,1479.0,1462.8,1525.2,209,47,64.6463829787234,0.0,0.0,0.0,0.0,38
CA,2019-07-16,1702,1370.0581668625152,5.904566480737073,1497.0,1492.2,1504.0,218,56,71.51178571428572,0.0,0.0,0.0,0.0,42
CA,2019-07-17,1741,1414.2831705916142,20.237478982214054,1524.0,1498.0,1548.0,221,54,67.49666666666667,0.0,0.0,0.0,0.0,46
CA,2019-07-18,1723,1416.0800928612884,8.926785535678562,1531.0,1518.0,1540.4,206,56,70.88660714285712,0.0,52.34,52.34,52.34,46
CA,2019-07-19,1744,1422.9891055045864,7.3824115301167,1518.0,1510.1,1525.9,216,63,70.63857142857144,0.0,0.0,0.0,0.0,48
CA,2019-07-20,1757,1411.8542970973244,5.40974177964614,1506.0,1501.6,1514.4,191,52,70.69730769230769,0.0,0.0,0.0,0.0,39
CA,2019-07-21,1560,1409.284615384616,0.5,1513.5,1513.1,1513.9,196,55,67.4998181818182,0.0,0.0,0.0,0.0,32
CA,2019-07-22,1775,1405.3735211267608,3.766629793329841,1500.5,1496.3,1504.0,198,49,66.82755102040818,0.0,0.0,0.0,0.0,35
CA,2019-07-23,1829,1371.3504647348277,12.692597874994958,1496.0,1473.0,1505.0,204,55,72.21636363636362,0.0,0.0,0.0,0.0,36
CA,2019-07-24,1865,1359.9871313672922,3.39934634239519,1467.0,1462.2,1468.6,201,53,71.80018867924528,0.0,0.0,0.0,0.0,44
CA,2019-07-25,1704,1341.2699530516427,12.089940722214756,1461.0,1443.8,1474.4,209,53,74.77301886792453,0.0,15.49,15.49,15.49,37
CA,2019-07-26,1950,1378.7517948717948,29.191150437913354,1431.0,1370.9,1447.3,210,60,59.98949999999999,0.0,0.0,0.0,0.0,44
CA,2019-07-27,1906,1358.0860440713534,13.035336589440258,1330.0,1309.4,1342.0,215,40,71.01625000000001,0.0,0.0,0.0,0.0,37
CA,2019-07-28,1945,1366.6421593830328,7.422095391464596,1358.5,1350.8,1366.2,203,65,67.19676923076925,0.0,0.0,0.0,0.0,48
CA,2019-07-29,1782,1335.8468013468014,11.81013505176077,1377.0,1358.0,1384.8,210,70,63.027714285714296,0.0,0.0,0.0,0.0,47
CA,2019-07-30,1895,1366.525593667547,8.051914886120775,1362.5,1355.0,1373.4,216,52,63.72615384615385,0.0,0.0,0.0,0.0,28
CA,2019-07-31,2040,1335.307843137254,6.286079294712109,1389.0,1380.2,1397.4,219,70,72.42528571428574,0.0,0.0,0.0,0.0,54
CA,2019-08-01,1903,1382.2143983184444,7.542472332656507,1379.5,1371.0,1387.5,204,62,63.93274193548385,0.0,35.99,35.99,35.99,46
CA,2019-08-02,1884,1391.0934182590236,236.24455549281976,1442.5,1174.3,1668.9,213,47,67.40893617021277,0.0,0.0,0.0,0.0,31
CA,2019-08-03,1780,1442.5359550561798,7.731609003162134,1388.0,1380.4,1397.6,181,54,75.56074074074075,0.0,0.0,0.0,0.0,31
CA,2019-08-04,1857,1372.7533656435107,191.79728882338247,1351.0,1342.9,1699.0,180,61,73.3214754098361,43.725,54.545,19.565,89.525,38
CA,2019-08-05,1761,1391.3992049971605,9.195651146058118,1405.0,1397.2,1415.7,204,55,67.0292727272727,0.0,0.0,0.0,0.0,36
CA,2019-08-06,2071,1403.4818928054078,16.578476193544656,1454.0,1436.0,1477.8,193,63,71.80333333333333,0.0,0.0,0.0,0.0,48
CA,2019-08-07,2136,1412.2766853932587,15.232734996779753,1466.0,1436.6,1477.6,218,46,67.69739130434782,0.0,0.0,0.0,0.0,29
CA,2019-08-08,1940,1396.7221649484534,30.074506362311627,1433.0,1395.4,1478.6000000000001,214,58,64.53,0.0,0.0,0.0,0.0,42
CA,2019-08-09,1798,1382.2769744160182,319.98776788751337,1288.5,748.5,1657.5,203,49,60.28122448979593,44.805,53.275,17.431,89.119,42
CA,2019-08-10,1788,1422.192953020134,148.67713731919815,1307.0,1204.3,1631.4,188,57,61.354385964912304,18.90901431122792,41.68,18.216,54.784000000000006,40
CA,2019-08-11,1784,1425.4865470852026,216.422112114832,1219.0,1208.0,1683.0,193,32,72.44625,0.0,0.0,0.0,0.0,27
CA,2019-08-12,1920,1396.5619791666666,199.86958807495668,1226.0,1201.0,1660.0,211,48,67.09916666666668,0.0,80.2,80.2,80.2,36
CA,2019-08-13,2322,1446.343238587423,165.45503966702344,1170.0,1155.4,1624.0,204,47,63.93659574468086,0.0,92.07,92.07,92.07,31
CA,2019-08-14,2181,1463.3837689133422,7.30669248716824,1518.0,1507.2,1523.4,208,57,63.63789473684213,0.0,0.0,0.0,0.0,48
CA,2019-08-15,2294,1472.8265039232786,164.24338309012296,1223.5,1179.5,1625.5,209,58,71.33000000000003,0.0,0.0,0.0,0.0,42
CA,2019-08-16,2139,1434.8471248246847,11.380077892506105,1493.0,1472.6,1500.6,210,58,69.74206896551722,0.0,0.0,0.0,0.0,43
CA,2019-08-17,2163,1426.4845122515026,7.848566748139434,1458.0,1445.8,1462.8,198,55,71.59454545454545,0.0,0.0,0.0,0.0,39
CA,2019-08-18,1908,1396.376310272537,9.730750228014282,1439.5,1428.7,1449.6,208,60,68.1285,0.0,0.0,0.0,0.0,45
CA,2019-08-19,1712,1367.6337616822436,4.0,1414.0,1410.8,1417.2,217,54,66.65351851851852,0.0,0.0,0.0,0.0,42
CA,2019-08-20,2003,1378.9885172241634,8.158431221748456,1384.0,1379.2,1396.8,220,48,68.33625000000002,0.0,0.0,0.0,0.0,39
CA,2019-08-21,1980,1415.5126262626263,6.241794613730894,1400.0,1392.4,1406.2,214,52,66.56115384615386,0.0,0.0,0.0,0.0,41
CA,2019-08-22,1921,1414.662155127537,4.0,1388.0,1384.8,1391.2,210,57,65.45087719298245,0.0,0.0,0.0,0.0,37
CA,2019-08-23,1983,1386.6273323247608,160.519564577795,1410.0,1384.8,1484.2,214,60,63.42849999999999,0.0,25.07,25.07,25.07,48
CA,2019-08-24,1703,1409.652378156196,58.834805632912435,1399.0,1385.4,1423.8,199,45,64.678,14.149649606969069,79.01,62.58,94.478,31
CA,2019-08-25,1811,1438.3760353395912,28.585113388080348,1417.0,1405.0,1475.8,201,57,71.25912280701755,16.578937105724105,83.97,60.715,92.485,35
CA,2019-08-26,1841,1384.2319391634976,10.700953087245328,1401.0,1387.2,1416.6,210,67,71.32417910447764,0.0,0.0,0.0,0.0,45
CA,2019-08-27,2181,1396.8789546079777,197.4655226946244,1421.5,999.1,1433.9,224,75,67.89493333333334,0.0,0.0,0.0,0.0,49
CA,2019-08-28,2114,1346.5733207190171,14.799808499738306,1464.0,1445.2,1480.4,218,58,65.02655172413795,0.0,0.0,0.0,0.0,41
CA,2019-08-29,1963,1338.8792664289356,9.6557948921878,1447.5,1437.5,1463.0,213,49,73.04979591836734,0.0,0.0,0.0,0.0,40
CA,2019-08-30,2034,1416.2994100294989,9.818216250588305,1451.0,1436.0,1464.0,223,70,69.53942857142859,26.529850745067442,83.19,45.29,92.685,39
CA,2019-08-31,2038,1409.3640824337592,248.3763229133033,1463.0,1445.4,1978.2,200,68,68.42661764705883,24.698265246224068,87.21,50.788000000000004,94.438,45
CA,2019-09-01,1752,1354.650684931507,58.98760322808151,1442.5,1376.0,1456.0,192,58,68.33241379310344,0.0,0.0,0.0,0.0,37
CA,2019-09-02,1957,1397.6949412365873,11.889464874417182,1373.5,1359.1,1390.0,202,66,71.69651515151517,0.0,0.0,0.0,0.0,43
CA,2019-09-03,1961,1362.136664966854,102.51466429249513,1358.0,1339.0,1473.0,210,79,71.10873417721517,19.211064103791855,68.71,42.58,85.828,42
CA,2019-09-04,2251,1363.725899600177,8.749944196250626,1366.0,1351.1,1374.0,220,79,69.98734177215191,0.0,18.54,18.54,18.54,51
CA,2019-09-05,2160,1354.359259259259,24.806448584058817,1405.0,1377.8,1441.6,228,58,64.0343103448276,0.0,0.0,0.0,0.0,41
CA,2019-09-06,2193,1382.1865025079794,12.719989266940937,1430.0,1414.0,1445.0,224,48,64.685625,0.0,0.0,0.0,0.0,35
CA,2019-09-07,1825,1398.1079452054787,18.569238244918388,1449.0,1416.5,1464.7,212,70,68.12885714285716,0.0,82.38,82.38,82.38,44
CA,2019-09-08,1954,1454.6386898669398,8.071700177162182,1402.0,1393.0,1411.0,209,61,65.43016393442626,0.0,0.0,0.0,0.0,34
CA,2019-09-09,2076,1415.864161849711,11.621453082345269,1400.0,1389.6,1420.0,219,48,66.70249999999999,0.0,0.0,0.0,0.0,34
CA,2019-09-10,2289,1398.049803407601,142.8405358612222,1381.0,1358.6,1399.2,224,62,64.28951612903225,0.0,97.28,97.28,97.28,48
CA,2019-09-11,2119,1397.942425672487,12.24744871391589,1342.0,1332.5,1366.0,227,55,66.226,0.0,0.0,0.0,0.0,30
CA,2019-09-12,2307,1415.4447334200258,8.166241485530538,1345.5,1336.4,1353.9,253,77,73.32324675324676,0.0,0.0,0.0,0.0,61
CA,2019-09-13,1995,1444.1709273182955,8.425105340587736,1354.0,1342.2,1364.6,222,66,65.27257575757575,0.0,0.0,0.0,0.0,45
CA,2019-09-14,2047,1462.24279433317,25.195547209250165,1418.0,1374.1,1447.0,211,65,71.01938461538464,0.0,0.0,0.0,0.0,47
CA,2019-09-15,1992,1436.7851405622487,26.923763727503587,1448.5,1399.0,1466.0,217,67,65.36656716417912,0.0,0.0,0.0,0.0,39
CA,2019-09-16,2046,1434.4462365591398,13.228532905815243,1362.0,1349.8,1381.8,230,62,67.56209677419355,0.0,0.0,0.0,0.0,39
CA,2019-09-17,2178,1437.8856749311294,13.705797637820607,1338.0,1315.0,1348.0,231,72,67.72166666666668,0.0,0.0,0.0,0.0,50
CA,2019-09-18,2106,1425.3566001899324,7.232257984582378,1316.0,1307.1,1324.0,227,53,75.86622641509433,0.0,0.0,0.0,0.0,41
CA,2019-09-19,2173,1435.7229636447303,15.52811801151678,1312.5,1299.1,1339.3,230,58,64.84017241379308,0.0,0.0,0.0,0.0,36
CA,2019-09-20,2066,1424.1689254598257,10.71631961882621,1317.5,1307.1,1333.1,229,72,70.48569444444439,0.0,52.12,52.12,52.12,50
CA,2019-09-21,2004,1440.167165668663,26.262959763811,1365.0,1339.0,1415.0,210,71,66.47436619718309,0.0,94.45,94.45,94.45,48
CA,2019-09-22,2076,1424.243256262043,10.781020359873178,1401.0,1383.8,1410.6,213,69,68.46289855072463,0.0,0.0,0.0,0.0,37
CA,2019-09-23,2210,1407.5416289592752,14.563308875318269,1428.0,1409.4,1446.0,238,70,68.61471428571429,0.0,0.0,0.0,0.0,42
CA,2019-09-24,2226,1387.880952380952,7.071459549923551,1434.0,1424.0,1441.6,233,52,61.938076923076935,0.0,0.0,0.0,0.0,39
CA,2019-09-25,2511,1416.5153325368385,13.016525296554674,1428.0,1409.3,1442.7,232,61,65.9204918032787,0.0,0.0,0.0,0.0,48
CA,2019-09-26,2341,1404.937633489962,8.296828926898188,1422.0,1412.6,1431.0,234,80,70.65899999999999,0.0,60.31,60.31,60.31,48
CA,2019-09-27,2020,1414.2089108910884,12.390615148167583,1450.5,1430.0,1458.0,226,61,62.43393442622952,0.0,0.0,0.0,0.0,41
CA,2019-09-28,2019,1419.7449232293218,128.4831895619034,1456.0,1196.9,1491.1,210,48,60.77729166666668,0.0,0.0,0.0,0.0,34
CA,2019-09-29,2353,1479.6697832554182,313.5101203399271,1577.0,1031.6,1590.4,218,64,65.81906250000002,0.0,0.0,0.0,0.0,44
CA,2019-09-30,2018,1443.2358771060458,146.9382808236354,1090.0,1002.0,1325.0,216,56,74.53803571428575,0.0,0.0,0.0,0.0,34
CA,2019-10-01,2133,1426.0060947022967,0.0,1423.0,1423.0,1423.0,226,73,64.30739726027396,0.0,0.0,0.0,0.0,47
CA,2019-10-02,2260,1411.377876106195,210.00743664873417,1048.5,999.3,1552.3,212,56,69.51714285714284,0.0,0.0,0.0,0.0,35
CA,2019-10-03,2014,1407.755710029791,19.872510326243805,1441.5,1426.5,1471.5,227,54,69.62685185185185,0.0,0.0,0.0,0.0,41
CA,2019-10-04,2088,1390.6652298850574,25.81190002660145,1424.0,1407.4,1476.8,236,67,63.449253731343276,0.0,92.81,92.81,92.81,45
CA,2019-10-05,2144,1414.2728544776119,19.884311582436993,1460.0,1437.0,1485.0,218,66,66.81121212121212,0.0,0.0,0.0,0.0,39
CA,2019-10-06,2222,1390.5841584158413,12.069428461822941,1449.5,1431.3,1463.9,217,85,66.23811764705881,0.0,0.0,0.0,0.0,46
CA,2019-10-07,2182,1416.7011915673697,14.391891578589542,1414.5,1394.0,1431.5,228,75,68.38386666666669,0.0,16.13,16.13,16.13,47
CA,2019-10-08,2088,1424.7370689655168,110.85597937533772,1400.0,1382.6,1438.0,246,64,64.205,0.0,0.0,0.0,0.0,46
CA,2019-10-09,2022,1413.7423343224539,40.964446897662256,1380.5,1344.0,1433.3,242,66,67.74939393939395,0.0,0.0,0.0,0.0,50
CA,2019-10-10,2182,1400.9358386801102,72.96647632075066,1344.0,1331.4,1495.6,240,69,63.470724637681165,0.0,0.0,0.0,0.0,40
CA,2019-10-11,1832,1391.1118995633178,39.90821226799343,1355.0,1335.8,1375.0,221,80,69.20787500000002,0.0,0.0,0.0,0.0,51
CA,2019-10-12,1820,1450.327472527473,171.97584527492427,1334.5,1168.9,1343.2,209,56,63.81571428571431,0.0,0.0,0.0,0.0,32
CA,2019-10-13,1723,1436.1764364480562,0.0,1320.0,1320.0,1320.0,196,58,71.44448275862065,0.0,0.0,0.0,0.0,43
CA,2019-10-14,2120,1383.9599056603772,119.53241511777836,1304.5,1281.0,1336.0,232,80,62.826625000000014,0.0,11.1,11.1,11.1,44
CA,2019-10-15,1930,1374.9388601036276,187.32252701043532,1236.0,1047.8,1639.6,229,65,69.94815384615387,0.0,0.0,0.0,0.0,48
CA,2019-10-16,1975,1392.2318987341769,18.0,650.0,635.6,664.4,238,61,69.3895081967213,0.0,0.0,0.0,0.0,40
CA,2019-10-17,2295,1399.0906318082777,6.548960901462833,1335.0,1329.4,1342.2,242,62,70.36193548387097,0.0,0.0,0.0,0.0,42
CA,2019-10-18,1835,1389.7950953678467,9.376479475098252,1335.0,1324.8,1345.6,233,48,67.99958333333332,0.0,0.0,0.0,0.0,31
CA,2019-10-19,2118,1414.0821529745047,181.62711335177428,1346.0,1329.8,1372.2,214,66,62.61212121212121,0.0,0.0,0.0,0.0,33
CA,2019-10-20,2002,1396.446553446554,0.0,581.0,581.0,581.0,218,74,67.28797297297297,0.0,0.0,0.0,0.0,40
CA,2019-10-21,2085,1386.7976019184655,7.6416661617997335,1386.0,1376.4,1394.2,239,47,62.72021276595744,0.0,0.0,0.0,0.0,29
CA,2019-10-22,2140,1425.5350467289727,0.0,962.0,962.0,962.0,234,68,66.96044117647058,0.0,6.15,6.15,6.15,46
CA,2019-10-23,2133,1414.1729957805903,262.5410549905587,1511.5,1153.5,1519.5,232,62,65.26967741935486,0.0,0.0,0.0,0.0,40
CA,2019-10-24,2260,1407.177433628319,10.09202105075534,1549.0,1533.4,1556.8,232,77,60.54025974025974,0.0,0.0,0.0,0.0,47
CA,2019-10-25,1967,1372.2643619725463,8.192031188905473,1367.0,1360.0,1377.0,233,53,67.61452830188679,0.0,0.0,0.0,0.0,41
CA,2019-10-26,2280,1445.8631578947372,12.38789233660068,1375.0,1361.8,1393.4,233,68,64.78441176470588,0.0,0.0,0.0,0.0,45
CA,2019-10-27,2106,1376.131054131054,74.8347291462362,1542.0,1393.2,1555.4,240,48,69.09333333333335,0.0,0.0,0.0,0.0,36
CA,2019-10-28,1980,1388.5939393939393,56.44318677513995,1548.0,1420.3,1563.8,242,63,62.469682539682566,0.0,0.0,0.0,0.0,53
CA,2019-10-29,2392,1420.5957357859543,421.3444070769185,1548.5,573.4,1565.9,241,55,70.11454545454545,0.0,0.0,0.0,0.0,41
CA,2019-10-30,2048,1434.9042968749995,59.91846311632352,1394.0,1377.4,1527.2,243,53,70.3715094339623,0.0,0.0,0.0,0.0,43
CA,2019-10-31,2078,1411.1862367661217,3.927922024247863,1384.0,1378.6,1387.4,234,63,58.1730158730159,0.0,77.93,77.93,77.93,47
CA,2019-11-01,2132,1418.3878986866794,47.6722927915157,1415.5,1395.4,1524.4,237,62,66.42322580645163,0.0,0.0,0.0,0.0,42
CA,2019-11-02,2240,1433.5236607142854,287.83134411154947,1452.0,643.5,1462.6,228,65,66.56384615384616,0.0,0.0,0.0,0.0,50
CA,2019-11-03,2159,1429.7804539138497,220.4365736361206,1489.0,1459.4,1504.2,240,55,69.63309090909092,0.0,0.0,0.0,0.0,40
CA,2019-11-04,2009,1395.8422100547539,11.81573401223698,1425.5,1413.2,1443.3,226,42,61.12619047619047,0.0,0.0,0.0,0.0,33
CA,2019-11-05,2114,1422.0543992431406,3.5,1413.5,1410.7,1416.3,246,78,69.27000000000001,0.0,0.0,0.0,0.0,53
CA,2019-11-06,1896,1417.2020042194088,4.5,1405.5,1401.9,1409.1,248,56,58.64089285714287,0.0,0.0,0.0,0.0,44
CA,2019-11-07,1725,1380.8365217391313,6.015604707757983,1408.0,1401.7,1413.6,239,41,69.69073170731707,0.0,0.0,0.0,0.0,32
CA,2019-11-08,2159,1398.2737378415936,13.131545986668897,1412.5,1395.3,1427.1,244,94,66.3159574468085,0.0,0.0,0.0,0.0,46
CA,2019-11-09,2045,1383.8396088019572,10.13930744950342,1457.0,1444.7,1469.6,225,64,68.20984374999999,0.0,0.0,0.0,0.0,48
CA,2019-11-10,1841,1411.1287343834865,13.5,587.5,576.7,598.3,220,50,61.63219999999998,0.0,0.0,0.0,0.0,32
CA,2019-11-11,2193,1412.808025535795,16.685567514031586,596.0,571.0,609.0,241,72,67.25819444444446,0.0,0.0,0.0,0.0,46
CA,2019-11-12,2176,1360.4430147058827,386.56726452197165,1495.0,873.1,1527.5,254,72,65.19361111111111,0.0,0.0,0.0,0.0,54
CA,2019-11-13,1904,1392.4374999999998,126.59001665864572,1243.0,1151.2,1355.2,239,55,62.82563636363641,0.0,0.0,0.0,0.0,37
CA,2019-11-14,1945,1382.0529562982008,3.2998316455372216,1528.0,1524.0,1530.4,251,71,64.9394366197183,0.0,0.0,0.0,0.0,64
CA,2019-11-15,2271,1396.49537648613,9.301657558378148,1462.5,1453.2,1473.0,241,76,62.26697368421055,0.0,15.11,15.11,15.11,50
CA,2019-11-16,2111,1422.9123638086212,421.20412909579477,640.0,586.5,1466.2,231,72,64.68125000000002,0.0,0.0,0.0,0.0,50
CA,2019-11-17,1981,1390.0969207470978,9.188987974744553,582.0,568.4,589.3,229,67,61.812537313432856,0.0,0.0,0.0,0.0,50
CA,2019-11-18,2160,1313.286111111112,17.389292682567625,1449.5,1424.2,1467.6,243,82,68.10268292682927,0.0,0.0,0.0,0.0,51
CA,2019-11-19,2182,1402.8776351970666,5.865847190756518,1517.0,1514.6,1527.4,234,65,64.99984615384618,0.0,0.0,0.0,0.0,49
CA,2019-11-20,1991,1399.3907584128578,0.0,1523.0,1523.0,1523.0,241,83,63.19734939759039,0.0,0.0,0.0,0.0,56
CA,2019-11-21,2048,1372.97216796875,368.1778612301397,1396.0,572.2,1435.9,259,101,68.63079207920792,0.0,0.0,0.0,0.0,54
CA,2019-11-22,2180,1393.2266055045864,13.770090218128006,1415.5,1402.0,1437.5,248,75,65.83226666666667,0.0,0.0,0.0,0.0,46
CA,2019-11-23,2433,1395.3760789149192,400.30008743441465,583.0,568.4,1391.8,245,106,64.9288679245283,0.0,0.0,0.0,0.0,61
CA,2019-11-24,1990,1364.268341708543,423.01211566573363,974.5,547.7,1395.7,240,87,69.96540229885058,0.0,92.72,92.72,92.72,50
CA,2019-11-25,2007,1359.3029397110115,204.71038078221636,1225.5,1100.1,1631.1,245,101,62.1162376237624,0.0,0.0,0.0,0.0,59
CA,2019-11-26,1846,1331.6895991332608,4.0,1407.0,1403.8,1410.2,252,63,64.92793650793651,0.0,0.0,0.0,0.0,53
CA,2019-11-27,2120,1409.270283018869,7.6681158050723255,1404.0,1393.2,1409.8,264,68,67.20014705882353,0.0,0.0,0.0,0.0,53
CA,2019-11-28,2028,1369.0251479289936,379.9036061950452,1383.0,800.8000000000001,1468.2,265,63,67.39809523809525,0.0,0.0,0.0,0.0,48
CA,2019-11-29,2034,1357.3333333333323,8.49941174435031,544.0,531.8,550.4,233,72,61.12055555555556,0.0,0.0,0.0,0.0,46
CA,2019-11-30,2496,1409.3016826923083,12.206163224292027,1388.0,1372.8,1408.0,234,65,59.50907692307693,0.0,60.42,60.42,60.42,49
CA,2019-12-01,2359,1374.4506146672318,243.7588380085252,1382.5,1348.7,1407.0,229,58,65.16086206896554,0.0,0.0,0.0,0.0,42
CA,2019-12-02,2385,1386.7165618448628,390.90585066361564,1373.0,512.4,1382.8,253,59,60.43949152542375,0.0,0.0,0.0,0.0,49
CA,2019-12-03,2436,1422.441297208539,179.23282765237082,1248.5,1106.9,1570.7,255,90,64.12322222222225,0.0,72.15,72.15,72.15,67
CA,2019-12-04,2350,1375.7114893617013,159.48856811733208,1228.0,1067.2,1463.9999999999998,255,77,62.25831168831171,0.0,0.0,0.0,0.0,57
CA,2019-12-05,2279,1381.2079859587536,170.53224895568667,1197.0,1059.4,1555.9,237,82,63.43463414634148,0.0,0.0,0.0,0.0,57
CA,2019-12-06,2209,1377.7111815301043,251.12092507050156,1365.0,1357.0,1373.0,249,82,61.08621951219513,0.0,0.0,0.0,0.0,60
CA,2019-12-07,2293,1392.0000000000002,250.61197823799972,1356.0,1347.0,1371.0,241,88,65.37931818181818,0.0,0.0,0.0,0.0,60
CA,2019-12-08,2186,1405.292772186642,436.29726869035824,1368.0,496.6,1386.6,229,79,68.41658227848102,0.0,0.0,0.0,0.0,58
CA,2019-12-09,2355,1400.4946921443734,369.50511160199125,1388.0,537.3,1397.8,249,78,56.557948717948726,0.0,0.0,0.0,0.0,60
CA,2019-12-10,2392,1397.734949832775,207.25704903573245,1412.0,1403.5,1426.0,248,84,65.8840476190476,0.0,82.76,82.76,82.76,67
CA,2019-12-11,2093,1395.562828475872,429.77996268617574,1429.0,565.8,1439.0,253,62,62.25048387096776,0.0,48.54,48.54,48.54,51
CA,2019-12-12,2164,1367.153419593345,321.5778038836283,1443.5,587.2,1457.4,249,80,67.10074999999999,0.0,0.0,0.0,0.0,62
CA,2019-12-13,2167,1362.7664974619286,5.678908345800274,584.0,577.7,588.9,251,54,71.37500000000001,0.0,0.0,0.0,0.0,45
CA,2019-12-14,2439,1432.8429684296848,425.2874717103127,1483.0,570.5,1499.0,245,83,60.70265060240965,0.0,13.4,13.4,13.4,54
CA,2019-12-15,2328,1376.2362542955327,443.0363129622386,1510.0,579.0,1535.0,235,95,64.27978947368425,0.0,88.45,88.45,88.45,63
CA,2019-12-16,1927,1397.3347171769592,3.0,566.0,563.6,568.4,230,82,60.86902439024391,0.0,0.0,0.0,0.0,52
CA,2019-12-17,2190,1369.570319634703,362.48818201255256,1532.0,569.6,1546.1,259,100,60.6721,0.0,0.0,0.0,0.0,62
CA,2019-12-18,2214,1359.7710027100266,28.238826138012406,1590.0,1532.4,1610.7,260,87,64.24402298850575,0.0,0.0,0.0,0.0,52
CA,2019-12-19,2312,1396.5813148788934,181.06165192913699,1596.5,1526.0,1634.5,269,88,64.00261363636362,0.0,6.43,6.43,6.43,58
CA,2019-12-20,2352,1397.0727040816328,291.93888828730104,1469.0,592.0,1519.0,246,92,67.47532608695653,0.0,66.44,66.44,66.44,58
CA,2019-12-21,2005,1381.6064837905228,15.292314255319459,1456.0,1446.0,1484.0,239,87,63.32137931034484,0.0,0.0,0.0,0.0,59
CA,2019-12-22,2149,1394.5197766402982,479.4265975099838,576.0,529.0,1522.0,225,73,62.25794520547947,18.445,33.055,18.299,47.811,59
CA,2019-12-23,2190,1390.002739726028,478.7123732808459,537.0,526.8,1507.4,246,78,67.29320512820514,0.0,0.0,0.0,0.0,57
CA,2019-12-24,2172,1350.423572744015,456.24524458343103,1506.0,532.0,1521.0,250,82,61.205731707317085,0.0,0.0,0.0,0.0,53
CA,2019-12-25,2312,1406.3062283737022,355.3823946117759,552.0,532.0,1519.2,240,78,65.34346153846157,0.0,22.92,22.92,22.92,57
CA,2019-12-26,2589,1388.845886442642,374.9890406561836,617.0,607.0,1525.9,247,83,61.07722891566267,0.0,15.94,15.94,15.94,54
CA,2019-12-27,2583,1412.4235385211,454.974149357985,1506.0,607.0,1535.8,236,90,70.5007777777778,0.0,0.0,0.0,0.0,60
CA,2019-12-28,2472,1405.8798543689318,357.4803662052256,1539.5,615.0,1558.0,232,78,61.15794871794873,37.14999999999999,46.559999999999995,16.84,76.28,55
CA,2019-12-29,2584,1443.8363003095978,468.56740702972024,1525.5,589.0,1560.3,232,76,63.99184210526316,0.625,9.175,8.675,9.675,46
CA,2019-12-30,2823,1436.2646121147723,410.1964131989811,1495.0,596.0,1520.0,247,90,60.83300000000001,0.0,0.0,0.0,0.0,71
CA,2019-12-31,2673,1409.9827908716798,418.8690577018073,1479.0,632.9,1499.6,244,91,62.98175824175825,0.0,3.4,3.4,3.4,63
CA,2020-01-01,2153,1452.386901997213,405.8540965248585,1437.0,637.8,1468.0,220,84,68.58785714285713,0.0,65.92,65.92,65.92,50
CA,2020-01-02,2716,1452.3317378497788,411.7585571363393,656.0,637.0,1477.5,259,101,68.80990099009901,0.0,0.0,0.0,0.0,61
CA,2020-01-03,2635,1414.6072106261859,366.74733806440133,656.0,640.0,1512.0,274,97,68.1994845360825,0.0,0.0,0.0,0.0,71
CA,2020-01-04,2548,1426.020015698587,413.1570011463607,688.0,671.0,1521.0,246,100,70.40449999999998,0.0,0.0,0.0,0.0,61
CA,2020-01-05,2255,1429.3911308203992,427.62552685831383,661.0,632.8,1536.4,243,105,60.85409523809523,0.0,4.6,4.6,4.6,66
CA,2020-01-06,2852,1463.1293828892003,335.5922192185033,1477.5,610.5,1496.1,248,100,65.70769999999999,2.094999999999999,31.634999999999998,29.959,33.311,64
CA,2020-01-07,2323,1379.1915626345244,392.9321486839525,1480.5,618.3,1503.2,254,76,68.53052631578947,0.0,0.0,0.0,0.0,47
CA,2020-01-08,2062,1394.3685741998058,369.36899925745905,1535.5,624.8,1552.7,245,87,67.38643678160918,0.0,70.19,70.19,70.19,58
CA,2020-01-09,2244,1395.4982174688055,403.067351691997,678.5,652.0,1546.6,254,95,57.99863157894736,0.0,0.0,0.0,0.0,62
CA,2020-01-10,2228,1362.7275583482947,398.4105912041916,1525.0,701.8,1541.6,238,72,61.88625000000002,0.0,18.83,18.83,18.83,46
CA,2020-01-11,2542,1415.9350904799378,407.2080287742677,715.0,689.0,1530.5,243,88,65.02261363636363,0.0,0.0,0.0,0.0,62
CA,2020-01-12,2592,1431.2010030864203,403.16394872331165,1482.0,695.4,1522.8,245,112,68.29267857142857,0.0,0.0,0.0,0.0,66
CA,2020-01-13,2538,1383.7273443656418,394.0068772938344,1466.0,685.0,1480.0,266,92,65.41097826086957,26.145000000000003,41.005,20.089,61.92100000000001,76
CA,2020-01-14,2470,1374.5514170040494,399.74947227196867,1466.0,676.8,1483.3,257,84,69.7491666666667,0.0,99.08,99.08,99.08,62
CA,2020-01-15,2617,1411.4829957967142,339.6697806949499,1449.0,669.0,1465.2,257,100,64.78310000000002,0.0,25.36,25.36,25.36,73
CA,2020-01-16,2443,1400.909128121163,285.8123291602376,1444.0,661.5,1455.8,267,112,64.16705357142861,0.0,83.29,83.29,83.29,74
CA,2020-01-17,2504,1388.0946485623003,348.698717456138,1414.5,634.0,1444.2,261,111,63.68243243243244,0.0,0.0,0.0,0.0,70
CA,2020-01-18,2388,1364.8136515912906,23.74611792153594,599.0,575.2,635.2,245,91,67.4110989010989,0.0,8.43,8.43,8.43,60
CA,2020-01-19,2260,1382.1535398230085,12.7753669223236,579.5,563.3,591.5,250,100,62.19339999999998,0.0,14.16,14.16,14.16,63
CA,2020-01-20,2726,1388.8396918562,337.69915564475934,590.0,581.8,1383.2,266,107,62.95280373831778,0.0,0.0,0.0,0.0,66
CA,2020-01-21,2533,1396.6052112120012,381.73872516896796,1393.0,587.8,1433.0,269,107,67.87514018691587,0.0,11.1,11.1,11.1,60
CA,2020-01-22,2498,1417.975180144115,410.9437052552197,1421.0,584.4,1430.8,265,94,68.0690425531915,0.0,0.0,0.0,0.0,67
CA,2020-01-23,2309,1363.1017756604592,6.931089380465382,591.5,580.4,594.5,249,77,65.15558441558439,0.0,0.0,0.0,0.0,51
CA,2020-01-24,2312,1414.6414359861592,410.73198734953525,1438.0,573.4,1452.4,271,92,64.7225,0.0,0.0,0.0,0.0,51
CA,2020-01-25,2651,1412.584685024519,434.18529854128843,1451.0,571.0,1471.6,251,93,61.877311827957,0.0,7.96,7.96,7.96,56
CA,2020-01-26,2332,1400.828902229846,401.0297239684022,1445.0,595.6,1460.3,237,120,70.16341666666668,0.0,41.03,41.03,41.03,61
CA,2020-01-27,2518,1385.5135027799836,419.5951245988275,1457.0,584.2,1471.0,262,111,69.40261261261259,0.0,23.57,23.57,23.57,65
CA,2020-01-28,2323,1381.6297890658632,370.9906616155145,1465.0,588.2,1474.0,255,96,66.75760416666667,0.0,0.0,0.0,0.0,55
CA,2020-01-29,2331,1379.5152295152302,416.9495480508819,1427.5,591.2,1451.0,249,102,69.69323529411764,0.0,24.88,24.88,24.88,61
CA,2020-01-30,2502,1361.4944044764184,415.25203056564203,1442.0,602.2,1458.6,248,83,61.57409638554218,0.0,0.0,0.0,0.0,57
CA,2020-01-31,2385,1398.7953878406709,358.3635614524316,1403.0,625.1,1439.9,250,111,70.08063063063057,0.0,60.1,60.1,60.1,65
CA,2020-02-01,2470,1418.4967611336028,287.7466941599851,1405.0,605.6,1413.1,251,88,68.03409090909089,0.0,0.0,0.0,0.0,53
CA,2020-02-02,2345,1425.8985074626871,314.2334108403182,1406.0,603.0,1419.2,254,66,70.62590909090909,0.0,0.0,0.0,0.0,46
CA,2020-02-03,2451,1452.4769481844148,371.1539961914581,634.0,622.0,1418.4,248,86,66.34767441860465,0.0,0.0,0.0,0.0,60
CA,2020-02-04,2431,1426.385849444673,298.7791038687064,1445.0,634.8,1461.4,250,84,66.14607142857142,0.0,0.0,0.0,0.0,59
CA,2020-02-05,2431,1407.127108185932,362.89491741885195,1426.0,624.0,1441.0,249,112,61.89089285714288,0.0,0.0,0.0,0.0,85
CA,2020-02-06,2872,1420.9867688022293,280.77318643742,1443.0,947.6000000000001,1454.6,249,95,62.88810526315787,0.0,0.0,0.0,0.0,65
CA,2020-02-07,2490,1383.5943775100409,387.54241035335116,1424.5,614.0,1441.0,268,132,66.2768181818182,0.0,41.83,41.83,41.83,83
CA,2020-02-08,2322,1421.4267872523687,341.57027095460165,645.5,634.9,1428.4,249,150,65.56553333333333,0.0,0.0,0.0,0.0,91
CA,2020-02-09,2216,1447.9305054151628,14.802485379394984,687.0,671.4,706.6,246,119,67.55487394957984,0.0,0.0,0.0,0.0,67
CA,2020-02-10,2641,1425.7542597500944,239.8925540736936,704.0,686.7,925.8999999999999,260,141,70.62879432624112,0.0,0.0,0.0,0.0,71
CA,2020-02-11,2566,1386.4957131722522,282.9583338322466,1414.0,681.0,1432.0,262,105,63.21009523809525,0.0,0.0,0.0,0.0,71
CA,2020-02-12,2559,1414.1914810472845,364.24938828212925,1392.5,668.5,1426.0,271,129,64.52496124031003,0.0,0.0,0.0,0.0,67
CA,2020-02-13,2530,1398.8304347826095,270.3723592012087,709.0,689.0,1397.2,262,113,70.07840707964604,0.0,55.99,55.99,55.99,73
CA,2020-02-14,2836,1378.078631875882,226.8953833537494,1390.5,718.5,1410.5,270,105,56.02104761904764,0.6050000000000004,18.715,18.230999999999998,19.199,75
CA,2020-02-15,2366,1372.4619611158073,326.4624059204043,1363.0,688.0,1372.0,252,111,65.26585585585588,0.0,0.0,0.0,0.0,78
CA,2020-02-16,2271,1395.2465874064285,323.5316792834977,674.5,663.0,1379.0,235,101,65.72029702970298,0.0,80.52,80.52,80.52,69
CA,2020-02-17,2818,1419.8410220014198,322.7488203238056,677.5,660.5,1386.0,259,167,71.69652694610772,0.0,0.0,0.0,0.0,73
CA,2020-02-18,2406,1391.2793017456356,353.07991810839167,1393.0,685.6,1404.2,275,91,64.42681318681316,0.0,0.0,0.0,0.0,69
CA,2020-02-19,2377,1374.3634833824142,354.00927051345343,1431.5,700.5,1459.0,261,138,68.90217391304348,0.0,0.0,0.0,0.0,81
CA,2020-02-20,2522,1409.791435368755,384.53164152424876,1092.0,706.0,1482.3,266,142,65.63711267605633,0.0,0.0,0.0,0.0,82
CA,2020-02-21,2296,1414.0252613240418,337.9905899413309,1452.0,710.1,1469.1,255,108,70.8537962962963,0.0,0.0,0.0,0.0,62
CA,2020-02-22,2679,1399.6338185890252,362.2504011743958,1471.0,719.0,1504.8,243,130,67.24830769230773,0.0,25.35,25.35,25.35,68
CA,2020-02-23,2763,1409.3923271806011,372.91270447744273,1521.0,740.0,1544.0,249,123,63.57999999999999,4.465,53.864999999999995,50.293,57.437,72
CA,2020-02-24,2569,1352.808096535617,346.2697422169601,1379.5,791.0,1513.0,269,145,68.97965517241379,0.0,71.77,71.77,71.77,81
CA,2020-02-25,2393,1386.985791893022,360.36617573274674,1518.0,792.5,1527.0,251,94,65.32702127659576,0.0,70.69,70.69,70.69,67
CA,2020-02-26,2308,1387.6369150779894,268.61622847603985,1496.0,792.2,1522.2,247,80,68.19674999999998,0.0,0.0,0.0,0.0,57
CA,2020-02-27,2356,1358.8200339558564,251.6724061155692,770.0,755.5,1004.0999999999999,253,109,60.96431192660551,0.0,5.87,5.87,5.87,78
CA,2020-02-28,2443,1375.777732296357,290.3206652008418,1523.0,740.0,1549.4,263,120,61.42433333333336,0.0,0.0,0.0,0.0,71
CA,2020-02-29,2602,1445.6602613374332,264.43381352530764,1503.5,818.0,1539.4,248,97,62.198556701030924,0.0,27.84,27.84,27.84,61
CA,2020-03-01,2487,1419.91274628066,300.3817418359551,1438.5,730.0,1453.5,251,99,61.50525252525256,0.0,0.0,0.0,0.0,70
CA,2020-03-02,2376,1401.7028619528626,343.206188336786,1474.0,725.6,1483.6,255,95,61.36610526315792,0.0,73.01,73.01,73.01,75
CA,2020-03-03,2441,1433.859074149939,348.75438505307716,1475.5,725.0,1485.5,250,77,66.62376623376623,0.0,0.0,0.0,0.0,55
CA,2020-03-04,2196,1429.8538251366117,302.48530216308257,1457.0,737.6,1478.8,239,89,63.944382022471935,16.77,26.84,13.424,40.256,61
CA,2020-03-05,2359,1411.500211954218,379.7738274289054,1474.0,701.6,1489.0,261,116,65.62896551724133,0.0,0.0,0.0,0.0,75
CA,2020-03-06,2571,1420.2839362115913,184.85303638763523,1494.5,1483.5,1507.3,259,108,61.86175925925926,0.0,0.0,0.0,0.0,70
CA,2020-03-07,2257,1373.8710677891004,397.68806871717936,1505.5,698.9,1520.1,240,90,63.71288888888895,0.0,0.0,0.0,0.0,69
CA,2020-03-08,2321,1397.049978457561,272.06863076023666,1495.0,753.8,1516.9,232,97,65.14123711340208,0.0,52.44,52.44,52.44,65
CA,2020-03-09,2606,1404.500383729855,241.97620621664436,1476.5,1247.7,1496.4,262,102,64.14627450980394,0.0,0.0,0.0,0.0,69
CA,2020-03-10,2360,1343.3885593220343,283.62309073839526,1474.0,768.6,1484.0,264,128,64.74632812499999,0.0,51.72,51.72,51.72,88
CA,2020-03-11,2314,1399.0924805531554,208.71169264015563,1462.0,1440.8,1473.4,272,97,62.084639175257735,0.0,91.05,91.05,91.05,75
CA,2020-03-12,2393,1391.5641454241538,225.2425345599716,1527.5,1419.7000000000003,1550.0,265,93,60.24655913978494,0.0,0.0,0.0,0.0,66
CA,2020-03-13,2730,1398.4527472527477,154.34719382426948,1594.0,1551.6,1614.4,247,100,61.558499999999995,19.237276892071346,34.18,31.844,65.596,67
CA,2020-03-14,2598,1405.621247113164,260.85574069899496,1595.0,1182.5,1606.5,259,98,57.81928571428574,0.0,11.85,11.85,11.85,69
CA,2020-03-15,2518,1388.4817315329626,7.730459236035076,750.0,745.2,761.8,241,108,65.49416666666671,0.0,0.0,0.0,0.0,74
CA,2020-03-16,2474,1417.1895715440576,388.0727935008528,1552.5,747.6,1598.4,252,96,66.84145833333335,0.0,20.19,20.19,20.19,71
CA,2020-03-17,2631,1392.598631698974,151.82928212005388,1556.0,1524.6,1580.8,262,120,65.06866666666666,0.0,57.17,57.17,57.17,78
CA,2020-03-18,2790,1371.4670250896058,259.1196098758684,1474.0,903.0,1506.0,270,127,63.85448818897637,0.0,0.0,0.0,0.0,85
CA,2020-03-19,2523,1362.4688862465325,218.84651442277988,1459.0,1116.1,1475.9,272,114,63.43684210526316,0.0,21.39,21.39,21.39,79
CA,2020-03-20,2558,1382.762705238468,237.17772682543233,1409.0,817.4000000000001,1441.8,270,130,67.63461538461539,0.0,75.07,75.07,75.07,82
CA,2020-03-21,2744,1436.056122448981,154.13742042411374,1432.5,1402.8,1476.1,277,175,69.28908571428573,0.0,59.21,59.21,59.21,84
CA,2020-03-22,2733,1369.6791072081955,357.87824778363716,1464.5,723.5,1492.5,279,124,63.5658064516129,0.0,25.69,25.69,25.69,76
CA,2020-03-23,2612,1399.238514548239,349.0813349254752,1449.0,726.6,1479.0,278,115,62.60504347826086,0.0,0.0,0.0,0.0,76
CA,2020-03-24,2781,1443.9323984178352,267.16075928507007,1429.5,757.5,1449.5,273,139,64.79834532374103,0.0,71.83,71.83,71.83,87
CA,2020-03-25,2781,1405.0535778496942,223.01094555186634,1402.0,1086.9,1434.0,274,87,65.31655172413794,10.165,83.70500000000001,75.57300000000001,91.837,58
CA,2020-03-26,2851,1359.851280252544,197.31465349843407,1378.5,1068.0,1399.0,289,124,59.00241935483873,0.0,73.55,73.55,73.55,78
CA,2020-03-27,2756,1400.421988388969,279.01653999689114,1237.0,768.8,1389.6,286,140,63.00657142857143,0.0,0.0,0.0,0.0,81
CA,2020-03-28,3212,1408.9856787048566,238.92332202241866,1373.5,754.5,1391.7,279,159,65.88000000000002,0.0,58.92,58.92,58.92,79
CA,2020-03-29,3235,1413.6395672333852,322.60559025519893,1379.0,719.6,1396.2,295,183,69.90103825136613,0.0,0.0,0.0,0.0,77
CA,2020-03-30,2866,1387.0289602233076,350.6619269071687,1403.0,707.4,1421.0,283,171,65.23362573099418,0.0,0.0,0.0,0.0,91
CA,2020-03-31,2714,1367.6271186440677,195.32138363879773,1438.0,1098.4,1466.0,290,138,59.27746376811596,0.0,50.34,50.34,50.34,94
CA,2020-04-01,2929,1382.0256060088773,306.5163077449228,1439.0,713.2,1461.6,289,203,67.05674876847291,0.0,0.0,0.0,0.0,96
CA,2020-04-02,2809,1379.7913848344617,360.06266273212776,1431.0,709.5,1447.5,298,135,61.54496296296298,10.315000000000001,22.675,14.423,30.927000000000003,93
CA,2020-04-03,2633,1387.0858336498288,355.63256098175253,744.0,719.8,1446.0,294,135,62.47770370370373,0.0,43.99,43.99,43.99,81
CA,2020-04-04,2957,1388.5806560703418,291.0404494393804,1424.0,727.2,1428.6,289,147,70.54530612244898,0.0,0.0,0.0,0.0,83
CA,2020-04-05,3062,1382.5440888308299,344.92156918477696,1419.0,731.4,1434.6,296,175,66.93657142857141,0.0,0.0,0.0,0.0,111
CA,2020-04-06,2749,1387.0371044016008,336.05951853801133,1436.0,744.0,1445.0,293,141,65.2693617021277,0.0,0.0,0.0,0.0,93
CA,2020-04-07,3031,1374.6977895084135,323.19019904988573,787.0,751.0,1440.0,306,139,63.63007194244606,0.0,0.0,0.0,0.0,102
CA,2020-04-08,3015,1366.491210613599,333.42615374322395,783.5,766.2,1453.8,298,164,66.16420731707319,0.0,0.0,0.0,0.0,113
CA,2020-04-09,2824,1342.5807365439098,311.49648128227653,1466.0,770.7,1477.8,298,161,58.82428571428572,0.0,0.0,0.0,0.0,114
CA,2020-04-10,3050,1359.088196721312,353.9203550638644,787.0,721.8,1462.4,293,233,67.31154506437774,0.0,0.0,0.0,0.0,99
CA,2020-04-11,3571,1442.6381965835894,32.96741444991502,733.0,696.4,780.7,288,194,64.07402061855667,7.359999999999999,42.15,36.262,48.038,104
CA,2020-04-12,3309,1449.4545179812633,261.8238218111944,710.5,681.4,1446.6,284,212,72.69330188679245,5.229999999999997,79.85,75.666,84.034,94
CA,2020-04-13,3518,1404.7427515633883,342.4455577168435,786.0,675.4,1435.0,301,221,68.52398190045248,10.98240714354857,66.39,66.094,84.878,98
CA,2020-04-14,3011,1370.7343075390236,337.5709080620273,1388.0,669.2,1426.4,306,227,63.295154185022035,21.304778806643355,56.96,32.816,74.384,113
CA,2020-04-15,3221,1367.7665321328775,393.3060989865273,1399.5,594.0,1447.0,317,230,61.04226086956527,23.851866677474113,18.93,7.676,60.05200000000001,127
CA,2020-04-16,3039,1392.010200723922,432.9307896039569,583.5,477.2,1485.1,300,219,57.777808219178084,28.5842027510578,38.04,8.091999999999999,75.218,126
CA,2020-04-17,3364,1380.1929250891797,378.1650807290756,1025.0,565.2,1479.8,310,237,60.04299578059072,29.640028780729093,52.73,8.350000000000001,77.07600000000001,128
CA,2020-04-18,2716,1372.5357142857144,278.3088931385413,842.5,585.2,1445.7,281,230,65.94604347826085,14.012616537328858,68.11,64.59,89.934,111
CA,2020-04-19,3037,1370.7243990780382,347.8168512068831,1161.0,610.6,1468.9,303,239,63.217154811715474,24.553142365082316,47.83,30.598,78.118,122
CA,2020-04-20,2890,1341.7861591695503,328.45871827005897,863.0,590.4,1468.0,277,215,63.249162790697675,15.930635580541034,38.114999999999995,29.127,61.481,108
CA,2020-04-21,3138,1378.9977692797966,202.05682551520167,1482.0,918.8,1498.0,304,213,63.56028169014084,21.500534295686702,32.19,21.271,67.422,112
CA,2020-04-22,3125,1350.1155199999994,333.7065541343348,1460.0,627.0,1475.5,308,297,63.65303030303029,22.247395353164382,37.53,18.114,61.626000000000005,133
CA,2020-04-23,3047,1390.4509353462422,347.2063363477113,923.0,621.6,1490.6,292,224,61.91830357142855,26.395001210246022,93.59,49.03,94.054,117
CA,2020-04-24,2962,1375.4912221471982,286.8872808567148,1485.0,879.8,1510.6,289,245,59.710979591836725,17.947620083639688,50.36,21.928,54.072,125
CA,2020-04-25,2849,1343.2948402948405,334.7453704089185,1466.0,803.4000000000001,1493.9,302,202,62.23509900990103,0.0,0.0,0.0,0.0,116
CA,2020-04-26,3177,1369.994019515266,348.2270270958301,1457.0,596.0,1475.0,298,215,60.249069767441846,19.42702756470994,36.98,9.792,52.614000000000004,127
CA,2020-04-27,3047,1395.786675418445,388.15087282272856,1474.0,605.0,1550.2,307,193,62.45274611398964,0.0,19.76,19.76,19.76,116
CA,2020-04-28,3031,1352.3385021445079,402.0742705126311,1564.5,616.9,1573.9,306,204,61.98122549019608,0.0,57.28,57.28,57.28,132
CA,2020-04-29,3186,1341.0197740112994,354.4056639693631,1129.0,637.4000000000001,1555.6000000000001,309,263,60.51969581749051,21.53507334559137,27.05,16.01,56.606,145
CA,2020-04-30,2869,1378.212617636807,346.4318772219952,1458.0,792.1000000000001,1487.3,313,194,62.48391752577321,0.0,0.0,0.0,0.0,114
CA,2020-05-01,3196,1376.1858573216514,333.68356521511157,1447.0,796.6,1467.0,308,215,58.861860465116294,29.062378924478978,63.265,25.296000000000003,85.897,120
CA,2020-05-02,2983,1380.8410995641964,396.85273961354426,1413.0,495.8,1433.3,301,209,62.47325358851678,0.0,11.27,11.27,11.27,116
CA,2020-05-03,2710,1348.3040590405897,305.12877950872013,825.0,781.0,1416.8,281,199,63.57633165829146,29.07688008634275,56.73,22.322000000000003,78.858,102
CA,2020-05-04,3320,1390.902710843373,338.95409573718564,834.0,792.2,1446.8,309,261,63.08942528735635,25.099739415978007,52.135,22.399,75.62,133
CA,2020-05-05,3168,1381.4810606060605,312.3268742661907,1462.0,816.3,1471.0,321,235,64.27842553191493,0.0,35.3,35.3,35.3,142
CA,2020-05-06,2933,1379.501534265258,335.64444108074,1471.5,809.0,1495.5,297,223,64.51466367713006,21.09134577656596,48.07,43.086000000000006,81.11,130
CA,2020-05-07,3026,1375.9861202908128,335.14809050384133,1475.0,811.6,1491.2,300,208,60.266923076923064,11.4,18.46,9.34,27.58,134
CA,2020-05-08,3184,1394.9186557788933,261.5065725751458,863.0,803.0,1455.0,310,224,64.12446428571431,13.850489762700331,33.22,17.084,44.052,122
CA,2020-05-09,2891,1378.3597371151852,297.1844463556418,881.0,843.2,1456.4,292,182,58.338351648351654,27.05482304506906,54.65,26.217000000000002,84.035,113
CA,2020-05-10,3113,1363.052039832958,379.45592754198157,553.0,491.8,1465.8,294,279,60.87770609318996,23.69520210225409,33.65,9.774000000000001,64.60799999999999,146
CA,2020-05-11,2824,1400.951133144476,287.21934998288566,805.0,539.6,1261.4,296,179,58.916815642458126,22.727526124723735,48.205,18.0,78.35199999999999,101
CA,2020-05-12,3067,1357.7003586566673,309.6675475409072,1326.0,774.5,1404.7000000000003,306,197,60.25822335025383,17.0,51.33,37.73,64.92999999999999,126
CA,2020-05-13,3072,1371.463541666667,242.37364334177812,873.0,813.4,1349.4,308,226,61.82491150442479,26.51104203912023,41.445,20.84,75.84,131
CA,2020-05-14,2735,1338.831809872029,264.19213449724657,891.0,582.0,1313.0,315,198,62.06005050505057,20.15787808722912,44.75,22.092,65.232,110
CA,2020-05-15,3120,1330.6397435897427,308.58150548062883,1285.5,824.5,1528.5,296,224,61.514062500000044,20.39242179503618,46.24,33.816,72.92,130
CA,2020-05-16,2763,1333.95041621426,343.94858950462674,1273.5,790.8,1561.2,274,212,62.93198113207547,29.60406000449938,47.025000000000006,12.744000000000002,75.825,120
CA,2020-05-17,3024,1326.333002645503,271.363089605053,1562.0,853.8000000000001,1583.0,287,254,61.10842519685039,22.198711133757293,54.66,31.058,80.176,142
CA,2020-05-18,3075,1329.8087804878053,305.92300633079094,926.0,825.0,1591.0,289,226,60.9382300884956,2.2049999999999983,59.295,57.531000000000006,61.059,131
CA,2020-05-19,2949,1332.414716853171,229.80262599365622,1105.5,863.9,1296.1,309,244,57.80709016393445,12.953533194546663,68.57,61.17,85.898,134
CA,2020-05-20,2638,1366.6304018195603,193.98069413034602,961.0,944.6,1334.0,298,239,63.089205020920524,27.910636916079582,63.66,30.016000000000005,91.948,124
CA,2020-05-21,3116,1344.3992297817715,191.79214721115173,957.0,883.6,1318.8,298,235,61.50459574468084,27.28571867754265,55.739999999999995,21.622,86.14399999999999,132
CA,2020-05-22,2781,1324.7925206760156,226.98973575043965,1305.0,849.0,1341.0,295,200,55.12680000000003,6.93,32.39,26.846,37.934,118
CA,2020-05-23,2716,1337.332842415317,239.22744922131636,841.5,818.2,1339.7,287,234,57.38123931623933,22.6945334215582,46.705,16.740000000000002,70.32,128
CA,2020-05-24,2851,1286.9379165205194,172.17742626634444,907.5,796.0,1305.4,289,235,58.58217021276595,18.994999999999997,62.824999999999996,47.629,78.021,122
CA,2020-05-25,2553,1321.8245201723462,253.62674839219937,1307.0,796.9,1405.4,281,210,56.02185714285716,0.0,42.09,42.09,42.09,125
CA,2020-05-26,2953,1310.7250253979005,234.85901980480432,1394.0,839.6,1418.2,310,256,58.25609374999999,24.40211220365975,48.85,12.756,66.968,135
CA,2020-05-27,2914,1347.2083047357576,263.00825052410426,925.5,801.2,1406.8,315,277,59.49137184115528,31.469554318095955,45.82,18.264,98.964,141
CA,2020-05-28,2978,1340.1638683680324,237.9414371226668,946.5,902.6,1441.0,304,225,57.05764444444447,1.5799999999999983,76.01,74.74600000000001,77.274,130
CA,2020-05-29,2878,1312.6820708825571,287.0215473096712,1443.0,801.2,1457.4,317,94,57.999787234042586,5.215000000000003,63.435,59.263,67.607,72
CA,2020-05-30,3113,1338.9502088017982,265.80039294344334,953.5,788.3,1436.1,300,148,53.78777027027028,25.025,42.865,22.845,62.885000000000005,87
CA,2020-05-31,3270,1338.185626911315,215.3277187568483,938.0,809.4,1423.6000000000001,304,298,56.967785234899374,12.883559290817114,35.3,17.41,44.258,152
CA,2020-06-01,3168,1354.0101010101,269.39115934769256,1285.0,813.6,1452.0,314,236,58.62584745762711,17.796393342472513,54.04,36.98,76.678,127
CA,2020-06-02,3507,1363.8374679213011,308.4022178549294,899.0,567.4,1309.6,326,268,56.00376865671643,24.835981066902825,56.17,43.818,90.762,142
CA,2020-06-03,3341,1348.9649805447468,291.93430262824495,1442.0,843.0,1464.0,316,273,56.46589743589746,20.459607903270182,47.7,47.379999999999995,82.26,134
CA,2020-06-04,3040,1332.2259868421056,226.60138459418116,902.5,763.5,1298.5,316,242,58.43206611570248,19.805,29.924999999999997,14.081,45.769,135
CA,2020-06-05,3138,1322.9209687699174,327.1494207303827,913.0,541.2,1430.0,299,313,60.08782747603834,27.65546453686866,41.949999999999996,15.812,75.10900000000001,142
CA,2020-06-06,2964,1308.498313090418,219.30920523315933,1402.5,897.8000000000001,1421.7,304,268,59.34794776119404,18.979973656462228,36.05,15.962,53.114000000000004,117
CA,2020-06-07,3141,1294.923909582936,348.24284111649575,1298.0,528.1,1337.8,302,307,57.06973941368079,7.140000000000001,53.54,47.827999999999996,59.252,133
CA,2020-06-08,3043,1286.1110745974372,285.7163650717985,1307.0,782.0,1399.0,320,281,58.92007117437724,28.64190985252206,45.769999999999996,27.536,86.68400000000001,138
CA,2020-06-09,3285,1239.2541856925423,260.41489427404747,865.0,659.0,1321.5,320,291,55.65673539518902,20.73090607442585,88.05,55.802,93.322,146
CA,2020-06-10,3495,1280.2824034334774,311.76522945806477,1300.0,600.0,1422.0,322,293,58.80692832764504,8.559373516794322,34.88,27.834000000000003,45.244,147
CA,2020-06-11,3036,1277.0464426877472,233.67252223021293,992.0,718.8,1286.4,341,247,59.340647773279386,9.375278825785637,74.42,59.512,79.328,133
CA,2020-06-12,3018,1275.103048376408,348.2947171577542,1297.0,544.2,1411.1,331,250,55.998519999999985,15.705203755443607,50.83,36.849000000000004,70.14500000000001,137
CA,2020-06-13,2720,1280.2419117647055,235.564216297807,1301.0,1019.9000000000001,1594.8,305,237,57.49147679324895,33.355,50.525,23.841,77.209,126
CA,2020-06-14,3331,1236.040528369858,228.8851240251319,1308.0,782.4,1331.2,326,275,59.0913090909091,30.785042905064575,45.57,16.154,76.474,142
CA,2020-06-15,3198,1277.6713570981854,263.8093037886119,1327.0,883.8000000000001,1387.1,340,273,53.42498168498167,19.429597750596898,29.275,19.468,57.31700000000001,136
CA,2020-06-16,3253,1305.3077159545035,239.49942718842306,1319.0,814.5,1480.8,352,299,58.521872909698985,17.67635098090101,53.57,31.932000000000002,70.908,156
CA,2020-06-17,3430,1332.3769679300285,235.8763620273666,1314.5,819.3,1380.1000000000001,340,287,62.99731707317073,0.0,88.12,88.12,88.12,135
CA,2020-06-18,3272,1340.9834963325184,217.19095221077285,1295.5,802.8,1326.6,338,272,57.097352941176446,26.794927430392494,27.98,22.514,76.06800000000001,153
CA,2020-06-19,3301,1374.1132990003023,179.7711604425868,1255.0,1054.0,1298.0,354,306,58.271830065359524,23.696884156994145,68.27,41.254,91.583,158
CA,2020-06-20,3154,1346.9876347495242,133.97207962072383,1219.0,1056.6,1236.0,324,289,55.94460207612457,21.790000000000003,59.58,42.147999999999996,77.012,146
CA,2020-06-21,3084,1295.5512321660183,188.1471329532437,1193.5,752.2,1216.5,308,258,57.79744186046513,29.75293454247646,69.71000000000001,15.170000000000002,83.66499999999999,131
CA,2020-06-22,3073,1306.5372600065075,187.43506694582967,812.5,802.5,1235.2,339,291,57.2041580756014,33.805771039210974,84.23,32.654,94.446,150
CA,2020-06-23,3162,1308.6729917773564,349.1541061533574,921.5,621.0,1523.0,337,287,57.337212543554,0.0,40.5,40.5,40.5,143
CA,2020-06-24,3497,1306.945953674579,331.61491889664677,1634.0,828.5,1653.0,339,315,54.11853968253967,29.267824056461734,79.445,21.111,90.696,145
CA,2020-06-25,3026,1306.7362855254457,308.52031858898454,1131.5,790.2,1631.9,331,226,57.43796460176994,22.96884314795927,65.07,46.926,91.66999999999999,122
CA,2020-06-26,3452,1315.782444959444,286.9991541618536,1220.5,832.4,1652.3,342,316,57.66446202531648,20.947573138866545,58.97,26.658,74.302,158
CA,2020-06-27,3259,1299.9754525928204,401.32122732295136,1317.5,625.5,1626.1,320,283,59.101201413427546,17.304391603000667,58.42,45.745999999999995,79.809,134
CA,2020-06-28,3333,1284.61806180618,319.9850937542345,1280.5,810.2,1598.6,328,287,58.24146341463415,27.936860926695044,40.795,18.73,89.303,144
CA,2020-06-29,3201,1308.8313027179006,233.79556142127518,1296.0,1033.1,1611.3,326,275,57.72698181818186,33.50407736380753,40.41,10.282,86.058,142
CA,2020-06-30,3351,1330.1614443449716,226.26288332127916,1308.0,951.8000000000003,1608.4,338,250,60.3512,7.398161933886013,86.03,81.422,95.63,143
CA,2020-07-01,3262,1311.0766400980988,331.46407676118173,1622.5,842.8,1645.8,331,262,58.269427480916036,22.74403633678264,46.375,23.88,77.355,160
CA,2020-07-02,3123,1326.0967018892086,382.78684900153445,1259.0,672.4,1655.0,330,269,58.5244237918216,19.93672553354738,55.900000000000006,37.075,83.38,156
CA,2020-07-03,3664,1343.834879912664,407.25225597901846,1279.0,783.1,1672.1,339,322,59.04366459627332,25.47159406083569,84.59,46.1,91.072,167
CA,2020-07-04,3304,1303.0499394673122,386.29368006250866,1686.5,764.3,1701.0,318,300,60.36703333333336,23.8211872765676,88.45,35.328,90.384,140
CA,2020-07-05,3238,1324.0880172946265,335.05773592024406,1266.0,775.2,1705.6,323,276,60.73463768115943,8.69892330502268,71.97,61.106,77.914,155
CA,2020-07-06,3527,1308.472356110009,312.8985211688262,1243.0,774.2,1692.4,343,307,54.675765472312676,29.23056201231094,22.54,14.004,67.324,164
CA,2020-07-07,3231,1293.337356855462,113.13109897616815,1281.5,1243.9,1309.0,342,265,54.740830188679254,0.0,91.6,91.6,91.6,147
CA,2020-07-08,3413,1286.4078523293288,244.9887926128809,1318.0,765.6,1412.9,347,294,55.15836734693878,30.596240030435112,38.73,29.094,95.274,144
CA,2020-07-09,3533,1344.2108689499014,306.17651471539307,1383.5,762.4,1675.1,347,257,54.906575875486375,20.367730451623714,44.3,24.381999999999998,73.841,143
CA,2020-07-10,3290,1331.9796352583592,169.00372830440426,1372.0,1330.0,1679.9,344,246,54.16235772357723,23.151062610601695,69.185,32.9,92.503,144
CA,2020-07-11,3301,1288.7164495607396,348.0361166662953,1285.5,792.7,1726.5,314,253,55.72719367588935,12.0,80.01,70.41000000000001,89.61,130
CA,2020-07-12,3209,1278.709566843253,275.93093596005104,1543.0,1226.8,1725.2,323,286,56.78832167832168,19.61821516403116,73.58,45.272,93.694,148
CA,2020-07-13,3284,1300.8672350791724,407.9569694084033,1608.0,788.9,1637.6,348,280,56.7924642857143,24.709967399591786,42.51,24.142,72.126,144
CA,2020-07-14,3150,1297.7803174603173,317.68670366009917,1630.5,788.5,1650.5,352,285,54.643789473684194,27.204183093373302,44.94,11.984,85.246,161
CA,2020-07-15,2963,1320.1292608842386,343.7198083711014,796.0,782.8,1653.6,334,272,54.944595588235345,0.0,90.45,90.45,90.45,139
CA,2020-07-16,3124,1313.1632522407172,304.19183841157377,1660.5,1029.5,1671.5,342,278,57.609460431654696,17.749450382727037,66.355,39.625,79.65,145
CA,2020-07-17,3407,1305.9835632521276,261.5845685174997,1234.0,703.6,1255.2,336,263,57.265931558935364,33.09494053309189,23.5,20.82,78.276,135
CA,2020-07-18,2875,1255.875826086956,388.2183456136092,1544.0,779.0,1677.0,310,294,54.13857142857145,21.536666924624672,50.36,35.672,77.28,135
CA,2020-07-19,2935,1359.1437819420782,277.8270818761604,1553.0,858.2,1688.6,327,285,60.20971929824563,23.9794781061268,77.18,41.564,93.72999999999999,145
CA,2020-07-20,3002,1262.5259826782144,422.37764622794356,930.5,771.7,1703.9,336,278,58.951906474820134,27.87795948044599,53.93,35.76,97.97,139
CA,2020-07-21,2988,1327.5515394912975,263.89764570012005,1624.0,1258.2,1688.6,338,279,59.96243727598568,15.93802288357938,68.46,48.876000000000005,89.791,131
CA,2020-07-22,3352,1271.8741050119343,372.51452013087135,815.0,697.5,1655.7,337,302,58.04870860927154,0.3049999999999997,51.005,50.761,51.249,145
CA,2020-07-23,2923,1302.1474512487173,313.3938444328399,1566.0,839.2,1671.8,333,265,58.05037735849057,19.748426730586246,70.815,39.24,83.61,145
CA,2020-07-24,2987,1298.772681620355,297.7758622588321,1590.5,856.3,1631.2,334,274,56.23361313868614,24.28818571717737,69.77,31.482000000000003,90.06400000000001,145
CA,2020-07-25,3229,1321.1021988231646,142.6345011574937,1543.0,1476.0,1602.0,313,238,58.274243697479,30.462460176420418,70.13,31.96,92.274,126
CA,2020-07-26,2787,1295.3724434876206,370.08756946663857,1612.0,859.2,1628.8,316,324,58.194444444444436,24.14562841237667,81.06,33.942,90.46400000000001,147
CA,2020-07-27,3084,1280.602788586252,361.9807458369201,1531.0,811.2,1651.4,359,266,58.694924812030095,11.265112318816689,87.86500000000001,72.46000000000001,96.185,147
CA,2020-07-28,3296,1290.3483009708732,402.5524521533733,810.0,734.2,1683.8,350,314,59.044777070063695,30.21111278879843,62.16,12.457,86.161,161
CA,2020-07-29,3099,1256.900613101002,175.02024182365585,1682.0,1661.8,1696.2,341,255,60.59615686274511,10.641771395660593,82.64500000000001,63.153000000000006,89.276,142
CA,2020-07-30,3204,1269.3277153558047,407.3210434018346,1484.0,758.7,1703.1,344,269,62.76133828996285,30.572559898543005,45.145,21.310000000000002,85.801,143
CA,2020-07-31,3173,1314.943271352033,385.0252069670244,1601.5,757.1,1717.9,329,264,61.06223484848485,15.650585363564591,46.41,26.546,56.714,129
CA,2020-08-01,2874,1258.2136395267917,457.0518819997421,792.0,764.3,1728.1,301,192,54.00177083333335,28.864336888277894,38.39,13.98,78.756,125
CA,2020-08-02,2814,1262.9477611940297,469.8808533304274,835.0,573.4,1736.8,287,300,57.76113333333333,21.159522531238743,72.78,44.333,97.758,142
CA,2020-08-03,3163,1307.4837179892509,483.73760456388356,1727.5,666.0000000000001,1749.7,325,282,58.72836879432627,20.439212613134046,89.17,50.438,93.972,132
CA,2020-08-04,3268,1293.555079559364,279.1980658958797,1750.0,1420.7,1764.7,349,267,57.426966292134836,22.602981919796925,68.97999999999999,39.185,94.35,139
CA,2020-08-05,3429,1338.6876640419953,342.54563899267407,1768.0,954.8000000000002,1778.6,338,274,59.10255474452557,15.539953882385452,81.225,59.985,92.28,146
CA,2020-08-06,3014,1307.379230258792,120.592518654996,1790.0,1626.0,1799.0,334,244,59.88127049180327,23.259104788352357,73.08,36.824,78.872,132
CA,2020-08-07,2911,1347.4871178289259,105.8984449039246,1527.0,1444.8,1796.4,320,253,60.333794466403184,20.66031984263554,59.59,45.09,90.176,143
CA,2020-08-08,2791,1295.6366893586526,222.5846004976495,1774.0,1438.0,1804.2,317,262,63.420763358778615,21.42379642036454,57.56,37.326,83.73800000000001,134
CA,2020-08-09,3213,1326.7027699968871,313.97057110423515,1491.0,913.0,1763.0,313,251,59.014741035856574,17.575696682888246,86.105,60.15,93.69,143
CA,2020-08-10,3001,1355.267910696435,235.46245597489062,1695.0,1122.0,1718.6,328,231,61.264155844155844,11.412991344453541,77.96,59.924,86.472,135
CA,2020-08-11,3597,1344.2652210175152,214.65155468935126,1687.5,1667.0,1699.2,334,267,59.37651685393263,15.421486749708299,79.595,57.36900000000001,90.19500000000001,133
CA,2020-08-12,3455,1349.1013024602019,275.8767115941467,1700.5,1602.3,1716.8,344,282,58.039397163120576,17.66578401883143,86.52,59.427,93.943,144
CA,2020-08-13,3486,1363.6982214572577,415.13070230952565,1734.5,1063.9,1740.1,331,241,58.48701244813281,25.125,66.405,46.305,86.505,127
CA,2020-08-14,3398,1354.1397881106536,383.12902510321925,1683.0,761.4,1718.6,340,313,62.695591054313105,26.19125737495026,85.55,34.699999999999996,96.286,138
CA,2020-08-15,2884,1325.6536061026345,341.24243581360156,1675.0,770.2,1710.1,306,263,58.51231939163498,29.589142483162448,75.01,13.574000000000002,84.542,131
CA,2020-08-16,2558,1271.517591868648,435.29592328259434,1683.0,696.8,1717.2,302,221,59.7277828054299,14.833876407929056,79.285,62.476,95.477,112
CA,2020-08-17,2964,1326.5566801619434,206.42407506255682,1665.0,1534.4,1681.2,329,241,61.180041493775974,23.116272133138885,82.82,35.36,94.372,123
CA,2020-08-18,3202,1295.0480949406613,403.3268332695727,1672.0,726.4,1705.8,352,277,58.78166064981953,15.311359511937738,81.95,53.385999999999996,91.58800000000001,151
CA,2020-08-19,3011,1320.5589505147784,488.5636908326283,1049.0,687.2,1724.6,338,250,60.33600000000003,24.24517202798666,66.765,30.59,81.625,138
CA,2020-08-20,3142,1314.6362189688093,395.97164450575895,1075.0,697.6,1751.2,329,268,59.7662313432836,9.424634528723116,91.13,77.464,98.64399999999999,150
CA,2020-08-21,3206,1312.5053025577042,330.8285939784377,1740.5,1058.8,1759.6,345,302,60.172019867549686,12.062454684588518,92.89,67.116,97.082,148
CA,2020-08-22,2793,1348.427139276764,554.5838279486901,1229.5,567.6,1763.4,325,241,60.59066390041496,27.094315927064027,39.974999999999994,24.75,86.79499999999999,133
CA,2020-08-23,2693,1329.4106943928705,440.71753493592695,706.0,560.4,1764.6,332,238,60.20739495798322,31.997767524166623,86.13,23.887999999999998,91.742,126
CA,2020-08-24,2946,1332.7348947725727,360.3546342146858,663.0,637.4,1560.0,318,254,56.627992125984235,29.56444298289567,32.17,24.137999999999998,77.84200000000001,135
CA,2020-08-25,3366,1305.6063576945924,209.92878359773698,1045.0,685.8,1080.4,346,278,61.63359712230217,0.0,54.35,54.35,54.35,146
CA,2020-08-26,3049,1306.1407018694651,119.80283442307395,694.0,679.0,838.7000000000003,336,285,64.13463157894735,0.0,71.0,71.0,71.0,130
CA,2020-08-27,3310,1293.0302114803628,551.7018238997684,1736.0,637.1,1764.9,330,257,59.61525291828794,17.515761921837125,77.03,47.25,96.5,144
CA,2020-08-28,2969,1305.355675311552,455.2829158300496,1717.0,615.0,1739.8,339,271,60.62535055350553,20.040657562953257,84.25999999999999,52.56,94.37,147
CA,2020-08-29,2885,1316.7819757365683,403.01390794859674,1551.0,608.0,1738.2,314,244,62.82225409836068,7.142788251096346,78.53,69.442,85.01,125
CA,2020-08-30,3136,1276.886798469389,38.29273212155713,600.0,596.0,655.0,320,207,61.238067632850246,0.0,0.0,0.0,0.0,116
CA,2020-08-31,2991,1290.4373119358072,344.9402267060193,1742.5,1383.1,1751.9,338,218,62.6130275229358,7.438602019196886,83.225,75.78999999999999,92.325,115
CA,2020-09-01,3249,1323.86241920591,441.3466405704898,1069.0,866.4000000000001,1779.6,329,225,59.82826666666668,11.00358232577009,92.64,75.73400000000001,94.764,139
CA,2020-09-02,3341,1313.1221191260101,512.4750655136588,1756.0,673.4,1780.0,333,248,60.455,23.141974537353725,66.67,35.52,94.39,129
CA,2020-09-03,3064,1275.4758485639686,493.8304631306067,551.0,533.2,1791.8,333,226,59.01176991150443,25.43005139375241,58.15,33.665,92.68,133
CA,2020-09-04,3274,1267.8634697617588,278.15834059507887,578.0,538.4,1069.6,347,243,55.94831275720168,22.66548414282323,53.67,15.536,72.502,147
CA,2020-09-05,2904,1307.084022038567,433.161068567032,1498.0,709.8,1800.6,300,228,59.676140350877205,14.52698978105118,84.19,58.65,96.63600000000001,118
CA,2020-09-06,2949,1240.925398440149,383.3695083477504,1478.0,697.2,1802.8,309,234,59.75299145299144,0.0,0.0,0.0,0.0,133
CA,2020-09-07,3135,1232.2682615629988,383.66004157326574,1800.0,699.0,1810.1,322,262,60.93667938931298,13.975460238893346,79.48,66.376,96.536,133
CA,2020-09-08,3264,1286.6911764705874,393.2217238400277,1477.0,705.6,1813.2,344,275,59.07738181818185,26.80524290548814,75.955,27.515,89.555,150
CA,2020-09-09,3343,1284.613221657195,564.92336648434,1051.5,587.8,1825.2,332,275,62.053454545454535,29.06476689320272,74.14,19.608,96.858,151
CA,2020-09-10,2761,1314.0090546903295,503.14578612839983,869.5,589.7,1937.0,333,193,58.667046632124354,2.304618551228523,94.25,91.386,95.842,117
CA,2020-09-11,3227,1342.8264642082434,509.43599896065166,1495.0,465.8,1541.4,332,224,63.46250000000002,19.58613284954434,54.63,45.366,82.254,145
CA,2020-09-12,2774,1298.4430425378523,516.106380359467,1920.5,590.2,1941.1,318,247,58.30574898785426,17.892123684482744,71.05,51.402,95.94,133
CA,2020-09-13,2779,1339.442245412019,535.9630926144581,1574.0,608.0,1935.0,294,227,64.8901762114537,22.192728726619745,82.685,46.984,91.347,117
CA,2020-09-14,3062,1364.08197256695,648.4098066375539,1743.5,607.1,1944.0,338,219,62.48561643835618,6.48042515612067,91.78,82.708,98.70599999999999,131
CA,2020-09-15,3162,1320.6059456040482,626.3612854228327,1970.5,665.5,2025.6,357,251,63.59203187250994,16.70273565953783,73.1,43.99,84.75,145
CA,2020-09-16,3190,1315.9316614420056,523.0252231805317,1050.0,646.8,2024.8,322,238,63.53705882352939,20.44579467763481,63.93,45.04,91.112,133
CA,2020-09-17,3084,1333.8968871595341,379.6025421290238,660.0,633.6,1586.4,349,200,60.24409999999998,33.57034140759105,27.22,25.204,83.156,130
CA,2020-09-18,3294,1370.0264116575588,654.6274818551387,725.0,608.9,2031.2,343,233,62.28630901287558,7.240660556141008,85.08,80.11,97.27,134
CA,2020-09-19,2866,1341.6071179344042,563.4958823052747,1318.5,723.5,2032.0,297,190,59.096157894736834,15.017067419735746,83.515,62.975,95.725,115
CA,2020-09-20,2598,1356.0511932255586,396.4622255603884,1375.0,758.4,1596.2,290,185,56.80194594594596,4.685000000000002,84.005,80.25699999999999,87.753,113
CA,2020-09-21,3054,1358.4351669941059,413.4682300645689,1338.5,804.4,2035.2,336,231,61.94012987012989,15.959515186872062,68.985,56.469,89.397,126
CA,2020-09-22,3060,1341.3444444444447,512.0314183068588,610.5,589.9,2019.9,344,235,62.91897872340426,27.729288166525702,18.310000000000002,9.204999999999998,67.775,140
CA,2020-09-23,3494,1423.0855752718946,444.87154700355177,831.0,619.8,1724.7999999999997,354,266,61.52052631578949,27.945123367056368,51.33,33.492000000000004,95.04599999999999,162
CA,2020-09-24,3600,1365.4897222222223,160.74614245464673,833.0,641.0,1052.0,354,226,60.06774336283185,8.405000000000001,53.945,47.221,60.669000000000004,136
CA,2020-09-25,2943,1366.0550458715602,206.68369402301673,967.5,843.6,1277.1,334,99,63.864242424242434,0.0,0.0,0.0,0.0,81
CA,2020-09-26,2802,1379.9568165596004,544.5844221207904,1239.0,856.6,2013.0,317,96,67.91229166666665,35.95257153528799,90.61,31.858000000000004,94.906,79
CA,2020-09-27,3049,1381.5700229583476,474.4062675094464,1980.0,875.6,2006.8,302,133,59.79962406015039,23.42955825447846,48.06,45.684000000000005,86.58,88
CA,2020-09-28,3302,1381.6756511205326,8.441878115825233,873.0,864.4,883.4,318,210,60.00952380952376,0.0,0.0,0.0,0.0,113
CA,2020-09-29,3430,1411.2416909620988,129.76646999396215,665.5,651.8,885.6,332,237,59.39772151898732,26.076227147005415,47.88,24.328000000000003,75.376,128
CA,2020-09-30,3058,1355.5827338129495,103.33775378836475,839.0,648.0,872.4,336,228,58.848947368421044,30.70468947173307,51.02,15.916,75.78800000000001,133
CA,2020-10-01,3081,1310.630314832846,122.77169416803243,867.0,673.2,919.2,328,212,57.89367924528303,0.0,0.0,0.0,0.0,139
CA,2020-10-02,2786,1342.240129217516,92.37390053472896,862.0,674.1,901.0,325,191,61.88638743455499,11.292265789763656,22.46,15.892,37.476,127
CA,2020-10-03,2928,1370.4525273224044,495.4502636176722,881.0,676.0,1982.7,310,233,63.305021459227476,26.599161141613095,55.735,22.952,82.702,130
CA,2020-10-04,3212,1366.2568493150688,576.7427003439228,832.0,681.0,1973.0,319,235,59.169659574468064,26.981631200174355,65.23,20.87,67.96600000000001,126
CA,2020-10-05,3113,1337.2621265660136,501.6739631534832,830.0,719.0,1974.8,336,220,61.73218181818184,5.3799999999999955,75.78,71.476,80.084,137
CA,2020-10-06,3076,1356.7600780234065,105.54396661528735,744.0,730.8,966.9999999999999,347,220,61.38577272727271,0.0,76.09,76.09,76.09,137
CA,2020-10-07,3139,1345.7846447913348,577.7054118423167,880.0,719.3,1965.7,356,222,62.90081081081083,21.295187249705037,95.2,60.52,97.96000000000001,127
CA,2020-10-08,3027,1264.87578460522,107.31581241247721,723.0,707.5,904.5,342,248,58.9763306451613,0.0,60.38,60.38,60.38,142
CA,2020-10-09,2925,1354.596239316239,521.3405413538943,882.0,860.0,1968.0,325,231,60.88532467532468,18.53440230355433,50.14,41.845,76.558,136
CA,2020-10-10,2953,1322.4541144598718,157.10646072011167,836.0,708.3,1008.3999999999999,327,218,63.24958715596332,0.0,72.65,72.65,72.65,108
CA,2020-10-11,2842,1343.5014074595358,310.05972618457383,1253.5,1040.4,1372.8000000000002,318,226,58.91207964601768,32.31567146482063,69.7,20.43,97.24,129
CA,2020-10-12,3245,1322.726040061634,12.128066622508305,1265.0,1245.2,1275.3,316,266,58.98721804511278,0.0,0.0,0.0,0.0,131
CA,2020-10-13,3678,1352.5848287112556,275.9055281525114,1281.0,669.6,1341.8,357,244,60.82036885245903,3.5700000000000003,84.03999999999999,81.184,86.896,149
CA,2020-10-14,3472,1325.6912442396313,6.422616289332565,670.0,664.1,677.3,345,237,56.96864978902955,0.0,0.0,0.0,0.0,138
CA,2020-10-15,3135,1328.2755980861245,378.1484496860988,1023.5,682.4,1462.6,354,247,59.43882591093119,0.0,0.0,0.0,0.0,135
CA,2020-10-16,3256,1374.5979729729734,321.19517804599747,1346.0,658.0,1366.4,338,237,61.37375527426163,0.0,0.0,0.0,0.0,130
CA,2020-10-17,2886,1322.483021483022,325.2595169836384,1345.0,641.0,1373.6,324,242,58.3653305785124,0.0,15.8,15.8,15.8,135
CA,2020-10-18,3573,1387.06157290792,271.4029981368121,1318.5,636.0,1387.5,328,268,60.28354477611942,22.884999999999998,35.935,17.627000000000002,54.243,142
CA,2020-10-19,3366,1344.2020202020205,361.8468590094434,693.0,644.9,1399.0,345,254,58.775,0.0,28.25,28.25,28.25,132
CA,2020-10-20,3528,1382.777777777778,314.4704908254509,716.0,698.8,1387.4,349,238,60.782142857142865,11.89,74.45,64.938,83.962,139
CA,2020-10-21,3660,1364.6617486338796,4.031128874149275,692.5,688.3,696.7,348,273,58.874688644688646,0.0,42.82,42.82,42.82,150
CA,2020-10-22,3513,1368.0555081127245,317.21310533301005,722.0,697.0,1347.0,349,258,59.13755813953494,11.549999999999997,79.16,69.92,88.39999999999999,145
CA,2020-10-23,3140,1403.7149681528672,14.396180048887969,699.0,681.0,715.0,337,232,62.199353448275836,0.0,31.71,31.71,31.71,138
CA,2020-10-24,3104,1374.6427190721652,10.265853841840961,712.0,700.8,724.2,317,210,62.20895238095238,0.0,0.0,0.0,0.0,130
CA,2020-10-25,3106,1340.4613650998065,55.80660078294439,702.0,686.0,729.0,328,236,61.50296610169491,1.759999999999998,77.99000000000001,76.58200000000001,79.398,133
CA,2020-10-26,3520,1426.4852272727264,179.2212540060948,688.0,671.0,944.6000000000001,345,260,60.95757692307693,0.0,0.0,0.0,0.0,140
CA,2020-10-27,3862,1388.533661315381,253.38395511740183,1006.5,727.4,1325.0,373,295,59.79769491525428,9.577059395590418,70.04,62.848,81.456,165
CA,2020-10-28,3456,1370.019965277778,69.76559864521525,742.0,732.6,759.0,370,268,59.01007462686566,0.0,0.0,0.0,0.0,154
CA,2020-10-29,3557,1401.7764970480732,186.4145725450209,768.0,750.0,1137.8000000000006,368,272,60.5211029411765,29.030417764054917,45.38,30.436,85.444,145
CA,2020-10-30,3748,1406.1771611526153,128.48951535263708,777.0,771.4,992.2,367,254,59.21716535433072,0.0,0.0,0.0,0.0,145
CA,2020-10-31,3392,1368.117924528302,218.42656452539973,794.0,746.8,1270.2,361,329,61.26571428571427,35.53675386131941,90.97999999999999,33.638000000000005,95.80799999999999,167
CA,2020-11-01,3344,1329.4153708133965,45.68805012117974,759.0,750.2,770.8,348,274,58.38974452554744,0.0,33.14,33.14,33.14,146
CA,2020-11-02,3539,1376.7228030517092,153.33785551482157,836.5,786.9,1227.7000000000005,378,302,60.04956953642387,26.86721918373144,72.87,29.03,76.19800000000001,162
CA,2020-11-03,4123,1378.846713558089,208.47341463090999,1019.0,757.4,1262.2,402,358,59.72209497206703,20.765773974258703,39.92,22.926000000000002,66.97300000000001,192
CA,2020-11-04,3715,1321.7415881561226,244.22954854906362,1284.0,742.6,1360.2,373,271,60.76114391143913,13.407317032128388,25.805,11.2,38.24,149
CA,2020-11-05,3650,1377.5654794520542,173.72158693724634,932.0,725.0,1051.0,389,284,58.5987323943662,1.6146895126377139,52.25,52.21,54.97,166
CA,2020-11-06,3979,1348.3249560191007,145.08712438200232,749.0,732.4,1018.6,405,332,60.272680722891565,15.270000000000003,59.160000000000004,46.944,71.376,172
CA,2020-11-07,3834,1333.2206572769967,264.7114266845319,987.0,734.1,1348.3,404,315,57.74888888888889,25.940425765374183,54.5,26.368,87.096,169
CA,2020-11-08,4243,1324.941550789535,190.11082054814796,1088.0,1019.1,1419.9,371,373,58.56037533512063,5.605000000000004,90.455,85.97099999999999,94.93900000000001,165
CA,2020-11-09,3994,1367.0032548823235,237.92261003811078,992.0,691.6,1356.7,397,330,55.8480303030303,4.659999999999999,16.419999999999998,12.692,20.148,182
CA,2020-11-10,4663,1341.8329401672743,296.57142913111113,1089.0,681.0,1388.0,420,374,54.26141711229948,26.25991657926582,56.4,22.372,77.513,198
CA,2020-11-11,4062,1296.338010832103,202.96324017185688,982.0,684.0,1362.0,419,382,56.588507853403186,25.172006276814724,39.945,7.8,65.955,196
CA,2020-11-12,4230,1294.5484633569747,270.07333442073354,1109.0,719.2,1359.4,421,396,55.64414141414144,32.33191478847006,45.115,6.17,79.21000000000001,180
CA,2020-11-13,4355,1327.262227324914,193.92958630504125,1007.0,734.4,1324.2,422,403,58.45521091811415,12.583119644984702,65.89,54.714000000000006,81.322,201
CA,2020-11-14,4082,1306.5487506124443,262.2852252954482,1282.0,717.0,1381.4,427,338,56.57943786982251,8.02,15.309999999999999,8.894,21.726,171
CA,2020-11-15,4325,1334.3477456647402,250.63733304254862,1015.5,727.5,1372.0,407,385,59.95116883116882,16.676950560579115,44.12,37.61,72.26400000000001,205
CA,2020-11-16,4408,1282.2815335753176,281.7765406504714,1063.5,752.0,1554.0,442,450,55.843822222222215,18.22763469753184,30.18,13.780000000000001,49.46,211
CA,2020-11-17,4672,1290.8604452054794,188.85124990259948,1047.5,790.2,1281.7,456,405,56.55209876543212,27.35351439943321,37.385,20.659,76.13300000000001,214
CA,2020-11-18,4935,1293.886119554205,130.3732012249187,1049.5,907.0,1286.5,469,422,52.73834123222747,21.085430989192513,56.72,21.464,57.751999999999995,213
CA,2020-11-19,4369,1289.2062256809336,184.58144959309487,840.0,781.6,1275.4,432,448,54.40904017857144,0.0,6.37,6.37,6.37,210
CA,2020-11-20,4699,1306.2379229623323,215.09207105439967,1277.0,788.2,1315.1000000000001,450,464,55.17821120689658,22.700216347476125,59.92,22.944,62.848,201
CA,2020-11-21,4720,1272.9324152542374,150.89067916578495,1226.0,1021.0,1318.0,445,510,56.97580392156863,21.431296235490127,53.504999999999995,28.88,79.06,207
CA,2020-11-22,4842,1257.3872366790579,216.35891625426976,1185.0,755.2,1316.4,434,467,56.36535331905784,31.340470142453192,46.225,10.023,75.84,216
CA,2020-11-23,5016,1253.2673444976078,244.05168886739423,1049.0,764.0,1358.6,464,493,55.110527383367156,4.23,10.5,7.116,13.884,227
CA,2020-11-24,5208,1282.4794546850997,238.0797180126853,1102.0,785.2,1345.6,478,469,55.161535181236665,11.069209547207967,50.71,41.896,64.562,213
CA,2020-11-25,4863,1282.5504832407983,218.32373433600844,1367.5,798.6,1390.8,489,533,54.65765478424017,27.22453902272727,41.375,17.727,75.43900000000001,235
CA,2020-11-26,5010,1248.4868263473054,209.05602651495656,1354.5,844.9,1372.0,475,515,54.672640776699055,23.816731280528167,53.39,17.622,61.47,221
CA,2020-11-27,4954,1255.4864755752933,167.75627968871984,1427.0,1080.9,1482.0,484,516,55.15168604651165,0.0,0.0,0.0,0.0,222
CA,2020-11-28,4971,1248.8517400925364,144.47286306869296,1322.0,1056.8,1387.2,483,514,54.48149805447472,25.702956425283066,60.22,19.655,84.27499999999999,222
CA,2020-11-29,4693,1275.8124866822927,334.4510081600449,1252.0,1062.0,1940.6,474,426,53.597535211267584,0.0,54.01,54.01,54.01,212
CA,2020-11-30,4910,1279.393482688391,116.12956002131327,1116.0,1060.0,1269.2,479,447,56.408076062639815,35.26958872582566,82.83,23.75,84.35000000000001,234
CA,2020-12-01,5205,1265.2119116234387,95.61380158352893,1259.0,1056.2,1294.6,484,504,54.269880952381,15.945728268097385,49.805,35.174,68.482,234
CA,2020-12-02,5405,1264.603515263645,197.1420935240687,1300.0,1122.0,1540.0,500,501,56.070199600798425,33.16649458814281,44.81,5.718000000000001,85.26,244
CA,2020-12-03,4876,1225.3736669401142,260.4342059046376,1291.0,1096.0,1943.4,507,449,55.810089086859676,2.0649999999999977,92.435,90.783,94.087,225
CA,2020-12-04,5273,1223.755736772236,102.5004483941096,1260.0,1097.0,1365.0,538,537,53.07810055865925,30.173715797031033,33.515,10.975,73.975,240
CA,2020-12-05,4897,1264.083928936083,174.35995213990302,1216.0,1106.0,1392.0,509,499,54.81274549098198,17.112611577430254,54.825,38.663000000000004,79.736,245
CA,2020-12-06,5062,1292.574081390754,131.60449573452334,1300.0,1047.6,1396.8,501,596,54.8109563758389,20.08406388712758,32.27,28.278000000000002,64.182,258
CA,2020-12-07,5083,1302.5551839464883,136.24010945075707,1222.0,1037.8,1368.2,508,560,56.48364285714286,15.177712849666738,56.53,32.954,67.24600000000001,247
CA,2020-12-08,5320,1242.512593984963,194.33496753982024,1368.0,1022.6,1428.4,528,582,56.336151202749164,21.54972665139862,28.630000000000003,13.988,56.95700000000001,258
CA,2020-12-09,4794,1235.406967042136,173.16671460100633,1186.0,1031.5,1425.0,518,563,54.62669626998223,18.327409800623766,31.424999999999997,9.509,47.979,248
CA,2020-12-10,5057,1246.6845956100453,201.0238761078696,1369.0,885.2,1392.8,506,545,51.826091743119306,0.0,27.25,27.25,27.25,250
CA,2020-12-11,5021,1201.957976498706,255.37177118197792,1065.0,686.5,1356.5,534,539,55.06500927643785,36.244384888386506,45.395,9.074,91.67399999999999,268
CA,2020-12-12,5231,1223.668705792392,274.90735838025506,1081.0,607.8,1341.2,518,580,55.00553448275861,30.12138004702806,35.89,6.265000000000001,79.636,269
CA,2020-12-13,5075,1199.3282758620694,264.9307589576593,1248.0,543.0,1298.4,527,621,54.656731078905,12.109727036101555,59.35,57.326,78.81400000000001,260
CA,2020-12-14,5531,1222.0254926776354,85.01489196579432,1314.0,1112.0,1329.6,532,669,55.5344095665172,0.0,0.0,0.0,0.0,276
CA,2020-12-15,5311,1218.5964978346826,80.8636169991413,1259.0,1118.2,1300.8,551,607,55.805551894563415,9.310000000000002,43.53,36.082,50.978,282
CA,2020-12-16,5297,1244.367755333208,65.16717920606,1199.0,1125.3,1268.7,549,621,56.03505636070854,23.625141034264516,56.8,29.392,75.408,281
CA,2020-12-17,5052,1202.443982581156,61.16052137612955,1241.5,1117.1,1262.4,535,625,55.75275199999998,0.0,12.76,12.76,12.76,286
CA,2020-12-18,5362,1187.0805669526294,285.21606738332207,1180.0,1110.4,1949.2,525,567,54.00451499118163,0.0,0.0,0.0,0.0,252
CA,2020-12-19,5136,1254.178738317757,258.18831141678186,1109.0,1006.5,1541.5,512,530,54.81192452830192,29.834421954067306,23.15,7.238,80.088,256
CA,2020-12-20,5583,1189.7234461758908,147.92103503823995,1177.0,1031.6,1304.6,521,576,57.16689236111111,28.630541035754113,49.41,16.644000000000002,81.75,257
CA,2020-12-21,5299,1187.8992262691067,339.0875365418442,1232.5,1115.6,1962.4,543,560,54.153589285714276,25.860000000000003,71.15,50.462,91.83800000000001,249
CA,2020-12-22,5524,1233.3394279507606,208.64403362291458,1240.0,1072.6,1266.7,538,553,56.34535262206146,33.770743906523585,69.46,19.69,94.764,265
CA,2020-12-23,5025,1213.4738308457704,266.7636218125223,1192.0,1048.2,1829.3999999999985,535,525,56.3708,20.534178012929242,35.96,28.752,66.64,240
CA,2020-12-24,4956,1246.0453995157386,346.24056808238436,1435.0,1016.0,1896.2,504,477,54.63247379454929,24.243384951134377,62.425,21.375,78.015,223
CA,2020-12-25,4493,1262.9014021811715,301.60706330604177,1415.0,1003.6,1874.0,487,487,58.838562628336774,12.725000000000001,29.085,18.905,39.265,220
CA,2020-12-26,5123,1277.0936951005278,257.0609924783188,1323.5,1015.3,1564.0000000000002,506,492,60.74022357723582,24.94567297147944,21.71,8.072000000000001,58.644000000000005,218
CA,2020-12-27,5371,1235.9951591882332,423.88725513009757,1239.5,790.2,1925.1,528,540,56.389314814814824,17.713659277518012,43.285,29.396,64.426,244
CA,2020-12-28,5455,1266.6846929422547,352.34980977893053,1224.5,1036.5,1944.0,533,537,57.51029795158286,5.5472355477500885,29.81,23.233999999999998,34.018,240
CA,2020-12-29,5966,1270.9783774723428,338.64160723667055,1288.0,1024.0,1949.0,542,581,56.7498278829604,15.562553346628782,74.63499999999999,52.7,86.685,250
CA,2020-12-30,5914,1251.759891782213,311.66063665598597,1348.0,1203.2,1941.0,555,535,55.88721495327104,27.098587712277556,68.83,28.660000000000004,78.702,240
CA,2020-12-31,6246,1233.366634646174,317.5522765579039,1447.0,1045.2,1925.1,551,690,55.28143478260872,17.665716326640517,60.33,46.635999999999996,83.596,277
CA,2021-01-01,5455,1229.7895508707604,292.7332876469903,1395.0,1230.7,1890.0,523,719,57.89411682892907,20.552974372473575,75.815,45.760000000000005,91.445,283
CA,2021-01-02,5864,1212.8576057298767,349.83043700526946,1212.0,1020.6,1915.8,569,805,53.85352795031057,29.251674812544373,56.55,15.27,93.04,328
CA,2021-01-03,6164,1232.3849772874753,270.1422879217056,1284.0,1047.6,1617.8,586,825,55.16133333333333,23.88963239566486,46.42,15.274000000000001,69.50999999999999,335
CA,2021-01-04,6062,1295.5846255361273,370.0065957336796,1324.0,1053.9,1986.0,577,678,56.444631268436574,27.12958735779226,34.52,11.506,75.03999999999999,272
CA,2021-01-05,6074,1235.8452420151464,393.6128566436551,1308.0,1075.7,1993.0,596,593,55.60192242833055,26.144330594265025,81.64,44.992,94.32,278
CA,2021-01-06,5713,1214.5102398039553,500.4534134313548,1311.0,510.0,1987.0,582,514,57.74163424124516,27.814173495220423,70.775,25.415,89.485,246
CA,2021-01-07,5417,1240.7356470371058,408.90704418191723,1331.5,1049.8,1982.2,601,584,58.90229452054795,17.25239186315915,40.295,18.145,56.535000000000004,268
CA,2021-01-08,5657,1251.2891992222028,486.4010676676788,1309.5,847.1,1947.0,608,624,57.20746794871796,29.266180872418982,35.43,11.028,78.13400000000001,293
CA,2021-01-09,5751,1220.8162058772386,463.88056229682394,1334.0,583.2,1981.0,577,649,58.37762711864407,25.49674464817658,69.15,31.458,89.128,275
CA,2021-01-10,5766,1227.5189039195284,478.2615981643268,1396.5,613.1,1988.9,601,683,56.761581259150844,31.251298469023652,44.04,6.096,77.034,320
CA,2021-01-11,5794,1215.9993096306523,233.47986098614825,1208.5,897.0,1388.9,582,659,55.724764795144175,2.575000000000003,96.265,94.205,98.325,293
CA,2021-01-12,6196,1229.3775016139439,274.48776261664904,1116.5,697.5,1402.9,619,620,57.850241935483865,17.395588201865692,40.08,13.936,45.952,279
CA,2021-01-13,6335,1210.0921862667708,427.42774988676763,1390.0,1032.3,1987.7,637,595,54.48779831932773,13.5986773253872,33.485,15.623999999999999,44.402,321
CA,2021-01-14,6720,1233.143005952381,357.56932107634736,1384.5,1034.9,1985.1,606,624,52.97068910256412,29.844438156696615,41.1,29.356,84.84400000000001,281
CA,2021-01-15,6317,1226.4753838847555,321.415709295327,1364.0,1009.6,1980.4,640,735,55.90703401360548,26.449846407871632,54.635000000000005,24.053,88.26899999999999,322
CA,2021-01-16,5801,1194.7026374762968,413.4509410658404,1405.0,883.0,1955.2,604,679,55.365154639175294,22.810771441360767,53.125,33.946000000000005,86.61,286
CA,2021-01-17,6394,1185.341726618705,357.08833250630806,1314.0,1068.8,1945.0,628,706,56.368314447592056,23.71460275863798,64.93,33.492,77.174,323
CA,2021-01-18,6352,1185.9787468513848,321.23053641089734,1230.0,1018.4,1952.2,630,667,54.76956521739132,11.006496061669925,35.43,26.022000000000002,47.534000000000006,315
CA,2021-01-19,6272,1183.7895408163256,245.70500943125353,1225.0,819.8000000000002,1255.4,639,765,57.43325490196076,15.359775999343222,54.01,46.401,76.60600000000001,331
CA,2021-01-20,6222,1215.4474445515914,402.025716509148,1252.5,853.9,1960.0,642,695,57.538877697841734,29.7410843111007,52.98,11.784,78.94,301
CA,2021-01-21,5977,1183.9663710891748,441.3713399420291,1277.5,1009.7,1985.3,646,621,54.49789049919486,36.40600731678771,36.53,6.175,82.586,283
CA,2021-01-22,6077,1203.0093796281055,408.61617955058256,1415.0,1174.4,1987.4,623,722,56.586855955678686,24.673575890458647,57.775,33.41,93.07,314
CA,2021-01-23,6010,1209.8462562395998,406.682432754491,1928.5,1023.7,1951.0,619,644,56.937608695652195,31.023281053862416,65.39,21.830000000000002,94.95,285
CA,2021-01-24,6188,1214.2840982546861,435.8762724328168,1006.0,809.0,1943.0,644,669,57.09917787742904,23.588902136386086,29.74,20.264000000000003,68.492,289
CA,2021-01-25,6224,1179.2524100257067,462.8436993197596,1914.5,840.3,1960.0,617,698,56.893137535816635,28.935062964334467,65.6,28.852,85.051,304
CA,2021-01-26,6849,1218.2885092714268,217.39126313081198,1000.0,827.2,1348.9999999999998,665,939,55.3492225772098,10.363057249458558,83.41,68.098,87.306,344
CA,2021-01-27,6255,1223.8551558753,331.2792234658233,1271.0,983.6,1940.0,638,874,55.85832951945083,25.972626936834864,75.82499999999999,36.624,84.352,360
CA,2021-01-28,6956,1195.551897642323,242.30021781986815,1111.5,856.6,1321.6000000000001,659,975,55.94883076923078,16.87625005740315,53.7,43.426,80.738,376
CA,2021-01-29,6785,1219.466912306559,364.9959491171112,1931.0,1085.8999999999999,1999.6,644,869,56.06401611047185,26.3638031920662,59.959999999999994,19.223000000000003,69.834,356
CA,2021-01-30,6051,1195.0874235663534,492.6581991578987,1288.0,840.0,2066.6,638,890,56.18665168539326,35.43527701518442,46.82,9.422,95.22,357
CA,2021-01-31,6323,1214.7455321840894,456.77834157645145,1292.0,881.4,2087.6,631,908,56.512566079295134,25.949359818693022,52.53,26.122,79.456,339
CA,2021-02-01,6611,1200.9163515353202,485.115796827274,1307.0,871.4,2039.2,654,881,54.33362088535757,17.937116468993064,55.61,30.715000000000003,72.46000000000001,367
CA,2021-02-02,6520,1167.4203987730066,241.14861891707653,1299.0,869.2,1316.6,659,814,55.205000000000005,0.0,64.51,64.51,64.51,339
CA,2021-02-03,6055,1169.3354252683735,389.2004748676294,1909.0,1158.4,2036.6,650,888,54.852759009009,8.97482528458849,83.59,77.48599999999999,94.822,350
CA,2021-02-04,6702,1165.8858549686654,188.2118112692433,878.0,724.0,1157.0,667,923,56.60033586132179,26.061714755556665,68.7,18.358,73.648,352
CA,2021-02-05,6834,1201.8835235586773,522.6304834414294,1152.0,712.5,2040.3,668,874,54.94775743707097,37.915,58.495,28.162999999999997,88.827,357
CA,2021-02-06,6661,1179.1318120402339,498.7214546569858,1888.0,674.0,1908.0,650,950,57.20902105263159,29.6562306438293,68.33,36.114000000000004,96.502,352
CA,2021-02-07,6397,1183.8174144130062,541.6931812972987,1879.0,615.6,2052.4,644,889,57.670258717660296,30.084263769130406,94.91,44.89600000000001,97.51400000000001,355
CA,2021-02-08,6501,1193.55406860483,517.9479180518482,1147.0,840.2,2031.0,636,950,54.9248105263158,26.94657573793004,78.04,30.032,85.32600000000001,338
CA,2021-02-09,6709,1210.6334774183936,541.0107438859233,1927.0,906.8,2053.9,672,955,56.639999999999986,28.176698152019164,93.09,48.17,95.247,368
CA,2021-02-10,7005,1203.634975017845,522.5330171359898,1893.0,824.0,2054.0,683,921,56.14773072747017,28.115868690513942,49.1,20.877,90.729,383
CA,2021-02-11,7164,1195.0774706867671,525.6388826082505,1579.5,746.0,2033.5,694,901,54.183951165371816,29.049119165743313,49.334999999999994,14.779,85.06200000000001,363
CA,2021-02-12,7211,1167.2156427679938,526.0392973306303,945.5,792.0,2020.0,656,993,56.934219536757304,27.061251340947464,47.23,10.492,83.28799999999998,372
CA,2021-02-13,6543,1182.1679657649393,548.754050086031,1244.0,904.8,2050.0,671,910,56.24178021978024,29.88314052443795,44.6,20.92,95.73,381
CA,2021-02-14,6637,1208.2779870423392,520.5191228502252,2028.0,891.0,2051.4,630,990,55.19389898989899,31.13024298927698,57.99,13.508000000000001,88.38,368
CA,2021-02-15,7045,1233.6800567778569,506.7295875040957,1950.5,867.0,2027.1,671,913,56.72372398685652,3.055310131557845,76.55,73.99,80.56,375
CA,2021-02-16,7368,1196.8467698154184,580.7723364748053,1957.0,745.8,2023.6,680,1004,55.14410358565739,24.944312904154884,53.38,13.228,86.488,376
CA,2021-02-17,6735,1201.073496659243,499.97864438691687,2022.0,874.8,2085.6,658,947,57.84201689545937,24.539958963647432,70.85499999999999,29.28,90.648,366
CA,2021-02-18,7085,1195.732533521524,522.5679317634742,1989.0,870.1,2030.6,692,960,55.25139583333336,10.025597239067608,68.01,52.338,70.43400000000001,379
CA,2021-02-19,6305,1187.7712926249,549.2083683394158,1201.0,898.8,2142.9,669,912,56.24078947368422,27.093144684382594,49.75,32.54,94.97,362
CA,2021-02-20,6933,1186.829511034183,566.2446700349375,964.0,873.2,2150.4,687,1017,57.161533923303864,14.445,74.225,62.669000000000004,85.781,402
CA,2021-02-21,7019,1192.7273115828464,309.267431493886,880.0,851.0,1309.3,660,910,55.64594505494509,24.49689821635021,63.43,28.077999999999996,73.878,379
CA,2021-02-22,6486,1204.8109774899785,468.44516277085836,843.0,762.2,2051.6,685,1008,57.508601190476206,29.996454960612954,40.54,9.298,73.84,380
CA,2021-02-23,6592,1212.445388349515,576.586714556548,1089.0,768.8,2044.3,690,913,55.08709748083241,27.701966636965604,57.455,22.93,86.60499999999999,383
CA,2021-02-24,7013,1170.0804220732928,550.87903574028,939.0,824.7,2164.9,708,554,57.285054151624564,25.59031631084088,64.43,39.798,89.942,233
CA,2021-02-25,7213,1145.3685013170673,605.569855361231,1158.0,597.1,2175.0,723,205,59.496634146341464,0.0,98.58,98.58,98.58,146
CA,2021-02-26,6938,1148.1510521764196,170.8452190987178,848.0,709.4,1199.0,707,268,56.333097014925386,25.0176595405903,12.16,7.696,52.208,175
CA,2021-02-27,7096,1191.6040022547904,536.3936104054519,2020.0,861.0,2060.0,670,189,57.88375661375661,0.0,0.0,0.0,0.0,131
CA,2021-02-28,7100,1221.5623943661967,609.8563495268908,1181.0,685.8,2151.2000000000003,677,657,55.93800608828007,27.29901236308742,46.935,22.235,90.83,300
CA,2021-03-01,6681,1157.673252507109,605.5252689346328,848.0,602.0,2165.5,679,933,57.82233654876741,33.276218104797074,31.88,9.988000000000001,93.258,349
CA,2021-03-02,6942,1190.4554883318922,646.8773912999279,1572.5,593.0,2183.0,704,963,59.34959501557633,25.133956673417426,55.16,24.415,83.522,377
CA,2021-03-03,6644,1189.05313064419,589.8538702829309,997.5,655.5,1998.0,654,870,58.207689655172395,31.545248838859322,35.54,6.6049999999999995,85.58500000000001,342
CA,2021-03-04,7403,1190.288126435229,497.47530737065597,792.5,601.6,2001.0,707,1025,55.93445853658541,30.652115356095777,41.77,12.716,92.18,390
CA,2021-03-05,7361,1180.6605080831405,421.629685204631,798.0,604.0,1189.4,705,919,55.00722524483135,24.093771287949778,48.53,30.63,87.78,395
CA,2021-03-06,6464,1172.3601485148517,383.81089152539005,951.0,628.2,1220.7,681,864,59.57716435185188,29.83835199872808,36.45,5.2170000000000005,71.529,341
CA,2021-03-07,6843,1222.0689755954988,565.3328320527611,971.0,614.1,1982.1000000000001,668,890,57.92493258426968,27.145009422646282,65.14999999999999,17.027,88.742,370
CA,2021-03-08,6408,1202.7517166042444,531.8226255999268,1217.0,668.5,1972.1,692,862,59.39515081206497,32.40012915783584,60.705,7.893999999999999,94.517,370
CA,2021-03-09,6689,1205.9880400657803,547.1211339909249,1001.0,655.8,1955.0,671,910,55.982076923076924,23.438702683192055,39.76,24.06,84.56,379
CA,2021-03-10,7247,1197.053815371878,503.2142033635336,1189.0,667.8,1974.2,698,938,58.26296375266527,25.654970606818765,55.39,22.591,91.537,380
CA,2021-03-11,6960,1206.702442528736,469.1720647095849,1104.0,721.6,1998.6,703,918,57.588997821350794,25.50221907555846,50.29,16.758,80.82600000000001,377
CA,2021-03-12,6563,1177.2782264208438,474.28501468239426,1222.0,682.0,1997.0,672,804,57.38192786069655,21.195517345786953,53.769999999999996,30.520000000000003,74.99000000000001,341
CA,2021-03-13,7046,1179.1173715583313,601.1647731233463,1186.0,382.6,2142.6,658,938,57.298699360341146,23.941071763859455,24.43,8.838000000000001,65.316,361
CA,2021-03-14,6894,1160.7136640557007,544.5672487266748,1050.0,671.2,2005.6,665,931,59.27331901181532,29.206770465034815,34.51,10.43,84.764,373
CA,2021-03-15,6739,1160.6014245437002,555.4396523086651,1017.5,665.0,1908.9,663,889,55.70629921259842,29.862117355291076,49.545,9.93,84.52099999999999,336
CA,2021-03-16,7193,1179.6967885444185,472.10240151347773,744.5,100.0,1224.5,690,938,56.76243070362474,27.817378025940823,24.884999999999998,6.7219999999999995,73.693,380
CA,2021-03-17,6641,1189.3091401897302,521.8302334838565,976.0,699.0,1923.8,657,897,57.666633221850624,20.170064352896844,26.75,3.221,51.071999999999996,367
CA,2021-03-18,7021,1202.4455205811146,359.0818500222029,701.0,622.0,1222.0,665,946,58.21342494714585,22.256942701941345,30.384999999999998,14.905000000000001,68.801,352
CA,2021-03-19,6788,1169.501620506777,317.58689969607616,744.0,698.8,1224.8,673,827,58.250012091898434,23.42562201658486,29.5,10.39,71.316,349
CA,2021-03-20,6072,1222.3722002635045,615.8256323363906,776.0,707.6,2088.000000000002,623,812,56.52651477832515,26.646219683803178,61.06,16.209000000000003,81.007,315
CA,2021-03-21,6215,1170.608205953339,510.97917797589287,957.0,686.6,2157.0,622,800,57.30621250000001,29.802990202327017,46.125,12.056000000000003,75.462,339
CA,2021-03-22,7137,1191.704777917893,564.0745322455926,1234.0,755.0,2043.8,668,910,56.07049450549452,23.50977847514981,53.53,12.736,64.298,364
CA,2021-03-23,7803,1184.9196462898879,606.0940927557011,2005.0,673.0,2026.6,695,985,57.20749238578682,23.18683459994986,47.14,28.838000000000005,76.552,379
CA,2021-03-24,7335,1156.5454669393325,571.4161211661423,695.0,643.0,2198.0,712,970,56.87219587628866,26.300435615788704,44.86,13.476,78.826,375
CA,2021-03-25,7012,1167.3618083285796,560.5916419311518,980.0,670.8,2036.0,699,933,57.05387995712757,32.27196365612452,46.69,6.9479999999999995,87.488,370
CA,2021-03-26,7248,1168.0023454746138,532.4753891864469,783.5,603.3,2024.7,678,907,58.65110253583247,25.898082507443032,38.44,6.308,74.85799999999999,369
CA,2021-03-27,7054,1182.8373972214347,289.5355270055505,825.0,670.0,1280.0,660,919,56.08260065288358,16.873766621593415,26.525,14.305000000000001,49.983,362
CA,2021-03-28,6408,1187.734706616729,596.3377714683581,1230.0,660.4,1976.0,674,885,59.437581920903966,24.860873145974722,45.675,15.589,76.622,353
CA,2021-03-29,6762,1163.730405205561,629.925392352583,925.0,117.10000000000001,2170.1,685,800,55.7277375,29.390612462913726,49.05,7.604,85.846,349
CA,2021-03-30,7280,1205.3101648351653,685.0367635884202,746.0,100.0,1999.0,699,916,55.83649563318779,26.247192044864537,17.44,5.548000000000001,74.36700000000002,369
CA,2021-03-31,6836,1192.7940315974258,549.0069443017029,1051.5,667.5,1980.0,716,917,57.47727371864773,32.63586548532659,30.6,13.370000000000001,91.912,388
CA,2021-04-01,7003,1173.6655718977577,284.3054026631767,923.0,680.0,1201.0,705,862,58.981287703016264,24.476694287940642,53.57,27.002000000000002,78.766,341
CA,2021-04-02,6873,1204.7264658809836,291.9623623475702,814.0,634.0,1216.0,670,939,58.022151224707166,22.198569883866146,23.1,8.106,53.621999999999986,340
CA,2021-04-03,6047,1187.843558789483,311.04935585072013,994.0,620.6,1237.0,614,812,56.69613300492612,24.568818288610572,31.49,16.858,71.834,311
CA,2021-04-04,6372,1211.319679849341,280.69664701493923,975.0,616.8,1221.8000000000002,627,844,56.613246445497644,22.108218906322517,42.49,18.036,68.234,331
CA,2021-04-05,6910,1231.341534008683,254.26910715456077,860.0,594.0,1195.0,656,809,57.66761433868973,22.63068571514129,42.875,17.145,75.33500000000001,334
CA,2021-04-06,7701,1228.1349175431758,213.83377409567458,709.0,581.8,1148.8000000000006,668,891,56.392783389450074,31.363130682733544,46.94,6.464,92.64399999999999,350
CA,2021-04-07,6854,1202.1501313101837,186.88927215948846,712.0,609.0,1079.0,655,872,58.31278669724774,21.485685336525,57.03,34.39,80.73,348
CA,2021-04-08,6882,1198.0469340308057,190.49182044515638,961.5,714.0,1185.0,670,852,57.954143192488274,31.534005982959624,47.53,24.508000000000003,93.702,354
CA,2021-04-09,6382,1184.223910999687,226.01523094416447,900.0,523.0,1169.8,686,916,57.28893013100437,28.961053653716736,24.86,10.616,83.302,345
CA,2021-04-10,5692,1203.8490864371036,223.87806447953324,899.0,600.6,1194.2,651,796,56.42943467336686,17.363361682739313,27.88,13.83,57.66,326
CA,2021-04-11,6550,1200.465801526717,208.45725777596692,928.0,713.0,1230.0,652,852,57.01962441314554,27.02751294514536,44.96,23.134,87.632,354
CA,2021-04-12,6457,1225.3026173145427,288.2490765838344,884.0,499.5,1244.0,661,871,57.01376578645237,23.942790767949035,50.77,19.908,81.15,340
CA,2021-04-13,6935,1242.318673395818,224.26618423190894,916.0,673.5,1222.0,699,905,56.667889502762456,33.00241970102267,54.51,13.114,93.08,360
CA,2021-04-14,6648,1218.1893802647412,199.97358363666183,1124.0,680.8,1212.6,674,891,59.383187429854146,25.491877505393752,55.32,20.722,86.014,351
CA,2021-04-15,6839,1190.7524491884774,285.32669265258454,927.0,472.6,1190.4,699,935,57.83961497326207,19.381199589309766,33.27,10.86,61.78,353
CA,2021-04-16,6614,1253.1159661324461,209.5692023595303,1149.0,681.2,1201.2,660,737,59.69875169606515,22.663261325080484,54.205,12.004000000000003,76.813,307
CA,2021-04-17,6585,1262.0757782839785,296.65440861674136,1162.0,520.6,1214.4,637,798,57.65328320802008,22.492808789082392,44.894999999999996,12.065,64.095,318
CA,2021-04-18,6310,1255.8101426307444,147.81057343720278,1158.0,906.0,1179.6,648,719,58.21547983310157,27.15985763340203,55.875,9.594999999999999,72.05,324
CA,2021-04-19,6621,1265.0067965564112,240.74943677240114,1113.5,620.7,1150.9,669,764,57.81158376963355,31.382644177244774,39.08,20.295,93.455,319
CA,2021-04-20,6724,1243.1997323022013,204.44380134095985,830.0,558.8,1131.0,662,804,59.302524875621906,34.69231687276017,42.41,7.865,79.475,334
CA,2021-04-21,7129,1245.5810071538785,247.44062536897692,861.0,566.7,1163.2,699,166,54.933433734939754,0.0,74.84,74.84,74.84,114
CA,2021-04-22,7143,1235.6304073918523,181.924269709396,1136.5,751.2,1258.8000000000002,685,11,54.71636363636364,0.0,0.0,0.0,0.0,6
CA,2021-04-23,6786,1227.29973474801,216.55460288399723,929.5,710.5,1186.9,672,16,53.929375,0.0,0.0,0.0,0.0,8
CA,2021-04-24,6261,1209.1812809455369,265.2153411287433,898.0,528.6,1203.8,649,6,70.24666666666667,0.0,0.0,0.0,0.0,5
CA,2021-04-25,6775,1193.0830996309974,335.79427144000107,903.0,455.80000000000007,1220.4,654,9,52.9888888888889,0.0,0.0,0.0,0.0,8
CA,2021-04-26,6711,1199.207718670839,235.2680906923624,879.0,655.0,1213.8,639,6,71.16166666666668,0.0,0.0,0.0,0.0,5
CA,2021-04-27,6889,1209.1206270866603,279.8056227239483,1139.0,470.0,1208.7,687,10,65.243,0.0,0.0,0.0,0.0,8
CA,2021-04-28,7038,1200.7019039499842,281.2816925958196,743.0,516.3,1218.7,682,20,54.144499999999994,0.0,8.5,8.5,8.5,14
CA,2021-04-29,6314,1211.9406081723162,224.0624051817179,907.5,611.5,1206.5,682,28,66.46892857142858,0.0,0.0,0.0,0.0,23
CA,2021-04-30,6675,1203.894232209738,367.46815034483893,935.0,428.5,1229.0,677,558,59.91618279569893,24.99901840072926,62.29,28.866,85.538,273
CA,2021-05-01,6306,1238.4968284173801,712.1145237549854,2089.0,550.0,2123.6,625,773,58.41148771021994,28.014004618226224,49.51,14.642000000000001,89.9,320
CA,2021-05-02,6012,1196.8429807052569,543.5752530216856,933.5,670.6,2130.1,649,808,56.87127475247524,26.830453679132958,48.29,25.56,97.09,325
CA,2021-05-03,6737,1236.6200089060412,591.5179421756084,1278.0,674.2,2149.4,653,805,61.29536645962733,22.562906097299514,67.71,30.974000000000004,86.284,348
CA,2021-05-04,6329,1251.887027966503,687.0370451858906,899.5,622.7,2159.0,669,788,57.49508883248734,30.196004056828446,49.980000000000004,13.584,85.92699999999999,344
CA,2021-05-05,6470,1207.5367851622875,410.67876331241365,870.5,627.5,1277.5,682,591,58.91549915397629,30.29740688573859,66.96,29.5,97.944,298
CA,2021-05-06,6437,1220.9934752213762,641.2532205041333,1219.5,626.0,2169.5,644,765,59.32789542483662,24.77422307410708,58.7,23.06,85.22,351
CA,2021-05-07,7144,1220.6787513997756,615.7267214305688,847.0,116.0,2130.0,667,770,58.79624675324676,31.267244697981628,41.61,7.568,93.044,347
CA,2021-05-08,5778,1241.115957078574,635.0420193127147,680.0,100.4,2124.8,630,769,58.29426527958384,26.931640336641628,30.865000000000002,7.1129999999999995,73.4,318
CA,2021-05-09,6030,1182.675953565506,465.27767681590944,860.0,631.0,1811.4000000000012,611,739,60.04583220568334,29.22,63.0,39.624,86.376,308
CA,2021-05-10,6371,1249.1765813843986,396.14176072209005,828.0,623.0,1295.2,648,759,59.70281949934126,31.37795150764827,21.89,11.494000000000002,83.71000000000001,309
CA,2021-05-11,6888,1225.4380081300822,414.9960668323875,1110.5,627.3,1297.0,671,857,58.71049008168029,27.610901237532257,71.815,14.58,83.65299999999999,329
CA,2021-05-12,6527,1203.1741994790864,343.7612195138752,1125.5,637.2,1272.8,640,787,58.699288437102894,34.979352034450265,44.705,10.218,83.959,341
CA,2021-05-13,6041,1211.592782651879,360.0549556898806,966.0,640.0,1250.0,656,845,59.00372781065091,27.607873973296886,36.86,15.136000000000003,85.03,321
CA,2021-05-14,6141,1226.960267057483,285.1843760243579,962.0,656.4,1233.5,647,808,59.914938118811925,15.35710467503559,57.91,36.838,64.782,315
CA,2021-05-15,5193,1238.0960908915854,571.3491899131427,1254.0,690.0,2184.5,609,748,59.542901069518734,6.332862228092443,79.19,69.752,83.932,305
CA,2021-05-16,5717,1212.796396711561,250.84155961931418,889.0,692.0,1226.0,622,753,58.51007968127492,19.23746079811948,57.39,34.686,74.48600000000002,302
CA,2021-05-17,6635,1216.37724189902,433.1671999693094,741.0,584.2,1263.8,653,784,59.08538265306125,23.972696737932694,28.605,7.46,60.615,314
CA,2021-05-18,6617,1226.16351821067,572.3094171952937,1218.5,555.0,2186.0,642,828,60.47387681159424,27.036404473670405,51.11,11.774000000000001,80.37200000000001,327
CA,2021-05-19,6417,1212.3525011687698,749.8824290629572,832.0,109.60000000000001,2166.7,633,709,56.882665726375215,27.646302191657547,44.875,10.370000000000001,81.77600000000001,306
CA,2021-05-20,6607,1206.2456485545638,867.4080830975329,1222.0,100.0,2160.0,649,904,59.12722345132743,28.78945372073707,58.37,15.841999999999999,94.408,339
CA,2021-05-21,6614,1217.8967342001806,858.7223754223421,1215.0,100.0,2191.8,656,774,59.44741602067186,29.00013587890405,57.72,10.187,91.31200000000001,308
CA,2021-05-22,5663,1236.7769733356874,575.2808361383699,822.0,100.0,1580.3000000000038,608,672,58.73556547619048,30.719813844922086,26.94,6.884,82.108,278
CA,2021-05-23,5448,1212.0154185022025,646.3632704917788,1210.0,412.6,2196.9,603,719,60.0146453407511,34.48206582813028,47.879999999999995,4.995,89.796,293
CA,2021-05-24,5778,1195.8359293873318,394.626826823747,832.0,107.2,1322.3,617,730,59.23430136986305,25.2745471439813,32.84,11.406000000000002,76.309,292
CA,2021-05-25,6248,1216.0158450704228,764.1902396356159,817.0,108.0,2217.0,645,818,58.12966992665042,27.846160678907882,45.864999999999995,14.211,87.07700000000001,328
CA,2021-05-26,6230,1210.846548956661,624.6731726926731,2111.0,630.8,2189.0,640,788,57.590139593908646,28.985913868087135,51.83,17.582,92.724,309
CA,2021-05-27,6003,1227.2735299017163,612.0901799571693,1212.5,596.0,2120.0,637,735,58.22619047619047,26.818672814954052,45.34,7.568,82.52199999999999,309
CA,2021-05-28,6720,1203.435267857142,689.429683788629,1287.0,116.0,2143.1,655,797,58.93159347553328,26.268392308383095,64.19,26.16,88.19,318
CA,2021-05-29,5715,1242.7898512685915,593.4474937846317,2090.0,668.5,2132.7,611,702,59.77639601139604,25.31912180327132,72.99,22.482,89.568,293
CA,2021-05-30,5571,1211.8237300305152,743.0639200842862,1207.0,151.8000000000005,2157.9,588,635,61.17171653543309,26.999099391927995,49.03,16.088,90.14200000000002,291
CA,2021-05-31,6451,1192.1139358239025,764.2551002576928,808.0,108.0,2150.0,640,799,57.9977096370463,26.829018286590777,41.355000000000004,12.547,82.50099999999999,341
CA,2021-06-01,6188,1220.3280542986429,698.4541673845894,1199.0,555.9,2194.0,635,690,57.12694202898553,28.904323482828655,44.345,26.644000000000002,95.54299999999999,322
CA,2021-06-02,5549,1230.8540277527486,673.719807158963,1205.0,638.5,2273.5,636,635,59.25774803149609,24.379787891589398,72.42,28.663,91.277,305
CA,2021-06-03,5866,1203.0535288100918,750.8508305397432,1347.5,116.2,2277.0,642,682,59.35070381231672,27.331446010044914,74.325,34.174,89.586,304
CA,2021-06-04,6320,1218.0254746835446,592.8911050770135,2148.0,908.2,2186.0,630,692,59.97135838150288,25.491483806688592,77.8,36.958000000000006,94.404,299
CA,2021-06-05,4982,1227.296065837012,467.0848537184223,1931.0,934.1,1997.3,610,592,61.67515202702702,19.225159441615965,31.17,25.634,60.674,282
CA,2021-06-06,5327,1255.2040548150915,495.4222062006246,1892.0,929.8,2210.0,568,622,60.46268488745981,22.51462934835654,37.49,24.5,77.11200000000001,294
CA,2021-06-07,5440,1239.8483455882358,624.2906573303272,2057.5,804.4,2177.1,621,605,60.00743801652895,25.95555806350068,57.995000000000005,22.04,93.375,303
CA,2021-06-08,6190,1210.918255250404,622.0338645241445,1166.0,596.0,2097.0,659,736,57.084266304347864,36.2185208974635,69.71,11.72,91.864,333
CA,2021-06-09,6092,1211.7449113591597,529.5314253745385,1876.0,630.0,1953.0,635,697,61.34664275466286,36.18571319604151,42.84,5.882,94.776,306
CA,2021-06-10,5745,1201.1590948651003,503.89131264970183,1879.0,737.5,1956.5,643,634,59.43246056782337,9.818857812902678,48.91,39.374,59.783,301
CA,2021-06-11,6171,1278.5214713984772,426.3114903578526,1882.0,896.4,1960.6000000000001,628,721,60.11447988904299,23.291306490291422,68.94,34.87,88.90599999999999,324
CA,2021-06-12,5135,1274.0288218111002,425.4871461163308,1887.0,859.4,1939.4,550,559,57.42227191413239,26.512089964499488,68.58500000000001,22.312,89.916,262
CA,2021-06-13,5056,1210.06289556962,501.59766897750694,1862.5,748.6000000000001,1918.0,574,655,61.39276335877864,23.5517450733486,34.73,20.7,70.046,278
CA,2021-06-14,5836,1250.0246744345443,472.2768211201091,1893.5,847.3,1938.3,625,698,59.24590257879659,29.565691159687102,46.445,17.477,92.373,311
CA,2021-06-15,6685,1244.9667913238588,538.0949686406271,1883.0,875.0,2170.0,671,756,60.42185185185187,19.302418170328355,59.87,47.74,91.285,348
CA,2021-06-16,5848,1224.4936730506167,621.7109312167994,1698.5,860.0,2172.0,620,760,58.28019736842106,24.61844646140043,87.8,36.262,92.128,314
CA,2021-06-17,5845,1223.609580838323,569.0063738732413,1270.5,834.6,2149.0,624,745,58.719530201342295,31.801214005834716,64.98,15.566000000000003,90.494,332
CA,2021-06-18,5840,1226.3852739726026,631.2648811624451,2129.5,652.4,2161.9,649,758,59.889485488126695,28.08973506461035,47.45,24.384000000000004,85.328,332
CA,2021-06-19,5071,1240.2417669098797,555.7079260459112,1264.0,708.6,2170.0,581,664,55.72397590361445,17.97408103044183,36.644999999999996,12.719999999999999,52.615,277
CA,2021-06-20,4813,1235.6093912320796,541.9401209042882,2181.0,1173.4,2210.8,586,636,59.1163522012579,22.307559531353895,76.48,51.69800000000001,93.12400000000001,283
CA,2021-06-21,5691,1249.8768230539445,211.97343911181153,1140.0,667.3,1201.8,616,680,59.61116176470592,15.048053653213762,60.545,43.084,75.185,288
CA,2021-06-22,6347,1243.4242949424925,595.1416699222823,1151.5,674.5,2214.0,642,816,59.9000857843137,27.9273900371251,48.72,12.422,79.1,315
CA,2021-06-23,5538,1200.6843625857707,501.575186698385,1137.0,722.8,2182.0,637,700,60.14408571428572,32.567789642869876,56.275000000000006,11.739999999999998,89.325,308
CA,2021-06-24,5408,1207.5033284023664,537.9780513987984,1136.5,678.7,2214.8,617,684,58.32171052631579,20.317978969074534,54.18,30.778,78.83800000000001,271
CA,2021-06-25,5293,1234.7218968448892,447.3830685218205,1116.0,836.4,2225.4,585,643,62.34934681181959,29.91138940270077,66.59,20.991999999999997,86.532,274
CA,2021-06-26,4879,1225.487599918016,634.6402028980696,1138.0,654.6,2213.8,573,639,60.15384976525822,24.481134094044993,38.32,24.476000000000003,80.49000000000001,295
CA,2021-06-27,4799,1238.6032506772244,619.4809157986086,1198.0,673.0,2201.0,579,661,60.66319213313163,23.144314636644573,56.040000000000006,25.038000000000004,70.298,291
CA,2021-06-28,5280,1182.3079545454545,619.7648557226272,2149.5,651.0,2175.4,586,719,59.39205841446454,28.33659628270285,62.63,32.884,96.074,273
CA,2021-06-29,6021,1193.528483640591,334.73353323180356,1131.0,651.2,1162.8,638,753,59.86083665338647,12.809898082689374,32.46,26.884,50.868,315
CA,2021-06-30,5796,1188.7303312629401,623.2211782754496,1118.5,658.0,2234.0,626,762,59.122217847768994,0.0,92.46,92.46,92.46,300
CA,2021-07-01,5106,1214.928711320015,570.8038350168761,1142.0,808.0,2241.0,564,642,59.36638629283492,13.51450372516505,53.55,29.439999999999998,59.785,263
CA,2021-07-02,5316,1201.029909706546,629.6985591076051,1144.0,109.0,2203.0,577,725,60.21740689655173,25.512134711975467,44.53,17.268,78.56900000000002,272
CA,2021-07-03,5245,1229.8714966634893,749.8916607215286,1131.0,100.0,2216.0,534,584,58.62301369863018,28.082181386400258,30.32,6.646,72.45400000000001,239
CA,2021-07-04,4675,1236.7341176470582,856.6473056867759,849.0,174.5,2256.0,544,603,59.50114427860698,24.67307695709257,53.695,18.93,81.101,269
CA,2021-07-05,5732,1201.5519888346123,843.7678723750116,1171.0,107.2,2229.0,620,717,57.52125523012553,32.12874421755425,33.45,9.96,90.27,309
CA,2021-07-06,5714,1223.5568778438924,625.1276422198081,863.0,254.2,2236.0,635,688,59.37770348837211,30.69412494554682,49.04,8.502,80.572,326
CA,2021-07-07,5404,1211.1239822353812,604.6544794930456,866.5,500.7,2258.7,638,706,57.5938385269122,41.64,46.86,13.548000000000002,80.172,287
CA,2021-07-08,5633,1229.2488904668908,403.3765228006238,1013.5,243.2,1237.9,615,726,59.93201101928373,28.261655807825555,57.97,18.706,91.779,308
CA,2021-07-09,6199,1283.044523310211,545.4628740117954,1197.0,268.0,2229.4,618,751,60.16059920106527,26.964929834364902,40.635,17.969,85.884,313
CA,2021-07-10,4860,1191.0028806584367,609.4708566500359,857.0,227.0,2195.0,565,507,59.23723865877718,26.637096730353743,38.230000000000004,18.994999999999997,72.865,250
CA,2021-07-11,4618,1227.6656561281939,657.7108943134627,829.5,260.8,2204.3,534,530,58.70800000000003,26.16899437629705,86.54,45.804,93.148,234
CA,2021-07-12,5160,1211.4189922480616,594.833329777475,1044.5,703.5,2222.9,603,601,61.85435940099836,19.9,62.589999999999996,46.669999999999995,78.50999999999999,285
CA,2021-07-13,5643,1208.7885876306932,649.826483554648,1009.0,693.0,2172.0,614,709,59.94180535966148,29.350627848515284,42.07,15.46,90.00800000000001,302
CA,2021-07-14,5512,1224.7006531204647,522.4800296876336,1128.0,837.0,2142.0,611,780,62.35610256410256,28.31338151545142,36.4,10.696000000000002,73.614,305
CA,2021-07-15,5639,1202.1431104805813,263.22949916521367,1152.0,820.2,1255.6,612,794,61.08088161209072,21.894511235061227,43.93,22.618,65.522,299
CA,2021-07-16,5634,1198.773162939296,635.7480228784086,885.0,100.0,2115.0,603,798,60.06468671679201,28.764918230521033,33.24,7.4959999999999996,87.58,302
CA,2021-07-17,4984,1199.228330658106,656.7629903218798,1138.0,254.5,2159.7,548,616,61.914788961038965,23.41150787540179,51.47,23.653,73.85999999999999,256
CA,2021-07-18,5331,1196.0814106171454,560.1766429186293,1099.0,889.0,2160.0,589,661,61.18240544629351,25.125696059395764,55.3,13.192,76.996,280
CA,2021-07-19,5616,1198.6508190883192,562.2817005236803,1100.0,882.0,2176.0,596,748,62.27167112299468,26.632029432921108,63.2,30.498000000000005,96.708,292
CA,2021-07-20,6056,1176.1347424042272,626.0080813116994,1079.5,869.7,2171.8,622,805,60.98017391304347,23.490055958333087,40.69,10.7,75.39,329
CA,2021-07-21,5513,1170.260656629784,424.00465872120316,1072.0,889.9,1882.700000000003,613,727,62.52030261348008,25.331793264591433,42.435,26.474,78.738,302
CA,2021-07-22,5757,1179.8886572867814,649.6152537891606,1083.0,715.0,2194.0,627,803,63.218704856787014,33.92,47.120000000000005,19.984,74.256,321
CA,2021-07-23,5334,1224.3391451068605,392.1825472914367,1090.5,894.6,1250.9000000000015,587,632,62.897531645569615,30.626953749924265,55.17,28.056000000000004,96.254,284
CA,2021-07-24,4611,1209.6571242680548,617.752814637615,2161.0,911.8000000000001,2197.0,536,577,61.32670710571925,32.47248633458793,45.68000000000001,12.936,81.357,254
CA,2021-07-25,4950,1215.5440404040407,631.2181438269752,1169.5,714.2,2177.4,539,634,61.48088328075715,30.624304940050877,81.65,31.218000000000004,93.17,255
CA,2021-07-26,5611,1210.869541971129,584.1581808439505,1181.0,784.6,2170.6,606,791,62.504766118836905,11.995394486588964,72.17,64.114,87.266,301
CA,2021-07-27,5616,1197.4476495726487,699.250929123858,867.5,233.8,2197.4,621,686,60.4515597667638,28.904548623399208,57.775,12.427,90.35000000000001,301
CA,2021-07-28,5505,1168.624704813806,431.2516997208367,869.0,113.0,1173.6000000000001,620,696,62.61570402298848,31.55069162202716,36.4,8.171999999999999,86.628,302
CA,2021-07-29,5576,1210.591822094691,702.9372948233112,1087.0,115.6,2198.2,632,667,59.37881559220389,32.47742889779968,54.54,6.922000000000001,87.494,313
CA,2021-07-30,5378,1209.4750836742282,389.5041145981501,946.0,779.4,1144.0,610,714,61.65599439775909,32.676210213072274,79.05000000000001,19.295,91.19999999999999,289
CA,2021-07-31,4383,1189.3839835728957,592.6715045684382,1154.0,787.4,2218.3,550,553,59.84370705244125,23.827443605011428,73.61,35.457,78.646,252
CA,2021-08-01,5112,1196.953442879499,505.3267925102769,1121.0,175.0,1162.0,550,617,64.22914100486221,10.313755378134584,77.045,73.913,93.183,266
CA,2021-08-02,4994,1181.5744893872647,513.8160968721774,940.0,795.2,2221.3,558,637,63.4252119309262,22.738333360209143,78.67500000000001,46.333,95.38799999999999,277
CA,2021-08-03,5369,1178.4017507915808,586.789980967313,1173.5,773.7,2194.0,611,741,62.00279352226722,16.699949896050953,63.57,34.116,73.05,309
CA,2021-08-04,5558,1154.297409139978,636.7786446391171,1153.0,746.4,2170.8,603,726,62.42520661157027,25.643294381042438,29.24,10.864,73.232,296
CA,2021-08-05,5295,1194.7016052880072,772.4471579990401,923.0,101.0,2196.0,596,684,63.1676754385965,28.14841925533998,39.87,15.804,90.114,281
CA,2021-08-06,4894,1230.009399264406,514.6828652393585,1947.0,841.8,2011.4,586,571,63.220945709281956,19.888024034579203,50.03,25.967000000000002,72.649,259
CA,2021-08-07,4705,1219.7273113708811,562.7162524067322,1952.0,864.5,2218.5,559,534,63.27602996254684,24.136588926358257,71.96000000000001,43.665,92.71000000000001,258
CA,2021-08-08,4644,1245.2906976744189,669.3316576440475,1162.0,833.0,2207.8,558,559,65.50175313059037,20.65922285297511,72.42,42.604,81.22800000000001,256
CA,2021-08-09,5529,1175.9504431181044,582.1451081800733,1132.5,821.8,2190.7,630,704,64.9067471590909,18.635284403340574,67.97,46.31,93.6,306
CA,2021-08-10,5650,1185.481061946903,494.86445021141395,1121.0,836.4,2182.6,611,765,61.23643137254902,23.573854658021034,50.515,21.926000000000002,73.199,317
CA,2021-08-11,5589,1192.506530685275,599.3866024072436,1175.0,825.0,2189.0,619,696,60.68192528735629,10.68695791082547,85.47,70.694,91.958,301
CA,2021-08-12,5477,1194.8528391455177,660.508381713699,1656.0,814.7,2169.0,625,659,62.39992412746587,33.207089604480544,63.63,6.308,90.408,320
CA,2021-08-13,5106,1193.5726596161376,566.9958978474285,1137.0,964.2,2175.2,617,649,62.930878274268125,7.055875849247917,67.22,57.818,73.404,311
CA,2021-08-14,4585,1245.6512540894216,625.0919147166602,2176.5,827.0,2197.0,573,536,63.948208955223905,22.736421161260676,84.715,47.894999999999996,98.575,274
CA,2021-08-15,4627,1172.581586341042,554.4338425140119,1100.0,775.3000000000001,2169.7,575,520,61.94442307692309,24.944220192013507,70.69,25.794,84.732,267
CA,2021-08-16,5124,1191.4572599531623,680.0356155121965,1106.5,792.4,2205.9,580,643,63.054681181959594,28.365827837186227,62.06,32.55,97.22,278
CA,2021-08-17,5958,1172.9843907351456,658.2604527757081,2160.5,803.0,2215.5,641,827,64.51256348246672,23.752139201904882,67.16499999999999,31.963000000000005,96.94900000000001,323
CA,2021-08-18,5395,1178.1314179796104,636.8246913397752,2174.0,856.3,2195.3,582,692,62.75109826589597,29.42917287318826,94.6,46.934000000000005,96.494,290
CA,2021-08-19,5239,1179.4050391296041,432.6616969923745,1000.0,824.0,1602.1999999999987,606,672,62.96949404761904,29.408204810972087,56.49,18.372,86.70200000000001,309
CA,2021-08-20,5529,1213.7996020980286,600.6149207103676,2107.0,879.4,2171.8,610,715,63.052405594405656,27.92368902920959,85.275,27.274,95.666,303
CA,2021-08-21,4625,1200.6142702702712,548.1102169075168,2115.0,1039.2,2145.8,560,568,62.62920774647888,13.038061236868257,80.47,69.72399999999999,99.596,258
CA,2021-08-22,4773,1224.9252042740416,754.3579041586128,855.0,100.4,2204.8,555,644,64.05223602484473,29.11456781701555,59.45,14.15,85.63,255
CA,2021-08-23,5383,1184.2927735463495,258.16169540919014,1025.0,846.0,1073.0,610,717,62.62087866108785,27.552869105020033,26.92,16.108,78.47800000000001,311
CA,2021-08-24,5630,1178.5589698046176,515.0699228718523,1078.0,861.0,2220.0,628,855,63.14284210526317,17.80984087797433,68.37,44.4,88.462,327
CA,2021-08-25,5298,1206.9237448093625,209.7350842266395,1076.0,781.4,1153.9,605,708,64.31511299435029,28.80432109751745,79.575,33.8,97.25,319
CA,2021-08-26,5421,1200.7935805201987,380.5331661987775,1092.0,814.0,1172.0,625,741,61.8315249662618,19.916352852304563,51.72,39.64,87.05499999999999,318
CA,2021-08-27,4823,1217.3924942981548,515.1377835205923,1124.0,799.4,2201.0,607,694,61.976325648414985,19.253310313416012,75.28,42.332,94.19200000000001,305
CA,2021-08-28,4922,1216.4847622917512,692.446655774833,2144.5,800.0,2179.0,546,685,63.56166423357662,16.503339810138097,82.56,56.098,93.414,285
CA,2021-08-29,5146,1208.075981344733,484.55542166677554,1161.0,802.6,2187.0,531,623,61.03947030497595,12.485747139544877,66.47,55.544,83.02000000000001,268
CA,2021-08-30,5052,1201.360451306413,632.833583599227,1204.0,829.0,2197.0,592,685,61.221416058394155,19.0155047371392,76.23,45.647999999999996,92.312,312
CA,2021-08-31,5067,1184.9374383264262,669.3021914880169,2137.0,620.2,2184.2,587,658,62.980759878419455,29.97236091384861,64.11500000000001,22.93,85.637,290
CA,2021-09-01,5023,1163.2283495918778,643.2476247634247,890.5,612.6,2193.6,616,640,61.284984374999986,31.668924573996343,69.27,16.734,92.22,300
CA,2021-09-02,4992,1202.9328926282046,552.7582413608726,1233.0,831.8,2253.8,594,602,62.3312458471761,29.43782789390398,84.9,31.32,91.752,275
CA,2021-09-03,5120,1216.5919921875002,399.4632220724917,1216.0,780.4,1249.8,601,519,60.496127167630064,27.07686172392079,69.4,35.478,90.72,246
CA,2021-09-04,4552,1261.7981107205621,530.3626929830384,1133.0,826.5,2195.7,527,537,63.51344506517691,26.241907800310557,68.89,30.767,84.599,246
CA,2021-09-05,5077,1225.8445932637385,572.4764966936573,1085.0,888.2,2180.0,572,636,63.67855345911949,12.333770712965277,65.46000000000001,53.364999999999995,83.195,255
CA,2021-09-06,5351,1202.6043730143901,553.4125381352894,1007.0,848.6,2196.4,592,781,62.37492957746482,27.9207031907627,54.76,18.91,82.44999999999999,318
CA,2021-09-07,5228,1177.0068859984704,152.04891749784537,835.0,646.0,1034.0,611,682,62.2500439882698,27.480768730150185,23.175,7.7989999999999995,63.625000000000014,298
CA,2021-09-08,5579,1185.6974368166325,572.160154535916,1043.0,849.1,2171.0,626,673,61.673239227340254,23.14296375911166,72.89,41.458,95.192,312
CA,2021-09-09,5332,1188.4743060765204,501.3272694914312,1044.0,660.0,2144.0,623,725,62.20678620689658,26.25216927544592,72.745,31.77,88.46000000000001,279
CA,2021-09-10,5704,1174.539971949509,493.7487791688566,1081.0,836.0,2155.8,623,685,62.4494306569343,30.49936843608405,75.93,22.682000000000002,88.69200000000001,286
CA,2021-09-11,5054,1219.3288484368811,627.7179496835435,1156.0,847.6,2155.4,572,685,63.29616058394162,24.580402132593356,70.05000000000001,42.218,88.776,284
CA,2021-09-12,5367,1208.1438419973917,344.1995906985263,1063.0,128.0,1096.0,593,683,61.258535871156674,15.643692463382452,66.9,50.370000000000005,85.86500000000001,298
CA,2021-09-13,5769,1176.7018547408568,266.8775187197608,1068.0,719.0,1114.0,620,675,60.52013333333332,21.554541993639198,45.22,20.725,69.41,288
CA,2021-09-14,6120,1180.237745098039,243.7374726125541,906.0,725.2,1143.4,655,708,60.63598870056498,26.491338660022446,84.41,37.222,93.45400000000001,320
CA,2021-09-15,5626,1202.2371134020623,320.8752684765749,870.0,291.0,1154.0,648,706,61.87262039660055,37.210366012383034,73.71,6.696000000000001,94.164,323
CA,2021-09-16,5544,1202.372835497835,418.1501855986918,1155.0,833.2,2149.8,617,718,63.2195264623956,24.484801489903894,56.26,34.048,89.564,328
CA,2021-09-17,5446,1199.2835108336396,490.2327721403663,1131.0,797.7,2176.8,613,613,61.21466557911913,30.505501871702496,27.14,12.212,83.446,287
CA,2021-09-18,4974,1178.9187776437464,475.369013510182,970.0,192.0,1151.0,574,631,62.11267828843106,0.0,22.47,22.47,22.47,268
CA,2021-09-19,5447,1210.884156416376,480.6507431768959,1052.0,783.6,2183.3,576,616,64.33892857142857,20.0109150462355,52.53,27.146,73.274,281
CA,2021-09-20,5665,1198.240247131509,219.46219978520756,1064.0,761.2,1096.8,623,704,62.11132102272729,19.494483674875823,40.835,22.891000000000002,67.173,315
CA,2021-09-21,5504,1206.1170058139535,212.82960080611426,1061.5,725.8,1091.0,633,653,63.385727411944885,24.27647518117534,71.595,20.91,72.43,308
CA,2021-09-22,5578,1180.4295446396557,287.8964657650385,806.0,191.0,1092.3,635,718,60.85218662952651,24.02669232333073,47.54,31.518,84.20400000000001,316
CA,2021-09-23,5972,1176.1379772270602,544.27619238191,1057.0,824.0,2175.1,656,703,63.62732574679944,22.8157779494257,54.965,30.054,88.75999999999999,320
CA,2021-09-24,5829,1214.80013724481,666.2387581785568,1029.0,193.2,2157.3,650,736,63.31032608695652,32.17019527450836,69.02,28.006,91.752,326
CA,2021-09-25,4894,1195.3389865140991,198.4658515082029,1069.0,796.4,1100.8,577,628,61.97917197452229,21.689292289053597,54.36,22.608,62.952,267
CA,2021-09-26,5416,1207.33493353028,141.88320694141203,1032.0,815.8,1149.0,590,716,62.17182960893857,29.334269303249325,33.22,13.23,74.2,285
CA,2021-09-27,5824,1172.2946428571424,214.51167662441134,1092.0,858.8,1212.2,646,668,63.90154191616768,21.938590555356,25.89,20.986,60.426,298
CA,2021-09-28,5734,1175.6717823508895,268.99268715700174,896.5,822.4,1209.3,639,716,63.63709497206703,24.732645309388158,57.02,31.436,82.70400000000001,287
CA,2021-09-29,5410,1183.7029574861365,446.4597057418303,1158.0,805.6,2166.4,643,652,60.2094018404908,35.41510438711144,39.71,11.692,85.291,307
CA,2021-09-30,5452,1184.4957813646363,241.32660079437952,1101.0,693.2,1177.4,642,738,63.081544715447116,19.733532273771974,59.03,33.912,77.83200000000001,319
CA,2021-10-01,5547,1234.0081124932394,545.3015997691037,969.0,237.2,2198.0,623,722,63.39806094182828,23.689629292160735,44.36,18.351,78.79499999999999,293
CA,2021-10-02,5170,1229.240038684719,296.03401351450617,873.0,254.6,1086.2,568,692,63.001690751445075,30.860686965782214,50.97,9.668000000000001,82.964,287
CA,2021-10-03,5104,1209.1753526645766,600.601861306222,957.5,834.4,2189.2,597,703,61.339274537695594,27.389604979581215,80.655,40.736000000000004,96.74300000000001,290
CA,2021-10-04,5818,1183.8814025438294,312.27539181456007,932.5,791.7,1117.0,645,793,63.57829760403531,22.85185563849135,23.9,9.656,60.554,315
CA,2021-10-05,5592,1197.6967095851212,161.42705186152145,1059.5,780.8,1112.6,630,759,61.891963109354435,0.0,79.54,79.54,79.54,292
CA,2021-10-06,5627,1204.2976719388664,179.36392866169797,927.5,803.4,1113.6,630,761,63.07161629434954,34.325,45.325,17.865000000000002,72.78500000000001,304
CA,2021-10-07,5164,1177.0478311386516,199.95818865673982,1057.5,760.5,1158.9,630,716,65.5786312849162,31.092030418670888,65.43,16.9,91.65,306
CA,2021-10-08,4828,1196.3330571665288,465.91116410948433,934.0,671.0,1381.9999999999993,624,659,65.9147951441578,0.0,12.64,12.64,12.64,279
CA,2021-10-09,4610,1194.3859002169202,341.920421841354,948.0,223.6,1178.0,561,653,65.24664624808574,25.332296066483988,24.21,9.396,65.258,248
CA,2021-10-10,4920,1175.8981707317068,131.6906914273624,903.0,887.1,1177.0,561,678,65.5778466076696,0.0,67.13,67.13,67.13,272
CA,2021-10-11,5636,1181.6522356281052,591.5067402490797,910.0,137.0,2197.0,602,736,63.57059782608694,28.577564502400985,46.37,8.886000000000001,83.07600000000001,285
CA,2021-10-12,5278,1195.8976885183788,712.1948077702309,911.0,140.0,2204.7,617,753,64.39075697211157,21.34947896486015,53.75,27.694,76.23400000000001,309
CA,2021-10-13,5872,1211.7132152588551,510.8964363055433,131.5,100.0,1164.0,648,840,64.40847619047618,28.054532833394322,39.665,8.065000000000001,84.44,327
CA,2021-10-14,5108,1186.0800704776816,542.8557168945348,945.0,105.6,1311.7000000000003,633,711,63.82364275668072,30.067773573028134,55.795,16.554,92.368,310
CA,2021-10-15,5561,1203.3698975004497,461.14686630455986,947.0,113.6,1187.4,634,742,64.04456873315364,27.70706138839767,51.87,14.94,86.52,328
CA,2021-10-16,5555,1204.1674167416738,302.01102996781793,886.5,229.2,1171.1,606,635,66.40355905511811,20.548326388184805,60.19,24.88,77.25,284
CA,2021-10-17,5232,1229.462729357798,250.82621093441566,930.0,814.3000000000001,1207.6,587,666,66.07012012012012,11.689226758952971,84.3,69.38000000000001,91.89200000000001,283
CA,2021-10-18,5652,1195.7356687898089,298.18418317111593,1074.0,755.8,1210.3,646,709,66.00739069111424,26.312358009118075,78.49000000000001,32.34,88.264,309
CA,2021-10-19,5557,1209.3662047867551,402.98492233970256,861.5,101.4,1091.8,656,752,65.8830319148936,21.423278055199336,40.1,13.02,71.43,334
CA,2021-10-20,5548,1218.6065248738284,509.6843350905274,1083.0,744.4,2228.6,644,739,65.47243572395129,25.55954221464505,43.88,10.834,75.018,317
CA,2021-10-21,6406,1255.809085232594,598.5515253819786,1082.0,133.8,2198.8,672,818,64.3138875305624,32.78241698327483,60.455,6.6080000000000005,83.065,336
CA,2021-10-22,6141,1237.7156814851,597.455697390884,1152.0,274.6,2152.4,663,716,65.13643854748602,26.031952373548513,60.13,26.202,81.724,322
CA,2021-10-23,5152,1256.4138198757757,312.0451164146051,1128.0,289.4,1147.4,583,595,66.77880672268905,28.33104382906575,59.35,5.98,78.38600000000001,267
CA,2021-10-24,5427,1234.2071125852212,211.8090264097332,944.0,726.0,1141.0,585,609,69.49113300492611,0.0,0.0,0.0,0.0,279
CA,2021-10-25,5613,1225.112595759843,146.30781656896875,1089.0,751.4,1171.0,633,746,65.50585790884719,20.289589770649,72.46,39.994,74.794,310
CA,2021-10-26,6137,1202.7563956330464,274.56516828046557,921.0,284.4,1084.8,661,757,65.84528401585206,22.275692984937276,55.71,35.176,85.872,327
CA,2021-10-27,6172,1242.4625729099157,318.8707857343301,947.0,128.0,1097.0,641,681,65.43558002936855,29.227386615896087,66.99,17.018,87.756,327
CA,2021-10-28,5699,1187.7269696437966,270.33158778163113,912.5,293.7,1100.0,641,708,64.82324858757062,7.861194820127536,61.43,51.106,67.178,313
CA,2021-10-29,6073,1216.3117075580433,150.34106349946333,933.5,741.0,1122.9,653,745,67.88688590604026,0.0,82.15,82.15,82.15,319
CA,2021-10-30,5312,1220.7844503012045,171.81339520956305,1108.0,897.0,1128.0,593,637,71.94199372056516,13.936738818277714,59.68,54.440000000000005,80.272,270
CA,2021-10-31,5368,1232.080849478391,205.7767634814215,909.0,824.7,1117.9,614,646,70.8231424148607,0.0,79.57,79.57,79.57,282
CA,2021-11-01,5765,1211.3810928013881,196.64110435741173,1116.0,811.7,1150.9,647,700,70.12834285714287,0.0,51.43,51.43,51.43,297
CA,2021-11-02,6351,1196.1645410171627,250.84713819047494,1145.0,728.0,1202.2,685,698,70.07329512893983,3.756963667644391,65.71,61.862,70.368,334
CA,2021-11-03,6421,1237.3549291387642,245.32836533091216,929.0,747.8,1165.7,697,715,70.87307692307694,0.0,89.47,89.47,89.47,334
CA,2021-11-04,6095,1203.5525840853152,223.24123474145384,1037.0,770.4,1125.8000000000004,694,697,70.5396556671449,14.289748948109619,51.08,43.585,71.03999999999999,319
CA,2021-11-05,5565,1190.2064690026955,193.70999500639545,937.0,787.0,1061.0,668,638,68.91173981191221,13.084160908008837,72.51,52.726,76.742,320
CA,2021-11-06,5066,1210.32826687722,150.22106259462694,940.0,790.1,1070.0,614,652,70.65277607361965,14.653009550562944,61.68,49.04,77.688,284
CA,2021-11-07,5446,1228.1224752111639,293.95551355709813,938.0,335.0,962.6,626,646,70.81566563467496,12.354977404538896,62.5,50.37,75.68,296
CA,2021-11-08,5475,1207.3649315068487,288.9961826737509,1046.0,330.8,1196.6,623,660,70.51403030303035,0.0,83.21,83.21,83.21,298
CA,2021-11-09,6437,1248.151002019574,195.98209542335252,1040.0,744.0,1086.2,680,756,70.18898148148152,7.286351967891753,61.67,57.697,72.125,377
CA,2021-11-10,6368,1231.5397298994967,175.86004711940544,928.5,754.0,1119.5,679,766,70.398407310705,10.092482273330976,73.705,58.319,82.518,348
CA,2021-11-11,6122,1210.387455080039,483.753693367924,997.0,610.1000000000004,2145.3,677,736,68.91991847826083,0.0,47.71,47.71,47.71,327
CA,2021-11-12,5713,1171.4046910554873,492.3515907244424,921.0,718.0,2102.6,653,699,69.13469241773961,15.638127285579944,56.745,34.816,67.25,307
CA,2021-11-13,6006,1217.02331002331,635.6760088205159,957.5,106.7,2080.2,639,684,71.00752923976607,15.741599031306665,65.06,39.93,83.15,318
CA,2021-11-14,5788,1189.957498272288,417.2765922477198,1054.5,843.7,1192.2,604,660,70.28316666666667,20.04072775000948,50.135000000000005,26.217,69.202,284
CA,2021-11-15,5972,1215.802746148693,520.9880089711575,1085.0,919.8000000000001,2057.2,678,757,69.64231175693527,9.765395798534785,75.57,65.59,85.86200000000001,332
CA,2021-11-16,6124,1199.6417374265184,459.18339163429874,998.5,756.1,2046.9,701,730,69.15031506849317,5.086199192149503,86.96,84.96,94.416,339
CA,2021-11-17,5712,1198.928221288516,161.89031899490675,1134.0,921.4000000000001,1176.4,671,731,70.12407660738714,4.359619249429933,62.89,60.275999999999996,69.362,327
CA,2021-11-18,5810,1194.3382099827886,422.5867673972665,1089.0,766.0,2056.0,675,773,68.52706338939201,8.624321068286413,68.375,57.795,76.83500000000001,334
CA,2021-11-19,6219,1217.750281395723,353.4167965350148,1019.0,989.8,2077.0,662,788,70.13180203045687,16.062312589234644,62.4,44.81400000000001,85.178,328
CA,2021-11-20,5612,1219.7409123307204,585.7547389046935,1088.5,753.0,2215.0,606,674,70.15814540059347,22.832719267222696,66.19,30.362,83.732,299
CA,2021-11-21,5575,1176.8638565022416,458.62752002136153,1158.0,864.2,2211.2,591,631,69.4020126782884,8.782075836611751,80.52,66.07000000000001,84.63600000000001,277
CA,2021-11-22,6392,1155.780819774719,165.1400148050009,1036.0,785.0,1188.0,694,771,70.58936446173794,11.30829434475661,68.11,55.004,76.20400000000001,369
CA,2021-11-23,6532,1205.6091549295768,221.3185693107891,961.0,768.0,1142.0,723,823,71.53582017010937,9.704374565848422,71.81,62.672,81.29400000000001,389
CA,2021-11-24,6311,1175.7669149104736,481.9604982160626,988.0,747.6,2169.6,687,805,72.03845962732923,7.421349236479571,64.65,53.556,69.872,344
CA,2021-11-25,6328,1188.6890012642218,224.26853383681276,968.0,781.8,1121.6,664,788,71.75489847715737,18.900474486172804,68.16,43.218,81.434,342
CA,2021-11-26,6246,1231.5757284662193,143.38370843711226,979.0,897.0,1041.4,683,754,71.22513262599469,3.985509865611784,73.42,69.668,77.476,329
CA,2021-11-27,5498,1182.373226627866,543.0878804038507,1017.0,909.2,2151.0,621,633,71.98916271721957,11.22488300328783,70.05000000000001,54.034,76.645,302
CA,2021-11-28,5908,1216.2389979688567,180.43486329693758,952.0,842.3,1169.8,634,755,71.72758940397344,8.579571505746786,77.995,69.57,89.69999999999999,314
CA,2021-11-29,6073,1227.6435040342499,499.3894093969866,1106.5,917.5,2143.0,677,806,72.56611662531016,12.264148716890219,75.005,56.998,85.196,346
CA,2021-11-30,6547,1219.1037116236446,573.5586112822299,1185.0,822.6,2167.2,696,818,71.47189486552566,12.136446509761312,71.35,63.1,92.34,353
CA,2021-12-01,6718,1219.2567728490628,546.8407161020962,1043.0,877.0,2137.6,689,817,72.2004039167687,11.081826589310788,80.83000000000001,64.58,87.005,345
CA,2021-12-02,6482,1203.2030237581,414.37800636991295,1078.0,960.0,2139.0,697,802,71.98889027431419,14.461881014208899,69.33,55.38,92.916,343
CA,2021-12-03,6470,1219.2318392581142,501.9916718714145,1166.0,944.4,2186.0,690,830,71.53183132530118,10.988292886320222,70.41499999999999,53.735,78.565,342
CA,2021-12-04,5750,1219.088347826087,627.9849511959434,990.0,583.1,2183.0,659,759,72.75126482213437,13.538163418647299,78.85,65.908,93.899,330
CA,2021-12-05,6017,1210.5836795745392,595.4960031443256,1056.0,869.2,2183.6,627,682,71.93548387096773,9.871790921610932,79.79,64.73599999999999,84.328,284
CA,2021-12-06,6642,1206.834838903945,130.690111322083,1020.0,883.0,1126.0,698,834,71.07292565947242,20.525999074747347,71.73,43.44,86.67,337
CA,2021-12-07,7045,1224.8290986515262,185.3567296826396,1054.0,892.0,1221.0,694,848,72.75549528301887,5.553911657010538,69.55,67.144,78.752,350
CA,2021-12-08,6469,1190.7339619724846,122.57407393082765,895.5,812.3,1158.0,699,876,72.01099315068495,3.551828949835405,64.75,62.062,68.966,371
CA,2021-12-09,6345,1188.377777777778,643.0718044171224,1073.0,736.0,2123.0,686,850,72.50835294117651,11.463523716554171,65.15,58.176,83.762,349
CA,2021-12-10,6512,1194.8281633906633,519.1202242093442,1074.5,863.5,2133.5,721,817,72.13599755201956,8.709116499627365,73.24,60.07,80.52199999999999,371
CA,2021-12-11,6026,1221.1078659143702,505.25903318223305,1148.0,877.7,2162.0,664,748,72.25641711229947,8.73335416664182,79.1,70.32,88.62200000000001,313
CA,2021-12-12,6249,1199.131381020963,548.8571972906536,1104.0,561.8,2165.2,646,761,71.53345597897501,8.825667113595436,57.925,42.85,62.905,323
CA,2021-12-13,6457,1200.7666098807497,510.3588910211667,1126.0,856.4000000000001,2207.4,680,717,71.73937238493724,12.713303618213832,66.52,59.704,83.864,332
CA,2021-12-14,6857,1198.0093335277818,173.9413997420329,919.0,766.3,1205.2,696,825,71.1321818181818,14.590659873890406,67.28,61.08,88.352,364
CA,2021-12-15,6683,1176.6133472991164,548.1520356570896,1164.0,771.7,2235.0,686,789,72.46991128010139,20.34633797517381,75.9,46.699,94.443,350
CA,2021-12-16,6513,1150.576692768309,442.9203791001519,1057.0,822.0,2198.2,688,754,71.62594164456233,6.530612834948951,61.91,57.176,71.726,339
CA,2021-12-17,6128,1213.8572127937339,466.9881693191926,1116.5,834.9,2222.6,680,778,71.76871465295632,16.436423589338503,76.22,56.902,93.582,339
CA,2021-12-18,5914,1205.354582346973,532.6006299300541,1137.5,911.4,2195.6,634,707,72.462234794908,7.1938493694266334,73.6,64.559,79.764,301
CA,2021-12-19,5874,1185.73391215526,501.70685089326963,1090.5,900.5,2218.0,651,700,72.05124285714282,6.291371516255863,74.01,73.85799999999999,84.61,287
CA,2021-12-20,6711,1202.5003725227234,569.8910454302788,2128.0,1025.0,2209.0,679,865,73.50305202312134,11.143944820970692,76.47,57.522,83.304,327
CA,2021-12-21,6677,1203.636812939943,602.5803210409258,1199.5,945.0,2187.1,681,800,72.1660125,9.063574570775042,71.46,63.160000000000004,82.86800000000001,326
CA,2021-12-22,7145,1194.7917424772568,638.8581352547153,1043.0,764.0,2216.0,677,759,71.59760210803687,10.148279033754383,70.62,55.922000000000004,78.70400000000001,331
CA,2021-12-23,7049,1216.9094907079016,576.2810657904694,1077.0,715.0,2237.0,668,825,71.70195151515149,16.44533318827774,61.3,43.62,80.28800000000001,317
CA,2021-12-24,6443,1222.6198975632467,573.9460235013738,1246.0,941.2,2214.0,648,749,71.7693724966622,9.002544973506103,78.13,70.158,88.632,303
CA,2021-12-25,6125,1224.1947755102037,633.7151718576577,1061.0,560.2,2187.2,640,764,72.97362565445027,15.298365108729758,74.16499999999999,47.83,80.822,303
CA,2021-12-26,6306,1219.6996511259126,530.7530088891867,2082.0,936.8,2122.2,611,779,72.37785622593067,12.03512554623259,77.16,58.458,86.378,302
CA,2021-12-27,7169,1232.6097084670103,523.989199638327,2146.0,901.6,2170.8,646,861,72.12564459930316,9.915492927736874,82.46,69.462,95.174,333
CA,2021-12-28,6880,1216.6629360465117,579.7948768947139,2123.5,940.8,2166.0,656,910,72.48592307692304,9.938750877248108,68.095,62.812,79.42399999999999,359
CA,2021-12-29,6985,1187.1833929849672,476.81417866285904,1004.5,905.4,2223.6,673,913,72.4700547645126,13.022339459559484,81.455,65.583,92.595,356
CA,2021-12-30,6584,1218.7313183475092,358.9492394315225,1081.0,933.6,1254.2,656,856,73.11035046728975,14.478620825202931,68.475,50.428,82.59100000000001,304
CA,2021-12-31,6643,1199.3207888002416,595.2223351929945,1083.0,927.0,2205.9,663,818,73.78591687041563,11.32921591873565,68.245,61.618,82.136,334
CA,2022-01-01,5957,1213.862850428068,568.7355723002016,1286.0,926.0,2157.0,612,720,72.53815277777777,12.159513075046311,78.29,61.404,91.768,287
CA,2022-01-02,7135,1184.377995795374,675.1720582922784,1270.5,600.0,2217.0,660,886,72.71179458239278,3.851571108002549,90.33,85.31400000000001,92.706,322
CA,2022-01-03,7387,1210.5659943143355,256.84507412524596,1002.0,778.0,1291.0,708,974,74.01050308008213,10.687054973190696,70.71000000000001,60.174,86.795,353
CA,2022-01-04,7326,1185.630494130494,601.3455634533543,1019.5,888.5,2283.0,696,953,73.231332633788,6.92434345128872,77.53,72.88,85.33,351
CA,2022-01-05,7504,1195.5856876332623,619.7570237443175,1288.0,919.0,2273.0,709,1025,73.72141463414636,3.7933541885777022,87.72,82.27600000000001,88.9,347
CA,2022-01-06,7434,1200.1413774549362,565.3956578428458,1105.0,920.9,2223.7,691,987,73.6790070921986,9.109315134642241,73.72,63.159,87.683,355
CA,2022-01-07,7746,1203.3344952233413,497.10126001309993,1546.0,935.7,2222.3,726,999,72.42112112112112,2.1200000000000045,78.83,77.134,80.526,369
CA,2022-01-08,7120,1187.9095505617977,472.1473540762659,1533.0,912.6,2199.8,679,870,72.70785057471262,13.327733863670462,81.07,60.392,89.452,343
CA,2022-01-09,6650,1174.6207518797,373.8207617661493,1249.5,758.3,1516.0,656,725,72.4667172413793,7.189016313485148,66.455,56.565,71.12,326
CA,2022-01-10,7540,1184.0019893899205,472.45085175337044,1261.5,893.3,2240.7,718,890,72.79098876404495,0.0,62.59,62.59,62.59,345
CA,2022-01-11,7429,1175.5337192085067,290.75045129512426,1216.0,887.8,1365.2000000000012,733,940,72.03237234042554,14.070309239079764,73.45,55.917,87.365,369
CA,2022-01-12,7342,1189.5337782620538,496.7401517315515,1193.0,904.4,2223.6,730,906,72.07227373068434,9.398953989390233,76.51,64.946,86.35600000000001,361
CA,2022-01-13,7228,1160.093386828998,411.0372782140723,1249.0,898.9,2202.5,726,949,72.03222339304534,10.513111382340623,73.14,57.206,83.28,376
CA,2022-01-14,7739,1161.9856570616364,452.1030865490616,1147.0,619.2,2200.8,733,994,72.26008048289742,17.170806476742097,73.46,41.32,83.798,374
CA,2022-01-15,7018,1166.6456255343396,400.4547191174223,1538.0,1117.8,2248.0,674,878,73.01980637813209,12.230060415949621,71.87,62.246,87.848,328
CA,2022-01-16,7101,1172.1305449936626,395.38752456850216,1192.0,881.0,1553.0,689,841,72.57561236623069,6.84984853847149,67.655,57.772999999999996,71.853,339
CA,2022-01-17,7427,1168.8774740810547,601.1321526583067,1170.0,622.0,2239.0,703,947,73.10127771911293,13.647053264713133,66.94,50.46,87.58,350
CA,2022-01-18,7176,1167.626672240803,267.33317889378304,919.0,622.0,1310.5000000000014,734,882,72.72905895691616,8.193706365253762,61.41,50.376,68.938,347
CA,2022-01-19,7583,1177.940524858235,636.7995525884885,2111.0,737.4,2169.6,702,937,72.2732657417289,18.731680223621158,77.05000000000001,46.416000000000004,93.33999999999999,367
CA,2022-01-20,7249,1166.9423368740522,420.74426811529327,1024.5,724.7,1708.699999999998,723,815,72.32008588957055,10.60069307875669,87.04499999999999,76.974,95.272,345
CA,2022-01-21,7104,1183.6624436936931,481.23429024855443,1120.5,449.7,1996.800000000002,705,859,72.10619324796274,14.880265081270862,70.93,49.482,77.314,342
CA,2022-01-22,6670,1206.8208395802094,503.8346211652833,1123.5,426.5,1856.0,657,814,72.90476658476659,12.708833148641146,85.08,67.09,95.768,314
CA,2022-01-23,6367,1216.8584890843408,449.8026741010216,1102.0,697.2,1744.0000000000036,658,733,73.5938881309686,10.882489156802954,76.64,63.41,84.65,312
CA,2022-01-24,7281,1161.9322895206699,305.29764681724896,1112.0,819.6,1433.0,711,891,72.23392817059481,7.859999999999996,67.6,61.312,73.88799999999999,353
CA,2022-01-25,7804,1171.0706048180418,494.2998187991591,1117.0,480.4000000000001,2165.8,731,919,72.68947769314475,15.757603371071376,75.35,54.628,88.132,361
CA,2022-01-26,7740,1183.642118863048,401.8174029879373,1021.0,767.2,1397.0,714,934,71.60544967880087,9.390872965903032,79.08500000000001,68.446,90.267,367
CA,2022-01-27,6804,1180.3609641387416,244.0233719045479,1042.5,782.6,1193.9,718,888,72.55743243243242,13.026990784094727,65.65,62.194,85.82600000000001,358
CA,2022-01-28,7709,1147.0572058632777,319.77969198391173,1147.5,752.8,1196.0,724,880,72.07782954545456,0.0,89.82,89.82,89.82,339
CA,2022-01-29,6823,1232.6637842591235,590.9886813032643,946.0,305.0,2208.1,675,836,72.93367224880383,9.714932331420616,66.49,51.836,73.752,338
CA,2022-01-30,6499,1176.9138328973697,186.92231575978226,1131.0,863.6,1197.8,659,823,72.21980558930738,11.631204467095053,65.22,56.88,80.17,322
CA,2022-01-31,6964,1172.4946869615164,320.3710465641918,1105.0,510.0,1225.2,700,757,72.94620871862614,9.514090537197973,72.155,61.358000000000004,80.211,336
CA,2022-02-01,6288,1192.604007633588,300.9776784111153,1090.0,310.8,1162.4,716,702,72.9803988603989,4.585341378300591,77.09,70.97800000000001,79.738,317
CA,2022-02-02,6664,1187.0978391356543,463.967505036751,1107.5,290.0,1468.5,703,792,73.01717171717172,5.5200818834506435,70.79,63.952000000000005,75.786,324
CA,2022-02-03,6716,1164.9600952948185,275.91778584111313,849.0,491.1,1197.9,712,817,71.57847001223992,18.48745039810039,69.07,34.370000000000005,73.96000000000001,352
CA,2022-02-04,6866,1161.4328575589861,497.0076455783287,1162.0,862.0,2228.6,721,815,71.4548957055215,16.366493397256757,58.19,42.956,80.432,359
CA,2022-02-05,5723,1151.2446269439106,585.773980891786,1143.0,467.6,2209.4,639,659,70.9093171471927,22.32908907120933,64.16499999999999,33.972,79.987,300
CA,2022-02-06,6377,1134.9907480006282,603.0780021412376,1118.5,235.8,2196.0,649,825,72.59763636363638,21.35246173681672,51.84,40.952,81.384,325
CA,2022-02-07,6532,1146.7108083282305,320.8117564173039,1031.5,469.9,1476.1,717,776,72.20368556701033,8.2329834203647,62.23,59.186,75.768,337
CA,2022-02-08,6695,1158.2917102315166,328.35078751508775,1196.0,458.2,1443.0,710,791,71.7438558786346,5.470705987347521,77.01,68.938,81.22,347
CA,2022-02-09,6907,1136.1343564499782,368.0156840030806,1213.5,767.5,1435.0,720,792,72.97926767676768,7.681409766442614,66.66,58.694,76.08999999999999,332
CA,2022-02-10,6666,1138.8907890789085,338.7220854630039,1125.0,441.8,1473.0,710,815,71.26127607361963,9.49732754808191,71.535,57.01,83.687,334
CA,2022-02-11,6779,1147.03673108128,387.7720884981586,1133.0,457.0,1204.0,720,876,72.9845433789954,9.881075649948237,64.75,49.480000000000004,70.63199999999999,352
CA,2022-02-12,6310,1195.3423137876391,372.7465140458504,1152.0,494.0,1559.0,671,796,72.34898241206035,16.106350797123476,78.21,58.21,94.828,309
CA,2022-02-13,6278,1166.6091111819044,347.7988905483551,1169.0,739.8000000000001,1580.0,655,730,72.99984931506849,10.211360367529663,69.77000000000001,59.31,82.475,292
CA,2022-02-14,6884,1179.797937245787,392.5279801502448,1090.5,468.5,1596.0,691,732,72.50590163934426,7.07608275970697,75.62,68.025,83.63,329
CA,2022-02-15,6900,1169.7628985507247,314.7251922309426,1122.0,737.0,1569.0,738,857,72.8880046674446,11.38122020863756,69.825,56.396,79.12299999999999,355
CA,2022-02-16,6790,1148.7845360824745,296.1215228816972,1060.5,716.1,1502.0,715,774,71.74599483204133,14.387648398757909,71.74,59.74,89.66,346
CA,2022-02-17,6732,1145.031937017231,311.42274913125823,830.0,413.90000000000003,1133.3,710,700,71.6666285714286,12.10271622405483,74.89,52.808,81.144,308
CA,2022-02-18,6752,1165.7901362559237,309.02588418031524,1056.0,854.0,1124.6,720,820,71.70697560975611,20.12418544935422,75.19,42.226,84.92,328
CA,2022-02-19,6445,1182.9570209464703,688.7728935497454,1090.0,757.8000000000001,2234.7,630,826,73.17489104116223,17.601269524920323,63.425,50.215,86.59,286
CA,2022-02-20,6493,1189.18404435546,596.6221357094954,1126.0,330.0,2235.5,684,768,71.89260416666671,14.912976543525948,64.77,37.52,71.842,321
CA,2022-02-21,6570,1151.2573820395742,320.44775791937684,935.5,710.1,1224.1000000000035,689,834,71.9871582733813,8.0710215517547,66.02000000000001,58.104,75.194,337
CA,2022-02-22,6519,1190.8335634299735,545.8580564375484,1053.5,353.5,2189.6,698,844,72.48485781990522,14.447619907363785,66.4,45.583999999999996,84.38000000000001,317
CA,2022-02-23,6458,1171.5436667698968,518.922616196288,1078.5,457.9,2180.1,719,783,71.97019157088124,14.358244182350433,70.01,51.25,78.164,334
CA,2022-02-24,6209,1164.692382026091,221.6792121078067,861.0,442.0,1050.0,687,733,73.31169167803549,22.299999999999997,64.66,46.82,82.5,326
CA,2022-02-25,6327,1149.783625730995,295.3747615417732,932.5,456.6,1108.6,696,747,72.11503346720215,13.32,63.71,53.054,74.366,295
CA,2022-02-26,5624,1142.6948790896163,457.17429445475614,1158.0,854.9,2178.1,630,717,71.60609483960947,2.9650000000000034,68.795,66.423,71.167,281
CA,2022-02-27,5741,1158.5901410904023,226.6838225885542,1010.0,840.0,1168.0,619,638,72.3653448275862,10.592145438956171,76.205,62.641,88.891,268
CA,2022-02-28,6619,1124.6429974316363,284.34404606123,867.0,482.0,1042.0,699,709,72.27990126939353,2.165450530490132,65.66,64.16,68.82,313
CA,2022-03-01,6509,1151.7933630357963,364.2100183959799,922.5,353.6000000000001,1598.6,691,682,72.24640762463346,17.603881645239262,74.39,44.434,83.25,318
CA,2022-03-02,6638,1167.272521843929,558.621744856509,925.5,379.0,1915.5,713,750,71.87165333333333,19.39949009639171,71.54,39.861999999999995,78.672,316
CA,2022-03-03,6570,1165.1482496194828,398.4367640348989,886.5,271.5,1623.6,723,722,72.01530470914129,24.19559555878806,83.35,38.85,95.47,310
CA,2022-03-04,6609,1186.3371160538666,298.06238922383767,1113.5,729.1,1136.9,733,675,72.17968888888889,5.425736253163148,77.33500000000001,71.27000000000001,83.93,328
CA,2022-03-05,6009,1177.7555333666176,350.41576439122184,890.0,336.4,1148.6,637,556,72.95845323741005,8.37077391882017,62.88,52.78,71.276,258
CA,2022-03-06,5937,1175.8699679973051,514.7570559290018,901.0,868.2,2210.2,625,564,72.609414893617,6.920030256436744,73.77,65.203,79.026,271
CA,2022-03-07,6309,1168.3322238072599,276.06996353119746,930.0,341.2,1172.4,699,658,72.34290273556233,22.939999999999998,56.41,38.058,74.762,317
CA,2022-03-08,6857,1190.6408050167713,279.97064700055313,921.0,467.0,1068.0,716,800,73.09083750000005,21.929588886935385,66.03999999999999,38.316,83.537,333
CA,2022-03-09,6767,1207.9027634106699,296.6438337395086,1045.0,486.0,1385.0,695,779,73.53960205391525,13.12296150836388,70.38,51.518,75.991,339
CA,2022-03-10,6439,1178.590774965057,571.9624026019843,941.5,274.5,1608.2,724,756,72.66092592592594,12.863302878246317,70.55000000000001,50.959,79.693,337
CA,2022-03-11,6806,1162.5486335586243,292.057449571409,949.5,760.3,1138.0,702,750,70.84069333333332,7.67709288090491,72.1,61.942,81.272,319
CA,2022-03-12,6072,1169.6475625823452,491.21887737856537,1088.0,930.0,2224.0,653,705,71.79506382978724,11.721925383394897,64.55,51.004000000000005,76.94200000000001,295
CA,2022-03-13,6189,1185.5784456293427,294.6298698436423,1090.5,966.4,1545.6,628,626,72.67931309904155,10.866711572879959,70.7,53.536,78.178,271
CA,2022-03-14,6553,1190.8640317411875,321.1117615051374,1045.5,408.40000000000003,1134.3,690,759,72.8494993412384,3.252832419599881,76.265,73.691,80.526,309
CA,2022-03-15,6241,1173.5766704053844,475.0295370965007,1119.0,936.2,2215.8,697,828,71.93347826086955,13.540052390962156,59.355000000000004,48.478,76.98700000000001,323
CA,2022-03-16,6236,1170.28367543297,339.3159243413546,1055.0,750.5,1548.5,665,803,72.5793773349938,13.575929679645027,57.02,46.78,73.164,302
CA,2022-03-17,6740,1168.0879821958456,212.49998799519776,1034.0,739.0,1083.8,722,800,71.91995000000001,6.765000000000001,81.145,75.73299999999999,86.557,335
CA,2022-03-18,6778,1170.0610799645915,318.01485716079367,1059.5,938.9,1580.1,695,800,72.53568749999995,8.940000000000005,60.49,53.338,67.64200000000001,326
CA,2022-03-19,6010,1190.3745424292838,526.2434371747603,1044.0,798.8,2215.6,643,671,71.83988077496271,9.810220294275876,73.68,67.112,92.658,302
CA,2022-03-20,5966,1184.3627220918536,447.5777233007265,949.0,745.3,1551.7,646,688,72.72258720930226,12.911758933236014,69.0,51.075,77.902,296
CA,2022-03-21,6609,1195.5613557270392,366.86551359683114,1096.0,747.8,1519.0,697,793,72.63610340479192,8.370000000000001,63.39,56.694,70.086,334
CA,2022-03-22,6945,1172.1749460043193,418.06743463920805,956.0,755.0,1480.0,721,826,72.11536319612591,18.389928780600414,55.370000000000005,38.230000000000004,82.645,340
CA,2022-03-23,6996,1172.1179245283013,349.84051592187876,933.0,288.0,1469.0,705,793,72.04457755359392,11.080000000000002,69.07000000000001,60.206,77.93400000000001,322
CA,2022-03-24,6801,1160.943537715042,370.2556087083066,942.0,892.0,1473.0,714,697,71.92869440459108,8.447066709811162,80.78,68.34,86.034,324
CA,2022-03-25,6436,1179.0355811062768,267.56261747309645,912.0,698.2000000000002,1206.2,699,778,72.65424164524423,9.940079677749068,71.07,60.886,81.518,314
CA,2022-03-26,6200,1156.4304838709672,668.7910641809926,1134.5,100.0,2227.5,672,707,71.43103253182461,12.680695103339175,67.08,52.47,80.04,295
CA,2022-03-27,6190,1175.3111470113079,484.32301821735086,1173.0,827.1,2229.2,688,704,72.59728693181816,11.143076005176615,75.0,58.432,83.896,324
CA,2022-03-28,6526,1158.5672693840024,227.90340409919287,1171.0,849.6,1480.3,713,692,72.08481213872835,5.60930713463011,86.4,76.38,89.088,331
CA,2022-03-29,7013,1165.877228005134,347.5563309575753,925.5,291.8,1438.3,716,777,71.55074646074648,15.676681905159509,80.45,58.744,93.6,336
CA,2022-03-30,7177,1166.4988156611398,481.1302841257256,934.0,724.2,1800.800000000004,722,735,72.36285714285712,8.369795755676213,73.41,56.09,76.27,337
CA,2022-03-31,6878,1171.968740913056,580.9803715645882,1097.0,502.6,2242.0,742,830,72.13914457831322,11.756819297752262,71.9,60.684,86.572,362
CA,2022-04-01,6973,1166.2711888713604,423.23661428805764,984.0,721.2,1504.4,695,776,72.46666237113399,14.100224343272421,72.82,58.374,91.832,338
CA,2022-04-02,6317,1165.4940636378035,550.4935159573736,1146.0,897.2,2225.4,673,725,72.43001379310344,9.517195949963414,71.28,60.074,80.225,312
CA,2022-04-03,6127,1223.6546433817534,448.3145598777023,1157.0,935.0,2227.0,690,647,72.54404945904169,7.435000000000002,65.795,59.847,71.74300000000001,312
CA,2022-04-04,6966,1171.6637955785238,394.59945678252274,928.0,291.0,1344.4,735,775,70.78859354838708,10.892118985762137,80.29,63.751999999999995,86.396,333
CA,2022-04-05,6935,1168.9231434751257,612.8678177553724,931.0,271.6,2255.2,749,750,72.50241333333338,16.042540245256085,66.15,48.24,91.15,349
CA,2022-04-06,6996,1173.0487421383646,556.397790137205,869.0,615.4,2246.2,745,765,72.60273202614377,10.42768822091709,66.51,55.222,79.692,337
CA,2022-04-07,6415,1173.1379579111467,424.36071260190903,1095.5,848.1,1401.9,721,653,72.66980091883612,12.526427002042523,68.695,58.073,76.218,322
CA,2022-04-08,6648,1183.1332731648615,553.835599356305,1418.0,853.0,2275.0,715,753,72.92519256308101,15.042963834879746,75.24000000000001,52.242000000000004,85.337,334
CA,2022-04-09,6529,1213.1628120692296,555.3684155629951,1425.0,844.6,2220.8,679,680,72.29870588235296,13.121172987029611,76.555,54.096,87.274,300
CA,2022-04-10,6193,1197.953980300339,515.9615025660183,1355.0,846.0,2195.0,654,666,73.26403903903905,8.086820682443749,81.03,68.926,84.881,287
CA,2022-04-11,6348,1159.0165406427222,438.59287428662134,1076.0,824.4,2163.4,731,678,71.96977876106199,9.562672946874681,71.4,58.14,78.785,318
CA,2022-04-12,6390,1203.2794992175275,570.6708662832381,1063.0,845.8,2139.2,698,696,72.31040229885055,4.610878184590882,74.03,69.952,80.084,313
CA,2022-04-13,6852,1192.6885580852297,636.1971968669804,1222.0,853.3,2119.7,731,769,72.83075422626786,8.555416533758933,74.41,64.32,78.69,351
CA,2022-04-14,6379,1154.9299263207406,550.3617105931269,1446.0,872.0,2123.6,712,691,71.23001447178002,7.5817775233267755,72.05,60.79,76.82,336
CA,2022-04-15,6608,1163.1805387409195,390.1503840543646,1072.5,911.5,2132.5,670,719,72.65777468706536,10.636274690215286,75.625,65.27499999999999,89.07300000000001,325
CA,2022-04-16,6338,1184.7571789207952,527.2714884193911,1390.0,920.9,2127.4,650,675,72.68571851851847,9.536360429846068,76.19,65.04,81.39,298
CA,2022-04-17,5915,1163.1891800507183,427.75307582476955,1089.0,844.5,2168.0,627,535,71.58343925233649,10.87074279796886,78.87,59.996,83.882,264
CA,2022-04-18,6873,1212.3014695184056,435.56727906471207,1089.5,874.0,2174.0,676,670,72.58432835820898,9.97959397971681,82.18,64.03,85.60199999999999,305
CA,2022-04-19,7017,1172.3103890551517,446.3782842189147,1103.0,809.4,2206.2,746,760,71.61197368421054,11.599883792521371,74.68,63.114,87.2,339
CA,2022-04-20,6663,1189.1761969082997,287.6812064855662,914.0,806.6,1441.200000000001,685,712,72.10064606741572,19.31272057479215,74.25,42.86,85.318,323
CA,2022-04-21,6630,1197.507088989443,584.0918102121477,1535.5,885.2,2203.7,734,725,72.5865655172414,15.615594246568696,75.61,55.072,85.774,330
CA,2022-04-22,6514,1206.110531163647,319.6674662113632,1090.0,817.0,1505.0,690,667,71.07079460269868,3.9765395341511023,71.235,66.95,75.86500000000001,300
CA,2022-04-23,5695,1200.6284460052673,542.3656179719324,1469.0,911.1,2190.3,647,629,72.26610492845784,10.981871982722161,76.92,63.571,88.349,298
CA,2022-04-24,6205,1149.969057211926,539.4173413271268,1113.0,886.3,2234.9,640,640,71.57975,9.161322078293187,79.09,72.14,90.47,302
CA,2022-04-25,6854,1182.1294134811783,333.2928687560482,1043.0,823.1,1516.4,717,732,70.66490437158471,13.424735565365898,71.035,58.579,90.86200000000001,312
CA,2022-04-26,6789,1197.4924141994406,396.86387177734815,1032.0,858.2,1489.7,702,781,72.10636363636361,7.685802235290733,77.8,70.747,85.94500000000001,329
CA,2022-04-27,6719,1184.927667807709,504.7218837383216,1159.0,844.2,2057.600000000001,723,673,71.62421991084697,18.766225646090906,82.575,55.396,89.818,319
CA,2022-04-28,6134,1203.702477991523,483.2865326997322,2005.0,960.0,2128.0,698,636,71.62595911949683,14.625749553441699,74.09,53.514,90.354,310
CA,2022-04-29,6690,1197.2331838565026,529.2187216802957,2103.0,908.6,2140.0,693,646,70.4422910216718,11.566371254632976,70.79499999999999,54.479,79.497,327
CA,2022-04-30,5348,1204.6035901271512,564.0073708864837,1429.0,875.4,2163.6,617,533,73.4158536585366,4.179759782180632,75.47,71.148,80.52199999999999,253
CA,2022-05-01,6168,1202.8189040207528,531.6630149627581,1419.0,893.6,2152.0,609,529,71.65415879017013,8.032161830331798,70.16,64.952,84.934,256
CA,2022-05-02,6171,1143.7685950413224,437.78034010388643,1091.0,799.8,1494.2,680,641,72.50996879875196,11.587486012883272,75.21,63.208,90.348,301
CA,2022-05-03,6324,1146.9354838709685,519.1524888579278,1384.0,885.0,2143.0,685,617,71.92210696920584,16.36681470040826,64.535,47.772999999999996,82.494,300
CA,2022-05-04,6663,1179.9357646705685,510.09298098783484,992.0,808.0,2097.0,708,642,71.92376947040496,8.929413446010658,66.31,60.816,81.104,313
CA,2022-05-05,6478,1187.8300401358445,570.5675843271993,1379.5,816.6,2178.9,705,656,71.32582317073171,13.03509971154022,86.91,65.584,91.078,331
CA,2022-05-06,5921,1190.8988346563074,488.03335942888634,976.0,874.8,2232.2,676,654,70.93542813455662,10.09613797862001,73.31,65.118,87.887,303
CA,2022-05-07,5738,1185.519693272918,376.1094222272415,1024.5,849.5,1544.0,616,595,72.5555462184874,12.806956443016949,62.33,49.510000000000005,79.74000000000001,274
CA,2022-05-08,5687,1184.9435554774052,545.5025376376716,2142.0,1034.0,2257.4,627,607,72.9079077429984,7.543780550890914,60.835,59.376999999999995,72.87700000000001,280
CA,2022-05-09,6596,1189.4790782292293,608.8477812545894,2145.5,805.4,2179.3,692,651,71.25611367127497,6.597027469138766,80.75,72.256,87.63000000000001,319
CA,2022-05-10,6519,1175.9815922687533,619.6818017641174,1045.0,734.2,2217.6,692,673,72.49028231797918,14.700659985184338,70.78,45.415,84.284,318
CA,2022-05-11,6801,1179.3031907072489,569.2863518183711,1443.0,764.2,2270.4,725,720,72.04901388888887,15.747036229081333,75.465,45.607,83.095,326
CA,2022-05-12,6811,1205.2241961532811,565.2902034666816,1454.0,892.2000000000002,2265.4,703,656,72.07397865853659,3.988828845106738,84.37,81.17,88.946,324
CA,2022-05-13,6657,1196.3809523809523,519.0871030125911,1002.0,888.0,2231.7,695,655,70.60624427480916,5.415331373876294,69.41999999999999,68.56,79.345,325
CA,2022-05-14,5873,1190.8312617061122,499.13592386563124,994.5,794.6,2213.7,624,555,72.42477477477479,22.12613688227869,73.535,45.06,95.875,265
CA,2022-05-15,6271,1174.3886142560991,566.2284802838572,1494.0,938.8,2249.8,650,620,72.12306451612909,11.887184833479546,72.16,50.052,77.912,286
CA,2022-05-16,7440,1160.687365591397,482.3745946085983,1494.0,821.4,2191.0,706,751,72.39266311584552,5.969725472936109,66.19,62.358,73.846,339
CA,2022-05-17,7448,1167.058270676692,579.3002145473519,1483.0,803.8,2184.2,720,761,72.4550197109067,14.734120726403965,71.53,48.702,86.302,340
CA,2022-05-18,7014,1202.140433418876,464.42027659293433,1010.5,809.7,2206.8,714,705,72.90431205673757,9.077393623722616,76.55,62.728,85.028,302
CA,2022-05-19,7172,1202.015197992192,532.9274959404695,1432.0,616.0,2215.0,724,712,72.80712078651685,10.332580316648889,81.12,70.082,90.248,331
CA,2022-05-20,6989,1195.1805694663046,574.1525265886137,1039.5,351.0,2227.5,705,744,72.95987903225809,11.738976034277151,69.55,58.65,83.88499999999999,329
CA,2022-05-21,5566,1175.3097376931366,567.5921606910043,1474.0,821.0,2250.4,622,553,71.85687160940323,16.328026774026718,47.41,43.29,79.535,277
CA,2022-05-22,6160,1171.1733766233758,647.3269796584644,996.0,797.8,2292.0,638,586,72.01535836177469,9.145404431856594,71.3,58.884,76.284,288
CA,2022-05-23,6320,1205.8610759493663,615.2048807717745,992.0,804.7,2274.3,629,630,72.78453968253966,6.896888366198373,73.38,63.78,82.446,290
CA,2022-05-24,6950,1194.0056115107911,629.0266723125624,1468.0,839.4,2248.0,702,718,72.45203342618385,5.141854664199979,75.27,69.89800000000001,81.892,311
CA,2022-05-25,6892,1190.6302959953568,628.8156134380948,1473.0,779.0,2252.4,685,680,72.81945588235294,7.756536311753818,69.615,60.38,77.555,311
CA,2022-05-26,6985,1176.4300644237649,590.2441356699054,1464.0,869.8,2246.2,706,722,72.55957063711912,13.882100129303206,72.16,60.882,91.918,327
CA,2022-05-27,7022,1210.0364568499003,625.5990576132701,2160.0,779.0,2219.7,708,710,72.70856338028166,12.407557604713578,72.66,56.042,85.91,312
CA,2022-05-28,5889,1147.7814569536422,611.0763686593054,1442.0,910.2,2203.0,660,691,71.72777134587557,14.504009790399342,69.82,43.509,79.69800000000001,307
CA,2022-05-29,6290,1222.016057233705,672.5709777426049,1386.0,615.5,2219.5,650,623,72.02733547351524,11.325723371005632,69.96,49.768,77.786,279
CA,2022-05-30,6828,1176.4983889865262,596.314064301147,1115.0,649.1,2201.0,703,666,72.82291291291293,14.379506250215966,73.85,57.553999999999995,85.61,319
CA,2022-05-31,6864,1201.9510489510492,542.0973892358478,1079.5,795.7,2204.0,714,640,73.02285937500001,10.29795137243985,71.75,62.5,83.394,286
CA,2022-06-01,6891,1154.5066028152662,552.6871046793609,1477.0,1023.3,2154.0,717,716,72.63796089385474,10.940636407449064,79.25,57.631,84.654,329
CA,2022-06-02,6338,1199.417324076996,512.367615402407,1094.0,698.9,2176.2,689,625,72.11387199999996,7.149184879721914,75.97,68.03999999999999,85.53,294
CA,2022-06-03,7024,1201.3603359908886,478.45083155496593,1180.0,1005.8,2164.2,694,637,71.6920565149136,12.566631370419042,71.38,66.968,93.91799999999999,311
CA,2022-06-04,6017,1123.1032075785279,507.3335515829092,1097.0,704.5,2164.8,643,596,71.67152684563762,20.94442222221043,79.16,54.41,88.90599999999999,293
CA,2022-06-05,5898,1134.3038318073923,518.3676405326801,1034.0,841.4,2208.0,627,630,71.80785714285716,10.492800706516189,59.22,52.94,73.036,277
CA,2022-06-06,7045,1198.7504613200845,473.24667688935716,1143.0,748.6,2198.0,700,707,72.70314002828853,9.57911144104713,80.81,61.21,81.086,287
CA,2022-06-07,7371,1171.831094831095,355.5745569848013,1127.0,966.0,1471.5,710,726,72.11867768595037,17.320199602940907,72.61,45.612,79.62,323
CA,2022-06-08,6989,1173.4994992130498,470.0041545626192,1430.0,947.2,2199.0,732,663,72.0050829562594,5.503106758913552,80.67,71.608,82.036,307
CA,2022-06-09,6907,1149.5530621109017,414.0971426122372,1142.5,951.5,2184.5,713,685,71.30810218978101,11.83181625956049,68.015,54.766000000000005,84.014,322
CA,2022-06-10,6736,1141.5394893111638,419.80468077428577,1457.0,925.9,1536.1,723,659,72.09230652503794,16.584855101869294,80.83000000000001,55.32900000000001,86.934,304
CA,2022-06-11,6027,1164.524307283888,571.7268180200745,1103.5,737.3,2200.5,634,623,73.10521669341892,7.343119228229924,88.03,77.782,91.654,273
CA,2022-06-12,6414,1193.5784222014343,520.1856266702324,1089.0,336.6,2179.3,640,698,72.49393982808022,15.38668775272963,62.86,52.572,84.282,296
CA,2022-06-13,6652,1154.1653638003613,543.7818203189752,1069.5,576.0,2218.5,685,728,71.13151098901106,15.698216807570855,63.14,48.022,87.156,308
CA,2022-06-14,6882,1162.855129322872,635.8720489277086,1491.0,781.6,2242.8,717,772,71.09133419689121,16.502504607887047,70.76,48.815000000000005,79.19,326
CA,2022-06-15,6978,1172.7783032387506,520.8464261959781,1094.0,948.6,2191.9,728,723,71.64428769017984,17.550282682117178,71.115,48.405,86.72,339
CA,2022-06-16,7110,1183.9762306610407,566.8944488816586,1047.5,945.2,2199.3,727,747,72.15028112449798,17.11355657804654,75.42500000000001,49.166000000000004,81.27900000000001,327
CA,2022-06-17,6668,1163.6147270545896,558.6778992875542,1053.5,712.0,2194.0,700,661,71.22154311649018,8.033646043360388,77.225,71.811,88.512,289
CA,2022-06-18,5804,1176.610785665058,405.44121985542193,1102.0,360.4,1488.4,649,658,71.99630699088145,8.908688175034525,70.345,56.513999999999996,73.928,301
CA,2022-06-19,5855,1162.786507258753,634.1471134325338,1035.0,359.8,2191.6,649,612,72.2286274509804,12.90769623992687,83.65,67.474,92.402,270
CA,2022-06-20,6949,1171.928047201036,542.8024975205303,1471.0,935.6,2136.0,721,729,72.46352537722906,16.47879647708938,79.5,58.486000000000004,86.12,310
CA,2022-06-21,7135,1173.7390329362302,491.4086774102276,2117.0,1073.7,2143.0,750,718,72.2543036211699,13.954125861960275,76.92,61.852000000000004,87.75,328
CA,2022-06-22,7127,1177.927879893363,546.1669418477713,1199.5,956.0,2181.0,711,737,72.66594301221166,9.934553616320946,82.01,66.058,83.69800000000001,338
CA,2022-06-23,7207,1202.4941029554598,600.5743421364938,1054.0,356.8,2184.2,715,774,72.60328165374678,8.931098134545879,81.44,69.66,87.285,335
CA,2022-06-24,6616,1183.7561970979448,685.0640783706043,1427.0,689.4,2187.0,698,658,71.86442249240122,8.901587274188799,74.67,64.426,83.704,301
CA,2022-06-25,6380,1174.678526645768,613.1766227154446,1453.0,940.6,2202.1,645,669,72.37775784753364,8.924999999999997,66.565,59.425,73.705,279
CA,2022-06-26,5471,1158.416194479986,539.2735314544627,1072.5,729.0,2229.7,656,512,72.24193359374999,11.106045211356127,77.85,64.186,85.15599999999999,264
CA,2022-06-27,6743,1168.9842799940686,631.6543100684985,1093.0,737.0,2209.0,696,745,71.24495302013425,10.70573937453904,78.08500000000001,60.415,85.4,317
CA,2022-06-28,7190,1175.5193324061202,544.8904235584641,1031.0,886.2,2211.2,723,799,72.12484355444306,8.103180610106135,73.36,63.842,80.888,345
CA,2022-06-29,7185,1127.886708420321,586.7244978598465,1119.5,745.2,2219.1,748,827,71.88920193470375,6.449885657901232,76.25,70.921,84.22500000000001,345
CA,2022-06-30,6661,1157.2161837561932,405.7828428550862,1134.0,770.0,1583.9000000000055,713,761,71.0378318002628,17.476948703935705,68.82,49.534,88.32799999999999,315
CA,2022-07-01,6053,1174.4726581860239,663.9390208377599,1504.0,386.40000000000003,2167.2000000000003,670,689,72.74406386066765,14.66763367251243,66.55,56.328,88.498,282
CA,2022-07-02,5499,1190.6462993271512,716.6850394053799,2154.0,534.8000000000002,2191.4,621,635,71.9525826771654,17.30805757856314,67.17,44.694,85.88,281
CA,2022-07-03,5489,1133.2831116779018,639.4498825895192,1046.0,752.5,2205.0,634,660,71.90201515151513,12.095436352424642,73.875,60.655,86.535,265
CA,2022-07-04,6431,1154.348157362773,578.8283897940569,2133.0,845.0,2182.0,693,795,71.81869182389936,15.686919901625046,75.91,45.346000000000004,77.694,306
CA,2022-07-05,6801,1172.5538891339509,629.0629908860367,1147.0,768.0,2150.0,739,812,72.03694581280787,2.3427374479441765,82.225,79.98,85.009,339
CA,2022-07-06,6621,1167.248904999245,635.8733590196538,1471.5,489.8000000000003,2146.0,730,713,72.28877980364659,8.915405206719434,68.145,61.655,80.109,310
CA,2022-07-07,6582,1143.2765116985715,602.0037443935784,1482.5,771.7,2174.1,725,738,71.3655420054201,10.297772125260963,77.9,69.21,89.95,314
CA,2022-07-08,6159,1180.8824484494241,571.5638102374145,1500.5,877.3,2184.8,642,648,71.71348765432097,3.78003492047362,74.98,73.556,81.562,292
CA,2022-07-09,5352,1172.534005979073,580.314928802644,2170.5,515.7000000000003,2195.7,615,636,72.45630503144659,27.38762546427544,66.25,21.268,85.75,279
CA,2022-07-10,5479,1180.0746486585144,319.6145359577017,1078.0,1032.8,1507.4,619,615,72.35569105691056,14.924289555955417,63.400000000000006,59.536,86.39500000000001,264
CA,2022-07-11,6838,1168.6042702544612,536.3676185436834,1150.0,773.0,2234.0,704,722,71.63411357340719,0.0,73.65,73.65,73.65,294
CA,2022-07-12,7118,1146.820314695139,466.5749107418818,1117.0,721.5,2207.0,740,727,71.64478679504819,10.172323281212607,73.76499999999999,59.580999999999996,82.535,344
CA,2022-07-13,6853,1186.1662045819346,317.36499622114326,1065.0,683.4,1493.2,712,688,72.53155523255813,13.641587838298005,66.06,58.434,85.34100000000001,319
CA,2022-07-14,7125,1133.2839298245622,448.59636893561924,1054.0,751.8,2215.8,715,828,70.89237922705315,10.051027341385751,72.92,62.044000000000004,80.924,349
CA,2022-07-15,6839,1151.3599941511916,566.391628972606,2009.0,995.8,2081.2,718,743,72.55612382234186,9.2283367948943,62.26,59.26,76.204,320
CA,2022-07-16,6145,1174.338323840521,588.0596249097362,1912.5,662.0,2013.1,660,742,73.32045822102423,10.419004137738991,73.45500000000001,63.525000000000006,87.83500000000001,308
CA,2022-07-17,5761,1208.3855233466413,568.3353733889187,2000.0,840.4000000000001,2166.0,669,699,72.60675250357654,14.920185990797833,75.57499999999999,52.531000000000006,78.865,289
CA,2022-07-18,7082,1154.0423609149955,571.538410395857,1001.0,776.4,2104.0,743,751,72.20314247669775,23.28377385648641,69.58500000000001,39.642,75.45,346
CA,2022-07-19,7431,1150.3126093392555,592.5140499079953,998.0,773.4,2093.0,748,774,72.25381136950902,12.736839940372441,80.24000000000001,60.31,89.535,356
CA,2022-07-20,6941,1138.9319982711424,572.6148776170057,1990.0,791.0,2088.0,739,711,72.84282700421942,10.330406036980778,74.29,66.744,91.06,338
CA,2022-07-21,6774,1139.406997342781,616.6631986567787,989.5,762.7,2122.0,725,733,72.19481582537519,10.317147565305902,74.07,63.9,87.81,330
CA,2022-07-22,6970,1165.5513629842185,706.1852880920962,1543.0,252.0,2186.0,724,821,73.32242387332523,10.51437639318186,67.45500000000001,56.114,80.307,326
CA,2022-07-23,6311,1165.838060529235,746.9094448848076,1952.0,287.7,2185.0,673,650,72.13247692307694,7.751065232914633,72.87,64.00200000000001,80.866,310
CA,2022-07-24,5940,1145.7930976430973,738.0274356327765,1545.0,254.5,2182.5,665,645,72.52578294573645,14.331159618118836,78.73,62.52,93.138,291
CA,2022-07-25,7288,1157.2893798024145,592.0230440803991,1929.5,759.3,1975.3,724,813,72.05573185731858,8.787630827222747,78.015,65.86,82.185,351
CA,2022-07-26,7096,1153.002818489291,615.3039019917289,923.0,605.6,2183.8,751,727,71.75522696011002,0.7349999999999994,77.115,76.527,77.70299999999999,350
CA,2022-07-27,6833,1150.258451631787,641.8312571904933,1071.0,602.0,2175.6,736,738,72.7546883468835,14.181765383327814,76.18,62.074,89.458,353
CA,2022-07-28,6869,1172.6593390595422,562.0314547594763,1979.5,959.0,2140.0,736,760,72.22505263157898,0.0,77.16,77.16,77.16,340
CA,2022-07-29,6375,1152.2723137254911,452.2440305811922,1150.5,1067.5,2121.0,726,714,72.65858543417369,6.643076596477472,67.79,61.878,74.878,311
CA,2022-07-30,6352,1155.346977329975,492.0892600209877,1957.0,946.0,2128.0,680,664,72.90712349397594,17.164491124281998,70.64,55.176,88.77600000000001,278
CA,2022-07-31,6136,1165.0516623207302,638.0226858035692,974.0,553.0000000000001,2164.2,647,615,72.98395121951215,8.404468388237822,82.17,71.57000000000001,87.786,259
CA,2022-08-01,6532,1198.1653398652788,725.573202524888,1815.5,313.80000000000007,2161.6,705,734,72.93873297002723,0.0,51.39,51.39,51.39,310
CA,2022-08-02,7427,1158.6940891342394,556.0559270464863,1230.0,742.4,2124.6,745,814,72.39454545454551,15.951956118294708,77.86,57.158,93.112,324
CA,2022-08-03,6601,1106.9363732767767,704.797027519271,439.0,344.8,2153.1,716,741,71.96705802968964,14.832569028998313,62.78,53.62,86.658,311
CA,2022-08-04,7011,1125.403936670946,476.08119116332574,1110.0,745.8,2163.0,731,859,71.86826542491268,16.97969964398664,80.82,51.236000000000004,88.406,324
CA,2022-08-05,6535,1134.7666411629687,631.0374030765788,1124.0,750.5,2168.0,734,756,72.74761904761907,9.758689575051674,60.97,48.898,67.778,348
CA,2022-08-06,5785,1187.7505617977536,526.978053924622,2133.0,738.3,2157.1,678,636,71.7140251572327,0.0,0.0,0.0,0.0,293
CA,2022-08-07,6255,1149.6877697841724,618.7971715852661,1129.5,365.0,2139.0,670,753,72.65814077025234,8.934695070342354,67.12,61.756,81.336,299
CA,2022-08-08,6755,1146.252553663953,617.98405309459,1443.0,654.6000000000003,2164.8,724,732,72.47271857923496,13.220460993811407,81.775,61.144999999999996,90.75999999999999,317
CA,2022-08-09,7869,1182.1817257593084,624.3483859709032,1438.0,766.8,2193.0,724,839,72.44753277711567,6.513746148637422,69.66,62.38,75.1,342
CA,2022-08-10,7587,1157.614340318967,502.83165971116966,1415.5,990.4000000000001,2159.0,755,827,73.15940749697702,6.298985809018956,67.27,66.35000000000001,77.47,327
CA,2022-08-11,6861,1156.308701355488,570.3922514913507,2097.0,970.6,2118.2,739,757,72.05682959048876,13.09063108571249,68.33,50.826,75.818,328
CA,2022-08-12,6591,1190.555150963435,480.06559469161255,1004.0,717.9,2118.2,690,666,71.70738738738739,0.0,66.78,66.78,66.78,300
CA,2022-08-13,6119,1185.218826605654,576.3599628246125,1453.0,729.2,2112.2,636,645,72.95497674418604,4.735000000000003,58.394999999999996,54.607,62.183,288
CA,2022-08-14,6282,1152.3804520853228,421.6333027351002,1050.0,707.0,2152.0,660,698,72.72882521489974,0.0,80.69,80.69,80.69,301
CA,2022-08-15,6729,1161.1615396046968,577.8640906048511,1061.0,932.8000000000002,2184.2,733,735,72.92582312925174,2.8858620895669995,77.55,76.974,82.134,337
CA,2022-08-16,7081,1177.349950571953,516.5655694101185,1453.0,1023.9,2191.5,736,699,72.22429184549361,11.634999999999998,68.445,59.137,77.753,327
CA,2022-08-17,7544,1168.2661717921524,542.1453917561867,1073.0,979.3000000000001,2189.3,701,685,71.85953284671531,8.625000000000004,69.525,62.625,76.42500000000001,304
CA,2022-08-18,6882,1129.695582679453,534.8950534762139,1477.0,888.6000000000001,2175.2,755,752,72.02220744680851,3.619097493390678,70.09,65.37,72.31400000000001,344
CA,2022-08-19,6859,1171.4302376439716,530.9705316205224,1044.5,755.9,2077.7,734,723,72.79095435684643,0.0,71.81,71.81,71.81,311
CA,2022-08-20,6006,1161.8982683982683,307.3278180625731,1053.5,956.9000000000001,1470.9,655,655,72.36847328244276,0.0,73.86,73.86,73.86,285
CA,2022-08-21,6266,1179.2089052026813,677.6175738029015,2088.5,725.3000000000001,2200.6,677,651,72.24725038402458,19.53383104007099,69.17,34.900000000000006,78.628,311
CA,2022-08-22,6800,1153.486911764706,493.6499445426016,1103.5,750.9,2041.4,729,729,72.3757064471879,0.0,89.07,89.07,89.07,312
CA,2022-08-23,7856,1146.3063900203667,371.8827800435934,1107.0,697.0,1512.2,774,781,71.7415108834827,15.79429503192705,64.5,61.676,89.78,360
CA,2022-08-24,7593,1185.1463189780056,474.4907571623272,1163.0,769.1,2147.8,747,710,72.32876056338031,16.40356609263838,67.67500000000001,48.83,83.84,358
CA,2022-08-25,7633,1193.088038778986,513.6850078945657,1177.0,1011.6,2158.0,760,736,71.24114130434783,8.149038225459492,71.03,60.95,77.908,329
CA,2022-08-26,7202,1190.7690919189115,387.08079978491594,1136.0,738.8,1846.2000000000012,708,678,72.3852507374631,12.285000000000004,61.115,51.287,70.94300000000001,311
CA,2022-08-27,6560,1211.5832317073175,586.5933952783333,1545.0,737.6,2166.6,679,673,71.82372956909359,11.618116121911601,64.455,55.245000000000005,78.2,308
CA,2022-08-28,5915,1214.5381234150464,563.7225111296801,1272.0,768.0,2160.2,684,623,72.54025682182983,12.775000000000002,61.235,51.015,71.45500000000001,314
CA,2022-08-29,6841,1186.5819324660145,532.6211325448262,1173.0,768.8,2140.0,736,732,71.25621584699451,6.585845090461474,64.91,53.798,65.038,314
CA,2022-08-30,7464,1167.538317256163,350.76972840720435,1033.5,760.0,1534.3,754,796,72.20674623115579,7.991011747582403,67.81,63.374,79.575,364
CA,2022-08-31,7236,1174.918739635158,545.9608172366945,1146.0,840.4,2147.0,752,791,71.38418457648547,6.068115211680005,67.33,66.258,77.05,347
CA,2022-09-01,7102,1188.990425232329,538.4918741804988,2005.0,960.4,2114.0,738,781,71.9061587708067,7.4259910353529825,74.11,64.45,81.89,344
CA,2022-09-02,7037,1204.9286627824363,579.4138196487895,1133.5,804.3,2127.0,762,715,72.11734265734266,16.11527904660667,65.94,49.184000000000005,83.571,305
CA,2022-09-03,5995,1190.5476230191832,563.4418327466367,2087.0,794.2,2138.0,658,608,71.58490131578947,16.621268503536864,58.22,38.83,73.05,288
CA,2022-09-04,6435,1177.4814296814297,607.0881537392772,1240.0,415.0,2122.2,687,705,72.66182978723403,18.732403075953712,73.11500000000001,47.384,89.554,321
CA,2022-09-05,6527,1207.7225371533627,593.3803038217393,1197.5,740.1,2123.7,743,704,72.90539772727271,9.501808145015946,72.66999999999999,63.355999999999995,86.14,317
CA,2022-09-06,6660,1142.4801801801789,623.3002090339113,1181.0,710.6,2122.0,782,745,72.77699328859059,9.983549325908953,75.32,63.854,87.97999999999999,322
CA,2022-09-07,7069,1154.5829678879622,570.508590221512,976.0,362.0,2119.0,786,764,72.80523560209427,15.482947138168925,70.27,52.766000000000005,95.44500000000001,356
CA,2022-09-08,6788,1164.338538597525,547.5652896084246,1017.0,646.5,2096.3,807,774,71.43195090439279,12.497196435601065,70.235,53.963,78.59,349
CA,2022-09-09,7096,1165.736330326945,498.33415693968755,1067.0,356.8,2018.3999999999987,777,827,72.36733978234584,15.452120758572265,84.505,60.948,96.777,360
CA,2022-09-10,6318,1174.8018360240585,556.3641519724289,1078.0,400.0,2098.3,721,692,72.28242774566475,9.858501830061874,69.00999999999999,59.225,80.91,313
CA,2022-09-11,6525,1188.050727969349,459.1945309821869,1047.5,462.0,2042.499999999999,702,668,73.03422155688627,7.644974072645936,68.71,56.525999999999996,74.28200000000001,312
CA,2022-09-12,7124,1183.5710275126335,572.3478273071966,1062.0,825.6,2134.7,772,762,72.47182414698169,12.291532177287994,67.59,52.506,78.1,344
CA,2022-09-13,7722,1213.2658637658633,557.5297699158441,1005.0,424.6,2120.2,806,749,72.86698264352471,12.362579775201649,78.51,62.328,89.796,382
CA,2022-09-14,7598,1262.5838378520668,417.6583410056728,1037.0,765.0,2140.0,796,721,71.4254785020804,10.891357556406254,74.69999999999999,59.051,85.51400000000001,353
CA,2022-09-15,7221,1201.1357152748926,393.95593092401094,1045.0,471.5,1158.5,779,733,72.45746248294681,12.998397234531133,72.75,52.178,85.52199999999999,346
CA,2022-09-16,7820,1238.6673913043471,572.0165589622595,1016.0,462.6,2135.6,766,740,72.32355405405407,9.955454233735395,70.705,61.007999999999996,80.932,347
CA,2022-09-17,6141,1148.3408239700382,261.50309829238796,889.0,428.4,1063.0,727,712,71.604452247191,10.985,67.515,58.727000000000004,76.303,323
CA,2022-09-18,6937,1137.044399596367,519.2722552996327,837.0,456.9,2127.0,744,753,72.32448871181938,7.36930118803676,62.575,48.805,65.47,320
CA,2022-09-19,7694,1174.4357941252917,308.0653153479115,982.5,497.3,1089.9,768,788,72.46748730964465,7.3957915961263625,69.06,58.458,76.202,336
CA,2022-09-20,7498,1164.6700453454255,450.2153071027826,903.0,510.2,2135.8,802,772,72.25674870466322,10.031747382961534,68.32,60.992,83.972,352
CA,2022-09-21,7812,1171.7661290322583,179.80013209116393,886.5,862.9,1138.0,801,824,72.3629126213592,8.671656326071739,73.735,66.165,81.298,362
CA,2022-09-22,7631,1163.7088192897397,515.8089011446002,1101.0,837.7,2137.0,791,828,72.0744323671498,11.496488159433731,68.28999999999999,48.216,74.713,350
CA,2022-09-23,7550,1186.979337748345,524.0160525280069,1117.5,475.0,2101.6,796,767,72.31224250325948,27.177532540685146,68.3,30.978,85.44800000000001,363
CA,2022-09-24,6123,1176.9199738690183,486.69890672700427,813.0,523.6,2085.8,736,668,71.44320359281437,9.364265267494297,67.76,51.660000000000004,72.31800000000001,310
CA,2022-09-25,6735,1173.6855233852996,582.7344479633489,1049.0,466.0,2092.4,726,674,72.27735905044513,6.884527741408431,75.67,67.975,83.535,329
CA,2022-09-26,7718,1185.9591863176986,643.8211090415183,1130.0,549.1,2105.8,814,773,72.36558861578268,10.01589526825692,63.45,50.762,68.33,361
CA,2022-09-27,7282,1154.1344410876134,559.2948033116096,1105.0,762.8,2116.8,810,742,72.53315363881403,0.0,53.97,53.97,53.97,357
CA,2022-09-28,7195,1169.2411396803336,419.4747818884338,1028.0,754.0,2117.0,791,776,71.76947164948459,7.619999999999997,74.46000000000001,68.364,80.556,355
CA,2022-09-29,7375,1167.9568813559322,556.0382430573881,1066.5,780.0,2114.0,817,789,72.00130544993662,19.067550678807407,73.3,47.372,83.636,375
CA,2022-09-30,7178,1179.6769295068264,492.07451505574534,1029.0,760.4,2124.7,792,814,72.18654791154796,0.0,0.0,0.0,0.0,368
CA,2022-10-01,6761,1194.5945865996157,497.9488702369373,1068.0,513.2,2154.8,782,709,72.24039492242595,6.383703209475409,72.54,67.46,79.89999999999999,328
CA,2022-10-02,6392,1178.0452127659576,363.88345177235726,801.5,528.4000000000001,1162.2,732,694,71.9515850144092,13.275900157804744,63.224999999999994,56.673,82.93700000000001,322
CA,2022-10-03,7086,1164.096669489134,330.4029729980834,1021.5,757.0,1281.3000000000015,790,688,71.90082848837211,8.280994304228612,73.1,69.444,84.964,343
CA,2022-10-04,7501,1211.6472470337283,454.40194325405105,796.5,113.0,1444.100000000001,818,803,70.76597758405975,12.972706926466808,63.83,50.775000000000006,80.38,370
CA,2022-10-05,7219,1187.948192270398,437.3427981582792,1025.0,111.2,1582.4,810,740,71.10994594594592,13.280536681379052,62.02,40.38,67.5,368
CA,2022-10-06,7367,1190.5308809556136,369.7607288148972,1081.5,775.1,1589.9,807,741,70.89028340080971,9.869131026702512,65.80000000000001,59.095,78.62,353
CA,2022-10-07,7848,1206.4992354740064,362.0384844002792,801.5,754.5,1573.4,811,744,70.8077553763441,15.27921954813138,77.345,62.784,95.56,366
CA,2022-10-08,6719,1198.2105968150022,232.59634671256168,1043.0,800.8,1160.4,773,622,70.70324758842446,11.615306950552602,73.82,64.228,86.9,328
CA,2022-10-09,6486,1178.1048411964232,206.03395576871597,980.0,740.1,1162.3,750,650,72.35286153846153,11.1331734020449,76.215,63.252,86.868,330
CA,2022-10-10,7533,1240.6451612903236,150.39810984768488,967.0,826.0,1188.2,758,752,70.43926861702134,11.67549665848191,70.8,54.36,76.36,356
CA,2022-10-11,7377,1212.2899552663685,371.59749962843375,993.0,460.4,1573.0,811,775,72.30999999999999,9.39793041046804,66.33,60.85,79.576,329
CA,2022-10-12,7533,1198.9917695473243,309.9738001739612,1004.0,747.0,1245.0,799,852,71.49693661971831,8.62575503941539,69.085,57.376,75.18,363
CA,2022-10-13,8046,1224.0524484215757,500.8480713651717,1016.0,803.0,2209.6,800,828,72.44705314009661,11.980087182023714,66.71,65.942,86.646,364
CA,2022-10-14,8013,1156.4203169849002,442.6841816941534,826.0,792.0,1762.2000000000025,818,814,71.28534398034401,13.37654913147134,63.84,63.112,86.168,388
CA,2022-10-15,7380,1186.7411924119242,372.5712163221349,967.0,784.0,1238.0,762,809,71.397935723115,13.931742992530307,63.9,49.31,81.86,336
CA,2022-10-16,7079,1191.80435089702,215.49437643369885,965.0,738.6,1159.9,761,710,71.24011267605634,15.57396596888538,62.09,57.11,83.956,327
CA,2022-10-17,8234,1205.1388146708775,314.1688935131065,796.0,759.0,1268.400000000001,817,812,70.78885467980294,11.745389254937448,78.83500000000001,65.396,89.98500000000001,380
CA,2022-10-18,7881,1180.4163177261764,214.25095352948193,943.0,765.6,1035.4,816,783,71.68215836526178,13.046760852794076,74.045,59.033,87.048,370
CA,2022-10-19,7969,1177.624168653533,274.38617990142495,950.0,812.2,1045.0,840,871,71.18184845005739,13.22174051410109,77.13,58.57,83.506,370
CA,2022-10-20,7944,1221.267371601208,153.6769026236539,1018.0,812.9,1166.3000000000002,825,808,71.76933168316829,10.90294399024048,76.64,59.332,80.936,378
CA,2022-10-21,8087,1240.5492766167915,552.9074495948308,976.0,801.8,2154.0,802,799,71.2882853566959,4.136668009669404,74.94,70.26,78.33200000000001,369
CA,2022-10-22,7173,1179.9259723964867,252.46593817944708,964.0,830.2,1071.2,762,709,71.83645980253874,10.872235464705499,70.09,63.716,84.74,328
CA,2022-10-23,7312,1191.9671772428885,476.48185192661794,1044.5,854.0,2127.7,803,673,71.70783060921248,15.503601799259423,75.515,52.605000000000004,83.92800000000001,326
CA,2022-10-24,7562,1170.261835493256,272.2599941862408,999.0,734.0,1121.0,798,716,70.88565642458103,8.817817768817955,78.79,66.004,82.286,350
CA,2022-10-25,7752,1160.4369195046438,329.4012866011837,1100.0,1053.4,1452.2000000000016,832,797,71.27067754077791,11.840368800562478,74.13999999999999,55.06,83.05000000000001,391
CA,2022-10-26,8042,1174.4078587416066,383.24540839461537,1051.0,716.6,1123.8,822,779,71.29368421052631,16.47608435143361,60.69,58.298,87.378,351
CA,2022-10-27,8154,1238.606818739269,354.8555505376758,1115.0,900.8,1778.1999999999991,831,796,71.66905778894476,5.958832100336441,73.62,64.502,77.732,356
CA,2022-10-28,7593,1169.81153694192,199.23848080155366,1101.0,769.2,1151.6000000000001,815,753,71.37521912350599,0.0,70.37,70.37,70.37,358
CA,2022-10-29,6421,1168.8819498520477,435.9104301880723,1079.0,767.0,2120.0,757,738,72.12508130081301,9.301326216607773,67.98,59.998,81.872,328
CA,2022-10-30,6685,1194.3326851159306,501.61689673203205,1145.0,940.0,2143.0,728,639,71.44605633802811,8.65899929264346,70.45,68.26,83.693,327
CA,2022-10-31,6715,1156.645718540581,385.40491192675915,1106.0,750.6,1593.5999999999988,789,624,71.0401282051282,16.058247534799335,75.855,49.144999999999996,85.63499999999999,322
CA,2022-11-01,7665,1174.936333985649,399.79256828353897,940.0,728.0,1217.0,827,763,72.08217562254258,1.7299999999999969,73.87,72.486,75.25399999999999,362
CA,2022-11-02,7927,1180.664185694462,405.59945682286116,1114.5,701.4000000000001,1251.1000000000029,842,785,71.5585350318472,9.840044539696446,64.33,56.932,78.556,353
CA,2022-11-03,7801,1198.7396487629783,518.2070662708661,1151.5,753.7,2159.1,839,819,71.37518925518924,19.846377223284072,72.0,52.96,91.848,376
CA,2022-11-04,8107,1193.3251511039837,472.2940904901914,1222.0,892.9,2101.3,844,807,72.73589838909544,2.004999999999999,58.595,56.991,60.199000000000005,373
CA,2022-11-05,6778,1185.5973738565956,513.140955120737,1225.0,900.4,2093.6,791,730,71.655904109589,10.012209746105004,77.43,63.204,83.586,346
CA,2022-11-06,7044,1160.073963657013,429.4565466851128,1481.0,1091.9,2095.4,803,731,71.40398084815318,5.013820898277079,61.48,58.264,67.91199999999999,363
CA,2022-11-07,7649,1187.3086677997126,439.3801931115463,1130.0,721.2,2091.8,851,847,71.04255017709562,7.95365045470038,63.93,63.13,77.01,393
CA,2022-11-08,8406,1202.3171544135141,411.0859543939685,1184.0,873.0,2082.1,865,842,71.19300475059381,7.298183335597976,69.45,55.830000000000005,71.53,398
CA,2022-11-09,7786,1194.4201130233755,429.34115933441075,1126.0,737.0,2088.9,839,730,71.6147397260274,0.04999999999999716,83.2,83.16000000000001,83.24,392
CA,2022-11-10,7335,1178.8578050443082,530.9072839321677,1169.0,552.8000000000001,2101.2,841,727,71.34349381017884,10.524030166124572,67.315,56.683,81.38499999999999,374
CA,2022-11-11,8084,1201.7598960910445,495.6251500480026,1148.0,707.4,2092.2,834,702,71.63217948717949,11.082912753515691,76.31,61.944,87.46799999999999,364
CA,2022-11-12,7447,1199.2167315697595,504.37840966911244,1186.0,741.0,2116.7,798,786,71.55165394402036,12.031253301298252,60.93,48.534,74.238,348
CA,2022-11-13,6842,1198.3440514469453,407.3883392194149,1129.0,774.6,1923.2,793,684,71.11777777777775,11.733362689357214,73.58,62.228,85.22,328
CA,2022-11-14,7879,1197.7310572407669,467.3804632187178,1075.0,864.4,2139.8,816,798,71.64042606516287,14.868459066090205,70.94,53.866,85.48,378
CA,2022-11-15,7951,1133.791724311408,428.7063256528387,1065.0,795.0,1953.6,854,805,70.72427329192546,8.487366223786191,73.895,65.47800000000001,89.007,380
CA,2022-11-16,8249,1183.2283913201597,554.3071440978364,1116.0,791.8,2144.2,850,788,70.9860913705584,12.508302131873144,84.65,64.706,87.018,375
CA,2022-11-17,8317,1205.2716123602263,611.6346013254839,1092.0,466.0,2181.0,862,847,71.15404958677688,14.517006578492687,46.59,42.84,73.754,395
CA,2022-11-18,7785,1148.4746307000637,594.8172163222357,1183.5,746.0,2131.0,848,799,71.37495619524402,10.979092251487218,65.17,64.17,83.28200000000001,378
CA,2022-11-19,7298,1199.1912852836394,501.6209285712924,1174.0,907.4000000000001,2157.9,801,772,71.42639896373058,13.007009221527019,53.26,50.588,73.876,375
CA,2022-11-20,7104,1183.4793074324325,412.63406892333825,1108.0,846.8,1971.8,819,749,70.72417890520695,9.428821387108783,74.605,58.611999999999995,84.4,365
CA,2022-11-21,7806,1176.8930310017936,471.3347280471666,1089.0,822.0,2187.5,842,776,71.05163659793813,9.251409838505696,82.55,70.7,90.346,387
CA,2022-11-22,8010,1156.3098626716592,232.33532686187635,928.0,747.6,1265.0,856,854,71.1002224824356,10.517141959677069,67.7,57.244,79.43,399
CA,2022-11-23,7792,1167.4223562628347,512.456041070696,1055.0,819.6,2185.4,871,864,70.94945601851856,9.914793038687193,71.11,59.797,83.44600000000001,383
CA,2022-11-24,7465,1166.030274614869,453.39339438196953,1045.0,834.0,2194.8,880,788,71.2420431472081,11.61525156851973,75.91,59.398999999999994,84.14,387
CA,2022-11-25,7093,1183.6077823205976,518.2681257127026,1064.5,556.4,2207.3,830,751,71.94474034620504,13.319488578770583,69.4,63.68,92.544,351
CA,2022-11-26,6748,1175.7809721398928,581.7550134952065,1270.5,854.2,2192.9,786,714,71.22032212885156,3.9178849169191055,76.155,73.89,81.965,337
CA,2022-11-27,6698,1171.796357121529,465.3058537134473,1216.5,871.7,2117.1,808,783,71.94199233716476,11.329628588379112,67.74,56.65,85.064,356
CA,2022-11-28,7859,1176.6301056114019,542.3317352141659,1157.0,851.6,2130.6,868,865,71.6342196531792,9.748467507767566,56.58,45.28,66.151,399
CA,2022-11-29,8077,1176.7450786182985,448.57564330734124,1058.0,849.4,2122.6,886,830,71.18955421686749,11.304911420361602,82.96,62.415,86.125,419
CA,2022-11-30,7819,1169.9349021614014,379.3732191348481,1201.5,866.3000000000001,1604.6,863,845,70.73808284023666,9.187192507661932,69.98,61.861999999999995,85.17399999999999,393
CA,2022-12-01,8175,1180.041467889908,558.4109199823688,1035.0,819.2,2132.0,889,867,71.39952710495965,14.71292182912694,80.36,57.249,85.236,385
CA,2022-12-02,8230,1176.3539489671937,527.5396460860524,1177.0,848.0,2136.2,904,883,71.7273499433748,7.8750000000000036,67.055,60.755,73.355,403
CA,2022-12-03,7785,1165.7195889531135,600.5387521775268,1177.5,585.2000000000003,2154.4,817,791,71.1287737041719,0.0,69.56,69.56,69.56,371
CA,2022-12-04,7797,1167.931896883417,490.55457137814955,1066.5,846.3,2137.2,828,792,71.3969191919192,12.485480456202808,84.04,64.56,87.12,366
CA,2022-12-05,9126,1185.502958579881,490.22695825866,1156.5,846.8000000000001,2146.0,873,902,71.14849223946786,6.134999999999998,72.755,67.84700000000001,77.663,398
CA,2022-12-06,8495,1182.3074749852854,456.61486383773257,1155.5,911.9,2116.0,878,913,71.23941949616649,0.0,75.08,75.08,75.08,412
CA,2022-12-07,8655,1164.4662045060663,426.38534943899776,1230.5,860.0000000000001,2114.7,899,924,70.28173160173162,4.786164304534476,74.285,68.48100000000001,78.43,405
CA,2022-12-08,7896,1166.8885511651467,558.459922863129,1232.0,554.0,2121.0,897,807,70.45423791821558,0.0,92.8,92.8,92.8,391
CA,2022-12-09,8353,1198.3170118520306,547.7088768567852,1237.0,452.3,2128.9,893,803,70.6046326276463,0.0,76.26,76.26,76.26,405
CA,2022-12-10,7567,1158.8022994581734,549.6685603249265,1172.0,461.2,2092.0,845,797,70.72289836888334,14.804761936620256,66.53,43.398,81.966,386
CA,2022-12-11,7617,1127.9515557306013,504.2418295428103,1208.0,914.1,2120.0,842,823,70.67543134872422,16.596579918766395,69.33,57.009,93.026,398
CA,2022-12-12,8343,1176.274841184227,457.97972337669523,1290.0,883.8,2108.4,899,773,70.41641655886158,10.817572785466163,74.81,58.942,87.866,388
CA,2022-12-13,8602,1185.813996744944,507.9832316084684,1234.0,800.0,2095.0,902,851,70.76242068155109,13.247101802765748,79.04,53.678,87.92,409
CA,2022-12-14,8679,1178.7859200368703,592.9501423297652,1230.0,777.0,2092.6,937,845,71.93885207100594,10.250944008296235,76.25,61.168,85.114,403
CA,2022-12-15,9267,1184.1103917125276,343.7247694405622,1083.0,786.4,1575.2,943,910,69.75100000000003,7.963807129758981,76.12,67.36,84.136,454
CA,2022-12-16,9058,1173.583572532568,463.41151575045495,1234.0,839.0,2105.0,926,876,71.37073059360733,11.868378387781355,73.79,54.683,80.869,421
CA,2022-12-17,8273,1147.5417623594828,563.8832602035568,1045.0,654.0,2123.6,895,941,70.73460148777897,10.736768601399584,72.86,64.41499999999999,87.66499999999999,442
CA,2022-12-18,7552,1109.9198887711864,523.8189492163868,1380.0,810.5,2119.0,849,705,69.95723404255315,10.3827030306285,66.19,53.215,76.83500000000001,344
CA,2022-12-19,9199,1162.8985759321668,524.7697484767225,1224.0,813.0,2115.0,926,879,70.42807736063713,10.928125283973559,57.56,46.935,68.585,407
CA,2022-12-20,9130,1141.8568455640736,497.6841810763306,1123.0,785.3,2062.0,950,906,71.01285871964681,16.280541299354883,69.9,42.55,83.99000000000001,424
CA,2022-12-21,9282,1123.0219780219793,520.5778690791609,1095.5,714.8,2085.0,943,858,70.06861305361306,8.45664157788773,70.9,64.59,76.41,422
CA,2022-12-22,8779,1137.5475566693244,436.2112996589365,1183.5,686.4,2083.4,937,986,70.49042596348885,9.63700703010379,69.94,62.434,83.71,438
CA,2022-12-23,9942,1144.2332528666268,455.4320121397495,1184.5,634.5,2135.0,953,1018,70.57047151277014,11.644814281643965,66.95,59.077999999999996,80.516,453
CA,2022-12-24,8295,1130.4139843279083,603.0069994174298,1149.0,573.1,2177.9,936,837,70.06864994026289,13.073263640813728,74.2,60.146,89.354,446
CA,2022-12-25,7821,1144.4551847589828,431.73967874317157,652.0,560.8,1448.0,828,725,70.6531448275862,7.330871745949153,59.585,53.019999999999996,67.61,355
CA,2022-12-26,7530,1129.9535192563076,534.4323569931712,1076.0,651.0,2131.800000000002,887,812,70.94885467980299,8.271103797238395,70.35,65.49799999999999,81.07600000000001,379
CA,2022-12-27,8026,1126.3777722402192,304.6066723168496,1055.0,867.4,1471.2,886,870,69.79109195402295,13.989008672395755,74.45,62.96,93.01,403
CA,2022-12-28,8402,1155.429302547012,492.76977107863354,1144.0,828.6,2090.800000000001,900,919,70.7923177366703,7.914999999999999,65.475,59.143,71.807,432
CA,2022-12-29,8730,1140.1252004581904,426.3863532706729,1119.0,698.8,1977.0,906,1004,70.0194422310757,12.995353587957238,69.06,65.56,87.31,438
CA,2022-12-30,8843,1154.5183761167036,385.0154911105029,1129.0,695.8,1505.0,905,888,70.63691441441439,11.235890411237254,69.435,61.035,84.99,418
CA,2022-12-31,8953,1126.627275773484,320.80931029726554,1003.5,904.5,1503.0,915,962,70.21311850311851,0.0,50.2,50.2,50.2,458
CA,2023-01-01,7592,1092.5812697576396,591.3868043448265,1052.0,648.9,2016.0,860,735,70.53668027210881,12.116741402795647,74.14,64.02,89.61,385
CA,2023-01-02,9287,1091.0206740605147,212.76696440353012,658.5,613.0,1122.5,940,867,69.91504036908887,12.398021745822055,66.5,56.592,84.022,446
CA,2023-01-03,9464,1100.1862848689768,658.8780399270468,997.0,630.8,2128.6,971,989,70.10129423660266,11.510669876249601,70.22999999999999,62.168,89.539,443
CA,2023-01-04,10046,1138.5070674895478,586.5274602192303,1457.0,582.7,2095.4,997,960,70.07634374999998,8.31919611501015,75.09,66.456,83.16199999999999,477
CA,2023-01-05,10157,1120.409471300581,542.4038054020382,1175.0,577.9,2062.9,1054,1186,70.43968802698146,18.713859046390276,75.75999999999999,54.073,88.051,533
CA,2023-01-06,10118,1113.4451472623045,544.5201981680916,1140.5,600.9,1977.0,1021,1128,69.69948581560284,11.882429605654448,67.05,51.211999999999996,78.15400000000001,495
CA,2023-01-07,9243,1104.080926106243,516.8003924549278,971.0,617.0,1996.0,970,969,68.854427244582,7.935000000000002,51.345,44.997,57.693,469
CA,2023-01-08,9733,1089.9395869721563,544.3882337345026,940.0,574.2,2023.6,996,995,69.53905527638189,13.281710149291614,61.64,45.636,76.194,494
CA,2023-01-09,10344,1062.8323665893272,491.85270767088826,1108.5,718.5,1965.1,1095,1046,70.4562428298279,11.718334162992434,72.125,56.489999999999995,81.495,521
CA,2023-01-10,10361,1067.063217836116,282.0702697042702,956.0,611.5,1107.0,1103,1037,70.01459016393444,1.6049999999999969,61.305,60.021,62.589,516
CA,2023-01-11,9984,1047.9799679487176,399.6855437435172,1036.0,448.0,1489.0,1089,1013,69.38813425468902,14.713667753147071,71.215,43.116,78.941,503
CA,2023-01-12,10168,1046.4687254130604,381.3949134427464,983.0,534.0,1511.8000000000002,1113,1120,70.08329464285715,20.865,46.795,30.103,63.486999999999995,525
CA,2023-01-13,10184,1058.7049293008636,563.4462971730135,1056.0,465.0,2133.800000000001,1125,1159,69.43573770491801,8.584678548735765,71.35,58.55,78.4,545
CA,2023-01-14,9415,1105.2722251725966,444.69111316740117,1058.5,687.5,1940.0,1046,1054,69.03632827324476,12.987343069311752,62.81,46.026,75.212,507
CA,2023-01-15,9252,1023.8357111975793,482.2785990192165,972.5,602.5,1955.5,1023,1121,70.17262265834079,17.586758005466987,62.72,40.786,76.782,523
CA,2023-01-16,9839,1053.6391909746935,320.90592369778784,967.0,539.4,1137.6000000000001,1111,1140,70.30382456140357,8.990481835606122,59.36,55.32,73.31,530
CA,2023-01-17,10257,1059.1223554645608,429.8970872478001,975.0,502.8,1428.8000000000002,1124,1128,69.45125886524825,9.176683012456685,70.12,63.048,86.962,550
CA,2023-01-18,9904,1064.8539983844903,432.7481916756477,1008.0,611.2,1519.0,1101,1127,69.21480035492456,8.786453228156311,75.31,63.31,83.86,539
CA,2023-01-19,10410,1064.2278578290104,480.2504863679033,967.5,590.4,2110.4,1117,1163,70.01042992261398,12.17247111564552,82.38,64.078,89.852,547
CA,2023-01-20,10397,1055.7888814080984,415.0064279099922,984.0,519.0,1291.0,1151,1184,69.98711993243239,9.495502444139891,64.83,56.885000000000005,79.525,516
CA,2023-01-21,9690,1038.3,414.6781707104972,746.0,554.0,1283.0,1074,1072,69.36814365671638,14.505499222443456,68.51,46.17,75.438,528
CA,2023-01-22,9997,1030.089926978094,480.84671147007117,978.0,535.0,1931.0,1096,1090,69.70546788990826,8.536753604818111,66.535,59.11,80.425,539
CA,2023-01-23,11251,1042.4841347435786,370.9856752567068,1074.5,660.5,1895.0,1141,1142,69.03143607705778,8.492764475569778,69.495,59.675999999999995,76.285,568
CA,2023-01-24,10308,1045.6298020954612,373.3542192543311,1106.0,615.0,1537.0,1142,939,68.1310543130991,8.86176975921323,66.34,58.364000000000004,80.092,477
CA,2023-01-25,10610,1037.9420358152686,387.91337279733904,1095.0,588.2,1552.6,1168,1122,69.83075757575759,12.09557525776788,69.125,50.597,79.542,553
CA,2023-01-26,11190,1054.6678284182299,372.02572706736294,974.0,432.6,1394.8999999999999,1197,1153,69.31933217692976,13.640583500064146,67.97,49.626000000000005,78.422,574
CA,2023-01-27,11253,1048.2046565360354,342.6691185746571,988.0,550.0,1219.0,1191,1177,69.86196261682242,13.323958310198327,71.8,49.662,84.978,591
CA,2023-01-28,9921,1036.3486543695183,399.7541959007763,880.0,597.0,1810.0000000000032,1147,1172,69.59247440273039,9.193735380569416,69.45,52.25,74.77,535
CA,2023-01-29,10183,1045.1977806147497,461.34545623792786,1049.0,601.8,1902.0,1139,1198,69.77364774624374,13.483416723168213,70.8,54.99,92.07,572
CA,2023-01-30,10076,1038.8160976578015,368.59442677661906,1006.0,630.0,1426.2,1166,1156,69.14345155709346,9.195243696208006,79.375,68.4,86.327,552
CA,2023-01-31,10982,1052.794117647059,482.7942057392616,1043.0,633.8,2258.4,1206,1216,68.91782894736843,16.41527445450324,69.405,46.681000000000004,82.39699999999999,591
CA,2023-02-01,10357,1065.232596311674,380.3226992577634,1096.0,636.8,1495.0,1202,1232,69.51373376623376,10.234852337325824,72.51,58.634,82.992,582
CA,2023-02-02,10655,1072.9389019239798,374.7171002391957,1081.5,651.0,1463.9,1169,1213,68.58292662819457,11.449308101365776,78.28,59.038,81.282,558
CA,2023-02-03,11102,1032.6143938029188,470.67235330922233,1089.0,655.0,2132.0,1210,1263,69.64128266033254,13.609399340647743,75.68,55.59,87.91,576
CA,2023-02-04,10154,1060.80421508765,376.3207510865324,1089.0,823.5,1489.5,1102,1154,68.47012131715775,7.915294385371942,73.32,63.078,77.38600000000001,527
CA,2023-02-05,10091,1023.1213953027459,471.4103975824784,1333.0,815.6,2082.0,1153,1186,68.84315345699834,8.540429373532547,72.17,63.07,77.25,555
CA,2023-02-06,10679,1040.3796235602579,325.83849723622814,1056.5,589.3,1425.9,1190,1200,68.53384166666665,10.912202745092303,64.16499999999999,50.693000000000005,80.674,568
CA,2023-02-07,10522,1037.567857821706,247.11278831986075,1232.0,757.0,1335.0,1224,1248,69.12833333333332,11.873212503275136,71.3,61.611999999999995,88.086,601
CA,2023-02-08,10976,1032.5106596209907,299.56276421437127,866.0,596.6,1379.0,1210,1240,68.88295967741931,12.477390702787183,70.43,53.624,86.954,611
CA,2023-02-09,11313,1063.4489525324855,456.51172834622975,931.0,603.5,1468.4,1221,1294,68.86745749613601,14.836654502843109,70.74000000000001,50.211,87.039,623
CA,2023-02-10,11580,1029.47780656304,340.24163600374203,1084.5,646.4,1433.5,1239,1282,68.73535881435262,13.12609767740155,70.84,54.062000000000005,82.47800000000001,619
CA,2023-02-11,10877,1050.621035211916,433.6759832523141,1274.0,663.2,1873.9,1171,1144,69.56036713286714,12.015699563487763,81.785,62.665,89.363,565
CA,2023-02-12,10769,1043.688643328071,356.4867040278874,1051.0,590.0,1472.4,1171,1173,69.41104006820123,10.290598854944664,64.92,51.34,77.53,554
CA,2023-02-13,11102,1040.0223383174189,321.647489497431,1241.5,717.0,1498.0,1221,1182,69.37053299492388,12.456669335641047,69.215,45.563,76.155,580
CA,2023-02-14,11503,1024.2864470138225,387.23874565550824,934.0,585.0,1477.3,1210,1223,68.73979558462797,15.668416812705319,75.705,56.388999999999996,89.495,572
CA,2023-02-15,11032,1025.9097171863668,319.9697224649732,816.5,564.5,1462.5,1234,1223,68.99411283728537,14.260283936836027,71.08,52.321,88.83800000000001,599
CA,2023-02-16,11311,1039.2067014410748,404.4809942515253,966.0,524.0,1501.0,1212,1206,68.15689883913763,15.21892895171996,77.205,51.385,84.33500000000001,577
CA,2023-02-17,11512,1025.6385510771377,322.2421538469103,993.0,686.0,1471.6,1244,1316,69.24636018237081,12.272026003159471,65.72,50.67,79.08,611
CA,2023-02-18,10311,1049.7886722917265,391.7965270127162,1078.0,638.0,1523.0,1154,1060,69.61682075471694,12.560731589410885,67.275,48.905,76.836,550
CA,2023-02-19,10367,1039.2740426352862,399.46160124652897,988.0,526.0,1463.6000000000001,1151,1092,68.71512820512818,13.137005851791344,71.235,51.938,81.12599999999999,540
CA,2023-02-20,11810,1037.5854360711264,449.41045828800014,956.0,486.6,1541.0,1214,1430,68.67527972027973,16.231706749445667,71.125,50.827999999999996,84.02,625
CA,2023-02-21,11533,1063.558224226134,407.88832463800674,1079.5,448.8,1552.1,1222,1321,69.08154428463283,15.757370448063345,66.44,54.540000000000006,86.64500000000001,598
CA,2023-02-22,11104,1048.4039985590778,436.0297443704579,1041.0,486.90000000000003,1529.9,1246,1167,68.20538988860326,12.580192124299911,64.455,44.157000000000004,77.278,608
CA,2023-02-23,11795,1060.0356930902922,393.65831130510344,1019.0,479.6,1514.3,1266,1244,70.16148713826362,19.20687725488705,68.14,46.86,84.47,604
CA,2023-02-24,11675,1045.2669807280517,410.6142741994104,1031.5,530.0,1526.8000000000002,1273,1409,68.9444925479063,13.743841269437967,66.67,46.664,78.93900000000001,643
CA,2023-02-25,10991,1028.859521426622,452.35273505789587,1185.0,533.8,1681.200000000002,1156,1175,69.95668085106384,11.520967267415507,72.565,57.805,86.81700000000001,584
CA,2023-02-26,10816,1039.0206176035504,405.0656523603395,914.0,517.5,1500.0,1154,1208,69.3707201986755,7.533387167949238,77.49000000000001,68.13,84.52000000000001,538
CA,2023-02-27,11509,1060.658441219915,362.88620663814845,985.0,418.8,1453.6,1276,1313,70.01748667174412,18.456481262464845,70.03,51.892,82.962,626
CA,2023-02-28,12013,1042.676766835928,327.475051484861,1039.0,539.8,1458.4,1284,1272,69.12266509433964,15.647079312127232,66.28,58.405,79.92000000000002,650
CA,2023-03-01,11267,1052.250643472086,329.3757752405398,919.0,483.0,1429.0,1235,1300,69.60047692307697,13.73587960160368,72.08,51.85,81.63,592
CA,2023-03-02,11505,1050.9789656671016,338.33880215151544,878.0,480.6,1412.8,1260,1353,69.06061345158905,16.952193486389895,70.955,42.345,84.095,621
CA,2023-03-03,11555,1021.6436174816105,381.4574099974705,1096.0,518.0,1409.8000000000002,1265,1380,69.49752898550722,11.413908576135302,64.82499999999999,49.99,81.685,639
CA,2023-03-04,11059,1046.4678542363688,434.6624872895276,917.0,594.0,1600.0,1194,1299,68.60297151655121,11.051916354281769,66.97999999999999,55.41,82.516,591
CA,2023-03-05,11076,1068.893824485374,455.80624057286695,913.0,517.4,1600.6,1165,1185,69.61568776371303,11.86834354543197,63.81,46.51,68.43,546
CA,2023-03-06,11820,1025.835363790186,305.82942882201877,944.0,556.4,1380.0,1276,1198,69.90287979966612,12.469175979565572,66.32,49.735,80.45,584
CA,2023-03-07,11566,1038.4853017464989,410.84893919000905,985.0,624.6,1608.0,1283,1170,69.49066666666663,7.850113410362653,73.49000000000001,59.565,76.08,592
CA,2023-03-08,11060,1037.3669981916817,377.76082182676305,1036.5,555.5,1563.5,1245,1147,68.92737576285967,11.563178959044476,67.125,63.056999999999995,80.14999999999999,580
CA,2023-03-09,11516,1081.4868878082668,359.64287442884176,1039.0,549.2,1379.4,1258,1240,69.60577419354838,9.270116031618452,65.64,53.68,72.35,593
CA,2023-03-10,11984,1035.0834445927903,374.3170445735495,1035.0,491.7,1374.4,1295,1379,69.56853517041331,14.747428536443227,60.805,46.015,80.61,659
CA,2023-03-11,10775,1056.5769837587006,394.7310134948185,991.5,613.1,1591.0,1181,1248,69.33447916666667,10.565214916045116,69.3,54.272000000000006,82.582,581
CA,2023-03-12,11196,1032.6384423008212,420.652681053579,763.0,490.4,1405.6000000000001,1163,1238,69.4339983844911,17.361262760182484,64.22,46.04,87.59,554
CA,2023-03-13,11915,1067.3398237515728,433.3861431634929,1102.0,612.4,1621.2,1231,1291,68.68917893106115,13.270905613501633,61.19,48.838,77.746,596
CA,2023-03-14,11738,1055.2997955358662,443.66337452292584,1022.0,503.0,1558.4,1249,1276,70.12147335423202,11.806325686775807,69.16,60.797999999999995,87.46600000000001,595
CA,2023-03-15,11625,1055.0701935483885,361.32872726500824,1121.5,802.0,1557.5,1247,1311,69.5072387490465,9.123878292811712,62.42,56.206,77.84599999999999,577
CA,2023-03-16,10946,1040.739265485109,483.43001429002885,1005.0,623.8,1997.4,1243,1257,69.21489260143198,20.01459207678238,76.53,46.272000000000006,85.926,596
CA,2023-03-17,10817,1029.6323379865028,369.46551157580825,974.5,623.7,1430.3,1211,1197,69.77758563074352,11.73331108425921,76.155,66.533,83.466,574
CA,2023-03-18,10229,1017.0093850816312,416.19437707387533,1028.0,619.5,1568.5,1165,1223,68.77272281275549,10.322303497272106,71.08000000000001,59.772999999999996,81.438,575
CA,2023-03-19,10570,1025.7285714285715,515.3093644598359,1043.5,595.2,2028.0,1160,1181,69.50656223539373,9.8738723688103,68.11,55.141999999999996,74.062,564
CA,2023-03-20,11715,1037.0610328638502,436.5015758429577,1039.0,621.6,1697.2000000000069,1292,843,69.50839857651242,14.260925143113962,71.24,46.93,78.21,489
CA,2023-03-21,11429,1028.2779770758593,363.4594845218291,1048.0,619.1,1433.2,1298,1355,69.4589372693727,15.005942156359259,69.28999999999999,54.516,93.369,657
CA,2023-03-22,11898,1055.2231467473518,416.49302521275547,998.0,585.5,1608.0,1270,1328,69.05716867469874,12.963908315815168,69.7,57.22,86.95,608
CA,2023-03-23,11218,1039.5440363701196,394.87739917618035,1027.0,636.0,1482.0,1278,1276,69.63186520376175,10.612547212301736,64.85,55.428999999999995,79.256,636
CA,2023-03-24,11307,1031.0412134076234,384.1050839880637,1041.0,611.4,1603.4,1291,1377,69.85122004357298,14.774629413476182,68.815,47.658,85.827,651
CA,2023-03-25,10702,1022.4222575219585,306.31462783894926,1070.0,590.8,1354.0,1228,1279,69.53240813135262,7.1403375556176085,71.435,61.581,77.978,614
CA,2023-03-26,10999,1015.3684880443674,413.86596647026664,1078.0,597.0,1608.0,1204,1288,69.43041925465835,13.257825990712051,73.5,51.31,87.005,575
CA,2023-03-27,12271,1035.7238203895372,389.30656304167354,1040.0,545.0,1549.0,1299,1278,68.94071987480439,9.511755802032557,67.46000000000001,61.016000000000005,84.424,596
CA,2023-03-28,12258,1037.4324522760649,267.4173863839708,1041.0,737.8000000000001,1317.6,1312,1370,70.05453284671535,11.238411531439843,71.405,58.01,85.67500000000001,653
CA,2023-03-29,12253,1040.260834081449,420.28108965930346,1022.0,666.5,1974.3,1331,1319,69.47433661865053,12.341938623230623,70.66,56.75600000000001,81.714,656
CA,2023-03-30,12072,1014.9737408880056,451.21497424788413,980.5,513.6,1963.0,1304,1353,68.94903917220992,11.757711415678434,67.6,53.85,79.31,656
CA,2023-03-31,11877,1048.3356908310177,339.9835978270155,987.0,617.0,1372.0,1299,1394,69.90710903873743,10.719674150313008,77.30000000000001,59.424,87.886,645
CA,2023-04-01,10886,1058.7313981260343,421.1326024796135,1127.0,624.1,1976.0,1186,1245,69.22473092369484,11.61659432774986,70.825,50.583,78.81,582
CA,2023-04-02,11087,1045.557950753134,413.5919436645454,1072.0,583.0,2006.0,1210,1287,70.36614607614612,7.986387202957014,60.900000000000006,57.275000000000006,71.82000000000001,591
CA,2023-04-03,12058,1051.4668270028199,325.2987282825161,1057.5,729.3,1340.0,1299,1334,69.33799100449771,10.293369041388841,65.03,52.264,76.87400000000001,652
CA,2023-04-04,11623,1054.075453841521,422.87566032898906,1227.5,783.0,1989.5,1320,1420,69.09364084507044,10.365279534808058,76.7,65.2,90.59,673
CA,2023-04-05,12053,1060.1575541358995,412.15475466132966,1096.5,586.2,1454.1000000000008,1336,1410,69.26626241134754,13.581528634941224,69.375,58.461,80.62400000000001,638
CA,2023-04-06,11094,1056.3483865152336,561.4929157790082,1102.0,686.3,2060.1,1234,1276,68.8073119122257,14.245546904614445,81.59,56.25,86.88,613
CA,2023-04-07,11049,1044.0646212326908,284.9611281660871,883.0,550.6,1376.4,1204,1360,69.64424999999999,11.51736937557068,65.68,52.510000000000005,78.49000000000001,618
CA,2023-04-08,10939,1065.1491909680951,437.05555527675233,1088.0,763.7,2063.0,1166,1179,70.24481764206958,11.217757196989615,71.56,60.597,83.473,566
CA,2023-04-09,11009,1054.8852756835313,368.52915514680745,1106.0,775.8,1479.4,1191,1442,69.28404993065188,13.169794110884078,66.4,46.126000000000005,73.61399999999999,589
CA,2023-04-10,11875,1069.3979789473678,378.2814428570464,1130.0,817.0,1510.8,1234,1419,68.75763213530657,12.146694855736161,66.59,56.21,87.24,606
CA,2023-04-11,11835,1073.944233206591,431.49962814682976,1075.0,555.8000000000001,1506.6000000000001,1270,1362,69.28969897209983,10.935565552400602,70.06,58.43,83.968,587
CA,2023-04-12,11075,1046.5402257336343,385.1931135055003,1082.5,726.0,1470.0,1285,1492,69.03486595174265,12.402778453987025,74.89,59.8,90.98,631
CA,2023-04-13,11361,1059.497051315905,468.95440746148347,1095.0,658.0,2101.6,1287,1487,69.44221250840617,12.747835910779653,69.655,53.095,88.88100000000001,628
CA,2023-04-14,10691,1045.8777476382013,531.5188999273355,1103.0,546.4,2160.2,1260,1331,69.5246506386176,15.729508487072884,67.11,48.983000000000004,83.848,619
CA,2023-04-15,10796,1074.0433493886617,416.16035212701615,1066.5,541.0,1423.8000000000006,1175,1435,69.84554006968642,8.555368174974996,70.94,61.8,80.815,599
CA,2023-04-16,10117,1067.202728081447,466.0343345649823,1094.0,475.8,2111.7999999999997,1191,1348,70.00383531157266,15.006968455428371,64.31,46.604,81.448,558
CA,2023-04-17,11182,1049.3045072437844,326.01059033396024,934.5,543.0,1272.5,1275,1366,69.91048316251832,13.683585235196546,70.8,48.05800000000001,81.214,621
CA,2023-04-18,11266,1036.9522456950117,288.21983534152383,968.0,546.8000000000001,1277.6,1313,1486,69.7103835800808,8.95121749677418,74.01,65.154,87.45000000000002,675
CA,2023-04-19,11904,1052.1415490591394,290.7538644856824,1069.0,676.0,1313.6,1314,1529,70.52861347285811,11.08690931784969,71.59,65.454,85.502,639
CA,2023-04-20,10780,1053.0894248608527,308.47026486567415,1019.0,704.0,1349.0,1278,1465,69.45826621160407,15.028660175367152,78.11,51.584,90.542,660
CA,2023-04-21,11231,1062.5311192235777,519.1267382695117,1322.5,649.3000000000001,2050.4,1272,1458,70.06383401920438,9.24655983325691,79.42,60.534,83.764,646
CA,2023-04-22,10604,1078.7511316484345,447.14324070931855,1091.0,549.6,2025.6,1198,1333,70.6220630157539,13.12933604143366,77.99,53.86,86.412,616
CA,2023-04-23,10680,1064.8288389513095,536.1162279185013,1059.5,560.4,2087.4,1200,1443,69.78155925155923,14.851113688130521,74.69,59.51800000000001,83.806,594
CA,2023-04-24,11557,1049.2402872717842,468.1798808280295,1096.0,703.6,2054.6,1297,1474,70.07518995929443,15.626606669395628,72.18,48.989000000000004,80.39699999999999,655
CA,2023-04-25,11455,1057.3881274552589,455.4032399784231,1092.0,557.2,2061.8,1305,1442,69.43068654646329,16.111798630259777,69.92,56.216,84.509,655
CA,2023-04-26,10890,1072.165472910927,446.70751214111726,1085.0,591.8,2079.1,1286,1411,69.48712260807936,13.02759187263709,68.69,50.366,83.468,621
CA,2023-04-27,11135,1068.0405927256393,360.8603952192382,1051.0,578.0,1333.0,1259,1427,70.19762438682551,6.671955814283777,77.52000000000001,69.917,86.295,629
CA,2023-04-28,11270,1065.6945874001776,400.2712353918105,1055.5,730.8,1525.7,1255,1438,70.97655076495131,12.729363799278227,68.015,55.51,89.03999999999999,635
CA,2023-04-29,9688,1063.1812551610242,472.19311505786294,1083.5,503.1,2088.0,1160,1257,70.06600636435958,10.069468293607976,70.66,55.3,79.074,571
CA,2023-04-30,9665,1057.089394723228,467.9999236158162,1088.0,672.0,2094.0,1149,1191,70.1047271200672,10.804777832051894,66.255,56.985,82.54599999999999,542
CA,2023-05-01,11451,1062.2694087852594,451.6742064445865,1064.0,507.40000000000003,2081.0,1284,1419,69.99445384073294,9.251910013012928,68.965,59.555,83.637,619
CA,2023-05-02,11057,1077.7711856742337,561.2733383342202,1157.0,493.0,2144.9,1251,1453,70.08350997935307,8.861009747765772,66.92,58.81,79.297,638
CA,2023-05-03,11526,1070.4866389033486,473.85132861964087,1058.0,709.0,2106.0,1271,1546,70.78501940491591,12.288317057722393,65.91499999999999,53.495000000000005,84.006,632
CA,2023-05-04,11213,1113.0672433782215,502.2239107653744,1030.5,711.5,2166.0,1233,1454,70.41139614855572,10.146563670572794,71.20500000000001,56.032,81.19200000000001,637
CA,2023-05-05,10890,1076.262442607897,509.26987419871443,988.0,504.4,2209.0,1261,1431,70.35923130677851,10.37809284020913,66.8,61.281000000000006,86.816,630
CA,2023-05-06,9529,1059.5712036939872,511.250883367105,967.0,518.4,2169.8,1119,1197,71.0112113617377,11.390789865062038,70.705,60.87,88.11500000000001,558
CA,2023-05-07,9987,1063.3989185941723,527.3635582335313,1011.0,504.0,2182.0,1152,1262,70.37298732171156,12.474498942860693,72.71,56.068,80.2,584
CA,2023-05-08,10967,1078.8082429105496,563.8310492944119,1083.0,667.7,2219.0,1236,1347,69.93651818856719,8.560548113292748,81.79,71.296,88.434,612
CA,2023-05-09,10889,1048.8784094039868,621.0428249025016,1018.0,681.0,2234.6,1240,1291,70.37371804802476,11.855302305297828,75.49000000000001,62.272,91.64099999999999,610
CA,2023-05-10,10599,1071.5668459288622,647.4314977338837,1344.5,682.1,2186.0,1247,1385,70.62329963898921,7.134148092099013,75.455,67.857,80.835,643
CA,2023-05-11,10770,1077.2878365831018,574.0210048356882,1263.0,734.1,2138.8,1206,1317,70.3439559605163,9.289451738906202,78.83,66.418,88.49000000000001,617
CA,2023-05-12,10660,1089.44512195122,578.4597176982463,2041.0,780.0,2181.0,1265,1197,70.74293233082706,16.097371245020103,77.075,65.57300000000001,93.89800000000001,575
CA,2023-05-13,9070,1062.6202866593164,635.2663715704489,1045.5,791.4,2193.0,1080,1210,70.30761157024793,9.276428084426685,73.17,58.28,85.426,526
CA,2023-05-14,9336,1072.8605398457582,591.0036347308387,1204.0,849.0,2196.0,1118,1260,69.75238095238095,13.548328657745298,73.44,54.054,89.984,556
CA,2023-05-15,10344,1070.1449149265286,561.3139646399428,1226.0,789.9,2174.0,1191,1286,69.91474339035771,11.844849857387148,71.95,63.86000000000001,89.674,570
CA,2023-05-16,10705,1073.3383465670258,652.3611996066512,1258.5,782.0,2205.0,1193,1367,69.70785662033653,13.887309697602307,65.46,45.202,81.836,613
CA,2023-05-17,10940,1070.7716636197445,454.351615084045,1065.0,789.0,2201.2,1231,1436,70.32612813370476,8.169968096524299,72.65,62.668,80.95,639
CA,2023-05-18,10086,1075.4833432480677,605.4140948522705,1313.5,766.4,2250.3,1181,1268,71.04492902208206,10.28509613319855,67.4,59.364000000000004,84.51599999999999,568
CA,2023-05-19,10259,1081.9804074471197,647.0653738888657,1349.0,754.3,2306.0,1173,1322,71.23599848714066,13.633099789722923,76.15,58.3,82.292,589
CA,2023-05-20,9053,1068.4735446813213,634.6126944074754,1005.0,664.8000000000001,2308.0,1092,1194,70.72873534338356,19.80426453443803,72.265,45.24,84.788,521
CA,2023-05-21,9220,1067.1391540130146,676.4616789198716,986.0,568.0,2290.0,1038,1163,71.23043852106623,20.23769406176257,65.715,45.426,86.545,494
CA,2023-05-22,9623,1070.2098098306144,580.3835743509665,973.5,546.2,2298.9,1113,1308,70.16212538226299,11.958579885960075,66.39,58.026,86.198,544
CA,2023-05-23,10311,1065.8651925128506,632.1937999813981,1035.0,568.6,2246.8,1205,1242,70.8000080515298,11.004874985091837,75.13,59.584999999999994,84.43599999999999,572
CA,2023-05-24,10671,1070.6666666666677,430.7448711206612,1043.5,739.0,2162.5000000000045,1216,1344,70.26066964285718,10.709184628937287,72.03999999999999,52.961,79.312,582
CA,2023-05-25,10083,1063.7629673708225,549.7161552807461,1030.0,701.8000000000001,2246.6,1199,1330,70.84829323308267,11.284923967427396,73.99000000000001,58.868,87.056,587
CA,2023-05-26,9975,1071.7480701754382,574.7423272287621,1062.5,746.3000000000001,2189.3,1150,1299,70.70514241724403,14.725319804994898,72.975,56.125,90.78,565
CA,2023-05-27,9795,1071.5148545176105,471.2352114751313,972.0,546.0,2175.0,1083,1175,69.99532765957449,11.796799783038926,74.15,55.95,81.264,548
CA,2023-05-28,9518,1064.6638999789868,599.6479351317327,1042.0,670.8000000000001,2211.2,1087,1359,70.7108020603385,7.354690680103413,70.91,62.548,77.774,557
CA,2023-05-29,10238,1063.6564758741943,506.8800445136272,1049.0,762.0,2190.0,1153,1230,70.51230081300817,18.416936649604775,81.27,49.152,94.226,541
CA,2023-05-30,10662,1097.1352466704188,541.128458741916,1140.0,759.2,2201.0,1143,1411,71.02619418851876,13.55492259821496,73.92,56.262,86.598,549
CA,2023-05-31,9946,1080.9437965011055,638.7067031561353,1313.0,648.0,2250.0,1149,1398,70.64887696709582,15.019126411337053,73.16999999999999,50.655,91.389,581
CA,2023-06-01,10377,1115.3831550544476,564.6042570961289,1047.0,794.6,2216.4,1203,1393,71.18138549892319,12.153774044691293,70.46,55.216,78.284,564
CA,2023-06-02,10943,1143.2792652837431,589.779640373725,1090.5,783.3000000000001,2217.3,1123,1402,70.82261768901569,12.539353321342036,68.05,58.236,86.916,586
CA,2023-06-03,9224,1109.1153512575893,665.3953187933537,1402.0,696.3,2205.0,1040,1116,71.30062724014333,11.212471471225939,70.97999999999999,58.75,85.827,508
CA,2023-06-04,9201,1095.078904466905,622.3490026531708,872.0,700.6,2194.4,1024,1228,71.1361726384365,13.10260136385138,69.15,53.81,84.525,499
CA,2023-06-05,10472,1085.312070282659,512.018890132351,880.0,719.4,2202.6,1154,1345,71.14729368029741,11.54573803040181,73.025,60.826,89.512,569
CA,2023-06-06,10548,1072.9116420174444,557.6903997845978,1079.0,753.0,2222.8,1203,1462,71.17404240766072,8.780354273335412,72.2,61.568,83.488,623
CA,2023-06-07,10139,1066.5025150409317,574.7360299639996,1056.0,659.0,2154.6,1155,1386,71.39364357864358,11.471549684074729,67.68,51.43,80.92,574
CA,2023-06-08,10869,1085.5247952893553,485.74847695914366,895.0,448.4,1508.2,1158,1480,69.93873648648653,13.133932488699967,69.78,50.906,85.87400000000001,604
CA,2023-06-09,10621,1115.5048488842854,556.0436649809928,955.5,638.5,2178.0,1159,1487,71.3047612642905,11.64815194728255,76.07,61.769999999999996,89.28,592
CA,2023-06-10,8799,1088.3802704852826,537.1362417694623,955.0,752.8,2161.6,1035,1204,70.3967441860465,11.103255484448745,68.74,55.422,83.436,516
CA,2023-06-11,9302,1086.8527198451945,471.46450204200346,957.0,740.4,2154.0,1042,1290,69.79576744186048,14.961590164381377,69.51,52.226,86.732,534
CA,2023-06-12,10595,1085.82425672487,474.65952828211624,1020.5,578.7,2164.0,1165,1388,70.53592219020175,13.374337034112788,71.89,47.33,79.168,579
CA,2023-06-13,10942,1082.1985925790532,503.2183941212869,864.5,607.0,2168.0,1166,1400,70.53253571428573,11.454057124415568,71.85,54.834999999999994,83.765,590
CA,2023-06-14,10767,1112.1533389059164,459.945307654136,879.5,667.9,2148.4,1163,1342,70.99859165424732,13.41423126320152,75.775,61.952,84.44500000000001,588
CA,2023-06-15,10390,1104.152550529356,516.5345975150713,883.5,667.6,2173.0,1155,1333,69.66598649662417,13.336287397115493,74.64,53.465,89.22,578
CA,2023-06-16,10834,1102.707033413328,416.331846430651,803.0,690.0,1305.400000000001,1162,1326,70.17623680241326,10.223914359304313,69.475,54.535000000000004,80.108,598
CA,2023-06-17,9259,1099.7135759801276,427.0013274140293,883.0,769.1,2126.8000000000047,1055,1226,69.94873572593802,12.053583670010378,77.13,50.382000000000005,82.41,512
CA,2023-06-18,9204,1115.17459800087,427.18946929917314,878.0,824.8,1400.4000000000008,1035,1261,70.42917525773193,9.73470186539697,71.815,58.071,80.409,524
CA,2023-06-19,10848,1114.7816187315639,467.5901788128384,871.0,797.9,2211.1,1181,1479,70.41482082488167,11.18556578513549,75.30000000000001,59.789,86.94099999999999,611
CA,2023-06-20,10803,1124.1397759881522,364.7308771205368,974.0,766.5,1450.5,1168,1378,70.15433962264154,9.57545815390276,77.4,65.226,88.60600000000001,554
CA,2023-06-21,10022,1083.2753941329079,490.48767171187626,1007.0,728.2,2098.8,1136,1373,70.42310997815002,13.64754409688949,69.36500000000001,49.67,84.00999999999999,588
CA,2023-06-22,10048,1108.3951035031837,478.8390785482575,968.0,415.40000000000003,2175.8,1117,1256,70.45734076433122,14.566465300728956,64.25,46.112,85.644,552
CA,2023-06-23,9594,1119.3279132791329,589.6892765930744,862.0,389.2,2180.8,1124,1237,70.40953112368632,15.336983922531834,68.63,48.144000000000005,85.964,554
CA,2023-06-24,9352,1117.2712788708293,613.858367039173,1058.5,427.5,2203.1,1046,1287,70.47189588189592,16.702629749699764,70.13499999999999,46.368,93.97399999999999,562
CA,2023-06-25,9376,1115.074552047781,639.7905002793887,889.0,783.7,2207.3,1046,1200,70.674175,13.861589437304621,70.60499999999999,54.173,85.849,508
CA,2023-06-26,10289,1152.5147244630198,657.9727834951165,1046.0,746.4,2219.0,1121,1328,71.94046686746987,10.178958143586645,68.18,59.047000000000004,81.50699999999999,527
CA,2023-06-27,10410,1100.2014409221895,492.8730149132272,1055.0,839.8,2177.7,1133,1495,71.09942474916389,13.769665333693496,71.09,57.232,87.85400000000001,583
CA,2023-06-28,9869,1125.0911946499145,570.4716273989792,1183.0,795.0,2221.0,1112,1355,71.48709225092246,13.045215020746113,75.035,59.620000000000005,89.22300000000001,544
CA,2023-06-29,10055,1109.6681253107906,530.6271136317372,1099.0,768.4,2263.0,1090,1258,70.83087440381559,15.031761474547208,66.845,48.85,88.234,556
CA,2023-06-30,9537,1134.9422250183497,625.886142885469,1387.0,758.8,2208.0,1078,1283,70.52523772408418,10.824136178005153,71.035,58.856,85.81400000000001,540
CA,2023-07-01,8927,1117.7429147529958,657.5538207548698,908.0,688.6,2210.2,950,1205,69.89621576763486,14.638207074213513,73.52,56.68,87.88,483
CA,2023-07-02,7823,1126.1190080531767,577.4539265903329,905.5,682.3,2275.7,952,1037,70.97059787849564,15.385228846743447,73.25999999999999,50.244,87.643,455
CA,2023-07-03,9887,1133.6812986750276,679.0002597262635,900.0,511.5000000000001,2282.1,1026,1253,70.8292498004788,15.694366975941087,71.24,48.364,92.232,489
CA,2023-07-04,10176,1103.9096894654087,627.4180232029449,901.0,493.40000000000003,2202.8,1101,1300,70.3774769230769,14.092893378701984,72.1,56.82,87.45,537
CA,2023-07-05,9546,1085.3767022836792,645.4677854612428,1019.0,389.6,2188.0,1078,1358,71.88105301914581,11.516856464568999,73.75,62.114,90.41,521
CA,2023-07-06,9962,1119.2914073479226,503.513666843724,1044.0,656.4,2203.6,1086,1265,72.26003952569174,11.678768128531365,68.455,56.345,86.215,535
CA,2023-07-07,10447,1120.5081841677036,565.2719450549267,1027.0,574.0,2206.0,1074,1229,70.49835638730677,10.907604929278007,70.005,58.59,84.755,519
CA,2023-07-08,8543,1107.8902025049742,554.3821416622534,1088.0,686.2,2241.0,1006,1195,70.9772719665272,12.638986064949988,77.57499999999999,58.668,84.16199999999999,477
CA,2023-07-09,9559,1096.5120828538552,451.37013154886296,889.0,770.0,1504.0000000000007,987,1362,71.30715859030835,14.392505860632715,75.32499999999999,54.866,91.42200000000001,499
CA,2023-07-10,9861,1077.6049082243187,587.1213276352568,894.5,670.4,2186.9,1080,1243,70.70359613837488,13.61299204522905,66.285,54.297000000000004,88.04899999999999,532
CA,2023-07-11,10371,1086.72905216469,491.24283878357033,861.0,410.2,2176.7,1079,1337,70.86361256544508,11.562952034982832,70.155,62.29,90.025,551
CA,2023-07-12,10099,1056.431131795228,387.69044046410954,888.0,458.2,1344.7,1067,1348,70.6751928783383,12.436021017592404,72.43,55.78,84.916,516
CA,2023-07-13,9977,1120.852560890047,439.4305323448673,1037.0,653.2,1322.4,1090,1331,70.7746356123216,16.176605199039614,76.22,53.182,84.758,540
CA,2023-07-14,9957,1138.959626393492,632.9805906605927,1132.0,764.2,2248.0,1059,1411,71.90169383416018,11.876171415073824,75.71,61.274,93.008,550
CA,2023-07-15,8872,1139.8733092876457,528.3237306171706,939.0,826.0,2179.0,972,1225,71.15488163265303,15.46830303394655,75.33500000000001,51.234,85.59100000000002,477
CA,2023-07-16,8660,1108.2629330254047,283.6833879186383,849.0,631.0,1190.000000000001,992,1208,72.15254966887419,11.467686427523207,73.48,60.978,87.90599999999999,461
CA,2023-07-17,10019,1121.326080447151,383.76614939676926,846.0,622.0,1304.0,1082,1289,71.55585725368503,17.23591497728411,72.355,54.719,90.498,549
CA,2023-07-18,10100,1123.0332673267326,520.4728576533098,1034.0,526.6000000000001,2200.0,1110,1239,70.45668280871668,20.08808639673388,76.47999999999999,50.194,90.75200000000001,547
CA,2023-07-19,9834,1090.3940410819614,448.1847354976676,1035.5,772.0,2222.6000000000004,1076,1237,71.28247372675828,10.271965227165598,75.12,58.526,86.83500000000001,533
CA,2023-07-20,9211,1109.285093909455,384.8531733228833,1022.5,677.5,1541.5,1099,1363,71.96540719002198,15.754254738176982,72.44,55.455,89.95200000000003,531
CA,2023-07-21,9335,1092.0303160149972,410.5083450536127,890.0,544.8000000000001,1514.2,1076,1285,71.1041322957199,8.877267132713882,72.96000000000001,60.485,83.30000000000001,529
CA,2023-07-22,8337,1104.0212306585092,354.52533248569983,921.0,759.5,1528.0,982,1161,71.42097329888027,11.707695632972854,75.15,63.04,89.782,482
CA,2023-07-23,8216,1110.7167721518997,350.41605033606993,906.0,678.0,1363.8000000000002,955,1147,71.55139494333042,10.683616670259605,73.32,57.704,85.006,455
CA,2023-07-24,9528,1127.6806255247682,487.0309185506161,934.0,400.0,1567.2,1100,1273,71.26377847604083,18.023550565856883,78.21000000000001,50.711,86.34800000000001,546
CA,2023-07-25,10233,1108.899540701652,493.8453095172039,1078.0,704.4,2151.7,1101,1376,71.19410610465113,12.750351582777201,75.615,59.976,90.465,564
CA,2023-07-26,9846,1109.1914483038804,408.36868150139225,1004.0,771.0,1568.0,1076,1322,71.83660363086229,11.863657031443644,69.49000000000001,54.102,85.626,552
CA,2023-07-27,9809,1118.6880415944545,479.54047192657555,963.0,701.0,2172.6,1114,1366,72.39144948755492,9.458360016624534,72.01,59.606,81.112,542
CA,2023-07-28,9787,1103.0166547460926,519.7057480030068,978.0,386.2,1581.8,1066,1306,70.85107197549773,11.780618351767446,68.30000000000001,60.501,83.80900000000003,525
CA,2023-07-29,8485,1091.481084266353,349.6346178134181,920.5,753.9,1580.0,1002,1224,71.65895424836596,11.043207403648633,69.07,53.458,81.544,496
CA,2023-07-30,7896,1098.403875379939,382.5991442760496,834.0,247.20000000000005,1514.0,980,1200,71.20211666666667,11.39706529477362,68.835,56.144,81.304,487
CA,2023-07-31,9094,1106.731691224984,399.60322679170775,865.0,407.5,1347.0,1073,1366,71.48304538799414,9.634472458601744,74.76,61.265,84.85,536
CA,2023-08-01,10419,1089.9164987042907,455.88084311132764,1004.0,416.0,1582.8000000000002,1077,1410,70.98971631205673,11.229535582015629,75.53,57.281000000000006,83.784,556
CA,2023-08-02,9619,1112.2762241397231,473.97498917344257,901.0,688.5,1893.5,1108,1441,71.46625954198468,11.728338527232877,72.17,57.33,85.98,544
CA,2023-08-03,9687,1125.9012078042738,400.8849946745053,870.0,744.4,1592.2,1073,1324,71.19525679758304,12.869385071068393,66.31,50.017,85.18300000000002,561
CA,2023-08-04,9386,1131.2424888131263,423.14703256424315,843.0,562.1,1580.7,1082,1377,71.65609295570079,10.093495242188487,72.3,57.506,82.386,554
CA,2023-08-05,8195,1134.7513117754731,444.07839890609404,845.0,366.8,1622.1,960,1266,71.15637440758293,14.538373542006465,73.055,55.112,81.20200000000001,491
CA,2023-08-06,8033,1128.882360263911,470.73657691298007,832.5,403.90000000000003,1574.2,967,1121,71.24876003568241,12.044874359575118,68.26,58.608000000000004,86.01,514
CA,2023-08-07,9792,1126.6582924836594,504.6033613480364,875.5,759.0000000000005,2273.0,1079,1328,71.51264307228914,9.657347149149382,74.82,62.106,84.206,542
CA,2023-08-08,9726,1136.4569195969568,464.8225407346335,939.0,458.0,1530.1,1084,1343,71.70026061057334,13.518998663823034,72.005,51.818,85.382,562
CA,2023-08-09,9183,1079.4918871828377,459.85972263785726,934.5,493.0,1554.5,1077,1244,71.80114147909967,12.434951743053569,71.36,53.465999999999994,81.788,534
CA,2023-08-10,9876,1116.910085054677,538.4611248239574,1019.0,539.6,2246.2,1120,1369,72.32140248356465,15.298788200643974,71.39,53.778,87.71600000000001,559
CA,2023-08-11,10195,1125.4610102991662,474.6048232739425,894.0,506.8,2116.8,1080,1321,71.96200605601814,14.370639547354878,71.71000000000001,48.602,89.35799999999999,530
CA,2023-08-12,9064,1119.0281332744928,416.8273611937927,907.0,671.5,1587.5,1012,1181,70.75380186282813,9.962251151771568,69.28,55.674,79.72200000000001,509
CA,2023-08-13,9143,1097.6019905938967,338.84623277171477,865.0,761.2,1521.0,1050,1188,71.75603535353534,9.639065308616871,72.93,60.461999999999996,81.792,493
CA,2023-08-14,10104,1119.5945170229604,367.66321366277776,844.0,467.6,1395.4,1113,1370,71.05275182481748,12.50953673952397,68.75999999999999,55.927,86.289,557
CA,2023-08-15,10528,1113.252279635259,389.94921403701824,826.0,478.3,1516.0,1126,1403,70.58813970064149,10.588991716789247,72.17,62.16,82.49,576
CA,2023-08-16,10775,1105.8968909512762,440.50002959039153,896.0,449.8,1611.0,1097,1433,71.9622260990928,12.644267482143835,71.06,55.09,87.776,546
CA,2023-08-17,10922,1123.6193004944153,284.33495062511724,902.0,464.0,1263.8000000000009,1106,1576,72.16600253807106,5.167720216053202,65.07,60.22,74.02,584
CA,2023-08-18,10620,1115.4336158192098,412.8383349174849,1067.0,494.0,1567.6000000000001,1097,1552,72.25251288659796,10.262369179289092,74.92,61.766,88.736,568
CA,2023-08-19,8219,1082.4423895851082,372.2351027917569,1119.0,687.7,1525.3000000000002,1015,1170,71.74900854700857,12.636827940909985,74.18,55.224000000000004,88.22,499
CA,2023-08-20,8414,1092.4898977893984,429.90632691854006,896.0,658.5,1465.0,995,1241,71.88559226430301,14.654861124483013,73.47,50.362,85.904,508
CA,2023-08-21,9368,1082.3193851409046,363.93821935413,1068.0,802.0,1506.0,1096,1566,72.1996360153257,14.861669609527944,63.79,53.23,90.53,563
CA,2023-08-22,9570,1092.9784743991638,342.84786285422854,902.0,617.1000000000004,1522.7,1075,1449,71.3331953071084,11.36991930490274,71.565,54.300000000000004,78.83099999999999,545
CA,2023-08-23,9394,1104.3819459229294,369.970083936316,1125.0,667.0,1523.0,1114,1504,71.70640292553192,12.05884382043794,83.37,62.6,89.842,571
CA,2023-08-24,10236,1112.5944704962874,395.0008750102035,1100.5,751.0,1536.5,1143,1525,71.55906885245903,7.623844739813372,68.76,61.33,79.55,589
CA,2023-08-25,10340,1090.1363636363637,305.2079407864638,901.5,711.1,1493.6,1133,1499,72.0105336891261,11.03312719312717,70.155,56.68,83.08200000000001,573
CA,2023-08-26,8452,1113.1142924751534,378.268441864884,1109.0,789.0,1535.0,1022,1166,70.9008490566038,11.358426033829405,70.06,53.065999999999995,81.32000000000001,516
CA,2023-08-27,9117,1111.075573105188,376.91416151405423,871.0,765.6,1390.399999999999,1040,1230,71.50526829268293,12.538609811298857,69.66,58.278,86.91000000000001,518
CA,2023-08-28,10127,1109.6882591093124,320.18619033403695,1059.0,765.0,1503.0,1135,1518,72.49565876152826,9.654275788334923,74.57,60.696,83.358,590
CA,2023-08-29,11274,1130.610963278339,498.0477252140693,1165.5,764.0,2189.1,1153,1559,71.27412443874276,14.013533316171914,74.25,57.887,88.452,602
CA,2023-08-30,11009,1107.655827050595,521.4786451886748,1097.0,685.0,2160.4,1189,1546,72.12543984476066,10.129385136485,74.95,62.734,87.582,613
CA,2023-08-31,10092,1126.6417954815697,510.09454924094115,893.0,545.0,2163.0,1113,1365,71.97548717948719,10.77283073691255,73.21,58.79,86.79,562
CA,2023-09-01,10307,1129.1841466964202,478.1650981733308,1099.5,543.6,2152.4,1111,1404,72.03008547008545,13.442437481490735,74.47,53.002,86.358,563
CA,2023-09-02,8858,1122.2625874915332,390.5199063442802,840.0,551.0,1453.6,1033,1255,71.63627888446217,14.748080300919108,80.12,55.58,93.34,529
CA,2023-09-03,8331,1128.882126995559,239.92815327772757,1107.0,741.8,1276.2,1016,1172,72.02822525597273,15.781222024768594,81.04,51.33,90.97,500
CA,2023-09-04,9773,1116.8821242197885,242.05139478161712,868.0,764.0,1356.0,1067,1362,71.72852422907489,12.306942218711004,74.725,59.805,87.4,538
CA,2023-09-05,10253,1118.9352384667898,298.7721927041911,942.0,713.4,1442.0,1176,1458,71.5033127572016,10.258987649188729,74.19,60.324000000000005,81.896,591
CA,2023-09-06,10349,1118.9295584114413,355.7253464826246,858.5,663.1,1458.1000000000001,1169,1316,71.48619300911857,11.52819258933209,66.78,49.958,83.15,578
CA,2023-09-07,10712,1116.6377893950707,372.36597563108836,1082.5,661.0,1619.0,1177,1481,72.31695476029707,13.278295699614109,70.815,48.790000000000006,84.475,587
CA,2023-09-08,10177,1090.8540827355807,345.31651100820847,973.0,667.8,1399.2000000000014,1165,1415,71.45922261484098,9.132119140703324,72.08,60.663000000000004,82.029,580
CA,2023-09-09,9177,1095.9135883186223,455.2744840011885,1110.5,670.1,1482.4,1052,1291,71.68395817195969,11.99407803210554,74.905,56.975,82.55000000000001,543
CA,2023-09-10,9222,1119.9891563652143,358.66871286801,921.0,740.0,1634.0,1054,1311,70.92682684973303,12.86583009309446,73.295,55.19,86.30700000000002,535
CA,2023-09-11,10408,1095.514508070715,333.93187447060615,1129.0,710.0,1608.0,1165,1410,72.10275886524823,10.573699331926527,77.7,63.43,91.732,584
CA,2023-09-12,10615,1113.8169571361282,374.30009459291693,1077.0,787.5,1469.5,1160,1420,71.44032394366202,11.799002836523435,75.75999999999999,60.492,89.587,584
CA,2023-09-13,10865,1095.5778186838465,344.91328306314807,1100.5,707.0,1574.5,1206,1467,70.99770961145197,12.63260968885766,65.77,51.029,81.428,593
CA,2023-09-14,10340,1113.7469052224371,417.18001280734615,1091.0,714.5,1582.0,1194,1483,71.9428725556305,11.617648307629311,68.29,50.896,77.812,627
CA,2023-09-15,10407,1119.4753531277022,354.5043137786257,1075.5,838.9,1585.1,1156,1505,71.64617275747507,11.155098755497324,72.94,56.57,88.642,592
CA,2023-09-16,8967,1113.1831158692983,286.68003590166563,918.0,719.2,1436.8,1081,1169,72.0535500427716,12.087606802929281,70.75,54.521,81.58100000000002,529
CA,2023-09-17,9664,1116.6855339403983,359.3189046787207,956.0,830.3,1473.7,1042,1271,71.91352478363495,9.68758606822899,74.4,64.06,84.96,534
CA,2023-09-18,11009,1110.7316740848396,333.0649973755183,1047.5,703.1,1506.2,1235,1529,72.26029431000653,9.8635379778059,73.78,60.1,87.68,595
CA,2023-09-19,10548,1114.861111111111,351.6276415246597,1071.0,671.4,1534.0,1165,1401,71.64723768736617,12.281782932457322,73.5,57.114000000000004,87.29,575
CA,2023-09-20,10602,1102.440011318619,409.8978357056971,905.0,655.0,1595.0,1189,1401,72.19255531763025,10.896731321692963,72.6,59.95,82.334,590
CA,2023-09-21,10222,1112.503815300333,394.3185954101049,827.0,578.0,1534.0,1187,1429,71.96083275017496,12.111777191233468,73.2,51.692,85.52199999999999,590
CA,2023-09-22,10099,1081.0409941578368,415.2402916594017,892.0,561.4,1600.0,1187,1403,71.91765502494654,7.714030671714513,74.55,63.504,82.082,609
CA,2023-09-23,9369,1124.1655459494075,498.9962176450718,1002.5,545.4,2201.6,1097,1158,72.61880829015541,11.948474849940867,71.58,58.27,84.37,519
CA,2023-09-24,9350,1102.9722994652413,400.8907142538974,974.5,699.5,1591.1,1055,1142,72.00919439579688,14.20973998413295,74.13,57.057,88.47200000000001,514
CA,2023-09-25,10479,1099.9051436205746,340.01478196104375,882.0,666.0,1504.0,1191,1382,71.93424746743852,9.955133357465913,73.07,60.262,84.465,584
CA,2023-09-26,10685,1097.896116050538,390.5204033887079,891.5,536.0,1549.3,1197,1399,71.63185132237312,10.634566483404052,76.87,58.555,83.785,593
CA,2023-09-27,10266,1099.0134424313264,398.7867639931078,1005.0,567.3,1568.7,1187,1419,71.51000704721633,10.728895355792952,76.4,60.636,81.836,592
CA,2023-09-28,10275,1087.6741605839413,419.10401098377037,928.0,553.4,1586.7,1212,1383,71.26950831525672,13.58181377023173,73.325,57.67,86.76700000000001,598
CA,2023-09-29,9708,1116.8059332509272,422.1231576193825,1018.0,666.0,1610.0,1202,1303,71.45566385264767,11.649453198906237,74.94,63.72,90.69,586
CA,2023-09-30,9047,1102.5821819387645,454.15140466276875,1032.0,727.2,1523.0,1113,1196,71.4784113712375,11.230464300391452,73.22999999999999,55.875,86.44,530
CA,2023-10-01,9494,1108.116073309459,382.0046557642721,872.0,690.2,1506.2,1089,1236,72.02622168284786,12.089077013568904,73.81,55.688,86.14000000000001,532
CA,2023-10-02,10617,1109.9097673542426,502.02710508816034,909.0,540.8,1649.8000000000002,1171,1350,70.49720740740744,13.013871781279994,72.38,51.468,84.544,589
CA,2023-10-03,10865,1101.2090197883108,444.2161435104926,919.0,746.2,1638.6,1205,1405,72.09742348754448,10.36991699400742,71.28,56.949,81.583,609
CA,2023-10-04,10757,1106.2701496699817,393.7476218535614,929.0,601.2,1474.6,1201,1390,70.99938129496404,15.335490365488807,77.215,61.272999999999996,84.166,579
CA,2023-10-05,10302,1094.087749951465,509.0829445441127,914.0,652.0,2226.0,1217,1407,71.19707178393746,11.42155804536289,73.905,57.545,84.079,575
CA,2023-10-06,10786,1121.0396810680509,474.5348321225403,865.5,720.5,1613.0,1211,1377,70.99999273783588,15.880813087041721,68.785,51.297000000000004,86.072,575
CA,2023-10-07,9259,1082.7282643914027,508.9599803536394,836.0,534.6,2247.4,1119,1227,70.99713121434395,15.203204791671393,80.07,59.455,90.79499999999999,551
CA,2023-10-08,8860,1097.455079006772,567.3456698793597,1020.5,753.3,2270.9,1053,1205,71.43858091286306,12.473760663971424,78.55,61.475,94.176,526
CA,2023-10-09,9674,1079.95203638619,558.6378112439788,950.0,731.6,2250.4,1118,1330,71.014984962406,14.321292114897897,69.75,52.06,87.1,590
CA,2023-10-10,10664,1088.5688297074264,509.9388778452345,889.0,738.8,2271.2,1201,1449,71.31425810904072,14.449088647731385,74.36500000000001,53.063,83.76400000000001,608
CA,2023-10-11,10831,1094.2047825685531,397.67941810642526,1031.0,761.0,1675.0,1183,1444,71.11680747922435,12.750033360447366,72.36,53.61,82.676,597
CA,2023-10-12,10497,1111.0229589406495,411.13436809984796,1087.5,714.5,1660.5,1175,1353,70.35592756836662,12.6882547880442,73.72999999999999,56.548,86.09200000000001,597
CA,2023-10-13,10519,1111.4677250689226,588.226434049349,1086.5,734.9,2254.1,1217,1432,72.17295391061452,12.249523444174267,80.73500000000001,57.78,89.82499999999999,604
CA,2023-10-14,10492,1102.8688524590161,584.1130874070863,889.5,683.1,2264.0,1127,1369,71.15924762600434,9.543182866791613,76.41,63.06,88.34,580
CA,2023-10-15,10412,1095.2755474452551,589.475273940862,1035.0,799.0,2257.6,1099,1456,71.04598214285716,13.778933514971083,75.15,53.786,89.102,558
CA,2023-10-16,10972,1101.1006197593867,528.1554402912788,884.0,763.8,2212.6,1185,1515,71.94343894389439,9.193311503807301,76.22,65.206,87.928,579
CA,2023-10-17,10929,1102.0489523286667,391.418077722103,961.0,658.1,1505.0,1235,1522,72.2597831800263,8.16285201552397,79.185,65.695,85.548,597
CA,2023-10-18,11238,1108.1384588004983,386.7974904102331,987.0,727.0,1667.0,1224,1546,72.04964424320826,10.624656402082225,70.73,56.928,85.312,614
CA,2023-10-19,10711,1080.744748389506,432.0489200989111,1107.0,641.6,1671.0,1211,1417,71.26412138320391,12.746329312296147,62.95,56.285,85.235,627
CA,2023-10-20,11662,1087.088492539873,610.9833015065816,1349.5,659.0,2206.0,1239,1564,70.60907928388747,18.193119646425014,76.745,54.43000000000001,93.482,613
CA,2023-10-21,9719,1083.2230682168954,580.8061640796457,1098.0,660.8,2231.8,1129,1337,71.1121241585639,11.145591653043768,72.88,57.684,83.77,546
CA,2023-10-22,10235,1107.0591108939911,645.8481818878697,1135.0,675.0,2238.0,1151,1349,71.68847294292068,13.997556915739798,71.555,59.56999999999999,97.725,561
CA,2023-10-23,10500,1087.818857142857,582.3268130952943,1043.0,769.8,2205.0,1187,1375,71.19226909090912,11.332615850513337,70.97,54.106,80.94,585
CA,2023-10-24,11985,1111.3743012098457,593.8206768609655,1046.0,744.0,2265.0,1215,1546,71.50664941785251,12.639983136915655,74.09,58.758,88.872,603
CA,2023-10-25,11233,1080.2364461853465,598.0738154047217,1158.0,731.0,2207.0,1247,1510,71.22747682119208,10.206662497316449,74.34,60.072,81.886,639
CA,2023-10-26,11248,1082.2335526315794,416.46829203020167,885.0,722.9,1439.8000000000002,1243,1512,71.75296296296298,12.590060006100751,71.15,55.52,89.432,608
CA,2023-10-27,10281,1075.1687579029276,354.68922955021736,1042.0,634.0,1423.0,1249,1381,72.03161477190444,11.96733737674713,72.25,59.518,84.76,616
CA,2023-10-28,9719,1110.1789278732376,196.68222237208482,1025.0,719.9,1116.6000000000001,1109,1335,71.36644943820222,11.861786044925234,72.67,61.528,82.536,534
CA,2023-10-29,9950,1154.295376884422,218.5269116139911,939.5,724.5,1153.0,1096,1246,72.39792134831461,16.3035375241838,69.85,54.612,89.81800000000001,534
CA,2023-10-30,10852,1091.0756542572797,195.60901915952707,874.5,725.5,1118.2,1215,1390,71.19612230215826,14.765906489737358,67.26,50.980000000000004,89.106,600
CA,2023-10-31,10786,1124.9964769145186,379.5159968608414,869.0,526.8,1352.4000000000005,1215,1290,70.85811627906978,15.149048320879942,72.51,48.736,86.25,563
CA,2023-11-01,10509,1085.031591968789,364.48125685927783,946.0,546.2,1309.2,1197,1437,70.52930410577596,13.14620301528195,71.525,50.452,87.906,585
CA,2023-11-02,11408,1130.0539095371673,290.15096593818714,956.0,623.0,1305.2,1203,1436,71.70940111420612,11.04735613398158,71.07499999999999,60.073,85.706,591
CA,2023-11-03,10957,1082.4565118189278,340.3944717838547,969.0,736.0,1512.0,1204,1384,71.32377890173413,9.94151209876633,77.37,61.45,87.14,591
CA,2023-11-04,9513,1087.2821402291604,374.7664020947626,1004.5,795.0,1653.0,1093,1212,70.9284900990099,14.50663696381763,77.13,62.513,86.496,513
CA,2023-11-05,10056,1073.3690334128883,338.8528908200762,955.0,833.4,1688.8,1120,1303,71.77388334612431,14.1941344067032,77.36,62.472,85.262,567
CA,2023-11-06,11389,1084.4274299762928,486.7896392952197,1062.0,727.0,2165.0,1254,1475,70.64821016949152,8.493584063279767,75.79,60.97,86.45200000000001,632
CA,2023-11-07,11533,1088.5587444723826,440.557015107115,1127.0,804.5,1743.0,1220,1483,71.98861766689143,11.121884551474688,73.14,55.84,83.65,593
CA,2023-11-08,10811,1090.0538340579044,380.4470270614961,1127.0,689.6,1600.9,1228,1504,71.56117686170217,7.334585839704925,76.31,65.638,85.274,626
CA,2023-11-09,12038,1106.2999667718884,328.30471033387914,1109.0,765.2,1422.2,1248,1510,71.39619867549669,12.103375497665928,71.13999999999999,54.265,82.16,613
CA,2023-11-10,10962,1095.6458675424194,334.7651311908462,1095.0,858.0,1600.0,1212,1474,72.32243554952511,14.578716599411294,74.17,53.13,86.123,620
CA,2023-11-11,9984,1117.939202724359,423.3016735963925,968.0,812.0,1608.0,1125,1187,71.86889637742208,13.440937042492495,73.655,53.510000000000005,82.675,518
CA,2023-11-12,10245,1114.1100048804292,549.8243882329248,1152.0,782.7,2264.6,1149,1392,72.02860632183913,14.324598380059387,76.30000000000001,56.004999999999995,91.155,583
CA,2023-11-13,11203,1129.4960278496822,465.2115532545516,981.0,745.8,2207.8,1203,1503,71.61155023286757,11.677629654558773,75.47,60.63,90.88,591
CA,2023-11-14,11750,1138.3756595744687,374.34229153107117,933.0,700.9,1523.1,1236,1461,70.81437371663246,7.419369245427808,70.85,59.525999999999996,77.664,604
CA,2023-11-15,11211,1099.644634733743,460.942411192533,1097.5,726.9,1786.2,1216,1418,70.77990126939349,12.326694158974208,69.695,58.244,85.006,604
CA,2023-11-16,11496,1086.9146659707721,487.33783334550236,1144.0,718.6,2197.4,1254,1488,71.28997311827959,10.698030602738072,74.22,60.940000000000005,88.226,617
CA,2023-11-17,10649,1078.956615644661,441.09686976181797,1020.0,519.4,1594.6,1213,1402,71.22858059914402,8.035917558432091,76.13,65.825,82.88499999999999,593
CA,2023-11-18,10108,1120.4175900277014,328.3086023187637,1118.0,675.8,1507.0,1147,1389,70.95095032397407,13.271154940090087,74.625,58.971999999999994,92.62400000000001,566
CA,2023-11-19,10400,1141.1850961538457,429.07422434818903,1164.0,588.9,1773.0,1143,1384,71.55113439306358,8.118308924424321,76.6,62.948,82.046,576
CA,2023-11-20,10916,1103.5356357640164,387.4305889709231,1155.0,815.2,1609.2,1248,1358,71.91493372606773,9.955944169467584,76.11500000000001,65.678,88.60000000000001,598
CA,2023-11-21,11650,1137.3056652360513,345.5563953494173,1159.5,756.3,1631.7,1291,1601,72.10851342910685,13.217347124139549,77.375,59.299,87.811,665
CA,2023-11-22,11864,1135.9982299393125,464.4431940998239,1153.0,693.0,1807.5,1263,1598,71.25588861076345,11.220685532241026,72.3,55.455999999999996,87.18,650
CA,2023-11-23,11357,1123.5827243109984,451.27966189224105,1168.5,712.0,1883.0,1226,1538,71.46416775032509,14.936277669942028,74.96,51.788000000000004,90.71199999999999,635
CA,2023-11-24,11154,1105.0225031378882,462.0015594927281,962.0,720.4,1811.2,1231,1505,71.69404651162789,13.175598262286272,71.21,48.01,76.87,628
CA,2023-11-25,9755,1143.8673500768841,480.08937406234406,1110.0,763.0,1835.0,1121,1347,71.4026577579807,15.29280684004189,73.93,55.47,89.99600000000001,551
CA,2023-11-26,10184,1153.9218381775336,579.5005641288335,996.0,485.3,2164.9,1150,1351,72.23134715025905,11.25025948856292,77.0,60.21,91.144,575
CA,2023-11-27,11383,1113.8096283932182,409.9986034917927,762.5,587.0,1472.5,1246,1462,71.66450752393978,14.214013572969176,69.67,52.314,89.55400000000002,607
CA,2023-11-28,10356,1105.9921784472765,419.27712536495267,923.0,457.0,1554.2,1263,1535,71.64942671009779,13.870232081555782,77.48,61.296,94.15,628
CA,2023-11-29,11209,1117.0534392006425,482.28899618985304,942.5,431.5,1554.5,1290,1555,72.26908681672028,11.583927232266655,74.5,60.717999999999996,88.788,658
CA,2023-11-30,10374,1093.8076923076922,450.64060501533606,832.5,482.0,1540.0,1261,1487,71.6100941492939,16.767156256279574,69.45,49.406,89.584,604
CA,2023-12-01,10568,1126.5873391370171,469.9320880240618,987.0,623.0,1827.0,1265,1466,71.29975443383358,12.064396144579028,73.95,59.067,85.07800000000002,653
CA,2023-12-02,10731,1161.0961699748393,494.95079458719937,1213.5,814.0,2139.5,1182,1414,72.063585572843,11.160715226677121,72.58,62.337999999999994,89.114,599
CA,2023-12-03,10151,1156.4476406265392,379.79696198000016,906.5,740.1,1437.700000000001,1158,1327,70.97491333835714,12.249795944434018,80.08,61.26,92.82,563
CA,2023-12-04,11173,1117.6570303410008,465.60351859267286,907.0,743.2,2169.0,1248,1575,71.83047619047623,13.820594587426404,75.115,59.944,86.25600000000001,648
CA,2023-12-05,11155,1098.8151501568798,372.31625081009287,1070.0,648.4,1524.0,1277,1648,71.08703883495146,13.332656781081004,79.23,65.286,93.34,655
CA,2023-12-06,11174,1114.2094147127266,559.25713013604,1069.0,638.0,2218.0,1239,1611,71.74845437616389,13.346424879903637,71.23,53.96,87.258,642
CA,2023-12-07,11088,1131.0453643578642,671.6775297290893,1178.0,705.2,2256.0,1222,1570,71.45928025477708,11.384292137819742,78.29,61.188,90.64399999999999,617
CA,2023-12-08,10738,1127.7189420748741,586.8933086795585,1082.0,556.8000000000001,2236.2,1194,1510,70.95833774834439,12.109569697593287,70.17,50.875,80.52,563
CA,2023-12-09,10366,1124.3086050549875,314.1656013851786,1070.5,658.5,1204.1,1125,1386,71.46076479076477,10.31765060707072,72.56,55.97,75.81,555
CA,2023-12-10,10352,1130.1514683153018,186.4857634070558,864.5,701.0,1075.5,1130,1366,70.46552708638359,19.224181458110902,63.315,39.43,93.31,568
CA,2023-12-11,11884,1118.2694378996976,284.29146830008125,1042.0,658.8,1310.8000000000002,1271,1491,71.37700871898055,11.358844049363258,75.945,59.054,88.604,632
CA,2023-12-12,11624,1164.4391775636607,530.7301834034336,1023.0,654.5,2267.0,1247,1548,71.74017441860468,11.294820981091199,70.465,61.244,85.649,583
CA,2023-12-13,11182,1131.1531926310142,465.3558169656264,896.0,702.8,1585.2,1233,1564,71.98871483375959,11.564427116598727,76.565,56.823,88.176,611
CA,2023-12-14,10959,1155.4195638288168,362.6396379339934,921.0,649.6,1538.8,1234,1566,70.75809706257982,9.611653817951579,74.2,59.006,81.038,666
CA,2023-12-15,11628,1147.5439456484348,417.97959086943604,905.0,740.0,1565.0,1233,1604,71.63472568578553,13.250877234553458,71.545,55.435,84.715,594
CA,2023-12-16,9689,1128.5046960470638,526.5975548721218,1061.0,520.4,1845.4,1137,1348,70.69429525222554,12.214152774548058,70.63,57.708,84.378,565
CA,2023-12-17,10618,1181.4338858542103,371.56762641587665,896.0,645.6,1569.2000000000012,1155,1255,71.49257370517928,18.747506739580526,76.565,41.109,90.546,543
CA,2023-12-18,11130,1130.8596585804128,457.91492608213656,1082.0,660.4,1951.0999999999988,1289,1470,71.0501904761905,11.123394668473166,72.755,59.871,86.632,617
CA,2023-12-19,11893,1137.0818969141503,528.1246731374063,1060.0,676.0,2291.6,1261,1518,71.31375494071145,16.17121259110357,77.475,51.695,87.131,635
CA,2023-12-20,11522,1147.882051727131,463.7741623082745,969.0,649.5,1721.0,1268,1396,71.30097421203439,14.190336085597911,73.425,54.838,87.364,607
CA,2023-12-21,11198,1143.6176995892124,374.89170269096184,912.0,676.0,1395.2,1212,1314,71.69765601217658,15.442299849439527,67.96,43.2,83.67999999999999,578
CA,2023-12-22,10605,1141.9405940594056,399.7695141642024,951.0,719.8,1620.0,1211,1205,71.87738589211621,10.289694622266548,70.58,60.96,87.99,552
CA,2023-12-23,10136,1119.5179558011034,459.68195910479153,926.0,656.5,1735.5,1161,1287,70.58400932400934,13.141991250455737,67.07,47.47,85.56,576
CA,2023-12-24,9438,1122.7672176308538,566.2437589175104,951.5,625.4,2228.9,1127,1325,71.58571320754722,14.204860995457754,71.76,50.092,87.992,546
CA,2023-12-25,9365,1111.3329418045912,506.4059512329289,905.0,676.0,2207.0,1106,1204,71.43416943521599,10.56154368386315,76.77,63.532,86.454,514
CA,2023-12-26,9690,1137.3219814241484,603.1171563495477,969.0,660.1,2238.0,1141,1306,71.47205206738136,10.356591862738334,77.36,58.96,90.52,577
CA,2023-12-27,10748,1146.3400632675844,498.0753545952122,926.0,617.1,2136.2000000000003,1182,1463,71.95768284347231,10.160253380966052,73.85,61.585,86.58500000000001,626
CA,2023-12-28,11358,1137.648793801725,333.1747001021119,999.0,641.0,1460.0,1168,1391,71.32926671459387,12.770417937779309,66.38,50.869,85.001,608
CA,2023-12-29,10923,1127.969971619518,380.9105525999832,932.0,622.2,1465.8,1215,1276,71.57234326018809,10.945670729326904,73.28999999999999,60.141,91.69200000000002,589
CA,2023-12-30,10638,1125.0807482609516,317.93486448461204,965.0,617.0,1473.8,1149,1392,71.11012212643679,11.24469597874131,72.12,61.214000000000006,86.762,559
CA,2023-12-31,10298,1114.9851427461645,327.4371315246183,984.0,715.6,1572.3999999999992,1141,1448,71.41571823204418,12.067071178135224,75.535,63.289,92.679,572
CA,2024-01-01,9725,1140.2831876606688,553.0134727098632,993.5,640.9000000000001,2147.7,1096,1270,71.3998031496063,12.177270898301154,72.035,60.79,91.005,516
CA,2024-01-02,11371,1137.373142203852,453.567727968876,995.0,587.4,1650.2,1210,1473,72.17659198913782,10.117133577196945,73.44,61.486,83.39,570
CA,2024-01-03,10933,1117.261501875057,377.7794389123565,1053.0,701.0,1564.0,1224,1473,71.65429735234216,10.109144610651882,70.99,56.28,80.34,585
CA,2024-01-04,11511,1127.0331856485093,380.7247374991984,1172.0,626.6,1516.2,1220,1571,70.67915977084662,10.932187879834485,74.48,63.592000000000006,90.25,606
CA,2024-01-05,10852,1113.1562845558421,388.06619647143845,1001.5,699.8,1569.0,1223,1481,70.95919648885886,10.072368326179541,75.305,61.5,88.77,559
CA,2024-01-06,10375,1111.9514216867467,387.20071849045416,1036.5,717.1,1889.2,1165,1417,71.49986591390261,11.776982855131784,76.83,60.28,90.02,586
CA,2024-01-07,10520,1123.5779467680613,405.4988417271901,951.5,624.0,1870.9,1205,1428,71.33493697478993,9.7352277892212,75.69,63.295,87.08500000000001,551
CA,2024-01-08,11605,1133.2700560103397,324.1881709094432,983.0,629.4,1501.6000000000001,1272,1498,71.90456608811746,15.950525671185433,85.22,62.642,97.29,632
CA,2024-01-09,11738,1133.9781904924182,370.2944752469816,1046.0,742.8,1489.0,1288,1537,71.71454131424855,12.909633508869774,68.5,55.42400000000001,83.846,618
CA,2024-01-10,12106,1137.717412853131,312.46964742871927,1055.0,645.0,1445.0,1262,1534,71.25868970013042,15.106926381344355,75.5,50.35,85.098,651
CA,2024-01-11,11601,1143.6407206275321,342.5257480428188,1106.0,760.6,1487.8,1287,1540,71.30674675324673,12.36646035510104,72.17,56.522,85.792,647
CA,2024-01-12,11765,1118.2335741606457,419.15857473762907,1208.0,823.2,2184.8,1266,1637,71.45886377519855,11.24454737527218,70.61500000000001,59.077,82.381,660
CA,2024-01-13,10707,1077.7497898571025,422.94451643482194,987.0,700.0,1656.0,1179,1518,71.29667325428196,9.58524988821372,72.0,60.15,86.78,563
CA,2024-01-14,11147,1109.985466941778,492.8219632965196,974.0,649.3,1872.2,1184,1631,71.87670141017776,8.004205154038033,73.00999999999999,62.685,81.925,613
CA,2024-01-15,11996,1107.21448816272,368.1842884529073,975.0,633.0,1443.0,1266,1549,70.93153001936733,12.356266277631407,73.24,61.153999999999996,89.236,630
CA,2024-01-16,12360,1111.8682847896437,378.23808550560267,1001.0,641.0,1450.0,1300,1654,71.12259371221283,8.743809238541287,67.38,60.552,79.818,665
CA,2024-01-17,11316,1106.8087663485328,361.9357673505344,1105.5,577.7,1450.0,1310,1555,72.08190353697749,10.364306825994234,71.07,62.3,83.94,657
CA,2024-01-18,11454,1112.9312903789078,477.4782942037674,1122.0,669.4,1832.0,1272,1480,71.7426418918919,8.941146946762458,72.71,61.978,83.384,635
CA,2024-01-19,12324,1118.8931353456662,486.2351932628054,1187.5,621.1,1812.0,1307,1645,71.79597568389056,13.448920748173716,74.50999999999999,50.159,85.053,682
CA,2024-01-20,11715,1110.9202731540759,540.0260992867696,1210.5,632.8,2267.1,1192,1447,71.06923289564617,9.627534468939455,74.11,59.208,84.344,622
CA,2024-01-21,11434,1138.7601014518093,571.9468472571633,942.0,644.2,2244.0,1183,1423,71.18406886858746,13.887530578024142,78.69999999999999,57.93900000000001,90.157,565
CA,2024-01-22,11756,1123.3738516502212,373.03504986054674,1018.0,672.6,1524.6,1259,1485,71.74329292929286,11.907468114625646,72.755,58.273,85.071,615
CA,2024-01-23,12765,1115.5207207207216,370.8744724104293,1143.0,718.6,1489.4,1291,1606,71.4500373599004,12.60149446969773,76.56,56.51,90.87,669
CA,2024-01-24,12016,1114.5810585885483,584.7046215194566,1139.0,398.79999999999995,2181.3,1271,1644,71.44150851581512,12.58931628184964,75.5,55.226,87.166,647
CA,2024-01-25,11839,1114.5154151533065,483.71637660558156,1146.0,572.4,1772.500000000002,1302,1468,71.62556539509544,12.459600918167483,75.94,58.752,94.634,627
CA,2024-01-26,11997,1125.3785946486623,345.03003603237346,1129.0,650.4,1442.2,1291,1713,71.41460595446587,12.630753496300112,71.08,54.641999999999996,86.838,661
CA,2024-01-27,10883,1118.8580354681621,224.1484048269724,929.0,710.5,1246.0,1178,1376,71.41825581395348,17.53755291347161,66.3,39.412,80.686,576
CA,2024-01-28,11096,1122.6941240086514,326.28400323787713,1207.5,813.5,1732.2,1203,1502,72.06099866844207,13.277452245734311,76.41499999999999,57.738,88.47,589
CA,2024-01-29,11578,1105.716531352566,282.6978613341625,1163.0,776.1000000000003,1442.6,1307,1651,71.17181102362203,8.074911736744435,77.055,65.265,83.91,653
CA,2024-01-30,12066,1137.018813194099,280.84253419289155,963.0,809.0,1474.0,1291,1698,71.52323321554773,12.258699052882235,76.285,61.092,90.12100000000001,673
CA,2024-01-31,12214,1144.3508269199285,305.85392179854824,1153.5,766.3,1431.0,1289,1730,71.46305202312143,14.249788609422357,79.205,58.404,91.76800000000001,651
CA,2024-02-01,12925,1170.8418568665384,427.82053818467193,1155.5,541.8,1686.9,1290,1844,71.91999999999999,13.495300274260494,78.48,54.318000000000005,84.99600000000001,636
CA,2024-02-02,11681,1127.093057101275,363.76762531232487,1247.0,664.6000000000001,1441.8,1296,1607,70.5511076540137,14.76661984413135,76.35499999999999,58.289,94.79400000000001,626
CA,2024-02-03,10705,1137.483325548809,431.12129378368707,996.0,638.6,1513.0,1170,1429,71.69439468159555,9.180380844802752,74.33500000000001,66.885,89.905,580
CA,2024-02-04,10522,1123.2989925869613,388.893234554587,1059.0,644.2,1504.0,1201,1459,72.52285812200138,10.802931231077565,71.85,59.489000000000004,86.777,549
CA,2024-02-05,11994,1112.0674503918624,400.80956479611353,996.0,609.0,1426.0,1267,1690,71.14731952662726,6.056012887192674,73.47,66.80799999999999,82.815,649
CA,2024-02-06,11933,1117.8547724796776,358.2710180556429,976.0,452.5,1488.5,1302,1565,71.92081150159744,14.604643949404894,74.15,49.49,79.546,647
CA,2024-02-07,12147,1112.8508273647813,390.8469524953283,995.0,446.0,1521.0,1328,1771,71.99972332015811,8.981444795648635,72.91,62.484,80.59,674
CA,2024-02-08,12354,1126.6632669580706,526.4833878430562,1020.0,508.0,2207.8,1281,1582,71.56782553729454,15.948010044414046,67.57,45.634,85.63799999999999,648
CA,2024-02-09,12224,1125.322071335078,511.8022577194015,986.0,518.0,1511.4,1323,1680,71.51299404761903,11.187445200869096,72.78,53.79,84.21400000000001,673
CA,2024-02-10,10892,1128.3332721263314,518.1841964568904,1062.0,540.8000000000001,2296.6,1191,1493,71.50313462826526,13.310231392667573,75.57,54.02,92.25,615
CA,2024-02-11,11112,1117.9650827933765,404.9640642137198,1089.5,661.0,1453.5,1188,1444,71.58860110803326,13.942447439512422,76.82,53.791999999999994,87.702,590
CA,2024-02-12,11198,1102.0231291302023,499.67931572923214,1045.5,525.0,1466.4,1241,1463,71.5016199589884,15.27322283325578,70.93,52.214999999999996,84.227,617
CA,2024-02-13,12625,1119.727524752475,421.44090730672775,1051.0,520.0,1508.5,1329,1555,70.63136977491963,12.471461217070312,68.67,58.949000000000005,84.854,660
CA,2024-02-14,11954,1119.1243098544426,440.32137897966726,1038.0,512.0,1510.0,1324,1643,71.09787583688377,10.712723043185614,70.655,64.951,85.73400000000002,667
CA,2024-02-15,11686,1113.9638028410068,449.2634617837658,1186.0,528.0,1486.0,1325,1480,71.2316081081081,12.898961696822708,69.73,55.546,84.824,649
CA,2024-02-16,12329,1095.6380890583182,528.7887963181577,1188.5,473.0,1760.5,1309,1555,71.21494533762058,12.089870538060634,75.04,58.66,86.11,644
CA,2024-02-17,10706,1103.875210162526,542.4329296392898,794.0,482.0,1760.6000000000001,1194,1458,71.4006995884774,8.499873575156917,71.77,64.46,86.13,605
CA,2024-02-18,10782,1123.2385457243552,305.22585009698366,830.0,539.0,1211.0,1184,1315,71.40479087452468,11.489402752853778,69.775,57.57,84.205,585
CA,2024-02-19,12366,1111.6517062914434,289.3162882417935,985.0,515.0,1214.0,1255,1668,71.13016187050358,11.231898415085615,71.87,59.698,89.801,636
CA,2024-02-20,12571,1122.055763264656,335.43504925820235,1007.0,537.4,1447.1000000000001,1282,1623,71.6541035120148,10.850572921041717,68.205,54.11,81.86,654
CA,2024-02-21,12675,1133.4526232741616,415.18608218646057,1090.0,546.0,1512.2,1297,1554,71.31729086229083,11.88056195931555,75.47,55.325,89.22,635
CA,2024-02-22,12212,1130.1458401572227,544.1650105621278,984.0,112.0,1448.6,1273,1697,72.13996464348854,11.307269190677895,79.04499999999999,63.054,95.781,656
CA,2024-02-23,11919,1123.0769359845624,500.8447730287128,1224.0,603.2,2246.6000000000004,1282,1504,71.0814095744681,12.637593496696875,70.69999999999999,52.609,87.777,619
CA,2024-02-24,11246,1143.5632224791034,562.9541991529613,1066.0,577.5,2219.0,1211,1515,71.35867986798681,15.274546965054459,78.88,55.698,90.07,602
CA,2024-02-25,11033,1130.6389921145656,516.658324136825,1141.5,705.0,2244.1,1182,1485,71.08259259259263,13.627695599770343,73.69,57.93,86.414,583
CA,2024-02-26,11817,1118.0810696454262,518.7572457950828,1132.0,294.0,1748.6,1327,1472,71.17511548913043,13.437642372990089,80.48,57.86,93.095,634
CA,2024-02-27,12757,1116.9883201379635,508.21346257345067,1143.0,506.0,1591.0,1356,1600,71.18452499999998,15.498882464193631,73.95500000000001,52.685,90.965,668
CA,2024-02-28,12411,1097.400370638949,586.6755215246743,1221.0,615.0,2263.6,1318,1600,71.55664374999996,15.413447640291253,72.69999999999999,45.682,85.127,673
CA,2024-02-29,11856,1104.2786774628883,552.0311991772677,1009.0,499.1000000000001,2205.0,1290,1501,71.56279147235175,15.83324581098037,75.27,54.94,89.72800000000001,587
CA,2024-03-01,11894,1104.0655792836724,530.3322780033719,1132.0,631.0,2217.2,1282,1541,71.43516547696301,12.838284760357222,72.38,58.298,82.15199999999999,651
CA,2024-03-02,11291,1122.259764414136,581.311874394938,1210.0,644.8,2250.0,1199,1344,71.53113095238093,10.386993955970034,76.185,60.32,85.095,577
CA,2024-03-03,11487,1120.9022373117439,618.1176048485189,1235.0,738.0,2275.8,1217,1393,71.33030868628862,13.214080809081132,74.58,57.891999999999996,92.41399999999999,622
CA,2024-03-04,11836,1093.3611862115574,555.3043412298397,1137.0,555.3,2254.1,1303,1393,71.48017229002156,14.297812799472702,73.35,55.965,91.75999999999999,588
CA,2024-03-05,12173,1114.600837919987,395.2760331645255,1252.0,696.6,1559.0,1316,1604,71.70561720698254,11.075115629504577,74.04,64.21,86.676,648
CA,2024-03-06,11761,1097.7626052206454,411.1250777581673,1145.0,561.6,1551.4,1283,1482,70.88275303643725,9.959422863043919,77.47,65.424,89.91799999999999,632
CA,2024-03-07,11776,1097.2093240489132,416.42580233998206,981.0,698.0,1538.0,1305,1536,71.68414062499998,9.43243945379915,76.18,64.498,87.81,657
CA,2024-03-08,11333,1123.4332480367073,595.0913171295751,1240.0,610.0,2270.5,1228,1382,71.19058610709116,13.380842090195035,74.54,57.894,85.08,603
CA,2024-03-09,10845,1139.2439834024894,476.9198485674186,955.5,702.4,2184.9,1192,1337,71.57524308152581,12.479107589227718,70.99,56.61,86.806,572
CA,2024-03-10,10697,1115.8645414602224,535.8753902284462,1125.0,722.0,2218.0,1180,1357,71.0543920412675,12.146269654609656,75.9,58.899,88.159,559
CA,2024-03-11,11468,1101.8683292640394,469.53281219569214,914.0,642.0,1698.0,1269,1495,72.04056187290975,11.80145275772507,74.455,59.84,90.84,638
CA,2024-03-12,11847,1117.2105174305734,486.2045703950396,1121.5,669.0,1695.0,1280,1505,72.2906777408638,14.115469468116615,78.73,57.112,92.318,623
CA,2024-03-13,10942,1109.3042405410345,519.2236086450453,1148.0,548.8,2216.4,1281,1519,71.92393021724823,16.677518004644003,76.3,50.968,90.548,612
CA,2024-03-14,11258,1126.3504174809027,449.1701607810897,1168.0,718.8,1571.6,1245,1460,71.3377534246575,13.399378658635632,73.11500000000001,49.891999999999996,83.797,603
CA,2024-03-15,11492,1131.4667594848586,563.8114752553637,1404.0,679.4000000000001,2225.8,1297,1606,71.84635740971358,10.485423790902775,73.18,58.543,85.11899999999999,646
CA,2024-03-16,10562,1145.4346714637381,580.8685325998619,1198.5,706.5,2252.5,1167,1517,72.31107448912329,13.02877027699108,69.17,57.99,92.46,557
CA,2024-03-17,10656,1125.9943693693695,593.3711373051514,1179.0,772.0,2279.0,1173,1509,71.8079522862823,11.332281520979919,72.08,57.578,84.594,552
CA,2024-03-18,11628,1105.0342277261784,379.49654541024177,932.0,749.0,1531.2,1287,1538,71.99557217165147,13.133442089740505,71.345,51.379000000000005,87.578,641
CA,2024-03-19,11848,1118.292792032411,588.8289692829244,904.0,608.0,2270.0,1299,1569,71.4196430847674,11.632543687431395,69.56,52.762,80.208,641
CA,2024-03-20,11068,1114.681152873148,563.4668293868422,1349.5,669.0,2290.5,1268,1442,71.4764216366158,11.818915168882073,79.055,66.975,89.91999999999999,584
CA,2024-03-21,10999,1115.4347667969803,559.2063894532147,1186.5,636.0,2307.3,1294,1500,70.97517333333329,12.775096221635948,71.41,58.948,87.432,647
CA,2024-03-22,11721,1114.1700366862897,541.6738468179266,1193.0,673.6,2321.2,1291,1579,71.71687777074098,13.397679021927761,66.44,50.38,83.52,642
CA,2024-03-23,10800,1130.8166666666666,359.47391782610725,847.0,622.2,1596.2,1200,1264,71.86171677215188,11.488132349903047,70.64,55.25,86.844,568
CA,2024-03-24,9840,1115.504674796748,369.91188995430485,1051.0,641.4,1633.2,1182,1210,71.77904958677686,10.125195286221444,83.37,64.476,90.19,534
CA,2024-03-25,11943,1093.2466716905292,411.0457064248264,930.5,406.1,1577.2,1298,1391,71.50569374550682,11.051730148049495,77.48,60.102000000000004,88.016,630
CA,2024-03-26,11705,1110.1116616830413,374.714264309244,882.0,534.4,1563.8000000000004,1327,1352,71.02926775147925,12.673401525329425,64.75999999999999,49.302,82.493,642
CA,2024-03-27,11446,1102.1035296173334,427.62007399611304,1020.0,577.0,1608.9,1303,1440,71.19456249999998,12.899794451882807,72.2,53.513,87.179,654
CA,2024-03-28,10942,1091.8792725278745,367.9321790916815,861.5,552.7,1405.0,1271,1447,71.46563234277815,9.709149605201864,70.68,60.82,81.28,597
CA,2024-03-29,10848,1102.380162241888,443.0825444291644,1023.0,581.2,1623.8000000000002,1202,1416,71.20694209039546,12.919498894014183,73.16,52.13,86.18,593
CA,2024-03-30,10604,1116.466899283288,421.6967577965785,880.5,625.8,1642.9,1194,1346,71.9232169390787,12.714703247345339,72.06,55.81,87.07,554
CA,2024-03-31,11163,1124.6874496103196,519.6385192536144,765.0,619.3,1632.9,1176,1335,71.80940823970035,9.927998296384342,72.01,64.534,88.515,583
CA,2024-04-01,11571,1096.9566156771234,378.255872881162,824.0,628.0,1500.0,1257,1448,71.75755524861877,11.541241709955322,77.405,57.326,89.964,629
CA,2024-04-02,11911,1100.2477541768114,442.78343742154794,905.0,621.0,1585.6,1276,1418,71.60260930888576,14.071162492448478,65.655,50.739999999999995,88.14699999999999,599
CA,2024-04-03,10832,1092.2463072378137,358.1409989758116,848.5,511.20000000000005,1364.0,1294,1407,71.61609808102344,12.127149458675584,69.35499999999999,53.563,85.969,616
CA,2024-04-04,11145,1095.3726334679227,444.31173135581605,864.0,641.0,1584.0,1289,1483,72.2626500337154,11.22985307116705,74.48,60.336,87.122,627
CA,2024-04-05,10847,1115.785470637042,381.21242199095417,921.0,655.4,1476.2,1277,1453,71.37239504473497,11.938226675150357,71.7,54.376000000000005,85.298,624
CA,2024-04-06,9930,1121.653071500503,418.0704335317221,922.0,644.0,1589.8,1195,1338,71.8382735426009,11.174491476198975,70.33,53.748000000000005,83.212,586
CA,2024-04-07,9771,1104.922218810767,413.43274817039594,981.0,629.0,1453.0,1186,1279,71.57157154026582,12.259144911127143,73.34,57.544000000000004,89.552,551
CA,2024-04-08,10862,1107.0261461977536,355.29286377094354,884.0,640.7,1431.3,1282,1446,71.12071922544952,10.397899622306207,68.61500000000001,57.112,83.231,613
CA,2024-04-09,11342,1073.7437841650503,348.83478231283027,1165.0,641.0,1391.4,1292,1496,71.48597593582885,10.55443785789152,74.125,60.998,88.09400000000001,662
CA,2024-04-10,11048,1056.9414373642287,368.9727003812836,939.0,592.0,1358.0,1288,1472,71.3688858695652,12.926902781693059,74.11,52.142,86.419,650
CA,2024-04-11,11193,1102.5871526847147,365.51019369943526,1057.0,619.6,1519.8,1270,1468,71.7609604904632,12.53615361314046,71.58,52.21,86.26,631
CA,2024-04-12,11652,1094.8045829042235,415.98548386763713,990.0,557.0,1441.6,1306,1715,71.38329446064142,13.073718770746549,70.425,54.459,85.784,689
CA,2024-04-13,11118,1128.3462853031122,370.3667641165887,1154.5,675.8,1597.3,1239,1511,71.63144275314362,13.701916408441571,68.37,52.14,83.784,607
CA,2024-04-14,10686,1119.8595358412877,487.6633787358494,1018.0,322.0,1436.0,1185,1464,71.94040983606558,13.156628114332449,74.81,56.916,88.18,572
CA,2024-04-15,11519,1102.9141418525921,378.8213143251331,963.0,615.6,1464.4,1316,1511,72.1285175380543,12.047207193733174,72.2,56.300000000000004,86.956,637
CA,2024-04-16,12372,1118.2277723892653,350.56284495634856,1294.5,687.7,1587.2,1332,1587,71.9580718336484,9.955735764340826,75.4,66.166,89.975,662
CA,2024-04-17,11302,1089.436559900903,402.67778885025643,1133.0,736.0,1517.0,1283,1519,71.76011191573407,13.073924249941554,74.36500000000001,56.03,87.64,643
CA,2024-04-18,10724,1102.95701230884,389.3962571691679,997.0,682.0,1640.0,1284,1539,71.52132553606238,13.895962298807397,73.75999999999999,60.834999999999994,86.305,656
CA,2024-04-19,11587,1077.4504185725384,379.25674361216403,1236.0,667.0,1523.0,1301,1579,71.71626345788474,12.701209443368562,70.69,53.924,88.19200000000001,627
CA,2024-04-20,10435,1091.87628174413,375.473545382447,1041.0,749.6,1405.8,1219,1396,71.22473495702006,13.301704932949907,76.125,54.67,87.68700000000001,604
CA,2024-04-21,10712,1089.0115758028378,331.37328523121965,978.5,480.5,1362.0,1198,1395,71.29415053763441,12.530606763416326,77.16,60.2,92.46000000000001,565
CA,2024-04-22,12269,1079.217051104409,547.3419439000803,1080.5,315.1,1751.0,1308,1610,70.92850931677022,15.33864716777526,73.32,53.168,89.113,654
CA,2024-04-23,12284,1087.7983555845,427.6240288715771,1093.5,636.3000000000001,1514.1,1300,1654,71.83062273276903,11.142146298694845,74.66999999999999,58.882000000000005,88.82499999999999,658
CA,2024-04-24,12730,1098.5623723487824,375.6844801611498,953.0,751.7,1534.0,1340,1700,71.07106470588235,12.155639667608318,73.1,58.5,88.59,698
CA,2024-04-25,12218,1109.410869209364,441.42692167180013,921.0,315.0,1550.0,1366,1763,71.10263187748156,13.903571944347046,74.02,57.22,86.358,717
CA,2024-04-26,11816,1086.6963439404203,440.13088512615997,1123.5,665.8,1569.0,1308,1644,72.05815693430657,11.51441506990924,76.6,59.11,88.99,670
CA,2024-04-27,11116,1080.866588700972,414.7141347042513,1092.0,689.8,1570.0,1182,1523,71.22267892317794,14.506510572736422,74.32499999999999,53.075,87.215,589
CA,2024-04-28,11184,1071.9334763948505,497.2869851804589,1011.0,369.6,1565.0,1220,1604,71.68552369077308,14.993309163575471,69.02,49.152,84.413,617
CA,2024-04-29,12254,1092.9070507589352,349.2786575520706,982.0,725.2,1538.0,1315,1684,71.60435273159146,11.47858291047519,70.45,57.168,85.072,695
CA,2024-04-30,12464,1081.733071245186,412.9379836619842,939.0,653.5,1505.5,1348,1665,71.45868468468464,12.719002096600713,72.60499999999999,58.298,85.38,707
CA,2024-05-01,11400,1076.7406140350881,452.1831796094358,969.0,782.0,2168.2,1274,1483,71.9014497639919,10.603945943148586,73.44,62.74,83.25999999999999,663
CA,2024-05-02,11390,1091.7555750658476,477.0367894327924,929.0,598.6,2196.2,1280,1587,71.15191556395709,10.28112765929621,74.38499999999999,60.71,84.515,671
CA,2024-05-03,11293,1073.0641990613653,558.4477814548271,1136.0,739.2,2179.0,1283,1542,71.53294422827497,12.470482485156861,70.97,58.724000000000004,85.538,659
CA,2024-05-04,10968,1084.2402443471913,567.7741136734387,1144.0,759.0,2184.4,1178,1387,71.43827685652492,12.730040694933955,71.88499999999999,57.28,82.88,578
CA,2024-05-05,11254,1085.0907232983832,608.6355574656639,930.5,753.0,2193.0,1189,1405,71.47606405693953,17.279724680908863,63.39,47.328,91.708,616
CA,2024-05-06,11416,1104.436667834618,708.4165951475836,1094.0,336.0,2263.0,1264,1665,71.83135735735736,12.165727333315322,76.08,56.594,86.726,639
CA,2024-05-07,12227,1087.063875030671,712.0267690721445,969.5,491.0,2275.0,1324,1531,71.78033964728937,14.075048528811035,72.18,52.644,86.896,674
CA,2024-05-08,11462,1099.4525388239394,679.2641489704585,1151.0,359.5,2231.7,1280,1493,71.28202277294044,12.567547168332206,74.69999999999999,58.080999999999996,88.926,615
CA,2024-05-09,11754,1098.0751233622598,668.8167797373169,968.0,268.2,2195.4,1288,1554,71.42646718146717,14.206588751351598,73.54,58.71,87.01,647
CA,2024-05-10,11691,1104.8781969036013,674.5704739832403,927.0,305.4,2227.4,1282,1598,71.88685857321651,10.040745618300894,73.63,59.86,84.816,661
CA,2024-05-11,10250,1053.8854634146344,636.7053065943003,910.0,312.8,2252.0,1180,1316,71.46591185410334,13.092432647275235,75.32,53.6,86.71,592
CA,2024-05-12,10866,1127.2526228602974,737.8966931238973,1030.0,325.20000000000005,2293.0,1225,1531,72.75421293272373,10.574842457128124,73.25999999999999,60.883,84.31099999999999,606
CA,2024-05-13,12018,1115.4925112331496,661.1018128637849,794.0,279.0,2265.8,1345,1535,72.00620846905541,14.281271950121026,72.25999999999999,57.034,93.223,700
CA,2024-05-14,12192,1100.2957677165361,630.9303578836909,842.0,294.0,2289.8,1327,1555,71.8016848874598,11.43050112658042,72.45,50.136,81.42399999999999,693
CA,2024-05-15,11606,1101.443391349303,663.0362001290016,937.0,319.30000000000007,2317.7,1329,1479,72.2525016903313,13.138814925208775,75.57,56.379999999999995,90.62,669
CA,2024-05-16,11045,1101.4622000905385,641.1055288934564,889.5,252.20000000000002,2297.6,1306,1499,72.1965977318212,14.657792027032942,71.905,51.905,87.93,632
CA,2024-05-17,11883,1111.0287806109577,641.4794918542178,896.0,256.2,2296.0,1281,1665,71.85728528528529,14.91590268434629,75.6,53.802,85.754,661
CA,2024-05-18,10457,1077.252653724777,449.72828566691476,838.0,280.0,1509.0,1204,1377,72.33124183006535,14.173677645417905,70.92,50.21,92.16,599
CA,2024-05-19,9892,1135.3901132228061,435.21453765583504,904.5,288.0,1549.7,1181,1356,72.03766961651917,11.990761670686867,76.055,63.909,87.215,571
CA,2024-05-20,10476,1114.3824933180606,382.8710485758105,782.0,253.0,1195.0,1211,1473,72.2122878479294,11.836497453736825,72.57,55.57,84.80799999999999,600
CA,2024-05-21,11836,1085.0149543764792,391.6355111715305,800.0,238.0,1300.0,1293,1564,71.76146419437342,13.127912821160871,73.81,52.572,84.97,672
CA,2024-05-22,12000,1059.2418333333342,568.2818992070652,801.0,219.0,1873.0,1329,1523,71.53711753118849,17.99392063161182,75.91,46.107,92.71099999999998,686
CA,2024-05-23,11847,1066.595509411666,629.6338034039221,880.0,280.0,2270.0,1333,1536,71.78945963541672,13.47820016009391,70.86,52.028,81.11600000000001,694
CA,2024-05-24,12043,1080.3866976666934,682.7910242510699,892.0,262.7,2270.6,1309,1455,71.87739518900345,15.80742449171352,74.18,53.834,92.632,666
CA,2024-05-25,11124,1128.9243976986684,699.9610120504724,945.0,327.7,2267.0,1219,1501,72.3038107928048,13.218239092582648,75.95,56.285000000000004,91.75600000000001,610
CA,2024-05-26,10948,1114.5733467299965,506.6268914690568,909.0,422.8,1582.8,1235,1474,71.92932835820895,8.217890881262186,72.83500000000001,60.879,81.71499999999999,644
CA,2024-05-27,12840,1098.4823208722744,634.68602157499,863.0,326.5,2250.0,1354,1650,72.00654545454546,9.906273583698093,74.27,63.474000000000004,87.13399999999999,708
CA,2024-05-28,13283,1067.0161108183388,524.8166389338144,897.0,419.2000000000003,2243.4,1349,1602,71.72327715355802,12.583392884032625,77.065,58.178000000000004,86.864,702
CA,2024-05-29,12362,1060.494822844199,470.3430490589919,864.5,458.6,1525.9,1353,1580,71.33615822784812,13.546416853409116,73.93,54.508,85.411,692
CA,2024-05-30,12669,1080.8375562396395,557.9750345136141,1174.0,384.6,1855.8,1324,1729,71.44098901098903,11.198264262161663,77.47,59.885,88.727,705
CA,2024-05-31,12196,1088.6887504099705,539.5081414818262,933.0,453.0,1588.8000000000002,1316,1483,71.74461901550907,9.3638828321595,74.235,61.287,84.813,660
CA,2024-06-01,10713,1074.1600858769718,530.0119015396638,1281.0,462.4,1685.6000000000026,1199,1389,72.00398128149746,13.904834746710703,73.12,52.376,86.672,619
CA,2024-06-02,11359,1080.8189101153268,555.129010524972,906.0,302.0,2174.600000000005,1222,1475,71.69484067796607,13.313358475584028,71.91,51.338,83.518,625
CA,2024-06-03,12618,1051.456966238707,461.4456822005465,900.5,272.0,1425.0,1343,1592,71.8708793969849,9.35393598221492,68.495,57.561,82.09500000000001,679
CA,2024-06-04,13363,1095.9574945745717,706.0032500266049,1023.0,307.6,2282.2,1377,1699,71.99869923484404,14.795512442779547,75.67,55.076,96.02199999999999,755
CA,2024-06-05,12098,1085.0902628533643,537.2568260082044,894.0,299.6,1656.4,1370,1614,72.63125774473363,14.107233404145328,73.26,54.036,87.28800000000001,702
CA,2024-06-06,11828,1066.4498647277644,533.5502795061917,912.0,316.0,1814.0,1352,1555,72.05382636655953,14.334785996376974,72.89,51.302,88.44600000000001,701
CA,2024-06-07,12226,1076.7268117127433,682.8921772822459,962.0,295.0,2256.5,1381,1582,72.44580910240204,14.516642317068786,75.99000000000001,59.68,92.322,711
CA,2024-06-08,10959,1074.7599233506708,563.3686695759285,821.0,454.2,2216.0,1274,1309,72.34957983193279,11.305012842478172,75.01,61.004,88.53,600
CA,2024-06-09,11543,1104.1613098847786,473.775866236949,847.5,662.8,1493.9,1242,1471,72.91488103331066,12.943255908799035,73.26,54.492,88.878,604
CA,2024-06-10,12744,1071.9541745134966,515.3738531442987,926.5,466.6,1655.3,1341,1577,72.21641724793913,10.336765736821194,73.155,59.375,80.88499999999999,681
CA,2024-06-11,13365,1106.4121960344185,492.75495034559447,929.0,353.0,1491.6,1405,1687,72.96758743331353,10.97774932660055,73.21,59.687999999999995,86.042,732
CA,2024-06-12,12591,1075.3833690731472,553.9177141088081,1049.0,524.0,2206.4,1371,1725,72.76708985507246,11.560663392852515,76.16,55.566,87.124,723
CA,2024-06-13,12158,1060.1245270603713,597.4305280929624,751.0,135.40000000000003,1864.5000000000077,1376,1625,72.20203692307695,12.259926253582906,74.62,60.784,86.25399999999999,693
CA,2024-06-14,12413,1087.0925642471602,637.5902405276289,980.0,283.0,2223.6,1376,1694,72.95649940968121,11.94783690647816,75.2,60.61,88.016,749
CA,2024-06-15,10440,1101.804597701149,636.439386487175,1059.0,314.0,2258.0,1248,1513,72.43249834765365,13.018917699967437,75.06,54.612,88.472,609
CA,2024-06-16,10698,1089.1212376145077,596.8693241235202,938.0,441.0,2237.0,1252,1305,72.17883524904215,13.475338101880784,68.8,49.368,86.616,611
CA,2024-06-17,12708,1114.0424929178466,502.86302837715357,748.5,289.0,1513.8999999999999,1370,1613,72.52222566646,11.429343638197253,74.8,60.598,87.262,663
CA,2024-06-18,12300,1096.6578048780486,601.6250009727445,704.0,303.4,2221.4,1362,1485,71.97528619528617,12.613908501074096,69.94,57.46,89.58000000000001,687
CA,2024-06-19,13057,1088.840315539557,513.8669254992795,766.0,455.4,1505.4,1373,1638,72.56730158730157,13.064049529306242,74.36500000000001,56.75000000000001,89.371,709
CA,2024-06-20,13216,1109.576573849878,537.9321025075711,786.5,318.5,1687.5,1409,1589,72.45593455003146,10.777360003266107,73.93,57.68,81.54599999999999,728
CA,2024-06-21,12337,1096.5361919429365,680.2683443281342,1003.0,510.0,2290.7,1358,1615,72.45354179566563,13.981182642928959,76.76,57.464,89.432,689
CA,2024-06-22,10284,1060.1343835083621,682.2853010355041,804.0,315.0,2260.0,1226,1225,72.54783673469386,11.939531015770774,75.36,59.260000000000005,89.956,579
CA,2024-06-23,11424,1073.0473564425774,509.3204047738736,704.5,500.0,1609.3,1246,1493,72.45658405894173,9.959204802716803,66.31,55.158,80.682,620
CA,2024-06-24,12564,1093.5694046482008,618.7002173014722,824.5,509.0,2246.0,1345,1579,73.41115896136795,11.357777342985708,75.905,60.595,87.28999999999999,711
CA,2024-06-25,12093,1092.4919374844956,495.3414229923915,739.0,311.5,1420.0,1346,1509,72.26789264413517,14.41997125266498,69.25,47.92,84.364,682
CA,2024-06-26,12367,1098.3579687879028,619.8087266530504,807.0,285.6,2192.2,1379,1509,73.09157057654075,11.881664973588077,74.625,57.681999999999995,88.591,678
CA,2024-06-27,12553,1092.7109854218118,585.7199481323452,1089.0,308.0,2153.5,1350,1541,72.00824140168723,15.224897532952031,71.675,46.761,88.426,700
CA,2024-06-28,12196,1121.9871269268615,612.0242610536066,865.0,257.0,2204.0,1302,1365,72.28498168498166,13.336283473247223,76.65,62.058,90.924,653
CA,2024-06-29,10755,1080.0385867038585,571.0463541239978,836.5,118.9,1443.6000000000004,1237,1373,72.71000728332118,12.514041750374243,75.14,59.924,92.33200000000001,598
CA,2024-06-30,10224,1076.4238067292647,665.5265515936725,723.5,472.3,2244.0,1169,1139,72.96203687445131,14.231949330239173,78.57,59.434000000000005,92.448,573
CA,2024-07-01,11232,1110.1530448717951,698.578097907996,653.0,307.3,2281.4,1212,1323,72.91613756613756,12.21159808693091,73.2,60.438,89.054,598
CA,2024-07-02,12499,1122.3361068885517,623.9231261057676,1367.0,612.4,2281.0,1306,1468,72.5343528610354,10.118334272474483,76.3,62.63,83.27,647
CA,2024-07-03,12829,1139.9104372905138,616.7158923358262,997.0,576.0,2295.4,1313,1562,72.48062099871959,11.42254792971121,72.75,58.602000000000004,87.7,652
CA,2024-07-04,12665,1129.7943150414537,721.7156998947781,1006.0,247.20000000000002,2285.0,1293,1529,72.32812949640287,12.897432482982822,77.05,57.618,91.354,662
CA,2024-07-05,11752,1107.7244724302243,691.9797047249856,1032.0,318.5,2323.5,1302,1462,72.5157045143639,11.987305185633035,74.73,56.828,86.574,618
CA,2024-07-06,10715,1152.2111992533828,691.2559550258522,953.5,557.0,2308.0,1191,1361,73.23345334313004,13.634295011904976,76.83,56.608000000000004,91.75800000000001,558
CA,2024-07-07,10772,1134.6805607129593,569.1708895293252,813.0,642.6,2221.0,1200,1333,72.93183795948988,7.692235544591013,79.67,69.364,88.48400000000001,574
CA,2024-07-08,12586,1086.4740982043543,575.1106710630739,987.0,557.0,2229.0,1290,1623,73.30739987677138,11.773385281277639,76.685,62.712,92.889,661
CA,2024-07-09,12462,1094.8798748194506,587.8356040336189,946.0,572.0,2264.0,1331,1600,72.4333,12.561037204303299,72.71,56.836,86.378,692
CA,2024-07-10,11967,1093.4286788668842,573.455527551172,1012.0,606.3,2252.2,1349,1587,72.83058601134215,12.728639041645147,75.275,58.010000000000005,87.13499999999999,665
CA,2024-07-11,12394,1105.70751976763,596.6764827011791,962.5,677.5,2325.0,1352,1572,72.61412849872771,11.732678818772072,74.84,58.071999999999996,88.556,693
CA,2024-07-12,11852,1095.1840195747552,489.0519285735194,936.0,514.3000000000001,1728.1999999999998,1341,1538,72.63107932379714,13.856057691493636,75.435,55.74,86.973,650
CA,2024-07-13,10293,1080.5808802098502,420.72091933592264,857.0,643.9999999999999,1724.2000000000003,1203,1312,72.51384908536588,8.75676339191832,79.03999999999999,68.995,88.63,556
CA,2024-07-14,9612,1103.2092176446117,379.4374966088438,842.0,535.0,1461.0,1167,1278,72.25208137715177,9.739992637125178,73.72,62.098,88.018,595
CA,2024-07-15,11845,1080.374250738708,396.337870314338,885.0,462.5,1525.5,1290,1435,72.4390034843206,13.532956981153069,73.04,51.383,85.71300000000001,669
CA,2024-07-16,12753,1104.5166627460198,353.3396081775661,890.0,511.90000000000003,1471.4,1320,1587,72.78959042218025,13.713955505606547,74.43,52.18,89.04,696
CA,2024-07-17,12452,1121.1532283970444,393.9927692282816,932.0,549.0,1508.0,1301,1464,73.27392759562845,11.303618204103154,72.06,58.482,83.29,653
CA,2024-07-18,12806,1146.8921599250348,394.53879673648936,947.5,579.8,1617.8000000000002,1299,1640,72.87429878048783,11.27423582445294,74.24,60.566,90.153,684
CA,2024-07-19,11719,1143.546377677276,465.81532142371503,947.5,503.6,1722.2,1293,1544,72.57342616580313,13.40752065497611,74.57,56.013999999999996,87.794,679
CA,2024-07-20,10083,1076.5202816622036,503.9452066004178,949.5,605.5,1725.0,1172,1455,72.96163573883162,11.385233307025825,77.29,64.506,88.47999999999999,636
CA,2024-07-21,9874,1062.5767672675715,482.28500635562807,873.0,339.6,1496.0,1217,1335,72.52913108614229,11.705267141169989,70.35499999999999,52.025,86.08500000000001,611
CA,2024-07-22,12149,1074.9061651164707,446.61799296290616,1003.0,638.2,1671.0,1319,1538,73.19598179453834,11.173806655635078,76.445,64.118,85.173,665
CA,2024-07-23,13097,1099.9837367336029,437.0086429447366,899.5,625.0,1631.0,1366,1613,72.63708617482952,12.405227997331014,76.23,57.986,85.61200000000001,679
CA,2024-07-24,12773,1089.5286933375096,386.3285448149894,950.0,647.2,1591.7,1377,1759,73.35270039795338,12.08760778121761,72.94,58.056,85.948,710
CA,2024-07-25,12768,1107.5291353383464,399.13799722872545,901.0,616.0,1536.0,1352,1696,72.0128537735849,10.572000662162718,78.53,62.58,89.56,695
CA,2024-07-26,11593,1106.2074527732252,610.7118085085432,875.0,381.0,2215.0,1320,1539,72.82439896036388,12.721422431617578,77.42,55.487,91.576,657
CA,2024-07-27,9783,1087.6007359705613,572.5139116265811,726.5,387.0,1943.7,1167,1379,72.40908629441623,10.96775701573446,76.725,61.44,90.255,579
CA,2024-07-28,10222,1088.5204460966538,479.0558398655588,774.0,528.5,1943.5,1216,1407,72.5759488272921,9.28112489523698,77.37,62.956,88.436,618
CA,2024-07-29,12027,1108.5747069094532,504.1056961602108,791.5,348.0,1918.7,1300,1604,72.93284912718207,11.087128939871649,73.86,58.32,84.35,673
CA,2024-07-30,12892,1099.3425380080675,466.0780790559129,825.5,336.20000000000005,1512.0,1349,1836,71.99302832244013,12.708959473843498,73.77,57.404,87.688,716
CA,2024-07-31,12164,1085.1016113120695,496.53820690498765,964.0,426.0,1560.6000000000001,1359,1639,72.46273337400854,12.180478849372054,73.255,58.683,83.605,702
CA,2024-08-01,11916,1094.8611950318898,486.2617348971745,931.5,517.1,1549.0,1328,1615,72.50529411764705,11.827213859223287,74.35,57.992000000000004,87.74400000000001,681
CA,2024-08-02,11515,1130.4575770733818,575.582053268301,982.0,458.0,2193.6,1312,1504,72.31668882978725,11.699988512744238,75.56,60.705999999999996,90.36500000000001,653
CA,2024-08-03,9902,1066.0504948495256,414.6818991659163,797.5,303.0,1489.5,1161,1311,72.27896262395122,12.015167774109523,73.85,57.632000000000005,87.61,586
CA,2024-08-04,10157,1070.696465491779,373.18418109359106,777.0,312.0,1450.0,1178,1281,72.48215456674473,10.534021496507822,71.79,55.326,80.288,571
CA,2024-08-05,11734,1078.9255155957044,469.8816005486858,761.5,176.10000000000025,1476.0,1222,1498,72.76323765020028,12.785115785162057,71.68,56.986999999999995,87.273,626
CA,2024-08-06,12587,1069.802653531422,516.1681009949996,746.0,343.0,1521.0,1330,1518,71.89891963109355,12.369632938623843,73.51,58.54,89.1,678
CA,2024-08-07,11794,1070.0779209767675,529.8473280298846,763.0,127.0,1513.6,1339,1712,72.59025116822424,12.57273914942679,72.61500000000001,58.61,89.385,684
CA,2024-08-08,12361,1089.024108081871,570.7910943824593,691.0,285.0,1511.2,1339,1544,72.28053108808292,10.10561540260837,76.03,63.256,85.602,685
CA,2024-08-09,12195,1077.453054530544,505.6587135867884,902.0,358.6,1506.2,1328,1699,72.98919364331962,10.908088423530291,71.50999999999999,56.128,82.84100000000001,694
CA,2024-08-10,9724,1061.1872686137394,466.2447935729375,845.0,514.0,1501.5,1204,1417,72.0824841213832,12.727655636665386,73.21000000000001,56.894,87.633,599
CA,2024-08-11,10773,1065.6050310962587,430.39686322093445,1351.5,505.0,1510.7,1239,1552,73.3896069587629,10.445902247561753,76.99,62.54,85.52,624
CA,2024-08-12,12715,1087.0342115611477,537.9552498827362,932.0,119.0,1483.8000000000002,1359,1716,72.64303030303032,12.841554214601048,71.47,53.660000000000004,85.98199999999999,702
CA,2024-08-13,12592,1098.789787166455,481.8174798615332,780.5,424.0,1488.0,1345,1700,72.99148823529413,13.889650687989782,76.195,50.693,89.697,677
CA,2024-08-14,13781,1106.630433205138,497.8622464095867,952.5,466.70000000000005,1452.0,1320,1798,72.36788654060065,12.798749390467805,73.775,52.272,86.84,692
CA,2024-08-15,12736,1110.4834327889453,581.9574922677841,1365.0,433.6,2285.4,1316,1664,73.15427884615384,12.06832978439515,77.43,61.36,92.64000000000001,695
CA,2024-08-16,12517,1080.035471758409,518.2632435600274,1386.0,530.0,1579.4,1308,1783,72.54699383062257,13.99400054660841,74.045,56.235,88.92500000000001,683
CA,2024-08-17,11530,1083.473373807459,545.1985024387631,1367.5,446.5,1892.5,1237,1597,72.55585472761426,11.295718533872563,76.81,61.062,90.136,672
CA,2024-08-18,11396,1082.8739908739906,500.58908353874597,817.0,450.0,1573.0,1276,1508,72.26358753315647,10.541155413232211,75.93,59.748,88.324,632
CA,2024-08-19,12474,1078.6313131313132,539.0144508557191,1036.5,524.0,2067.5,1333,1738,72.85769850402762,12.177340196193358,74.08,59.64,86.675,734
CA,2024-08-20,13323,1104.0961495158756,523.9744611063271,1342.5,530.4000000000001,1585.7,1344,1640,72.51822560975607,11.144119472166356,73.91,58.092,86.334,733
CA,2024-08-21,12884,1088.4093449239365,487.0758157279624,939.5,595.9,1576.3,1374,1750,72.8951314285714,11.513385563988628,72.46000000000001,58.539,85.549,733
CA,2024-08-22,12818,1108.8731471368383,436.87868768067943,983.0,638.2,1555.0,1362,1622,71.84241060419235,12.033835118332924,72.46000000000001,54.619,84.596,718
CA,2024-08-23,12344,1094.5537913156197,488.4155205273975,935.0,441.0,1636.3,1323,1661,73.00340758579169,12.354533302667944,73.595,58.675,89.91,723
CA,2024-08-24,10710,1088.3793650793648,611.6135151605819,796.0,413.40000000000003,2204.2,1247,1455,72.80109965635742,12.762737465140866,73.57,58.376,92.134,621
CA,2024-08-25,10750,1078.7499534883711,518.681034289895,892.0,684.0,1663.0,1233,1428,72.92006302521007,12.455007025289065,72.17500000000001,57.744,89.472,635
CA,2024-08-26,12429,1059.9426341620403,569.8531119364651,941.5,505.0,1685.0,1376,1560,72.28614102564102,10.231722666554552,75.675,59.969,83.997,711
CA,2024-08-27,13308,1100.4014878268706,598.9702172732422,1364.0,437.6,2316.0,1391,1602,72.95292759051188,9.1415981503796,74.93,65.512,87.584,728
CA,2024-08-28,13302,1105.1211096075765,564.1819506833871,1344.0,704.4000000000001,2310.8,1377,1678,73.02927890345649,12.422911386027463,76.0,58.33,88.59200000000001,748
CA,2024-08-29,12335,1071.2513173895416,531.6856693965586,1337.0,596.9000000000003,2257.8,1383,1550,72.55335483870967,11.95993366090649,75.08,58.114,91.474,716
CA,2024-08-30,12323,1066.0208553112063,604.9145001216841,1486.0,694.5,2260.5,1341,1600,73.15778125000003,11.09374226581443,72.4,59.524,88.696,704
CA,2024-08-31,10917,1081.6095997068794,454.52955315323925,1555.0,552.0,1639.0,1277,1465,72.70495563139933,14.135867545811516,77.08,58.174,89.012,640
CA,2024-09-01,10746,1080.4177368323099,445.91290615653907,745.0,550.2,1622.6000000000001,1226,1501,72.74994003997335,11.022843592257626,77.15,63.807,88.46000000000001,648
CA,2024-09-02,11489,1081.261554530421,391.56979330234776,757.5,659.4,1550.3,1304,1634,72.74881884944921,10.489461775197682,77.545,66.77000000000001,88.16,664
CA,2024-09-03,12335,1062.7888123226594,456.04611955682424,953.0,721.2,1655.8000000000002,1380,1492,72.09388069705093,12.398563902775638,75.83,56.4,87.62,706
CA,2024-09-04,11657,1076.217294329588,538.8349641728115,810.0,541.6,1883.0,1388,1648,72.19740898058254,12.01358868030664,76.97999999999999,65.92,89.96600000000001,714
CA,2024-09-05,12063,1076.4513802536685,508.51070165169,977.0,427.60000000000036,1603.6,1413,1594,73.03031367628607,9.090175670776992,76.5,63.109,87.309,748
CA,2024-09-06,12106,1050.8754336692543,641.616827938716,802.5,402.6,2261.3,1416,1636,71.80838630806842,13.168942350484548,75.46,55.22,86.432,742
CA,2024-09-07,11975,1108.0956993736947,598.2568261069273,791.0,452.6,1954.2000000000003,1374,1680,72.54305952380949,12.262300694445054,74.36500000000001,58.015,86.47600000000001,712
CA,2024-09-08,12003,1098.798467049904,552.4239560689731,759.0,572.0,1656.0,1320,1512,72.64392857142859,11.193318364350047,77.3,57.126000000000005,87.42800000000001,669
CA,2024-09-09,13273,1073.556317335945,573.0801022953968,893.5,465.0,2166.8999999999965,1458,1785,72.43461064425772,14.49619048521419,77.15,58.66,89.75,788
CA,2024-09-10,12990,1070.1834488067743,533.7192533928869,845.0,613.0,1944.0,1420,1743,72.52682730923696,11.56641626976324,77.04,61.068,91.028,755
CA,2024-09-11,12774,1090.865586347268,540.2759545961609,1103.0,662.6,2246.6,1414,1710,72.13460233918127,9.169396982028507,76.68,62.29,85.118,740
CA,2024-09-12,12507,1104.1464779723356,589.657096822715,1023.0,489.20000000000005,2214.6,1515,1738,72.68365937859609,13.69758057563726,77.18,54.87,89.018,790
CA,2024-09-13,12913,1107.7453728800438,590.1776036628792,909.0,110.7,2212.6,1495,1724,72.4120127610209,13.873269822721058,71.67,52.236,84.756,739
CA,2024-09-14,11618,1083.8444654845932,479.28511703065794,885.0,571.0,1673.0,1366,1652,72.50282082324453,13.998485093239925,69.37,51.306,84.476,723
CA,2024-09-15,11352,1101.9414200140943,595.9728110862609,961.0,534.2,2280.4,1323,1599,72.6875171982489,12.237099912508999,70.755,55.549,81.89,679
CA,2024-09-16,12507,1069.4088910210285,583.3042348863161,999.0,563.0,2221.9,1468,1726,72.95997103128623,12.476157669895072,76.98,59.394,86.724,736
CA,2024-09-17,12975,1094.054026974952,718.6656719971463,947.0,116.0,2277.0,1463,1795,72.29656267409473,15.072383647164854,77.345,52.637,90.921,750
CA,2024-09-18,13428,1099.6525171283884,596.9715975393384,1039.0,603.0,2275.0,1484,1895,72.54656992084436,14.106435647878362,73.78,61.282000000000004,88.128,793
CA,2024-09-19,12761,1110.095917247865,722.6633409243104,979.5,111.0,2316.1,1454,1834,72.73057797164668,13.414371846977543,73.73,57.547999999999995,89.69800000000001,756
CA,2024-09-20,12881,1113.2796366741718,675.9182880107669,1233.0,417.0,2279.4,1456,1683,73.17679144385025,10.026319692792756,75.74,62.29,86.2,755
CA,2024-09-21,11540,1133.4939341421143,544.1663189727682,784.0,126.0,1599.4,1318,1681,72.78419393218323,15.212083974657805,72.07499999999999,53.0,91.39,671
CA,2024-09-22,11755,1085.9427477669078,512.4348577682827,785.5,108.0,1451.7,1317,1631,72.02229307173516,14.346083349924923,76.2,52.318000000000005,90.634,693
CA,2024-09-23,13265,1109.7047870335466,555.7562881523139,913.0,388.2,1670.4,1467,1747,72.58319977103604,10.691265801461489,77.82499999999999,61.823,90.746,757
CA,2024-09-24,13662,1100.0511638120336,543.618534785171,904.0,113.0,1621.0,1489,1823,72.24330773450355,13.384856455275637,79.2,59.062000000000005,90.49,798
CA,2024-09-25,13082,1082.3227335269837,541.7026146225212,957.0,429.0,1636.2,1495,1840,72.39707065217391,10.070992476417564,76.46000000000001,59.553999999999995,86.844,764
CA,2024-09-26,12852,1081.1800497976965,552.4115327461994,896.0,325.0,1617.2,1431,1806,73.01383167220376,13.255864346896937,74.33500000000001,55.725,89.813,763
CA,2024-09-27,13190,1090.2059893858975,619.995738993834,1016.0,463.9,2257.0,1499,1795,72.90029526462399,17.03610883526263,77.11,50.870000000000005,90.264,775
CA,2024-09-28,11359,1086.6919623206259,557.0690040116368,920.0,169.1000000000004,1621.8,1319,1624,71.9613793103448,12.727679761007717,74.27000000000001,58.057,88.84700000000001,686
CA,2024-09-29,11743,1063.1841948394779,428.4053615802827,912.0,609.5,1617.0,1335,1575,72.0679365079365,12.897367050852356,72.22,57.01,88.228,679
CA,2024-09-30,13177,1065.8479927145781,453.05256947273233,949.0,638.6,1584.0,1481,1753,72.05521962350252,15.170495830873998,71.0,49.116,85.25999999999999,768
CA,2024-10-01,13158,1059.9483964128285,462.20969548665823,1008.5,639.5,1581.0,1459,1745,71.90575931232094,12.26622659495954,72.46,58.861,92.855,755
CA,2024-10-02,13703,1081.3484638400355,511.9739293875211,1457.0,637.6,2252.6000000000004,1525,1877,72.358694725626,12.821963013784739,77.39,60.256,90.708,791
CA,2024-10-03,12790,1073.1369820172006,554.3482147394412,1047.0,502.60000000000025,1698.2,1496,1822,72.26687705817781,11.863083064152516,73.81,60.884,90.12,765
CA,2024-10-04,12670,1096.2599052880823,634.0709699015966,988.5,638.0,2338.9,1461,1753,72.66500855675983,11.001683698133983,77.255,61.177,87.58699999999999,777
CA,2024-10-05,12085,1102.1137774100125,552.6592055472116,1041.5,649.7,2295.6,1348,1649,72.66489993935718,10.204070870313911,74.625,59.745000000000005,87.01,679
CA,2024-10-06,11968,1087.6875000000005,634.5706742250384,1049.0,662.3,2337.0,1330,1512,72.23712301587305,11.06761865600924,74.685,59.496,87.74600000000001,685
CA,2024-10-07,13606,1070.8083198588845,614.1671782273874,906.0,650.8,2352.0,1487,1666,71.77802521008401,12.099887999663554,73.59,58.471999999999994,85.74900000000001,720
CA,2024-10-08,13509,1096.1900214671691,490.79604098576806,948.0,672.0,1653.8000000000002,1498,1646,72.94911300121507,11.070590401600088,72.99,56.566,85.216,766
CA,2024-10-09,13516,1104.8600177567328,459.7734897371765,1042.0,679.0,1787.0,1481,1709,71.67574019894674,11.896244905865263,76.92,59.620000000000005,90.426,787
CA,2024-10-10,12423,1078.2591966513726,539.0531336244238,1056.0,691.0,1920.0,1436,1584,72.77599116161616,8.445077325365949,74.68,64.91,88.864,725
CA,2024-10-11,12633,1115.9012902715112,530.9302805629706,1290.0,698.0,1890.4,1458,1641,72.25180987202926,10.76756566832393,75.21,59.24,86.954,746
CA,2024-10-12,12161,1083.0478579064227,425.24814415675473,904.0,655.4,1646.4,1323,1583,72.15426405559064,9.338037723708966,76.41499999999999,69.395,86.14,683
CA,2024-10-13,12103,1110.1522762951338,416.72408867005953,1135.0,656.0,1792.6,1333,1526,72.8333224115334,11.750007161936352,77.175,61.9,94.104,665
CA,2024-10-14,12904,1092.1732796032236,411.10229611915804,895.5,623.0,1435.3,1423,1670,73.41443113772458,11.196286659351967,69.94,59.928000000000004,88.104,705
CA,2024-10-15,13920,1106.2733477011498,569.1767913891077,989.5,658.0,2305.1,1463,1673,71.79822474596533,12.484393409717342,71.94,57.716,89.70800000000001,761
CA,2024-10-16,14478,1114.2554910899287,502.33130017333093,975.0,673.0,1796.0,1461,1717,72.4308910891089,12.34943425893287,77.56,59.46,90.536,759
CA,2024-10-17,13589,1116.0809478254469,620.3107466178427,1340.5,693.8,2372.0,1481,1805,72.26141274238228,10.369883211554926,78.16,65.41199999999999,92.164,753
CA,2024-10-18,13413,1094.4418847386867,566.9638734932878,1113.0,658.6,2320.4,1528,1852,72.8081857451404,8.916295576521057,77.46,68.066,90.332,757
CA,2024-10-19,12594,1074.5354930919482,705.9178699287809,1094.5,141.0,2311.0,1355,1624,72.57991995073893,11.526073327808767,79.02000000000001,64.753,90.877,679
CA,2024-10-20,12387,1096.7530475498504,661.5243187026657,1081.0,639.0,2290.0,1353,1633,72.62375382731169,12.042298720604606,77.04,61.152,91.302,692
CA,2024-10-21,13738,1107.2362061435433,673.8274564746,1002.0,439.0,2298.8,1507,1800,72.03487777777784,11.569196018911054,76.67,60.316,90.236,771
CA,2024-10-22,14137,1084.4630402489925,745.6212087280263,1371.0,122.00000000000003,2278.0,1516,1758,72.82150170648465,12.32408388976136,74.99,57.686,90.058,753
CA,2024-10-23,13887,1083.601137754735,739.979012899513,949.0,126.0,2254.0,1511,1741,71.70394600804137,13.299646300392938,79.07,60.160000000000004,92.10600000000001,760
CA,2024-10-24,13563,1052.8043943080436,739.27154064185,1180.5,138.5,2281.0,1518,1757,72.04481502561185,13.115425725085363,78.15,60.01,94.842,758
CA,2024-10-25,14654,1064.2552204176332,640.1721178919299,1098.0,356.8,2271.2000000000003,1500,1813,72.40623276337563,13.109367335299526,74.775,57.547000000000004,91.55499999999999,747
CA,2024-10-26,12398,1068.2709307952894,446.47657498583584,968.0,381.8,1646.4,1397,1578,72.23437896070979,11.140738406817338,70.91,60.711,88.52199999999999,690
CA,2024-10-27,12556,1062.3659604969737,398.256710984202,1080.5,395.1,1627.0,1398,1635,72.77862385321096,9.90662501292555,74.28,60.62,85.44,703
CA,2024-10-28,14309,1071.1394926270177,522.9713820699545,1160.5,408.3,1781.9,1528,1680,72.22030952380952,11.001916071690454,73.495,59.117000000000004,87.097,763
CA,2024-10-29,14404,1067.1198278256043,500.100615470716,1737.5,730.0,1855.7,1539,1727,72.51108280254779,9.314208978162819,71.985,61.045,85.205,762
CA,2024-10-30,13533,1067.5006280942887,491.26065708808227,1421.0,697.4000000000001,1874.4,1535,1827,72.46345922276957,12.574536122413326,75.66,53.574000000000005,89.16799999999999,772
CA,2024-10-31,13170,1065.1799544419139,516.3274323355756,1078.0,689.0,1890.4,1546,1798,71.99139599555059,12.458051596032911,73.43,53.298,86.806,772
CA,2024-11-01,13331,1094.0833395844268,590.1515019532657,1146.0,542.4,2276.6,1532,1731,72.11927209705375,9.388236188092216,77.82,66.068,87.654,773
CA,2024-11-02,12651,1078.5635127657886,656.0430737276729,941.5,219.70000000000027,1981.9,1435,1721,72.47565950029058,14.2943876086128,77.98,54.89,94.005,716
CA,2024-11-03,12561,1102.2811081920229,604.9753100930832,865.0,108.0,1733.4000000000017,1420,1688,72.77490521327012,12.611431920390508,77.09,63.74,92.20599999999999,708
CA,2024-11-04,13503,1096.565281789231,606.1221282386444,974.0,416.80000000000007,2013.0000000000148,1536,1762,72.60581157775258,13.159724949028076,74.435,57.325,90.955,769
CA,2024-11-05,13759,1080.2735663929066,604.7337853536445,1006.0,249.0,1956.0,1578,1700,72.40691764705883,12.919458230495932,78.42,60.715,91.68,767
CA,2024-11-06,13140,1052.5039573820395,672.829236614018,900.0,119.3,2260.8,1533,1705,71.75866275659823,13.380165924641599,71.215,52.983,87.96000000000001,744
CA,2024-11-07,13570,1082.964259395727,589.3891244769279,1123.5,542.7,2251.3,1545,1711,71.80373465809467,12.503622779481564,76.13,60.264,93.11800000000001,798
CA,2024-11-08,13526,1071.5158213810444,626.5403180742962,922.0,518.0,2315.0,1542,1815,72.26108539944902,13.017371256901294,74.53999999999999,56.475,87.105,772
CA,2024-11-09,13248,1100.3426177536223,719.8819307180216,1503.0,526.0,2280.0,1437,1642,72.70277710109623,9.999465208337067,75.67,66.298,89.194,720
CA,2024-11-10,12668,1106.295784654247,761.250901767773,1273.0,502.9,2268.0,1427,1637,72.41628588882102,15.64009887733168,76.73,60.36000000000001,90.008,729
CA,2024-11-11,13311,1085.4209300578466,616.1638020640856,930.0,522.6,2254.3,1539,1687,72.6374748073503,11.398258240976025,74.595,58.713,90.26,765
CA,2024-11-12,14245,1084.5319059319058,591.0840876465372,994.0,551.4,2202.0,1545,1800,71.97718333333333,12.574464191775906,73.71,59.866,85.16,825
CA,2024-11-13,13267,1058.244742594408,577.5640269450669,994.0,443.6,1817.8,1568,1726,71.87504634994201,14.409097072732367,73.22,56.058,90.836,799
CA,2024-11-14,13374,1070.2388215941373,609.6213487804449,1030.5,516.3000000000001,2296.1,1556,1712,71.5829789719626,10.42291919896241,76.93,63.611999999999995,89.118,782
CA,2024-11-15,13530,1045.2063562453807,589.0224284654321,1096.5,591.6,2291.9,1570,1701,71.70395061728397,13.15285090532529,71.9,54.404,85.69699999999999,811
CA,2024-11-16,11790,1080.576844783715,561.4002774687149,949.0,434.9,1782.7,1444,1503,72.88604790419166,9.324080978197824,78.23,62.864,87.34,683
CA,2024-11-17,11825,1070.64135306554,494.30644647860197,863.0,444.2,1654.2,1423,1589,72.31233480176212,13.772508521406774,69.43,48.834,84.259,722
CA,2024-11-18,13798,1068.7181475576174,717.0427122487619,1144.5,375.20000000000016,2396.1,1571,1681,72.0793515764426,10.267854756890252,74.66499999999999,62.263,88.06400000000001,790
CA,2024-11-19,14220,1086.209212376934,622.3029115572567,1231.5,438.0,2356.0,1584,1795,72.10434540389969,12.615687964811304,78.13,58.452999999999996,90.905,821
CA,2024-11-20,13593,1071.8390347973218,584.7034381156124,1408.0,521.5,2338.0,1560,1661,71.66910897049966,14.251995059710325,73.0,56.742000000000004,86.78,788
CA,2024-11-21,13321,1082.5256362134976,639.0882354596023,1058.0,615.0,2375.0,1583,1647,72.07265330904677,13.9431226735222,74.67500000000001,57.373000000000005,89.417,794
CA,2024-11-22,13488,1066.1143979833935,640.3267347349454,1049.0,448.6,2371.6,1559,1670,72.37813772455088,10.944115263483974,74.0,61.18,88.44,762
CA,2024-11-23,12546,1038.0843296668254,651.5011367530683,1446.0,628.0,2384.0,1450,1598,72.82725281601998,15.76241085621105,75.37,50.634,88.689,715
CA,2024-11-24,12455,1087.6199116820558,709.6199441861662,929.0,458.20000000000005,2406.6,1470,1617,72.31583797155221,13.945971682561202,77.16,57.025,90.655,724
CA,2024-11-25,13607,1069.8527228632322,627.2592080083016,940.0,444.6,2369.2,1591,1715,71.90902040816327,11.787039393996261,75.57,56.625,88.02900000000001,811
CA,2024-11-26,14928,1079.1785235798498,496.0820235930865,1192.0,577.4,1755.6000000000001,1628,1881,72.5721052631579,11.472762427959323,79.95,61.442,91.23,797
CA,2024-11-27,13407,1068.7690012679946,512.8553209845352,1357.0,626.0,1730.0,1562,1776,72.47925675675681,13.47185908127101,75.75,52.912,87.604,805
CA,2024-11-28,14417,1093.5953388360965,562.5429016734855,1144.5,596.0,2113.400000000004,1589,1859,72.92096288327059,10.475398335419722,75.02,63.482,88.512,814
CA,2024-11-29,13450,1075.9539776951674,523.8541805677953,1309.0,457.0,1656.7,1579,1848,72.81014069264069,10.910273636394548,76.28,60.918,88.32799999999999,763
CA,2024-11-30,12695,1091.1781803859787,578.4686947020396,943.0,540.8000000000001,2324.4,1524,1688,72.30885071090046,9.751068012682424,74.5,62.784,88.30199999999999,769
CA,2024-12-01,12921,1116.4245027474656,547.7365510012842,1308.0,662.2,2312.8,1436,1629,73.01302639656232,11.186739967149137,75.57,57.57,85.34,727
CA,2024-12-02,13531,1073.2418150912722,563.2794172230529,1283.5,637.7,2305.0,1560,1712,71.73064252336448,11.044786270676402,73.5,58.484,88.296,781
CA,2024-12-03,14035,1079.1387246170298,636.640461945309,1301.0,657.8,2340.6,1572,1886,72.06441675503709,9.201731664890747,79.92,66.35000000000001,90.854,836
CA,2024-12-04,13495,1090.4474990737315,652.2053962835821,1461.0,739.0,2322.9,1564,1834,72.09348964013087,14.305867288495064,76.84,60.876000000000005,89.13600000000001,816
CA,2024-12-05,14401,1121.2867162002642,529.151934845026,1636.0,738.1,2272.8,1602,1995,72.76934837092728,11.697715204616253,77.34,64.514,89.794,850
CA,2024-12-06,13659,1092.4046416282308,636.8949191640454,1136.0,155.2,2277.4,1591,1926,72.49244548286602,11.124616441577759,79.13499999999999,65.42699999999999,93.706,862
CA,2024-12-07,13276,1074.730491111781,553.6177413017369,1128.0,127.0,1658.0,1511,1880,72.8067925531915,12.873004946526889,76.98,57.535,90.562,822
CA,2024-12-08,12160,1067.6138980263158,512.096064196838,1114.5,125.4,1666.3,1480,1858,72.60285791173307,11.50916961656946,76.11000000000001,59.325,87.581,778
CA,2024-12-09,14789,1085.276489282576,521.553195653367,1097.0,287.8,1678.0,1609,1893,72.59045958795562,13.021041869257113,75.25,57.978,86.642,815
CA,2024-12-10,15312,1092.6731321839077,526.4758279533002,1121.0,697.6,1958.8000000000002,1672,2116,72.09976370510395,9.946953640607513,72.72,62.28,88.06,883
CA,2024-12-11,15137,1063.019026227126,609.8229035628863,1118.5,116.9,1687.1,1666,2117,72.34608880491263,11.08941395267342,74.53,63.92,91.86,888
CA,2024-12-12,14801,1095.4711168164308,535.7458029457525,1201.0,639.0,2329.4,1645,2029,72.25236076885164,10.821615943684776,75.56,60.46,85.57,871
CA,2024-12-13,14325,1064.683979057591,516.0927546045514,1096.0,624.6,2304.0,1649,1900,72.01429473684209,10.361777413741402,74.35,63.99,88.31,829
CA,2024-12-14,13726,1087.351012676672,547.3943347168312,1230.5,491.0,1746.0,1559,1855,72.29578975741244,12.597321948857386,77.75,58.902,89.88,831
CA,2024-12-15,13897,1088.4507447650565,661.8341197553293,1223.0,440.0,2362.0,1523,1801,72.3068295391449,13.204971317444109,76.33,60.816,92.642,774
CA,2024-12-16,15349,1074.1829435142351,678.1682529339572,1119.5,331.0,2324.0,1658,2026,72.68221618953605,13.467805416993523,76.23,57.047,90.275,866
CA,2024-12-17,15885,1072.7823103556814,542.6109875838184,1079.0,522.0,1929.0,1688,2109,72.01813655761023,13.811021018103622,79.41499999999999,61.705000000000005,91.316,917
CA,2024-12-18,15439,1065.4794999676149,521.7702071197241,1101.0,505.0,1756.0,1700,2164,71.80978743068394,12.24392381036892,75.25,58.72,90.72200000000001,894
CA,2024-12-19,15661,1052.3885447927971,569.3868206368682,1125.0,362.4,1748.2,1713,2222,71.65137263726368,12.62927586129324,76.48,58.222,88.984,933
CA,2024-12-20,14535,1059.5599587203303,494.7501465190623,1173.0,496.0,1718.0,1656,2030,71.51218719211822,11.408658447956018,76.54,58.589999999999996,88.358,880
CA,2024-12-21,13493,1077.621359223301,548.7848365657478,1126.0,480.0,1715.0,1525,1959,72.39397651863199,11.214689661007492,76.605,64.965,88.41499999999999,847
CA,2024-12-22,13249,1060.002792663597,503.43325277538037,1388.0,495.8,1711.0,1480,1851,72.52012965964342,12.30844997236932,76.41,60.668,91.113,794
CA,2024-12-23,14874,1048.3559903186774,638.8588634481082,1106.0,138.0,1725.0,1569,2092,71.8309416826004,13.02080570510131,74.57,58.28,88.7,835
CA,2024-12-24,14814,1059.0552180369918,602.3905324054288,1108.0,491.2,2316.0,1549,2006,72.26612163509472,13.435779275873802,77.29499999999999,58.326,92.433,819
CA,2024-12-25,13420,1060.3511177347245,529.40054376711,1068.0,628.1,2028.0,1417,1713,72.23715703444249,10.868869521284232,75.57,59.972,89.932,765
CA,2024-12-26,13265,1035.170674707878,640.7937347402595,1137.0,534.7,2330.9,1480,1691,72.24175635718508,12.618085233989436,72.72,53.912,85.563,781
CA,2024-12-27,14613,1042.7758844864165,544.3670336468537,1088.5,471.0,2030.9,1526,2105,72.15328741092634,12.22637304634993,73.96,63.69,92.778,829
CA,2024-12-28,14020,1044.6530670470745,503.5613984725526,1372.0,521.0,1791.0,1498,1957,72.15092488502808,11.875828001078613,74.55,61.08,88.12,781
CA,2024-12-29,14358,1053.8216325393507,499.4181048703949,1119.0,503.60000000000014,1733.0,1534,1936,71.92979855371904,11.992420363414531,77.19,55.858,87.626,847
CA,2024-12-30,15030,1048.8681304058546,482.530948778329,1089.0,615.0,1746.0,1617,2056,72.14736867704276,10.676471036583852,71.98500000000001,58.898,85.212,884
CA,2024-12-31,16471,1054.3355594681564,553.2003948172531,1214.0,486.0,2272.0,1592,2152,72.27026951672858,11.33322372435248,74.035,58.065,88.42500000000001,878
CA,2025-01-01,13084,1060.5962243962094,556.0213592076295,1070.0,469.0,2154.2,1490,1771,72.34848108413325,10.955699725009474,76.96,59.408,85.166,754
CA,2025-01-02,15724,1050.223798015772,606.0170461967949,1071.0,450.0,2253.0,1641,2111,72.53289436286123,8.333592005212553,73.235,64.79899999999999,84.895,873
CA,2025-01-03,15995,1084.7404814004371,584.5192216628755,1128.0,306.6,1738.0,1647,2215,72.1540090293454,11.910537204462145,75.54,56.378,85.20400000000001,933
CA,2025-01-04,14667,1063.4013772414269,412.4292318771329,1014.5,397.5,1649.5,1632,2078,72.2505004812319,11.926302766390757,73.16,54.496,85.912,889
CA,2025-01-05,15170,1039.5286750164798,441.8655602287944,1045.0,273.6,1510.7,1613,2119,72.16803680981596,14.225502148398698,72.46,58.28,84.55800000000002,897
CA,2025-01-06,16095,1079.2784094439266,441.4885115643404,1015.0,418.0,1593.0,1743,2096,72.29219942748094,11.883085744312913,76.27,52.354,84.676,943
CA,2025-01-07,15950,1061.9289655172422,519.6399747249013,1090.0,668.0,1713.0,1767,2148,71.68900837988828,12.532343505541766,70.21000000000001,55.329,87.11999999999999,943
CA,2025-01-08,17358,1060.23700887199,499.04307611202273,1034.0,511.8,1697.2,1758,2318,71.38547454702326,13.810906374186425,73.5,53.93,85.49,978
CA,2025-01-09,14526,1059.1089770067472,433.67981110536,1024.0,516.2,1655.0,1711,2009,72.13973120955697,10.244062423545651,77.845,58.901,85.223,868
CA,2025-01-10,16297,1068.3154568325463,585.9911361742651,968.0,110.0,1707.0,1763,2324,72.14413941480205,13.485058825934214,76.09,54.413999999999994,87.812,965
CA,2025-01-11,15659,1069.5595504182907,530.9015920274121,999.0,148.60000000000002,1650.0,1625,2067,72.34333817126273,13.495501322108307,75.72,53.602000000000004,88.28,839
CA,2025-01-12,14624,1074.2882248358856,654.8604710495282,1056.0,109.0,2053.4999999999995,1600,2197,72.03751024123808,12.290072564490506,74.8,55.938,88.434,866
CA,2025-01-13,15738,1059.4447833269792,493.53853068273514,1084.0,688.4,2051.0,1743,2058,72.16519922254612,10.33335693201532,79.02,64.642,89.054,918
CA,2025-01-14,16182,1058.1858855518478,445.2226572565623,1102.0,552.0,1757.6000000000001,1774,2373,72.14193426042988,9.921368593092387,76.725,66.301,89.461,979
CA,2025-01-15,15533,1061.737397798236,564.2179017072691,1119.0,570.6,2323.6,1777,2250,72.38299555555555,11.207790151159637,76.36,60.672,90.856,949
CA,2025-01-16,15860,1019.3646279949562,435.45806030986574,1075.0,505.0,1777.4,1816,2317,71.63181268882174,12.636885498493717,77.37,59.568000000000005,90.778,946
CA,2025-01-17,16432,1047.4253894839344,518.4560798894893,1082.5,504.0,1835.0,1805,2347,71.6091734128675,11.70693890259686,76.47,57.492000000000004,86.93,1006
CA,2025-01-18,15266,1080.9696711646802,507.04467562131697,1116.0,756.4,2254.4,1656,2264,72.47595848056537,12.397211635392178,69.13,53.714000000000006,85.72,921
CA,2025-01-19,15212,1053.4080331317382,549.9828888324239,1020.5,459.0,2214.5,1693,2143,72.57247783481104,11.107337942966652,73.92,58.852000000000004,90.078,901
CA,2025-01-20,15955,1062.770166092134,500.3286266847003,1015.0,508.8,1864.2,1809,2086,72.13045062320228,11.165473922013717,76.48,59.128,88.57200000000002,917
CA,2025-01-21,17456,1058.0296746104489,536.8622050039035,1046.0,525.0,2233.6,1783,2386,71.96588432523052,12.704439190610854,75.08500000000001,56.298,87.267,966
CA,2025-01-22,16540,1041.511789600968,612.263263443157,968.0,514.4,2241.8,1834,2345,71.71849040511731,12.616859669794854,74.89,57.269999999999996,91.43,970
CA,2025-01-23,17303,1049.0401086516788,463.5349874804364,980.0,553.2,1668.4,1838,2369,71.6065766146053,9.765894256487964,72.87,62.382,86.992,1026
CA,2025-01-24,15878,1047.6034135281511,530.975510356358,1034.0,531.0,2239.7,1803,2298,71.94225848563966,10.975995705091753,72.9,60.63,87.47,946
CA,2025-01-25,15565,1066.5802120141345,538.6064117167235,1043.0,715.0,2262.0,1672,2022,71.70384272997032,10.414163828948189,73.2,59.575,84.36,894
CA,2025-01-26,14944,1057.4399089935764,592.5809344915701,1046.0,531.7000000000002,2292.3,1625,2060,71.93448058252429,12.985851537731362,81.16,57.672000000000004,87.754,857
CA,2025-01-27,16928,1032.084120982986,556.9996350242608,1001.5,357.0,1807.7,1806,2062,71.95408341416103,15.294666760081407,74.24000000000001,57.39,85.379,945
CA,2025-01-28,16630,1047.0248947684904,608.0688063063523,1047.0,491.0,2345.0,1856,2282,71.72063102541631,13.821985473854555,76.69,53.431000000000004,87.24199999999999,988
CA,2025-01-29,16962,1050.9163424124515,549.5419631860308,1006.0,528.4,1852.3999999999999,1823,2366,72.18038884192735,14.036060696212761,75.45,56.012,90.918,1001
CA,2025-01-30,16674,1034.8414297709007,608.0480025474309,976.0,459.9,2383.1,1856,2312,71.3996366782007,12.574214615611028,71.25999999999999,53.545,86.94000000000001,1013
CA,2025-01-31,16465,1041.4977831764356,624.1451355709861,1039.0,451.0,2367.0,1858,2273,72.24794984601847,12.727706278060934,73.025,56.14,90.562,1016
CA,2025-02-01,15733,1010.8351236255003,663.5377697089237,884.0,108.0,1724.8,1714,2282,71.59774758983347,12.744499009376554,76.69,56.531000000000006,88.95300000000002,908
CA,2025-02-02,15300,1028.6896078431369,366.40455263385473,988.5,460.3,1522.7000000000003,1686,2096,71.80898854961833,12.83898515432195,77.125,55.765,89.275,905
CA,2025-02-03,17050,1031.9659824046923,478.8270804880239,954.5,344.3,1509.0,1849,2304,71.69193576388886,12.566854429012855,69.34,48.30800000000001,80.784,984
CA,2025-02-04,17827,1045.6004375385644,543.819435819933,860.0,381.6,1711.0,1882,2347,72.28363016616956,14.610722207936881,72.135,54.513,88.436,975
CA,2025-02-05,16951,1017.6435018582974,536.8966919182553,1038.0,331.6,1747.4,1866,2344,71.68234215017065,14.36995390265235,72.55,50.822,83.39,985
CA,2025-02-06,17112,1037.9178938756436,442.70287906614016,877.0,502.0,1722.0,1848,2327,71.78160292221747,11.90182451865135,76.45,62.494,90.694,1003
CA,2025-02-07,17366,1017.1578371530577,539.4693734511595,900.0,412.0,1702.6000000000001,1852,2404,71.68784525790348,12.506589350151916,75.29,60.738,88.302,994
CA,2025-02-08,16246,1031.3265419180107,446.13774908813946,914.0,606.4,1601.6,1760,2162,71.36805272895467,12.61656811206106,67.92,53.044,85.08200000000001,930
CA,2025-02-09,16024,1027.5921742386413,499.2711493812766,1022.0,600.0,1940.2,1736,2155,71.76263109048725,10.178370811292178,76.54,59.66,86.03,911
CA,2025-02-10,16373,1026.1097538630672,547.9481725003668,799.0,414.4,1744.6,1865,2312,71.82228806228372,12.713816106490977,72.505,59.864,86.855,972
CA,2025-02-11,17349,1040.7980863450339,452.8072372219678,1007.0,546.0,1600.5,1902,2416,71.85332781456955,12.71309281780334,72.21000000000001,56.03,85.895,1037
CA,2025-02-12,16938,1006.1762309599719,437.3210102642393,871.0,522.0,1477.2,1896,2413,71.60322420223785,10.55279670699196,74.825,59.292,88.041,1054
CA,2025-02-13,18098,1031.9827052713006,378.56768753099294,849.0,571.0,1461.0,1917,2387,70.33446166736489,13.22953731337387,71.54,53.910000000000004,88.42699999999999,1075
CA,2025-02-14,18311,1031.4451968761948,558.9596282380329,936.5,502.8,2197.0,1886,2317,71.59006905481225,9.846481582586392,72.22999999999999,59.065,81.39,1005
CA,2025-02-15,15600,1038.4765384615382,505.75698411415146,840.0,423.4000000000001,1498.2,1756,2077,71.63426095329807,14.18024308764456,70.53,50.186,86.236,911
CA,2025-02-16,15999,1052.2942058878675,361.21386267595057,873.0,447.0,1484.0,1759,2051,71.45086786933204,10.043401590132987,66.86,52.712,78.426,929
CA,2025-02-17,17796,1030.2978759271741,389.0126562834908,1028.0,506.0,1585.0,1817,2307,71.78159081057649,18.10359036170381,70.06,38.596000000000004,87.735,1010
CA,2025-02-18,16956,1035.2533616418975,417.31844842337034,795.0,389.0,1255.0,1843,2022,71.51327398615234,15.559471941910852,70.32,51.629999999999995,86.608,927
CA,2025-02-19,16227,1007.2505084119064,566.9071812183882,801.0,413.0,2220.0,1847,2050,70.86701951219517,14.51148313960889,72.81,49.854000000000006,83.704,972
CA,2025-02-20,16955,1012.7349454438219,579.9043675845378,977.0,421.0,2252.0,1897,2050,71.48323414634149,12.702253189766719,74.595,53.022000000000006,83.869,984
CA,2025-02-21,17671,1004.0628713711737,632.125833619813,1085.0,411.0,2329.0,1867,2140,70.70863551401867,12.17937566992593,70.505,55.44,85.97,1004
CA,2025-02-22,16733,1015.4138528655949,650.2603237415917,1151.0,563.2000000000002,2349.0,1810,2261,71.92049977885895,12.191219016993083,74.53,60.224000000000004,89.518,970
CA,2025-02-23,17047,1039.0635889012724,723.8135555176042,1190.0,500.0,2381.4,1818,2272,71.45725792253526,13.619059604452769,71.94999999999999,54.292,83.795,987
CA,2025-02-24,18210,1028.482427237781,808.7047505814196,794.0,280.0,2411.0,1920,2150,71.86995813953489,12.270186103459375,77.495,65.03699999999999,90.58500000000001,1018
CA,2025-02-25,18740,1053.9331376734262,668.0430959464744,942.5,420.3,2359.4,2011,2311,71.1832237126785,11.354233546725808,78.13499999999999,58.751,86.29,1038
CA,2025-02-26,17558,1045.0201047955347,631.8262310320346,835.0,195.00000000000003,2264.0,1916,2253,71.78069684864624,13.614893313446144,76.92,56.55,91.67,1045
CA,2025-02-27,17305,1015.9390927477608,604.1200869849617,997.0,196.8,1673.0,1932,2239,71.73307726663688,12.006410424283937,76.44,58.80200000000001,87.47,1036
CA,2025-02-28,17955,1021.2991367307161,607.9013659227704,1022.0,134.8,1903.0,2002,2265,71.4883311258278,14.137124190261728,73.905,55.279,92.60900000000001,1020
CA,2025-03-01,15624,1025.488223246288,632.3863020967498,800.5,144.1,2286.0,1798,2029,71.67027106949236,15.76648798989259,73.48,53.980000000000004,92.50300000000001,990
CA,2025-03-02,16253,1014.3793145880767,570.5349225650405,937.5,492.0,2297.3,1817,2092,71.55754780114722,13.605027257561597,71.085,51.835,83.047,953
CA,2025-03-03,16595,1007.9454052425431,594.1321550181774,922.0,440.0,2111.5,1941,2089,70.98993776926758,9.882662800026367,75.25,61.818000000000005,84.228,1020
CA,2025-03-04,17205,1004.5610578320255,534.1540399128597,918.0,517.0,1942.6,1940,2189,70.72134764732756,12.577667101425675,77.12,57.28,85.78,1031
CA,2025-03-05,17625,1012.552510638297,590.0955470233656,915.0,314.6,1679.4,1946,2339,70.19283882000855,13.890240583309739,73.25,50.7,86.18,1081
CA,2025-03-06,16607,997.8094779309929,549.9520168619079,967.0,374.2000000000001,1591.0,1997,2285,71.02840700218819,14.851330786504539,73.04,49.052,88.61,1041
CA,2025-03-07,17690,1024.2706048615041,575.4916202332722,933.0,135.0,1749.0,1930,2424,71.47520627062701,13.17036671316039,75.16,56.535,90.205,1054
CA,2025-03-08,16545,1054.4512541553345,550.1899391916169,1000.0,325.8,1791.4,1855,2010,71.31871641791047,16.342963898863815,72.955,51.915,87.2,1006
CA,2025-03-09,16612,1015.3091740910193,657.0481017856985,993.0,116.0,2262.0,1840,2119,71.60150070788109,14.251623669921997,78.15,57.16,90.48,1000
CA,2025-03-10,17141,1017.4275129805732,581.2082007792571,1020.5,376.5,1959.7,1932,2123,72.02150259067356,12.592319929384633,76.16,59.09,88.4,1015
CA,2025-03-11,17765,1020.2249929636922,427.438457435318,1059.0,472.0,1544.0,1980,2160,70.87630555555552,12.525315088842765,70.545,52.932,82.796,1028
CA,2025-03-12,17942,1002.8473971686541,443.77585318888157,999.5,391.8,1565.2,1971,2371,71.2106368620835,16.045054052884957,71.34,54.888,85.511,1114
CA,2025-03-13,17450,1029.736103151862,480.903527150676,883.0,110.5,1427.5,1949,2347,71.31142309331061,12.741453324551472,70.56,55.364000000000004,88.074,1086
CA,2025-03-14,17877,1009.6514515858363,481.56060987888156,924.0,334.4000000000004,1675.0,2004,2291,71.28431689218685,13.82116940141425,74.06,55.114999999999995,87.695,1080
CA,2025-03-15,16855,1027.7782260456847,456.7640888861557,892.0,129.9,1502.8999999999999,1874,2267,71.50021173356859,12.980005569778173,74.28,57.05,88.89999999999999,985
CA,2025-03-16,17067,1020.7577195757896,454.5305033207073,947.0,137.0,1600.0,1861,2252,71.13127442273537,14.022684211105055,74.2,54.745000000000005,89.36500000000001,1014
CA,2025-03-17,19220,1029.721436004162,445.66622583352733,676.0,135.8,1306.3999999999996,2037,2510,71.68958565737053,14.085163643803817,69.39,50.59,87.31,1129
CA,2025-03-18,18557,1013.5429756965027,509.800162516589,992.5,170.3000000000002,1778.8000000000002,2036,2395,71.35043423799583,14.051844980360473,79.09,54.009,93.58900000000001,1115
CA,2025-03-19,17539,1009.3038371628943,489.78182845417854,1004.0,168.0,1455.4000000000005,2012,2239,71.12393032603839,12.394296212191945,74.98,59.714,90.26,1047
CA,2025-03-20,17857,1015.4354594836755,528.515774867976,975.5,114.0,1567.5,2042,2254,71.20160603371787,13.092960071544711,75.32,56.302,92.99000000000001,1086
CA,2025-03-21,18511,995.4956512344012,503.9382148140921,986.0,132.0,1611.0,2064,2442,70.94697379197379,13.675939717795107,76.0,54.594,89.416,1152
CA,2025-03-22,15871,993.8897359964716,529.4236361576995,781.0,116.0,1621.0,1848,2133,71.30268635724329,13.914504353257108,74.26,55.17,92.13,985
CA,2025-03-23,17578,1012.8454317897376,514.1734505291779,1046.0,393.7,1831.0,1934,2255,71.38146341463415,12.764283751487858,74.78,58.330000000000005,90.052,1041
CA,2025-03-24,18727,1005.2714796817429,484.7231229811518,1033.0,483.4,1649.8,2081,2465,71.36680324543607,10.493539834318916,71.41499999999999,60.279,87.113,1153
CA,2025-03-25,19188,1008.7402543256198,364.9058927064834,1077.0,612.8000000000001,1430.6,2082,2452,71.06453507340946,13.790595821304311,70.9,54.594,90.594,1110
CA,2025-03-26,19577,981.7703938294942,406.23428641709825,989.0,434.80000000000007,1362.8,2109,2506,70.65654030327211,11.272351867434937,72.475,57.402,83.827,1150
CA,2025-03-27,18155,989.3296061690996,436.832145111546,1096.0,481.9,1478.6000000000001,2097,2301,70.94069534984787,10.294748672988575,78.28,65.676,89.536,1112
CA,2025-03-28,18390,999.7799891245241,526.4614986364755,829.0,196.0,1484.2000000000003,2088,2468,71.02120340356561,14.647849661672161,74.27,53.854,91.176,1124
CA,2025-03-29,18326,997.85927098112,539.8358398105722,1080.5,433.0,1845.0,1975,2470,71.59191497975708,9.736753712775519,72.41,61.308,85.954,1101
CA,2025-03-30,17548,971.7490312286302,536.6753745596018,1097.0,489.0,1837.3000000000002,1924,2218,70.4687376014427,11.831622175282034,68.66,53.074000000000005,82.83200000000001,1019
CA,2025-03-31,18421,990.2975951359867,547.2941292151653,861.0,376.4,1642.3999999999999,2088,2307,71.45115734720413,12.702975339501943,73.815,57.108000000000004,85.38000000000001,1070
CA,2025-04-01,19064,1007.0871275702896,471.8917212211775,1076.0,537.0,1842.0,2118,2353,70.64944751381215,13.65310703057514,77.19,57.49,93.6,1087
CA,2025-04-02,19484,960.8044036132211,372.3998464561361,915.0,472.0,1351.0,2133,2540,70.79831889763781,12.162648457836719,70.695,55.823,83.054,1116
CA,2025-04-03,19219,1012.0471408502,503.9587529278304,965.0,509.0,1862.0,2138,2492,71.29450642054573,12.585122472758101,69.55,54.896,86.914,1162
CA,2025-04-04,19567,973.4779986712318,449.1030586501153,959.0,518.9,1519.8000000000002,2126,2514,70.62657915672237,13.137654491093292,71.64,53.299,81.04,1126
CA,2025-04-05,17582,990.9422136275734,456.56836263819457,898.0,534.0,1516.0,2005,2236,71.2022719141324,15.166177040490327,72.29,53.466,89.848,1040
CA,2025-04-06,18321,1004.8922002074127,515.4991366361779,1091.0,542.0,1956.2,1984,2286,71.048302712161,10.966827945512172,75.33,59.5,87.32,1043
CA,2025-04-07,19585,984.3496042889963,483.5834084373479,1106.0,537.0,1774.2000000000003,2176,2445,71.16038445807774,11.694998526401976,69.83,57.596000000000004,85.629,1144
CA,2025-04-08,20138,972.6297050352567,506.5996151730787,1032.0,393.0,1734.6999999999998,2253,2724,70.59532305433187,11.400076457297633,72.79,59.64,87.946,1238
CA,2025-04-09,19636,962.1921980036672,457.4962740753437,1088.0,621.0,1743.4,2243,2528,70.7183306962025,11.221462688355343,76.66,60.14,91.79,1223
CA,2025-04-10,19700,972.8576649746196,530.4453012521478,1039.0,476.0,2179.200000000016,2182,2493,70.28897312474933,14.653068909693362,72.36,53.772999999999996,83.23700000000001,1197
CA,2025-04-11,19708,981.0408970976257,579.0295582105035,827.5,306.1,2210.2000000000003,2217,2529,70.85296164491892,13.795613908673733,71.54,52.91,87.16,1180
CA,2025-04-12,17441,989.2380024081184,552.4933030930972,1090.0,507.0,2268.2000000000003,2034,2302,71.06944830582103,12.694506677033282,72.94,55.81,87.54599999999999,1092
CA,2025-04-13,17632,969.8180580762255,517.6264285817093,1103.0,484.2,1654.0,1975,2104,70.21540874524712,13.334016814426827,69.71,52.9,85.26,1018
CA,2025-04-14,19475,964.4401026957642,536.363302479649,1013.0,453.5,1765.5,2207,2470,71.31507692307693,8.347695241007226,72.29,62.848,83.316,1159
CA,2025-04-15,19634,978.8099215646336,580.0428368775799,1064.0,486.5,2278.0,2217,2514,71.30817820206842,13.839952038843919,70.975,52.899,91.677,1168
CA,2025-04-16,19999,960.3585179258969,542.8724662372454,1076.0,549.0,1970.8,2240,2465,70.83322920892496,12.822996454937252,74.52000000000001,53.537,86.64699999999999,1175
CA,2025-04-17,19371,979.3134582623508,493.6243896849584,1101.0,510.0,1956.0,2219,2567,71.31538761199853,13.895366585196026,74.30000000000001,53.724,85.294,1242
CA,2025-04-18,18790,984.1352315061201,465.27345005600847,994.0,460.2,1719.2,2115,2666,71.08176294073519,11.38337093505053,72.66,59.209999999999994,85.16,1222
CA,2025-04-19,18627,965.2336930262525,439.3848599217788,986.0,506.0,1722.0,2011,2341,71.06170439982915,12.153181643730324,74.05,58.97,89.51000000000002,1103
CA,2025-04-20,18443,969.4275877026516,405.958436195205,1035.5,515.6,1672.7,2001,2386,71.01673931265722,13.695468293079054,70.74,54.588,83.882,1104
CA,2025-04-21,20729,987.2366732596845,398.3940131603364,1319.0,535.5,1673.5,2149,2759,70.93477709314962,12.511219688673348,71.0,56.334,85.16,1231
CA,2025-04-22,20089,955.9493752800041,490.23956738853184,1014.0,527.2,1677.0,2240,2738,70.78763330898467,10.708303818753953,70.775,58.395,84.078,1262
CA,2025-04-23,19667,965.5141099303398,551.4808137318261,838.0,465.4,1706.5,2249,2596,70.97834745762714,15.85713569275337,71.84,51.67,91.24,1239
CA,2025-04-24,20017,968.1764999750216,562.1773851849595,1051.0,551.5000000000002,2321.0,2234,2807,71.2211435696473,12.944614561128029,73.07,53.566,86.956,1236
CA,2025-04-25,19780,976.3560161779568,645.2088568888329,846.0,393.0,2348.2,2234,2705,70.75092791127543,11.439599955439695,75.22,57.025999999999996,84.23,1266
CA,2025-04-26,18039,970.2883197516489,582.4248160932857,991.0,490.8,2352.6000000000004,2049,2483,70.94351188078937,10.813885747975771,68.21000000000001,53.516,84.21900000000001,1169
CA,2025-04-27,16889,951.3144650364139,595.6615581569375,995.0,575.0,2358.4,2003,2233,70.80876399462612,14.1841436425588,74.06,55.09,90.87,1078
CA,2025-04-28,18776,953.3238708990202,581.7425350006584,950.5,485.0,2344.0,2131,2485,70.57903018108654,14.074394469656589,71.88,49.482,88.961,1143
CA,2025-04-29,19165,968.1505348291157,695.1067128044226,1139.5,570.8,2382.9,2212,2860,70.54790209790211,13.022239908380008,75.44,55.618,92.354,1305
CA,2025-04-30,19370,962.1478575116155,775.589941147478,984.0,178.0,2388.0,2245,2907,70.6146646026832,15.713256101188284,73.04,45.894999999999996,85.725,1323
CA,2025-05-01,19380,955.0352425180597,662.2431095365696,1067.0,349.0,2325.0,2315,2865,70.62210122164053,13.474990862125845,74.08500000000001,58.538000000000004,87.729,1351
CA,2025-05-02,19554,961.996573591081,666.551053858669,934.0,433.0,2314.0,2306,2869,70.4967305681422,13.470824058435724,71.93,50.01,87.76,1345
CA,2025-05-03,18556,974.0572860530283,711.3967435269647,1067.0,548.0,2337.0,2059,2717,70.92453441295551,10.814109225143481,74.305,61.369,83.698,1213
CA,2025-05-04,17767,950.7732875555806,623.0403958750384,1083.5,589.0,2338.3,2045,2559,70.51246580695584,13.774020484960028,71.15,56.042,89.322,1159
CA,2025-05-05,20012,967.1913851688977,736.9351158298083,920.0,468.2,2384.0,2280,2766,71.13595444685468,16.97925054106247,72.73,50.508,86.818,1289
CA,2025-05-06,18877,973.6282777983788,709.2230186450421,933.0,268.99999999999994,2337.6,2278,2813,71.02577675079984,10.776870280174773,68.115,54.289,83.587,1276
CA,2025-05-07,18948,959.9531876715229,662.0418325826416,982.0,245.0,2266.0,2326,2724,71.4093906020558,11.527898797870199,73.34,53.424,86.048,1285
CA,2025-05-08,19133,933.8392306486168,600.0901241298262,837.5,349.0,2035.0,2271,2744,70.78795918367342,12.932452098140942,72.87,57.187,91.092,1296
CA,2025-05-09,20104,975.0766016713086,567.6563332093224,998.0,321.0,1831.0,2332,2902,71.05026188835288,14.900513311725494,74.18,52.263999999999996,84.07300000000002,1325
CA,2025-05-10,18936,963.0322137727082,630.2320217569056,973.0,412.0,2303.0,2089,2576,71.09540760869564,16.951211895771632,75.815,53.22,91.945,1140
CA,2025-05-11,18275,948.9730232558142,527.5739927078794,1172.0,493.6,2009.4,2093,2449,70.01299714169046,11.85184546248883,68.99,54.244,84.604,1165
CA,2025-05-12,19759,953.3577104104464,612.2882637023552,982.0,463.0,2322.0,2251,2847,70.90896382156656,14.566662846824443,69.455,52.798,87.49600000000001,1266
CA,2025-05-13,20402,972.7736496421918,674.1891814614733,1156.5,451.6,2319.0,2339,2890,70.72734256055365,11.80194466853593,73.24,57.712,81.69000000000001,1284
CA,2025-05-14,20302,975.3023347453448,671.1296040378041,946.0,376.0,2304.7,2347,2881,70.71819507115586,13.03952693663081,70.01,52.624,86.238,1316
CA,2025-05-15,19958,965.4603667702177,653.7190408720554,1053.0,405.6,2392.4,2375,2970,71.1900538720539,15.339686754155021,72.32,49.02,84.822,1339
CA,2025-05-16,19945,973.1208824266733,528.4811181881466,958.0,358.9,1737.8000000000002,2324,2918,71.27968814256342,14.974814884443694,73.71,50.684000000000005,87.234,1289
CA,2025-05-17,18890,973.2768131286393,430.3735761217603,989.0,445.0,1630.1,2163,2779,70.98238215185319,13.034731309296541,71.98500000000001,53.404,83.567,1235
CA,2025-05-18,19219,963.7521723294644,426.7729960815639,1003.0,417.8,1622.2,2128,2681,70.67745244311824,11.355112829029926,71.70500000000001,57.091,83.207,1187
CA,2025-05-19,20965,987.336656331982,503.42563022380966,1034.0,411.6,1642.8,2233,2937,70.86457950289413,16.277247965348558,70.75,45.690000000000005,84.678,1269
CA,2025-05-20,20597,990.0328203136381,606.0922168021419,809.5,346.0,2313.5,2417,3029,70.49653350940909,14.080882770614338,70.39,48.552,86.316,1352
CA,2025-05-21,21164,962.2068607068609,494.8841552373718,828.0,325.4,1444.4,2438,2946,70.33950780719618,12.061125950079182,70.54,54.906,82.37400000000001,1357
CA,2025-05-22,20584,953.4880975514961,626.0331813333078,923.5,364.3,2346.5,2382,2906,71.02197866483144,10.381662433295196,69.09,57.068999999999996,81.333,1353
CA,2025-05-23,21763,960.4707990626291,472.7064205434298,932.0,383.8,1465.0,2474,2923,70.65915155661989,13.34263476317438,74.005,51.805,84.164,1368
CA,2025-05-24,19288,969.6590626296139,565.7872728828713,694.0,245.0,1828.3999999999999,2240,2705,71.09902402957484,15.462879427149765,71.3,51.69,88.14500000000001,1220
CA,2025-05-25,19313,980.1101330709885,602.8494452313136,744.0,287.0,2047.0,2142,2621,70.99981686379245,13.992400861152259,71.03,49.706,87.128,1134
CA,2025-05-26,20941,972.3689413113028,475.7282431382505,837.5,432.1,1806.3000000000002,2389,2900,70.65953793103444,13.488371864768029,71.915,52.660000000000004,87.592,1324
CA,2025-05-27,21380,949.9573900841904,533.807833179126,762.0,288.0,1520.0,2466,2940,70.74343877551019,19.92665349872175,70.12,45.35000000000001,86.092,1338
CA,2025-05-28,21558,936.0252342517857,469.07474565737135,705.0,267.0,1412.9000000000015,2496,3049,70.6207937028534,13.52398574856332,65.88,47.53,80.10900000000001,1417
CA,2025-05-29,21454,947.1741400205095,505.94028701297975,790.5,294.0,1373.8000000000002,2494,2891,70.93854721549636,10.775317192828274,70.4,61.626,87.3,1372
CA,2025-05-30,21854,960.4263292761051,383.67645260225896,666.0,278.0,1204.0,2559,3023,71.02509758518028,13.13661130237533,66.96000000000001,47.441,80.034,1433
CA,2025-05-31,20385,944.5870493009568,555.4829395790783,641.0,320.0,1798.0,2289,2736,70.49838815789471,11.801392437002866,72.855,55.914,85.491,1300
CA,2025-06-01,20325,958.5448462484622,559.2494792798207,794.0,232.1,1821.4,2259,2748,71.0275072780204,11.330376494049501,74.16,60.94,87.88,1237
CA,2025-06-02,22836,952.884612016115,512.8041139517316,614.0,273.1,1456.8999999999999,2521,3086,71.16267012313672,13.822598025569237,72.9,55.959,90.321,1424
CA,2025-06-03,21920,929.8605839416057,513.879630233917,719.0,335.50000000000006,1509.8999999999999,2576,3017,71.00979118329465,12.071690700064538,74.35,54.799,87.117,1401
CA,2025-06-04,23045,938.2599696246476,463.80098402676197,627.0,422.1,1367.0,2675,3073,71.116667751383,13.559999128318557,73.975,53.564,88.95,1452
CA,2025-06-05,23888,940.4415606162096,562.3724959333364,705.0,393.40000000000003,1855.6,2615,3231,70.39084803466419,16.654293421064576,68.755,40.998,83.858,1479
CA,2025-06-06,23337,937.2534601705449,561.738035212144,874.5,367.0,1841.8000000000002,2566,3130,70.66874760383389,10.83932766852057,72.88,57.334,85.136,1449
CA,2025-06-07,20663,935.6012195712141,391.91793494869125,655.0,326.0,1196.0,2364,2767,70.50118178532703,12.67164853247644,70.515,49.91,82.04499999999999,1279
CA,2025-06-08,20098,950.3459050651808,428.9989129897483,786.0,417.6,1500.1000000000001,2332,2711,70.75565842862416,11.7864392703885,73.43,58.012,85.146,1239
CA,2025-06-09,24350,944.3883778234086,440.4033994180622,739.0,305.40000000000003,1474.6,2663,3183,70.88125039271132,12.8472362615447,69.08,57.879999999999995,89.67,1480
CA,2025-06-10,25782,954.1368008688233,370.75164739510865,738.0,326.8,1221.5000000000002,2732,3401,70.65150837988827,13.662218932985942,71.83,54.948,86.286,1582
CA,2025-06-11,25204,938.283645453102,477.73907510843145,756.5,250.0,1482.9,2761,3400,71.28745882352943,12.003070107831894,72.465,57.55,86.779,1579
CA,2025-06-12,25362,935.8159845438062,612.4170006796696,883.0,228.60000000000005,1534.8,2786,3384,70.28386229314418,13.699244277332413,67.82,52.384,83.366,1570
CA,2025-06-13,23950,932.2577453027138,529.2967992706195,668.5,259.6,1382.4,2714,3050,70.94777377049184,15.803181451846966,69.3,46.81,86.436,1481
CA,2025-06-14,20951,948.9610997088436,662.519230517659,796.0,132.0,1880.3999999999976,2407,2801,70.31135308818276,13.627867833904682,76.32,55.786,90.286,1302
CA,2025-06-15,21726,936.647795268342,597.9078845344081,828.5,462.0,2019.000000000001,2416,2758,70.66955765047136,12.662868359974404,73.5,52.274,85.934,1313
CA,2025-06-16,24385,940.8687717859334,573.4164337045754,631.0,296.0,1545.6,2815,3176,70.61713790931985,14.3086295914432,70.74000000000001,44.333999999999996,83.904,1551
CA,2025-06-17,25513,945.2743699290558,577.3974195366117,769.0,427.0,1778.0,2887,3352,71.08784904534609,13.805589964208199,68.05,48.056000000000004,87.032,1594
CA,2025-06-18,27427,941.1241841980526,657.3691792328057,778.0,236.0,2391.2000000000003,3064,3532,70.5659088335221,11.730256009584224,72.84,58.0,84.03,1703
CA,2025-06-19,30542,918.006744810425,548.9307530195143,705.0,260.0,1504.0,3595,4070,70.61642751842753,14.479101309813892,71.255,49.459,86.722,1959
CA,2025-06-20,31051,939.5765353772822,478.3715771617037,730.0,245.8,1525.4,3862,4144,70.16125482625483,16.115936233439,69.37,39.503,80.833,2045
CA,2025-06-21,10396,917.3559061177368,445.88032090453135,689.0,328.4,1439.8,1821,1320,70.40301515151516,16.609390538616164,72.59,52.05,86.0,737
