country,date,rating_count,rating_mean,rating_std,rating_median,rating_p10,rating_p90,rating_players,accuracy_count,accuracy_mean,accuracy_std,accuracy_median,accuracy_p10,accuracy_p90,accuracy_players
ES,2007-11-20,1,1200.0,0.0,1200.0,1200.0,1200.0,1,0,0.0,0.0,0.0,0.0,0.0,0
ES,2007-12-03,1,1200.0,0.0,1200.0,1200.0,1200.0,1,0,0.0,0.0,0.0,0.0,0.0,0
ES,2007-12-04,1,1361.0,0.0,1361.0,1361.0,1361.0,1,0,0.0,0.0,0.0,0.0,0.0,0
ES,2007-12-06,1,1508.0,0.0,1508.0,1508.0,1508.0,1,0,0.0,0.0,0.0,0.0,0.0,0
ES,2007-12-07,1,1364.0,0.0,1364.0,1364.0,1364.0,1,0,0.0,0.0,0.0,0.0,0.0,0
ES,2007-12-08,1,1445.0,0.0,1445.0,1445.0,1445.0,1,0,0.0,0.0,0.0,0.0,0.0,0
ES,2007-12-09,1,1353.0,0.0,1353.0,1353.0,1353.0,1,0,0.0,0.0,0.0,0.0,0.0,0
ES,2007-12-10,3,1444.3333333333333,24.944382578492945,1451.0,1419.0,1467.0,1,0,0.0,0.0,0.0,0.0,0.0,0
ES,2007-12-11,1,1471.0,0.0,1471.0,1471.0,1471.0,1,0,0.0,0.0,0.0,0.0,0.0,0
ES,2007-12-12,1,1412.0,0.0,1412.0,1412.0,1412.0,1,0,0.0,0.0,0.0,0.0,0.0,0
ES,2007-12-13,1,1438.0,0.0,1438.0,1438.0,1438.0,1,0,0.0,0.0,0.0,0.0,0.0,0
ES,2007-12-14,3,1412.0,9.626352718795768,1409.0,1403.4,1421.8,1,0,0.0,0.0,0.0,0.0,0.0,0
ES,2007-12-15,1,1415.0,0.0,1415.0,1415.0,1415.0,1,0,0.0,0.0,0.0,0.0,0.0,0
ES,2007-12-16,4,1461.75,16.223054582907622,1461.5,1444.5,1479.2,1,0,0.0,0.0,0.0,0.0,0.0,0
ES,2007-12-17,3,1481.3333333333333,6.599663291074443,1480.0,1475.2,1488.0,1,0,0.0,0.0,0.0,0.0,0.0,0
ES,2007-12-19,2,1478.0,0.0,1478.0,1478.0,1478.0,1,0,0.0,0.0,0.0,0.0,0.0,0
ES,2007-12-21,6,1494.3333333333333,10.780641085864152,1489.0,1485.0,1509.0,1,0,0.0,0.0,0.0,0.0,0.0,0
ES,2007-12-27,1,1460.0,0.0,1460.0,1460.0,1460.0,1,0,0.0,0.0,0.0,0.0,0.0,0
ES,2008-01-01,1,1428.0,0.0,1428.0,1428.0,1428.0,1,0,0.0,0.0,0.0,0.0,0.0,0
ES,2008-01-04,5,1317.0,38.455168703309575,1305.0,1279.6,1363.2,1,0,0.0,0.0,0.0,0.0,0.0,0
ES,2008-01-06,2,1247.0,7.0,1247.0,1241.4,1252.6,1,0,0.0,0.0,0.0,0.0,0.0,0
ES,2008-01-15,1,1270.0,0.0,1270.0,1270.0,1270.0,1,0,0.0,0.0,0.0,0.0,0.0,0
ES,2008-01-21,2,1230.5,9.5,1230.5,1222.9,1238.1,1,0,0.0,0.0,0.0,0.0,0.0,0
ES,2008-01-22,1,1208.0,0.0,1208.0,1208.0,1208.0,1,0,0.0,0.0,0.0,0.0,0.0,0
ES,2008-01-29,1,1241.0,0.0,1241.0,1241.0,1241.0,1,0,0.0,0.0,0.0,0.0,0.0,0
ES,2008-01-30,1,1269.0,0.0,1269.0,1269.0,1269.0,1,0,0.0,0.0,0.0,0.0,0.0,0
ES,2008-02-08,1,1296.0,0.0,1296.0,1296.0,1296.0,1,0,0.0,0.0,0.0,0.0,0.0,0
ES,2008-02-09,1,1268.0,0.0,1268.0,1268.0,1268.0,1,0,0.0,0.0,0.0,0.0,0.0,0
ES,2008-02-14,1,1298.0,0.0,1298.0,1298.0,1298.0,1,0,0.0,0.0,0.0,0.0,0.0,0
ES,2008-02-17,1,1264.0,0.0,1264.0,1264.0,1264.0,1,0,0.0,0.0,0.0,0.0,0.0,0
ES,2008-02-27,1,1294.0,0.0,1294.0,1294.0,1294.0,1,0,0.0,0.0,0.0,0.0,0.0,0
ES,2008-04-05,1,1227.0,0.0,1227.0,1227.0,1227.0,1,0,0.0,0.0,0.0,0.0,0.0,0
ES,2008-04-25,2,1332.5,7.5,1332.5,1326.5,1338.5,1,0,0.0,0.0,0.0,0.0,0.0,0
ES,2008-05-08,1,1413.0,0.0,1413.0,1413.0,1413.0,1,0,0.0,0.0,0.0,0.0,0.0,0
ES,2008-05-09,1,1442.0,0.0,1442.0,1442.0,1442.0,1,0,0.0,0.0,0.0,0.0,0.0,0
ES,2008-05-23,1,1474.0,0.0,1474.0,1474.0,1474.0,1,0,0.0,0.0,0.0,0.0,0.0,0
ES,2008-06-02,1,1306.0,0.0,1306.0,1306.0,1306.0,1,0,0.0,0.0,0.0,0.0,0.0,0
ES,2008-06-11,1,1474.0,0.0,1474.0,1474.0,1474.0,1,0,0.0,0.0,0.0,0.0,0.0,0
ES,2008-07-09,1,1501.0,0.0,1501.0,1501.0,1501.0,1,0,0.0,0.0,0.0,0.0,0.0,0
ES,2008-07-10,2,1517.5,19.5,1517.5,1501.9,1533.1,1,0,0.0,0.0,0.0,0.0,0.0,0
ES,2008-07-13,1,1498.0,0.0,1498.0,1498.0,1498.0,1,0,0.0,0.0,0.0,0.0,0.0,0
ES,2008-07-17,1,1498.0,0.0,1498.0,1498.0,1498.0,1,0,0.0,0.0,0.0,0.0,0.0,0
ES,2008-08-01,1,1625.0,0.0,1625.0,1625.0,1625.0,1,0,0.0,0.0,0.0,0.0,0.0,0
ES,2008-08-12,2,1459.0,8.0,1459.0,1452.6,1465.4,1,0,0.0,0.0,0.0,0.0,0.0,0
ES,2008-08-14,2,1548.0,0.0,1548.0,1548.0,1548.0,1,0,0.0,0.0,0.0,0.0,0.0,0
ES,2008-08-20,1,1610.0,0.0,1610.0,1610.0,1610.0,1,0,0.0,0.0,0.0,0.0,0.0,0
ES,2008-08-23,1,1610.0,0.0,1610.0,1610.0,1610.0,1,0,0.0,0.0,0.0,0.0,0.0,0
ES,2008-08-30,1,1647.0,0.0,1647.0,1647.0,1647.0,1,0,0.0,0.0,0.0,0.0,0.0,0
ES,2008-08-31,1,1565.0,0.0,1565.0,1565.0,1565.0,1,0,0.0,0.0,0.0,0.0,0.0,0
ES,2008-09-01,1,1620.0,0.0,1620.0,1620.0,1620.0,1,0,0.0,0.0,0.0,0.0,0.0,0
ES,2008-09-10,1,1596.0,0.0,1596.0,1596.0,1596.0,1,0,0.0,0.0,0.0,0.0,0.0,0
ES,2008-09-14,3,1446.3333333333333,5.5,1522.5,1518.1,1526.9,2,0,0.0,0.0,0.0,0.0,0.0,0
ES,2008-09-17,1,1528.0,0.0,1528.0,1528.0,1528.0,1,0,0.0,0.0,0.0,0.0,0.0,0
ES,2008-09-21,1,1568.0,0.0,1568.0,1568.0,1568.0,1,0,0.0,0.0,0.0,0.0,0.0,0
ES,2008-09-28,1,1585.0,0.0,1585.0,1585.0,1585.0,1,0,0.0,0.0,0.0,0.0,0.0,0
ES,2008-10-02,1,1294.0,0.0,1294.0,1294.0,1294.0,1,0,0.0,0.0,0.0,0.0,0.0,0
ES,2008-10-03,1,1530.0,0.0,1530.0,1530.0,1530.0,1,0,0.0,0.0,0.0,0.0,0.0,0
ES,2008-10-04,1,1558.0,0.0,1558.0,1558.0,1558.0,1,0,0.0,0.0,0.0,0.0,0.0,0
ES,2008-10-05,1,1558.0,0.0,1558.0,1558.0,1558.0,1,0,0.0,0.0,0.0,0.0,0.0,0
ES,2008-10-06,1,1561.0,0.0,1561.0,1561.0,1561.0,1,0,0.0,0.0,0.0,0.0,0.0,0
ES,2008-10-07,1,1597.0,0.0,1597.0,1597.0,1597.0,1,0,0.0,0.0,0.0,0.0,0.0,0
ES,2008-10-10,1,1637.0,0.0,1637.0,1637.0,1637.0,1,0,0.0,0.0,0.0,0.0,0.0,0
ES,2008-10-15,2,1676.5,5.5,1676.5,1672.1,1680.9,1,0,0.0,0.0,0.0,0.0,0.0,0
ES,2008-10-20,1,1703.0,0.0,1703.0,1703.0,1703.0,1,0,0.0,0.0,0.0,0.0,0.0,0
ES,2008-10-22,1,1713.0,0.0,1713.0,1713.0,1713.0,1,0,0.0,0.0,0.0,0.0,0.0,0
ES,2008-10-26,2,1682.0,3.0,1682.0,1679.6,1684.4,1,0,0.0,0.0,0.0,0.0,0.0,0
ES,2008-11-01,1,1657.0,0.0,1657.0,1657.0,1657.0,1,0,0.0,0.0,0.0,0.0,0.0,0
ES,2008-11-04,3,1672.3333333333333,6.342099196813483,1670.0,1666.8,1678.8,1,0,0.0,0.0,0.0,0.0,0.0,0
ES,2008-11-06,1,1685.0,0.0,1685.0,1685.0,1685.0,1,0,0.0,0.0,0.0,0.0,0.0,0
ES,2008-11-07,1,1707.0,0.0,1707.0,1707.0,1707.0,1,0,0.0,0.0,0.0,0.0,0.0,0
ES,2008-11-11,1,1715.0,0.0,1715.0,1715.0,1715.0,1,0,0.0,0.0,0.0,0.0,0.0,0
ES,2008-11-12,1,1732.0,0.0,1732.0,1732.0,1732.0,1,0,0.0,0.0,0.0,0.0,0.0,0
ES,2008-11-17,2,1758.0,8.0,1758.0,1751.6,1764.4,1,0,0.0,0.0,0.0,0.0,0.0,0
ES,2008-11-25,1,1770.0,0.0,1770.0,1770.0,1770.0,1,0,0.0,0.0,0.0,0.0,0.0,0
ES,2008-12-11,1,1794.0,0.0,1794.0,1794.0,1794.0,1,0,0.0,0.0,0.0,0.0,0.0,0
ES,2008-12-15,1,1794.0,0.0,1794.0,1794.0,1794.0,1,0,0.0,0.0,0.0,0.0,0.0,0
ES,2008-12-24,2,1790.0,10.0,1790.0,1782.0,1798.0,1,0,0.0,0.0,0.0,0.0,0.0,0
ES,2009-01-02,1,1840.0,0.0,1840.0,1840.0,1840.0,1,0,0.0,0.0,0.0,0.0,0.0,0
ES,2009-01-04,1,1852.0,0.0,1852.0,1852.0,1852.0,1,0,0.0,0.0,0.0,0.0,0.0,0
ES,2009-01-29,1,1907.0,0.0,1907.0,1907.0,1907.0,1,0,0.0,0.0,0.0,0.0,0.0,0
ES,2009-01-30,1,1917.0,0.0,1917.0,1917.0,1917.0,1,0,0.0,0.0,0.0,0.0,0.0,0
ES,2009-02-05,1,1953.0,0.0,1953.0,1953.0,1953.0,1,0,0.0,0.0,0.0,0.0,0.0,0
ES,2009-02-15,3,1899.3333333333333,26.246692913372705,1886.0,1878.0,1926.0,1,0,0.0,0.0,0.0,0.0,0.0,0
ES,2009-02-27,1,1876.0,0.0,1876.0,1876.0,1876.0,1,0,0.0,0.0,0.0,0.0,0.0,0
ES,2009-03-15,1,1828.0,0.0,1828.0,1828.0,1828.0,1,0,0.0,0.0,0.0,0.0,0.0,0
ES,2009-04-24,1,1774.0,0.0,1774.0,1774.0,1774.0,1,0,0.0,0.0,0.0,0.0,0.0,0
ES,2009-04-29,1,1851.0,0.0,1851.0,1851.0,1851.0,1,0,0.0,0.0,0.0,0.0,0.0,0
ES,2009-05-28,1,1881.0,0.0,1881.0,1881.0,1881.0,1,0,0.0,0.0,0.0,0.0,0.0,0
ES,2009-06-25,1,1861.0,0.0,1861.0,1861.0,1861.0,1,0,0.0,0.0,0.0,0.0,0.0,0
ES,2009-07-28,1,1937.0,0.0,1937.0,1937.0,1937.0,1,0,0.0,0.0,0.0,0.0,0.0,0
ES,2009-08-05,1,1967.0,0.0,1967.0,1967.0,1967.0,1,0,0.0,0.0,0.0,0.0,0.0,0
ES,2009-08-10,1,1912.0,0.0,1912.0,1912.0,1912.0,1,0,0.0,0.0,0.0,0.0,0.0,0
ES,2009-08-24,1,1963.0,0.0,1963.0,1963.0,1963.0,1,0,0.0,0.0,0.0,0.0,0.0,0
ES,2009-09-15,1,2000.0,0.0,2000.0,2000.0,2000.0,1,1,84.02,0.0,84.02,84.02,84.02,1
ES,2009-09-26,1,1309.0,0.0,1309.0,1309.0,1309.0,1,0,0.0,0.0,0.0,0.0,0.0,0
ES,2009-09-27,1,1309.0,0.0,1309.0,1309.0,1309.0,1,0,0.0,0.0,0.0,0.0,0.0,0
ES,2009-09-28,1,1352.0,0.0,1352.0,1352.0,1352.0,1,0,0.0,0.0,0.0,0.0,0.0,0
ES,2009-09-29,5,1491.0,43.74014174645528,1491.0,1440.6,1537.8,1,0,0.0,0.0,0.0,0.0,0.0,0
ES,2009-09-30,1,1554.0,0.0,1554.0,1554.0,1554.0,1,0,0.0,0.0,0.0,0.0,0.0,0
ES,2009-10-01,1,1588.0,0.0,1588.0,1588.0,1588.0,1,0,0.0,0.0,0.0,0.0,0.0,0
ES,2009-10-02,3,1601.3333333333333,4.9216076867444665,1602.0,1596.4,1606.0,1,0,0.0,0.0,0.0,0.0,0.0,0
ES,2009-10-03,2,1633.0,2.0,1633.0,1631.4,1634.6,1,0,0.0,0.0,0.0,0.0,0.0,0
ES,2009-10-05,2,1555.5,5.5,1555.5,1551.1,1559.9,1,0,0.0,0.0,0.0,0.0,0.0,0
ES,2009-10-06,5,1575.8,12.172099243762352,1583.0,1561.0,1587.0,1,0,0.0,0.0,0.0,0.0,0.0,0
ES,2009-10-08,1,1572.0,0.0,1572.0,1572.0,1572.0,1,0,0.0,0.0,0.0,0.0,0.0,0
ES,2009-10-09,4,1599.75,27.36215452043205,1589.0,1577.0,1631.1,1,0,0.0,0.0,0.0,0.0,0.0,0
ES,2009-10-10,1,1624.0,0.0,1624.0,1624.0,1624.0,1,0,0.0,0.0,0.0,0.0,0.0,0
ES,2009-10-11,4,1441.75,0.0,1624.0,1624.0,1624.0,2,0,0.0,0.0,0.0,0.0,0.0,0
ES,2009-10-12,4,1668.75,27.67105888830422,1676.5,1637.8,1693.5,1,0,0.0,0.0,0.0,0.0,0.0,0
ES,2009-10-13,1,1679.0,0.0,1679.0,1679.0,1679.0,1,0,0.0,0.0,0.0,0.0,0.0,0
ES,2009-10-14,2,1672.0,12.0,1672.0,1662.4,1681.6,1,0,0.0,0.0,0.0,0.0,0.0,0
ES,2009-10-16,2,1648.0,8.0,1648.0,1641.6,1654.4,1,0,0.0,0.0,0.0,0.0,0.0,0
ES,2009-10-17,5,1602.8,16.11482236948332,1654.5,1630.9,1660.6,2,0,0.0,0.0,0.0,0.0,0.0,0
ES,2009-10-18,7,1664.7142857142858,22.84553276566206,1666.0,1635.2,1693.4,1,0,0.0,0.0,0.0,0.0,0.0,0
ES,2009-10-19,4,1666.5,4.8218253804964775,1667.5,1661.1,1671.1,1,0,0.0,0.0,0.0,0.0,0.0,0
ES,2009-10-20,1,1687.0,0.0,1687.0,1687.0,1687.0,1,0,0.0,0.0,0.0,0.0,0.0,0
ES,2009-10-21,4,1672.0,9.273618495495704,1673.0,1661.8,1681.4,1,0,0.0,0.0,0.0,0.0,0.0,0
ES,2009-10-22,1,1665.0,0.0,1665.0,1665.0,1665.0,1,0,0.0,0.0,0.0,0.0,0.0,0
ES,2009-10-23,1,1665.0,0.0,1665.0,1665.0,1665.0,1,0,0.0,0.0,0.0,0.0,0.0,0
ES,2009-10-24,4,1665.25,5.11737237261468,1667.0,1659.4,1669.7,1,0,0.0,0.0,0.0,0.0,0.0,0
ES,2009-10-25,2,1652.0,5.0,1652.0,1648.0,1656.0,1,0,0.0,0.0,0.0,0.0,0.0,0
ES,2009-10-26,1,1648.0,0.0,1648.0,1648.0,1648.0,1,0,0.0,0.0,0.0,0.0,0.0,0
ES,2009-10-27,3,1659.3333333333333,6.128258770283411,1659.0,1653.4,1665.4,1,0,0.0,0.0,0.0,0.0,0.0,0
ES,2009-10-28,1,1670.0,0.0,1670.0,1670.0,1670.0,1,0,0.0,0.0,0.0,0.0,0.0,0
ES,2009-10-29,1,1655.0,0.0,1655.0,1655.0,1655.0,1,0,0.0,0.0,0.0,0.0,0.0,0
ES,2009-10-30,1,1286.0,0.0,1286.0,1286.0,1286.0,1,0,0.0,0.0,0.0,0.0,0.0,0
ES,2009-10-31,4,1426.0,9.354143466934854,1426.5,1415.8,1435.8,1,0,0.0,0.0,0.0,0.0,0.0,0
ES,2009-11-01,4,1362.75,22.862359895688808,1357.0,1341.6,1388.5,1,0,0.0,0.0,0.0,0.0,0.0,0
ES,2009-11-02,2,1655.5,2.5,1655.5,1653.5,1657.5,1,0,0.0,0.0,0.0,0.0,0.0,0
ES,2009-11-03,2,1349.5,7.5,1349.5,1343.5,1355.5,1,0,0.0,0.0,0.0,0.0,0.0,0
ES,2009-11-04,6,1297.1666666666667,51.5,1184.5,1143.3,1225.7,2,0,0.0,0.0,0.0,0.0,0.0,0
ES,2009-11-05,3,1432.0,5.0,1318.0,1314.0,1322.0,2,0,0.0,0.0,0.0,0.0,0.0,0
ES,2009-11-06,4,1265.25,31.47838764754143,1237.0,1186.6,1242.6,2,0,0.0,0.0,0.0,0.0,0.0,0
ES,2009-11-07,2,1389.0,0.0,1395.0,1395.0,1395.0,2,0,0.0,0.0,0.0,0.0,0.0,0
ES,2009-11-08,1,1265.0,0.0,1265.0,1265.0,1265.0,1,0,0.0,0.0,0.0,0.0,0.0,0
ES,2009-11-10,4,1510.0,54.0,1357.0,1313.8,1400.2,2,0,0.0,0.0,0.0,0.0,0.0,0
ES,2009-11-11,4,1403.25,6.018490028422596,1315.0,1306.2,1317.4,2,0,0.0,0.0,0.0,0.0,0.0,0
ES,2009-11-12,4,1292.5,4.330127018922194,1295.0,1288.0,1295.0,1,0,0.0,0.0,0.0,0.0,0.0,0
ES,2009-11-13,4,1304.75,0.0,1281.0,1281.0,1281.0,2,0,0.0,0.0,0.0,0.0,0.0,0
ES,2009-11-14,8,1376.0,37.32264181213241,1354.0,1335.6,1426.0,2,0,0.0,0.0,0.0,0.0,0.0,0
ES,2009-11-15,5,1437.4,16.887495373796554,1378.5,1365.6,1400.5,2,0,0.0,0.0,0.0,0.0,0.0,0
ES,2009-11-16,8,1422.125,7.0,1294.0,1288.4,1299.6,3,0,0.0,0.0,0.0,0.0,0.0,0
ES,2009-11-17,4,1338.0,0.0,1352.0,1352.0,1352.0,2,0,0.0,0.0,0.0,0.0,0.0,0
ES,2009-11-18,8,1418.0,7.380529941828176,1328.0,1321.0,1337.5,2,0,0.0,0.0,0.0,0.0,0.0,0
ES,2009-11-19,9,1332.4444444444443,38.15497961126179,1316.0,1306.8,1397.4,1,0,0.0,0.0,0.0,0.0,0.0,0
ES,2009-11-20,5,1469.8,2.8284271247461903,1318.0,1313.2,1318.0,2,0,0.0,0.0,0.0,0.0,0.0,0
ES,2009-11-21,4,1416.0,4.898979485566356,1319.0,1314.2,1323.8,2,0,0.0,0.0,0.0,0.0,0.0,0
ES,2009-11-22,3,1448.3333333333333,1.0,1314.0,1313.2,1314.8,2,0,0.0,0.0,0.0,0.0,0.0,0
ES,2009-11-23,7,1313.0,5.31843156256751,1314.0,1306.2,1319.0,1,0,0.0,0.0,0.0,0.0,0.0,0
ES,2009-11-24,5,1386.8,6.708203932499369,1304.0,1296.8,1311.2,2,0,0.0,0.0,0.0,0.0,0.0,0
ES,2009-11-25,5,1342.2,68.87786291690531,1290.0,1283.6,1426.6,1,0,0.0,0.0,0.0,0.0,0.0,0
ES,2009-11-26,1,1395.0,0.0,1395.0,1395.0,1395.0,1,0,0.0,0.0,0.0,0.0,0.0,0
ES,2009-11-27,6,1599.1666666666667,72.5,1363.5,1305.5,1421.5,2,0,0.0,0.0,0.0,0.0,0.0,0
ES,2009-11-28,8,1313.125,6.450532923720334,1314.5,1306.0,1319.2,1,0,0.0,0.0,0.0,0.0,0.0,0
ES,2009-11-29,8,1441.125,50.67351927343862,1319.0,1310.0,1421.5,2,0,0.0,0.0,0.0,0.0,0.0,0
ES,2009-11-30,8,1369.25,35.209576619355786,1310.0,1296.0,1352.4,2,0,0.0,0.0,0.0,0.0,0.0,0
ES,2009-12-01,5,1295.4,4.8,1296.0,1290.0,1300.8,1,0,0.0,0.0,0.0,0.0,0.0,0
ES,2009-12-02,10,1427.6,13.896116033493913,1300.0,1288.0,1321.2,2,0,0.0,0.0,0.0,0.0,0.0,0
ES,2009-12-03,9,1362.5555555555557,5.545268253204709,1319.0,1312.0,1323.4,2,0,0.0,0.0,0.0,0.0,0.0,0
ES,2009-12-04,4,1330.5,3.278719262151,1329.0,1328.0,1334.2,1,0,0.0,0.0,0.0,0.0,0.0,0
ES,2009-12-05,2,1523.5,0.0,1323.0,1323.0,1323.0,2,0,0.0,0.0,0.0,0.0,0.0,0
ES,2009-12-06,17,1323.529411764706,143.9891754718431,1341.0,1098.5,1470.1,2,0,0.0,0.0,0.0,0.0,0.0,0
ES,2009-12-07,7,1424.7142857142858,32.356091646962966,1423.5,1395.5,1466.5,2,0,0.0,0.0,0.0,0.0,0.0,0
ES,2009-12-08,16,1403.625,16.267759526130202,1461.5,1442.4,1477.9,2,0,0.0,0.0,0.0,0.0,0.0,0
ES,2009-12-09,22,1464.2727272727273,20.85724553621654,1471.5,1448.1,1505.3,3,0,0.0,0.0,0.0,0.0,0.0,0
ES,2009-12-10,7,1422.571428571429,7.914543574963752,1467.0,1462.8,1480.2,2,0,0.0,0.0,0.0,0.0,0.0,0
ES,2009-12-11,3,1483.3333333333333,6.018490028422596,1486.0,1477.2,1488.4,1,0,0.0,0.0,0.0,0.0,0.0,0
ES,2009-12-12,9,1425.7777777777778,7.6611929587382415,1461.0,1452.6,1471.4,2,0,0.0,0.0,0.0,0.0,0.0,0
ES,2009-12-13,3,1462.0,4.08248290463863,1462.0,1458.0,1466.0,1,0,0.0,0.0,0.0,0.0,0.0,0
ES,2009-12-14,7,1432.0,7.116178749862879,1306.0,1298.6,1314.2,2,0,0.0,0.0,0.0,0.0,0.0,0
ES,2009-12-15,7,1460.571428571429,11.368817000902071,1454.5,1446.9,1470.5,3,0,0.0,0.0,0.0,0.0,0.0,0
ES,2009-12-16,6,1363.3333333333333,5.0,1453.0,1449.0,1457.0,3,0,0.0,0.0,0.0,0.0,0.0,0
ES,2009-12-17,8,1479.75,2.867441755680876,1462.0,1459.6,1465.2,3,0,0.0,0.0,0.0,0.0,0.0,0
ES,2009-12-18,12,1477.6666666666667,8.560914448722585,1449.0,1439.0,1462.0,2,0,0.0,0.0,0.0,0.0,0.0,0
ES,2009-12-19,2,1315.5,3.5,1315.5,1312.7,1318.3,1,0,0.0,0.0,0.0,0.0,0.0,0
ES,2009-12-20,6,1401.8333333333333,7.756287771866127,1329.0,1321.0,1337.6,2,0,0.0,0.0,0.0,0.0,0.0,0
ES,2009-12-21,10,1365.2,7.799968344348554,1322.0,1310.8,1330.8,2,0,0.0,0.0,0.0,0.0,0.0,0
ES,2009-12-22,6,1449.5,6.652067347825035,1449.5,1442.0,1457.0,1,0,0.0,0.0,0.0,0.0,0.0,0
ES,2009-12-23,15,1449.1999999999998,0.0,1418.0,1418.0,1418.0,3,0,0.0,0.0,0.0,0.0,0.0,0
ES,2009-12-24,8,1456.625,5.539629951540085,1472.0,1465.1,1476.8,3,0,0.0,0.0,0.0,0.0,0.0,0
ES,2009-12-25,8,1469.25,4.380353866983808,1483.5,1478.5,1487.8,3,0,0.0,0.0,0.0,0.0,0.0,0
ES,2009-12-26,4,1330.75,0.0,1487.0,1487.0,1487.0,3,0,0.0,0.0,0.0,0.0,0.0,0
ES,2009-12-27,11,1432.8181818181818,4.8529393575608655,1480.0,1475.2,1486.6,2,0,0.0,0.0,0.0,0.0,0.0,0
ES,2009-12-28,10,1488.3,3.907084094622098,1497.0,1489.8,1498.8,4,0,0.0,0.0,0.0,0.0,0.0,0
ES,2009-12-29,14,1500.5,8.403296056630673,1521.0,1506.8,1527.6,2,0,0.0,0.0,0.0,0.0,0.0,0
ES,2009-12-30,4,1546.0,3.0,1338.0,1335.6,1340.4,2,0,0.0,0.0,0.0,0.0,0.0,0
ES,2009-12-31,13,1403.6923076923076,0.0,1533.0,1533.0,1533.0,3,0,0.0,0.0,0.0,0.0,0.0,0
ES,2010-01-01,5,1439.4,3.391164991562634,1358.5,1354.2,1361.4,2,0,0.0,0.0,0.0,0.0,0.0,0
ES,2010-01-02,9,1358.5555555555557,11.480525647190657,1359.0,1345.4,1371.4,1,0,0.0,0.0,0.0,0.0,0.0,0
ES,2010-01-03,6,1466.8333333333333,5.673402858955108,1323.5,1317.4,1328.9,2,0,0.0,0.0,0.0,0.0,0.0,0
ES,2010-01-04,11,1363.909090909091,5.4230987451825,1324.5,1316.8,1332.1,2,0,0.0,0.0,0.0,0.0,0.0,0
ES,2010-01-05,7,1360.0,9.423669962151452,1292.5,1282.0,1304.0,2,1,21.15,0.0,21.15,21.15,21.15,1
ES,2010-01-06,2,1274.0,0.0,1288.0,1288.0,1288.0,2,0,0.0,0.0,0.0,0.0,0.0,0
ES,2010-01-07,10,1389.2,4.414110895752394,1293.5,1290.0,1299.9,2,0,0.0,0.0,0.0,0.0,0.0,0
ES,2010-01-09,7,1551.428571428571,5.312459150169742,1280.0,1274.4,1284.8,2,0,0.0,0.0,0.0,0.0,0.0,0
ES,2010-01-10,9,1389.4444444444443,7.735420783246219,1284.0,1275.0,1292.2,2,0,0.0,0.0,0.0,0.0,0.0,0
ES,2010-01-11,7,1365.428571428571,5.649483752226097,1298.0,1292.0,1305.5,2,0,0.0,0.0,0.0,0.0,0.0,0
ES,2010-01-12,9,1293.7777777777778,7.856742013183862,1294.0,1284.4,1302.8,1,0,0.0,0.0,0.0,0.0,0.0,0
ES,2010-01-13,3,1269.0,4.898979485566356,1269.0,1264.2,1273.8,1,0,0.0,0.0,0.0,0.0,0.0,0
ES,2010-01-14,6,1480.0,2.494438257849294,1537.0,1533.8,1538.6,3,0,0.0,0.0,0.0,0.0,0.0,0
ES,2010-01-15,13,1300.0,90.27646426394864,1252.0,1126.4,1328.6,4,0,0.0,0.0,0.0,0.0,0.0,0
ES,2010-01-16,12,1235.1666666666663,0.0,1406.0,1406.0,1406.0,2,0,0.0,0.0,0.0,0.0,0.0,0
ES,2010-01-17,13,1298.923076923077,51.430555517282976,1364.0,1310.8,1427.8,2,0,0.0,0.0,0.0,0.0,0.0,0
ES,2010-01-18,15,1334.2666666666669,13.1785230351415,1377.0,1356.0,1387.8,3,0,0.0,0.0,0.0,0.0,0.0,0
ES,2010-01-19,15,1309.9333333333334,20.50755958177374,1388.0,1359.0,1405.0,3,0,0.0,0.0,0.0,0.0,0.0,0
ES,2010-01-20,25,1378.56,59.814966746739735,1450.5,1430.0,1461.5,2,0,0.0,0.0,0.0,0.0,0.0,0
ES,2010-01-21,16,1414.25,12.041251410762507,1435.0,1420.0,1450.0,3,0,0.0,0.0,0.0,0.0,0.0,0
ES,2010-01-22,7,1268.2857142857142,9.129454462097405,1266.0,1257.0,1280.4,1,0,0.0,0.0,0.0,0.0,0.0,0
ES,2010-01-23,10,1380.3,23.323807579381203,1340.0,1317.5,1370.1,3,0,0.0,0.0,0.0,0.0,0.0,0
ES,2010-01-24,15,1450.9333333333334,6.371572708171054,1427.5,1417.8,1435.4,2,0,0.0,0.0,0.0,0.0,0.0,0
ES,2010-01-25,10,1351.4,4.354308211415448,1437.0,1428.8,1438.2,2,0,0.0,0.0,0.0,0.0,0.0,0
ES,2010-01-26,11,1486.8181818181818,4.166533331199932,1435.0,1431.8,1441.2,3,0,0.0,0.0,0.0,0.0,0.0,0
ES,2010-01-27,26,1356.3846153846157,99.25680621623344,1394.0,1380.9,1438.8,2,0,0.0,0.0,0.0,0.0,0.0,0
ES,2010-01-28,9,1465.1111111111113,5.5,1393.5,1389.1,1397.9,3,0,0.0,0.0,0.0,0.0,0.0,0
ES,2010-01-29,15,1413.0666666666666,69.66318970589847,1394.5,1354.1,1407.6,3,0,0.0,0.0,0.0,0.0,0.0,0
ES,2010-01-30,14,1372.7142857142858,8.647361418613901,1386.0,1378.0,1399.0,2,0,0.0,0.0,0.0,0.0,0.0,0
ES,2010-01-31,9,1397.111111111111,7.416198487095663,1407.5,1401.2,1418.3,2,0,0.0,0.0,0.0,0.0,0.0,0
ES,2010-02-01,10,1389.2,3.858612300930076,1408.0,1402.4,1409.6,3,0,0.0,0.0,0.0,0.0,0.0,0
ES,2010-02-02,12,1415.25,5.0039984012787215,1344.0,1338.8,1350.4,2,0,0.0,0.0,0.0,0.0,0.0,0
ES,2010-02-03,4,1343.25,5.2141634036535525,1344.5,1337.4,1348.1,1,0,0.0,0.0,0.0,0.0,0.0,0
ES,2010-02-04,6,1330.1666666666667,7.966945601811414,1329.0,1321.5,1340.0,1,0,0.0,0.0,0.0,0.0,0.0,0
ES,2010-02-05,8,1431.125,0.0,1347.0,1347.0,1347.0,3,0,0.0,0.0,0.0,0.0,0.0,0
ES,2010-02-06,10,1466.9,20.821996915655223,1352.0,1331.2,1372.0,3,0,0.0,0.0,0.0,0.0,0.0,0
ES,2010-02-07,7,1364.2857142857142,4.4503433076062295,1295.0,1291.5,1302.0,2,0,0.0,0.0,0.0,0.0,0.0,0
ES,2010-02-08,3,1615.0,0.0,1283.0,1283.0,1283.0,2,0,0.0,0.0,0.0,0.0,0.0,0
ES,2010-02-09,4,1540.0,3.5,1294.5,1291.7,1297.3,2,0,0.0,0.0,0.0,0.0,0.0,0
ES,2010-02-10,9,1461.111111111111,5.312459150169742,1299.0,1292.0,1304.0,2,0,0.0,0.0,0.0,0.0,0.0,0
ES,2010-02-11,3,1316.6666666666667,6.128258770283411,1317.0,1310.6,1322.6,1,0,0.0,0.0,0.0,0.0,0.0,0
ES,2010-02-12,5,1429.6,6.5383484153110105,1343.0,1335.4,1349.2,2,0,0.0,0.0,0.0,0.0,0.0,0
ES,2010-02-13,3,1449.6666666666667,130.5,1285.5,1181.1,1389.9,2,0,0.0,0.0,0.0,0.0,0.0,0
ES,2010-02-14,8,1464.0,5.30461015427985,1356.5,1350.0,1362.0,2,0,0.0,0.0,0.0,0.0,0.0,0
ES,2010-02-15,9,1204.5555555555557,165.78218955907175,1118.5,1033.8,1419.7,2,0,0.0,0.0,0.0,0.0,0.0,0
ES,2010-02-16,8,1371.375,4.0,1410.0,1406.8,1413.2,2,0,0.0,0.0,0.0,0.0,0.0,0
ES,2010-02-17,5,1380.6,0.0,1454.0,1454.0,1454.0,2,0,0.0,0.0,0.0,0.0,0.0,0
ES,2010-02-18,4,1486.75,0.0,1454.0,1454.0,1454.0,3,0,0.0,0.0,0.0,0.0,0.0,0
ES,2010-02-19,11,1406.5454545454545,88.0,1405.0,1334.6,1475.4,3,0,0.0,0.0,0.0,0.0,0.0,0
ES,2010-02-20,5,1533.6,0.0,1363.0,1363.0,1363.0,3,0,0.0,0.0,0.0,0.0,0.0,0
ES,2010-02-21,8,1470.0000000000002,0.0,1417.0,1417.0,1417.0,3,0,0.0,0.0,0.0,0.0,0.0,0
ES,2010-02-22,6,1509.5,0.0,1399.0,1399.0,1399.0,3,0,0.0,0.0,0.0,0.0,0.0,0
ES,2010-02-23,5,1714.0,0.0,1345.0,1345.0,1345.0,2,0,0.0,0.0,0.0,0.0,0.0,0
ES,2010-02-24,4,1461.25,5.715476066494082,1346.0,1340.4,1351.6,2,0,0.0,0.0,0.0,0.0,0.0,0
ES,2010-02-25,5,1519.2,4.898979485566356,1325.0,1320.2,1329.8,2,0,0.0,0.0,0.0,0.0,0.0,0
ES,2010-02-26,14,1527.571428571429,20.36002485865128,1334.0,1320.8,1363.6,3,0,0.0,0.0,0.0,0.0,0.0,0
ES,2010-02-27,3,1495.0,2.0,1327.0,1325.4,1328.6,2,0,0.0,0.0,0.0,0.0,0.0,0
ES,2010-02-28,13,1370.6153846153843,126.7495069023939,1258.5,1073.8,1396.4,4,0,0.0,0.0,0.0,0.0,0.0,0
ES,2010-03-01,7,1365.571428571429,0.0,1505.0,1505.0,1505.0,2,0,0.0,0.0,0.0,0.0,0.0,0
ES,2010-03-02,8,1468.875,0.0,1442.0,1442.0,1442.0,3,0,0.0,0.0,0.0,0.0,0.0,0
ES,2010-03-03,3,1670.0,0.0,1305.0,1305.0,1305.0,2,0,0.0,0.0,0.0,0.0,0.0,0
ES,2010-03-04,5,1524.4,3.39934634239519,1311.0,1309.4,1315.8,2,0,0.0,0.0,0.0,0.0,0.0,0
ES,2010-03-05,6,1407.6666666666667,0.0,1413.0,1413.0,1413.0,3,0,0.0,0.0,0.0,0.0,0.0,0
ES,2010-03-06,11,1497.909090909091,33.345726862673125,1475.5,1444.8,1520.0,3,0,0.0,0.0,0.0,0.0,0.0,0
ES,2010-03-07,5,1425.8,0.0,1416.0,1416.0,1416.0,3,0,0.0,0.0,0.0,0.0,0.0,0
ES,2010-03-08,3,1372.3333333333333,10.0,1419.0,1411.0,1427.0,2,0,0.0,0.0,0.0,0.0,0.0,0
ES,2010-03-09,8,1308.125,10.030422473654836,1310.0,1294.9,1318.1,1,0,0.0,0.0,0.0,0.0,0.0,0
ES,2010-03-10,6,1332.6666666666667,6.590902821313632,1328.0,1319.4,1333.8,2,0,0.0,0.0,0.0,0.0,0.0,0
ES,2010-03-11,9,1568.111111111111,0.0,1437.0,1437.0,1437.0,3,0,0.0,0.0,0.0,0.0,0.0,0
ES,2010-03-12,5,1649.8,0.0,1421.0,1421.0,1421.0,3,0,0.0,0.0,0.0,0.0,0.0,0
ES,2010-03-13,1,1445.0,0.0,1445.0,1445.0,1445.0,1,0,0.0,0.0,0.0,0.0,0.0,0
ES,2010-03-14,2,1331.0,4.0,1331.0,1327.8,1334.2,1,0,0.0,0.0,0.0,0.0,0.0,0
ES,2010-03-15,1,1320.0,0.0,1320.0,1320.0,1320.0,1,0,0.0,0.0,0.0,0.0,0.0,0
ES,2010-03-16,6,1303.8333333333333,6.148622248565572,1303.0,1297.5,1311.0,1,0,0.0,0.0,0.0,0.0,0.0,0
ES,2010-03-17,2,1300.5,3.5,1300.5,1297.7,1303.3,1,0,0.0,0.0,0.0,0.0,0.0,0
ES,2010-03-18,5,1310.4,3.8262252939417984,1311.0,1306.0,1314.6,1,0,0.0,0.0,0.0,0.0,0.0,0
ES,2010-03-19,12,1375.9166666666667,0.0,1422.0,1422.0,1422.0,3,0,0.0,0.0,0.0,0.0,0.0,0
ES,2010-03-20,14,1361.071428571429,9.10166120476864,1323.0,1312.0,1336.4,2,0,0.0,0.0,0.0,0.0,0.0,0
ES,2010-03-21,5,1426.4,5.678908345800274,1324.0,1317.7,1328.9,2,0,0.0,0.0,0.0,0.0,0.0,0
ES,2010-03-22,8,1317.0,7.365459931328117,1316.0,1308.5,1325.1,1,0,0.0,0.0,0.0,0.0,0.0,0
ES,2010-03-23,6,977.6666666666666,73.74713553759223,912.0,836.0,990.6,2,0,0.0,0.0,0.0,0.0,0.0,0
ES,2010-03-24,2,1578.0,0.0,1317.0,1317.0,1317.0,2,0,0.0,0.0,0.0,0.0,0.0,0
ES,2010-03-25,7,1315.857142857143,9.701672483628368,1319.0,1304.8,1327.4,1,0,0.0,0.0,0.0,0.0,0.0,0
ES,2010-03-26,2,1342.5,3.5,1342.5,1339.7,1345.3,1,0,0.0,0.0,0.0,0.0,0.0,0
ES,2010-03-27,8,1481.875,9.0,1418.0,1410.8,1425.2,3,0,0.0,0.0,0.0,0.0,0.0,0
ES,2010-03-28,4,1343.75,6.49519052838329,1342.5,1337.8,1350.7,1,0,0.0,0.0,0.0,0.0,0.0,0
ES,2010-03-29,3,1346.3333333333333,4.189935029992178,1345.0,1342.6,1350.6,1,0,0.0,0.0,0.0,0.0,0.0,0
ES,2010-03-30,6,1009.6666666666666,0.0,836.0,836.0,836.0,2,0,0.0,0.0,0.0,0.0,0.0,0
ES,2010-03-31,10,1351.2,37.68501028260441,1564.0,1517.8,1602.6,3,0,0.0,0.0,0.0,0.0,0.0,0
ES,2010-04-01,4,1388.5,0.0,1578.0,1578.0,1578.0,2,0,0.0,0.0,0.0,0.0,0.0,0
ES,2010-04-02,2,1308.5,2.5,1308.5,1306.5,1310.5,1,0,0.0,0.0,0.0,0.0,0.0,0
ES,2010-04-03,10,1326.4,134.18974956712933,1401.0,1177.8,1409.8,3,0,0.0,0.0,0.0,0.0,0.0,0
ES,2010-04-04,24,1509.2916666666667,19.83893478323202,1575.5,1546.7,1594.7,2,0,0.0,0.0,0.0,0.0,0.0,0
ES,2010-04-05,14,1441.142857142857,12.639620247459968,1557.0,1549.4,1576.8,3,0,0.0,0.0,0.0,0.0,0.0,0
ES,2010-04-06,19,1369.6315789473683,5.3091901453988255,1558.5,1553.3,1564.4,2,0,0.0,0.0,0.0,0.0,0.0,0
ES,2010-04-07,16,1290.9375,13.029880190461377,1591.0,1578.6,1610.2,3,0,0.0,0.0,0.0,0.0,0.0,0
ES,2010-04-08,21,1039.6190476190477,37.78133617119551,1014.0,963.6,1054.6,2,0,0.0,0.0,0.0,0.0,0.0,0
ES,2010-04-09,34,1297.764705882353,15.69833971547581,1068.0,1048.0,1091.6,4,0,0.0,0.0,0.0,0.0,0.0,0
ES,2010-04-10,78,1142.8846153846157,22.25570463698889,1049.0,1015.5,1074.6,5,0,0.0,0.0,0.0,0.0,0.0,0
ES,2010-04-11,43,1045.953488372093,14.676261549223783,975.0,954.0,991.8,3,0,0.0,0.0,0.0,0.0,0.0,0
ES,2010-04-12,29,1043.6896551724135,9.476809450198514,946.5,930.3,954.0,3,0,0.0,0.0,0.0,0.0,0.0,0
ES,2010-04-13,39,994.025641025641,16.773709807917314,984.0,963.0,1008.9,2,0,0.0,0.0,0.0,0.0,0.0,0
ES,2010-04-14,39,1078.128205128205,0.0,1355.0,1355.0,1355.0,5,0,0.0,0.0,0.0,0.0,0.0,0
ES,2010-04-15,29,1134.7931034482758,9.408651724488864,1025.5,1012.0,1036.7,3,0,0.0,0.0,0.0,0.0,0.0,0
ES,2010-04-16,34,1060.5,9.529194905948536,1024.5,1008.8,1032.3,2,0,0.0,0.0,0.0,0.0,0.0,0
ES,2010-04-17,67,1097.8507462686566,15.434049259452618,1024.5,999.3,1039.1,3,0,0.0,0.0,0.0,0.0,0.0,0
ES,2010-04-18,44,1061.090909090909,11.989951965597132,982.0,961.6,994.0,3,0,0.0,0.0,0.0,0.0,0.0,0
ES,2010-04-19,53,1125.0566037735848,13.259946353033204,945.0,930.7,965.0,4,0,0.0,0.0,0.0,0.0,0.0,0
ES,2010-04-20,33,1023.939393939394,12.969579792730372,974.5,955.8,990.1,2,0,0.0,0.0,0.0,0.0,0.0,0
ES,2010-04-21,55,1172.2545454545457,23.58823643172977,1002.0,966.4,1030.2,3,0,0.0,0.0,0.0,0.0,0.0,0
ES,2010-04-22,68,1332.279411764706,4.0490815907308,1604.0,1599.6,1610.0,6,0,0.0,0.0,0.0,0.0,0.0,0
ES,2010-04-23,93,1150.4408602150538,8.16496580927726,1603.0,1595.0,1611.0,6,0,0.0,0.0,0.0,0.0,0.0,0
ES,2010-04-24,42,1125.357142857143,12.784684715131077,1060.0,1043.4,1073.0,4,0,0.0,0.0,0.0,0.0,0.0,0
ES,2010-04-25,45,1233.977777777778,5.823947745897002,1605.0,1598.2,1612.8,4,0,0.0,0.0,0.0,0.0,0.0,0
ES,2010-04-26,65,1208.3538461538462,10.25108061081622,1098.0,1087.0,1111.8,4,0,0.0,0.0,0.0,0.0,0.0,0
ES,2010-04-27,47,1175.063829787234,12.764875276175893,1083.0,1064.0,1099.4,4,0,0.0,0.0,0.0,0.0,0.0,0
ES,2010-04-28,31,1240.1612903225807,7.918964578781749,1098.5,1086.7,1106.1,4,0,0.0,0.0,0.0,0.0,0.0,0
ES,2010-04-29,37,1213.4594594594594,15.69146972791976,1056.0,1032.6,1073.8,4,0,0.0,0.0,0.0,0.0,0.0,0
ES,2010-04-30,52,1226.9423076923076,5.530220007679019,1611.5,1605.0,1618.0,5,0,0.0,0.0,0.0,0.0,0.0,0
ES,2010-05-01,74,1071.3243243243244,16.91549601581454,1047.0,1024.8,1070.0,3,0,0.0,0.0,0.0,0.0,0.0,0
ES,2010-05-02,64,1220.4375,20.426445344736013,1571.0,1552.0,1603.0,4,0,0.0,0.0,0.0,0.0,0.0,0
ES,2010-05-03,26,1253.6538461538462,8.235440802234,1016.0,1012.2,1031.4,3,0,0.0,0.0,0.0,0.0,0.0,0
ES,2010-05-04,51,1210.9607843137255,12.15713364397628,1030.0,1012.3,1044.7,3,0,0.0,0.0,0.0,0.0,0.0,0
ES,2010-05-05,28,1203.0357142857142,11.966944314765025,1053.0,1036.8,1069.2,4,0,0.0,0.0,0.0,0.0,0.0,0
ES,2010-05-06,44,1192.5681818181818,8.607554821202127,1066.5,1051.7,1075.1,3,0,0.0,0.0,0.0,0.0,0.0,0
ES,2010-05-07,82,1128.6341463414633,7.595228765481656,1561.5,1555.0,1568.8,4,0,0.0,0.0,0.0,0.0,0.0,0
ES,2010-05-08,71,1306.6338028169014,9.437457284671543,1579.0,1567.0,1592.2,5,0,0.0,0.0,0.0,0.0,0.0,0
ES,2010-05-09,55,1180.418181818182,6.479535091347218,1586.5,1577.9,1593.3,3,0,0.0,0.0,0.0,0.0,0.0,0
ES,2010-05-10,17,1117.529411764706,7.578918128598567,1067.0,1059.0,1077.0,2,0,0.0,0.0,0.0,0.0,0.0,0
ES,2010-05-11,20,1206.9,10.675969808918849,1054.0,1040.8,1070.0,2,0,0.0,0.0,0.0,0.0,0.0,0
ES,2010-05-12,11,1496.090909090909,7.476685525437124,1495.0,1486.0,1506.0,1,0,0.0,0.0,0.0,0.0,0.0,0
ES,2010-05-13,22,1576.0454545454545,17.063488206043495,1601.0,1573.8,1614.0,2,0,0.0,0.0,0.0,0.0,0.0,0
ES,2010-05-14,27,1389.5555555555557,10.481133844516378,1632.0,1620.3,1648.2,3,0,0.0,0.0,0.0,0.0,0.0,0
ES,2010-05-15,80,1320.025,27.37720727942441,1637.0,1596.2,1665.4,5,0,0.0,0.0,0.0,0.0,0.0,0
ES,2010-05-16,45,1153.7111111111112,4.5,1599.5,1595.9,1603.1,6,0,0.0,0.0,0.0,0.0,0.0,0
ES,2010-05-17,46,1314.1521739130435,9.12724858139991,1600.0,1592.0,1613.0,5,0,0.0,0.0,0.0,0.0,0.0,0
ES,2010-05-18,64,1106.34375,7.267484195415374,1613.0,1603.2,1620.0,5,0,0.0,0.0,0.0,0.0,0.0,0
ES,2010-05-19,45,1351.2666666666669,8.212456663169945,1624.0,1615.5,1636.0,4,0,0.0,0.0,0.0,0.0,0.0,0
ES,2010-05-20,49,1339.734693877551,5.230489909306586,1644.0,1636.4,1648.4,8,0,0.0,0.0,0.0,0.0,0.0,0
ES,2010-05-21,51,1132.470588235294,4.715930449020639,1635.0,1630.6,1641.0,6,0,0.0,0.0,0.0,0.0,0.0,0
ES,2010-05-22,64,1130.4218749999998,0.0,1642.0,1642.0,1642.0,8,0,0.0,0.0,0.0,0.0,0.0,0
ES,2010-05-23,52,1223.903846153846,8.020036636719372,1658.0,1647.4,1664.0,6,0,0.0,0.0,0.0,0.0,0.0,0
ES,2010-05-24,40,1362.075,15.921683328090658,1618.5,1607.0,1646.1,5,0,0.0,0.0,0.0,0.0,0.0,0
ES,2010-05-25,39,1303.4615384615386,12.230017715986078,1585.0,1571.2,1602.6,5,0,0.0,0.0,0.0,0.0,0.0,0
ES,2010-05-26,43,1255.7906976744189,4.656984002549289,1569.5,1563.5,1573.4,5,0,0.0,0.0,0.0,0.0,0.0,0
ES,2010-05-27,60,1155.75,5.7608593109014565,1568.5,1562.8,1574.9,7,0,0.0,0.0,0.0,0.0,0.0,0
ES,2010-05-28,91,1289.3406593406594,36.72878244929462,1614.5,1556.3,1648.0,6,0,0.0,0.0,0.0,0.0,0.0,0
ES,2010-05-29,75,1236.88,15.004708402305829,1627.0,1619.4,1655.6,6,0,0.0,0.0,0.0,0.0,0.0,0
ES,2010-05-30,71,1147.2957746478874,0.0,1360.0,1360.0,1360.0,8,0,0.0,0.0,0.0,0.0,0.0,0
ES,2010-05-31,31,1261.032258064516,3.0,1645.0,1642.6,1647.4,6,0,0.0,0.0,0.0,0.0,0.0,0
ES,2010-06-01,31,1150.5806451612902,8.663460945578018,1150.0,1141.0,1161.5,5,0,0.0,0.0,0.0,0.0,0.0,0
ES,2010-06-02,46,1251.3695652173913,15.353820238571489,1606.5,1590.4,1627.9,3,0,0.0,0.0,0.0,0.0,0.0,0
ES,2010-06-03,29,1238.7241379310342,8.272696053887149,1572.5,1563.6,1581.4,5,0,0.0,0.0,0.0,0.0,0.0,0
ES,2010-06-04,30,1163.9,12.001028762486351,1132.5,1118.4,1147.4,4,0,0.0,0.0,0.0,0.0,0.0,0
ES,2010-06-05,60,1051.2333333333331,10.932013370085638,1143.0,1132.6,1159.8,2,0,0.0,0.0,0.0,0.0,0.0,0
ES,2010-06-06,50,1112.7,10.030348805168828,1161.0,1149.0,1174.6,3,0,0.0,0.0,0.0,0.0,0.0,0
ES,2010-06-07,20,1229.05,4.264680527307995,1565.0,1561.0,1569.7,4,0,0.0,0.0,0.0,0.0,0.0,0
ES,2010-06-08,32,1120.78125,9.10997999653073,1166.0,1157.2,1179.0,3,0,0.0,0.0,0.0,0.0,0.0,0
ES,2010-06-09,57,1229.4736842105262,5.388877434122992,1576.0,1571.2,1581.8,6,0,0.0,0.0,0.0,0.0,0.0,0
ES,2010-06-10,73,1266.5616438356165,6.620931557860839,1593.0,1585.2,1600.8,5,0,0.0,0.0,0.0,0.0,0.0,0
ES,2010-06-11,56,1308.7857142857142,208.50099919824524,1068.0,963.2,1357.6,5,0,0.0,0.0,0.0,0.0,0.0,0
ES,2010-06-12,127,1226.748031496063,107.32123508420877,1607.5,1378.3,1630.1,6,0,0.0,0.0,0.0,0.0,0.0,0
ES,2010-06-13,60,1333.9,5.990826320300064,1645.0,1638.5,1652.2,7,0,0.0,0.0,0.0,0.0,0.0,0
ES,2010-06-14,53,1251.1509433962262,0.0,1552.0,1552.0,1552.0,5,0,0.0,0.0,0.0,0.0,0.0,0
ES,2010-06-15,79,1297.1518987341772,7.94805621728584,1636.0,1625.6,1645.0,6,0,0.0,0.0,0.0,0.0,0.0,0
ES,2010-06-16,57,1392.491228070175,3.858612300930076,1609.0,1603.4,1610.6,6,0,0.0,0.0,0.0,0.0,0.0,0
ES,2010-06-17,60,1436.0,6.762277357645751,1620.0,1610.2,1621.6,5,0,0.0,0.0,0.0,0.0,0.0,0
ES,2010-06-18,54,1271.2592592592594,9.810390782890323,1620.0,1602.0,1628.0,5,0,0.0,0.0,0.0,0.0,0.0,0
ES,2010-06-19,76,1320.7368421052631,11.296458618711576,1615.0,1604.0,1630.0,5,0,0.0,0.0,0.0,0.0,0.0,0
ES,2010-06-20,97,1385.2268041237114,18.995266596213504,1644.5,1615.0,1665.3,5,0,0.0,0.0,0.0,0.0,0.0,0
ES,2010-06-21,52,1424.153846153846,5.205962045225314,1617.0,1609.4,1621.8,5,0,0.0,0.0,0.0,0.0,0.0,0
ES,2010-06-22,46,1460.1739130434785,9.184735978785673,1601.0,1589.5,1611.5,7,0,0.0,0.0,0.0,0.0,0.0,0
ES,2010-06-23,112,1371.9642857142858,16.24342602066722,1584.0,1562.2,1603.8,7,0,0.0,0.0,0.0,0.0,0.0,0
ES,2010-06-24,90,1456.6444444444444,9.168769084812435,1563.0,1553.0,1574.6,6,0,0.0,0.0,0.0,0.0,0.0,0
ES,2010-06-25,49,1218.0204081632653,4.396968652757639,1560.5,1555.5,1564.0,5,0,0.0,0.0,0.0,0.0,0.0,0
ES,2010-06-26,62,1149.9193548387098,7.928569998569871,1126.0,1119.0,1134.2,4,0,0.0,0.0,0.0,0.0,0.0,0
ES,2010-06-27,56,1337.8392857142858,11.14176327557218,1136.0,1121.1,1150.7,5,0,0.0,0.0,0.0,0.0,0.0,0
ES,2010-06-28,84,1176.047619047619,8.68026144626475,1555.0,1547.0,1567.2,6,0,0.0,0.0,0.0,0.0,0.0,0
ES,2010-06-29,97,1362.8453608247423,18.701583579875308,1159.5,1123.5,1175.0,4,0,0.0,0.0,0.0,0.0,0.0,0
ES,2010-06-30,57,1261.017543859649,12.996675738315302,1541.0,1529.0,1561.8,6,0,0.0,0.0,0.0,0.0,0.0,0
ES,2010-07-01,58,1353.7068965517242,10.359322157146943,1573.0,1557.2,1585.0,5,0,0.0,0.0,0.0,0.0,0.0,0
ES,2010-07-02,92,1305.076086956522,11.35964573596102,1603.0,1593.0,1623.2,7,0,0.0,0.0,0.0,0.0,0.0,0
ES,2010-07-03,43,1204.3488372093022,21.8936824982307,1242.0,1216.5,1272.2,4,0,0.0,0.0,0.0,0.0,0.0,0
ES,2010-07-04,63,1299.9047619047617,13.873050798636124,1610.0,1596.2,1631.4,6,0,0.0,0.0,0.0,0.0,0.0,0
ES,2010-07-05,60,1339.7,15.912569765541011,1642.0,1620.8,1660.0,5,0,0.0,0.0,0.0,0.0,0.0,0
ES,2010-07-06,79,1276.4556962025315,6.298147875897061,1663.0,1658.0,1671.0,5,0,0.0,0.0,0.0,0.0,0.0,0
ES,2010-07-07,41,1260.560975609756,0.0,1683.0,1683.0,1683.0,5,0,0.0,0.0,0.0,0.0,0.0,0
ES,2010-07-08,47,1284.0212765957444,12.082066518644348,1674.0,1662.4,1693.0,4,0,0.0,0.0,0.0,0.0,0.0,0
ES,2010-07-09,45,1457.2444444444445,10.44996717980286,1700.0,1691.0,1717.0,4,0,0.0,0.0,0.0,0.0,0.0,0
ES,2010-07-10,54,1367.1666666666667,5.406882188470542,1703.0,1697.5,1709.5,4,0,0.0,0.0,0.0,0.0,0.0,0
ES,2010-07-11,29,1460.2068965517242,4.546060565661952,1691.0,1685.4,1694.2,4,0,0.0,0.0,0.0,0.0,0.0,0
ES,2010-07-12,44,1378.681818181818,11.802879245231168,1191.0,1172.4,1199.0,5,0,0.0,0.0,0.0,0.0,0.0,0
ES,2010-07-13,65,1283.2,9.67744245976092,1653.0,1643.0,1665.0,4,0,0.0,0.0,0.0,0.0,0.0,0
ES,2010-07-14,42,1338.690476190476,11.455226851626389,1647.0,1632.5,1662.6,5,0,0.0,0.0,0.0,0.0,0.0,0
ES,2010-07-15,39,1332.3333333333333,3.858612300930076,1658.0,1652.4,1659.6,5,0,0.0,0.0,0.0,0.0,0.0,0
ES,2010-07-16,34,1574.9117647058824,17.544650033600337,1695.0,1670.2,1713.8,4,0,0.0,0.0,0.0,0.0,0.0,0
ES,2010-07-17,24,1312.3750000000002,4.988876515698588,1723.0,1719.8,1729.4,5,0,0.0,0.0,0.0,0.0,0.0,0
ES,2010-07-18,31,1248.322580645161,3.299831645537222,1357.0,1357.0,1362.6,3,0,0.0,0.0,0.0,0.0,0.0,0
ES,2010-07-19,19,1364.6842105263158,4.606758320361751,1714.5,1709.0,1719.5,4,0,0.0,0.0,0.0,0.0,0.0,0
ES,2010-07-20,31,1457.1935483870968,7.671840904055744,1723.0,1713.2,1731.4,4,0,0.0,0.0,0.0,0.0,0.0,0
ES,2010-07-21,35,1458.4,10.509255180289632,1716.0,1708.0,1731.4,6,0,0.0,0.0,0.0,0.0,0.0,0
ES,2010-07-22,22,1216.090909090909,6.352902879786531,1361.0,1353.7,1367.4,3,0,0.0,0.0,0.0,0.0,0.0,0
ES,2010-07-23,27,1184.7037037037037,3.559026084010437,1691.0,1685.4,1691.8,4,0,0.0,0.0,0.0,0.0,0.0,0
ES,2010-07-24,2,1525.0,3.0,1525.0,1522.6,1527.4,1,0,0.0,0.0,0.0,0.0,0.0,0
ES,2010-07-25,35,1184.571428571429,9.283722313813572,1167.0,1157.4,1177.3,4,0,0.0,0.0,0.0,0.0,0.0,0
ES,2010-07-26,47,1185.085106382979,98.37060287608328,1380.0,1265.6,1384.4,4,0,0.0,0.0,0.0,0.0,0.0,0
ES,2010-07-27,45,1403.6222222222218,3.5,1688.5,1685.7,1691.3,4,0,0.0,0.0,0.0,0.0,0.0,0
ES,2010-07-28,29,1220.0689655172414,0.0,1397.0,1397.0,1397.0,3,0,0.0,0.0,0.0,0.0,0.0,0
ES,2010-07-29,22,1489.3181818181818,5.715476066494082,1346.0,1340.4,1351.6,4,0,0.0,0.0,0.0,0.0,0.0,0
ES,2010-07-30,18,1502.2777777777778,2.0,1431.0,1429.4,1432.6,3,0,0.0,0.0,0.0,0.0,0.0,0
ES,2010-07-31,9,1594.3333333333333,6.599663291074443,1595.0,1587.4,1602.2,1,0,0.0,0.0,0.0,0.0,0.0,0
ES,2010-08-01,12,1574.25,4.384315479321969,1524.5,1520.0,1529.5,2,0,0.0,0.0,0.0,0.0,0.0,0
ES,2010-08-02,31,1281.7096774193549,5.673402858955108,1170.5,1165.1,1176.6,3,0,0.0,0.0,0.0,0.0,0.0,0
ES,2010-08-03,45,1243.133333333333,3.0912061651652345,1699.0,1694.2,1699.8,6,0,0.0,0.0,0.0,0.0,0.0,0
ES,2010-08-04,38,1390.4736842105262,10.18577439373168,1691.5,1676.3,1700.2,5,0,0.0,0.0,0.0,0.0,0.0,0
ES,2010-08-05,27,1210.7037037037037,7.440430095095309,1190.0,1180.2,1196.6,4,0,0.0,0.0,0.0,0.0,0.0,0
ES,2010-08-06,40,1451.425,115.09512973574898,1667.0,1475.8,1675.0,7,0,0.0,0.0,0.0,0.0,0.0,0
ES,2010-08-07,56,1245.5357142857142,8.92492694578809,1186.0,1172.0,1196.4,5,0,0.0,0.0,0.0,0.0,0.0,0
ES,2010-08-08,37,1197.3783783783783,10.040733366174615,1151.0,1140.2,1163.2,6,0,0.0,0.0,0.0,0.0,0.0,0
ES,2010-08-09,70,1208.857142857143,10.109134918972714,1137.0,1125.6,1151.6,7,0,0.0,0.0,0.0,0.0,0.0,0
ES,2010-08-10,72,1353.1388888888887,121.87527777746122,1554.5,1432.0,1680.0,7,0,0.0,0.0,0.0,0.0,0.0,0
ES,2010-08-11,48,1324.1041666666667,10.693894285993292,1182.5,1165.6,1190.8,6,0,0.0,0.0,0.0,0.0,0.0,0
ES,2010-08-12,53,1285.4528301886792,6.729335079878543,1158.5,1149.7,1167.0,5,0,0.0,0.0,0.0,0.0,0.0,0
ES,2010-08-13,57,1215.9473684210527,10.158351787073968,1145.0,1133.0,1160.4,4,0,0.0,0.0,0.0,0.0,0.0,0
ES,2010-08-14,29,1321.4827586206898,6.020797289396148,1134.0,1125.0,1142.1,5,0,0.0,0.0,0.0,0.0,0.0,0
ES,2010-08-15,46,1269.9782608695652,16.847972182629775,1137.0,1120.3,1161.7,4,0,0.0,0.0,0.0,0.0,0.0,0
ES,2010-08-16,63,1377.2063492063492,11.721081132350934,1156.0,1139.2,1169.6,4,0,0.0,0.0,0.0,0.0,0.0,0
ES,2010-08-17,41,1246.9512195121952,14.397037589657977,1127.0,1102.9,1141.3,5,0,0.0,0.0,0.0,0.0,0.0,0
ES,2010-08-18,46,1252.8695652173913,15.007292779348878,1119.0,1100.0,1137.2,5,0,0.0,0.0,0.0,0.0,0.0,0
ES,2010-08-19,18,1240.7222222222222,0.0,1123.0,1123.0,1123.0,4,0,0.0,0.0,0.0,0.0,0.0,0
ES,2010-08-20,46,1352.8695652173913,20.77730206238855,1162.0,1139.1,1191.9,4,0,0.0,0.0,0.0,0.0,0.0,0
ES,2010-08-21,20,1319.15,11.883147044174342,1201.5,1180.4,1210.5,3,0,0.0,0.0,0.0,0.0,0.0,0
ES,2010-08-23,20,1345.4,14.340602935789816,1192.0,1178.0,1213.0,3,0,0.0,0.0,0.0,0.0,0.0,0
ES,2010-08-24,33,1278.5757575757575,4.89614360718946,1222.5,1216.2,1227.7,6,0,0.0,0.0,0.0,0.0,0.0,0
ES,2010-08-25,44,1357.7045454545455,20.218197501362024,1236.0,1202.0,1253.0,5,0,0.0,0.0,0.0,0.0,0.0,0
ES,2010-08-26,42,1396.6666666666667,6.151409899364535,1267.5,1259.5,1275.5,4,0,0.0,0.0,0.0,0.0,0.0,0
ES,2010-08-27,2,1246.5,4.5,1246.5,1242.9,1250.1,1,0,0.0,0.0,0.0,0.0,0.0,0
ES,2010-08-28,8,1542.375,0.0,1308.0,1308.0,1308.0,2,0,0.0,0.0,0.0,0.0,0.0,0
ES,2010-08-29,8,1490.875,6.944222218666553,1647.0,1639.8,1653.4,3,0,0.0,0.0,0.0,0.0,0.0,0
ES,2010-08-30,2,1545.5,1.5,1545.5,1544.3,1546.7,1,0,0.0,0.0,0.0,0.0,0.0,0
ES,2010-08-31,52,1224.1538461538462,9.68509268970428,1249.0,1234.1,1260.0,4,0,0.0,0.0,0.0,0.0,0.0,0
ES,2010-09-01,108,1255.898148148148,12.452296518366197,1240.5,1225.9,1259.1,3,0,0.0,0.0,0.0,0.0,0.0,0
ES,2010-09-02,35,1201.857142857143,5.312459150169742,1253.0,1248.2,1258.6,4,0,0.0,0.0,0.0,0.0,0.0,0
ES,2010-09-03,19,1298.9473684210527,8.120998539831826,1510.0,1501.4,1521.0,3,0,0.0,0.0,0.0,0.0,0.0,0
ES,2010-09-04,54,1249.0925925925926,7.996092795859738,1260.5,1250.5,1270.0,4,0,0.0,0.0,0.0,0.0,0.0,0
ES,2010-09-05,60,1242.85,14.607789826989215,1242.0,1222.0,1255.0,5,0,0.0,0.0,0.0,0.0,0.0,0
ES,2010-09-06,20,1177.9,3.5,1216.5,1213.7,1219.3,5,0,0.0,0.0,0.0,0.0,0.0,0
ES,2010-09-07,37,1249.891891891892,8.295560651975986,1211.0,1203.0,1223.2,4,0,0.0,0.0,0.0,0.0,0.0,0
ES,2010-09-08,39,1370.2051282051282,5.026460595931194,1233.0,1229.2,1240.2,5,0,0.0,0.0,0.0,0.0,0.0,0
ES,2010-09-09,10,1065.7,0.0,1486.0,1486.0,1486.0,2,0,0.0,0.0,0.0,0.0,0.0,0
ES,2010-09-10,50,1309.84,12.306096050332128,1648.0,1634.6,1662.4,3,0,0.0,0.0,0.0,0.0,0.0,0
ES,2010-09-11,39,1186.3333333333333,8.5,1419.5,1412.7,1426.3,4,0,0.0,0.0,0.0,0.0,0.0,0
ES,2010-09-12,47,1354.468085106383,4.524623986832742,1191.0,1188.3,1199.0,4,1,68.71,0.0,68.71,68.71,68.71,1
ES,2010-09-13,60,1427.9,8.139410298049853,1199.0,1189.5,1207.0,5,0,0.0,0.0,0.0,0.0,0.0,0
ES,2010-09-14,74,1346.1621621621618,8.94427190999916,1176.0,1166.4,1185.6,5,0,0.0,0.0,0.0,0.0,0.0,0
ES,2010-09-15,56,1320.821428571429,16.45206248805308,1206.0,1179.4,1221.4,4,0,0.0,0.0,0.0,0.0,0.0,0
ES,2010-09-16,74,1388.0405405405406,12.655131123382326,1222.0,1201.0,1233.0,4,0,0.0,0.0,0.0,0.0,0.0,0
ES,2010-09-17,41,1224.9512195121952,11.1650166310616,1221.0,1210.0,1237.0,4,0,0.0,0.0,0.0,0.0,0.0,0
ES,2010-09-18,37,1391.5135135135135,9.374332847914582,1214.0,1199.0,1222.2,3,0,0.0,0.0,0.0,0.0,0.0,0
ES,2010-09-19,63,1318.095238095238,15.57290294461662,1235.0,1210.1,1248.8,4,0,0.0,0.0,0.0,0.0,0.0,0
ES,2010-09-20,31,1344.9032258064517,0.0,1443.0,1443.0,1443.0,6,0,0.0,0.0,0.0,0.0,0.0,0
ES,2010-09-21,59,1249.4406779661017,0.0,1416.0,1416.0,1416.0,4,0,0.0,0.0,0.0,0.0,0.0,0
ES,2010-09-22,27,1335.962962962963,0.0,1489.0,1489.0,1489.0,4,0,0.0,0.0,0.0,0.0,0.0,0
ES,2010-09-23,44,1352.2954545454545,0.0,1507.0,1507.0,1507.0,5,0,0.0,0.0,0.0,0.0,0.0,0
ES,2010-09-24,37,1283.5405405405406,14.728798321655436,1189.0,1174.5,1211.5,5,0,0.0,0.0,0.0,0.0,0.0,0
ES,2010-09-25,68,1229.720588235294,19.02524638473836,1221.5,1196.7,1245.4,4,0,0.0,0.0,0.0,0.0,0.0,0
ES,2010-09-26,30,1255.3,9.525954107221626,1234.0,1225.0,1245.0,4,0,0.0,0.0,0.0,0.0,0.0,0
ES,2010-09-27,39,1305.2051282051282,0.0,1456.0,1456.0,1456.0,5,0,0.0,0.0,0.0,0.0,0.0,0
ES,2010-09-28,34,1199.7058823529412,5.961235793015639,1235.0,1226.0,1242.0,4,0,0.0,0.0,0.0,0.0,0.0,0
ES,2010-09-29,33,1238.7272727272727,9.13196896309099,1253.5,1241.3,1263.1,5,0,0.0,0.0,0.0,0.0,0.0,0
ES,2010-09-30,22,1408.3636363636365,15.829149802534388,1240.0,1214.0,1255.0,5,0,0.0,0.0,0.0,0.0,0.0,0
ES,2010-10-01,65,1200.6153846153843,13.781706493910598,1205.0,1180.6,1215.0,4,0,0.0,0.0,0.0,0.0,0.0,0
ES,2010-10-02,45,1277.3333333333333,0.0,1450.0,1450.0,1450.0,6,0,0.0,0.0,0.0,0.0,0.0,0
ES,2010-10-03,38,1345.6052631578948,10.986773123782497,1220.5,1207.7,1236.3,3,0,0.0,0.0,0.0,0.0,0.0,0
ES,2010-10-04,23,1274.2173913043478,6.192490514769498,1207.5,1201.0,1214.7,3,0,0.0,0.0,0.0,0.0,0.0,0
ES,2010-10-05,48,1212.9166666666667,13.01909803251542,1160.0,1154.7,1187.2,3,0,0.0,0.0,0.0,0.0,0.0,0
ES,2010-10-06,41,1350.1951219512196,16.898434644238662,1198.0,1161.6,1206.4,6,0,0.0,0.0,0.0,0.0,0.0,0
ES,2010-10-07,23,1357.0434782608695,175.0,1331.0,1191.0,1471.0,3,0,0.0,0.0,0.0,0.0,0.0,0
ES,2010-10-08,62,1277.6129032258063,14.452949702466997,1259.0,1236.1,1273.9,3,0,0.0,0.0,0.0,0.0,0.0,0
ES,2010-10-09,19,1204.7894736842106,0.0,1680.0,1680.0,1680.0,2,0,0.0,0.0,0.0,0.0,0.0,0
ES,2010-10-10,47,1274.595744680851,0.0,1688.0,1688.0,1688.0,6,0,0.0,0.0,0.0,0.0,0.0,0
ES,2010-10-11,38,1282.6052631578948,22.209785316837674,1243.0,1232.0,1289.0,3,0,0.0,0.0,0.0,0.0,0.0,0
ES,2010-10-12,57,1362.9298245614036,0.0,1696.0,1696.0,1696.0,5,0,0.0,0.0,0.0,0.0,0.0,0
ES,2010-10-13,30,1346.5,6.209312003399052,1314.5,1306.0,1319.5,4,0,0.0,0.0,0.0,0.0,0.0,0
ES,2010-10-14,30,1511.4,6.1577891606435164,1309.0,1302.0,1315.8,5,0,0.0,0.0,0.0,0.0,0.0,0
ES,2010-10-15,58,1393.844827586207,11.423611026680174,1303.5,1286.9,1316.0,5,0,0.0,0.0,0.0,0.0,0.0,0
ES,2010-10-16,30,1332.9666666666667,7.895146188218008,1303.0,1291.5,1310.8,4,0,0.0,0.0,0.0,0.0,0.0,0
ES,2010-10-17,48,1288.0625,13.728680441567086,1316.0,1298.7,1332.2,3,0,0.0,0.0,0.0,0.0,0.0,0
ES,2010-10-18,35,1533.3428571428572,211.7210133642856,1566.0,1298.1,1778.2,5,0,0.0,0.0,0.0,0.0,0.0,0
ES,2010-10-19,17,1435.8823529411766,283.55559909438887,1774.0,1172.0,1783.4,5,0,0.0,0.0,0.0,0.0,0.0,0
ES,2010-10-20,15,1499.1999999999998,3.0,1542.0,1539.6,1544.4,4,0,0.0,0.0,0.0,0.0,0.0,0
ES,2010-10-21,44,1625.1818181818178,3.5,1299.5,1296.7,1302.3,7,0,0.0,0.0,0.0,0.0,0.0,0
ES,2010-10-22,35,1484.3428571428574,11.646458689232537,1308.0,1293.6,1320.7,6,0,0.0,0.0,0.0,0.0,0.0,0
ES,2010-10-23,43,1284.9302325581396,11.665333257134147,1269.0,1252.4,1283.2,6,0,0.0,0.0,0.0,0.0,0.0,0
ES,2010-10-24,38,1546.921052631579,6.18465843842649,1254.5,1245.6,1258.9,5,0,0.0,0.0,0.0,0.0,0.0,0
ES,2010-10-25,51,1375.1176470588234,39.50961214433573,1296.0,1247.0,1345.4,5,0,0.0,0.0,0.0,0.0,0.0,0
ES,2010-10-26,49,1296.408163265306,4.656984002549289,1370.0,1365.5,1375.2,6,0,0.0,0.0,0.0,0.0,0.0,0
ES,2010-10-27,28,1408.928571428571,7.950776298576133,1357.0,1349.0,1366.5,6,0,0.0,0.0,0.0,0.0,0.0,0
ES,2010-10-28,59,1462.864406779661,7.993894154290511,1356.0,1347.0,1365.0,6,0,0.0,0.0,0.0,0.0,0.0,0
ES,2010-10-29,41,1391.951219512195,9.014166544263126,1348.0,1341.0,1363.2,7,0,0.0,0.0,0.0,0.0,0.0,0
ES,2010-10-30,61,1373.213114754098,5.775500098180507,1349.0,1342.6,1357.4,6,0,0.0,0.0,0.0,0.0,0.0,0
ES,2010-10-31,61,1309.016393442623,11.49711240920954,1328.5,1312.0,1342.0,6,0,0.0,0.0,0.0,0.0,0.0,0
ES,2010-11-01,48,1218.7291666666663,7.7207512587830465,1296.5,1287.4,1305.3,5,0,0.0,0.0,0.0,0.0,0.0,0
ES,2010-11-02,19,1390.1052631578948,3.771236166328253,1282.0,1275.6,1282.0,3,0,0.0,0.0,0.0,0.0,0.0,0
ES,2010-11-03,15,1653.5333333333335,0.0,1611.0,1611.0,1611.0,3,0,0.0,0.0,0.0,0.0,0.0,0
ES,2010-11-04,9,1274.2222222222222,7.03606231066114,1275.0,1266.2,1282.6,1,0,0.0,0.0,0.0,0.0,0.0,0
ES,2010-11-05,42,1407.7142857142858,45.7478498383072,1291.0,1249.0,1362.0,4,0,0.0,0.0,0.0,0.0,0.0,0
ES,2010-11-06,45,1376.5333333333333,16.620887527001194,1397.0,1369.0,1414.0,3,0,0.0,0.0,0.0,0.0,0.0,0
ES,2010-11-07,53,1392.2075471698113,14.673397484904442,1365.5,1355.0,1390.5,5,0,0.0,0.0,0.0,0.0,0.0,0
ES,2010-11-08,33,1509.8181818181818,16.166013732519218,1395.0,1366.4,1408.2,4,0,0.0,0.0,0.0,0.0,0.0,0
ES,2010-11-09,56,1413.857142857143,3.5355339059327378,1389.5,1384.1,1390.7,4,0,0.0,0.0,0.0,0.0,0.0,0
ES,2010-11-10,60,1364.3166666666666,16.010620393911154,1373.0,1348.2,1390.2,5,0,0.0,0.0,0.0,0.0,0.0,0
ES,2010-11-11,52,1396.1346153846157,16.689085199728744,1330.0,1304.6,1348.0,5,0,0.0,0.0,0.0,0.0,0.0,0
ES,2010-11-12,56,1366.75,0.0,1465.0,1465.0,1465.0,6,0,0.0,0.0,0.0,0.0,0.0,0
ES,2010-11-13,48,1273.7083333333333,13.436168064031424,1283.0,1263.2,1297.6,3,0,0.0,0.0,0.0,0.0,0.0,0
ES,2010-11-14,88,1380.625,12.39230248976083,1299.0,1281.0,1313.0,3,0,0.0,0.0,0.0,0.0,0.0,0
ES,2010-11-15,37,1331.5135135135135,22.26826065335933,1328.0,1300.2,1351.2,4,0,0.0,0.0,0.0,0.0,0.0,0
ES,2010-11-16,97,1383.1134020618556,8.02044263117691,1385.0,1376.8,1394.3,4,0,0.0,0.0,0.0,0.0,0.0,0
ES,2010-11-17,35,1480.7428571428572,12.058595366883418,1387.0,1368.6,1398.7,6,0,0.0,0.0,0.0,0.0,0.0,0
ES,2010-11-18,68,1441.1617647058824,12.081609072378471,1365.0,1348.0,1380.5,4,0,0.0,0.0,0.0,0.0,0.0,0
ES,2010-11-19,62,1454.6774193548388,11.468247907120409,1362.5,1348.0,1377.0,4,0,0.0,0.0,0.0,0.0,0.0,0
ES,2010-11-20,33,1658.060606060606,13.309237486390264,1357.0,1336.8,1368.8,5,0,0.0,0.0,0.0,0.0,0.0,0
ES,2010-11-21,63,1417.571428571429,5.068283733178324,1319.0,1313.9,1324.8,6,0,0.0,0.0,0.0,0.0,0.0,0
ES,2010-11-22,53,1525.830188679245,7.51598296964542,1308.0,1300.7,1318.6,5,0,0.0,0.0,0.0,0.0,0.0,0
ES,2010-11-23,38,1294.0263157894738,9.021342216356466,1324.0,1310.8,1334.0,6,0,0.0,0.0,0.0,0.0,0.0,0
ES,2010-11-24,27,1267.148148148148,5.30882225639548,1298.5,1293.5,1304.0,3,0,0.0,0.0,0.0,0.0,0.0,0
ES,2010-11-25,40,1429.675,15.293816608233572,1304.0,1289.0,1329.4,4,1,61.54,0.0,61.54,61.54,61.54,1
ES,2010-11-26,48,1400.0,16.114420753257555,1322.5,1309.0,1348.0,4,0,0.0,0.0,0.0,0.0,0.0,0
ES,2010-11-27,23,1414.9565217391305,9.81406080446235,1327.0,1314.0,1339.0,3,0,0.0,0.0,0.0,0.0,0.0,0
ES,2010-11-28,53,1345.3584905660375,12.309160495288271,1321.5,1302.0,1335.0,4,0,0.0,0.0,0.0,0.0,0.0,0
ES,2010-11-29,44,1418.2499999999998,9.964587581584976,1377.0,1361.2,1385.8,4,0,0.0,0.0,0.0,0.0,0.0,0
ES,2010-11-30,70,1299.9857142857145,10.183019078398136,1368.0,1355.3,1379.7,4,0,0.0,0.0,0.0,0.0,0.0,0
ES,2010-12-01,24,1387.3333333333333,15.40742966522609,1387.0,1368.0,1406.4,1,0,0.0,0.0,0.0,0.0,0.0,0
ES,2010-12-02,26,1423.3846153846157,17.652991224536247,1387.5,1356.7,1402.6,3,0,0.0,0.0,0.0,0.0,0.0,0
ES,2010-12-03,55,1287.5636363636363,10.316855140981676,1416.5,1405.5,1430.5,2,0,0.0,0.0,0.0,0.0,0.0,0
ES,2010-12-04,34,1449.5882352941176,4.789311015167004,1987.5,1982.8,1993.6,3,0,0.0,0.0,0.0,0.0,0.0,0
ES,2010-12-05,12,1649.25,6.057547156318341,1404.0,1398.0,1411.6,2,0,0.0,0.0,0.0,0.0,0.0,0
ES,2010-12-06,62,1345.5645161290322,22.18214576455149,1375.0,1346.0,1402.0,3,0,0.0,0.0,0.0,0.0,0.0,0
ES,2010-12-07,48,1399.4583333333333,7.287737036358482,2000.0,1990.4,2008.4,4,0,0.0,0.0,0.0,0.0,0.0,0
ES,2010-12-08,65,1465.6307692307691,22.80531871578196,1393.0,1355.0,1418.0,5,0,0.0,0.0,0.0,0.0,0.0,0
ES,2010-12-09,19,1629.0526315789475,11.930353445448857,1401.0,1390.5,1417.5,3,0,0.0,0.0,0.0,0.0,0.0,0
ES,2010-12-10,15,1389.1333333333334,9.392668535736911,1425.0,1415.4,1433.8,3,0,0.0,0.0,0.0,0.0,0.0,0
ES,2010-12-11,41,1331.3902439024391,0.0,1764.0,1764.0,1764.0,3,0,0.0,0.0,0.0,0.0,0.0,0
ES,2010-12-12,40,1515.225,8.094152588285509,1441.5,1428.5,1449.4,4,0,0.0,0.0,0.0,0.0,0.0,0
ES,2010-12-13,47,1392.468085106383,10.423005960587275,1412.0,1397.5,1423.5,4,0,0.0,0.0,0.0,0.0,0.0,0
ES,2010-12-14,29,1285.103448275862,14.211732242528822,1368.0,1356.0,1391.8,2,0,0.0,0.0,0.0,0.0,0.0,0
ES,2010-12-15,21,1339.904761904762,13.845215780189198,1374.0,1357.0,1392.9,3,0,0.0,0.0,0.0,0.0,0.0,0
ES,2010-12-16,50,1386.24,16.975228049924358,1371.0,1349.8,1396.0,3,0,0.0,0.0,0.0,0.0,0.0,0
ES,2010-12-17,56,1375.5,17.598717105232414,1343.0,1311.5,1357.0,5,0,0.0,0.0,0.0,0.0,0.0,0
ES,2010-12-18,35,1314.428571428571,18.61991817268659,1334.0,1301.0,1352.0,2,0,0.0,0.0,0.0,0.0,0.0,0
ES,2010-12-19,55,1350.0,12.318614771807493,1368.5,1352.6,1379.0,3,0,0.0,0.0,0.0,0.0,0.0,0
ES,2010-12-20,50,1293.54,3.452298849598449,1396.0,1392.6,1400.4,3,0,0.0,0.0,0.0,0.0,0.0,0
ES,2010-12-21,6,1471.0,5.528109984434102,1411.0,1404.6,1417.0,2,0,0.0,0.0,0.0,0.0,0.0,0
ES,2010-12-22,32,1286.0625,4.0,1410.0,1406.8,1413.2,2,0,0.0,0.0,0.0,0.0,0.0,0
ES,2010-12-23,78,1382.974358974359,8.75109120180005,1417.0,1404.3,1425.7,3,0,0.0,0.0,0.0,0.0,0.0,0
ES,2010-12-24,73,1467.5068493150684,10.688311372709908,1408.5,1395.0,1423.0,4,0,0.0,0.0,0.0,0.0,0.0,0
ES,2010-12-25,36,1339.9444444444443,3.5,1417.5,1414.7,1420.3,4,0,0.0,0.0,0.0,0.0,0.0,0
ES,2010-12-26,54,1375.3148148148148,9.44715297174721,1400.0,1390.0,1412.0,3,0,0.0,0.0,0.0,0.0,0.0,0
ES,2010-12-27,60,1427.0666666666666,9.538744902815449,1393.0,1381.5,1404.9,5,0,0.0,0.0,0.0,0.0,0.0,0
ES,2010-12-28,57,1388.1929824561405,8.091581069885311,1357.0,1346.6,1365.8,4,0,0.0,0.0,0.0,0.0,0.0,0
ES,2010-12-29,66,1530.8636363636365,24.567367696917707,1379.0,1347.2,1415.8,4,0,0.0,0.0,0.0,0.0,0.0,0
ES,2010-12-30,11,1441.1818181818182,0.0,1390.0,1390.0,1390.0,4,0,0.0,0.0,0.0,0.0,0.0,0
ES,2010-12-31,33,1475.2424242424242,10.170196273894,1409.0,1398.2,1422.6,4,0,0.0,0.0,0.0,0.0,0.0,0
ES,2011-01-01,29,1202.0689655172414,120.00170430815088,1168.0,1155.0,1198.6,2,0,0.0,0.0,0.0,0.0,0.0,0
ES,2011-01-02,21,1661.571428571429,6.881860213634101,1790.0,1779.6,1794.4,2,0,0.0,0.0,0.0,0.0,0.0,0
ES,2011-01-03,26,1404.0,4.534313619501853,1782.0,1775.4,1785.2,3,0,0.0,0.0,0.0,0.0,0.0,0
ES,2011-01-04,48,1365.2916666666663,6.96419413859206,1365.0,1357.5,1372.5,5,0,0.0,0.0,0.0,0.0,0.0,0
ES,2011-01-05,27,1629.2592592592594,1.8027756377319943,2004.5,2002.6,2006.4,4,0,0.0,0.0,0.0,0.0,0.0,0
ES,2011-01-06,5,1582.6,0.0,1737.0,1737.0,1737.0,3,0,0.0,0.0,0.0,0.0,0.0,0
ES,2011-01-07,19,1364.3157894736842,8.0,1954.0,1947.6,1960.4,3,0,0.0,0.0,0.0,0.0,0.0,0
ES,2011-01-08,11,1646.4545454545455,7.487731011626909,1645.0,1637.0,1653.0,1,0,0.0,0.0,0.0,0.0,0.0,0
ES,2011-01-09,12,1661.5,0.0,1832.0,1832.0,1832.0,2,0,0.0,0.0,0.0,0.0,0.0,0
ES,2011-01-11,48,1351.25,248.45728170720483,1195.5,1149.4,1705.9,2,0,0.0,0.0,0.0,0.0,0.0,0
ES,2011-01-12,22,1560.2727272727273,226.37121199444664,1707.5,1226.2,1725.5,2,0,0.0,0.0,0.0,0.0,0.0,0
ES,2011-01-13,33,1718.3333333333333,60.58786090372303,2007.0,1905.4,2009.4,4,0,0.0,0.0,0.0,0.0,0.0,0
ES,2011-01-14,77,1601.987012987013,20.015354106285507,1390.0,1375.8,1425.8,4,0,0.0,0.0,0.0,0.0,0.0,0
ES,2011-01-15,66,1495.5151515151515,1.5,1967.5,1966.3,1968.7,4,0,0.0,0.0,0.0,0.0,0.0,0
ES,2011-01-16,16,1322.6875,0.0,1977.0,1977.0,1977.0,3,0,0.0,0.0,0.0,0.0,0.0,0
ES,2011-01-17,36,1616.861111111111,0.0,1834.0,1834.0,1834.0,3,0,0.0,0.0,0.0,0.0,0.0,0
ES,2011-01-18,49,1469.3265306122453,66.01514977639603,1562.0,1518.8,1646.0,6,0,0.0,0.0,0.0,0.0,0.0,0
ES,2011-01-19,17,1535.8823529411766,0.0,1834.0,1834.0,1834.0,3,0,0.0,0.0,0.0,0.0,0.0,0
ES,2011-01-20,42,1664.8809523809523,6.1838499334961226,2003.0,1995.6,2008.6,4,0,0.0,0.0,0.0,0.0,0.0,0
ES,2011-01-21,34,1618.705882352941,13.64219098972009,1382.5,1368.5,1402.1,5,0,0.0,0.0,0.0,0.0,0.0,0
ES,2011-01-22,35,1606.8285714285714,54.73775865179559,1715.0,1664.6,1771.8,7,0,0.0,0.0,0.0,0.0,0.0,0
ES,2011-01-23,46,1726.1521739130435,22.32144514990566,1899.0,1866.0,1917.0,8,0,0.0,0.0,0.0,0.0,0.0,0
ES,2011-01-24,92,1594.3369565217392,14.682662514421448,1405.5,1384.8,1418.0,6,0,0.0,0.0,0.0,0.0,0.0,0
ES,2011-01-25,62,1534.6774193548388,7.998520573265206,1423.0,1415.2,1431.8,5,0,0.0,0.0,0.0,0.0,0.0,0
ES,2011-01-26,40,1699.3,25.46893532652409,1923.0,1893.4,1943.0,6,0,0.0,0.0,0.0,0.0,0.0,0
ES,2011-01-27,31,1567.1290322580646,20.0809127171938,1469.0,1433.6,1483.6,4,0,0.0,0.0,0.0,0.0,0.0,0
ES,2011-01-28,34,1669.5588235294117,0.0,1482.0,1482.0,1482.0,4,0,0.0,0.0,0.0,0.0,0.0,0
ES,2011-01-29,73,1643.054794520548,10.0101988807742,1975.0,1964.8,1988.2,7,0,0.0,0.0,0.0,0.0,0.0,0
ES,2011-01-30,35,1598.5142857142855,1.632993161855452,2055.0,2053.4,2056.6,6,0,0.0,0.0,0.0,0.0,0.0,0
ES,2011-01-31,15,1439.2666666666669,5.0,1796.0,1792.0,1800.0,5,0,0.0,0.0,0.0,0.0,0.0,0
ES,2011-02-01,53,1559.5471698113208,111.03011978738022,1449.5,1335.8,1461.7,5,0,0.0,0.0,0.0,0.0,0.0,0
ES,2011-02-02,23,1353.173913043478,11.46613370854458,1486.5,1471.0,1497.0,4,0,0.0,0.0,0.0,0.0,0.0,0
ES,2011-02-03,39,1468.948717948718,10.0,1992.0,1984.0,2000.0,5,0,0.0,0.0,0.0,0.0,0.0,0
ES,2011-02-04,27,1447.4814814814815,7.3484692283495345,1500.0,1492.8,1507.2,4,0,0.0,0.0,0.0,0.0,0.0,0
ES,2011-02-05,9,1697.2222222222224,0.0,1807.0,1807.0,1807.0,3,0,0.0,0.0,0.0,0.0,0.0,0
ES,2011-02-06,31,1530.451612903226,9.283901572203728,1489.0,1473.5,1497.5,2,0,0.0,0.0,0.0,0.0,0.0,0
ES,2011-02-07,35,1544.428571428571,11.610757450800309,1480.0,1467.2,1497.0,4,0,0.0,0.0,0.0,0.0,0.0,0
ES,2011-02-08,46,1483.9347826086957,9.649927837369354,1471.0,1463.0,1485.8,3,0,0.0,0.0,0.0,0.0,0.0,0
ES,2011-02-09,34,1465.3823529411766,0.0,2029.0,2029.0,2029.0,3,0,0.0,0.0,0.0,0.0,0.0,0
ES,2011-02-10,19,1519.6315789473683,0.0,2030.0,2030.0,2030.0,3,0,0.0,0.0,0.0,0.0,0.0,0
ES,2011-02-11,14,1524.357142857143,0.0,2038.0,2038.0,2038.0,4,0,0.0,0.0,0.0,0.0,0.0,0
ES,2011-02-12,28,1441.357142857143,234.2351099529997,1268.0,1238.5,1737.0,2,0,0.0,0.0,0.0,0.0,0.0,0
ES,2011-02-13,26,1488.8461538461538,256.00220736844204,1494.0,1224.0,1755.0,2,0,0.0,0.0,0.0,0.0,0.0,0
ES,2011-02-14,28,1461.142857142857,3.112474899497183,1785.5,1784.3,1790.2,3,0,0.0,0.0,0.0,0.0,0.0,0
ES,2011-02-15,41,1542.6829268292684,6.182412330330469,2016.0,2014.4,2025.6,7,0,0.0,0.0,0.0,0.0,0.0,0
ES,2011-02-16,9,1380.6666666666667,2.5,1805.5,1803.5,1807.5,3,1,92.32,0.0,0.0,0.0,0.0,1
ES,2011-02-17,62,1608.1290322580646,8.970611979496946,1481.0,1468.2,1491.4,4,0,0.0,0.0,0.0,0.0,0.0,0
ES,2011-02-18,27,1470.7037037037037,1.0,2013.0,2012.2,2013.8,4,0,0.0,0.0,0.0,0.0,0.0,0
ES,2011-02-19,52,1592.1153846153843,9.41629792788369,2001.0,1993.0,2011.4,5,0,0.0,0.0,0.0,0.0,0.0,0
ES,2011-02-20,68,1529.0735294117646,11.233320969330483,1975.0,1960.6,1984.5,6,0,0.0,0.0,0.0,0.0,0.0,0
ES,2011-02-21,30,1476.4,9.77272596768712,1462.0,1450.4,1473.4,5,0,0.0,0.0,0.0,0.0,0.0,0
ES,2011-02-22,36,1604.3333333333333,5.958705634574188,1469.0,1461.6,1476.6,4,0,0.0,0.0,0.0,0.0,0.0,0
ES,2011-02-23,30,1583.6,7.790627545391989,1805.0,1795.4,1814.2,3,0,0.0,0.0,0.0,0.0,0.0,0
ES,2011-02-24,9,1562.7777777777778,225.2178095275661,1722.0,1241.8,1723.6,2,0,0.0,0.0,0.0,0.0,0.0,0
ES,2011-02-25,40,1587.3750000000002,7.105617208826223,1480.0,1470.2,1487.8,4,0,0.0,0.0,0.0,0.0,0.0,0
ES,2011-02-26,50,1422.4,87.5938782107517,1813.5,1802.8,1953.7,5,0,0.0,0.0,0.0,0.0,0.0,0
ES,2011-02-27,92,1470.5652173913043,20.28991200820169,1436.5,1402.0,1457.0,7,0,0.0,0.0,0.0,0.0,0.0,0
ES,2011-02-28,19,1606.6842105263158,3.6817870057290873,1388.0,1384.8,1392.0,4,0,0.0,0.0,0.0,0.0,0.0,0
ES,2011-03-01,31,1359.9354838709678,5.120763831912406,1393.0,1388.4,1399.2,2,0,0.0,0.0,0.0,0.0,0.0,0
ES,2011-03-02,33,1467.969696969697,2.0548046676563256,1378.0,1376.4,1380.4,4,0,0.0,0.0,0.0,0.0,0.0,0
ES,2011-03-03,39,1584.2051282051282,1.5,1819.5,1818.3,1820.7,4,0,0.0,0.0,0.0,0.0,0.0,0
ES,2011-03-04,25,1674.2400000000002,13.644516829341113,1410.0,1392.6,1424.4,4,0,0.0,0.0,0.0,0.0,0.0,0
ES,2011-03-05,31,1471.3870967741937,10.456258094238748,1828.0,1812.4,1841.4,3,0,0.0,0.0,0.0,0.0,0.0,0
ES,2011-03-06,49,1523.7551020408164,6.372986619219709,1408.0,1401.8,1416.2,5,0,0.0,0.0,0.0,0.0,0.0,0
ES,2011-03-07,21,1473.142857142857,6.495810615739622,1426.0,1418.8,1433.0,4,0,0.0,0.0,0.0,0.0,0.0,0
ES,2011-03-08,62,1392.8064516129032,15.733642299226204,1471.0,1443.3,1484.4,4,0,0.0,0.0,0.0,0.0,0.0,0
ES,2011-03-09,21,1692.333333333333,3.858612300930076,1473.0,1467.4,1474.6,5,0,0.0,0.0,0.0,0.0,0.0,0
ES,2011-03-10,70,1428.1571428571428,71.23377008133151,1358.5,1259.8,1404.0,6,0,0.0,0.0,0.0,0.0,0.0,0
ES,2011-03-11,56,1388.4642857142858,22.62741699796952,1383.0,1383.0,1421.4,4,0,0.0,0.0,0.0,0.0,0.0,0
ES,2011-03-12,48,1687.625,1.5,1836.5,1835.3,1837.7,4,0,0.0,0.0,0.0,0.0,0.0,0
ES,2011-03-13,60,1450.8,61.602669494827,1340.0,1278.5,1426.4,4,0,0.0,0.0,0.0,0.0,0.0,0
ES,2011-03-14,11,1289.0,14.704496666741854,1331.0,1317.4,1346.2,2,0,0.0,0.0,0.0,0.0,0.0,0
ES,2011-03-15,33,1497.1818181818182,15.640012787718558,1377.5,1355.4,1387.0,5,0,0.0,0.0,0.0,0.0,0.0,0
ES,2011-03-16,21,1568.952380952381,10.470859032996715,1419.0,1405.1,1430.7,4,0,0.0,0.0,0.0,0.0,0.0,0
ES,2011-03-17,63,1568.1746031746031,8.498527266912026,1459.0,1451.6,1474.4,4,1,75.9,0.0,0.0,0.0,0.0,1
ES,2011-03-18,31,1499.3870967741937,6.705221845696084,1445.5,1436.5,1453.0,4,0,0.0,0.0,0.0,0.0,0.0,0
ES,2011-03-19,59,1584.9830508474577,8.341662504161466,1451.5,1440.5,1459.5,5,0,0.0,0.0,0.0,0.0,0.0,0
ES,2011-03-20,63,1580.904761904762,6.181423784210237,1449.5,1439.9,1458.0,9,0,0.0,0.0,0.0,0.0,0.0,0
ES,2011-03-21,88,1451.6818181818182,10.39868516021254,1442.5,1434.0,1461.3,6,1,64.74,0.0,0.0,0.0,0.0,1
ES,2011-03-22,55,1432.6727272727271,2.664965443739661,1431.0,1427.2,1433.2,5,0,0.0,0.0,0.0,0.0,0.0,0
ES,2011-03-23,43,1412.7441860465117,8.936407275857563,1408.0,1397.2,1417.9,6,0,0.0,0.0,0.0,0.0,0.0,0
ES,2011-03-24,46,1612.5217391304348,7.187952884282608,1408.0,1405.0,1420.0,4,0,0.0,0.0,0.0,0.0,0.0,0
ES,2011-03-25,55,1317.2181818181818,6.029873547596169,1403.5,1398.2,1411.1,5,0,0.0,0.0,0.0,0.0,0.0,0
ES,2011-03-26,66,1558.5606060606062,52.67088590694315,1520.0,1457.6,1560.0,6,0,0.0,0.0,0.0,0.0,0.0,0
ES,2011-03-27,27,1597.7407407407406,5.993193418115151,1420.0,1414.4,1429.0,8,0,0.0,0.0,0.0,0.0,0.0,0
ES,2011-03-28,41,1366.219512195122,7.699607172920185,1406.0,1395.0,1414.0,5,0,0.0,0.0,0.0,0.0,0.0,0
ES,2011-03-29,72,1483.9166666666667,6.099180272790763,1425.0,1419.7,1433.5,7,0,0.0,0.0,0.0,0.0,0.0,0
ES,2011-03-30,61,1457.229508196721,8.193644028705165,1456.0,1442.6,1463.6,9,0,0.0,0.0,0.0,0.0,0.0,0
ES,2011-03-31,25,1492.68,7.566372975210778,1464.5,1458.5,1476.2,6,0,0.0,0.0,0.0,0.0,0.0,0
ES,2011-04-01,41,1507.8780487804877,50.529075788104414,1391.5,1361.2,1463.1,6,0,0.0,0.0,0.0,0.0,0.0,0
ES,2011-04-02,25,1406.08,13.324212023184757,1432.0,1414.6,1447.6,3,0,0.0,0.0,0.0,0.0,0.0,0
ES,2011-04-03,62,1559.629032258065,7.58968416899702,1412.0,1399.0,1418.0,8,0,0.0,0.0,0.0,0.0,0.0,0
ES,2011-04-04,68,1495.1176470588234,7.302491964315257,1398.5,1391.3,1406.7,6,0,0.0,0.0,0.0,0.0,0.0,0
ES,2011-04-05,38,1579.3684210526317,9.011652264885162,1377.0,1362.4,1383.6,5,0,0.0,0.0,0.0,0.0,0.0,0
ES,2011-04-06,45,1429.4888888888888,0.0,1480.0,1480.0,1480.0,7,0,0.0,0.0,0.0,0.0,0.0,0
ES,2011-04-07,42,1579.3809523809523,15.824348327814322,1385.5,1364.8,1402.5,6,0,0.0,0.0,0.0,0.0,0.0,0
ES,2011-04-08,47,1430.978723404255,5.521341059977342,1405.0,1397.4,1412.8,4,0,0.0,0.0,0.0,0.0,0.0,0
ES,2011-04-09,84,1409.9166666666667,0.0,1073.0,1073.0,1073.0,6,0,0.0,0.0,0.0,0.0,0.0,0
ES,2011-04-10,56,1458.196428571429,5.468164815208207,1400.0,1393.0,1408.0,5,0,0.0,0.0,0.0,0.0,0.0,0
ES,2011-04-11,58,1499.6206896551723,12.98015311928176,1391.5,1369.0,1400.5,6,0,0.0,0.0,0.0,0.0,0.0,0
ES,2011-04-12,55,1460.8727272727272,10.213113742032462,1400.0,1380.8,1403.8,6,0,0.0,0.0,0.0,0.0,0.0,0
ES,2011-04-13,37,1594.5945945945944,6.390579486465959,1404.0,1394.6,1410.8,6,1,100.0,0.0,0.0,0.0,0.0,1
ES,2011-04-14,53,1576.132075471698,7.570575240195136,1413.0,1407.4,1425.6,5,0,0.0,0.0,0.0,0.0,0.0,0
ES,2011-04-15,35,1500.571428571429,0.0,2104.0,2104.0,2104.0,4,0,0.0,0.0,0.0,0.0,0.0,0
ES,2011-04-16,52,1504.7115384615386,19.67645528601003,1447.0,1424.6,1472.0,6,0,0.0,0.0,0.0,0.0,0.0,0
ES,2011-04-17,47,1577.8297872340424,11.8734827172458,1443.0,1429.0,1456.2,6,0,0.0,0.0,0.0,0.0,0.0,0
ES,2011-04-18,70,1561.8142857142857,8.263776376451629,1418.0,1407.5,1425.7,8,0,0.0,0.0,0.0,0.0,0.0,0
ES,2011-04-19,59,1521.0677966101696,16.423382720986563,1403.5,1379.0,1421.3,6,0,0.0,0.0,0.0,0.0,0.0,0
ES,2011-04-20,47,1468.106382978723,10.556698231503088,1431.5,1418.4,1443.0,4,0,0.0,0.0,0.0,0.0,0.0,0
ES,2011-04-21,35,1592.4,0.0,1200.0,1200.0,1200.0,6,0,0.0,0.0,0.0,0.0,0.0,0
ES,2011-04-22,60,1685.8,13.579559349734586,1460.0,1443.2,1478.6,6,0,0.0,0.0,0.0,0.0,0.0,0
ES,2011-04-23,55,1429.3272727272729,7.565914059487826,1443.5,1432.2,1450.7,6,0,0.0,0.0,0.0,0.0,0.0,0
ES,2011-04-24,96,1620.8124999999998,5.397759022884942,1440.0,1432.8,1446.2,7,0,0.0,0.0,0.0,0.0,0.0,0
ES,2011-04-25,41,1415.0243902439024,17.904189453868053,1412.0,1385.7,1429.2,5,0,0.0,0.0,0.0,0.0,0.0,0
ES,2011-04-26,54,1492.8333333333333,7.097417370659087,1392.0,1385.8,1402.4,4,0,0.0,0.0,0.0,0.0,0.0,0
ES,2011-04-27,66,1504.8333333333333,7.353664997053435,1402.0,1395.1,1410.5,5,0,0.0,0.0,0.0,0.0,0.0,0
ES,2011-04-28,26,1469.5,6.632071697441154,1416.0,1407.9,1424.0,3,0,0.0,0.0,0.0,0.0,0.0,0
ES,2011-04-29,34,1543.6764705882354,11.513966674062791,1412.0,1401.0,1429.0,4,0,0.0,0.0,0.0,0.0,0.0,0
ES,2011-04-30,34,1640.735294117647,0.0,1430.0,1430.0,1430.0,5,0,0.0,0.0,0.0,0.0,0.0,0
ES,2011-05-01,36,1508.5833333333333,18.08250655077612,1469.0,1443.6,1490.8,3,0,0.0,0.0,0.0,0.0,0.0,0
ES,2011-05-02,28,1566.642857142857,13.274639975607416,1471.0,1449.4,1482.6,4,0,0.0,0.0,0.0,0.0,0.0,0
ES,2011-05-03,60,1456.05,6.108645967442831,1421.0,1412.2,1428.0,5,0,0.0,0.0,0.0,0.0,0.0,0
ES,2011-05-04,30,1526.9666666666667,9.785685320313986,1441.0,1423.0,1449.0,3,0,0.0,0.0,0.0,0.0,0.0,0
ES,2011-05-05,38,1419.8157894736842,14.729026270464493,1397.5,1374.6,1415.9,5,0,0.0,0.0,0.0,0.0,0.0,0
ES,2011-05-06,29,1407.8275862068965,7.522869982847501,1360.0,1348.6,1370.4,3,0,0.0,0.0,0.0,0.0,0.0,0
ES,2011-05-07,101,1427.049504950495,10.52114273472442,1368.0,1354.7,1380.2,7,0,0.0,0.0,0.0,0.0,0.0,0
ES,2011-05-08,81,1479.3333333333333,100.08954324337115,1576.0,1405.5,1610.0,8,0,0.0,0.0,0.0,0.0,0.0,0
ES,2011-05-09,53,1430.4716981132076,31.47838764754143,1545.0,1502.6,1562.6,6,0,0.0,0.0,0.0,0.0,0.0,0
ES,2011-05-10,47,1477.723404255319,5.89915248150105,1363.0,1356.6,1369.0,6,0,0.0,0.0,0.0,0.0,0.0,0
ES,2011-05-11,41,1465.2682926829268,9.246954787361414,1353.0,1337.4,1359.2,5,0,0.0,0.0,0.0,0.0,0.0,0
ES,2011-05-12,51,1405.470588235294,7.329965556653619,1328.0,1322.8,1338.4,6,0,0.0,0.0,0.0,0.0,0.0,0
ES,2011-05-13,63,1477.888888888889,37.90549652315171,1547.0,1512.4,1601.4,4,0,0.0,0.0,0.0,0.0,0.0,0
ES,2011-05-14,76,1454.8684210526317,36.341128774483145,1581.0,1529.0,1626.8,5,0,0.0,0.0,0.0,0.0,0.0,0
ES,2011-05-15,117,1562.4358974358972,189.03284793918755,1538.0,1200.0,1576.6,9,0,0.0,0.0,0.0,0.0,0.0,0
ES,2011-05-16,50,1479.02,18.929694486000912,1564.0,1545.5,1585.5,6,0,0.0,0.0,0.0,0.0,0.0,0
ES,2011-05-17,40,1497.7,20.328602449807683,1572.0,1556.0,1606.4,4,0,0.0,0.0,0.0,0.0,0.0,0
ES,2011-05-18,57,1523.6140350877192,11.284119856982446,1551.5,1538.5,1568.0,5,0,0.0,0.0,0.0,0.0,0.0,0
ES,2011-05-19,33,1581.3939393939395,10.894556348226914,1542.0,1532.8,1560.6,4,0,0.0,0.0,0.0,0.0,0.0,0
ES,2011-05-20,46,1513.5652173913043,222.9660686485615,1546.0,977.0,1573.0,7,0,0.0,0.0,0.0,0.0,0.0,0
ES,2011-05-21,51,1534.9607843137255,27.22475895210093,1632.0,1605.3,1663.6,6,0,0.0,0.0,0.0,0.0,0.0,0
ES,2011-05-22,64,1573.96875,14.26991948408926,1554.0,1536.6,1572.4,7,0,0.0,0.0,0.0,0.0,0.0,0
ES,2011-05-23,68,1550.470588235294,71.92465193211264,1535.0,1523.8,1549.2,6,0,0.0,0.0,0.0,0.0,0.0,0
ES,2011-05-24,77,1482.5194805194806,0.0,1622.0,1622.0,1622.0,10,0,0.0,0.0,0.0,0.0,0.0,0
ES,2011-05-25,75,1528.0800000000002,38.38691906829142,1335.0,1299.0,1374.2,10,0,0.0,0.0,0.0,0.0,0.0,0
ES,2011-05-26,26,1438.0384615384614,6.97614984548545,1708.0,1702.4,1716.0,3,0,0.0,0.0,0.0,0.0,0.0,0
ES,2011-05-27,65,1449.9692307692308,17.342740877872355,1562.5,1528.4,1573.8,7,0,0.0,0.0,0.0,0.0,0.0,0
ES,2011-05-28,87,1496.344827586207,7.788880963698615,1647.0,1634.2,1647.8,8,0,0.0,0.0,0.0,0.0,0.0,0
ES,2011-05-29,60,1516.6500000000003,5.115939748098373,1823.0,1815.6,1829.2,7,0,0.0,0.0,0.0,0.0,0.0,0
ES,2011-05-30,71,1447.2394366197184,4.5,1549.5,1545.9,1553.1,8,0,0.0,0.0,0.0,0.0,0.0,0
ES,2011-05-31,115,1510.695652173913,10.173494974687902,1619.0,1606.9,1628.3,10,0,0.0,0.0,0.0,0.0,0.0,0
ES,2011-06-01,75,1493.9733333333336,10.111101572034572,1552.0,1538.5,1563.5,10,0,0.0,0.0,0.0,0.0,0.0,0
ES,2011-06-02,52,1435.8461538461538,12.188336865854817,1593.0,1577.7,1605.9,8,0,0.0,0.0,0.0,0.0,0.0,0
ES,2011-06-03,47,1542.531914893617,9.548381937958707,1580.0,1567.4,1588.6,5,0,0.0,0.0,0.0,0.0,0.0,0
ES,2011-06-04,54,1581.8703703703704,10.63426067011713,1588.5,1580.7,1604.7,7,0,0.0,0.0,0.0,0.0,0.0,0
ES,2011-06-05,47,1585.0,10.533692500066175,1634.0,1618.0,1644.0,7,0,0.0,0.0,0.0,0.0,0.0,0
ES,2011-06-06,96,1434.9375,8.257228238447706,1652.0,1642.0,1661.0,11,0,0.0,0.0,0.0,0.0,0.0,0
ES,2011-06-07,92,1448.7934782608695,16.360993208403702,1620.0,1608.1,1649.0,8,0,0.0,0.0,0.0,0.0,0.0,0
ES,2011-06-08,52,1424.9615384615386,0.0,1613.0,1613.0,1613.0,9,0,0.0,0.0,0.0,0.0,0.0,0
ES,2011-06-09,34,1458.1470588235293,11.451588924201255,1634.5,1617.5,1643.5,8,0,0.0,0.0,0.0,0.0,0.0,0
ES,2011-06-10,47,1375.7021276595742,14.168075910299182,1384.0,1364.5,1398.5,6,0,0.0,0.0,0.0,0.0,0.0,0
ES,2011-06-11,18,1443.888888888889,4.5,1452.0,1446.0,1456.5,7,0,0.0,0.0,0.0,0.0,0.0,0
ES,2011-06-12,55,1540.4363636363637,70.76093113434843,1632.0,1562.2,1636.3,9,0,0.0,0.0,0.0,0.0,0.0,0
ES,2011-06-13,72,1582.4583333333333,9.80155089768961,1646.0,1637.2,1662.8,9,0,0.0,0.0,0.0,0.0,0.0,0
ES,2011-06-14,42,1424.5000000000002,8.672362800483493,1649.0,1638.2,1659.2,8,0,0.0,0.0,0.0,0.0,0.0,0
ES,2011-06-15,35,1345.0285714285717,13.809175693477629,1402.0,1387.0,1420.2,6,0,0.0,0.0,0.0,0.0,0.0,0
ES,2011-06-16,72,1495.625,8.5871997764114,1643.0,1630.0,1651.3,8,0,0.0,0.0,0.0,0.0,0.0,0
ES,2011-06-17,34,1517.0588235294117,7.668762439622961,1632.0,1623.0,1641.0,7,0,0.0,0.0,0.0,0.0,0.0,0
ES,2011-06-18,57,1552.59649122807,4.524623986832742,1892.5,1888.0,1898.0,9,0,0.0,0.0,0.0,0.0,0.0,0
ES,2011-06-19,85,1521.7176470588238,0.0,1638.0,1638.0,1638.0,9,0,0.0,0.0,0.0,0.0,0.0,0
ES,2011-06-20,68,1623.4264705882354,11.817254334235171,1913.0,1894.7,1925.1,6,0,0.0,0.0,0.0,0.0,0.0,0
ES,2011-06-21,53,1518.2830188679245,10.113226179118117,1647.0,1634.5,1659.5,7,0,0.0,0.0,0.0,0.0,0.0,0
ES,2011-06-22,56,1636.267857142857,12.14495780149112,1663.0,1651.9,1680.8,6,0,0.0,0.0,0.0,0.0,0.0,0
ES,2011-06-23,52,1525.1153846153843,11.735984548955972,1672.0,1654.6,1681.0,5,0,0.0,0.0,0.0,0.0,0.0,0
ES,2011-06-24,60,1570.6166666666666,10.734727523323542,1650.5,1638.5,1666.5,8,0,0.0,0.0,0.0,0.0,0.0,0
ES,2011-06-25,43,1536.3720930232555,7.085483867221283,1624.5,1619.0,1632.4,7,0,0.0,0.0,0.0,0.0,0.0,0
ES,2011-06-26,69,1476.5797101449275,6.529931086925803,1619.0,1612.3,1624.7,7,0,0.0,0.0,0.0,0.0,0.0,0
ES,2011-06-27,33,1428.6969696969695,12.237646832622683,1616.5,1599.7,1629.6,8,0,0.0,0.0,0.0,0.0,0.0,0
ES,2011-06-28,36,1228.8055555555554,5.927806414592913,1333.0,1328.5,1341.0,4,0,0.0,0.0,0.0,0.0,0.0,0
ES,2011-06-29,58,1475.3275862068965,73.0,951.0,892.6,1009.4,7,0,0.0,0.0,0.0,0.0,0.0,0
ES,2011-06-30,26,1391.0384615384614,1.0,2140.0,2139.2,2140.8,5,0,0.0,0.0,0.0,0.0,0.0,0
ES,2011-07-01,22,1482.3636363636365,5.5901699437494745,1373.5,1367.5,1379.5,8,0,0.0,0.0,0.0,0.0,0.0,0
ES,2011-07-02,47,1396.1276595744685,3.709447398198282,1366.0,1362.2,1370.4,8,0,0.0,0.0,0.0,0.0,0.0,0
ES,2011-07-03,63,1487.809523809524,17.93893964412489,1796.5,1790.5,1821.5,5,0,0.0,0.0,0.0,0.0,0.0,0
ES,2011-07-04,43,1416.093023255814,0.0,1200.0,1200.0,1200.0,7,0,0.0,0.0,0.0,0.0,0.0,0
ES,2011-07-05,71,1417.4647887323945,19.91632496220124,1441.0,1421.9,1474.0,5,0,0.0,0.0,0.0,0.0,0.0,0
ES,2011-07-06,16,1538.5625,5.312459150169742,1784.0,1778.4,1788.8,4,1,62.35,0.0,0.0,0.0,0.0,1
ES,2011-07-07,33,1428.7272727272727,10.737318100903968,1477.5,1465.8,1492.7,7,0,0.0,0.0,0.0,0.0,0.0,0
ES,2011-07-08,40,1416.4,4.5,1366.5,1362.9,1370.1,5,0,0.0,0.0,0.0,0.0,0.0,0
ES,2011-07-09,33,1466.2727272727273,0.0,1411.0,1411.0,1411.0,6,0,0.0,0.0,0.0,0.0,0.0,0
ES,2011-07-10,57,1454.842105263158,6.868377040801064,1393.0,1383.0,1399.0,6,0,0.0,0.0,0.0,0.0,0.0,0
ES,2011-07-11,73,1437.849315068493,2.0,1929.0,1927.4,1930.6,8,0,0.0,0.0,0.0,0.0,0.0,0
ES,2011-07-12,105,1384.4095238095238,15.157375490038897,1425.5,1414.1,1452.9,7,0,0.0,0.0,0.0,0.0,0.0,0
ES,2011-07-13,71,1433.8309859154929,11.852049374693191,1364.0,1346.4,1378.7,7,0,0.0,0.0,0.0,0.0,0.0,0
ES,2011-07-14,54,1404.3703703703704,15.806940722353582,1347.5,1323.0,1366.0,5,0,0.0,0.0,0.0,0.0,0.0,0
ES,2011-07-15,6,1474.8333333333333,5.5901699437494745,1319.5,1313.5,1325.5,2,0,0.0,0.0,0.0,0.0,0.0,0
ES,2011-07-16,49,1375.2857142857142,8.587868145817145,1325.0,1317.2,1332.8,6,0,0.0,0.0,0.0,0.0,0.0,0
ES,2011-07-17,71,1405.9718309859152,6.722164829874376,1341.5,1337.0,1350.9,7,0,0.0,0.0,0.0,0.0,0.0,0
ES,2011-07-18,36,1382.0,0.0,1282.0,1282.0,1282.0,7,0,0.0,0.0,0.0,0.0,0.0,0
ES,2011-07-19,70,1370.7285714285715,11.451091651017382,1373.0,1357.2,1383.1,6,0,0.0,0.0,0.0,0.0,0.0,0
ES,2011-07-20,36,1381.0277777777778,6.7638746292343415,1341.0,1332.8,1348.2,7,0,0.0,0.0,0.0,0.0,0.0,0
ES,2011-07-21,75,1353.5866666666666,22.420228961066982,1399.0,1369.4,1424.6,5,0,0.0,0.0,0.0,0.0,0.0,0
ES,2011-07-22,51,1477.7254901960785,14.451714113430508,1340.0,1327.8,1366.1,7,0,0.0,0.0,0.0,0.0,0.0,0
ES,2011-07-23,33,1516.3333333333333,13.41872654994587,1381.0,1365.4,1396.4,7,0,0.0,0.0,0.0,0.0,0.0,0
ES,2011-07-24,65,1333.3076923076924,83.76886188926183,1181.0,1112.5,1274.5,9,0,0.0,0.0,0.0,0.0,0.0,0
ES,2011-07-25,98,1390.1836734693877,21.802776396622846,1225.0,1194.4,1248.6,7,0,0.0,0.0,0.0,0.0,0.0,0
ES,2011-07-26,184,1344.9945652173913,17.868687696638496,1224.0,1202.0,1248.6,9,0,0.0,0.0,0.0,0.0,0.0,0
ES,2011-07-27,58,1228.6206896551723,11.073538905376587,1206.0,1189.6,1218.8,6,0,0.0,0.0,0.0,0.0,0.0,0
ES,2011-07-28,106,1319.688679245283,16.43690588279923,1199.5,1184.4,1223.7,10,0,0.0,0.0,0.0,0.0,0.0,0
ES,2011-07-29,119,1310.050420168067,10.17869674108325,1228.0,1214.0,1240.6,11,1,55.18,0.0,0.0,0.0,0.0,1
ES,2011-07-30,135,1388.459259259259,16.749491172732817,1220.0,1194.4,1237.8,10,0,0.0,0.0,0.0,0.0,0.0,0
ES,2011-07-31,97,1310.505154639175,6.781953845256076,1209.5,1201.1,1216.0,8,0,0.0,0.0,0.0,0.0,0.0,0
ES,2011-08-01,105,1303.952380952381,20.9327670702561,1193.0,1164.6,1217.4,11,0,0.0,0.0,0.0,0.0,0.0,0
ES,2011-08-02,137,1367.3795620437957,77.68590986604954,1186.0,1049.6,1191.0,8,0,0.0,0.0,0.0,0.0,0.0,0
ES,2011-08-03,160,1313.74375,111.23945541581492,1190.0,942.0,1205.0,9,0,0.0,0.0,0.0,0.0,0.0,0
ES,2011-08-04,135,1227.8296296296296,20.703636550873227,1150.0,1124.0,1182.2,9,0,0.0,0.0,0.0,0.0,0.0,0
ES,2011-08-05,101,1261.871287128713,57.42611729986041,1186.0,1077.8,1231.2,9,0,0.0,0.0,0.0,0.0,0.0,0
ES,2011-08-06,52,1309.6153846153843,56.33979800732492,1214.0,1119.9,1239.4,7,0,0.0,0.0,0.0,0.0,0.0,0
ES,2011-08-07,166,1248.487951807229,40.52024508093618,1218.0,1145.0,1250.4,9,0,0.0,0.0,0.0,0.0,0.0,0
ES,2011-08-08,157,1277.031847133758,41.71945521920178,1205.0,1143.0,1259.5,9,0,0.0,0.0,0.0,0.0,0.0,0
ES,2011-08-09,107,1338.8785046728974,42.06243292878919,1281.0,1199.6,1300.8,10,0,0.0,0.0,0.0,0.0,0.0,0
ES,2011-08-10,126,1444.4603174603174,49.1821868159601,1207.5,1147.9,1291.4,10,0,0.0,0.0,0.0,0.0,0.0,0
ES,2011-08-11,95,1347.3052631578948,9.743217176956293,1290.0,1277.0,1303.0,8,0,0.0,0.0,0.0,0.0,0.0,0
ES,2011-08-12,175,1326.6114285714286,24.295424877560546,1249.0,1209.0,1275.0,11,0,0.0,0.0,0.0,0.0,0.0,0
ES,2011-08-13,96,1379.510416666666,24.81835242887712,1203.0,1171.9,1235.4,7,0,0.0,0.0,0.0,0.0,0.0,0
ES,2011-08-14,120,1403.6583333333333,27.44833383243688,1272.0,1257.0,1296.0,6,0,0.0,0.0,0.0,0.0,0.0,0
ES,2011-08-15,147,1470.0,35.51033037645667,1284.0,1216.0,1303.6,5,0,0.0,0.0,0.0,0.0,0.0,0
ES,2011-08-16,176,1321.659090909091,23.51643525861705,1259.5,1220.1,1288.4,7,0,0.0,0.0,0.0,0.0,0.0,0
ES,2011-08-17,123,1443.9674796747968,43.61794940393325,1295.5,1241.7,1312.2,6,0,0.0,0.0,0.0,0.0,0.0,0
ES,2011-08-18,62,1427.8387096774193,20.675286107362616,1296.0,1289.4,1308.0,6,0,0.0,0.0,0.0,0.0,0.0,0
ES,2011-08-19,82,1369.1829268292684,9.306767266619344,1272.0,1264.8,1287.0,7,0,0.0,0.0,0.0,0.0,0.0,0
ES,2011-08-20,102,1239.3529411764705,12.120395176674492,1259.5,1244.6,1275.7,7,0,0.0,0.0,0.0,0.0,0.0,0
ES,2011-08-21,135,1402.666666666667,11.737541332971308,1265.0,1247.0,1277.0,7,0,0.0,0.0,0.0,0.0,0.0,0
ES,2011-08-22,109,1188.1834862385322,17.713577654819858,1298.0,1269.4,1314.4,6,0,0.0,0.0,0.0,0.0,0.0,0
ES,2011-08-23,136,1333.735294117647,14.30617582258329,1942.0,1926.8,1954.8,8,0,0.0,0.0,0.0,0.0,0.0,0
ES,2011-08-24,156,1232.2051282051282,23.17805475492329,1289.0,1249.6,1307.3,6,0,0.0,0.0,0.0,0.0,0.0,0
ES,2011-08-25,190,1220.0473684210529,16.620652627078154,1231.5,1216.0,1260.4,7,0,0.0,0.0,0.0,0.0,0.0,0
ES,2011-08-26,123,1330.341463414634,18.832936737876,1282.0,1265.2,1311.2,7,0,0.0,0.0,0.0,0.0,0.0,0
ES,2011-08-27,190,1165.2052631578945,10.90748432433961,1301.0,1292.4,1317.8,8,0,0.0,0.0,0.0,0.0,0.0,0
ES,2011-08-28,140,1268.45,11.140480320389718,1296.0,1279.0,1305.0,9,0,0.0,0.0,0.0,0.0,0.0,0
ES,2011-08-29,155,1205.7548387096776,14.659799528718745,1271.0,1243.1,1284.0,8,0,0.0,0.0,0.0,0.0,0.0,0
ES,2011-08-30,215,1201.125581395349,18.512788967566607,1221.0,1192.8,1243.0,8,0,0.0,0.0,0.0,0.0,0.0,0
ES,2011-08-31,158,1332.487341772152,23.48753076428746,1260.0,1218.0,1277.0,6,0,0.0,0.0,0.0,0.0,0.0,0
ES,2011-09-01,122,1415.426229508197,14.114729396538214,1284.5,1266.0,1301.0,7,0,0.0,0.0,0.0,0.0,0.0,0
ES,2011-09-02,100,1417.7,26.54660472117333,1333.0,1313.5,1358.5,8,0,0.0,0.0,0.0,0.0,0.0,0
ES,2011-09-03,98,1414.3979591836735,16.067440049920382,1328.5,1309.9,1354.1,8,0,0.0,0.0,0.0,0.0,0.0,0
ES,2011-09-04,93,1450.8172043010752,7.04310811366874,1347.0,1340.1,1353.0,8,0,0.0,0.0,0.0,0.0,0.0,0
ES,2011-09-05,94,1429.4468085106382,11.218126620938182,1364.0,1348.0,1374.4,5,0,0.0,0.0,0.0,0.0,0.0,0
ES,2011-09-06,114,1431.578947368421,26.24027010432494,1367.5,1350.5,1416.0,7,0,0.0,0.0,0.0,0.0,0.0,0
ES,2011-09-07,65,1253.4,83.94310242327505,1396.0,1232.7,1408.2,7,0,0.0,0.0,0.0,0.0,0.0,0
ES,2011-09-08,89,1349.8202247191011,77.08898765803445,1387.0,1223.0,1397.0,7,0,0.0,0.0,0.0,0.0,0.0,0
ES,2011-09-09,106,1288.7358490566037,15.648482354528824,1375.5,1368.0,1404.5,11,0,0.0,0.0,0.0,0.0,0.0,0
ES,2011-09-10,142,1234.8591549295777,10.389578111421722,1348.0,1336.9,1365.1,7,0,0.0,0.0,0.0,0.0,0.0,0
ES,2011-09-11,130,1339.0307692307692,11.431559267802353,1354.0,1338.0,1366.0,8,0,0.0,0.0,0.0,0.0,0.0,0
ES,2011-09-12,131,1314.1603053435117,31.22880377560432,1318.0,1269.5,1356.0,8,0,0.0,0.0,0.0,0.0,0.0,0
ES,2011-09-13,202,1322.3168316831684,16.903957390623383,1256.0,1236.4,1275.2,9,0,0.0,0.0,0.0,0.0,0.0,0
ES,2011-09-14,125,1364.768,11.420692720768834,1284.5,1265.0,1296.1,9,0,0.0,0.0,0.0,0.0,0.0,0
ES,2011-09-15,94,1326.351063829787,17.700809048035193,1297.0,1276.4,1325.6,7,0,0.0,0.0,0.0,0.0,0.0,0
ES,2011-09-16,112,1370.419642857143,17.09385159020259,1293.0,1259.2,1303.6,8,0,0.0,0.0,0.0,0.0,0.0,0
ES,2011-09-17,109,1371.201834862385,11.32352516764202,1287.0,1277.2,1303.0,10,0,0.0,0.0,0.0,0.0,0.0,0
ES,2011-09-18,52,1374.7115384615386,10.306416555826871,1286.0,1272.3,1299.6,7,0,0.0,0.0,0.0,0.0,0.0,0
ES,2011-09-19,84,1346.2261904761904,12.374469685606734,1294.0,1285.7,1316.3,9,0,0.0,0.0,0.0,0.0,0.0,0
ES,2011-09-20,139,1334.460431654676,24.972855972581893,1311.0,1269.4,1328.6,8,0,0.0,0.0,0.0,0.0,0.0,0
ES,2011-09-21,91,1339.1208791208792,16.638708218403554,1250.0,1236.2,1278.2,6,0,0.0,0.0,0.0,0.0,0.0,0
ES,2011-09-22,142,1350.2535211267605,17.91303253762125,1274.0,1247.4,1293.4,8,0,0.0,0.0,0.0,0.0,0.0,0
ES,2011-09-23,128,1335.0937499999995,23.592969238768724,1338.0,1292.0,1355.0,10,0,0.0,0.0,0.0,0.0,0.0,0
ES,2011-09-24,48,1406.0416666666667,9.386731414267622,1337.0,1328.2,1348.6,6,0,0.0,0.0,0.0,0.0,0.0,0
ES,2011-09-25,84,1488.8809523809523,11.083865345894324,1357.0,1341.0,1367.8,6,0,0.0,0.0,0.0,0.0,0.0,0
ES,2011-09-26,130,1402.6076923076923,35.87653038583792,1352.0,1339.6,1368.7,9,0,0.0,0.0,0.0,0.0,0.0,0
ES,2011-09-27,141,1436.5531914893618,8.344620455226316,1328.0,1319.4,1341.8,10,0,0.0,0.0,0.0,0.0,0.0,0
ES,2011-09-28,79,1616.5696202531649,3.5,1470.5,1467.7,1473.3,6,0,0.0,0.0,0.0,0.0,0.0,0
ES,2011-09-29,74,1583.5945945945946,0.0,1359.0,1359.0,1359.0,9,0,0.0,0.0,0.0,0.0,0.0,0
ES,2011-09-30,153,1401.3071895424832,15.75594604060483,1345.0,1313.0,1356.2,11,0,0.0,0.0,0.0,0.0,0.0,0
ES,2011-10-01,86,1498.1162790697674,8.689073598491383,1363.0,1356.5,1375.7,10,0,0.0,0.0,0.0,0.0,0.0,0
ES,2011-10-02,70,1419.4857142857145,8.86433239950358,1407.5,1395.2,1416.9,7,0,0.0,0.0,0.0,0.0,0.0,0
ES,2011-10-03,36,1531.111111111111,0.0,1400.0,1400.0,1400.0,9,0,0.0,0.0,0.0,0.0,0.0,0
ES,2011-10-04,49,1598.6734693877552,16.5,1429.5,1416.3,1442.7,4,0,0.0,0.0,0.0,0.0,0.0,0
ES,2011-10-05,65,1530.8307692307692,8.18535277187245,1398.5,1386.5,1406.0,7,0,0.0,0.0,0.0,0.0,0.0,0
ES,2011-10-06,79,1445.7468354430378,7.212248534654074,1385.0,1378.0,1393.0,7,0,0.0,0.0,0.0,0.0,0.0,0
ES,2011-10-07,118,1463.677966101695,10.906674816622871,1380.5,1366.6,1390.1,10,0,0.0,0.0,0.0,0.0,0.0,0
ES,2011-10-08,62,1447.5806451612905,9.633790393991967,1335.0,1327.0,1346.0,10,0,0.0,0.0,0.0,0.0,0.0,0
ES,2011-10-09,100,1388.71,7.34939490313161,1331.0,1321.0,1340.0,9,0,0.0,0.0,0.0,0.0,0.0,0
ES,2011-10-10,144,1398.6875000000002,17.755989072112936,1331.5,1303.1,1348.8,9,0,0.0,0.0,0.0,0.0,0.0,0
ES,2011-10-11,154,1366.0389610389611,11.307449667133676,1303.0,1290.6,1318.4,8,0,0.0,0.0,0.0,0.0,0.0,0
ES,2011-10-12,176,1366.6136363636365,15.97621150420384,1280.5,1269.1,1309.0,8,0,0.0,0.0,0.0,0.0,0.0,0
ES,2011-10-13,182,1285.0164835164835,19.319593862531686,1248.0,1215.4,1264.8,11,0,0.0,0.0,0.0,0.0,0.0,0
ES,2011-10-14,169,1258.1005917159764,29.084591614594743,1249.0,1212.8,1285.8,11,0,0.0,0.0,0.0,0.0,0.0,0
ES,2011-10-15,78,1428.1410256410256,9.931168066927158,1282.0,1266.0,1290.0,7,0,0.0,0.0,0.0,0.0,0.0,0
ES,2011-10-16,68,1422.985294117647,0.0,1182.0,1182.0,1182.0,7,0,0.0,0.0,0.0,0.0,0.0,0
ES,2011-10-17,104,1348.3653846153843,9.55908894583998,1282.0,1265.2,1291.0,9,0,0.0,0.0,0.0,0.0,0.0,0
ES,2011-10-18,87,1257.0689655172414,8.143248737451165,1302.5,1293.5,1311.5,10,0,0.0,0.0,0.0,0.0,0.0,0
ES,2011-10-19,92,1321.782608695652,5.280993172584953,1282.5,1276.0,1288.5,12,0,0.0,0.0,0.0,0.0,0.0,0
ES,2011-10-20,101,1284.7623762376238,7.489325737341113,1286.0,1278.8,1299.1,11,0,0.0,0.0,0.0,0.0,0.0,0
ES,2011-10-21,59,1320.6440677966102,6.267691011631313,1315.0,1305.8,1322.2,10,0,0.0,0.0,0.0,0.0,0.0,0
ES,2011-10-22,26,1294.7692307692307,0.0,1171.0,1171.0,1171.0,5,0,0.0,0.0,0.0,0.0,0.0,0
ES,2011-10-23,93,1392.268817204301,7.233348438993466,1309.0,1297.8,1317.8,12,0,0.0,0.0,0.0,0.0,0.0,0
ES,2011-10-24,116,1317.9913793103449,13.032022099428776,1287.0,1270.0,1302.0,12,0,0.0,0.0,0.0,0.0,0.0,0
ES,2011-10-25,73,1263.1917808219175,6.479535091347218,1278.5,1269.8,1285.9,13,0,0.0,0.0,0.0,0.0,0.0,0
ES,2011-10-26,117,1280.6581196581196,14.689397310706813,1301.0,1274.8,1311.4,13,0,0.0,0.0,0.0,0.0,0.0,0
ES,2011-10-27,127,1296.5039370078741,63.671413435614014,1288.5,1224.5,1376.7,12,0,0.0,0.0,0.0,0.0,0.0,0
ES,2011-10-28,111,1298.63963963964,56.79577449071366,1251.5,1224.5,1374.1,12,0,0.0,0.0,0.0,0.0,0.0,0
ES,2011-10-29,67,1380.3731343283582,17.72681584492827,1577.0,1559.0,1599.0,10,0,0.0,0.0,0.0,0.0,0.0,0
ES,2011-10-30,194,1305.6546391752574,22.825750197965903,1318.0,1304.0,1361.0,11,0,0.0,0.0,0.0,0.0,0.0,0
ES,2011-10-31,173,1263.8439306358382,24.11076292631341,1282.0,1259.3,1324.3,10,0,0.0,0.0,0.0,0.0,0.0,0
ES,2011-11-01,163,1355.957055214724,11.62293473536882,1269.0,1253.0,1283.0,12,0,0.0,0.0,0.0,0.0,0.0,0
ES,2011-11-02,116,1284.6637931034484,18.80717948018788,1313.0,1285.9,1335.1,7,0,0.0,0.0,0.0,0.0,0.0,0
ES,2011-11-03,99,1323.606060606061,16.606530628163494,1364.0,1350.3,1388.9,12,0,0.0,0.0,0.0,0.0,0.0,0
ES,2011-11-04,90,1367.2111111111112,11.7011395456454,1370.5,1360.9,1391.0,10,0,0.0,0.0,0.0,0.0,0.0,0
ES,2011-11-05,78,1210.7435897435898,0.0,1357.0,1357.0,1357.0,10,0,0.0,0.0,0.0,0.0,0.0,0
ES,2011-11-06,167,1224.7964071856288,10.46709128650362,1375.0,1357.4,1383.2,10,0,0.0,0.0,0.0,0.0,0.0,0
ES,2011-11-07,153,1348.614379084967,17.38019302809602,1354.0,1331.5,1377.0,10,0,0.0,0.0,0.0,0.0,0.0,0
ES,2011-11-08,128,1268.484375,11.526676274103384,1312.5,1297.0,1326.6,9,0,0.0,0.0,0.0,0.0,0.0,0
ES,2011-11-09,185,1261.5675675675675,10.488088481701515,1290.0,1272.9,1302.1,10,0,0.0,0.0,0.0,0.0,0.0,0
ES,2011-11-10,36,1253.5277777777778,16.642703861955084,951.0,940.8,979.8,7,0,0.0,0.0,0.0,0.0,0.0,0
ES,2011-11-11,99,1318.909090909091,10.58292322040035,1327.5,1309.1,1335.7,6,0,0.0,0.0,0.0,0.0,0.0,0
ES,2011-11-12,46,1275.2391304347827,72.50619234930271,939.0,928.2,945.4,8,0,0.0,0.0,0.0,0.0,0.0,0
ES,2011-11-13,85,1242.3294117647058,10.393620338938687,1282.0,1274.0,1300.0,9,0,0.0,0.0,0.0,0.0,0.0,0
ES,2011-11-14,102,1250.2843137254902,6.351377803280167,1264.0,1255.8,1271.1,10,0,0.0,0.0,0.0,0.0,0.0,0
ES,2011-11-15,126,1243.984126984127,19.545523784232543,1311.0,1294.7,1345.1,10,0,0.0,0.0,0.0,0.0,0.0,0
ES,2011-11-16,88,1311.5227272727273,54.783637279576894,1347.0,1221.0,1360.6,12,0,0.0,0.0,0.0,0.0,0.0,0
ES,2011-11-17,78,1295.8461538461538,8.71207650381413,1364.0,1352.0,1372.0,8,0,0.0,0.0,0.0,0.0,0.0,0
ES,2011-11-18,93,1330.6881720430108,14.579551674593294,1357.0,1347.6,1385.4,10,0,0.0,0.0,0.0,0.0,0.0,0
ES,2011-11-19,161,1347.8819875776396,12.900861297689476,1389.0,1365.8,1401.0,11,0,0.0,0.0,0.0,0.0,0.0,0
ES,2011-11-20,69,1340.9565217391305,8.749603165604459,1353.0,1344.5,1363.5,8,0,0.0,0.0,0.0,0.0,0.0,0
ES,2011-11-21,141,1351.9929078014184,12.2378127276345,1364.0,1349.4,1381.4,11,0,0.0,0.0,0.0,0.0,0.0,0
ES,2011-11-22,107,1322.018691588785,12.116404426884554,1339.0,1322.0,1351.0,11,0,0.0,0.0,0.0,0.0,0.0,0
ES,2011-11-23,131,1356.6564885496184,36.03746507301657,1342.5,1316.7,1352.0,11,0,0.0,0.0,0.0,0.0,0.0,0
ES,2011-11-24,144,1334.993055555556,15.246337711380638,1359.0,1341.0,1381.0,12,0,0.0,0.0,0.0,0.0,0.0,0
ES,2011-11-25,181,1370.6574585635358,14.058573252024864,1347.0,1328.0,1362.2,14,0,0.0,0.0,0.0,0.0,0.0,0
ES,2011-11-26,70,1314.4857142857138,12.053922687415705,981.0,965.0,996.0,10,0,0.0,0.0,0.0,0.0,0.0,0
ES,2011-11-27,83,1350.710843373494,22.28903363558329,968.5,932.4,988.1,8,0,0.0,0.0,0.0,0.0,0.0,0
ES,2011-11-28,91,1384.5054945054944,8.177453656201283,1352.0,1341.0,1361.0,9,0,0.0,0.0,0.0,0.0,0.0,0
ES,2011-11-29,96,1357.3125000000002,11.113055385446437,1361.0,1345.5,1373.3,11,1,91.07,0.0,0.0,0.0,0.0,1
ES,2011-11-30,146,1336.4794520547946,12.294282207595533,1353.0,1335.4,1365.0,12,0,0.0,0.0,0.0,0.0,0.0,0
ES,2011-12-01,119,1354.2689075630253,8.353283411329942,1393.5,1384.5,1405.0,12,0,0.0,0.0,0.0,0.0,0.0,0
ES,2011-12-02,115,1313.3304347826088,14.777496405007176,1375.0,1356.8,1393.6,11,0,0.0,0.0,0.0,0.0,0.0,0
ES,2011-12-03,97,1437.020618556701,10.906878563548783,1388.0,1376.6,1401.2,12,0,0.0,0.0,0.0,0.0,0.0,0
ES,2011-12-04,119,1342.109243697479,12.0449822425034,1361.0,1351.0,1382.8,10,0,0.0,0.0,0.0,0.0,0.0,0
ES,2011-12-05,162,1390.7345679012346,16.483923173304074,1395.0,1363.5,1406.0,12,0,0.0,0.0,0.0,0.0,0.0,0
ES,2011-12-06,140,1397.2357142857145,14.79924322389493,1416.0,1395.2,1433.4,11,0,0.0,0.0,0.0,0.0,0.0,0
ES,2011-12-07,154,1382.6363636363635,17.222311827723885,1352.0,1335.3,1378.4,9,0,0.0,0.0,0.0,0.0,0.0,0
ES,2011-12-08,177,1362.0056497175142,22.39411529844392,1359.5,1331.9,1391.0,9,0,0.0,0.0,0.0,0.0,0.0,0
ES,2011-12-09,177,1374.8531073446327,9.591971494941138,1370.0,1358.0,1379.9,13,0,0.0,0.0,0.0,0.0,0.0,0
ES,2011-12-10,103,1371.3980582524273,11.18436408563312,1375.0,1360.8,1386.8,8,0,0.0,0.0,0.0,0.0,0.0,0
ES,2011-12-11,116,1316.870689655172,9.89051172701505,1384.0,1378.0,1401.0,12,0,0.0,0.0,0.0,0.0,0.0,0
ES,2011-12-12,110,1397.9090909090912,8.753021456353492,1390.0,1380.4,1401.0,13,0,0.0,0.0,0.0,0.0,0.0,0
ES,2011-12-13,136,1411.389705882353,9.542492718120538,1410.0,1398.6,1424.4,13,0,0.0,0.0,0.0,0.0,0.0,0
ES,2011-12-14,51,1396.0588235294117,0.0,1484.0,1484.0,1484.0,9,0,0.0,0.0,0.0,0.0,0.0,0
ES,2011-12-15,92,1299.6847826086955,9.214408578079604,1424.0,1413.0,1436.0,7,0,0.0,0.0,0.0,0.0,0.0,0
ES,2011-12-16,71,1309.873239436619,8.929896727037528,1415.5,1403.3,1426.4,9,0,0.0,0.0,0.0,0.0,0.0,0
ES,2011-12-17,97,1255.8041237113398,0.0,1504.0,1504.0,1504.0,10,0,0.0,0.0,0.0,0.0,0.0,0
ES,2011-12-18,115,1364.9217391304348,11.737781315226556,1395.0,1382.2,1412.5,12,0,0.0,0.0,0.0,0.0,0.0,0
ES,2011-12-19,134,1311.2164179104475,8.894236224461824,1369.0,1360.0,1381.0,13,0,0.0,0.0,0.0,0.0,0.0,0
ES,2011-12-20,114,1339.8947368421054,11.256311360945263,1328.0,1318.5,1350.9,13,0,0.0,0.0,0.0,0.0,0.0,0
ES,2011-12-21,190,1318.8684210526317,17.35316419827542,1325.0,1315.0,1339.0,11,0,0.0,0.0,0.0,0.0,0.0,0
ES,2011-12-22,123,1352.8292682926829,14.032928308912467,1302.0,1287.0,1320.8,12,0,0.0,0.0,0.0,0.0,0.0,0
ES,2011-12-23,104,1342.9711538461536,14.178583223376805,1302.5,1288.7,1325.2,11,0,0.0,0.0,0.0,0.0,0.0,0
ES,2011-12-24,93,1336.978494623656,67.14754805558087,927.0,902.7,941.2,9,0,0.0,0.0,0.0,0.0,0.0,0
ES,2011-12-25,140,1307.2642857142855,22.771451904791608,1332.0,1310.0,1369.0,11,0,0.0,0.0,0.0,0.0,0.0,0
ES,2011-12-26,137,1369.7372262773722,11.609102744856845,1350.0,1336.0,1362.2,11,0,0.0,0.0,0.0,0.0,0.0,0
ES,2011-12-27,198,1368.409090909091,42.9545494211291,1371.5,1326.7,1401.0,13,0,0.0,0.0,0.0,0.0,0.0,0
ES,2011-12-28,79,1356.113924050633,6.937034595530848,1391.0,1383.8,1401.2,12,0,0.0,0.0,0.0,0.0,0.0,0
ES,2011-12-29,163,1404.9509202453987,41.05770638713628,1386.0,1365.0,1404.7,12,0,0.0,0.0,0.0,0.0,0.0,0
ES,2011-12-30,207,1329.4927536231885,27.766583797311352,1339.0,1294.0,1378.2,8,0,0.0,0.0,0.0,0.0,0.0,0
ES,2011-12-31,96,1358.1770833333333,9.666307464590602,1369.5,1356.2,1379.6,11,0,0.0,0.0,0.0,0.0,0.0,0
ES,2012-01-01,155,1336.7935483870965,22.52803586644872,1319.0,1293.0,1354.1,10,0,0.0,0.0,0.0,0.0,0.0,0
ES,2012-01-02,173,1334.1329479768783,17.20675176313604,1326.0,1296.5,1342.5,12,0,0.0,0.0,0.0,0.0,0.0,0
ES,2012-01-03,186,1310.784946236559,29.78188448525797,1298.0,1260.0,1341.2,13,0,0.0,0.0,0.0,0.0,0.0,0
ES,2012-01-04,181,1371.756906077348,16.451198347942114,1310.5,1298.7,1341.8,14,0,0.0,0.0,0.0,0.0,0.0,0
ES,2012-01-05,116,1363.551724137931,3.872983346207417,1304.0,1299.5,1308.5,14,0,0.0,0.0,0.0,0.0,0.0,0
ES,2012-01-06,74,1313.337837837838,21.29218966476256,924.0,898.8,952.2,10,0,0.0,0.0,0.0,0.0,0.0,0
ES,2012-01-07,44,1442.8636363636365,132.05457100086397,939.5,897.0,1220.3,8,0,0.0,0.0,0.0,0.0,0.0,0
ES,2012-01-08,83,1262.4096385542168,0.0,1498.0,1498.0,1498.0,14,0,0.0,0.0,0.0,0.0,0.0,0
ES,2012-01-09,139,1327.2517985611512,1.0,1485.0,1484.2,1485.8,13,0,0.0,0.0,0.0,0.0,0.0,0
ES,2012-01-10,89,1290.7528089887642,74.5,1420.5,1360.9,1480.1,14,0,0.0,0.0,0.0,0.0,0.0,0
ES,2012-01-11,72,1346.6527777777778,8.029459646963938,968.0,956.0,974.5,10,0,0.0,0.0,0.0,0.0,0.0,0
ES,2012-01-12,127,1162.9842519685037,5.68681314533896,1304.0,1296.0,1310.5,13,0,0.0,0.0,0.0,0.0,0.0,0
ES,2012-01-13,150,1311.5866666666666,13.632194786382623,1336.0,1320.0,1355.0,15,0,0.0,0.0,0.0,0.0,0.0,0
ES,2012-01-14,169,1308.9408284023666,8.270572341978838,1359.0,1347.2,1365.8,16,0,0.0,0.0,0.0,0.0,0.0,0
ES,2012-01-15,152,1301.125,2.5,1505.5,1503.5,1507.5,13,0,0.0,0.0,0.0,0.0,0.0,0
ES,2012-01-16,183,1297.7540983606557,123.52493943420524,1378.0,1360.8,1670.4,19,0,0.0,0.0,0.0,0.0,0.0,0
ES,2012-01-17,216,1333.8055555555557,145.60288178354668,1402.5,1327.0,1652.0,16,0,0.0,0.0,0.0,0.0,0.0,0
ES,2012-01-18,184,1283.260869565217,103.58903175529734,1446.0,1404.0,1652.0,17,0,0.0,0.0,0.0,0.0,0.0,0
ES,2012-01-19,183,1376.7158469945352,172.8294393011886,1468.5,1183.9,1668.7,20,0,0.0,0.0,0.0,0.0,0.0,0
ES,2012-01-20,300,1379.756666666667,200.1004817738389,1446.0,1172.1,1711.0,15,0,0.0,0.0,0.0,0.0,0.0,0
ES,2012-01-21,169,1372.6863905325442,11.72330771864335,1677.0,1662.0,1694.4,13,0,0.0,0.0,0.0,0.0,0.0,0
ES,2012-01-22,131,1344.007633587786,10.79892494859333,1628.0,1613.0,1641.0,17,0,0.0,0.0,0.0,0.0,0.0,0
ES,2012-01-23,175,1329.3657142857146,38.81779053060599,1396.5,1382.1,1415.7,21,0,0.0,0.0,0.0,0.0,0.0,0
ES,2012-01-24,188,1379.946808510638,131.64905734483838,1647.0,1386.6,1683.4,19,0,0.0,0.0,0.0,0.0,0.0,0
ES,2012-01-25,98,1429.1020408163265,9.077092045363427,1696.0,1686.2,1711.2,17,0,0.0,0.0,0.0,0.0,0.0,0
ES,2012-01-26,196,1329.0765306122448,44.12307642152717,1364.0,1308.4,1393.4,18,0,0.0,0.0,0.0,0.0,0.0,0
ES,2012-01-27,156,1347.48717948718,60.70014774700253,1315.5,1299.1,1328.7,18,0,0.0,0.0,0.0,0.0,0.0,0
ES,2012-01-28,140,1361.55,119.02602533477427,1674.0,1389.2,1697.0,20,0,0.0,0.0,0.0,0.0,0.0,0
ES,2012-01-29,169,1350.2307692307693,171.5160041203779,1659.5,1322.3,1706.7,18,0,0.0,0.0,0.0,0.0,0.0,0
ES,2012-01-30,207,1344.555555555556,161.98454078396324,1363.0,1350.8,1721.0,19,0,0.0,0.0,0.0,0.0,0.0,0
ES,2012-01-31,165,1342.2666666666664,14.996142754744008,1353.5,1339.2,1378.8,17,0,0.0,0.0,0.0,0.0,0.0,0
ES,2012-02-01,203,1347.9852216748768,80.62912116462192,1332.0,1318.2,1358.0,18,0,0.0,0.0,0.0,0.0,0.0,0
ES,2012-02-02,192,1328.8593749999998,148.34033259015965,1311.0,1253.5,1684.5,16,0,0.0,0.0,0.0,0.0,0.0,0
ES,2012-02-03,225,1340.4488888888889,131.25424947229388,1301.0,1278.0,1672.0,19,0,0.0,0.0,0.0,0.0,0.0,0
ES,2012-02-04,156,1437.551282051282,8.117932399711208,1696.0,1683.0,1704.0,19,0,0.0,0.0,0.0,0.0,0.0,0
ES,2012-02-05,124,1327.887096774193,6.732184938754042,1701.0,1693.0,1709.0,17,0,0.0,0.0,0.0,0.0,0.0,0
ES,2012-02-06,173,1366.35838150289,201.25368457634647,1310.0,1291.7,1709.2,18,0,0.0,0.0,0.0,0.0,0.0,0
ES,2012-02-07,231,1324.2207792207794,127.68043075452408,1298.0,1272.4,1482.7999999999995,17,0,0.0,0.0,0.0,0.0,0.0,0
ES,2012-02-08,154,1399.909090909091,168.63671650921532,1346.5,1322.0,1734.5,18,0,0.0,0.0,0.0,0.0,0.0,0
ES,2012-02-09,135,1351.6000000000004,10.601886624558858,1360.0,1343.0,1367.6,15,0,0.0,0.0,0.0,0.0,0.0,0
ES,2012-02-10,195,1387.697435897436,15.631831839764228,1370.5,1354.0,1396.0,15,0,0.0,0.0,0.0,0.0,0.0,0
ES,2012-02-11,160,1292.4187500000005,7.563537571250372,1037.0,1027.2,1045.4,15,0,0.0,0.0,0.0,0.0,0.0,0
ES,2012-02-12,123,1412.7317073170732,8.133879763065101,1026.0,1020.8,1038.4,12,0,0.0,0.0,0.0,0.0,0.0,0
ES,2012-02-13,135,1426.7555555555557,24.312371598476,1395.0,1379.8,1441.0,19,0,0.0,0.0,0.0,0.0,0.0,0
ES,2012-02-14,277,1358.1660649819491,28.72020648283481,1416.5,1373.1,1448.0,17,0,0.0,0.0,0.0,0.0,0.0,0
ES,2012-02-15,187,1367.7860962566842,138.8505831066825,1395.5,1382.0,1735.0,16,0,0.0,0.0,0.0,0.0,0.0,0
ES,2012-02-16,203,1384.6600985221676,137.094562942238,1369.0,1321.0,1712.8,19,0,0.0,0.0,0.0,0.0,0.0,0
ES,2012-02-17,204,1496.063725490196,158.34181960536358,1372.5,1353.1,1737.3,19,0,0.0,0.0,0.0,0.0,0.0,0
ES,2012-02-18,121,1452.280991735537,0.0,1004.0,1004.0,1004.0,16,3,92.13,0.0,0.0,0.0,0.0,1
ES,2012-02-19,187,1347.6631016042782,10.67098039006759,1327.0,1312.0,1340.2,17,6,85.70666666666666,0.0,0.0,0.0,0.0,1
ES,2012-02-20,181,1444.3701657458564,10.555504967603742,1333.0,1313.2,1339.4,17,2,77.08500000000001,0.0,0.0,0.0,0.0,1
ES,2012-02-21,217,1364.0645161290324,144.19997452517535,1673.0,1428.0,1761.2,21,0,0.0,0.0,0.0,0.0,0.0,0
ES,2012-02-22,225,1411.1155555555556,37.81240243329929,1690.0,1656.6,1739.2,19,0,0.0,0.0,0.0,0.0,0.0,0
ES,2012-02-23,192,1468.9791666666667,14.429278624818812,1723.0,1708.0,1735.0,20,0,0.0,0.0,0.0,0.0,0.0,0
ES,2012-02-24,191,1449.130890052356,9.900274344621234,1712.5,1697.7,1725.6,22,0,0.0,0.0,0.0,0.0,0.0,0
ES,2012-02-25,163,1405.0736196319017,6.019966777316964,1702.5,1693.9,1710.2,16,0,0.0,0.0,0.0,0.0,0.0,0
ES,2012-02-26,99,1415.5252525252524,126.56859553222512,1358.5,1345.8,1480.4,18,0,0.0,0.0,0.0,0.0,0.0,0
ES,2012-02-27,180,1393.6555555555558,11.905880899790658,1677.5,1662.2,1689.7,19,0,0.0,0.0,0.0,0.0,0.0,0
ES,2012-02-28,216,1432.4166666666667,68.4236436756361,1616.0,1541.2,1670.4,21,0,0.0,0.0,0.0,0.0,0.0,0
ES,2012-02-29,156,1456.9487179487185,17.801373230424918,1626.5,1606.5,1644.0,21,0,0.0,0.0,0.0,0.0,0.0,0
ES,2012-03-01,235,1392.046808510638,18.10659793801389,1699.0,1675.4,1718.8,20,0,0.0,0.0,0.0,0.0,0.0,0
ES,2012-03-02,215,1402.2883720930229,176.33112790051186,1370.0,1265.6,1735.2,24,0,0.0,0.0,0.0,0.0,0.0,0
ES,2012-03-03,216,1452.097222222222,103.88801769986108,1462.0,1420.4,1725.8,22,1,84.36,0.0,0.0,0.0,0.0,1
ES,2012-03-04,316,1440.1898734177216,116.51967376799507,1706.5,1432.9,1737.1,23,0,0.0,0.0,0.0,0.0,0.0,0
ES,2012-03-05,139,1388.1007194244603,111.10895553464628,1692.0,1469.2,1699.4,19,0,0.0,0.0,0.0,0.0,0.0,0
ES,2012-03-06,270,1407.2703703703703,102.24067466304962,1673.0,1468.4,1687.6,22,0,0.0,0.0,0.0,0.0,0.0,0
ES,2012-03-07,259,1400.4092664092664,106.45447953476524,1667.0,1448.6,1676.4,23,0,0.0,0.0,0.0,0.0,0.0,0
ES,2012-03-08,270,1436.3851851851853,134.76266250935967,1446.0,1430.0,1674.0,20,0,0.0,0.0,0.0,0.0,0.0,0
ES,2012-03-09,281,1416.202846975089,2.943920288775949,1453.0,1449.0,1454.6,21,0,0.0,0.0,0.0,0.0,0.0,0
ES,2012-03-10,279,1405.3835125448031,38.342880311581126,1487.5,1456.6,1503.0,21,0,0.0,0.0,0.0,0.0,0.0,0
ES,2012-03-11,292,1465.558219178082,77.18147181698943,1676.0,1527.0,1686.0,25,0,0.0,0.0,0.0,0.0,0.0,0
ES,2012-03-12,242,1500.190082644628,103.68661234820487,1680.0,1445.8,1700.0,26,0,0.0,0.0,0.0,0.0,0.0,0
ES,2012-03-13,284,1495.1443661971834,99.1935382204474,1541.0,1524.2,1734.6,23,1,49.62,0.0,0.0,0.0,0.0,1
ES,2012-03-14,208,1526.245192307692,102.84724379173004,1750.0,1579.6,1758.0,21,0,0.0,0.0,0.0,0.0,0.0,0
ES,2012-03-15,297,1477.0572390572393,107.41880654708469,1763.0,1548.0,1770.4,25,0,0.0,0.0,0.0,0.0,0.0,0
ES,2012-03-16,318,1453.3333333333333,124.59177786319252,1560.0,1528.2,1780.4,22,0,0.0,0.0,0.0,0.0,0.0,0
ES,2012-03-17,217,1351.2211981566825,108.5,1669.5,1582.7,1756.3,20,0,0.0,0.0,0.0,0.0,0.0,0
ES,2012-03-18,255,1393.9411764705883,110.51158310331094,1655.5,1541.1,1770.4,24,0,0.0,0.0,0.0,0.0,0.0,0
ES,2012-03-19,333,1382.2522522522524,7.335227028221795,1520.0,1512.0,1528.5,23,0,0.0,0.0,0.0,0.0,0.0,0
ES,2012-03-20,250,1431.1279999999997,4.0,1503.0,1499.8,1506.2,23,0,0.0,0.0,0.0,0.0,0.0,0
ES,2012-03-21,265,1506.120754716981,75.26345394678614,1761.0,1715.7,1775.2,25,0,0.0,0.0,0.0,0.0,0.0,0
ES,2012-03-22,328,1494.47256097561,0.0,1785.0,1785.0,1785.0,23,0,0.0,0.0,0.0,0.0,0.0,0
ES,2012-03-23,298,1467.5604026845638,0.0,1522.0,1522.0,1522.0,23,0,0.0,0.0,0.0,0.0,0.0,0
ES,2012-03-24,273,1441.7912087912089,4.740162001711453,1791.0,1782.8,1794.0,23,0,0.0,0.0,0.0,0.0,0.0,0
ES,2012-03-25,250,1391.428,130.1209977230535,1517.0,1508.0,1790.4,25,0,0.0,0.0,0.0,0.0,0.0,0
ES,2012-03-26,350,1397.7171428571428,52.66877632905477,1323.0,1253.4,1354.2,26,0,0.0,0.0,0.0,0.0,0.0,0
ES,2012-03-27,239,1431.3179916317997,62.005376111000785,1447.0,1367.0,1486.2,25,0,0.0,0.0,0.0,0.0,0.0,0
ES,2012-03-28,257,1475.4980544747084,10.5,1532.5,1524.1,1540.9,26,0,0.0,0.0,0.0,0.0,0.0,0
ES,2012-03-29,325,1486.3784615384616,25.635668510885374,1650.5,1616.0,1679.2,25,0,0.0,0.0,0.0,0.0,0.0,0
ES,2012-03-30,235,1456.1489361702127,13.331481352862795,1635.0,1623.8,1653.2,22,0,0.0,0.0,0.0,0.0,0.0,0
ES,2012-03-31,221,1468.1719457013576,23.512961850860048,1589.0,1569.4,1627.0,21,0,0.0,0.0,0.0,0.0,0.0,0
ES,2012-04-01,318,1418.9622641509434,101.3809585939692,1538.0,1496.8,1730.8,23,0,0.0,0.0,0.0,0.0,0.0,0
ES,2012-04-02,435,1426.8344827586207,8.546344247688598,1535.0,1529.8,1548.6,28,0,0.0,0.0,0.0,0.0,0.0,0
ES,2012-04-03,290,1426.9758620689656,10.188501143718616,1542.5,1530.5,1552.5,27,0,0.0,0.0,0.0,0.0,0.0,0
ES,2012-04-04,331,1457.546827794562,68.59854225856407,1588.0,1576.4,1720.8,24,0,0.0,0.0,0.0,0.0,0.0,0
ES,2012-04-05,408,1482.7107843137253,13.102957681378658,1531.0,1515.9,1544.0,25,0,0.0,0.0,0.0,0.0,0.0,0
ES,2012-04-06,325,1502.067692307692,5.024937810560445,1555.5,1550.3,1560.7,25,0,0.0,0.0,0.0,0.0,0.0,0
ES,2012-04-07,282,1503.950354609929,0.0,1537.0,1537.0,1537.0,22,0,0.0,0.0,0.0,0.0,0.0,0
ES,2012-04-08,308,1428.668831168832,4.223742416388575,1528.0,1526.4,1535.6,24,0,0.0,0.0,0.0,0.0,0.0,0
ES,2012-04-09,248,1449.306451612903,54.64397757954929,1739.5,1632.2,1750.4,23,0,0.0,0.0,0.0,0.0,0.0,0
ES,2012-04-10,328,1447.6128048780492,5.8,1541.5,1533.9,1550.0,26,0,0.0,0.0,0.0,0.0,0.0,0
ES,2012-04-11,188,1422.4840425531916,41.53071152773571,1513.0,1478.0,1562.6,21,0,0.0,0.0,0.0,0.0,0.0,0
ES,2012-04-12,193,1370.3056994818653,0.0,1512.0,1512.0,1512.0,27,0,0.0,0.0,0.0,0.0,0.0,0
ES,2012-04-13,295,1377.3661016949154,5.0,1495.0,1489.8,1500.2,26,0,0.0,0.0,0.0,0.0,0.0,0
ES,2012-04-14,295,1394.1728813559323,13.80032205743362,1581.5,1561.5,1593.1,20,0,0.0,0.0,0.0,0.0,0.0,0
ES,2012-04-15,333,1408.4324324324327,3.5,1495.5,1492.7,1498.3,24,0,0.0,0.0,0.0,0.0,0.0,0
ES,2012-04-16,263,1471.380228136882,16.52196134275741,1489.0,1474.0,1513.0,23,0,0.0,0.0,0.0,0.0,0.0,0
ES,2012-04-17,226,1472.8849557522124,3.858612300930075,1529.0,1523.4,1530.6,21,0,0.0,0.0,0.0,0.0,0.0,0
ES,2012-04-18,220,1390.7318181818184,4.6097722286464435,1535.5,1530.8,1540.2,24,0,0.0,0.0,0.0,0.0,0.0,0
ES,2012-04-19,198,1386.60606060606,3.5,1536.5,1533.7,1539.3,24,0,0.0,0.0,0.0,0.0,0.0,0
ES,2012-04-20,250,1407.1759999999997,0.0,1546.0,1546.0,1546.0,22,0,0.0,0.0,0.0,0.0,0.0,0
ES,2012-04-21,142,1425.6760563380283,6.531972647421808,1562.0,1555.6,1568.4,20,0,0.0,0.0,0.0,0.0,0.0,0
ES,2012-04-22,246,1376.8252032520325,4.330127018922194,1574.0,1568.8,1577.8,22,0,0.0,0.0,0.0,0.0,0.0,0
ES,2012-04-23,244,1435.7090163934424,0.0,1576.0,1576.0,1576.0,24,0,0.0,0.0,0.0,0.0,0.0,0
ES,2012-04-24,233,1433.2660944206011,7.842193570679061,1579.5,1568.0,1584.0,24,0,0.0,0.0,0.0,0.0,0.0,0
ES,2012-04-25,187,1431.064171122995,6.128258770283411,1578.0,1571.6,1583.6,18,0,0.0,0.0,0.0,0.0,0.0,0
ES,2012-04-26,259,1394.1660231660237,3.0,1594.0,1591.6,1596.4,24,0,0.0,0.0,0.0,0.0,0.0,0
ES,2012-04-27,309,1417.7734627831717,7.2,1554.0,1545.2,1559.5,19,0,0.0,0.0,0.0,0.0,0.0,0
ES,2012-04-28,288,1410.138888888889,19.759552355684885,1556.0,1522.0,1572.0,23,0,0.0,0.0,0.0,0.0,0.0,0
ES,2012-04-29,197,1375.6091370558377,0.0,1589.0,1589.0,1589.0,20,0,0.0,0.0,0.0,0.0,0.0,0
ES,2012-04-30,253,1465.1185770750988,5.734883511361751,1574.0,1569.2,1580.4,24,0,0.0,0.0,0.0,0.0,0.0,0
ES,2012-05-01,206,1417.1796116504854,0.0,1576.0,1576.0,1576.0,24,0,0.0,0.0,0.0,0.0,0.0,0
ES,2012-05-02,227,1518.0352422907483,3.960744879438715,1572.5,1567.9,1576.4,25,0,0.0,0.0,0.0,0.0,0.0,0
ES,2012-05-03,137,1465.1897810218982,4.0,1566.0,1562.8,1569.2,21,0,0.0,0.0,0.0,0.0,0.0,0
ES,2012-05-04,170,1432.8470588235293,0.0,1570.0,1570.0,1570.0,26,0,0.0,0.0,0.0,0.0,0.0,0
ES,2012-05-05,312,1455.2852564102568,80.97681704018245,1506.0,1491.9,1670.4,23,0,0.0,0.0,0.0,0.0,0.0,0
ES,2012-05-06,211,1396.2322274881517,9.5576548081681,1662.0,1648.2,1671.3,18,0,0.0,0.0,0.0,0.0,0.0,0
ES,2012-05-07,116,1419.2327586206893,0.0,1562.0,1562.0,1562.0,24,0,0.0,0.0,0.0,0.0,0.0,0
ES,2012-05-08,213,1416.3708920187792,9.118052911059953,1565.0,1551.5,1573.0,22,0,0.0,0.0,0.0,0.0,0.0,0
ES,2012-05-09,196,1385.8877551020407,6.796138609534093,1552.0,1544.0,1557.9,23,0,0.0,0.0,0.0,0.0,0.0,0
ES,2012-05-10,223,1447.076233183857,62.838955871338285,1541.5,1528.9,1680.1,25,0,0.0,0.0,0.0,0.0,0.0,0
ES,2012-05-11,194,1478.6288659793815,6.128258770283411,1536.0,1530.4,1542.4,23,0,0.0,0.0,0.0,0.0,0.0,0
ES,2012-05-12,167,1483.562874251497,5.403702434442518,1541.0,1537.4,1549.2,16,0,0.0,0.0,0.0,0.0,0.0,0
ES,2012-05-13,137,1385.2481751824819,5.5,1550.5,1546.1,1554.9,22,0,0.0,0.0,0.0,0.0,0.0,0
ES,2012-05-14,200,1466.115,10.21763181955584,1566.0,1553.4,1576.4,24,0,0.0,0.0,0.0,0.0,0.0,0
ES,2012-05-15,163,1315.2208588957058,4.242640687119285,1591.0,1586.8,1595.2,20,0,0.0,0.0,0.0,0.0,0.0,0
ES,2012-05-16,206,1416.373786407767,5.0,1592.0,1588.0,1596.0,25,0,0.0,0.0,0.0,0.0,0.0,0
ES,2012-05-17,166,1341.7771084337346,5.0,1573.0,1569.0,1577.0,20,0,0.0,0.0,0.0,0.0,0.0,0
ES,2012-05-18,219,1357.4292237442926,5.0,1567.0,1561.8,1572.2,24,0,0.0,0.0,0.0,0.0,0.0,0
ES,2012-05-19,275,1415.6727272727271,55.24933383208244,1515.0,1506.2,1527.0,23,0,0.0,0.0,0.0,0.0,0.0,0
ES,2012-05-20,291,1386.890034364261,14.044324674243171,1556.5,1533.5,1568.0,24,0,0.0,0.0,0.0,0.0,0.0,0
ES,2012-05-21,129,1440.6666666666663,2.5,1506.5,1504.5,1508.5,20,1,74.07,0.0,0.0,0.0,0.0,1
ES,2012-05-22,191,1437.544502617801,103.37762491629093,1727.0,1498.0,1735.8,23,0,0.0,0.0,0.0,0.0,0.0,0
ES,2012-05-23,149,1321.6644295302012,0.0,1525.0,1525.0,1525.0,26,0,0.0,0.0,0.0,0.0,0.0,0
ES,2012-05-24,115,1359.6086956521742,4.272001872658765,1503.0,1498.1,1506.5,19,0,0.0,0.0,0.0,0.0,0.0,0
ES,2012-05-25,121,1447.3388429752063,5.530220007679019,1505.5,1500.2,1513.7,17,0,0.0,0.0,0.0,0.0,0.0,0
ES,2012-05-26,200,1436.0749999999998,0.0,1517.0,1517.0,1517.0,17,0,0.0,0.0,0.0,0.0,0.0,0
ES,2012-05-27,137,1367.4671532846712,4.322904116447646,1504.5,1499.6,1508.7,21,0,0.0,0.0,0.0,0.0,0.0,0
ES,2012-05-28,255,1372.678431372549,4.0,1496.0,1492.8,1499.2,25,0,0.0,0.0,0.0,0.0,0.0,0
ES,2012-05-29,227,1458.4581497797353,0.0,1506.0,1506.0,1506.0,27,0,0.0,0.0,0.0,0.0,0.0,0
ES,2012-05-30,144,1400.1875000000002,0.0,1499.0,1499.0,1499.0,25,0,0.0,0.0,0.0,0.0,0.0,0
ES,2012-05-31,145,1461.4068965517242,7.205322107072429,1722.5,1714.0,1731.0,21,0,0.0,0.0,0.0,0.0,0.0,0
ES,2012-06-01,122,1425.3032786885242,0.0,1491.0,1491.0,1491.0,25,0,0.0,0.0,0.0,0.0,0.0,0
ES,2012-06-02,217,1442.2580645161293,55.29724336679852,1515.0,1508.0,1525.0,18,0,0.0,0.0,0.0,0.0,0.0,0
ES,2012-06-03,178,1421.7359550561803,0.0,1502.0,1502.0,1502.0,25,0,0.0,0.0,0.0,0.0,0.0,0
ES,2012-06-04,215,1422.167441860465,0.0,1499.0,1499.0,1499.0,23,0,0.0,0.0,0.0,0.0,0.0,0
ES,2012-06-05,179,1399.2569832402237,0.0,1508.0,1508.0,1508.0,17,0,0.0,0.0,0.0,0.0,0.0,0
ES,2012-06-06,148,1500.7702702702702,0.0,1516.0,1516.0,1516.0,23,0,0.0,0.0,0.0,0.0,0.0,0
ES,2012-06-07,209,1505.5454545454545,0.0,1511.0,1511.0,1511.0,21,0,0.0,0.0,0.0,0.0,0.0,0
ES,2012-06-08,186,1450.1236559139784,0.0,1521.0,1521.0,1521.0,22,0,0.0,0.0,0.0,0.0,0.0,0
ES,2012-06-09,234,1554.2820512820515,9.211632139130757,1551.0,1539.2,1561.6,21,0,0.0,0.0,0.0,0.0,0.0,0
ES,2012-06-10,192,1427.4635416666667,0.0,1521.0,1521.0,1521.0,22,0,0.0,0.0,0.0,0.0,0.0,0
ES,2012-06-11,178,1382.6797752808986,48.86549636188993,1548.0,1540.2,1652.0,26,0,0.0,0.0,0.0,0.0,0.0,0
ES,2012-06-12,218,1404.4770642201836,23.400045516569296,1560.0,1549.8,1574.2,24,0,0.0,0.0,0.0,0.0,0.0,0
ES,2012-06-13,184,1469.804347826087,0.0,1021.0,1021.0,1021.0,19,0,0.0,0.0,0.0,0.0,0.0,0
ES,2012-06-14,126,1437.2777777777778,6.531972647421808,1521.0,1514.6,1527.4,23,0,0.0,0.0,0.0,0.0,0.0,0
ES,2012-06-15,186,1471.247311827957,8.207031856939903,1591.0,1584.0,1602.0,21,0,0.0,0.0,0.0,0.0,0.0,0
ES,2012-06-16,211,1412.8815165876777,22.631249841485893,1562.5,1532.9,1587.2,19,0,0.0,0.0,0.0,0.0,0.0,0
ES,2012-06-17,148,1383.7297297297291,0.0,1521.0,1521.0,1521.0,22,0,0.0,0.0,0.0,0.0,0.0,0
ES,2012-06-18,212,1413.2311320754718,2.5,1526.5,1524.5,1528.5,21,0,0.0,0.0,0.0,0.0,0.0,0
ES,2012-06-19,167,1394.8922155688622,0.0,1517.0,1517.0,1517.0,18,0,0.0,0.0,0.0,0.0,0.0,0
ES,2012-06-20,130,1503.5,5.312459150169742,1519.0,1514.2,1524.6,16,0,0.0,0.0,0.0,0.0,0.0,0
ES,2012-06-21,179,1467.5251396648046,0.0,1521.0,1521.0,1521.0,23,0,0.0,0.0,0.0,0.0,0.0,0
ES,2012-06-22,228,1451.4956140350878,6.168468205316454,1512.5,1506.4,1520.1,19,0,0.0,0.0,0.0,0.0,0.0,0
ES,2012-06-23,199,1490.894472361809,9.687791584521417,1478.5,1469.1,1495.6,18,0,0.0,0.0,0.0,0.0,0.0,0
ES,2012-06-24,106,1433.2358490566037,11.746157764231768,1497.5,1479.5,1509.7,16,0,0.0,0.0,0.0,0.0,0.0,0
ES,2012-06-25,141,1364.8652482269501,0.0,1525.0,1525.0,1525.0,20,0,0.0,0.0,0.0,0.0,0.0,0
ES,2012-06-26,167,1394.2634730538916,9.810708435174291,1487.0,1473.3,1493.7,23,0,0.0,0.0,0.0,0.0,0.0,0
ES,2012-06-27,181,1489.7016574585634,4.534313619501853,1485.0,1480.0,1490.0,23,0,0.0,0.0,0.0,0.0,0.0,0
ES,2012-06-28,158,1450.8924050632909,10.87924448010322,1720.0,1708.0,1735.0,21,0,0.0,0.0,0.0,0.0,0.0,0
ES,2012-06-29,186,1421.3333333333333,5.797359312652615,1485.5,1479.4,1493.2,19,0,0.0,0.0,0.0,0.0,0.0,0
ES,2012-06-30,122,1500.1475409836066,4.235268586524354,1487.5,1483.2,1491.2,17,0,0.0,0.0,0.0,0.0,0.0,0
ES,2012-07-01,120,1446.3250000000005,66.52398063856371,1473.5,1453.7,1629.0,17,0,0.0,0.0,0.0,0.0,0.0,0
ES,2012-07-02,174,1428.7011494252877,0.0,1535.0,1535.0,1535.0,22,0,0.0,0.0,0.0,0.0,0.0,0
ES,2012-07-03,139,1363.6330935251801,0.0,1527.0,1527.0,1527.0,23,0,0.0,0.0,0.0,0.0,0.0,0
ES,2012-07-04,139,1406.4892086330935,0.0,1522.0,1522.0,1522.0,20,0,0.0,0.0,0.0,0.0,0.0,0
ES,2012-07-05,174,1411.2931034482758,0.0,1531.0,1531.0,1531.0,20,0,0.0,0.0,0.0,0.0,0.0,0
ES,2012-07-06,235,1410.1063829787233,0.0,1526.0,1526.0,1526.0,21,0,0.0,0.0,0.0,0.0,0.0,0
ES,2012-07-07,179,1427.7653631284916,5.354126134736337,1515.0,1508.6,1519.0,20,0,0.0,0.0,0.0,0.0,0.0,0
ES,2012-07-08,134,1442.4626865671642,0.0,1021.0,1021.0,1021.0,23,0,0.0,0.0,0.0,0.0,0.0,0
ES,2012-07-09,225,1403.7155555555564,0.0,1500.0,1500.0,1500.0,21,0,0.0,0.0,0.0,0.0,0.0,0
ES,2012-07-10,180,1371.166666666667,0.0,1511.0,1511.0,1511.0,21,0,0.0,0.0,0.0,0.0,0.0,0
ES,2012-07-11,192,1359.2812499999998,4.5,1494.5,1490.9,1498.1,19,0,0.0,0.0,0.0,0.0,0.0,0
ES,2012-07-12,180,1339.9722222222226,9.392668535736917,1492.0,1481.6,1505.0,17,0,0.0,0.0,0.0,0.0,0.0,0
ES,2012-07-13,176,1401.0965909090917,9.564111156935716,1509.5,1496.0,1518.0,18,0,0.0,0.0,0.0,0.0,0.0,0
ES,2012-07-14,94,1514.0851063829791,8.353749096480103,1704.0,1693.2,1715.6,10,0,0.0,0.0,0.0,0.0,0.0,0
ES,2012-07-15,131,1352.1145038167938,0.0,1519.0,1519.0,1519.0,20,0,0.0,0.0,0.0,0.0,0.0,0
ES,2012-07-16,214,1395.4579439252338,5.5,1517.5,1513.1,1521.9,19,0,0.0,0.0,0.0,0.0,0.0,0
ES,2012-07-17,153,1412.7712418300653,0.0,1531.0,1531.0,1531.0,21,0,0.0,0.0,0.0,0.0,0.0,0
ES,2012-07-18,109,1421.5045871559632,5.0,1493.0,1489.0,1497.0,16,0,0.0,0.0,0.0,0.0,0.0,0
ES,2012-07-19,146,1342.123287671233,0.0,1544.0,1544.0,1544.0,25,0,0.0,0.0,0.0,0.0,0.0,0
ES,2012-07-20,173,1384.1676300578029,5.103879580952072,1484.0,1478.0,1490.0,19,0,0.0,0.0,0.0,0.0,0.0,0
ES,2012-07-21,184,1306.3260869565215,10.730739039347595,1458.5,1447.1,1474.8,18,0,0.0,0.0,0.0,0.0,0.0,0
ES,2012-07-22,140,1343.2071428571428,0.0,1538.0,1538.0,1538.0,20,0,0.0,0.0,0.0,0.0,0.0,0
ES,2012-07-23,202,1403.866336633663,3.832427429188973,1552.0,1547.6,1555.7,24,0,0.0,0.0,0.0,0.0,0.0,0
ES,2012-07-24,155,1382.825806451613,4.5,1561.5,1557.9,1565.1,21,0,0.0,0.0,0.0,0.0,0.0,0
ES,2012-07-25,161,1372.4596273291925,5.734883511361751,1540.0,1535.2,1546.4,24,0,0.0,0.0,0.0,0.0,0.0,0
ES,2012-07-26,200,1430.35,21.37662274541982,1440.0,1414.0,1460.8,18,0,0.0,0.0,0.0,0.0,0.0,0
ES,2012-07-27,217,1407.9539170506914,9.95004825152182,1468.0,1459.2,1484.4,24,0,0.0,0.0,0.0,0.0,0.0,0
ES,2012-07-28,99,1371.3838383838383,5.909032633745278,1490.0,1483.0,1495.5,13,0,0.0,0.0,0.0,0.0,0.0,0
ES,2012-07-29,133,1426.436090225564,14.538157541152112,1474.0,1454.6,1493.4,17,0,0.0,0.0,0.0,0.0,0.0,0
ES,2012-07-30,168,1384.357142857143,3.39934634239519,1529.0,1524.2,1530.6,22,0,0.0,0.0,0.0,0.0,0.0,0
ES,2012-07-31,171,1428.3859649122805,6.417748826496718,1532.0,1526.2,1539.9,25,0,0.0,0.0,0.0,0.0,0.0,0
ES,2012-08-01,152,1438.6776315789477,0.0,1536.0,1536.0,1536.0,18,0,0.0,0.0,0.0,0.0,0.0,0
ES,2012-08-02,165,1373.8848484848486,91.73024310444184,1466.5,1376.7,1482.1,19,0,0.0,0.0,0.0,0.0,0.0,0
ES,2012-08-03,139,1407.5035971223024,187.4798292898,1495.0,1175.6,1512.4,19,0,0.0,0.0,0.0,0.0,0.0,0
ES,2012-08-04,152,1446.026315789473,211.1953776206872,1485.0,1183.0,1653.0,24,0,0.0,0.0,0.0,0.0,0.0,0
ES,2012-08-05,169,1416.7041420118342,0.0,1530.0,1530.0,1530.0,22,0,0.0,0.0,0.0,0.0,0.0,0
ES,2012-08-06,213,1432.849765258216,58.39106154243927,1475.0,1460.2,1494.0,22,1,57.12,0.0,0.0,0.0,0.0,1
ES,2012-08-07,147,1417.312925170068,70.10157919019142,1514.0,1505.0,1532.0,16,0,0.0,0.0,0.0,0.0,0.0,0
ES,2012-08-08,132,1410.0303030303035,3.5619517121937516,1537.0,1532.2,1539.7,22,0,0.0,0.0,0.0,0.0,0.0,0
ES,2012-08-09,187,1324.1497326203205,6.474308199851677,1518.0,1511.5,1526.0,24,0,0.0,0.0,0.0,0.0,0.0,0
ES,2012-08-10,146,1401.075342465754,3.858612300930076,1669.0,1667.4,1674.6,20,0,0.0,0.0,0.0,0.0,0.0,0
ES,2012-08-11,143,1329.6503496503497,4.0,1552.0,1548.8,1555.2,16,0,0.0,0.0,0.0,0.0,0.0,0
ES,2012-08-12,118,1313.3813559322034,170.76422777503285,1534.0,1161.5,1545.8,14,0,0.0,0.0,0.0,0.0,0.0,0
ES,2012-08-13,208,1519.2932692307695,4.5,1545.5,1541.9,1549.1,24,0,0.0,0.0,0.0,0.0,0.0,0
ES,2012-08-14,215,1486.2418604651166,232.67679255980465,1197.0,1172.7,1672.8,25,0,0.0,0.0,0.0,0.0,0.0,0
ES,2012-08-15,171,1404.7953216374274,3.0,1545.0,1542.6,1547.4,22,0,0.0,0.0,0.0,0.0,0.0,0
ES,2012-08-16,214,1461.8364485981308,9.436761580955752,1732.5,1719.7,1744.0,20,0,0.0,0.0,0.0,0.0,0.0,0
ES,2012-08-17,275,1450.3090909090906,11.158890327148722,1577.5,1558.6,1588.7,21,0,0.0,0.0,0.0,0.0,0.0,0
ES,2012-08-18,160,1475.7875,169.43486311708747,1565.0,1203.8,1569.4,19,0,0.0,0.0,0.0,0.0,0.0,0
ES,2012-08-19,146,1438.5958904109589,158.6210869560242,1606.0,1204.6,1641.2,17,0,0.0,0.0,0.0,0.0,0.0,0
ES,2012-08-20,254,1466.6377952755906,172.9486918134971,1213.5,1208.6,1492.8000000000002,20,0,0.0,0.0,0.0,0.0,0.0,0
ES,2012-08-21,215,1466.320930232558,161.9057363271027,1585.0,1271.0,1608.6,20,0,0.0,0.0,0.0,0.0,0.0,0
ES,2012-08-22,161,1513.267080745342,203.2740282931206,1561.0,1054.0,1566.0,19,0,0.0,0.0,0.0,0.0,0.0,0
ES,2012-08-23,143,1463.0279720279718,244.30780903515048,1210.0,1057.9,1587.4,18,0,0.0,0.0,0.0,0.0,0.0,0
ES,2012-08-24,134,1410.3507462686564,129.15044225512307,1589.0,1434.6,1597.2,17,1,96.25,0.0,0.0,0.0,0.0,1
ES,2012-08-25,144,1476.0208333333333,179.15898199197932,1574.5,1204.5,1597.5,15,0,0.0,0.0,0.0,0.0,0.0,0
ES,2012-08-26,122,1412.286885245902,202.9814131432547,1404.0,1207.3,1590.8,16,0,0.0,0.0,0.0,0.0,0.0,0
ES,2012-08-27,285,1394.2807017543853,0.0,1550.0,1550.0,1550.0,23,0,0.0,0.0,0.0,0.0,0.0,0
ES,2012-08-28,218,1362.8761467889908,116.82239606437724,1264.0,1254.5,1424.0,20,0,0.0,0.0,0.0,0.0,0.0,0
ES,2012-08-29,166,1417.512048192771,6.0,1252.0,1247.2,1256.8,18,0,0.0,0.0,0.0,0.0,0.0,0
ES,2012-08-30,278,1347.3561151079136,5.721396245672904,1582.0,1576.6,1589.3,20,0,0.0,0.0,0.0,0.0,0.0,0
ES,2012-08-31,283,1472.070671378092,7.087621251167418,1594.5,1586.2,1602.5,18,0,0.0,0.0,0.0,0.0,0.0,0
ES,2012-09-01,257,1391.5680933852136,0.0,1542.0,1542.0,1542.0,22,0,0.0,0.0,0.0,0.0,0.0,0
ES,2012-09-02,221,1398.054298642534,98.59140584311824,1557.5,1360.5,1568.5,22,0,0.0,0.0,0.0,0.0,0.0,0
ES,2012-09-03,231,1330.2207792207798,5.477225575051661,1572.0,1566.0,1578.8,21,0,0.0,0.0,0.0,0.0,0.0,0
ES,2012-09-04,207,1419.4685990338164,4.0,1530.0,1526.8,1533.2,25,0,0.0,0.0,0.0,0.0,0.0,0
ES,2012-09-05,247,1327.2226720647768,0.0,1520.0,1520.0,1520.0,24,0,0.0,0.0,0.0,0.0,0.0,0
ES,2012-09-06,185,1376.810810810811,13.124348391827274,1554.0,1528.6,1559.0,28,0,0.0,0.0,0.0,0.0,0.0,0
ES,2012-09-07,236,1316.2711864406783,99.90540525917504,1512.5,1268.1,1518.3,21,0,0.0,0.0,0.0,0.0,0.0,0
ES,2012-09-08,147,1454.2857142857142,81.79736299997695,1507.0,1380.5,1521.5,25,0,0.0,0.0,0.0,0.0,0.0,0
ES,2012-09-09,198,1319.489898989899,0.0,1528.0,1528.0,1528.0,27,0,0.0,0.0,0.0,0.0,0.0,0
ES,2012-09-10,202,1418.049504950495,13.085190950927014,1656.5,1640.7,1674.2,24,0,0.0,0.0,0.0,0.0,0.0,0
ES,2012-09-11,268,1394.694029850746,17.3,1642.0,1615.1,1655.8,22,0,0.0,0.0,0.0,0.0,0.0,0
ES,2012-09-12,249,1409.863453815261,0.0,1259.0,1259.0,1259.0,25,0,0.0,0.0,0.0,0.0,0.0,0
ES,2012-09-13,286,1399.0349650349651,200.67246323300063,1267.0,1252.5,1676.1,23,0,0.0,0.0,0.0,0.0,0.0,0
ES,2012-09-14,156,1324.8910256410256,10.335871850675211,1367.5,1355.7,1381.9,17,0,0.0,0.0,0.0,0.0,0.0,0
ES,2012-09-15,158,1389.987341772152,13.60768047039437,1643.0,1627.8,1661.2,22,0,0.0,0.0,0.0,0.0,0.0,0
ES,2012-09-16,210,1431.1857142857143,14.769901827703528,1661.0,1649.8,1689.2,24,0,0.0,0.0,0.0,0.0,0.0,0
ES,2012-09-17,150,1377.5199999999998,18.049804833999023,1400.5,1383.2,1419.6,23,0,0.0,0.0,0.0,0.0,0.0,0
ES,2012-09-18,159,1445.8490566037733,6.082762530298219,1665.5,1661.0,1674.5,23,0,0.0,0.0,0.0,0.0,0.0,0
ES,2012-09-19,188,1427.537234042553,9.297176990893526,1666.5,1655.9,1676.1,24,0,0.0,0.0,0.0,0.0,0.0,0
ES,2012-09-20,289,1379.5051903114186,3.771236166328253,1682.0,1682.0,1688.4,21,0,0.0,0.0,0.0,0.0,0.0,0
ES,2012-09-21,213,1428.582159624413,5.675385449465085,1683.5,1677.4,1688.5,22,0,0.0,0.0,0.0,0.0,0.0,0
ES,2012-09-22,233,1456.034334763948,4.320493798938574,1571.0,1564.6,1572.6,24,0,0.0,0.0,0.0,0.0,0.0,0
ES,2012-09-23,228,1402.3728070175443,0.0,1527.0,1527.0,1527.0,29,0,0.0,0.0,0.0,0.0,0.0,0
ES,2012-09-24,239,1328.6317991631795,89.13659929194816,1557.0,1495.2,1566.4,23,0,0.0,0.0,0.0,0.0,0.0,0
ES,2012-09-25,201,1426.756218905473,41.83885509808278,1570.0,1563.4,1659.0,23,0,0.0,0.0,0.0,0.0,0.0,0
ES,2012-09-26,137,1377.131386861314,4.5,1572.5,1568.9,1576.1,21,0,0.0,0.0,0.0,0.0,0.0,0
ES,2012-09-27,216,1350.5324074074074,4.301162633521313,1562.5,1558.6,1567.8,24,0,0.0,0.0,0.0,0.0,0.0,0
ES,2012-09-28,315,1377.1968253968253,4.5,1540.5,1536.9,1544.1,29,0,0.0,0.0,0.0,0.0,0.0,0
ES,2012-09-29,325,1450.1630769230767,0.0,1253.0,1253.0,1253.0,25,0,0.0,0.0,0.0,0.0,0.0,0
ES,2012-09-30,339,1389.339233038348,126.87589296053396,1644.5,1350.9,1655.7,28,0,0.0,0.0,0.0,0.0,0.0,0
ES,2012-10-01,201,1391.1592039800994,7.49933330370107,1663.0,1651.8,1668.2,23,0,0.0,0.0,0.0,0.0,0.0,0
ES,2012-10-02,277,1358.1516245487362,51.64677036261696,1652.0,1544.5,1660.8,22,0,0.0,0.0,0.0,0.0,0.0,0
ES,2012-10-03,205,1333.9902439024388,59.11142021640151,1528.5,1504.3,1642.7,21,0,0.0,0.0,0.0,0.0,0.0,0
ES,2012-10-04,214,1368.8457943925232,16.524564275338577,1682.0,1659.8,1699.6,26,0,0.0,0.0,0.0,0.0,0.0,0
ES,2012-10-05,254,1345.4370078740158,67.0876292620331,1711.5,1646.0,1722.4,27,0,0.0,0.0,0.0,0.0,0.0,0
ES,2012-10-06,296,1402.263513513514,67.65263404135544,1513.0,1503.0,1600.2,21,0,0.0,0.0,0.0,0.0,0.0,0
ES,2012-10-07,349,1266.6733524355302,74.77373276165308,1241.0,1071.2,1251.6,28,0,0.0,0.0,0.0,0.0,0.0,0
ES,2012-10-08,294,1315.8605442176868,5.0,1230.0,1226.0,1234.0,25,0,0.0,0.0,0.0,0.0,0.0,0
ES,2012-10-09,266,1263.7819548872185,5.276052946462682,1656.0,1652.6,1664.0,25,0,0.0,0.0,0.0,0.0,0.0,0
ES,2012-10-10,308,1294.9188311688308,6.055300708194984,1508.0,1499.6,1514.8,23,0,0.0,0.0,0.0,0.0,0.0,0
ES,2012-10-11,240,1347.5000000000002,3.8586123009300755,1537.0,1531.4,1538.6,30,0,0.0,0.0,0.0,0.0,0.0,0
ES,2012-10-12,459,1408.8061002178652,4.5,1552.5,1548.9,1556.1,27,0,0.0,0.0,0.0,0.0,0.0,0
ES,2012-10-13,318,1289.1163522012578,122.74990835027128,1402.5,1377.1,1693.4,25,0,0.0,0.0,0.0,0.0,0.0,0
ES,2012-10-14,244,1445.0450819672133,3.5,1552.5,1549.7,1555.3,27,0,0.0,0.0,0.0,0.0,0.0,0
ES,2012-10-15,314,1357.8152866242035,0.0,1228.0,1228.0,1228.0,27,0,0.0,0.0,0.0,0.0,0.0,0
ES,2012-10-16,284,1362.8838028169014,215.1795761683715,1710.5,1365.1,1722.7,27,0,0.0,0.0,0.0,0.0,0.0,0
ES,2012-10-17,246,1378.9512195121952,12.220314104701169,1665.0,1649.8,1680.2,25,0,0.0,0.0,0.0,0.0,0.0,0
ES,2012-10-18,393,1321.6743002544524,5.5901699437494745,1709.5,1703.5,1715.5,27,0,0.0,0.0,0.0,0.0,0.0,0
ES,2012-10-19,362,1323.3093922651938,4.109609335312651,1705.0,1700.2,1708.2,27,0,0.0,0.0,0.0,0.0,0.0,0
ES,2012-10-20,440,1268.229545454545,0.0,1546.0,1546.0,1546.0,27,0,0.0,0.0,0.0,0.0,0.0,0
ES,2012-10-21,351,1418.022792022792,140.4181626581142,1678.0,1444.0,1692.4,30,0,0.0,0.0,0.0,0.0,0.0,0
ES,2012-10-22,228,1420.513157894737,0.0,1207.0,1207.0,1207.0,23,0,0.0,0.0,0.0,0.0,0.0,0
ES,2012-10-23,222,1403.7522522522522,3.947573094109004,1687.5,1683.0,1692.0,23,0,0.0,0.0,0.0,0.0,0.0,0
ES,2012-10-24,323,1382.1300309597525,146.61833957592071,1434.5,1357.3,1688.7,28,0,0.0,0.0,0.0,0.0,0.0,0
ES,2012-10-25,397,1399.60201511335,0.0,1536.0,1536.0,1536.0,26,0,0.0,0.0,0.0,0.0,0.0,0
ES,2012-10-26,343,1372.2653061224482,109.86174632593968,1676.0,1450.0,1685.0,31,0,0.0,0.0,0.0,0.0,0.0,0
ES,2012-10-27,323,1329.9721362229104,121.55734243557649,1480.5,1205.0,1490.6,23,0,0.0,0.0,0.0,0.0,0.0,0
ES,2012-10-28,132,1307.689393939394,224.40811037036963,1695.5,1183.5,1704.5,17,0,0.0,0.0,0.0,0.0,0.0,0
ES,2012-10-29,247,1355.4777327935224,125.57418740812092,1493.5,1480.7,1693.9,24,0,0.0,0.0,0.0,0.0,0.0,0
ES,2012-10-30,313,1360.4728434504796,4.5,1152.5,1148.9,1156.1,27,0,0.0,0.0,0.0,0.0,0.0,0
ES,2012-10-31,357,1364.0840336134454,0.0,1528.0,1528.0,1528.0,31,0,0.0,0.0,0.0,0.0,0.0,0
ES,2012-11-01,409,1353.8141809290948,72.99364241938055,1662.0,1506.8,1675.8,32,0,0.0,0.0,0.0,0.0,0.0,0
ES,2012-11-02,268,1383.936567164179,179.6125459612069,1509.0,1205.8,1512.2,28,0,0.0,0.0,0.0,0.0,0.0,0
ES,2012-11-03,315,1354.9619047619046,215.7726505716002,1522.0,1136.6,1651.8,31,0,0.0,0.0,0.0,0.0,0.0,0
ES,2012-11-04,368,1384.2989130434785,199.02189717605336,1641.0,1151.7,1665.2,31,0,0.0,0.0,0.0,0.0,0.0,0
ES,2012-11-05,335,1362.561194029851,200.463862079927,1659.0,1355.2,1663.8,31,0,0.0,0.0,0.0,0.0,0.0,0
ES,2012-11-06,442,1368.1063348416292,240.0101234844064,1412.0,1168.2,1659.4,26,0,0.0,0.0,0.0,0.0,0.0,0
ES,2012-11-07,326,1358.0092024539877,190.1143047981632,1633.0,1166.4,1647.0,27,0,0.0,0.0,0.0,0.0,0.0,0
ES,2012-11-08,341,1412.651026392962,139.63151033232415,1631.0,1527.0,1644.0,30,0,0.0,0.0,0.0,0.0,0.0,0
ES,2012-11-09,296,1389.4662162162165,162.13519816871073,1558.0,1241.2,1645.8,29,0,0.0,0.0,0.0,0.0,0.0,0
ES,2012-11-10,271,1363.686346863469,50.05262536693204,1568.0,1556.6,1662.4,31,0,0.0,0.0,0.0,0.0,0.0,0
ES,2012-11-11,429,1343.706293706294,115.8706414738244,1686.5,1545.6,1702.0,28,0,0.0,0.0,0.0,0.0,0.0,0
ES,2012-11-12,232,1482.4999999999995,4.496912521077347,1711.0,1707.0,1715.8,23,0,0.0,0.0,0.0,0.0,0.0,0
ES,2012-11-13,297,1448.3198653198654,66.70139720342362,1689.5,1564.4,1711.9,33,0,0.0,0.0,0.0,0.0,0.0,0
ES,2012-11-14,318,1395.5597484276727,66.41844779833016,1575.0,1561.4,1699.0,26,0,0.0,0.0,0.0,0.0,0.0,0
ES,2012-11-15,311,1375.75884244373,72.42481733954644,1686.5,1547.3,1700.8,30,0,0.0,0.0,0.0,0.0,0.0,0
ES,2012-11-16,446,1319.9910313901346,7.016721100343094,1564.5,1555.0,1572.1,29,0,0.0,0.0,0.0,0.0,0.0,0
ES,2012-11-17,321,1387.5607476635514,4.9216076867444665,1171.0,1165.4,1175.0,31,0,0.0,0.0,0.0,0.0,0.0,0
ES,2012-11-18,319,1378.949843260188,151.46363205043656,1586.0,1407.6,1685.6,33,0,0.0,0.0,0.0,0.0,0.0,0
ES,2012-11-19,281,1387.1850533807828,56.156554325830925,1691.0,1580.0,1704.0,28,0,0.0,0.0,0.0,0.0,0.0,0
ES,2012-11-20,245,1448.7551020408166,56.5427867609466,1684.5,1567.1,1703.9,26,0,0.0,0.0,0.0,0.0,0.0,0
ES,2012-11-21,268,1392.55223880597,68.52862912958804,1698.0,1574.0,1725.2,26,0,0.0,0.0,0.0,0.0,0.0,0
ES,2012-11-22,310,1382.6580645161291,190.1374502826837,1582.0,1192.9,1689.0,34,0,0.0,0.0,0.0,0.0,0.0,0
ES,2012-11-23,270,1385.5074074074075,139.1331793207562,1580.0,1541.4,1694.8,32,0,0.0,0.0,0.0,0.0,0.0,0
ES,2012-11-24,227,1402.3656387665203,68.3468423464154,1561.0,1544.8,1704.4,29,0,0.0,0.0,0.0,0.0,0.0,0
ES,2012-11-25,203,1352.6059113300494,3.880879344916036,1713.0,1705.0,1713.8,30,1,61.38,0.0,0.0,0.0,0.0,1
ES,2012-11-26,299,1334.792642140468,43.28176549645123,1727.5,1719.6,1737.5,29,0,0.0,0.0,0.0,0.0,0.0,0
ES,2012-11-27,373,1357.3190348525468,0.0,1516.0,1516.0,1516.0,31,0,0.0,0.0,0.0,0.0,0.0,0
ES,2012-11-28,230,1295.134782608695,15.618498647437276,1537.5,1524.5,1561.6,25,0,0.0,0.0,0.0,0.0,0.0,0
ES,2012-11-29,264,1351.4318181818178,105.96905429178145,1309.0,1275.8,1349.4,28,0,0.0,0.0,0.0,0.0,0.0,0
ES,2012-11-30,284,1394.5387323943662,143.6281956781119,1557.5,1191.5,1570.0,29,0,0.0,0.0,0.0,0.0,0.0,0
ES,2012-12-01,247,1397.3684210526317,0.0,1532.0,1532.0,1532.0,30,0,0.0,0.0,0.0,0.0,0.0,0
ES,2012-12-02,294,1389.5782312925169,240.9802982242146,1586.0,1178.0,1709.0,30,0,0.0,0.0,0.0,0.0,0.0,0
ES,2012-12-03,293,1350.972696245734,2.5,1689.5,1687.5,1691.5,33,0,0.0,0.0,0.0,0.0,0.0,0
ES,2012-12-04,198,1337.590909090909,0.0,1544.0,1544.0,1544.0,28,0,0.0,0.0,0.0,0.0,0.0,0
ES,2012-12-05,246,1364.674796747968,58.70576516753125,1575.0,1539.6,1671.2,29,0,0.0,0.0,0.0,0.0,0.0,0
ES,2012-12-06,273,1344.9560439560444,7.227724399837061,1667.0,1655.8,1671.6,28,0,0.0,0.0,0.0,0.0,0.0,0
ES,2012-12-07,221,1356.2579185520365,3.7267799624996494,1623.5,1622.0,1630.5,24,0,0.0,0.0,0.0,0.0,0.0,0
ES,2012-12-08,242,1367.0743801652889,5.0,1551.0,1547.0,1555.0,26,0,0.0,0.0,0.0,0.0,0.0,0
ES,2012-12-09,313,1446.8115015974442,0.0,1538.0,1538.0,1538.0,27,0,0.0,0.0,0.0,0.0,0.0,0
ES,2012-12-10,296,1401.7601351351352,58.8573487340366,1547.0,1537.4,1663.4,26,0,0.0,0.0,0.0,0.0,0.0,0
ES,2012-12-11,212,1490.0801886792456,71.25939787645055,1664.0,1521.3,1675.3,23,0,0.0,0.0,0.0,0.0,0.0,0
ES,2012-12-12,166,1443.0602409638552,165.17635020385535,1681.0,1386.0,1689.8,28,0,0.0,0.0,0.0,0.0,0.0,0
ES,2012-12-13,213,1391.1314553990608,109.87878548655333,1550.0,1526.5,1694.3,31,0,0.0,0.0,0.0,0.0,0.0,0
ES,2012-12-14,311,1383.7459807073956,0.0,1550.0,1550.0,1550.0,30,0,0.0,0.0,0.0,0.0,0.0,0
ES,2012-12-15,258,1377.7906976744184,7.788880963698615,1529.0,1522.6,1537.8,30,0,0.0,0.0,0.0,0.0,0.0,0
ES,2012-12-16,291,1397.1340206185564,0.0,1515.0,1515.0,1515.0,27,0,0.0,0.0,0.0,0.0,0.0,0
ES,2012-12-17,282,1352.9999999999998,0.0,1508.0,1508.0,1508.0,31,0,0.0,0.0,0.0,0.0,0.0,0
ES,2012-12-18,198,1432.287878787879,107.11571940546357,1536.0,1373.0,1555.5,23,0,0.0,0.0,0.0,0.0,0.0,0
ES,2012-12-19,286,1367.5384615384614,15.05198093865106,1750.5,1731.0,1768.5,24,0,0.0,0.0,0.0,0.0,0.0,0
ES,2012-12-20,270,1396.588888888889,6.605973727535472,1793.0,1785.1,1803.3,24,0,0.0,0.0,0.0,0.0,0.0,0
ES,2012-12-21,273,1411.7875457875457,101.49124209616424,1783.5,1573.5,1793.5,30,0,0.0,0.0,0.0,0.0,0.0,0
ES,2012-12-22,310,1421.529032258064,12.86683937707919,1562.0,1545.2,1575.3,27,0,0.0,0.0,0.0,0.0,0.0,0
ES,2012-12-23,294,1390.9353741496598,5.5,1504.5,1500.1,1508.9,32,0,0.0,0.0,0.0,0.0,0.0,0
ES,2012-12-24,204,1451.7303921568628,6.73168296606098,1634.0,1623.4,1641.8,25,0,0.0,0.0,0.0,0.0,0.0,0
ES,2012-12-25,267,1396.5093632958797,4.0,1497.0,1493.8,1500.2,29,0,0.0,0.0,0.0,0.0,0.0,0
ES,2012-12-26,300,1343.0933333333332,5.048205126577168,1542.5,1536.8,1547.8,30,0,0.0,0.0,0.0,0.0,0.0,0
ES,2012-12-27,260,1370.5884615384616,2.5,1635.5,1633.5,1637.5,27,0,0.0,0.0,0.0,0.0,0.0,0
ES,2012-12-28,336,1372.889880952381,10.398984993204332,1549.0,1536.5,1561.0,31,0,0.0,0.0,0.0,0.0,0.0,0
ES,2012-12-29,308,1416.0324675324675,6.698079271550752,1578.0,1570.0,1586.2,28,0,0.0,0.0,0.0,0.0,0.0,0
ES,2012-12-30,325,1445.550769230769,125.17053256346809,1792.0,1546.4,1810.0,27,0,0.0,0.0,0.0,0.0,0.0,0
ES,2012-12-31,313,1357.070287539936,127.1146745890016,1544.0,1523.5,1788.9,27,0,0.0,0.0,0.0,0.0,0.0,0
ES,2013-01-01,243,1378.2222222222222,96.50143781312276,1552.5,1500.8,1571.2,28,0,0.0,0.0,0.0,0.0,0.0,0
ES,2013-01-02,387,1392.2299741602071,125.53629174154256,1589.0,1242.0,1608.0,31,0,0.0,0.0,0.0,0.0,0.0,0
ES,2013-01-03,301,1431.2292358803984,133.36626812172304,1617.0,1594.0,1792.0,28,0,0.0,0.0,0.0,0.0,0.0,0
ES,2013-01-04,350,1410.534285714285,61.130195701030445,1596.0,1573.2,1615.7,29,0,0.0,0.0,0.0,0.0,0.0,0
ES,2013-01-05,265,1420.811320754717,230.47288343750984,1551.5,1252.0,1830.5,25,0,0.0,0.0,0.0,0.0,0.0,0
ES,2013-01-06,363,1379.3939393939395,262.2293745901843,1255.0,1247.2,1831.4,28,0,0.0,0.0,0.0,0.0,0.0,0
ES,2013-01-07,328,1368.7103658536585,211.3914713669089,1560.0,1291.8,1846.8,33,0,0.0,0.0,0.0,0.0,0.0,0
ES,2013-01-08,360,1464.102777777778,17.684913707437367,1824.0,1799.3,1842.8,32,0,0.0,0.0,0.0,0.0,0.0,0
ES,2013-01-09,323,1454.0061919504644,151.0240598933384,1564.0,1364.6,1785.2,30,0,0.0,0.0,0.0,0.0,0.0,0
ES,2013-01-10,386,1391.8678756476684,155.62951083537192,1791.0,1477.0,1813.9,32,0,0.0,0.0,0.0,0.0,0.0,0
ES,2013-01-11,398,1374.3894472361817,116.4386049295882,1471.0,1449.6,1780.6,29,0,0.0,0.0,0.0,0.0,0.0,0
ES,2013-01-12,245,1421.1755102040815,152.3478288962063,1633.0,1470.8,1787.0,32,0,0.0,0.0,0.0,0.0,0.0,0
ES,2013-01-13,340,1367.9352941176471,9.151366018251046,1799.0,1787.6,1810.5,30,0,0.0,0.0,0.0,0.0,0.0,0
ES,2013-01-14,307,1337.5374592833875,136.99725734740116,1754.0,1486.2,1769.6,32,0,0.0,0.0,0.0,0.0,0.0,0
ES,2013-01-15,263,1345.711026615969,167.65622565237473,1743.0,1466.8,1757.0,29,0,0.0,0.0,0.0,0.0,0.0,0
ES,2013-01-16,258,1345.8604651162796,126.038011119319,1495.0,1244.4,1503.0,26,0,0.0,0.0,0.0,0.0,0.0,0
ES,2013-01-17,203,1340.3251231527097,88.08301359485048,1518.0,1457.4,1531.2,29,0,0.0,0.0,0.0,0.0,0.0,0
ES,2013-01-18,189,1337.2169312169317,224.79198717925868,1504.5,1252.4,1774.5,29,0,0.0,0.0,0.0,0.0,0.0,0
ES,2013-01-19,312,1341.201923076923,107.94715142142472,1515.0,1247.9,1529.4,30,0,0.0,0.0,0.0,0.0,0.0,0
ES,2013-01-20,275,1367.5236363636363,203.4369927029005,1759.0,1258.1,1770.6,40,0,0.0,0.0,0.0,0.0,0.0,0
ES,2013-01-21,272,1373.9705882352944,108.96375815708625,1784.0,1554.2,1803.2,37,0,0.0,0.0,0.0,0.0,0.0,0
ES,2013-01-22,322,1406.1086956521733,150.51167168565192,1553.0,1321.4,1752.2000000000005,30,0,0.0,0.0,0.0,0.0,0.0,0
ES,2013-01-23,244,1403.9877049180327,114.6395989801124,1777.5,1540.7,1794.2,30,0,0.0,0.0,0.0,0.0,0.0,0
ES,2013-01-24,239,1368.836820083682,203.3745859792276,1795.5,1519.0,1799.5,34,0,0.0,0.0,0.0,0.0,0.0,0
ES,2013-01-25,348,1433.7442528735637,3.681787005729087,1531.0,1527.8,1535.0,30,0,0.0,0.0,0.0,0.0,0.0,0
ES,2013-01-26,282,1477.687943262411,126.80431117802476,1535.0,1506.0,1776.0,32,0,0.0,0.0,0.0,0.0,0.0,0
ES,2013-01-27,223,1377.5470852017938,91.35796267293836,1727.0,1547.3,1767.3,32,0,0.0,0.0,0.0,0.0,0.0,0
ES,2013-01-28,288,1359.458333333333,149.8081773468992,1754.0,1691.5,1764.0,30,0,0.0,0.0,0.0,0.0,0.0,0
ES,2013-01-29,204,1403.4754901960785,94.53043289588928,1714.0,1532.0,1747.2,34,0,0.0,0.0,0.0,0.0,0.0,0
ES,2013-01-30,234,1362.07264957265,138.6016832249803,1514.0,1502.4,1743.2,32,0,0.0,0.0,0.0,0.0,0.0,0
ES,2013-01-31,213,1338.6807511737088,17.04726884283814,1715.0,1689.6,1731.2,22,0,0.0,0.0,0.0,0.0,0.0,0
ES,2013-02-01,231,1359.6709956709954,9.905806378079475,1547.0,1533.5,1557.5,23,0,0.0,0.0,0.0,0.0,0.0,0
ES,2013-02-02,191,1424.1727748691103,2.5,1551.5,1549.5,1553.5,29,0,0.0,0.0,0.0,0.0,0.0,0
ES,2013-02-03,221,1365.5565610859728,188.1247841555712,1706.5,1282.5,1730.5,23,0,0.0,0.0,0.0,0.0,0.0,0
ES,2013-02-04,213,1362.215962441314,0.0,1295.0,1295.0,1295.0,23,0,0.0,0.0,0.0,0.0,0.0,0
ES,2013-02-05,213,1380.211267605634,3.559026084010437,1671.0,1670.2,1676.6,28,0,0.0,0.0,0.0,0.0,0.0,0
ES,2013-02-06,203,1385.1674876847287,8.94427190999916,1697.0,1687.4,1706.6,23,0,0.0,0.0,0.0,0.0,0.0,0
ES,2013-02-07,233,1359.7510729613732,61.526467254666144,1694.0,1550.2,1702.2,33,0,0.0,0.0,0.0,0.0,0.0,0
ES,2013-02-08,314,1329.2324840764334,36.55437350334734,1310.0,1267.6,1338.8,23,0,0.0,0.0,0.0,0.0,0.0,0
ES,2013-02-09,288,1384.5312500000002,43.81160877794733,1668.0,1560.4,1687.8,30,0,0.0,0.0,0.0,0.0,0.0,0
ES,2013-02-10,279,1384.1756272401435,61.64644313029977,1688.0,1553.8,1700.6,33,0,0.0,0.0,0.0,0.0,0.0,0
ES,2013-02-11,269,1357.3940520446097,4.5,1548.5,1544.9,1552.1,29,0,0.0,0.0,0.0,0.0,0.0,0
ES,2013-02-12,272,1415.702205882353,72.13864688916753,1538.0,1534.0,1701.1,32,0,0.0,0.0,0.0,0.0,0.0,0
ES,2013-02-13,149,1383.1543624161077,7.495832175282475,1723.5,1715.1,1731.2,25,0,0.0,0.0,0.0,0.0,0.0,0
ES,2013-02-14,234,1431.0256410256416,101.15056846108182,1734.5,1529.6,1748.3,29,0,0.0,0.0,0.0,0.0,0.0,0
ES,2013-02-15,209,1414.1291866028707,113.20233950286242,1414.0,1389.4,1660.0,26,0,0.0,0.0,0.0,0.0,0.0,0
ES,2013-02-16,149,1376.6510067114093,0.0,1312.0,1312.0,1312.0,21,0,0.0,0.0,0.0,0.0,0.0,0
ES,2013-02-17,248,1420.1088709677415,5.354126134736337,1533.0,1529.0,1539.4,32,0,0.0,0.0,0.0,0.0,0.0,0
ES,2013-02-18,323,1387.188854489164,11.513277359447027,1542.0,1532.0,1561.7,34,0,0.0,0.0,0.0,0.0,0.0,0
ES,2013-02-19,216,1405.050925925926,92.78744637116398,1432.0,1399.0,1630.2,27,0,0.0,0.0,0.0,0.0,0.0,0
ES,2013-02-20,224,1406.5446428571431,0.0,1332.0,1332.0,1332.0,26,0,0.0,0.0,0.0,0.0,0.0,0
ES,2013-02-21,339,1421.442477876107,3.905124837953327,1553.5,1549.5,1557.5,34,0,0.0,0.0,0.0,0.0,0.0,0
ES,2013-02-22,298,1363.9395973154362,7.69479541919146,1559.0,1546.8,1566.2,25,0,0.0,0.0,0.0,0.0,0.0,0
ES,2013-02-23,263,1422.3840304182509,87.54159361266447,1729.5,1556.3,1749.7,34,0,0.0,0.0,0.0,0.0,0.0,0
ES,2013-02-24,280,1410.3750000000005,165.88300575294969,1753.0,1387.2,1764.8,28,0,0.0,0.0,0.0,0.0,0.0,0
ES,2013-02-25,281,1410.5266903914592,0.0,1486.0,1486.0,1486.0,32,0,0.0,0.0,0.0,0.0,0.0,0
ES,2013-02-26,186,1355.768817204301,11.378586125798856,1551.0,1533.5,1560.0,24,0,0.0,0.0,0.0,0.0,0.0,0
ES,2013-02-27,340,1414.1676470588236,59.697056001548425,1371.5,1353.3,1404.4,22,0,0.0,0.0,0.0,0.0,0.0,0
ES,2013-02-28,324,1412.2993827160494,5.748043145279966,1619.0,1614.4,1627.0,26,0,0.0,0.0,0.0,0.0,0.0,0
ES,2013-03-01,291,1412.3986254295537,104.1978886542333,1540.0,1384.4,1551.2,30,0,0.0,0.0,0.0,0.0,0.0,0
ES,2013-03-02,370,1432.751351351352,126.61068401253682,1291.5,1266.3,1561.0,32,0,0.0,0.0,0.0,0.0,0.0,0
ES,2013-03-03,263,1404.2889733840304,139.50448021479454,1403.0,1261.1,1548.5,29,0,0.0,0.0,0.0,0.0,0.0,0
ES,2013-03-04,370,1411.1756756756758,101.84478079410844,1495.5,1249.5,1524.5,30,0,0.0,0.0,0.0,0.0,0.0,0
ES,2013-03-05,304,1425.417763157895,0.0,865.0,865.0,865.0,24,0,0.0,0.0,0.0,0.0,0.0,0
ES,2013-03-06,320,1423.543749999999,5.584576975922169,1733.0,1725.7,1740.2,32,0,0.0,0.0,0.0,0.0,0.0,0
ES,2013-03-07,282,1462.2056737588653,95.35133215225612,1737.0,1513.0,1750.4,34,0,0.0,0.0,0.0,0.0,0.0,0
ES,2013-03-08,339,1449.6401179941,3.265986323710904,1222.0,1218.8,1225.2,35,0,0.0,0.0,0.0,0.0,0.0,0
ES,2013-03-09,282,1426.1524822695037,7.487731011626909,1519.0,1510.0,1524.0,28,0,0.0,0.0,0.0,0.0,0.0,0
ES,2013-03-10,239,1357.6527196652717,0.0,1758.0,1758.0,1758.0,29,0,0.0,0.0,0.0,0.0,0.0,0
ES,2013-03-11,280,1402.8142857142857,9.662265521087692,1617.0,1604.6,1626.8,33,0,0.0,0.0,0.0,0.0,0.0,0
ES,2013-03-12,316,1422.9113924050632,172.0905353113587,1379.5,1339.0,1753.1,26,0,0.0,0.0,0.0,0.0,0.0,0
ES,2013-03-13,250,1382.284,9.453041838477178,1641.0,1628.2,1649.6,22,0,0.0,0.0,0.0,0.0,0.0,0
ES,2013-03-14,203,1388.9802955665025,8.446711713768277,1647.0,1639.8,1659.2,23,0,0.0,0.0,0.0,0.0,0.0,0
ES,2013-03-15,293,1422.061433447099,105.22423147207532,1744.0,1538.2,1758.0,26,0,0.0,0.0,0.0,0.0,0.0,0
ES,2013-03-16,202,1475.3118811881188,195.23483295764612,1560.0,1346.4,1743.4,24,0,0.0,0.0,0.0,0.0,0.0,0
ES,2013-03-17,294,1347.544217687075,217.33843704987316,1535.0,1187.6,1736.6,28,0,0.0,0.0,0.0,0.0,0.0,0
ES,2013-03-18,271,1427.6568265682656,22.116961816669125,1680.5,1655.2,1709.8,27,0,0.0,0.0,0.0,0.0,0.0,0
ES,2013-03-19,239,1450.0125523012557,65.61236915984276,1637.0,1510.4,1660.2,26,0,0.0,0.0,0.0,0.0,0.0,0
ES,2013-03-20,261,1464.0153256704975,4.0,1673.0,1669.8,1676.2,26,0,0.0,0.0,0.0,0.0,0.0,0
ES,2013-03-21,271,1457.918819188192,5.715476066494082,1674.0,1668.4,1679.6,33,0,0.0,0.0,0.0,0.0,0.0,0
ES,2013-03-22,256,1487.1875,3.0,1508.0,1505.6,1510.4,28,0,0.0,0.0,0.0,0.0,0.0,0
ES,2013-03-23,313,1456.5271565495214,214.8792484460572,1505.0,1186.6,1690.2,32,0,0.0,0.0,0.0,0.0,0.0,0
ES,2013-03-24,267,1421.5393258426964,151.5504994225895,1214.0,1200.0,1533.0,30,0,0.0,0.0,0.0,0.0,0.0,0
ES,2013-03-25,225,1426.217777777778,178.82075445043347,1519.0,1205.8,1712.6,34,0,0.0,0.0,0.0,0.0,0.0,0
ES,2013-03-26,248,1443.858870967742,248.84999696133076,1529.0,1196.2,1730.2,34,0,0.0,0.0,0.0,0.0,0.0,0
ES,2013-03-27,277,1430.5342960288804,94.39342349973327,1537.0,1524.8,1548.2,32,0,0.0,0.0,0.0,0.0,0.0,0
ES,2013-03-28,236,1426.449152542373,179.7325443541041,1206.5,1168.1,1559.2,32,0,0.0,0.0,0.0,0.0,0.0,0
ES,2013-03-29,259,1457.5173745173745,151.69127547606536,1557.5,1515.9,1717.9,29,0,0.0,0.0,0.0,0.0,0.0,0
ES,2013-03-30,237,1460.6244725738393,173.7906427285428,1353.0,1178.1,1528.6,32,0,0.0,0.0,0.0,0.0,0.0,0
ES,2013-03-31,280,1435.0392857142858,241.60463571711531,1527.0,1162.4,1759.2,36,0,0.0,0.0,0.0,0.0,0.0,0
ES,2013-04-01,339,1459.103244837758,208.46890826760168,1522.5,1185.1,1755.5,39,0,0.0,0.0,0.0,0.0,0.0,0
ES,2013-04-02,290,1445.2758620689656,174.66698473253484,1533.5,1170.5,1548.0,40,0,0.0,0.0,0.0,0.0,0.0,0
ES,2013-04-03,267,1424.2059925093629,198.56631973558189,1351.0,1148.5,1552.0,36,0,0.0,0.0,0.0,0.0,0.0,0
ES,2013-04-04,284,1441.669014084506,191.2698617137577,1553.0,1310.2,1664.2,42,0,0.0,0.0,0.0,0.0,0.0,0
ES,2013-04-05,345,1447.2898550724635,13.264143394882309,1545.0,1524.4,1556.2,39,0,0.0,0.0,0.0,0.0,0.0,0
ES,2013-04-06,217,1408.8986175115206,11.098986440211556,1493.0,1480.7,1504.6,32,5,75.04400000000001,0.0,0.0,0.0,0.0,3
ES,2013-04-07,194,1473.180412371134,126.32849594960312,1725.5,1464.5,1738.8,35,0,0.0,0.0,0.0,0.0,0.0,0
ES,2013-04-08,279,1413.8387096774193,4.437059837324712,1471.0,1465.9,1475.4,34,0,0.0,0.0,0.0,0.0,0.0,0
ES,2013-04-09,218,1445.077981651376,112.57553020083894,1597.5,1484.8,1713.0,37,0,0.0,0.0,0.0,0.0,0.0,0
ES,2013-04-10,289,1447.6124567474046,3.265986323710904,1493.0,1489.8,1496.2,37,0,0.0,0.0,0.0,0.0,0.0,0
ES,2013-04-11,344,1415.3052325581396,4.873397172404482,1499.5,1494.1,1506.3,34,0,0.0,0.0,0.0,0.0,0.0,0
ES,2013-04-12,359,1457.9944289693594,87.79240384474905,1505.0,1492.0,1711.4,32,0,0.0,0.0,0.0,0.0,0.0,0
ES,2013-04-13,329,1396.203647416413,167.77182148097748,1203.0,1176.2,1526.4,31,0,0.0,0.0,0.0,0.0,0.0,0
ES,2013-04-14,306,1367.6993464052284,204.9032070589393,1499.0,1209.0,1687.0,39,0,0.0,0.0,0.0,0.0,0.0,0
ES,2013-04-15,299,1422.1973244147152,101.90289495397076,1500.0,1250.3,1506.7,42,0,0.0,0.0,0.0,0.0,0.0,0
ES,2013-04-16,213,1370.056338028169,212.07192176240588,1466.5,1253.0,1681.4,37,0,0.0,0.0,0.0,0.0,0.0,0
ES,2013-04-17,218,1410.981651376146,124.81780471951907,1526.5,1433.8,1672.0,34,0,0.0,0.0,0.0,0.0,0.0,0
ES,2013-04-18,274,1409.7919708029194,48.58529213913299,1540.0,1533.8,1597.8,34,0,0.0,0.0,0.0,0.0,0.0,0
ES,2013-04-19,286,1368.22027972028,153.80169049786156,1539.0,1231.0,1549.0,35,0,0.0,0.0,0.0,0.0,0.0,0
ES,2013-04-20,264,1353.723484848485,5.571355310873647,1251.0,1241.8,1254.0,33,0,0.0,0.0,0.0,0.0,0.0,0
ES,2013-04-21,298,1418.0067114093954,179.17116273428476,1670.0,1264.5,1687.9,40,0,0.0,0.0,0.0,0.0,0.0,0
ES,2013-04-22,425,1421.948235294118,59.6188728508012,1693.0,1549.4,1703.3,40,0,0.0,0.0,0.0,0.0,0.0,0
ES,2013-04-23,319,1381.6771159874609,4.609772228646444,1678.5,1673.6,1683.4,36,0,0.0,0.0,0.0,0.0,0.0,0
ES,2013-04-24,317,1384.4668769716093,46.460257807674246,1674.0,1609.0,1686.0,39,0,0.0,0.0,0.0,0.0,0.0,0
ES,2013-04-25,423,1384.4940898345153,45.858041824744326,1673.0,1602.4,1679.0,45,0,0.0,0.0,0.0,0.0,0.0,0
ES,2013-04-26,366,1424.1202185792347,52.52888682065596,1583.0,1573.0,1690.2,44,0,0.0,0.0,0.0,0.0,0.0,0
ES,2013-04-27,316,1428.3132911392406,193.80871544339325,1279.0,1265.0,1676.0,36,0,0.0,0.0,0.0,0.0,0.0,0
ES,2013-04-28,334,1371.5538922155688,165.64414333812778,1585.0,1280.8,1670.6,42,0,0.0,0.0,0.0,0.0,0.0,0
ES,2013-04-29,362,1471.53591160221,129.00732106701886,1560.0,1345.6,1568.8,38,1,97.95,0.0,0.0,0.0,0.0,1
ES,2013-04-30,278,1431.81654676259,152.4866797461339,1608.5,1368.7,1658.6,35,0,0.0,0.0,0.0,0.0,0.0,0
ES,2013-05-01,337,1419.290801186944,191.8546431067871,1286.0,1267.4,1662.8,39,0,0.0,0.0,0.0,0.0,0.0,0
ES,2013-05-02,302,1409.3245033112585,127.58795985515248,1266.5,1257.4,1386.8,37,0,0.0,0.0,0.0,0.0,0.0,0
ES,2013-05-03,415,1351.06265060241,8.5,1500.5,1493.7,1507.3,41,0,0.0,0.0,0.0,0.0,0.0,0
ES,2013-05-04,310,1317.0645161290322,4.5,1261.5,1257.9,1265.1,39,0,0.0,0.0,0.0,0.0,0.0,0
ES,2013-05-05,294,1459.2993197278909,105.0,1588.0,1504.0,1672.0,38,0,0.0,0.0,0.0,0.0,0.0,0
ES,2013-05-06,342,1457.7017543859658,7.363574011458174,1253.0,1246.6,1261.0,39,0,0.0,0.0,0.0,0.0,0.0,0
ES,2013-05-07,280,1482.1785714285716,3.0,1240.0,1237.6,1242.4,37,0,0.0,0.0,0.0,0.0,0.0,0
ES,2013-05-08,443,1477.7313769751695,5.312459150169742,1244.0,1239.2,1249.6,40,0,0.0,0.0,0.0,0.0,0.0,0
ES,2013-05-09,477,1510.6687631027253,8.259674462242577,1502.0,1501.2,1515.6,47,2,71.81,0.0,0.0,0.0,0.0,2
ES,2013-05-10,421,1370.263657957245,0.0,1237.0,1237.0,1237.0,42,0,0.0,0.0,0.0,0.0,0.0,0
ES,2013-05-11,475,1471.1242105263154,176.39503729888057,1647.0,1224.7,1663.3,43,0,0.0,0.0,0.0,0.0,0.0,0
ES,2013-05-12,208,1367.4711538461534,6.048415770541352,1215.5,1207.0,1221.0,35,0,0.0,0.0,0.0,0.0,0.0,0
ES,2013-05-13,371,1424.0242587601085,209.7893123005925,1665.0,1311.4,1669.8,46,0,0.0,0.0,0.0,0.0,0.0,0
ES,2013-05-14,313,1422.070287539936,7.0,1479.0,1473.4,1484.6,49,0,0.0,0.0,0.0,0.0,0.0,0
ES,2013-05-15,436,1471.3417431192663,7.19444229944198,1540.0,1534.2,1550.0,40,0,0.0,0.0,0.0,0.0,0.0,0
ES,2013-05-16,415,1472.987951807229,0.0,1228.0,1228.0,1228.0,40,0,0.0,0.0,0.0,0.0,0.0,0
ES,2013-05-17,309,1463.6990291262134,8.666566505831476,1520.5,1513.2,1531.7,42,0,0.0,0.0,0.0,0.0,0.0,0
ES,2013-05-18,514,1462.863813229572,6.79869268479038,1652.0,1644.6,1658.2,41,0,0.0,0.0,0.0,0.0,0.0,0
ES,2013-05-19,349,1382.601719197707,4.0,1239.0,1235.8,1242.2,39,0,0.0,0.0,0.0,0.0,0.0,0
ES,2013-05-20,303,1388.2343234323428,0.0,1494.0,1494.0,1494.0,41,0,0.0,0.0,0.0,0.0,0.0,0
ES,2013-05-21,382,1461.104712041884,54.5,1716.5,1672.9,1760.1,42,0,0.0,0.0,0.0,0.0,0.0,0
ES,2013-05-22,377,1439.9602122015913,0.0,1480.0,1480.0,1480.0,39,0,0.0,0.0,0.0,0.0,0.0,0
ES,2013-05-23,364,1393.8928571428569,0.0,1497.0,1497.0,1497.0,45,0,0.0,0.0,0.0,0.0,0.0,0
ES,2013-05-24,293,1442.9419795221845,15.58256482516958,1619.5,1594.5,1632.7,46,0,0.0,0.0,0.0,0.0,0.0,0
ES,2013-05-25,446,1347.0134529147974,64.36601879097385,1511.5,1500.5,1523.5,39,0,0.0,0.0,0.0,0.0,0.0,0
ES,2013-05-26,324,1357.9876543209878,0.0,1483.0,1483.0,1483.0,41,0,0.0,0.0,0.0,0.0,0.0,0
ES,2013-05-27,351,1397.7663817663815,8.2365041127896,1499.0,1490.2,1506.2,43,0,0.0,0.0,0.0,0.0,0.0,0
ES,2013-05-28,312,1370.0032051282055,0.0,1512.0,1512.0,1512.0,39,0,0.0,0.0,0.0,0.0,0.0,0
ES,2013-05-29,415,1500.8096385542162,0.0,1504.0,1504.0,1504.0,45,0,0.0,0.0,0.0,0.0,0.0,0
ES,2013-05-30,501,1419.4451097804397,189.41794995013964,1641.0,1616.0,1660.0,34,0,0.0,0.0,0.0,0.0,0.0,0
ES,2013-05-31,302,1428.0662251655629,0.0,1514.0,1514.0,1514.0,39,0,0.0,0.0,0.0,0.0,0.0,0
ES,2013-06-01,326,1347.2269938650304,7.0,1515.0,1509.4,1520.6,38,0,0.0,0.0,0.0,0.0,0.0,0
ES,2013-06-02,294,1359.6972789115644,9.630680142129112,1528.0,1518.4,1539.0,37,0,0.0,0.0,0.0,0.0,0.0,0
ES,2013-06-03,428,1400.5350467289722,6.599663291074443,1554.0,1549.2,1562.0,46,0,0.0,0.0,0.0,0.0,0.0,0
ES,2013-06-04,302,1399.632450331126,3.5,1562.5,1559.7,1565.3,39,0,0.0,0.0,0.0,0.0,0.0,0
ES,2013-06-05,252,1338.4246031746034,0.0,1572.0,1572.0,1572.0,30,0,0.0,0.0,0.0,0.0,0.0,0
ES,2013-06-06,312,1398.3750000000005,0.0,1560.0,1560.0,1560.0,36,1,76.88,0.0,0.0,0.0,0.0,1
ES,2013-06-07,357,1448.3193277310927,3.2998316455372216,1547.0,1543.0,1549.4,40,0,0.0,0.0,0.0,0.0,0.0,0
ES,2013-06-08,366,1433.961748633879,2.5,1540.5,1538.5,1542.5,41,0,0.0,0.0,0.0,0.0,0.0,0
ES,2013-06-09,315,1404.5015873015868,3.0,1545.0,1542.6,1547.4,40,0,0.0,0.0,0.0,0.0,0.0,0
ES,2013-06-10,273,1399.380952380952,0.0,1227.0,1227.0,1227.0,41,0,0.0,0.0,0.0,0.0,0.0,0
ES,2013-06-11,389,1364.398457583547,246.9926050285221,1617.0,1330.2,1628.2,39,0,0.0,0.0,0.0,0.0,0.0,0
ES,2013-06-12,341,1431.1466275659825,5.024937810560445,1542.0,1536.1,1546.5,42,0,0.0,0.0,0.0,0.0,0.0,0
ES,2013-06-13,443,1441.7110609480812,6.962199524735142,1440.5,1432.5,1447.5,38,0,0.0,0.0,0.0,0.0,0.0,0
ES,2013-06-14,334,1404.2155688622756,116.72291977156844,1451.0,1214.6,1455.2,40,0,0.0,0.0,0.0,0.0,0.0,0
ES,2013-06-15,366,1418.1174863387985,2.5,1536.5,1534.5,1538.5,35,0,0.0,0.0,0.0,0.0,0.0,0
ES,2013-06-16,224,1424.4017857142849,6.356099432828281,1534.0,1526.0,1539.8,33,0,0.0,0.0,0.0,0.0,0.0,0
ES,2013-06-17,391,1437.6470588235295,5.2141634036535525,1541.0,1537.3,1548.2,45,0,0.0,0.0,0.0,0.0,0.0,0
ES,2013-06-18,289,1394.702422145329,0.0,1547.0,1547.0,1547.0,41,0,0.0,0.0,0.0,0.0,0.0,0
ES,2013-06-19,370,1442.3702702702699,5.0682837331783235,1542.0,1536.2,1547.1,44,0,0.0,0.0,0.0,0.0,0.0,0
ES,2013-06-20,296,1383.0439189189194,0.0,1537.0,1537.0,1537.0,36,0,0.0,0.0,0.0,0.0,0.0,0
ES,2013-06-21,374,1397.2941176470588,7.854545025080728,1407.5,1401.3,1419.7,33,0,0.0,0.0,0.0,0.0,0.0,0
ES,2013-06-22,213,1343.112676056338,4.716990566028302,1410.5,1404.0,1414.0,24,0,0.0,0.0,0.0,0.0,0.0,0
ES,2013-06-23,209,1311.133971291866,6.223694642252301,1409.5,1404.2,1417.5,28,0,0.0,0.0,0.0,0.0,0.0,0
ES,2013-06-24,281,1321.1316725978647,4.5,1537.5,1533.9,1541.1,34,0,0.0,0.0,0.0,0.0,0.0,0
ES,2013-06-25,253,1390.5612648221345,4.636809247747852,1548.5,1543.1,1552.5,34,0,0.0,0.0,0.0,0.0,0.0,0
ES,2013-06-26,258,1294.1356589147285,3.858612300930075,1544.0,1542.4,1549.6,40,0,0.0,0.0,0.0,0.0,0.0,0
ES,2013-06-27,236,1349.1737288135594,5.3566666455007645,1635.0,1628.2,1640.4,31,0,0.0,0.0,0.0,0.0,0.0,0
ES,2013-06-28,246,1365.947154471545,7.645016742410413,1416.0,1405.0,1422.0,40,0,0.0,0.0,0.0,0.0,0.0,0
ES,2013-06-29,312,1376.916666666667,0.0,1536.0,1536.0,1536.0,35,0,0.0,0.0,0.0,0.0,0.0,0
ES,2013-06-30,243,1407.4773662551434,0.0,1544.0,1544.0,1544.0,31,0,0.0,0.0,0.0,0.0,0.0,0
ES,2013-07-01,391,1396.6317135549873,9.730750228014282,1537.5,1527.4,1548.3,35,0,0.0,0.0,0.0,0.0,0.0,0
ES,2013-07-02,337,1433.0712166172111,8.2915619758885,1527.0,1517.4,1535.2,39,0,0.0,0.0,0.0,0.0,0.0,0
ES,2013-07-03,273,1372.6520146520145,3.858612300930075,1526.0,1524.4,1531.6,38,0,0.0,0.0,0.0,0.0,0.0,0
ES,2013-07-04,305,1362.5377049180327,4.636809247747852,1517.5,1512.1,1521.5,35,0,0.0,0.0,0.0,0.0,0.0,0
ES,2013-07-05,245,1294.669387755102,4.47213595499958,1469.0,1464.2,1473.8,33,0,0.0,0.0,0.0,0.0,0.0,0
ES,2013-07-06,206,1394.4660194174758,4.5,1514.5,1510.9,1518.1,28,0,0.0,0.0,0.0,0.0,0.0,0
ES,2013-07-07,285,1399.4842105263153,6.015604707757983,1518.0,1512.4,1524.3,34,2,62.73,0.0,0.0,0.0,0.0,2
ES,2013-07-08,257,1354.0505836575874,0.0,1527.0,1527.0,1527.0,38,0,0.0,0.0,0.0,0.0,0.0,0
ES,2013-07-09,331,1415.6888217522653,6.995236474439826,1513.0,1504.0,1522.2,31,0,0.0,0.0,0.0,0.0,0.0,0
ES,2013-07-10,271,1391.2915129151293,6.944222218666553,1545.0,1537.8,1551.4,39,0,0.0,0.0,0.0,0.0,0.0,0
ES,2013-07-11,294,1366.47619047619,327.0875265124,1667.5,1140.6,1673.6,40,0,0.0,0.0,0.0,0.0,0.0,0
ES,2013-07-12,294,1392.2517006802718,0.0,1546.0,1546.0,1546.0,36,0,0.0,0.0,0.0,0.0,0.0,0
ES,2013-07-13,267,1329.546816479401,0.0,1540.0,1540.0,1540.0,35,0,0.0,0.0,0.0,0.0,0.0,0
ES,2013-07-14,307,1316.1661237785017,4.0,1527.0,1523.8,1530.2,41,0,0.0,0.0,0.0,0.0,0.0,0
ES,2013-07-15,261,1314.252873563218,0.0,1521.0,1521.0,1521.0,32,0,0.0,0.0,0.0,0.0,0.0,0
ES,2013-07-16,290,1372.8862068965514,0.0,1515.0,1515.0,1515.0,37,0,0.0,0.0,0.0,0.0,0.0,0
ES,2013-07-17,206,1353.2427184466012,0.0,1510.0,1510.0,1510.0,35,0,0.0,0.0,0.0,0.0,0.0,0
ES,2013-07-18,287,1383.6445993031364,3.559026084010437,1518.0,1517.2,1523.6,37,0,0.0,0.0,0.0,0.0,0.0,0
ES,2013-07-19,254,1315.035433070866,5.0,1530.0,1526.0,1534.0,35,0,0.0,0.0,0.0,0.0,0.0,0
ES,2013-07-20,270,1317.337037037037,101.15030704542926,1503.0,1283.0,1520.0,31,0,0.0,0.0,0.0,0.0,0.0,0
ES,2013-07-21,330,1318.9878787878788,3.5,1545.5,1542.7,1548.3,38,0,0.0,0.0,0.0,0.0,0.0,0
ES,2013-07-22,263,1351.6958174904942,3.299831645537222,1544.0,1540.0,1546.4,40,0,0.0,0.0,0.0,0.0,0.0,0
ES,2013-07-23,290,1343.9068965517242,10.062305898749054,1554.5,1543.7,1565.3,36,0,0.0,0.0,0.0,0.0,0.0,0
ES,2013-07-24,295,1340.5118644067795,4.0,1557.0,1553.8,1560.2,38,0,0.0,0.0,0.0,0.0,0.0,0
ES,2013-07-25,198,1406.0454545454545,0.0,1548.0,1548.0,1548.0,36,0,0.0,0.0,0.0,0.0,0.0,0
ES,2013-07-26,346,1306.4595375722547,25.233768160057974,1554.0,1540.1,1604.3,34,1,87.89,0.0,0.0,0.0,0.0,1
ES,2013-07-27,254,1372.6653543307086,0.0,1557.0,1557.0,1557.0,33,0,0.0,0.0,0.0,0.0,0.0,0
ES,2013-07-28,361,1369.739612188365,3.5,1569.5,1566.7,1572.3,36,0,0.0,0.0,0.0,0.0,0.0,0
ES,2013-07-29,306,1367.7647058823527,3.5,1577.5,1574.7,1580.3,40,0,0.0,0.0,0.0,0.0,0.0,0
ES,2013-07-30,432,1389.8009259259265,5.715476066494082,1560.0,1554.4,1565.6,46,0,0.0,0.0,0.0,0.0,0.0,0
ES,2013-07-31,334,1410.4431137724546,6.890008869531463,1549.0,1543.0,1558.5,41,0,0.0,0.0,0.0,0.0,0.0,0
ES,2013-08-01,397,1398.16120906801,7.0710678118654755,1552.5,1543.9,1561.0,43,0,0.0,0.0,0.0,0.0,0.0,0
ES,2013-08-02,336,1379.4315476190484,48.191746642391415,1566.0,1555.2,1664.2,43,0,0.0,0.0,0.0,0.0,0.0,0
ES,2013-08-03,292,1372.5034246575342,11.27427935612738,1567.0,1556.2,1582.8,35,0,0.0,0.0,0.0,0.0,0.0,0
ES,2013-08-04,338,1303.026627218935,5.035871324805669,1567.0,1562.2,1572.8,32,0,0.0,0.0,0.0,0.0,0.0,0
ES,2013-08-05,319,1395.4670846394988,0.0,1563.0,1563.0,1563.0,40,0,0.0,0.0,0.0,0.0,0.0,0
ES,2013-08-06,337,1377.3827893175073,3.0,1573.0,1570.6,1575.4,38,0,0.0,0.0,0.0,0.0,0.0,0
ES,2013-08-07,225,1383.3111111111114,4.968651728587948,1577.5,1571.2,1581.7,43,1,74.47,0.0,0.0,0.0,0.0,1
ES,2013-08-08,345,1425.0202898550724,5.0,1585.0,1581.0,1589.0,38,0,0.0,0.0,0.0,0.0,0.0,0
ES,2013-08-09,347,1364.971181556196,0.0,1572.0,1572.0,1572.0,42,0,0.0,0.0,0.0,0.0,0.0,0
ES,2013-08-10,284,1351.6760563380283,6.151422599691879,1571.0,1564.8,1578.4,37,0,0.0,0.0,0.0,0.0,0.0,0
ES,2013-08-11,261,1254.057471264368,4.898979485566356,1593.0,1588.2,1597.8,34,0,0.0,0.0,0.0,0.0,0.0,0
ES,2013-08-12,376,1329.1569148936173,4.0,1603.0,1599.8,1606.2,42,0,0.0,0.0,0.0,0.0,0.0,0
ES,2013-08-13,371,1330.946091644205,3.766629793329841,1633.5,1629.3,1637.0,38,0,0.0,0.0,0.0,0.0,0.0,0
ES,2013-08-14,411,1351.8053527980542,2.5,1591.5,1589.5,1593.5,46,0,0.0,0.0,0.0,0.0,0.0,0
ES,2013-08-15,384,1333.8151041666667,3.5,1579.5,1576.7,1582.3,44,0,0.0,0.0,0.0,0.0,0.0,0
ES,2013-08-16,373,1294.8793565683638,7.760297817881877,1585.0,1577.8,1593.0,40,0,0.0,0.0,0.0,0.0,0.0,0
ES,2013-08-17,267,1284.9625468164793,0.0,1585.0,1585.0,1585.0,41,0,0.0,0.0,0.0,0.0,0.0,0
ES,2013-08-18,340,1281.8294117647056,9.730750228014282,1580.5,1570.4,1591.3,43,0,0.0,0.0,0.0,0.0,0.0,0
ES,2013-08-19,307,1253.6612377850165,126.9699937400362,1533.0,1249.0,1588.2,37,0,0.0,0.0,0.0,0.0,0.0,0
ES,2013-08-20,260,1287.8153846153846,0.0,1575.0,1575.0,1575.0,36,0,0.0,0.0,0.0,0.0,0.0,0
ES,2013-08-21,238,1341.1554621848736,106.40908482518462,1633.5,1528.7,1655.2,40,0,0.0,0.0,0.0,0.0,0.0,0
ES,2013-08-22,392,1295.0943877551017,88.55468337174462,1608.0,1519.0,1637.8,39,0,0.0,0.0,0.0,0.0,0.0,0
ES,2013-08-23,419,1330.3412887828156,128.56301524501083,1516.0,1228.2,1529.5,40,0,0.0,0.0,0.0,0.0,0.0,0
ES,2013-08-24,397,1376.2896725440805,7.810249675906654,1582.5,1574.8,1593.6,43,0,0.0,0.0,0.0,0.0,0.0,0
ES,2013-08-25,386,1378.943005181347,7.980444849756184,1578.5,1570.4,1587.3,44,0,0.0,0.0,0.0,0.0,0.0,0
ES,2013-08-26,447,1357.6644295302012,6.015604707757983,1559.0,1553.4,1565.3,43,0,0.0,0.0,0.0,0.0,0.0,0
ES,2013-08-27,494,1398.091093117409,7.75806032459145,1587.0,1577.7,1594.2,37,0,0.0,0.0,0.0,0.0,0.0,0
ES,2013-08-28,433,1367.050808314087,9.82264602843857,1589.0,1580.7,1604.7,42,0,0.0,0.0,0.0,0.0,0.0,0
ES,2013-08-29,481,1379.5155925155925,4.968651728587948,1622.0,1616.4,1626.4,41,0,0.0,0.0,0.0,0.0,0.0,0
ES,2013-08-30,476,1360.600840336134,0.0,1613.0,1613.0,1613.0,46,0,0.0,0.0,0.0,0.0,0.0,0
ES,2013-08-31,322,1404.1459627329193,0.5,1602.5,1602.1,1602.9,46,0,0.0,0.0,0.0,0.0,0.0,0
ES,2013-09-01,257,1368.5019455252925,11.51241565813684,1583.0,1572.9,1601.4,40,0,0.0,0.0,0.0,0.0,0.0,0
ES,2013-09-02,352,1348.4772727272727,0.0,1577.0,1577.0,1577.0,42,0,0.0,0.0,0.0,0.0,0.0,0
ES,2013-09-03,395,1358.0632911392406,122.44445564741945,1448.0,1257.0,1635.2,48,0,0.0,0.0,0.0,0.0,0.0,0
ES,2013-09-04,407,1370.3980343980338,0.0,1568.0,1568.0,1568.0,43,0,0.0,0.0,0.0,0.0,0.0,0
ES,2013-09-05,466,1326.9785407725317,4.0,1565.0,1561.8,1568.2,42,0,0.0,0.0,0.0,0.0,0.0,0
ES,2013-09-06,337,1317.1157270029678,5.656854249492381,1569.0,1563.4,1574.6,48,0,0.0,0.0,0.0,0.0,0.0,0
ES,2013-09-07,361,1362.9168975069254,6.529931086925803,1571.0,1565.6,1579.6,40,0,0.0,0.0,0.0,0.0,0.0,0
ES,2013-09-08,439,1302.8314350797261,5.842849380986034,1589.0,1584.5,1597.0,49,0,0.0,0.0,0.0,0.0,0.0,0
ES,2013-09-09,457,1357.0525164113787,7.413501197140255,1604.0,1598.0,1614.6,44,0,0.0,0.0,0.0,0.0,0.0,0
ES,2013-09-10,404,1354.4232673267327,8.207313811473277,1621.0,1611.4,1630.0,44,0,0.0,0.0,0.0,0.0,0.0,0
ES,2013-09-11,332,1357.2469879518071,0.0,1637.0,1637.0,1637.0,39,0,0.0,0.0,0.0,0.0,0.0,0
ES,2013-09-12,286,1413.8216783216785,5.9651767227244274,1633.5,1625.5,1638.5,38,0,0.0,0.0,0.0,0.0,0.0,0
ES,2013-09-13,409,1373.3960880195593,5.5,1641.5,1637.1,1645.9,46,1,87.26,0.0,0.0,0.0,0.0,1
ES,2013-09-14,239,1354.4937238493721,3.0,1629.0,1626.6,1631.4,41,0,0.0,0.0,0.0,0.0,0.0,0
ES,2013-09-15,299,1364.8026755852843,6.683312551921141,1649.0,1640.2,1653.0,39,0,0.0,0.0,0.0,0.0,0.0,0
ES,2013-09-16,410,1396.029268292683,16.753109164172084,1627.0,1598.2,1637.8,42,0,0.0,0.0,0.0,0.0,0.0,0
ES,2013-09-17,467,1379.3040685224837,4.879093722768149,1589.0,1582.0,1593.5,40,1,77.33,0.0,0.0,0.0,0.0,1
ES,2013-09-18,334,1322.4700598802397,6.548960901462833,1596.0,1590.4,1603.2,39,0,0.0,0.0,0.0,0.0,0.0,0
ES,2013-09-19,400,1381.9099999999996,1.0,1599.0,1598.2,1599.8,45,0,0.0,0.0,0.0,0.0,0.0,0
ES,2013-09-20,418,1340.822966507177,6.727949622466639,1597.0,1588.8,1605.8,48,0,0.0,0.0,0.0,0.0,0.0,0
ES,2013-09-21,237,1393.3080168776376,0.0,1580.0,1580.0,1580.0,38,0,0.0,0.0,0.0,0.0,0.0,0
ES,2013-09-22,416,1337.302884615385,11.21041789532197,1570.0,1557.4,1583.2,45,0,0.0,0.0,0.0,0.0,0.0,0
ES,2013-09-23,429,1370.9510489510487,3.112474899497183,1559.5,1555.2,1561.7,47,0,0.0,0.0,0.0,0.0,0.0,0
ES,2013-09-24,515,1359.3398058252428,6.97614984548545,1561.0,1553.0,1566.6,41,0,0.0,0.0,0.0,0.0,0.0,0
ES,2013-09-25,524,1438.2805343511448,4.354308211415448,1577.0,1575.8,1585.2,47,0,0.0,0.0,0.0,0.0,0.0,0
ES,2013-09-26,427,1469.6135831381728,4.14578098794425,1580.5,1578.0,1586.5,35,0,0.0,0.0,0.0,0.0,0.0,0
ES,2013-09-27,394,1362.652284263959,6.740919818541086,1580.0,1570.8,1585.6,44,1,80.57,0.0,0.0,0.0,0.0,1
ES,2013-09-28,398,1356.4020100502516,3.299831645537222,1589.0,1583.4,1589.0,45,0,0.0,0.0,0.0,0.0,0.0,0
ES,2013-09-29,341,1359.5425219941346,3.5,1576.5,1573.7,1579.3,44,0,0.0,0.0,0.0,0.0,0.0,0
ES,2013-09-30,400,1323.2625,3.8586123009300755,1589.0,1587.4,1594.6,48,0,0.0,0.0,0.0,0.0,0.0,0
ES,2013-10-01,556,1336.0665467625897,4.0,1590.0,1586.8,1593.2,44,0,0.0,0.0,0.0,0.0,0.0,0
ES,2013-10-02,398,1254.427135678391,7.884161337770809,1548.0,1536.6,1554.2,45,0,0.0,0.0,0.0,0.0,0.0,0
ES,2013-10-03,480,1301.7208333333335,9.283722313813572,1581.0,1571.4,1591.3,43,0,0.0,0.0,0.0,0.0,0.0,0
ES,2013-10-04,703,1360.290184921764,25.636512423314706,1608.0,1580.2,1642.0,42,0,0.0,0.0,0.0,0.0,0.0,0
ES,2013-10-05,275,1256.9309090909094,4.836088822803074,1577.0,1567.8,1579.0,42,0,0.0,0.0,0.0,0.0,0.0,0
ES,2013-10-06,556,1302.9712230215823,8.178630692236936,1605.5,1594.2,1610.6,51,0,0.0,0.0,0.0,0.0,0.0,0
ES,2013-10-07,554,1390.0433212996395,4.5,1585.5,1581.9,1589.1,51,0,0.0,0.0,0.0,0.0,0.0,0
ES,2013-10-08,744,1429.4180107526881,3.5,1575.5,1572.7,1578.3,49,0,0.0,0.0,0.0,0.0,0.0,0
ES,2013-10-09,741,1480.0809716599197,8.757504070853773,1594.0,1586.2,1607.4,49,0,0.0,0.0,0.0,0.0,0.0,0
ES,2013-10-10,445,1379.979775280899,4.5,1596.5,1592.9,1600.1,46,0,0.0,0.0,0.0,0.0,0.0,0
ES,2013-10-11,703,1412.7425320056905,231.27213407585447,1578.0,1104.4,1584.2,51,1,89.73,0.0,0.0,0.0,0.0,1
ES,2013-10-12,395,1308.9620253164562,3.24037034920393,1591.5,1588.9,1595.5,47,1,70.55,0.0,0.0,0.0,0.0,1
ES,2013-10-13,424,1316.6533018867924,4.5,1592.5,1588.9,1596.1,45,0,0.0,0.0,0.0,0.0,0.0,0
ES,2013-10-14,656,1372.254573170732,0.0,1251.0,1251.0,1251.0,49,0,0.0,0.0,0.0,0.0,0.0,0
ES,2013-10-15,556,1376.1366906474818,115.1490628128022,1522.0,1271.4,1582.2,50,1,73.23,0.0,0.0,0.0,0.0,1
ES,2013-10-16,411,1268.0900243309006,9.86154146165801,1569.0,1557.7,1578.9,47,0,0.0,0.0,0.0,0.0,0.0,0
ES,2013-10-17,501,1303.768463073852,76.08192280304071,1363.0,1345.4,1386.9,42,0,0.0,0.0,0.0,0.0,0.0,0
ES,2013-10-18,407,1221.9901719901718,0.0,1554.0,1554.0,1554.0,46,0,0.0,0.0,0.0,0.0,0.0,0
ES,2013-10-19,386,1343.518134715026,4.090767042988393,1545.0,1540.7,1550.3,45,0,0.0,0.0,0.0,0.0,0.0,0
ES,2013-10-20,396,1315.8813131313132,5.398412465054624,1528.0,1523.2,1534.8,55,1,70.59,0.0,0.0,0.0,0.0,1
ES,2013-10-21,522,1367.3812260536404,10.954451150103322,1583.0,1566.6,1592.5,47,0,0.0,0.0,0.0,0.0,0.0,0
ES,2013-10-22,533,1378.084427767355,4.0,1548.0,1544.8,1551.2,48,0,0.0,0.0,0.0,0.0,0.0,0
ES,2013-10-23,479,1371.3883089770356,206.5,1355.5,1190.3,1520.7,53,0,0.0,0.0,0.0,0.0,0.0,0
ES,2013-10-24,485,1317.698969072165,0.0,1564.0,1564.0,1564.0,45,0,0.0,0.0,0.0,0.0,0.0,0
ES,2013-10-25,540,1325.5425925925927,4.320493798938574,1570.0,1563.6,1571.6,45,0,0.0,0.0,0.0,0.0,0.0,0
ES,2013-10-26,350,1316.3628571428571,72.34018275354526,1041.0,963.0,1131.0,46,0,0.0,0.0,0.0,0.0,0.0,0
ES,2013-10-27,649,1430.9167950693377,7.4404300950953095,1555.0,1545.2,1561.6,53,0,0.0,0.0,0.0,0.0,0.0,0
ES,2013-10-28,495,1403.430303030303,152.99745822144308,1549.0,1292.2,1554.6,64,0,0.0,0.0,0.0,0.0,0.0,0
ES,2013-10-29,563,1365.980461811723,0.0,1567.0,1567.0,1567.0,52,0,0.0,0.0,0.0,0.0,0.0,0
ES,2013-10-30,629,1359.1860095389507,9.40744386111339,1547.5,1536.7,1556.9,51,0,0.0,0.0,0.0,0.0,0.0,0
ES,2013-10-31,583,1292.327615780446,4.5,1539.5,1535.9,1543.1,54,0,0.0,0.0,0.0,0.0,0.0,0
ES,2013-11-01,400,1277.7599999999998,17.47915425108816,1537.0,1521.6,1566.3,45,0,0.0,0.0,0.0,0.0,0.0,0
ES,2013-11-02,378,1276.60582010582,5.418486873657627,1557.0,1551.8,1562.8,40,0,0.0,0.0,0.0,0.0,0.0,0
ES,2013-11-03,525,1373.8076190476188,3.418698582794336,1548.5,1543.9,1551.0,52,0,0.0,0.0,0.0,0.0,0.0,0
ES,2013-11-04,684,1342.8742690058482,4.988876515698588,1551.0,1544.6,1554.2,55,0,0.0,0.0,0.0,0.0,0.0,0
ES,2013-11-05,506,1345.4308300395253,0.0,1535.0,1535.0,1535.0,48,0,0.0,0.0,0.0,0.0,0.0,0
ES,2013-11-06,476,1311.7289915966387,8.981462390204987,1316.0,1307.2,1324.8,43,0,0.0,0.0,0.0,0.0,0.0,0
ES,2013-11-07,581,1386.7228915662652,169.73705154345845,1535.0,1250.2,1541.4,49,0,0.0,0.0,0.0,0.0,0.0,0
ES,2013-11-08,521,1317.3512476007681,3.858612300930075,1540.0,1534.4,1541.6,53,0,0.0,0.0,0.0,0.0,0.0,0
ES,2013-11-09,325,1282.2061538461537,5.018714974971183,1532.5,1528.5,1538.6,48,0,0.0,0.0,0.0,0.0,0.0,0
ES,2013-11-10,295,1340.9932203389833,6.128258770283411,1530.0,1523.6,1535.6,50,0,0.0,0.0,0.0,0.0,0.0,0
ES,2013-11-11,500,1324.026,160.16710024221578,1527.0,1277.3,1555.5,55,0,0.0,0.0,0.0,0.0,0.0,0
ES,2013-11-12,525,1321.407619047619,103.88936422945324,1610.0,1467.5,1617.5,47,0,0.0,0.0,0.0,0.0,0.0,0
ES,2013-11-13,408,1248.7818627450988,179.0,1358.0,1214.8,1501.2,53,0,0.0,0.0,0.0,0.0,0.0,0
ES,2013-11-14,438,1253.643835616438,0.0,1530.0,1530.0,1530.0,54,0,0.0,0.0,0.0,0.0,0.0,0
ES,2013-11-15,459,1337.7494553376898,166.89517668285083,1516.0,1235.2,1520.8,61,0,0.0,0.0,0.0,0.0,0.0,0
ES,2013-11-16,354,1237.127118644068,179.14116097523637,1528.0,1225.6,1531.2,52,0,0.0,0.0,0.0,0.0,0.0,0
ES,2013-11-17,435,1279.908045977011,6.624868971450597,1533.5,1526.0,1541.5,53,0,0.0,0.0,0.0,0.0,0.0,0
ES,2013-11-18,465,1296.490322580646,39.483915609229214,1595.0,1546.2,1603.4,59,0,0.0,0.0,0.0,0.0,0.0,0
ES,2013-11-19,643,1384.1539657853818,0.0,1549.0,1549.0,1549.0,56,1,95.68,0.0,0.0,0.0,0.0,1
ES,2013-11-20,453,1342.812362030905,6.378675411086537,1547.5,1541.4,1554.3,57,0,0.0,0.0,0.0,0.0,0.0,0
ES,2013-11-21,554,1321.6444043321296,4.968651728587948,1562.5,1557.1,1567.2,53,0,0.0,0.0,0.0,0.0,0.0,0
ES,2013-11-22,572,1329.7639860139855,6.046119049072351,1576.5,1570.5,1583.0,47,0,0.0,0.0,0.0,0.0,0.0,0
ES,2013-11-23,463,1314.9935205183576,0.0,1583.0,1583.0,1583.0,54,0,0.0,0.0,0.0,0.0,0.0,0
ES,2013-11-24,580,1405.5758620689658,8.901369276689964,1557.5,1547.5,1572.0,54,0,0.0,0.0,0.0,0.0,0.0,0
ES,2013-11-25,377,1248.9336870026525,4.5,1558.5,1554.9,1562.1,54,0,0.0,0.0,0.0,0.0,0.0,0
ES,2013-11-26,416,1346.2403846153845,0.0,1562.0,1562.0,1562.0,53,0,0.0,0.0,0.0,0.0,0.0,0
ES,2013-11-27,467,1380.1284796573875,0.0,1571.0,1571.0,1571.0,54,0,0.0,0.0,0.0,0.0,0.0,0
ES,2013-11-28,571,1368.9089316987745,5.0,1573.0,1569.0,1577.0,52,0,0.0,0.0,0.0,0.0,0.0,0
ES,2013-11-29,640,1446.0250000000003,2.0,1576.0,1574.4,1577.6,57,0,0.0,0.0,0.0,0.0,0.0,0
ES,2013-11-30,375,1381.866666666667,69.1323654348474,1322.0,1306.0,1492.4,43,0,0.0,0.0,0.0,0.0,0.0,0
ES,2013-12-01,568,1424.5281690140848,6.887670143089026,1558.0,1550.6,1565.6,48,0,0.0,0.0,0.0,0.0,0.0,0
ES,2013-12-02,594,1343.0791245791238,4.0,1630.0,1626.8,1633.2,49,0,0.0,0.0,0.0,0.0,0.0,0
ES,2013-12-03,768,1407.3658854166667,141.36699791384677,1635.0,1322.0,1651.0,61,0,0.0,0.0,0.0,0.0,0.0,0
ES,2013-12-04,654,1355.6192660550457,6.910861017268399,1546.0,1539.6,1554.6,57,0,0.0,0.0,0.0,0.0,0.0,0
ES,2013-12-05,622,1360.1672025723474,6.531972647421808,1536.0,1529.6,1542.4,61,0,0.0,0.0,0.0,0.0,0.0,0
ES,2013-12-06,569,1338.0017574692451,48.40339749324306,1536.0,1531.2,1635.6,63,0,0.0,0.0,0.0,0.0,0.0,0
ES,2013-12-07,499,1311.4949899799594,52.44282601080914,1559.0,1547.0,1615.0,59,0,0.0,0.0,0.0,0.0,0.0,0
ES,2013-12-08,634,1309.6482649842274,6.523802572120037,1561.0,1553.4,1568.0,59,0,0.0,0.0,0.0,0.0,0.0,0
ES,2013-12-09,505,1281.3148514851487,3.897114317029974,1583.0,1579.5,1587.2,53,0,0.0,0.0,0.0,0.0,0.0,0
ES,2013-12-10,564,1379.2535460992913,3.5,1574.5,1571.7,1577.3,55,0,0.0,0.0,0.0,0.0,0.0,0
ES,2013-12-11,558,1256.3763440860214,82.59674462242577,1589.0,1581.0,1725.0,57,0,0.0,0.0,0.0,0.0,0.0,0
ES,2013-12-12,486,1246.0041152263373,0.0,1599.0,1599.0,1599.0,58,0,0.0,0.0,0.0,0.0,0.0,0
ES,2013-12-13,343,1193.7725947521865,4.189935029992178,1589.0,1583.4,1591.4,50,0,0.0,0.0,0.0,0.0,0.0,0
ES,2013-12-14,368,1292.576086956522,72.40607709301754,1288.0,1177.8,1295.2,38,0,0.0,0.0,0.0,0.0,0.0,0
ES,2013-12-15,459,1411.3877995642704,6.599663291074443,1603.0,1598.2,1611.0,52,1,95.88,0.0,0.0,0.0,0.0,1
ES,2013-12-16,717,1425.721059972107,0.0,1605.0,1605.0,1605.0,58,0,0.0,0.0,0.0,0.0,0.0,0
ES,2013-12-17,599,1409.9232053422372,0.0,1599.0,1599.0,1599.0,55,0,0.0,0.0,0.0,0.0,0.0,0
ES,2013-12-18,576,1351.8871527777776,127.839156755667,1582.5,1305.0,1591.0,59,0,0.0,0.0,0.0,0.0,0.0,0
ES,2013-12-19,518,1300.4749034749032,11.74734012447073,1625.0,1611.6,1638.2,56,0,0.0,0.0,0.0,0.0,0.0,0
ES,2013-12-20,554,1359.2436823104695,6.531972647421808,1655.0,1648.6,1661.4,56,0,0.0,0.0,0.0,0.0,0.0,0
ES,2013-12-21,476,1361.9621848739494,138.87653989545294,1594.0,1302.0,1605.6,46,0,0.0,0.0,0.0,0.0,0.0,0
ES,2013-12-22,466,1386.4849785407728,0.0,1655.0,1655.0,1655.0,44,0,0.0,0.0,0.0,0.0,0.0,0
ES,2013-12-23,591,1436.2758037225046,6.599663291074443,1642.0,1634.0,1646.8,56,0,0.0,0.0,0.0,0.0,0.0,0
ES,2013-12-24,521,1383.5182341650675,2.5,1627.5,1625.5,1629.5,54,0,0.0,0.0,0.0,0.0,0.0,0
ES,2013-12-25,407,1333.8255528255534,0.0,1620.0,1620.0,1620.0,49,0,0.0,0.0,0.0,0.0,0.0,0
ES,2013-12-26,591,1379.5228426395938,0.0,1614.0,1614.0,1614.0,54,0,0.0,0.0,0.0,0.0,0.0,0
ES,2013-12-27,577,1393.277296360485,6.6332495807108,1596.0,1590.0,1605.0,55,0,0.0,0.0,0.0,0.0,0.0,0
ES,2013-12-28,506,1397.335968379447,106.30544705029163,1540.0,1328.0,1554.0,52,0,0.0,0.0,0.0,0.0,0.0,0
ES,2013-12-29,565,1346.0336283185843,13.095800853708795,1574.0,1564.9,1595.0,53,0,0.0,0.0,0.0,0.0,0.0,0
ES,2013-12-30,519,1349.8169556840073,5.535341001239218,1572.0,1564.4,1576.6,49,0,0.0,0.0,0.0,0.0,0.0,0
ES,2013-12-31,492,1348.589430894309,5.0039984012787215,1581.0,1574.8,1586.0,51,0,0.0,0.0,0.0,0.0,0.0,0
ES,2014-01-01,548,1283.8284671532845,3.5,1570.5,1567.7,1573.3,55,0,0.0,0.0,0.0,0.0,0.0,0
ES,2014-01-02,569,1355.0492091388405,6.724747000610672,1573.0,1563.6,1580.9,59,0,0.0,0.0,0.0,0.0,0.0,0
ES,2014-01-03,684,1336.2880116959063,5.312459150169742,1579.0,1573.4,1583.8,54,0,0.0,0.0,0.0,0.0,0.0,0
ES,2014-01-04,479,1354.204592901879,4.166533331199932,1593.0,1589.8,1599.2,49,0,0.0,0.0,0.0,0.0,0.0,0
ES,2014-01-05,380,1353.0736842105255,9.137833441248533,1584.5,1574.9,1595.8,58,0,0.0,0.0,0.0,0.0,0.0,0
ES,2014-01-06,358,1303.516759776537,0.0,1592.0,1592.0,1592.0,51,0,0.0,0.0,0.0,0.0,0.0,0
ES,2014-01-07,452,1382.3628318584076,0.0,1599.0,1599.0,1599.0,60,0,0.0,0.0,0.0,0.0,0.0,0
ES,2014-01-08,337,1324.9287833827893,0.0,1609.0,1609.0,1609.0,52,0,0.0,0.0,0.0,0.0,0.0,0
ES,2014-01-09,468,1399.9230769230767,0.0,1617.0,1617.0,1617.0,57,0,0.0,0.0,0.0,0.0,0.0,0
ES,2014-01-10,560,1357.376785714286,0.0,1624.0,1624.0,1624.0,61,0,0.0,0.0,0.0,0.0,0.0,0
ES,2014-01-11,456,1315.342105263158,0.0,1614.0,1614.0,1614.0,58,0,0.0,0.0,0.0,0.0,0.0,0
ES,2014-01-12,412,1337.8009708737861,5.0,1612.0,1608.0,1616.0,54,0,0.0,0.0,0.0,0.0,0.0,0
ES,2014-01-13,375,1359.1920000000002,4.0,1621.0,1617.8,1624.2,56,0,0.0,0.0,0.0,0.0,0.0,0
ES,2014-01-14,461,1353.4316702819965,5.5,1617.5,1613.1,1621.9,57,0,0.0,0.0,0.0,0.0,0.0,0
ES,2014-01-15,406,1348.9802955665016,4.5,1252.5,1248.9,1256.1,47,0,0.0,0.0,0.0,0.0,0.0,0
ES,2014-01-16,484,1406.5578512396696,4.320493798938574,1616.0,1609.6,1617.6,52,0,0.0,0.0,0.0,0.0,0.0,0
ES,2014-01-17,630,1412.5555555555557,3.8586123009300755,1610.0,1608.4,1615.6,53,0,0.0,0.0,0.0,0.0,0.0,0
ES,2014-01-18,596,1375.4496644295305,6.164414002968976,1597.0,1589.8,1601.8,66,0,0.0,0.0,0.0,0.0,0.0,0
ES,2014-01-19,537,1360.3258845437617,7.646713164636308,1583.0,1576.0,1592.5,55,0,0.0,0.0,0.0,0.0,0.0,0
ES,2014-01-20,535,1338.8953271028035,10.369613729010782,1579.0,1565.0,1588.6,57,0,0.0,0.0,0.0,0.0,0.0,0
ES,2014-01-21,552,1350.8115942028987,7.3484692283495345,1587.0,1579.8,1594.2,57,0,0.0,0.0,0.0,0.0,0.0,0
ES,2014-01-22,488,1329.8790983606561,9.617692030835672,1600.0,1589.7,1610.3,48,0,0.0,0.0,0.0,0.0,0.0,0
ES,2014-01-23,499,1320.20240480962,0.0,1623.0,1623.0,1623.0,64,0,0.0,0.0,0.0,0.0,0.0,0
ES,2014-01-24,640,1332.2265625000002,2.5,1510.5,1508.5,1512.5,52,0,0.0,0.0,0.0,0.0,0.0,0
ES,2014-01-25,496,1379.1713709677415,3.6817870057290873,1613.0,1609.8,1617.0,53,0,0.0,0.0,0.0,0.0,0.0,0
ES,2014-01-26,449,1314.3942093541204,0.0,1613.0,1613.0,1613.0,60,0,0.0,0.0,0.0,0.0,0.0,0
ES,2014-01-27,498,1364.4658634538152,3.858612300930075,1617.0,1611.4,1618.6,58,0,0.0,0.0,0.0,0.0,0.0,0
ES,2014-01-28,467,1322.9400428265524,4.654746681256314,1628.5,1624.0,1634.5,58,0,0.0,0.0,0.0,0.0,0.0,0
ES,2014-01-29,414,1315.5120772946866,4.496912521077347,1644.0,1639.2,1648.0,55,0,0.0,0.0,0.0,0.0,0.0,0
ES,2014-01-30,481,1320.276507276507,6.962199524735142,1645.0,1637.0,1653.5,65,0,0.0,0.0,0.0,0.0,0.0,0
ES,2014-01-31,371,1358.6199460916434,5.5,1550.5,1546.1,1554.9,58,1,66.51,0.0,0.0,0.0,0.0,1
ES,2014-02-01,489,1340.7034764826178,28.24470416926804,1507.0,1489.2,1564.8,57,0,0.0,0.0,0.0,0.0,0.0,0
ES,2014-02-02,443,1351.020316027088,4.5,1625.5,1621.9,1629.1,62,0,0.0,0.0,0.0,0.0,0.0,0
ES,2014-02-03,599,1366.8113522537562,5.603173703853519,1614.0,1608.0,1620.2,63,0,0.0,0.0,0.0,0.0,0.0,0
ES,2014-02-04,465,1358.6903225806452,3.0,1622.0,1619.6,1624.4,63,0,0.0,0.0,0.0,0.0,0.0,0
ES,2014-02-05,395,1284.0101265822789,49.49494923727067,1447.0,1425.2,1499.2,54,0,0.0,0.0,0.0,0.0,0.0,0
ES,2014-02-06,560,1320.571428571429,192.23104720675087,1615.0,1391.0,1622.4,61,0,0.0,0.0,0.0,0.0,0.0,0
ES,2014-02-07,517,1327.0599613152801,3.0,1620.0,1617.6,1622.4,59,0,0.0,0.0,0.0,0.0,0.0,0
ES,2014-02-08,486,1370.4876543209878,131.71763865245967,1512.0,1245.8,1526.6,61,0,0.0,0.0,0.0,0.0,0.0,0
ES,2014-02-09,378,1314.248677248677,0.0,1614.0,1614.0,1614.0,58,0,0.0,0.0,0.0,0.0,0.0,0
ES,2014-02-10,475,1346.3684210526308,9.909797254871215,1593.0,1585.0,1607.8,57,0,0.0,0.0,0.0,0.0,0.0,0
ES,2014-02-11,413,1295.365617433414,12.607934009979589,1574.0,1558.6,1587.2,60,0,0.0,0.0,0.0,0.0,0.0,0
ES,2014-02-12,397,1323.5390428211588,8.435638683585257,1561.5,1553.0,1570.9,63,1,41.46,0.0,0.0,0.0,0.0,1
ES,2014-02-13,394,1372.8197969543141,8.21621402103829,1580.0,1570.6,1589.0,53,0,0.0,0.0,0.0,0.0,0.0,0
ES,2014-02-14,588,1350.481292517007,4.264680527307995,1567.0,1562.3,1571.0,65,0,0.0,0.0,0.0,0.0,0.0,0
ES,2014-02-15,573,1348.2390924956367,7.949056547792323,1580.0,1571.1,1588.2,61,0,0.0,0.0,0.0,0.0,0.0,0
ES,2014-02-16,606,1317.8036303630358,5.823801736552049,1607.0,1601.0,1614.5,58,0,0.0,0.0,0.0,0.0,0.0,0
ES,2014-02-17,563,1362.4245115452934,6.531972647421808,1607.0,1600.6,1613.4,62,0,0.0,0.0,0.0,0.0,0.0,0
ES,2014-02-18,524,1314.7213740458014,8.935323161475472,1622.0,1610.0,1629.8,61,0,0.0,0.0,0.0,0.0,0.0,0
ES,2014-02-19,518,1333.6679536679537,0.0,1621.0,1621.0,1621.0,53,0,0.0,0.0,0.0,0.0,0.0,0
ES,2014-02-20,456,1276.9276315789468,6.128258770283411,1618.0,1612.4,1624.4,59,1,85.96,0.0,0.0,0.0,0.0,1
ES,2014-02-21,521,1355.1900191938578,7.088723439378913,1597.0,1588.0,1604.5,63,0,0.0,0.0,0.0,0.0,0.0,0
ES,2014-02-22,437,1347.398169336385,0.0,1580.0,1580.0,1580.0,58,0,0.0,0.0,0.0,0.0,0.0,0
ES,2014-02-23,428,1346.1799065420564,8.089499366462675,1570.0,1564.2,1581.8,59,0,0.0,0.0,0.0,0.0,0.0,0
ES,2014-02-24,545,1339.833027522935,0.0,1592.0,1592.0,1592.0,64,0,0.0,0.0,0.0,0.0,0.0,0
ES,2014-02-25,456,1286.7105263157898,6.708203932499369,1610.0,1602.8,1617.2,59,0,0.0,0.0,0.0,0.0,0.0,0
ES,2014-02-26,445,1358.393258426967,0.0,1626.0,1626.0,1626.0,63,0,0.0,0.0,0.0,0.0,0.0,0
ES,2014-02-27,406,1410.4088669950738,303.0,1331.0,1088.6,1573.4,61,0,0.0,0.0,0.0,0.0,0.0,0
ES,2014-02-28,525,1312.4209523809525,32.386098483763064,1560.0,1490.2,1569.6,56,0,0.0,0.0,0.0,0.0,0.0,0
ES,2014-03-01,502,1357.4900398406373,5.0,1619.0,1615.0,1623.0,59,0,0.0,0.0,0.0,0.0,0.0,0
ES,2014-03-02,434,1303.2788018433175,7.050955703403685,1630.0,1621.4,1638.0,59,0,0.0,0.0,0.0,0.0,0.0,0
ES,2014-03-03,587,1339.3867120953998,146.14205418017087,1216.0,1208.1,1450.7,65,0,0.0,0.0,0.0,0.0,0.0,0
ES,2014-03-04,620,1328.9435483870968,4.534313619501853,1636.0,1631.0,1640.6,60,0,0.0,0.0,0.0,0.0,0.0,0
ES,2014-03-05,461,1277.7982646420817,4.898979485566356,1648.0,1643.2,1652.8,53,0,0.0,0.0,0.0,0.0,0.0,0
ES,2014-03-06,548,1389.4032846715327,6.548960901462833,1639.0,1631.8,1644.6,59,0,0.0,0.0,0.0,0.0,0.0,0
ES,2014-03-07,691,1381.4963820549929,3.0,1618.0,1615.6,1620.4,68,0,0.0,0.0,0.0,0.0,0.0,0
ES,2014-03-08,659,1358.389984825493,5.0,1616.0,1612.0,1620.0,59,0,0.0,0.0,0.0,0.0,0.0,0
ES,2014-03-09,568,1348.2218309859159,10.290286682109494,1610.0,1599.5,1622.6,64,0,0.0,0.0,0.0,0.0,0.0,0
ES,2014-03-10,733,1355.3847203274213,7.024737630368141,1633.0,1623.2,1638.2,68,0,0.0,0.0,0.0,0.0,0.0,0
ES,2014-03-11,723,1343.5546334716462,22.66803917413237,1507.5,1499.6,1556.9,61,0,0.0,0.0,0.0,0.0,0.0,0
ES,2014-03-12,814,1325.2407862407856,6.121455890735652,1633.0,1626.5,1640.0,67,0,0.0,0.0,0.0,0.0,0.0,0
ES,2014-03-13,682,1336.0102639296192,10.066445913694333,1662.0,1647.5,1670.5,61,0,0.0,0.0,0.0,0.0,0.0,0
ES,2014-03-14,575,1292.8626086956524,0.0,1243.0,1243.0,1243.0,57,0,0.0,0.0,0.0,0.0,0.0,0
ES,2014-03-15,652,1372.8834355828224,2.5,1666.5,1664.5,1668.5,65,0,0.0,0.0,0.0,0.0,0.0,0
ES,2014-03-16,527,1281.1271347248578,6.332358599455559,1656.0,1649.2,1663.8,64,0,0.0,0.0,0.0,0.0,0.0,0
ES,2014-03-17,796,1312.7525125628138,2.8613807855648994,1637.0,1634.3,1640.4,68,0,0.0,0.0,0.0,0.0,0.0,0
ES,2014-03-18,574,1347.0296167247388,7.280109889280518,1501.0,1494.8,1510.0,64,0,0.0,0.0,0.0,0.0,0.0,0
ES,2014-03-19,571,1371.7057793345002,4.109609335312651,1623.0,1618.2,1626.2,64,0,0.0,0.0,0.0,0.0,0.0,0
ES,2014-03-20,671,1324.8152011922507,0.0,1629.0,1629.0,1629.0,65,0,0.0,0.0,0.0,0.0,0.0,0
ES,2014-03-21,794,1373.3627204030222,6.305553108173779,1615.5,1609.4,1622.4,68,0,0.0,0.0,0.0,0.0,0.0,0
ES,2014-03-22,579,1355.85146804836,7.782030583337488,1624.0,1615.0,1632.6,67,0,0.0,0.0,0.0,0.0,0.0,0
ES,2014-03-23,654,1309.788990825688,14.968606200900373,1631.0,1615.4,1652.8,69,0,0.0,0.0,0.0,0.0,0.0,0
ES,2014-03-24,546,1336.571428571429,13.929385405601275,1594.5,1581.7,1616.6,53,0,0.0,0.0,0.0,0.0,0.0,0
ES,2014-03-25,558,1306.826164874552,11.70678815426712,1643.0,1631.4,1660.4,60,0,0.0,0.0,0.0,0.0,0.0,0
ES,2014-03-26,591,1384.773265651438,10.473180032826706,1652.5,1644.1,1668.8,60,0,0.0,0.0,0.0,0.0,0.0,0
ES,2014-03-27,500,1280.6380000000004,11.279609560473922,1627.5,1617.6,1648.2,61,0,0.0,0.0,0.0,0.0,0.0,0
ES,2014-03-28,530,1322.0716981132073,8.764492371530268,1645.0,1632.6,1652.4,58,0,0.0,0.0,0.0,0.0,0.0,0
ES,2014-03-29,595,1374.6655462184874,6.7494855771055295,1602.5,1594.5,1610.0,66,0,0.0,0.0,0.0,0.0,0.0,0
ES,2014-03-30,602,1313.7541528239205,5.651327277728657,1661.0,1654.4,1668.2,69,0,0.0,0.0,0.0,0.0,0.0,0
ES,2014-03-31,519,1359.0443159922931,0.0,1660.0,1660.0,1660.0,61,0,0.0,0.0,0.0,0.0,0.0,0
ES,2014-04-01,586,1334.17747440273,11.144688494195478,1640.0,1627.6,1653.6,72,1,4.75,0.0,0.0,0.0,0.0,1
ES,2014-04-02,650,1372.5199999999998,6.887670143089026,1620.0,1611.8,1627.2,72,0,0.0,0.0,0.0,0.0,0.0,0
ES,2014-04-03,601,1367.3677204658902,9.649409884086753,1609.0,1597.4,1618.2,61,0,0.0,0.0,0.0,0.0,0.0,0
ES,2014-04-04,619,1350.2907915993537,0.0,1605.0,1605.0,1605.0,66,0,0.0,0.0,0.0,0.0,0.0,0
ES,2014-04-05,511,1380.704500978473,3.5,1618.5,1615.7,1621.3,71,1,92.38,0.0,0.0,0.0,0.0,1
ES,2014-04-06,698,1391.5859598853874,9.218874894529574,1627.0,1617.4,1636.8,65,0,0.0,0.0,0.0,0.0,0.0,0
ES,2014-04-07,561,1349.6702317290549,11.637761812307382,1642.0,1624.8,1653.1,69,0,0.0,0.0,0.0,0.0,0.0,0
ES,2014-04-08,453,1340.1721854304637,13.141208392864462,1623.0,1602.6,1632.4,62,0,0.0,0.0,0.0,0.0,0.0,0
ES,2014-04-09,530,1362.4037735849056,6.128258770283411,1588.5,1580.5,1594.0,63,0,0.0,0.0,0.0,0.0,0.0,0
ES,2014-04-10,762,1397.5485564304463,5.41602560309064,1581.0,1575.5,1586.5,66,0,0.0,0.0,0.0,0.0,0.0,0
ES,2014-04-11,654,1353.622324159021,0.0,1565.0,1565.0,1565.0,69,0,0.0,0.0,0.0,0.0,0.0,0
ES,2014-04-12,457,1381.1597374179423,5.312459150169742,1551.0,1546.2,1556.6,71,0,0.0,0.0,0.0,0.0,0.0,0
ES,2014-04-13,573,1369.1221640488657,12.278255395436094,1545.0,1537.4,1569.0,68,0,0.0,0.0,0.0,0.0,0.0,0
ES,2014-04-14,477,1330.658280922432,5.899623340142619,1560.5,1552.0,1565.0,66,0,0.0,0.0,0.0,0.0,0.0,0
ES,2014-04-15,542,1313.057195571956,8.613216588476108,1546.0,1537.1,1555.6,65,0,0.0,0.0,0.0,0.0,0.0,0
ES,2014-04-16,513,1320.1968810916173,9.057593499379403,1544.5,1530.8,1556.1,60,0,0.0,0.0,0.0,0.0,0.0,0
ES,2014-04-17,557,1284.5924596050268,11.034038245356955,1575.0,1556.6,1583.2,62,0,0.0,0.0,0.0,0.0,0.0,0
ES,2014-04-18,537,1293.3668528864061,17.636422211711537,1560.5,1550.1,1593.1,53,0,0.0,0.0,0.0,0.0,0.0,0
ES,2014-04-19,561,1284.750445632799,4.0,1622.0,1618.8,1625.2,63,0,0.0,0.0,0.0,0.0,0.0,0
ES,2014-04-20,702,1420.9544159544164,71.12137512731317,1403.0,1321.3,1467.9,71,0,0.0,0.0,0.0,0.0,0.0,0
ES,2014-04-21,626,1297.1325878594243,0.0,1636.0,1636.0,1636.0,71,0,0.0,0.0,0.0,0.0,0.0,0
ES,2014-04-22,490,1350.8857142857146,15.534652998602263,1626.0,1599.2,1638.6,71,0,0.0,0.0,0.0,0.0,0.0,0
ES,2014-04-23,493,1322.0121703853954,8.71899267882095,1625.5,1616.1,1635.6,68,0,0.0,0.0,0.0,0.0,0.0,0
ES,2014-04-24,676,1355.2529585798814,7.495832175282475,1628.5,1620.1,1636.2,74,0,0.0,0.0,0.0,0.0,0.0,0
ES,2014-04-25,575,1339.285217391305,3.905124837953327,1649.0,1645.5,1654.0,75,0,0.0,0.0,0.0,0.0,0.0,0
ES,2014-04-26,477,1315.8071278825996,3.2691742076555053,1642.0,1638.2,1645.1,64,0,0.0,0.0,0.0,0.0,0.0,0
ES,2014-04-27,563,1274.1332149200707,8.91187340592907,1647.0,1635.0,1658.0,72,0,0.0,0.0,0.0,0.0,0.0,0
ES,2014-04-28,713,1311.9803646563805,4.0,1644.0,1640.0,1648.0,66,1,58.56,0.0,0.0,0.0,0.0,1
ES,2014-04-29,544,1354.0036764705885,0.0,1655.0,1655.0,1655.0,72,0,0.0,0.0,0.0,0.0,0.0,0
ES,2014-04-30,493,1358.5496957403652,6.6663333249995835,1661.0,1651.0,1670.2,65,0,0.0,0.0,0.0,0.0,0.0,0
ES,2014-05-01,664,1372.0858433734934,28.55317759229757,1378.5,1324.8,1397.7,70,0,0.0,0.0,0.0,0.0,0.0,0
ES,2014-05-02,644,1325.181677018633,4.496912521077347,1662.0,1657.2,1666.0,70,0,0.0,0.0,0.0,0.0,0.0,0
ES,2014-05-03,598,1390.5234113712381,10.571660229122008,1658.0,1646.8,1670.8,61,1,93.12,0.0,0.0,0.0,0.0,1
ES,2014-05-04,788,1371.1827411167515,3.5,1319.5,1316.7,1322.3,75,0,0.0,0.0,0.0,0.0,0.0,0
ES,2014-05-05,729,1313.9766803840882,9.744742172063868,1639.0,1624.6,1646.2,70,0,0.0,0.0,0.0,0.0,0.0,0
ES,2014-05-06,865,1354.9410404624275,79.42496738297713,1421.5,1409.5,1585.5,76,0,0.0,0.0,0.0,0.0,0.0,0
ES,2014-05-07,594,1336.1616161616157,84.12489365476965,1437.0,1414.0,1604.0,68,0,0.0,0.0,0.0,0.0,0.0,0
ES,2014-05-08,692,1336.1026011560696,0.0,1612.0,1612.0,1612.0,68,0,0.0,0.0,0.0,0.0,0.0,0
ES,2014-05-09,574,1356.1689895470388,0.0,1618.0,1618.0,1618.0,69,0,0.0,0.0,0.0,0.0,0.0,0
ES,2014-05-10,582,1307.1460481099652,0.0,1625.0,1625.0,1625.0,63,0,0.0,0.0,0.0,0.0,0.0,0
ES,2014-05-11,623,1307.7833065810594,3.7742413753208304,1633.0,1629.4,1637.4,64,0,0.0,0.0,0.0,0.0,0.0,0
ES,2014-05-12,578,1314.4619377162633,10.484114968211037,1579.0,1563.5,1587.0,65,0,0.0,0.0,0.0,0.0,0.0,0
ES,2014-05-13,666,1308.2282282282283,55.52687975206242,1406.0,1392.4,1461.9,69,0,0.0,0.0,0.0,0.0,0.0,0
ES,2014-05-14,596,1260.9999999999993,8.16496580927726,1615.0,1607.0,1623.0,72,0,0.0,0.0,0.0,0.0,0.0,0
ES,2014-05-15,568,1353.1954225352106,90.05307077249257,1388.0,1384.8,1539.2,75,0,0.0,0.0,0.0,0.0,0.0,0
ES,2014-05-16,599,1364.9081803005008,87.11217258365731,1222.0,1175.6,1318.6,66,0,0.0,0.0,0.0,0.0,0.0,0
ES,2014-05-17,416,1382.1610576923076,5.734883511361751,1601.0,1596.2,1607.4,56,0,0.0,0.0,0.0,0.0,0.0,0
ES,2014-05-18,550,1357.9927272727275,3.39934634239519,1616.0,1614.4,1620.8,72,0,0.0,0.0,0.0,0.0,0.0,0
ES,2014-05-19,710,1343.4154929577462,3.0,1611.0,1608.6,1613.4,81,0,0.0,0.0,0.0,0.0,0.0,0
ES,2014-05-20,768,1330.8671874999998,0.0,1603.0,1603.0,1603.0,77,0,0.0,0.0,0.0,0.0,0.0,0
ES,2014-05-21,704,1355.8821022727277,6.361778227997438,1580.0,1573.0,1587.5,76,0,0.0,0.0,0.0,0.0,0.0,0
ES,2014-05-22,748,1314.4719251336894,0.0,1611.0,1611.0,1611.0,66,0,0.0,0.0,0.0,0.0,0.0,0
ES,2014-05-23,702,1369.5740740740746,4.496912521077347,1601.0,1593.8,1601.8,75,0,0.0,0.0,0.0,0.0,0.0,0
ES,2014-05-24,576,1394.161458333334,5.467073155618908,1605.5,1601.0,1613.5,66,0,0.0,0.0,0.0,0.0,0.0,0
ES,2014-05-25,835,1383.2874251497008,4.5,1592.5,1588.9,1596.1,70,0,0.0,0.0,0.0,0.0,0.0,0
ES,2014-05-26,875,1391.7222857142854,122.76093814354914,1407.0,1278.0,1627.0,70,0,0.0,0.0,0.0,0.0,0.0,0
ES,2014-05-27,694,1372.3314121037463,9.297649218578616,1413.0,1402.0,1423.0,61,1,18.16,0.0,0.0,0.0,0.0,1
ES,2014-05-28,720,1317.2416666666666,3.484090826727812,1420.0,1416.0,1424.5,75,0,0.0,0.0,0.0,0.0,0.0,0
ES,2014-05-29,714,1332.9341736694678,4.0,1600.0,1596.8,1603.2,67,1,87.03,0.0,0.0,0.0,0.0,1
ES,2014-05-30,628,1356.156050955414,4.08248290463863,1593.0,1589.0,1597.0,72,0,0.0,0.0,0.0,0.0,0.0,0
ES,2014-05-31,552,1323.498188405797,5.312459150169742,1589.0,1583.4,1593.8,63,0,0.0,0.0,0.0,0.0,0.0,0
ES,2014-06-01,668,1279.3997005988026,2.494438257849294,1602.0,1600.4,1605.2,70,0,0.0,0.0,0.0,0.0,0.0,0
ES,2014-06-02,609,1326.287356321839,4.58257569495584,1601.0,1597.6,1607.2,77,0,0.0,0.0,0.0,0.0,0.0,0
ES,2014-06-03,611,1318.479541734861,4.0,1611.0,1607.8,1614.2,67,0,0.0,0.0,0.0,0.0,0.0,0
ES,2014-06-04,514,1324.2237354085603,4.0,1619.0,1615.8,1622.2,69,0,0.0,0.0,0.0,0.0,0.0,0
ES,2014-06-05,546,1350.620879120879,12.7534309109353,1635.0,1614.3,1644.6,78,0,0.0,0.0,0.0,0.0,0.0,0
ES,2014-06-06,677,1368.97341211226,0.0,1653.0,1653.0,1653.0,73,0,0.0,0.0,0.0,0.0,0.0,0
ES,2014-06-07,509,1393.043222003929,0.0,1661.0,1661.0,1661.0,60,0,0.0,0.0,0.0,0.0,0.0,0
ES,2014-06-08,596,1396.4312080536904,4.833218389437829,1642.0,1637.6,1648.4,68,0,0.0,0.0,0.0,0.0,0.0,0
ES,2014-06-09,803,1381.897882938979,0.0,1632.0,1632.0,1632.0,77,0,0.0,0.0,0.0,0.0,0.0,0
ES,2014-06-10,637,1342.3626373626375,3.0,1641.0,1638.6,1643.4,73,0,0.0,0.0,0.0,0.0,0.0,0
ES,2014-06-11,590,1333.183050847458,103.8700129577191,1446.0,1438.2,1653.4,67,0,0.0,0.0,0.0,0.0,0.0,0
ES,2014-06-12,565,1332.1221238938053,5.0,1645.0,1641.0,1649.0,72,0,0.0,0.0,0.0,0.0,0.0,0
ES,2014-06-13,458,1346.2489082969437,3.0,1645.0,1642.6,1647.4,58,0,0.0,0.0,0.0,0.0,0.0,0
ES,2014-06-14,562,1338.137010676157,101.56652992004796,1646.0,1446.2,1658.8,61,0,0.0,0.0,0.0,0.0,0.0,0
ES,2014-06-15,617,1355.4619124797407,0.0,1655.0,1655.0,1655.0,69,0,0.0,0.0,0.0,0.0,0.0,0
ES,2014-06-16,705,1363.5007092198578,89.56840960963859,1558.0,1467.1,1648.9,77,1,82.87,0.0,0.0,0.0,0.0,1
ES,2014-06-17,677,1370.033973412112,85.34845853909724,1468.0,1452.5,1646.0,75,0,0.0,0.0,0.0,0.0,0.0,0
ES,2014-06-18,519,1365.125240847784,3.24037034920393,1225.5,1222.9,1229.5,68,0,0.0,0.0,0.0,0.0,0.0,0
ES,2014-06-19,573,1286.933682373473,2.5,1666.5,1664.5,1668.5,69,0,0.0,0.0,0.0,0.0,0.0,0
ES,2014-06-20,628,1325.5605095541405,66.20977552446466,1471.5,1461.8,1536.7,69,0,0.0,0.0,0.0,0.0,0.0,0
ES,2014-06-21,660,1389.042424242425,70.05879227477448,1467.5,1457.5,1538.4,61,0,0.0,0.0,0.0,0.0,0.0,0
ES,2014-06-22,767,1387.3807040417214,4.758150901348127,1668.0,1662.8,1672.2,61,0,0.0,0.0,0.0,0.0,0.0,0
ES,2014-06-23,471,1324.3099787685778,0.0,1464.0,1464.0,1464.0,68,0,0.0,0.0,0.0,0.0,0.0,0
ES,2014-06-24,847,1359.8961038961047,57.0,983.0,937.4,1028.6,70,0,0.0,0.0,0.0,0.0,0.0,0
ES,2014-06-25,698,1368.1948424068758,169.1877655151223,1302.5,1299.0,1576.2,71,0,0.0,0.0,0.0,0.0,0.0,0
ES,2014-06-26,643,1310.1928460342144,144.5157776853448,1673.0,1318.0,1682.4,73,0,0.0,0.0,0.0,0.0,0.0,0
ES,2014-06-27,513,1291.181286549708,81.37491347589794,1311.0,1294.2,1466.4,59,0,0.0,0.0,0.0,0.0,0.0,0
ES,2014-06-28,409,1351.437652811736,0.0,848.0,848.0,848.0,68,0,0.0,0.0,0.0,0.0,0.0,0
ES,2014-06-29,524,1385.4370229007632,0.0,1675.0,1675.0,1675.0,66,0,0.0,0.0,0.0,0.0,0.0,0
ES,2014-06-30,436,1341.1192660550464,203.0221662774782,1467.0,1262.8,1671.2,66,0,0.0,0.0,0.0,0.0,0.0,0
ES,2014-07-01,375,1277.3200000000002,197.6879627398818,1665.0,1272.8,1682.2,64,0,0.0,0.0,0.0,0.0,0.0,0
ES,2014-07-02,517,1338.7079303675052,6.944222218666553,1684.0,1677.6,1691.2,60,0,0.0,0.0,0.0,0.0,0.0,0
ES,2014-07-03,485,1282.3484536082474,11.610340218959994,1220.0,1215.8,1238.6,65,0,0.0,0.0,0.0,0.0,0.0,0
ES,2014-07-04,383,1371.104438642297,16.051614279805452,1247.0,1216.0,1255.4,57,0,0.0,0.0,0.0,0.0,0.0,0
ES,2014-07-05,446,1332.9080717488794,87.7074801606144,1658.0,1479.4,1678.4,58,0,0.0,0.0,0.0,0.0,0.0,0
ES,2014-07-06,501,1402.5788423153692,3.5,1484.5,1481.7,1487.3,59,0,0.0,0.0,0.0,0.0,0.0,0
ES,2014-07-07,662,1323.1132930513602,84.14855668302775,1637.0,1478.1,1659.6,67,1,90.65,0.0,0.0,0.0,0.0,1
ES,2014-07-08,607,1349.637561779242,81.42306525521842,1647.0,1474.2,1654.8,63,0,0.0,0.0,0.0,0.0,0.0,0
ES,2014-07-09,459,1283.0653594771238,55.755605099397854,1493.0,1486.0,1550.8,72,0,0.0,0.0,0.0,0.0,0.0,0
ES,2014-07-10,484,1311.2252066115705,0.0,1681.0,1681.0,1681.0,71,0,0.0,0.0,0.0,0.0,0.0,0
ES,2014-07-11,548,1276.8266423357663,89.59716705203351,1497.5,1462.5,1656.0,69,0,0.0,0.0,0.0,0.0,0.0,0
ES,2014-07-12,422,1324.729857819905,9.15204895091804,1688.0,1674.4,1694.2,55,0,0.0,0.0,0.0,0.0,0.0,0
ES,2014-07-13,432,1350.974537037037,80.39316966257185,1493.0,1480.6,1679.2,55,0,0.0,0.0,0.0,0.0,0.0,0
ES,2014-07-14,675,1379.12,134.31591652555093,1492.0,1432.2,1676.4,73,0,0.0,0.0,0.0,0.0,0.0,0
ES,2014-07-15,620,1395.2870967741933,0.0,1662.0,1662.0,1662.0,65,0,0.0,0.0,0.0,0.0,0.0,0
ES,2014-07-16,650,1253.5692307692316,0.0,1652.0,1652.0,1652.0,75,0,0.0,0.0,0.0,0.0,0.0,0
ES,2014-07-17,615,1281.5626016260162,6.531972647421808,1469.0,1462.6,1475.4,66,0,0.0,0.0,0.0,0.0,0.0,0
ES,2014-07-18,446,1322.493273542601,6.548960901462833,1459.0,1453.4,1466.2,61,0,0.0,0.0,0.0,0.0,0.0,0
ES,2014-07-19,394,1374.8045685279187,70.63948966406821,1466.5,1396.8,1475.0,51,0,0.0,0.0,0.0,0.0,0.0,0
ES,2014-07-20,405,1388.7975308641976,96.88782173214548,1478.0,1246.3,1486.0,58,0,0.0,0.0,0.0,0.0,0.0,0
ES,2014-07-21,518,1375.1389961389966,20.61522869921621,1285.0,1259.0,1308.4,69,0,0.0,0.0,0.0,0.0,0.0,0
ES,2014-07-22,575,1340.04,3.832427429188973,1663.0,1658.6,1666.7,67,0,0.0,0.0,0.0,0.0,0.0,0
ES,2014-07-23,399,1297.9072681704256,4.0,1660.0,1656.8,1663.2,59,0,0.0,0.0,0.0,0.0,0.0,0
ES,2014-07-24,554,1354.893501805054,8.774493463282658,1660.0,1649.0,1670.0,64,0,0.0,0.0,0.0,0.0,0.0,0
ES,2014-07-25,563,1446.1367673179393,0.0,1675.0,1675.0,1675.0,64,0,0.0,0.0,0.0,0.0,0.0,0
ES,2014-07-26,505,1363.978217821782,92.57800764760496,1444.0,1296.3,1449.6,64,0,0.0,0.0,0.0,0.0,0.0,0
ES,2014-07-27,504,1365.644841269841,151.13543054938157,1419.0,1408.0,1668.0,64,1,86.7,0.0,0.0,0.0,0.0,1
ES,2014-07-28,748,1393.762032085562,5.4319584718134735,1680.0,1672.0,1682.6,72,0,0.0,0.0,0.0,0.0,0.0,0
ES,2014-07-29,559,1389.2898032200355,11.988291613172793,1620.5,1605.4,1633.4,60,0,0.0,0.0,0.0,0.0,0.0,0
ES,2014-07-30,494,1303.9473684210527,60.193105917538425,1639.0,1611.8,1644.7,65,0,0.0,0.0,0.0,0.0,0.0,0
ES,2014-07-31,732,1371.7185792349726,7.247800510837613,1674.0,1663.6,1682.0,71,0,0.0,0.0,0.0,0.0,0.0,0
ES,2014-08-01,577,1353.0675909878692,4.320493798938574,1656.0,1649.6,1657.6,68,0,0.0,0.0,0.0,0.0,0.0,0
ES,2014-08-02,533,1351.692307692307,5.0,1653.0,1649.0,1657.0,66,0,0.0,0.0,0.0,0.0,0.0,0
ES,2014-08-03,520,1317.2249999999995,0.0,1657.0,1657.0,1657.0,58,0,0.0,0.0,0.0,0.0,0.0,0
ES,2014-08-04,607,1358.5271828665573,7.399324293474371,1676.0,1667.4,1683.2,75,0,0.0,0.0,0.0,0.0,0.0,0
ES,2014-08-05,577,1345.7573656845757,13.577918161179772,1582.0,1565.8,1598.8,68,0,0.0,0.0,0.0,0.0,0.0,0
ES,2014-08-06,474,1348.5337552742617,79.70611313995487,1609.0,1457.4,1636.2,55,0,0.0,0.0,0.0,0.0,0.0,0
ES,2014-08-07,601,1332.9367720465889,120.54144515476824,1631.0,1455.2,1640.8,62,0,0.0,0.0,0.0,0.0,0.0,0
ES,2014-08-08,699,1318.565092989986,9.038190576043908,1643.0,1633.0,1655.4,55,0,0.0,0.0,0.0,0.0,0.0,0
ES,2014-08-09,595,1384.6386554621852,148.33745312630927,1334.5,1196.0,1480.5,55,0,0.0,0.0,0.0,0.0,0.0,0
ES,2014-08-10,626,1368.9424920127792,3.39934634239519,1679.0,1677.4,1683.8,61,0,0.0,0.0,0.0,0.0,0.0,0
ES,2014-08-11,597,1328.7487437185932,3.5,1672.5,1669.7,1675.3,58,0,0.0,0.0,0.0,0.0,0.0,0
ES,2014-08-12,541,1289.5157116451007,0.0,1165.0,1165.0,1165.0,65,0,0.0,0.0,0.0,0.0,0.0,0
ES,2014-08-13,402,1313.766169154229,3.832427429188973,1673.0,1668.6,1676.7,59,0,0.0,0.0,0.0,0.0,0.0,0
ES,2014-08-14,437,1339.1784897025166,171.39493056161908,1669.0,1381.8,1676.2,66,0,0.0,0.0,0.0,0.0,0.0,0
ES,2014-08-15,565,1329.0247787610617,5.715476066494082,1671.0,1665.4,1676.6,58,0,0.0,0.0,0.0,0.0,0.0,0
ES,2014-08-16,533,1359.9887429643525,0.0,1667.0,1667.0,1667.0,63,0,0.0,0.0,0.0,0.0,0.0,0
ES,2014-08-17,517,1326.9961315280464,0.0,1659.0,1659.0,1659.0,60,0,0.0,0.0,0.0,0.0,0.0,0
ES,2014-08-18,487,1368.3100616016425,7.824463062870335,1664.0,1654.1,1671.6,63,0,0.0,0.0,0.0,0.0,0.0,0
ES,2014-08-19,507,1378.8934911242611,110.0753450924512,1403.0,1300.5,1605.6,73,0,0.0,0.0,0.0,0.0,0.0,0
ES,2014-08-20,538,1373.7881040892185,0.0,1658.0,1658.0,1658.0,76,0,0.0,0.0,0.0,0.0,0.0,0
ES,2014-08-21,618,1395.911003236246,153.712574487436,1253.0,1246.6,1510.6,65,0,0.0,0.0,0.0,0.0,0.0,0
ES,2014-08-22,648,1372.4228395061727,4.351723796382303,1657.0,1652.1,1662.6,70,0,0.0,0.0,0.0,0.0,0.0,0
ES,2014-08-23,521,1358.8714011516315,6.456585785072479,1665.5,1658.4,1671.9,61,0,0.0,0.0,0.0,0.0,0.0,0
ES,2014-08-24,449,1355.3073496659235,3.5,1650.5,1647.7,1653.3,53,0,0.0,0.0,0.0,0.0,0.0,0
ES,2014-08-25,513,1312.5614035087724,5.715476066494082,1669.0,1663.4,1674.6,71,0,0.0,0.0,0.0,0.0,0.0,0
ES,2014-08-26,753,1354.7078353253644,102.51840993207024,1538.0,1288.3,1604.0,79,0,0.0,0.0,0.0,0.0,0.0,0
ES,2014-08-27,542,1331.5036900369005,4.5,1662.5,1658.9,1666.1,81,0,0.0,0.0,0.0,0.0,0.0,0
ES,2014-08-28,589,1348.0237691001703,3.5,1671.5,1668.7,1674.3,77,0,0.0,0.0,0.0,0.0,0.0,0
ES,2014-08-29,766,1423.8433420365536,78.81596081169322,1524.0,1338.4,1535.2,60,0,0.0,0.0,0.0,0.0,0.0,0
ES,2014-08-30,477,1312.4696016771493,7.239475119095307,1332.0,1323.8,1340.7,63,0,0.0,0.0,0.0,0.0,0.0,0
ES,2014-08-31,443,1342.5914221218957,4.9749371855331,1663.0,1657.4,1667.2,71,0,0.0,0.0,0.0,0.0,0.0,0
ES,2014-09-01,541,1332.0942698706097,87.24127463534678,1330.0,1316.2,1499.8,69,0,0.0,0.0,0.0,0.0,0.0,0
ES,2014-09-02,405,1235.577777777778,0.0,1670.0,1670.0,1670.0,72,0,0.0,0.0,0.0,0.0,0.0,0
ES,2014-09-03,594,1347.5875420875425,43.90767925455251,1445.5,1430.7,1468.3,73,0,0.0,0.0,0.0,0.0,0.0,0
ES,2014-09-04,563,1335.9147424511546,59.45246467183304,1513.0,1436.8,1527.0,80,0,0.0,0.0,0.0,0.0,0.0,0
ES,2014-09-05,538,1306.596654275093,78.67161001417362,1436.0,1304.0,1493.3,75,0,0.0,0.0,0.0,0.0,0.0,0
ES,2014-09-06,701,1367.1883024251067,47.09649026291733,1420.0,1315.6,1437.8,71,0,0.0,0.0,0.0,0.0,0.0,0
ES,2014-09-07,669,1328.5276532137511,3.7712361663282534,1661.0,1654.6,1661.0,70,0,0.0,0.0,0.0,0.0,0.0,0
ES,2014-09-08,541,1285.6561922365993,0.0,1646.0,1646.0,1646.0,73,0,0.0,0.0,0.0,0.0,0.0,0
ES,2014-09-09,496,1305.8225806451617,184.5,1472.5,1324.9,1620.1,73,0,0.0,0.0,0.0,0.0,0.0,0
ES,2014-09-10,500,1347.3100000000006,0.0,1651.0,1651.0,1651.0,73,0,0.0,0.0,0.0,0.0,0.0,0
ES,2014-09-11,501,1278.0958083832338,7.399324293474371,1652.0,1643.4,1659.2,74,0,0.0,0.0,0.0,0.0,0.0,0
ES,2014-09-12,496,1305.2237903225807,49.22925324438712,1404.0,1388.0,1506.8,78,0,0.0,0.0,0.0,0.0,0.0,0
ES,2014-09-13,657,1391.601217656012,0.0,1271.0,1271.0,1271.0,73,0,0.0,0.0,0.0,0.0,0.0,0
ES,2014-09-14,608,1385.1924342105258,63.914317644796924,1699.0,1631.4,1776.0,67,0,0.0,0.0,0.0,0.0,0.0,0
ES,2014-09-15,579,1264.4576856649392,0.0,1638.0,1638.0,1638.0,85,0,0.0,0.0,0.0,0.0,0.0,0
ES,2014-09-16,630,1303.8095238095236,19.293061504650375,1761.0,1753.0,1789.0,71,1,82.96,0.0,0.0,0.0,0.0,1
ES,2014-09-17,742,1388.2506738544469,21.312906887611554,1699.0,1677.4,1723.4,66,1,82.74,0.0,0.0,0.0,0.0,1
ES,2014-09-18,573,1357.2059336823743,13.07244770075172,1724.0,1710.4,1736.0,70,0,0.0,0.0,0.0,0.0,0.0,0
ES,2014-09-19,656,1312.144817073171,32.69046751985457,1654.0,1647.6,1706.0,77,1,95.02,0.0,0.0,0.0,0.0,1
ES,2014-09-20,640,1376.6546874999997,38.956811164348075,1636.0,1622.8,1714.4,77,0,0.0,0.0,0.0,0.0,0.0,0
ES,2014-09-21,747,1359.5676037483267,53.45409099170988,1706.0,1611.0,1732.0,76,0,0.0,0.0,0.0,0.0,0.0,0
ES,2014-09-22,609,1315.330049261084,55.0,1663.0,1619.0,1707.0,74,0,0.0,0.0,0.0,0.0,0.0,0
ES,2014-09-23,630,1326.2365079365086,4.0,1598.0,1594.8,1601.2,67,1,64.21,0.0,0.0,0.0,0.0,1
ES,2014-09-24,687,1416.3901018922859,0.0,1732.0,1732.0,1732.0,74,0,0.0,0.0,0.0,0.0,0.0,0
ES,2014-09-25,523,1274.6195028680693,0.0,1721.0,1721.0,1721.0,69,0,0.0,0.0,0.0,0.0,0.0,0
ES,2014-09-26,528,1287.9526515151522,120.1019974684783,1257.0,1245.6,1502.2,64,0,0.0,0.0,0.0,0.0,0.0,0
ES,2014-09-27,578,1369.0121107266439,0.0,1603.0,1603.0,1603.0,67,0,0.0,0.0,0.0,0.0,0.0,0
ES,2014-09-28,621,1388.7037037037035,0.0,1710.0,1710.0,1710.0,64,0,0.0,0.0,0.0,0.0,0.0,0
ES,2014-09-29,519,1312.3815028901731,0.0,1595.0,1595.0,1595.0,81,0,0.0,0.0,0.0,0.0,0.0,0
ES,2014-09-30,520,1371.536538461538,0.0,1699.0,1699.0,1699.0,68,0,0.0,0.0,0.0,0.0,0.0,0
ES,2014-10-01,517,1401.2166344294,5.5,1680.5,1676.1,1684.9,65,0,0.0,0.0,0.0,0.0,0.0,0
ES,2014-10-02,437,1323.1922196796334,75.32436524790633,1493.0,1349.8,1504.8,66,0,0.0,0.0,0.0,0.0,0.0,0
ES,2014-10-03,425,1293.865882352941,79.20788400714217,1290.5,1282.0,1397.5,71,0,0.0,0.0,0.0,0.0,0.0,0
ES,2014-10-04,460,1381.2739130434782,123.3918779967124,1412.0,1285.5,1537.5,64,1,56.41,0.0,0.0,0.0,0.0,1
ES,2014-10-05,612,1372.674836601307,124.75823533518988,1278.0,1258.8,1531.6,73,0,0.0,0.0,0.0,0.0,0.0,0
ES,2014-10-06,655,1403.174045801527,0.0,1664.0,1664.0,1664.0,71,0,0.0,0.0,0.0,0.0,0.0,0
ES,2014-10-07,475,1304.1389473684212,75.4485600068059,1547.0,1539.0,1553.8,67,0,0.0,0.0,0.0,0.0,0.0,0
ES,2014-10-08,518,1362.573359073359,0.0,1653.0,1653.0,1653.0,75,0,0.0,0.0,0.0,0.0,0.0,0
ES,2014-10-09,503,1342.4930417495032,120.36482044185502,1511.0,1279.2,1540.9,69,0,0.0,0.0,0.0,0.0,0.0,0
ES,2014-10-10,514,1346.6245136186774,118.26887732514416,1520.0,1286.5,1544.0,67,0,0.0,0.0,0.0,0.0,0.0,0
ES,2014-10-11,548,1312.08394160584,106.91964272293468,1514.0,1299.3,1523.0,66,0,0.0,0.0,0.0,0.0,0.0,0
ES,2014-10-12,381,1277.8451443569552,97.90283947021844,1499.5,1299.0,1526.0,65,0,0.0,0.0,0.0,0.0,0.0,0
ES,2014-10-13,465,1336.694623655914,30.826125283596703,1588.0,1580.0,1648.5,66,0,0.0,0.0,0.0,0.0,0.0,0
ES,2014-10-14,496,1328.0564516129034,0.0,1663.0,1663.0,1663.0,56,0,0.0,0.0,0.0,0.0,0.0,0
ES,2014-10-15,423,1344.7375886524824,122.61844865523818,1555.0,1291.2,1562.8,67,0,0.0,0.0,0.0,0.0,0.0,0
ES,2014-10-16,570,1341.5421052631584,103.41619661456431,1502.0,1275.7,1539.2,70,0,0.0,0.0,0.0,0.0,0.0,0
ES,2014-10-17,550,1315.3290909090906,0.0,1653.0,1653.0,1653.0,64,1,90.27,0.0,0.0,0.0,0.0,1
ES,2014-10-18,406,1345.7906403940888,5.0,1589.0,1585.0,1593.0,60,0,0.0,0.0,0.0,0.0,0.0,0
ES,2014-10-19,506,1288.0494071146234,36.38070306571267,1592.0,1587.2,1651.2,60,0,0.0,0.0,0.0,0.0,0.0,0
ES,2014-10-20,423,1322.9172576832154,9.899494936611664,1518.0,1506.0,1525.2,64,0,0.0,0.0,0.0,0.0,0.0,0
ES,2014-10-21,503,1335.552683896621,5.366563145999495,1514.0,1509.2,1520.6,72,0,0.0,0.0,0.0,0.0,0.0,0
ES,2014-10-22,507,1291.2426035502958,6.164414002968976,1514.0,1508.2,1521.6,68,0,0.0,0.0,0.0,0.0,0.0,0
ES,2014-10-23,578,1310.5207612456747,0.0,1585.0,1585.0,1585.0,67,0,0.0,0.0,0.0,0.0,0.0,0
ES,2014-10-24,595,1329.2621848739493,4.0,1590.0,1586.8,1593.2,77,0,0.0,0.0,0.0,0.0,0.0,0
ES,2014-10-25,496,1370.1975806451612,3.858612300930076,1304.0,1302.4,1309.6,70,0,0.0,0.0,0.0,0.0,0.0,0
ES,2014-10-26,644,1321.6614906832297,6.4408365139941255,1307.0,1300.6,1312.4,74,0,0.0,0.0,0.0,0.0,0.0,0
ES,2014-10-27,562,1312.539145907473,4.0,1308.0,1304.8,1311.2,67,0,0.0,0.0,0.0,0.0,0.0,0
ES,2014-10-28,507,1307.0473372781069,54.15037373627764,1517.0,1500.8,1534.8,70,0,0.0,0.0,0.0,0.0,0.0,0
ES,2014-10-29,524,1273.5954198473285,0.0,1678.0,1678.0,1678.0,77,0,0.0,0.0,0.0,0.0,0.0,0
ES,2014-10-30,554,1351.2292418772563,0.0,1689.0,1689.0,1689.0,67,0,0.0,0.0,0.0,0.0,0.0,0
ES,2014-10-31,674,1352.215133531156,98.8455585468788,1498.0,1307.6,1514.4,67,0,0.0,0.0,0.0,0.0,0.0,0
ES,2014-11-01,531,1328.5612052730696,53.0,1647.0,1604.6,1689.4,57,0,0.0,0.0,0.0,0.0,0.0,0
ES,2014-11-02,644,1344.2562111801249,111.19664608929946,1505.0,1265.2,1526.8,71,0,0.0,0.0,0.0,0.0,0.0,0
ES,2014-11-03,582,1246.969072164948,14.6349519364369,1541.0,1528.0,1566.0,72,0,0.0,0.0,0.0,0.0,0.0,0
ES,2014-11-04,468,1338.5534188034192,30.754511864115155,1524.0,1518.4,1583.8,64,0,0.0,0.0,0.0,0.0,0.0,0
ES,2014-11-05,574,1303.0940766550525,117.31572610625028,1508.0,1250.4,1512.4,74,0,0.0,0.0,0.0,0.0,0.0,0
ES,2014-11-06,434,1295.170506912442,127.05767545710091,1570.0,1244.0,1586.0,66,1,95.99,0.0,0.0,0.0,0.0,1
ES,2014-11-07,477,1263.1194968553466,157.8815855042073,1554.0,1230.0,1565.0,63,0,0.0,0.0,0.0,0.0,0.0,0
ES,2014-11-08,586,1355.517064846416,167.0541556175449,1535.0,1212.0,1556.0,69,0,0.0,0.0,0.0,0.0,0.0,0
ES,2014-11-09,615,1388.035772357723,136.00390335720172,1223.0,1207.2,1490.6,72,0,0.0,0.0,0.0,0.0,0.0,0
ES,2014-11-10,607,1358.202635914333,45.5,1646.5,1610.1,1682.9,74,0,0.0,0.0,0.0,0.0,0.0,0
ES,2014-11-11,653,1333.2388973966308,53.99584262152192,1576.0,1461.8,1583.8,74,1,72.57,0.0,0.0,0.0,0.0,1
ES,2014-11-12,615,1296.4813008130081,0.0,1067.0,1067.0,1067.0,70,0,0.0,0.0,0.0,0.0,0.0,0
ES,2014-11-13,555,1307.4180180180183,57.2555286025337,1560.0,1439.2,1569.2,75,0,0.0,0.0,0.0,0.0,0.0,0
ES,2014-11-14,592,1316.148648648649,67.44004744956813,1497.0,1428.2,1571.0,74,0,0.0,0.0,0.0,0.0,0.0,0
ES,2014-11-15,505,1328.6118811881188,164.72523293917027,1538.0,1212.8,1567.6,71,0,0.0,0.0,0.0,0.0,0.0,0
ES,2014-11-16,605,1313.3537190082648,4.5,1598.5,1594.9,1602.1,81,0,0.0,0.0,0.0,0.0,0.0,0
ES,2014-11-17,603,1328.8242122719728,55.8827175103671,1445.5,1423.4,1462.3,72,1,93.63,0.0,0.0,0.0,0.0,1
ES,2014-11-18,649,1266.7349768875192,71.11667594328507,1478.0,1422.8,1525.5,70,0,0.0,0.0,0.0,0.0,0.0,0
ES,2014-11-19,515,1265.638834951456,37.78640628585894,1466.0,1427.5,1524.0,69,0,0.0,0.0,0.0,0.0,0.0,0
ES,2014-11-20,557,1293.4739676840215,91.30649502120782,1497.0,1460.0,1528.0,68,0,0.0,0.0,0.0,0.0,0.0,0
ES,2014-11-21,546,1249.923076923077,102.5417784443522,1490.0,1369.0,1500.8,71,0,0.0,0.0,0.0,0.0,0.0,0
ES,2014-11-22,569,1313.6010544815467,0.0,1680.0,1680.0,1680.0,73,0,0.0,0.0,0.0,0.0,0.0,0
ES,2014-11-23,504,1301.363095238095,9.40744386111339,1509.5,1498.7,1518.9,66,1,73.64,0.0,0.0,0.0,0.0,1
ES,2014-11-24,735,1308.1850340136068,20.304941699976546,1501.0,1476.6,1523.0,76,0,0.0,0.0,0.0,0.0,0.0,0
ES,2014-11-25,616,1329.8279220779216,0.0,1509.0,1509.0,1509.0,76,0,0.0,0.0,0.0,0.0,0.0,0
ES,2014-11-26,591,1303.8358714044002,8.919392106839767,1524.5,1514.5,1534.0,80,0,0.0,0.0,0.0,0.0,0.0,0
ES,2014-11-27,594,1332.9983164983169,6.745675076032417,1529.0,1521.0,1536.0,80,0,0.0,0.0,0.0,0.0,0.0,0
ES,2014-11-28,625,1379.4208,37.28017749889384,1219.0,1207.6,1251.8,77,0,0.0,0.0,0.0,0.0,0.0,0
ES,2014-11-29,659,1358.552352048558,147.58780437420972,1215.0,1208.8,1513.2,76,0,0.0,0.0,0.0,0.0,0.0,0
ES,2014-11-30,853,1352.9624853458383,145.34232005854318,1511.0,1210.6,1522.9,78,0,0.0,0.0,0.0,0.0,0.0,0
ES,2014-12-01,742,1331.3221024258762,79.51604253487571,1518.0,1476.7,1541.7,86,0,0.0,0.0,0.0,0.0,0.0,0
ES,2014-12-02,709,1334.406205923836,118.898864586673,1505.0,1219.7,1534.4,79,0,0.0,0.0,0.0,0.0,0.0,0
ES,2014-12-03,816,1373.014705882353,156.91524802175343,1506.5,1200.7,1538.0,75,0,0.0,0.0,0.0,0.0,0.0,0
ES,2014-12-04,680,1368.605882352941,0.0,1601.0,1601.0,1601.0,90,0,0.0,0.0,0.0,0.0,0.0,0
ES,2014-12-05,699,1362.3690987124464,91.68632516478246,1491.0,1317.6,1509.0,78,0,0.0,0.0,0.0,0.0,0.0,0
ES,2014-12-06,697,1383.1621233859398,33.92431834245163,1463.0,1456.4,1532.3,69,0,0.0,0.0,0.0,0.0,0.0,0
ES,2014-12-07,694,1372.8472622478384,5.354126134736337,1478.0,1473.5,1485.5,74,0,0.0,0.0,0.0,0.0,0.0,0
ES,2014-12-08,728,1324.0109890109889,0.0,1610.0,1610.0,1610.0,76,0,0.0,0.0,0.0,0.0,0.0,0
ES,2014-12-09,573,1346.1291448516588,9.777525249264253,1444.0,1430.2,1452.0,79,0,0.0,0.0,0.0,0.0,0.0,0
ES,2014-12-10,629,1364.6804451510338,90.06933555378652,1428.0,1258.2,1508.8,87,0,0.0,0.0,0.0,0.0,0.0,0
ES,2014-12-11,595,1358.0319327731097,49.75045163630707,1412.0,1404.0,1518.0,81,0,0.0,0.0,0.0,0.0,0.0,0
ES,2014-12-12,618,1351.750809061489,149.25081425424636,1370.0,1216.0,1520.5,79,0,0.0,0.0,0.0,0.0,0.0,0
ES,2014-12-13,600,1382.63,158.83870553174376,1315.5,1200.5,1518.0,80,0,0.0,0.0,0.0,0.0,0.0,0
ES,2014-12-14,614,1342.9771986970684,139.71342041389582,1441.5,1186.5,1488.0,76,0,0.0,0.0,0.0,0.0,0.0,0
ES,2014-12-15,776,1358.3182989690722,9.021516230769684,1487.0,1476.2,1496.8,77,0,0.0,0.0,0.0,0.0,0.0,0
ES,2014-12-16,532,1345.4360902255642,134.13682380316004,1173.0,1166.8,1388.5,88,0,0.0,0.0,0.0,0.0,0.0,0
ES,2014-12-17,640,1381.18125,4.320493798938574,1602.0,1595.6,1603.6,80,0,0.0,0.0,0.0,0.0,0.0,0
ES,2014-12-18,505,1365.9009900990104,11.552056094046634,1501.0,1486.3,1513.2,70,0,0.0,0.0,0.0,0.0,0.0,0
ES,2014-12-19,608,1428.855263157895,24.735976069496967,1280.0,1270.6,1312.2,77,1,55.84,0.0,0.0,0.0,0.0,1
ES,2014-12-20,490,1356.926530612245,7.18679344353238,1514.5,1506.2,1522.2,69,0,0.0,0.0,0.0,0.0,0.0,0
ES,2014-12-21,495,1345.224242424243,6.128258770283411,1367.0,1360.6,1372.6,59,0,0.0,0.0,0.0,0.0,0.0,0
ES,2014-12-22,612,1357.369281045752,174.9373030545515,1507.0,1147.0,1525.6,72,0,0.0,0.0,0.0,0.0,0.0,0
ES,2014-12-23,636,1343.7327044025158,185.5205093109654,1152.0,1141.0,1547.5,73,0,0.0,0.0,0.0,0.0,0.0,0
ES,2014-12-24,538,1352.0315985130114,0.0,1616.0,1616.0,1616.0,73,0,0.0,0.0,0.0,0.0,0.0,0
ES,2014-12-25,613,1350.2316476345834,174.0398453475383,1158.0,1147.0,1515.0,78,0,0.0,0.0,0.0,0.0,0.0,0
ES,2014-12-26,649,1349.728813559322,188.8205166288876,1525.5,1143.0,1541.0,80,0,0.0,0.0,0.0,0.0,0.0,0
ES,2014-12-27,743,1392.3041722745625,35.593382655893905,1692.5,1641.5,1707.0,85,0,0.0,0.0,0.0,0.0,0.0,0
ES,2014-12-28,733,1382.3055934515685,50.477515705873785,1679.5,1608.6,1723.7,79,0,0.0,0.0,0.0,0.0,0.0,0
ES,2014-12-29,753,1398.8140770252319,5.278198082679353,1606.5,1599.5,1611.2,90,0,0.0,0.0,0.0,0.0,0.0,0
ES,2014-12-30,954,1404.6823899371077,11.043125340407517,1636.0,1618.8,1645.6,87,0,0.0,0.0,0.0,0.0,0.0,0
ES,2014-12-31,649,1369.2280431432973,2.0,1626.0,1624.4,1627.6,78,0,0.0,0.0,0.0,0.0,0.0,0
ES,2015-01-01,503,1321.262425447316,4.604345773288535,1621.0,1617.6,1627.2,71,0,0.0,0.0,0.0,0.0,0.0,0
ES,2015-01-02,808,1312.001237623762,135.2434841313991,1619.0,1546.4,1660.0,82,0,0.0,0.0,0.0,0.0,0.0,0
ES,2015-01-03,682,1351.212609970675,13.719410418171119,1634.0,1616.4,1642.8,78,0,0.0,0.0,0.0,0.0,0.0,0
ES,2015-01-04,590,1347.552542372882,192.93517621787436,1580.0,1174.0,1589.0,78,0,0.0,0.0,0.0,0.0,0.0,0
ES,2015-01-05,721,1380.9805825242715,166.9561600390953,1592.0,1184.0,1633.0,79,0,0.0,0.0,0.0,0.0,0.0,0
ES,2015-01-06,591,1301.8798646362106,0.0,1624.0,1624.0,1624.0,80,0,0.0,0.0,0.0,0.0,0.0,0
ES,2015-01-07,664,1348.6325301204818,38.20234941903164,1563.0,1553.0,1647.0,88,0,0.0,0.0,0.0,0.0,0.0,0
ES,2015-01-08,632,1360.5,0.0,1621.0,1621.0,1621.0,77,0,0.0,0.0,0.0,0.0,0.0,0
ES,2015-01-09,656,1357.6173780487811,129.00557301846493,1657.0,1551.2,1677.2,79,1,76.91,0.0,0.0,0.0,0.0,1
ES,2015-01-10,663,1347.8898944193068,222.25190044917483,1655.0,1186.0,1671.2,74,0,0.0,0.0,0.0,0.0,0.0,0
ES,2015-01-11,758,1361.3205804749346,14.0089257261219,1628.5,1616.7,1651.4,79,0,0.0,0.0,0.0,0.0,0.0,0
ES,2015-01-12,597,1339.490787269682,0.0,1650.0,1650.0,1650.0,77,0,0.0,0.0,0.0,0.0,0.0,0
ES,2015-01-13,670,1332.5134328358204,4.5,1652.5,1648.9,1656.1,84,0,0.0,0.0,0.0,0.0,0.0,0
ES,2015-01-14,610,1323.718032786885,0.0,1647.0,1647.0,1647.0,78,0,0.0,0.0,0.0,0.0,0.0,0
ES,2015-01-15,569,1325.1687170474518,8.158431221748456,1638.0,1625.2,1642.8,78,0,0.0,0.0,0.0,0.0,0.0,0
ES,2015-01-16,771,1366.4941634241252,59.43786146052026,1553.0,1538.2,1668.4,82,0,0.0,0.0,0.0,0.0,0.0,0
ES,2015-01-17,725,1405.3517241379311,158.42613205993098,1509.0,1197.8,1530.6,67,0,0.0,0.0,0.0,0.0,0.0,0
ES,2015-01-18,820,1364.539024390244,177.80933608784437,1196.0,1187.4,1545.1,81,0,0.0,0.0,0.0,0.0,0.0,0
ES,2015-01-19,651,1338.2626728110597,185.0040875134769,1175.0,1166.0,1544.0,78,0,0.0,0.0,0.0,0.0,0.0,0
ES,2015-01-20,675,1365.2799999999997,8.101398216433044,1641.0,1634.0,1652.4,74,0,0.0,0.0,0.0,0.0,0.0,0
ES,2015-01-21,758,1348.009234828496,172.59207301796644,1563.0,1244.6,1680.8,80,0,0.0,0.0,0.0,0.0,0.0,0
ES,2015-01-22,600,1388.8333333333344,177.49342849740472,1562.0,1163.6,1576.8,76,0,0.0,0.0,0.0,0.0,0.0,0
ES,2015-01-23,599,1356.577629382303,155.03728583795578,1564.0,1183.3,1579.0,74,0,0.0,0.0,0.0,0.0,0.0,0
ES,2015-01-24,506,1365.54347826087,172.09252376176568,1192.0,1180.2,1393.0000000000002,71,0,0.0,0.0,0.0,0.0,0.0,0
ES,2015-01-25,824,1356.753640776698,214.4444217040863,1571.5,1186.8,1682.8,71,0,0.0,0.0,0.0,0.0,0.0,0
ES,2015-01-26,662,1340.9954682779455,174.72423987529606,1560.0,1350.8,1694.2,79,0,0.0,0.0,0.0,0.0,0.0,0
ES,2015-01-27,626,1395.9073482428114,2.5,1651.5,1649.5,1653.5,75,0,0.0,0.0,0.0,0.0,0.0,0
ES,2015-01-28,490,1310.4857142857147,67.5,976.5,922.5,1030.5,77,0,0.0,0.0,0.0,0.0,0.0,0
ES,2015-01-29,531,1342.0489642184555,272.59684517616853,1155.0,1068.4,1652.2,78,0,0.0,0.0,0.0,0.0,0.0,0
ES,2015-01-30,775,1371.9432258064517,31.874754901018456,994.0,953.1,1031.2,81,0,0.0,0.0,0.0,0.0,0.0,0
ES,2015-01-31,667,1384.5262368815593,0.0,1664.0,1664.0,1664.0,74,0,0.0,0.0,0.0,0.0,0.0,0
ES,2015-02-01,629,1367.8791732909376,165.9298638677902,1527.0,1229.2,1690.8,74,0,0.0,0.0,0.0,0.0,0.0,0
ES,2015-02-02,503,1344.5825049701784,17.632041540584257,978.0,958.0,992.4,69,0,0.0,0.0,0.0,0.0,0.0,0
ES,2015-02-03,573,1378.4659685863878,4.0,1667.0,1663.8,1670.2,77,1,76.9,0.0,0.0,0.0,0.0,1
ES,2015-02-04,685,1295.6613138686132,165.90425619079886,1003.0,967.8,1019.6,81,0,0.0,0.0,0.0,0.0,0.0,0
ES,2015-02-05,673,1353.8618127786035,13.99854219815297,985.0,961.0,994.6,81,0,0.0,0.0,0.0,0.0,0.0,0
ES,2015-02-06,622,1338.7234726688105,251.39330085739422,946.0,935.4,1506.0000000000005,75,0,0.0,0.0,0.0,0.0,0.0,0
ES,2015-02-07,629,1390.9236883942765,71.47666458535201,1547.0,1530.6,1710.8,69,0,0.0,0.0,0.0,0.0,0.0,0
ES,2015-02-08,539,1321.9684601113172,0.0,967.0,967.0,967.0,71,0,0.0,0.0,0.0,0.0,0.0,0
ES,2015-02-09,669,1339.8340807174889,186.83212533061743,1532.0,1186.0,1689.5,75,1,76.97,0.0,0.0,0.0,0.0,1
ES,2015-02-10,560,1295.741071428571,174.57452650980454,953.0,946.0,962.1,80,0,0.0,0.0,0.0,0.0,0.0,0
ES,2015-02-11,554,1321.3826714801442,293.0392465182778,993.5,972.1,1634.9,87,0,0.0,0.0,0.0,0.0,0.0,0
ES,2015-02-12,701,1290.917261055634,12.173753502861082,1008.0,991.4,1023.4,84,0,0.0,0.0,0.0,0.0,0.0,0
ES,2015-02-13,569,1363.8945518453424,312.04397126046194,1054.0,976.2,1637.6,83,0,0.0,0.0,0.0,0.0,0.0,0
ES,2015-02-14,578,1324.3287197231832,0.0,964.0,964.0,964.0,75,0,0.0,0.0,0.0,0.0,0.0,0
ES,2015-02-15,525,1334.6438095238093,278.1766025786896,964.0,956.6,1628.6,76,0,0.0,0.0,0.0,0.0,0.0,0
ES,2015-02-16,626,1340.7220447284344,9.439387735246738,950.0,941.4,965.0,85,1,25.7,0.0,0.0,0.0,0.0,1
ES,2015-02-17,602,1352.0996677740866,11.065392291934094,964.0,947.2,975.4,84,0,0.0,0.0,0.0,0.0,0.0,0
ES,2015-02-18,744,1314.522849462365,10.338762014864255,951.5,937.3,960.7,85,1,93.06,0.0,0.0,0.0,0.0,1
ES,2015-02-19,655,1286.3083969465652,15.665508713900936,942.0,923.2,961.7,87,0,0.0,0.0,0.0,0.0,0.0,0
ES,2015-02-20,670,1383.7194029850746,91.2225605623716,1045.0,973.8,1151.4,83,0,0.0,0.0,0.0,0.0,0.0,0
ES,2015-02-21,585,1458.7470085470086,111.15843803826787,1479.0,1468.0,1489.0,71,0,0.0,0.0,0.0,0.0,0.0,0
ES,2015-02-22,536,1380.5951492537315,4.0,961.0,957.8,964.2,77,0,0.0,0.0,0.0,0.0,0.0,0
ES,2015-02-23,701,1308.4422253922971,0.0,948.0,948.0,948.0,81,0,0.0,0.0,0.0,0.0,0.0,0
ES,2015-02-24,665,1298.4691729323304,284.8270308450376,970.0,963.3,1624.2,91,0,0.0,0.0,0.0,0.0,0.0,0
ES,2015-02-25,740,1267.781081081081,11.16901578386596,971.0,958.5,986.5,91,0,0.0,0.0,0.0,0.0,0.0,0
ES,2015-02-26,630,1299.1428571428569,202.54127219445613,1570.0,1250.1,1702.5,79,0,0.0,0.0,0.0,0.0,0.0,0
ES,2015-02-27,777,1341.8854568854567,10.762653517780905,987.0,974.0,997.0,82,0,0.0,0.0,0.0,0.0,0.0,0
ES,2015-02-28,630,1287.9714285714283,12.856486930664502,979.0,971.0,990.0,90,0,0.0,0.0,0.0,0.0,0.0,0
ES,2015-03-01,655,1336.8870229007637,5.792715732327588,967.0,959.8,971.0,84,0,0.0,0.0,0.0,0.0,0.0,0
ES,2015-03-02,850,1348.2494117647059,5.656854249492381,949.0,943.4,954.6,86,0,0.0,0.0,0.0,0.0,0.0,0
ES,2015-03-03,694,1332.3631123919313,214.6318697355377,1517.0,1235.0,1706.4,86,0,0.0,0.0,0.0,0.0,0.0,0
ES,2015-03-04,791,1316.2503160556257,0.0,1631.0,1631.0,1631.0,90,0,0.0,0.0,0.0,0.0,0.0,0
ES,2015-03-05,674,1338.9169139465878,0.0,1640.0,1640.0,1640.0,82,0,0.0,0.0,0.0,0.0,0.0,0
ES,2015-03-06,613,1316.7406199021202,204.5646069094065,1526.0,1202.0,1640.0,76,0,0.0,0.0,0.0,0.0,0.0,0
ES,2015-03-07,646,1404.391640866873,151.40508577983766,1648.0,1503.1,1659.1,75,1,61.04,0.0,0.0,0.0,0.0,1
ES,2015-03-08,491,1335.0570264765793,219.38424181229507,1368.0,1177.0,1663.1,76,0,0.0,0.0,0.0,0.0,0.0,0
ES,2015-03-09,596,1239.8607382550335,0.0,976.0,976.0,976.0,75,0,0.0,0.0,0.0,0.0,0.0,0
ES,2015-03-10,704,1342.6150568181824,182.48721416398828,1513.5,1231.4,1662.1,78,0,0.0,0.0,0.0,0.0,0.0,0
ES,2015-03-11,756,1337.9854497354493,154.5816339982213,1659.0,1252.6,1676.0,79,0,0.0,0.0,0.0,0.0,0.0,0
ES,2015-03-12,594,1293.6902356902353,70.11478192669574,963.0,954.0,1025.0,84,0,0.0,0.0,0.0,0.0,0.0,0
ES,2015-03-13,634,1338.0599369085173,0.0,1632.0,1632.0,1632.0,75,0,0.0,0.0,0.0,0.0,0.0,0
ES,2015-03-14,696,1312.7873563218398,0.0,1074.0,1074.0,1074.0,80,0,0.0,0.0,0.0,0.0,0.0,0
ES,2015-03-15,556,1286.9154676259002,98.45585587234288,1339.0,1210.2,1399.0,85,0,0.0,0.0,0.0,0.0,0.0,0
ES,2015-03-16,558,1272.5501792114696,0.0,1414.0,1414.0,1414.0,83,0,0.0,0.0,0.0,0.0,0.0,0
ES,2015-03-17,629,1274.383147853736,203.325819533302,1495.0,1144.8,1660.4,69,0,0.0,0.0,0.0,0.0,0.0,0
ES,2015-03-18,643,1262.9984447900474,6.367355014175291,951.0,947.8,959.6,85,0,0.0,0.0,0.0,0.0,0.0,0
ES,2015-03-19,657,1338.6407914764088,306.1352264269895,964.0,946.0,1642.0,87,0,0.0,0.0,0.0,0.0,0.0,0
ES,2015-03-20,673,1290.6835066864778,319.2546876015379,963.0,943.2,1645.4,84,0,0.0,0.0,0.0,0.0,0.0,0
ES,2015-03-21,669,1398.5276532137516,128.2633072804262,1333.0,1201.4,1550.0,73,1,82.37,0.0,0.0,0.0,0.0,1
ES,2015-03-22,731,1366.8878248974006,5.332916650389353,939.5,931.8,946.1,86,0,0.0,0.0,0.0,0.0,0.0,0
ES,2015-03-23,812,1274.0874384236456,8.85097981864155,970.5,958.5,978.0,90,0,0.0,0.0,0.0,0.0,0.0,0
ES,2015-03-24,773,1233.4307891332478,5.438772555786852,981.0,974.0,987.4,84,0,0.0,0.0,0.0,0.0,0.0,0
ES,2015-03-25,757,1231.081902245707,29.130157517650357,963.0,921.0,996.0,87,0,0.0,0.0,0.0,0.0,0.0,0
ES,2015-03-26,467,1270.3661670235545,12.344839477627689,915.0,897.6,927.2,84,0,0.0,0.0,0.0,0.0,0.0,0
ES,2015-03-27,683,1235.401171303075,12.858201014657274,928.0,906.0,940.0,88,0,0.0,0.0,0.0,0.0,0.0,0
ES,2015-03-28,756,1290.3505291005288,17.353206817417714,919.0,897.0,937.0,79,0,0.0,0.0,0.0,0.0,0.0,0
ES,2015-03-29,625,1289.6592,9.739609848448755,945.0,926.9,952.1,73,0,0.0,0.0,0.0,0.0,0.0,0
ES,2015-03-30,571,1328.4728546409806,19.17152836891206,954.0,939.0,988.3,75,0,0.0,0.0,0.0,0.0,0.0,0
ES,2015-03-31,497,1265.5774647887326,12.50283918373427,976.0,965.6,995.2,75,0,0.0,0.0,0.0,0.0,0.0,0
ES,2015-04-01,497,1233.3400402414493,4.527692569068709,953.0,948.3,957.7,70,0,0.0,0.0,0.0,0.0,0.0,0
ES,2015-04-02,381,1333.1601049868768,5.715476066494082,933.0,927.4,938.6,65,0,0.0,0.0,0.0,0.0,0.0,0
ES,2015-04-03,644,1440.1506211180124,7.425348642934943,1493.0,1484.0,1502.8,73,0,0.0,0.0,0.0,0.0,0.0,0
ES,2015-04-04,574,1378.5365853658536,143.96058102442103,1203.0,1191.4,1492.0,71,0,0.0,0.0,0.0,0.0,0.0,0
ES,2015-04-05,517,1343.822050290135,85.52712370288673,1457.0,1363.4,1530.6,69,1,81.76,0.0,0.0,0.0,0.0,1
ES,2015-04-06,738,1300.2276422764223,9.454659259722241,918.0,910.0,933.4,82,0,0.0,0.0,0.0,0.0,0.0,0
ES,2015-04-07,720,1296.5708333333334,84.20994926702875,941.0,920.4,956.2,86,2,63.86,0.0,0.0,0.0,0.0,2
ES,2015-04-08,609,1269.224958949097,8.87724932372385,937.0,925.5,946.0,79,0,0.0,0.0,0.0,0.0,0.0,0
ES,2015-04-09,610,1269.4442622950812,0.0,911.0,911.0,911.0,77,0,0.0,0.0,0.0,0.0,0.0,0
ES,2015-04-10,678,1310.7861356932144,12.49330399166286,928.0,912.0,946.0,94,0,0.0,0.0,0.0,0.0,0.0,0
ES,2015-04-11,653,1354.675344563553,8.438009243891594,947.0,934.2,952.4,77,0,0.0,0.0,0.0,0.0,0.0,0
ES,2015-04-12,680,1304.8088235294115,143.85607887250168,923.0,910.4,1226.6000000000001,86,0,0.0,0.0,0.0,0.0,0.0,0
ES,2015-04-13,691,1309.2170767004334,309.03689999020435,1152.0,903.0,1571.5,82,0,0.0,0.0,0.0,0.0,0.0,0
ES,2015-04-14,766,1311.10182767624,8.877611360668725,908.0,898.1,921.5,78,0,0.0,0.0,0.0,0.0,0.0,0
ES,2015-04-15,640,1339.7546875000005,4.14578098794425,928.0,923.2,932.1,83,0,0.0,0.0,0.0,0.0,0.0,0
ES,2015-04-16,664,1262.072289156626,251.70765394710497,926.5,917.2,1475.2000000000003,93,0,0.0,0.0,0.0,0.0,0.0,0
ES,2015-04-17,672,1270.6413690476188,210.69422288130153,929.5,914.7,1356.8,76,0,0.0,0.0,0.0,0.0,0.0,0
ES,2015-04-18,551,1247.8094373865706,139.38546765624457,1533.0,1363.5,1636.0,73,0,0.0,0.0,0.0,0.0,0.0,0
ES,2015-04-19,710,1339.1028169014082,11.379257445018107,930.0,912.4,939.4,86,0,0.0,0.0,0.0,0.0,0.0,0
ES,2015-04-20,779,1331.4364569961485,7.264525678482617,944.0,935.8,952.0,94,0,0.0,0.0,0.0,0.0,0.0,0
ES,2015-04-21,594,1343.3838383838383,9.557135709782854,971.0,959.0,981.0,88,0,0.0,0.0,0.0,0.0,0.0,0
ES,2015-04-22,604,1342.5844370860923,138.73332064091656,1011.0,991.8,1024.6,81,0,0.0,0.0,0.0,0.0,0.0,0
ES,2015-04-23,680,1359.8955882352948,139.47263991174262,1027.0,1013.8,1325.8,91,0,0.0,0.0,0.0,0.0,0.0,0
ES,2015-04-24,808,1385.5556930693076,192.7404702933167,1031.0,1012.7,1426.7,82,0,0.0,0.0,0.0,0.0,0.0,0
ES,2015-04-25,755,1379.2834437086092,0.0,1262.0,1262.0,1262.0,76,1,82.18,0.0,0.0,0.0,0.0,1
ES,2015-04-26,654,1434.3302752293573,248.92858413609312,1008.0,995.2,1382.0,87,0,0.0,0.0,0.0,0.0,0.0,0
ES,2015-04-27,826,1353.7191283292987,32.40420068790807,1046.5,985.0,1071.3,83,0,0.0,0.0,0.0,0.0,0.0,0
ES,2015-04-28,779,1394.8741976893452,97.84878963620511,1058.0,1042.4,1086.4,85,0,0.0,0.0,0.0,0.0,0.0,0
ES,2015-04-29,540,1354.9314814814813,9.717895862788405,1082.0,1070.0,1094.1,80,1,93.26,0.0,0.0,0.0,0.0,1
ES,2015-04-30,555,1368.3099099099102,11.559959042367948,1088.0,1067.8,1096.0,86,0,0.0,0.0,0.0,0.0,0.0,0
ES,2015-05-01,850,1395.469411764706,115.2353994175035,1529.0,1235.0,1544.0,81,0,0.0,0.0,0.0,0.0,0.0,0
ES,2015-05-02,640,1410.8859375,248.31733729242507,1066.5,1057.4,1466.2,77,1,83.95,0.0,0.0,0.0,0.0,1
ES,2015-05-03,717,1384.47559274756,230.31041854177784,1623.0,1235.8,1630.2,90,0,0.0,0.0,0.0,0.0,0.0,0
ES,2015-05-04,723,1266.9543568464733,145.75187605996706,1043.0,1028.5,1052.0,95,1,83.24,0.0,0.0,0.0,0.0,1
ES,2015-05-05,770,1341.6467532467527,0.0,1196.0,1196.0,1196.0,92,0,0.0,0.0,0.0,0.0,0.0,0
ES,2015-05-06,655,1297.5053435114505,241.35966937332344,1047.0,1023.4,1636.4,87,0,0.0,0.0,0.0,0.0,0.0,0
ES,2015-05-07,653,1344.3016845329244,0.0,1537.0,1537.0,1537.0,88,1,76.83,0.0,0.0,0.0,0.0,1
ES,2015-05-08,763,1323.3512450851902,0.0,1654.0,1654.0,1654.0,94,0,0.0,0.0,0.0,0.0,0.0,0
ES,2015-05-09,577,1324.9497400346622,0.0,1474.0,1474.0,1474.0,77,0,0.0,0.0,0.0,0.0,0.0,0
ES,2015-05-10,578,1328.1903114186848,201.8847781503945,1640.5,1182.2,1688.5,85,0,0.0,0.0,0.0,0.0,0.0,0
ES,2015-05-11,706,1354.120396600567,122.02258997978188,1470.0,1369.2,1518.4,90,0,0.0,0.0,0.0,0.0,0.0,0
ES,2015-05-12,616,1332.1931818181822,129.07833819547085,1638.0,1484.2,1741.4,84,0,0.0,0.0,0.0,0.0,0.0,0
ES,2015-05-13,529,1398.4385633270322,169.3320997330394,1328.5,1156.8,1504.8,75,0,0.0,0.0,0.0,0.0,0.0,0
ES,2015-05-14,662,1391.2673716012096,69.03156090792156,1511.0,1499.6,1649.4,83,0,0.0,0.0,0.0,0.0,0.0,0
ES,2015-05-15,773,1336.7645536869345,105.95681611348736,1626.0,1510.4,1646.8,81,0,0.0,0.0,0.0,0.0,0.0,0
ES,2015-05-16,694,1305.3919308357351,57.58088385396962,1610.0,1516.8,1664.0,78,0,0.0,0.0,0.0,0.0,0.0,0
ES,2015-05-17,487,1306.406570841889,10.208928554075703,1649.0,1639.4,1659.4,82,0,0.0,0.0,0.0,0.0,0.0,0
ES,2015-05-18,791,1238.0670037926682,0.0,1630.0,1630.0,1630.0,87,0,0.0,0.0,0.0,0.0,0.0,0
ES,2015-05-19,704,1322.082386363637,146.07170605787283,1654.0,1523.0,1673.0,86,0,0.0,0.0,0.0,0.0,0.0,0
ES,2015-05-20,578,1339.941176470588,0.0,1632.0,1632.0,1632.0,94,0,0.0,0.0,0.0,0.0,0.0,0
ES,2015-05-21,607,1311.1861614497532,0.0,1621.0,1621.0,1621.0,82,0,0.0,0.0,0.0,0.0,0.0,0
ES,2015-05-22,780,1313.87435897436,75.22796132478936,1522.0,1504.0,1608.4,82,0,0.0,0.0,0.0,0.0,0.0,0
ES,2015-05-23,623,1321.5746388443013,7.767453465154029,1594.5,1588.0,1605.5,72,0,0.0,0.0,0.0,0.0,0.0,0
ES,2015-05-24,580,1273.6137931034482,48.59294898807877,1701.5,1682.7,1727.8,81,0,0.0,0.0,0.0,0.0,0.0,0
ES,2015-05-25,715,1284.402797202797,83.32983240945438,1491.0,1479.2,1683.5,82,0,0.0,0.0,0.0,0.0,0.0,0
ES,2015-05-26,679,1357.7466863033874,170.69726288243626,1586.0,1300.4,1594.0,87,0,0.0,0.0,0.0,0.0,0.0,0
ES,2015-05-27,670,1298.0432835820893,0.0,1604.0,1604.0,1604.0,83,0,0.0,0.0,0.0,0.0,0.0,0
ES,2015-05-28,537,1292.368715083799,5.4258639865002145,1604.0,1596.2,1608.4,74,0,0.0,0.0,0.0,0.0,0.0,0
ES,2015-05-29,698,1335.1819484240687,0.0,1620.0,1620.0,1620.0,82,0,0.0,0.0,0.0,0.0,0.0,0
ES,2015-05-30,709,1389.7221438645977,6.523802572120037,1610.0,1604.8,1619.2,83,1,72.24,0.0,0.0,0.0,0.0,1
ES,2015-05-31,590,1335.2084745762709,9.394147114027968,1599.5,1589.4,1609.6,82,0,0.0,0.0,0.0,0.0,0.0,0
ES,2015-06-01,668,1287.8652694610778,3.5,1581.5,1578.7,1584.3,82,0,0.0,0.0,0.0,0.0,0.0,0
ES,2015-06-02,585,1332.042735042735,151.75954665193223,1574.5,1189.2,1643.2,76,0,0.0,0.0,0.0,0.0,0.0,0
ES,2015-06-03,634,1333.582018927445,59.46032805362662,1428.0,1415.0,1517.9,81,0,0.0,0.0,0.0,0.0,0.0,0
ES,2015-06-04,606,1337.4488448844895,188.85357679797266,1581.0,1360.8,1585.2,97,0,0.0,0.0,0.0,0.0,0.0,0
ES,2015-06-05,622,1314.5530546623795,57.39906222012691,1531.5,1420.5,1551.5,84,0,0.0,0.0,0.0,0.0,0.0,0
ES,2015-06-06,554,1392.0848375451264,28.296053906272277,1714.0,1666.8,1715.6,77,0,0.0,0.0,0.0,0.0,0.0,0
ES,2015-06-07,563,1264.4067495559505,71.23240523494594,1546.5,1428.8,1626.1,81,0,0.0,0.0,0.0,0.0,0.0,0
ES,2015-06-08,701,1287.4664764621969,4.0,1585.0,1581.8,1588.2,87,0,0.0,0.0,0.0,0.0,0.0,0
ES,2015-06-09,611,1276.859247135843,87.93145528422902,1530.0,1458.0,1539.8,86,0,0.0,0.0,0.0,0.0,0.0,0
ES,2015-06-10,720,1291.6180555555552,0.0,1574.0,1574.0,1574.0,90,0,0.0,0.0,0.0,0.0,0.0,0
ES,2015-06-11,570,1336.8385964912284,3.0,1567.0,1564.6,1569.4,86,0,0.0,0.0,0.0,0.0,0.0,0
ES,2015-06-12,543,1369.5432780847152,0.0,1266.0,1266.0,1266.0,75,1,96.68,0.0,0.0,0.0,0.0,1
ES,2015-06-13,587,1377.44122657581,101.20213010312382,1555.0,1544.8,1567.6,81,0,0.0,0.0,0.0,0.0,0.0,0
ES,2015-06-14,523,1337.095602294455,134.1411104024415,1578.0,1548.2,1746.1,75,0,0.0,0.0,0.0,0.0,0.0,0
ES,2015-06-15,561,1320.609625668449,55.70008976653449,1624.5,1546.8,1679.6,76,0,0.0,0.0,0.0,0.0,0.0,0
ES,2015-06-16,594,1344.7441077441079,0.0,1576.0,1576.0,1576.0,86,0,0.0,0.0,0.0,0.0,0.0,0
ES,2015-06-17,677,1350.6794682422449,9.516068282413466,1601.5,1587.5,1609.0,82,0,0.0,0.0,0.0,0.0,0.0,0
ES,2015-06-18,550,1381.4581818181816,10.947145746723207,1591.0,1583.4,1607.6,83,0,0.0,0.0,0.0,0.0,0.0,0
ES,2015-06-19,596,1351.691275167786,5.9531504264548865,1586.0,1579.0,1591.8,81,0,0.0,0.0,0.0,0.0,0.0,0
ES,2015-06-20,819,1363.5445665445666,5.043808085167396,1572.0,1563.4,1574.4,88,1,87.95,0.0,0.0,0.0,0.0,1
ES,2015-06-21,632,1421.1566455696204,128.96080369200902,1566.0,1350.0,1571.6,84,0,0.0,0.0,0.0,0.0,0.0,0
ES,2015-06-22,655,1285.4839694656487,3.5,1577.5,1574.7,1580.3,85,0,0.0,0.0,0.0,0.0,0.0,0
ES,2015-06-23,641,1308.7535101404055,209.11353906962174,1069.0,1054.5,1468.0,90,0,0.0,0.0,0.0,0.0,0.0,0
ES,2015-06-24,655,1347.5832061068713,212.7398411205574,1595.0,1276.4,1602.4,87,0,0.0,0.0,0.0,0.0,0.0,0
ES,2015-06-25,549,1339.440801457195,4.5,1065.5,1061.9,1069.1,83,1,30.96,0.0,0.0,0.0,0.0,1
ES,2015-06-26,589,1350.9847198641767,12.38900836809271,1070.0,1052.0,1080.0,74,0,0.0,0.0,0.0,0.0,0.0,0
ES,2015-06-27,577,1394.7989601386485,5.934831271588285,1076.0,1068.5,1081.5,68,0,0.0,0.0,0.0,0.0,0.0,0
ES,2015-06-28,568,1282.112676056337,97.00453026912487,1063.0,1022.6,1093.6,74,0,0.0,0.0,0.0,0.0,0.0,0
ES,2015-06-29,562,1272.5587188612096,210.37479781465163,1579.0,1295.5,1584.5,82,2,65.545,0.0,0.0,0.0,0.0,1
ES,2015-06-30,623,1266.7223113964687,10.501700542565203,1593.0,1578.4,1602.4,90,1,79.76,0.0,0.0,0.0,0.0,1
ES,2015-07-01,681,1303.4992657856092,5.035871324805669,1008.0,1001.0,1012.0,87,0,0.0,0.0,0.0,0.0,0.0,0
ES,2015-07-02,805,1352.4906832298134,0.0,1602.0,1602.0,1602.0,79,1,60.07,0.0,0.0,0.0,0.0,1
ES,2015-07-03,649,1340.9183359013878,157.23937872626635,1610.0,1346.0,1615.6,82,0,0.0,0.0,0.0,0.0,0.0,0
ES,2015-07-04,515,1407.021359223301,111.68740670979116,1652.0,1581.4,1700.0,68,0,0.0,0.0,0.0,0.0,0.0,0
ES,2015-07-05,614,1263.3534201954394,3.5,1004.5,1001.7,1007.3,87,1,71.49,0.0,0.0,0.0,0.0,1
ES,2015-07-06,630,1260.8126984126984,136.97698509035905,1038.0,1005.5,1049.1,89,0,0.0,0.0,0.0,0.0,0.0,0
ES,2015-07-07,701,1262.2738944365194,183.62145709631224,1034.0,1026.6,1154.4,81,0,0.0,0.0,0.0,0.0,0.0,0
ES,2015-07-08,627,1293.591706539075,156.20447091774892,1006.5,986.9,1024.5,79,0,0.0,0.0,0.0,0.0,0.0,0
ES,2015-07-09,636,1308.9512578616345,168.17361159338773,1030.0,1021.0,1047.0,73,0,0.0,0.0,0.0,0.0,0.0,0
ES,2015-07-10,639,1384.970266040688,0.0,1606.0,1606.0,1606.0,77,0,0.0,0.0,0.0,0.0,0.0,0
ES,2015-07-11,486,1378.3086419753083,15.536772649035774,1031.0,1006.6,1047.0,70,0,0.0,0.0,0.0,0.0,0.0,0
ES,2015-07-12,636,1322.2311320754718,296.5,1300.5,1063.3,1537.7,76,0,0.0,0.0,0.0,0.0,0.0,0
ES,2015-07-13,755,1330.0927152317886,136.8313689524875,1006.0,994.0,1023.2,90,0,0.0,0.0,0.0,0.0,0.0,0
ES,2015-07-14,586,1265.1928327645046,149.81950024299647,1014.5,1001.8,1028.9,80,0,0.0,0.0,0.0,0.0,0.0,0
ES,2015-07-15,638,1314.8119122257058,5.312459150169742,997.0,992.2,1002.6,85,0,0.0,0.0,0.0,0.0,0.0,0
ES,2015-07-16,549,1395.3114754098365,306.47501937352087,1647.0,995.3,1747.5,86,0,0.0,0.0,0.0,0.0,0.0,0
ES,2015-07-17,595,1305.2268907563027,120.17399856273218,992.0,974.0,1010.2,83,0,0.0,0.0,0.0,0.0,0.0,0
ES,2015-07-18,511,1326.0469667318985,8.239471396205518,963.0,951.5,970.5,65,0,0.0,0.0,0.0,0.0,0.0,0
ES,2015-07-19,517,1287.8143133462277,11.782250573274554,973.5,956.5,985.0,74,0,0.0,0.0,0.0,0.0,0.0,0
ES,2015-07-20,572,1266.5489510489501,11.270559445035621,979.0,964.3,992.2,82,1,93.22,0.0,0.0,0.0,0.0,1
ES,2015-07-21,680,1320.604411764706,230.31425834362034,952.0,938.0,1598.0,90,0,0.0,0.0,0.0,0.0,0.0,0
ES,2015-07-22,489,1286.7137014314933,7.074995092263708,951.5,942.2,958.7,78,0,0.0,0.0,0.0,0.0,0.0,0
ES,2015-07-23,581,1322.678141135972,7.239815643754719,968.5,958.3,977.1,77,0,0.0,0.0,0.0,0.0,0.0,0
ES,2015-07-24,694,1367.8069164265123,3.9334745737353156,968.0,964.0,972.5,84,0,0.0,0.0,0.0,0.0,0.0,0
ES,2015-07-25,577,1383.3327556325821,309.685144766243,1014.0,979.6,1622.8,73,0,0.0,0.0,0.0,0.0,0.0,0
ES,2015-07-26,505,1350.2693069306931,287.0558990218409,1616.0,1126.0,1782.0,66,0,0.0,0.0,0.0,0.0,0.0,0
ES,2015-07-27,721,1372.5894590846046,85.43146793942917,1630.5,1448.1,1648.4,78,0,0.0,0.0,0.0,0.0,0.0,0
ES,2015-07-28,691,1401.4023154848044,5.817215828899594,1621.0,1614.0,1627.0,81,0,0.0,0.0,0.0,0.0,0.0,0
ES,2015-07-29,722,1401.2465373961224,5.868938953886336,1602.0,1593.0,1609.4,85,0,0.0,0.0,0.0,0.0,0.0,0
ES,2015-07-30,741,1366.120107962214,159.36316162761898,1539.0,1327.4,1734.8,83,0,0.0,0.0,0.0,0.0,0.0,0
ES,2015-07-31,787,1411.4078780177888,4.0,1606.0,1602.8,1609.2,89,0,0.0,0.0,0.0,0.0,0.0,0
ES,2015-08-01,634,1351.9384858044166,5.792715732327588,1605.0,1597.8,1609.0,79,0,0.0,0.0,0.0,0.0,0.0,0
ES,2015-08-02,704,1316.5269886363642,16.157142520813196,1637.0,1611.4,1651.8,74,0,0.0,0.0,0.0,0.0,0.0,0
ES,2015-08-03,861,1280.6515679442512,304.1087010278008,1626.0,1017.6,1638.0,83,0,0.0,0.0,0.0,0.0,0.0,0
ES,2015-08-04,942,1340.967091295117,171.4300575991197,1042.0,1017.7,1054.8,84,0,0.0,0.0,0.0,0.0,0.0,0
ES,2015-08-05,777,1340.5817245817243,243.78360167255804,1611.0,1030.4,1618.2,86,1,34.88,0.0,0.0,0.0,0.0,1
ES,2015-08-06,702,1313.8746438746437,284.8452153972292,1039.0,1019.4,1610.8,75,0,0.0,0.0,0.0,0.0,0.0,0
ES,2015-08-07,591,1430.0389170896783,138.907891581976,1595.5,1583.5,1603.5,78,0,0.0,0.0,0.0,0.0,0.0,0
ES,2015-08-08,704,1320.910511363637,17.872529737312036,1612.0,1597.0,1642.2,75,0,0.0,0.0,0.0,0.0,0.0,0
ES,2015-08-09,583,1334.3327615780447,12.077009839636078,1634.0,1623.0,1652.6,72,0,0.0,0.0,0.0,0.0,0.0,0
ES,2015-08-10,693,1366.5930735930735,8.269688936232175,1628.5,1615.6,1636.4,79,0,0.0,0.0,0.0,0.0,0.0,0
ES,2015-08-11,672,1318.5565476190475,10.143470806385752,1628.5,1619.7,1644.5,79,0,0.0,0.0,0.0,0.0,0.0,0
ES,2015-08-12,719,1364.9221140472876,7.189401922274203,1611.5,1605.1,1620.0,75,0,0.0,0.0,0.0,0.0,0.0,0
ES,2015-08-13,679,1304.739322533137,7.201928116486675,1626.0,1616.0,1635.0,79,0,0.0,0.0,0.0,0.0,0.0,0
ES,2015-08-14,552,1330.8369565217392,9.405967373014976,1600.5,1592.0,1614.0,79,0,0.0,0.0,0.0,0.0,0.0,0
ES,2015-08-15,438,1296.5022831050228,4.5,1591.5,1587.9,1595.1,60,1,82.88,0.0,0.0,0.0,0.0,1
ES,2015-08-16,485,1262.5154639175264,5.782049702781195,1022.0,1013.8,1029.6,70,1,87.4,0.0,0.0,0.0,0.0,1
ES,2015-08-17,471,1298.9150743099785,233.1552272628688,1020.0,1004.6,1597.2,72,0,0.0,0.0,0.0,0.0,0.0,0
ES,2015-08-18,563,1305.6447602131439,163.74346847855566,978.5,966.0,1006.6,84,0,0.0,0.0,0.0,0.0,0.0,0
ES,2015-08-19,579,1365.9309153713298,240.56005256253354,1622.5,1046.7,1632.7,73,0,0.0,0.0,0.0,0.0,0.0,0
ES,2015-08-20,587,1334.321976149915,7.428828979051813,1630.0,1623.0,1637.7,79,0,0.0,0.0,0.0,0.0,0.0,0
ES,2015-08-21,654,1361.6269113149847,284.4552258444272,1612.0,986.8,1619.6,95,0,0.0,0.0,0.0,0.0,0.0,0
ES,2015-08-22,563,1297.703374777975,222.72391166734292,1613.0,1117.6000000000001,1620.8,77,2,81.445,0.0,0.0,0.0,0.0,1
ES,2015-08-23,628,1296.9872611464962,278.38476321251653,1022.5,1008.3,1583.8,70,0,0.0,0.0,0.0,0.0,0.0,0
ES,2015-08-24,867,1292.5870818915805,195.88783870233988,1575.0,1028.0,1589.0,85,0,0.0,0.0,0.0,0.0,0.0,0
ES,2015-08-25,702,1292.4943019943018,8.005623023850173,1581.5,1570.8,1593.0,80,0,0.0,0.0,0.0,0.0,0.0,0
ES,2015-08-26,659,1327.678300455235,267.1446050362986,1565.0,1027.1,1576.7,84,0,0.0,0.0,0.0,0.0,0.0,0
ES,2015-08-27,685,1350.5138686131386,275.9955634071102,1557.0,1008.6,1577.8,90,0,0.0,0.0,0.0,0.0,0.0,0
ES,2015-08-28,668,1344.2260479041915,288.37517230163905,1569.0,988.6,1583.4,89,0,0.0,0.0,0.0,0.0,0.0,0
ES,2015-08-29,598,1300.337792642141,8.553238844837791,997.0,984.4,1005.8,82,1,83.87,0.0,0.0,0.0,0.0,1
ES,2015-08-30,755,1342.8185430463577,220.05864807762043,1556.0,995.5,1564.5,86,0,0.0,0.0,0.0,0.0,0.0,0
ES,2015-08-31,898,1318.6859688195993,222.23741306103332,1595.0,987.8,1644.8,99,0,0.0,0.0,0.0,0.0,0.0,0
ES,2015-09-01,762,1308.9671916010489,316.47505404659466,996.0,970.6,1648.6,89,0,0.0,0.0,0.0,0.0,0.0,0
ES,2015-09-02,838,1309.356801909308,214.93393061664565,1000.0,989.0,1617.0,90,0,0.0,0.0,0.0,0.0,0.0,0
ES,2015-09-03,708,1281.227401129944,186.63776231242073,1023.0,1008.0,1266.0000000000011,92,0,0.0,0.0,0.0,0.0,0.0,0
ES,2015-09-04,933,1350.2197213290458,0.0,1597.0,1597.0,1597.0,99,0,0.0,0.0,0.0,0.0,0.0,0
ES,2015-09-05,677,1328.4357459379617,207.31264277886112,1220.0,1189.6,1677.8,79,0,0.0,0.0,0.0,0.0,0.0,0
ES,2015-09-06,748,1335.8355614973266,176.56335204099014,1034.0,1027.8,1153.4,88,0,0.0,0.0,0.0,0.0,0.0,0
ES,2015-09-07,749,1356.157543391189,8.324061508662703,1572.0,1564.2,1579.9,87,0,0.0,0.0,0.0,0.0,0.0,0
ES,2015-09-08,831,1366.6173285198554,256.20300164542607,1552.0,1034.8,1585.4,91,0,0.0,0.0,0.0,0.0,0.0,0
ES,2015-09-09,707,1356.3889674681761,235.02606238457895,1301.5,1065.1,1537.9,89,0,0.0,0.0,0.0,0.0,0.0,0
ES,2015-09-10,782,1364.373401534527,216.81767761288233,1071.0,1062.2,1539.4,85,0,0.0,0.0,0.0,0.0,0.0,0
ES,2015-09-11,747,1331.4390896921018,4.0,1083.0,1079.8,1086.2,86,0,0.0,0.0,0.0,0.0,0.0,0
ES,2015-09-12,699,1430.3118741058656,156.26454932261507,1541.5,1392.6,1553.1,82,0,0.0,0.0,0.0,0.0,0.0,0
ES,2015-09-13,958,1334.1273486430057,3.7712361663282534,1083.0,1076.6,1083.0,86,0,0.0,0.0,0.0,0.0,0.0,0
ES,2015-09-14,897,1350.2742474916392,3.299831645537222,1550.0,1544.4,1550.0,89,0,0.0,0.0,0.0,0.0,0.0,0
ES,2015-09-15,774,1362.2984496124036,241.2792728354427,1312.5,1069.4,1554.9,91,1,83.27,0.0,0.0,0.0,0.0,1
ES,2015-09-16,795,1355.2792452830188,241.6703776398163,1067.0,1055.2,1547.8,97,0,0.0,0.0,0.0,0.0,0.0,0
ES,2015-09-17,658,1333.3814589665656,222.39969649259865,1062.0,1054.0,1539.5,87,0,0.0,0.0,0.0,0.0,0.0,0
ES,2015-09-18,830,1350.5783132530119,231.8332159117843,1525.0,1054.8,1531.2,87,2,15.85,0.0,0.0,0.0,0.0,2
ES,2015-09-19,692,1381.0447976878609,3.299831645537222,1515.0,1512.6,1519.0,87,0,0.0,0.0,0.0,0.0,0.0,0
ES,2015-09-20,776,1329.9896907216498,136.21184481045202,1517.0,1501.7,1534.4,87,0,0.0,0.0,0.0,0.0,0.0,0
ES,2015-09-21,875,1282.1177142857148,187.50414810226349,1544.5,1291.0,1551.0,84,0,0.0,0.0,0.0,0.0,0.0,0
ES,2015-09-22,833,1287.8511404561818,225.62067170363625,1552.5,1189.4,1557.9,85,0,0.0,0.0,0.0,0.0,0.0,0
ES,2015-09-23,747,1303.2878179384204,237.99927378247955,1530.0,1026.6,1539.4,85,0,0.0,0.0,0.0,0.0,0.0,0
ES,2015-09-24,766,1289.1697127937337,215.96856622581242,1022.5,1004.5,1529.5,85,0,0.0,0.0,0.0,0.0,0.0,0
ES,2015-09-25,627,1306.1754385964914,235.64812751218713,973.5,944.3,1550.7,83,0,0.0,0.0,0.0,0.0,0.0,0
ES,2015-09-26,684,1341.4736842105262,5.557777333511022,1575.5,1568.0,1580.5,77,0,0.0,0.0,0.0,0.0,0.0,0
ES,2015-09-27,750,1356.1040000000003,305.82193439247544,1585.5,939.7,1597.8,86,0,0.0,0.0,0.0,0.0,0.0,0
ES,2015-09-28,809,1311.2533992583442,247.69857894493896,959.0,937.0,1605.2,85,0,0.0,0.0,0.0,0.0,0.0,0
ES,2015-09-29,565,1269.9026548672564,278.3632922081853,997.0,978.2,1604.2,81,0,0.0,0.0,0.0,0.0,0.0,0
ES,2015-09-30,770,1339.0688311688318,4.866980583482946,1621.0,1616.9,1627.2,91,0,0.0,0.0,0.0,0.0,0.0,0
ES,2015-10-01,624,1311.25641025641,6.456585785072479,1627.5,1620.4,1633.9,89,0,0.0,0.0,0.0,0.0,0.0,0
ES,2015-10-02,722,1312.8227146814413,119.89196320119495,1614.0,1590.6,1622.6,74,0,0.0,0.0,0.0,0.0,0.0,0
ES,2015-10-03,628,1280.4331210191083,272.95652640323965,1608.0,1001.6,1616.8,84,6,34.163333333333334,0.0,0.0,0.0,0.0,4
ES,2015-10-04,666,1280.812312312313,264.2112968345601,1615.0,1009.9,1628.6,84,1,90.05,0.0,0.0,0.0,0.0,1
ES,2015-10-05,790,1365.326582278481,253.1168899935364,1627.0,1248.6,1633.0,89,1,85.64,0.0,0.0,0.0,0.0,1
ES,2015-10-06,726,1329.4104683195599,7.833262411026456,1627.0,1616.8,1633.6,79,0,0.0,0.0,0.0,0.0,0.0,0
ES,2015-10-07,758,1298.6200527704484,125.11001579537374,1579.0,1484.8000000000002,1628.4,87,0,0.0,0.0,0.0,0.0,0.0,0
ES,2015-10-08,887,1311.449830890643,124.31822964562446,1614.0,1521.5000000000002,1640.2,85,0,0.0,0.0,0.0,0.0,0.0,0
ES,2015-10-09,713,1317.4263674614303,0.0,1611.0,1611.0,1611.0,87,0,0.0,0.0,0.0,0.0,0.0,0
ES,2015-10-10,689,1411.984034833091,165.61765741646494,1629.0,1206.8,1657.4,84,0,0.0,0.0,0.0,0.0,0.0,0
ES,2015-10-11,661,1321.1724659606657,97.92977075435232,982.0,971.4,1129.4,76,0,0.0,0.0,0.0,0.0,0.0,0
ES,2015-10-12,837,1289.0633213859023,8.38111302605779,979.5,969.7,990.7,86,1,67.73,0.0,0.0,0.0,0.0,1
ES,2015-10-13,888,1286.283783783784,7.156970184527963,997.5,990.0,1005.5,87,0,0.0,0.0,0.0,0.0,0.0,0
ES,2015-10-14,747,1262.767068273092,151.83540074589848,1526.0,1215.6,1664.8,87,0,0.0,0.0,0.0,0.0,0.0,0
ES,2015-10-15,653,1271.848392036754,312.1628957281563,1619.0,991.4,1625.8,93,1,61.98,0.0,0.0,0.0,0.0,1
ES,2015-10-16,757,1299.2483487450468,149.9657122269954,1647.0,1351.0,1667.5,85,0,0.0,0.0,0.0,0.0,0.0,0
ES,2015-10-17,803,1334.17310087173,5.8723398232731725,1012.5,1004.4,1020.3,88,0,0.0,0.0,0.0,0.0,0.0,0
ES,2015-10-18,800,1317.88625,7.363574011458175,1004.0,997.6,1012.0,94,1,28.21,0.0,0.0,0.0,0.0,1
ES,2015-10-19,758,1339.4617414248025,5.3091901453988255,1012.0,1006.4,1016.9,104,0,0.0,0.0,0.0,0.0,0.0,0
ES,2015-10-20,716,1343.734636871508,53.16013544000805,1538.0,1530.8,1624.4,90,0,0.0,0.0,0.0,0.0,0.0,0
ES,2015-10-21,765,1372.1111111111109,0.0,1021.0,1021.0,1021.0,88,0,0.0,0.0,0.0,0.0,0.0,0
ES,2015-10-22,587,1358.0545144804084,186.56694062275164,1656.0,1256.3,1728.1,78,0,0.0,0.0,0.0,0.0,0.0,0
ES,2015-10-23,798,1310.5288220551372,0.0,1015.0,1015.0,1015.0,86,0,0.0,0.0,0.0,0.0,0.0,0
ES,2015-10-24,772,1357.8989637305692,3.5,1004.5,1001.7,1007.3,84,1,71.81,0.0,0.0,0.0,0.0,1
ES,2015-10-25,783,1357.0357598978285,0.0,993.0,993.0,993.0,94,0,0.0,0.0,0.0,0.0,0.0,0
ES,2015-10-26,884,1343.838235294118,310.06975345680775,1028.0,998.0,1616.4,96,1,92.77,0.0,0.0,0.0,0.0,1
ES,2015-10-27,700,1339.2914285714285,12.433908320579151,1010.0,996.0,1026.2,102,0,0.0,0.0,0.0,0.0,0.0,0
ES,2015-10-28,777,1365.5212355212361,300.18269918928036,1580.0,992.0,1605.0,100,0,0.0,0.0,0.0,0.0,0.0,0
ES,2015-10-29,760,1377.9513157894746,299.34964506409557,1276.0,969.8,1575.7,100,1,83.36,0.0,0.0,0.0,0.0,1
ES,2015-10-30,684,1361.6330409356726,255.19743022817008,973.0,963.0,1580.8,91,2,96.65,0.0,0.0,0.0,0.0,2
ES,2015-10-31,641,1371.3946957878316,177.5648409096596,977.0,968.0,987.0,91,0,0.0,0.0,0.0,0.0,0.0,0
ES,2015-11-01,625,1330.7632000000008,270.63510664129586,1574.0,995.4,1594.8,87,1,68.88,0.0,0.0,0.0,0.0,1
ES,2015-11-02,866,1324.051963048499,253.39176733884239,1563.0,1005.0,1569.8,102,1,69.13,0.0,0.0,0.0,0.0,1
ES,2015-11-03,682,1311.9457478005859,3.640054944640259,1002.5,998.6,1006.4,95,0,0.0,0.0,0.0,0.0,0.0,0
ES,2015-11-04,767,1295.38591916558,144.75263536042092,1034.0,1000.2,1049.4,92,2,4.94,0.0,0.0,0.0,0.0,2
ES,2015-11-05,717,1345.125523012552,4.791659420284375,1057.0,1053.0,1063.6,105,2,72.535,0.0,0.0,0.0,0.0,2
ES,2015-11-06,676,1340.7292899408283,195.00655259645907,1035.0,1017.5,1300.5,92,0,0.0,0.0,0.0,0.0,0.0,0
ES,2015-11-07,712,1334.1938202247197,8.437268515343103,1032.5,1022.4,1040.5,91,0,0.0,0.0,0.0,0.0,0.0,0
ES,2015-11-08,743,1347.7469717362048,0.0,1049.0,1049.0,1049.0,82,0,0.0,0.0,0.0,0.0,0.0,0
ES,2015-11-09,975,1352.0000000000007,147.25542434830712,1054.0,1046.0,1113.6,102,1,72.36,0.0,0.0,0.0,0.0,1
ES,2015-11-10,760,1324.3118421052634,251.2401428414655,1282.0,1031.7,1544.7,102,0,0.0,0.0,0.0,0.0,0.0,0
ES,2015-11-11,726,1316.3140495867774,199.5940942741939,1062.0,1047.4,1532.8,94,0,0.0,0.0,0.0,0.0,0.0,0
ES,2015-11-12,679,1359.1134020618554,4.6097722286464435,1059.5,1054.8,1064.2,94,1,76.55,0.0,0.0,0.0,0.0,1
ES,2015-11-13,797,1365.35382685069,240.61541467199848,1524.0,1043.7,1541.6,89,0,0.0,0.0,0.0,0.0,0.0,0
ES,2015-11-14,728,1380.2609890109886,0.0,1037.0,1037.0,1037.0,84,0,0.0,0.0,0.0,0.0,0.0,0
ES,2015-11-15,793,1343.3972257250946,7.35934779718964,1526.0,1519.0,1534.6,100,0,0.0,0.0,0.0,0.0,0.0,0
ES,2015-11-16,805,1316.3304347826083,5.257375771237966,1038.0,1030.0,1045.0,99,0,0.0,0.0,0.0,0.0,0.0,0
ES,2015-11-17,834,1373.528776978418,12.060265337047937,1016.5,998.0,1032.0,96,0,0.0,0.0,0.0,0.0,0.0,0
ES,2015-11-18,564,1360.1808510638293,9.378199042670753,982.0,968.6,990.4,97,0,0.0,0.0,0.0,0.0,0.0,0
ES,2015-11-19,720,1339.4277777777777,11.142710621747295,972.0,960.6,987.7,86,0,0.0,0.0,0.0,0.0,0.0,0
ES,2015-11-20,664,1343.859939759036,9.668103341515451,999.0,992.5,1014.0,89,0,0.0,0.0,0.0,0.0,0.0,0
ES,2015-11-21,658,1357.8844984802433,249.08519044448514,1491.0,1001.2,1510.2,90,1,64.41,0.0,0.0,0.0,0.0,1
ES,2015-11-22,783,1361.478927203065,140.97791184063868,1614.0,1246.4,1710.0,86,0,0.0,0.0,0.0,0.0,0.0,0
ES,2015-11-23,818,1333.0024449877753,2.8284271247461903,990.0,990.0,994.8,92,0,0.0,0.0,0.0,0.0,0.0,0
ES,2015-11-24,701,1340.382310984308,249.39852645915934,1478.5,981.0,1492.0,100,0,0.0,0.0,0.0,0.0,0.0,0
ES,2015-11-25,625,1300.2351999999998,202.39363475910864,1007.0,996.0,1483.0,86,0,0.0,0.0,0.0,0.0,0.0,0
ES,2015-11-26,653,1361.716692189893,202.6343689999305,1012.5,1000.4,1475.5,85,4,73.4425,0.0,0.0,0.0,0.0,1
ES,2015-11-27,648,1395.881172839506,4.707440918375928,989.0,983.6,994.0,83,0,0.0,0.0,0.0,0.0,0.0,0
ES,2015-11-28,624,1378.969551282052,4.320493798938574,993.0,991.4,999.4,81,0,0.0,0.0,0.0,0.0,0.0,0
ES,2015-11-29,712,1380.7247191011238,6.128258770283411,995.0,988.6,1000.6,82,0,0.0,0.0,0.0,0.0,0.0,0
ES,2015-11-30,740,1390.0391891891895,302.3148028132265,994.0,987.8,1446.2,94,0,0.0,0.0,0.0,0.0,0.0,0
ES,2015-12-01,85,1400.6588235294118,4.223742416388575,995.0,987.4,996.6,25,0,0.0,0.0,0.0,0.0,0.0,0
ES,2015-12-02,15,1423.6,4.109609335312651,1342.0,1338.8,1346.8,6,0,0.0,0.0,0.0,0.0,0.0,0
ES,2015-12-03,24,1550.2083333333333,0.0,1339.0,1339.0,1339.0,10,0,0.0,0.0,0.0,0.0,0.0,0
ES,2015-12-04,24,1469.8333333333333,14.614490525958589,1134.5,1117.5,1151.5,8,0,0.0,0.0,0.0,0.0,0.0,0
ES,2015-12-05,23,1723.695652173913,0.0,1439.0,1439.0,1439.0,8,0,0.0,0.0,0.0,0.0,0.0,0
ES,2015-12-06,36,1603.472222222222,13.251768749868829,1838.0,1824.0,1856.9,8,0,0.0,0.0,0.0,0.0,0.0,0
ES,2015-12-07,25,1573.72,0.0,1362.0,1362.0,1362.0,9,0,0.0,0.0,0.0,0.0,0.0,0
ES,2015-12-08,32,1408.28125,9.156418513807678,1272.0,1263.8,1284.0,11,0,0.0,0.0,0.0,0.0,0.0,0
ES,2015-12-09,24,1596.6250000000002,0.0,1360.0,1360.0,1360.0,9,0,0.0,0.0,0.0,0.0,0.0,0
ES,2015-12-10,16,1412.625,194.45279347154897,1079.5,816.0,1085.5,7,0,0.0,0.0,0.0,0.0,0.0,0
ES,2015-12-11,38,1501.6315789473688,13.678524804098084,1193.0,1175.6,1206.8,12,0,0.0,0.0,0.0,0.0,0.0,0
ES,2015-12-12,23,1594.1304347826087,0.0,1903.0,1903.0,1903.0,8,0,0.0,0.0,0.0,0.0,0.0,0
ES,2015-12-13,29,1662.9310344827586,0.0,1864.0,1864.0,1864.0,12,0,0.0,0.0,0.0,0.0,0.0,0
ES,2015-12-14,12,1770.1666666666667,4.0,1278.0,1274.8,1281.2,5,0,0.0,0.0,0.0,0.0,0.0,0
ES,2015-12-15,14,1556.928571428571,2.5,1266.5,1264.5,1268.5,6,0,0.0,0.0,0.0,0.0,0.0,0
ES,2015-12-16,34,1518.5882352941176,10.862780491200215,1217.5,1208.5,1232.9,11,0,0.0,0.0,0.0,0.0,0.0,0
ES,2015-12-17,25,1434.16,104.28230914205918,1386.0,1233.0,1401.6,12,0,0.0,0.0,0.0,0.0,0.0,0
ES,2015-12-18,41,1406.439024390244,66.16813600383664,1243.5,1232.5,1339.0,11,0,0.0,0.0,0.0,0.0,0.0,0
ES,2015-12-19,20,1584.65,57.3599163179306,1394.0,1277.4,1395.8,7,0,0.0,0.0,0.0,0.0,0.0,0
ES,2015-12-20,17,1599.705882352941,4.0,1352.0,1348.8,1355.2,9,0,0.0,0.0,0.0,0.0,0.0,0
ES,2015-12-21,42,1592.428571428571,0.0,1488.0,1488.0,1488.0,13,0,0.0,0.0,0.0,0.0,0.0,0
ES,2015-12-22,20,1765.05,1.5,1401.5,1400.3,1402.7,6,0,0.0,0.0,0.0,0.0,0.0,0
ES,2015-12-23,42,1394.0952380952378,52.84169658479167,1555.0,1502.8,1628.2,11,0,0.0,0.0,0.0,0.0,0.0,0
ES,2015-12-24,37,1541.0810810810813,0.0,1336.0,1336.0,1336.0,11,0,0.0,0.0,0.0,0.0,0.0,0
ES,2015-12-25,51,1556.0000000000002,5.374838498865699,1372.5,1364.5,1377.0,13,0,0.0,0.0,0.0,0.0,0.0,0
ES,2015-12-26,27,1487.111111111111,1.5,1327.5,1326.3,1328.7,9,0,0.0,0.0,0.0,0.0,0.0,0
ES,2015-12-27,42,1464.3571428571431,9.783367810436532,1244.0,1238.8,1260.2,10,1,83.58,0.0,0.0,0.0,0.0,1
ES,2015-12-28,24,1700.500000000001,0.0,1540.0,1540.0,1540.0,8,0,0.0,0.0,0.0,0.0,0.0,0
ES,2015-12-29,35,1686.5428571428574,11.232096865679177,1335.0,1323.6,1349.0,11,0,0.0,0.0,0.0,0.0,0.0,0
ES,2015-12-30,45,1350.4888888888888,1.0,1345.0,1344.2,1345.8,15,0,0.0,0.0,0.0,0.0,0.0,0
ES,2015-12-31,22,1640.5454545454545,0.0,1342.0,1342.0,1342.0,6,0,0.0,0.0,0.0,0.0,0.0,0
ES,2016-01-01,609,1308.4942528735626,10.427237061047032,978.0,968.0,990.0,78,0,0.0,0.0,0.0,0.0,0.0,0
ES,2016-01-02,669,1371.6038863976084,6.44980619863884,1488.0,1483.2,1497.2,88,0,0.0,0.0,0.0,0.0,0.0,0
ES,2016-01-03,739,1338.067658998647,250.16476203347528,997.0,990.0,1502.0,94,0,0.0,0.0,0.0,0.0,0.0,0
ES,2016-01-04,804,1342.1828358208952,14.580237766694115,1026.0,1006.6,1044.0,96,0,0.0,0.0,0.0,0.0,0.0,0
ES,2016-01-05,763,1339.1245085190042,0.0,1012.0,1012.0,1012.0,101,0,0.0,0.0,0.0,0.0,0.0,0
ES,2016-01-06,766,1319.1057441253267,4.527692569068709,997.0,992.3,1001.7,104,0,0.0,0.0,0.0,0.0,0.0,0
ES,2016-01-07,790,1358.443037974683,6.040678431961707,978.0,972.8,985.4,106,0,0.0,0.0,0.0,0.0,0.0,0
ES,2016-01-08,575,1371.0921739130438,5.715476066494082,1489.0,1483.4,1494.6,96,0,0.0,0.0,0.0,0.0,0.0,0
ES,2016-01-09,664,1363.393072289157,0.0,1487.0,1487.0,1487.0,97,0,0.0,0.0,0.0,0.0,0.0,0
ES,2016-01-10,685,1329.9138686131384,6.238322424070967,978.5,969.5,984.5,92,0,0.0,0.0,0.0,0.0,0.0,0
ES,2016-01-11,701,1366.8031383737514,14.652218262092603,1018.0,996.9,1031.1,99,0,0.0,0.0,0.0,0.0,0.0,0
ES,2016-01-12,591,1341.9035532994924,192.85209097669343,1045.0,1037.0,1501.0,97,0,0.0,0.0,0.0,0.0,0.0,0
ES,2016-01-13,684,1336.0818713450287,5.2687759489277965,1035.0,1027.8,1039.0,97,0,0.0,0.0,0.0,0.0,0.0,0
ES,2016-01-14,691,1347.2735166425466,209.55202119468296,1042.0,1034.0,1509.0,89,0,0.0,0.0,0.0,0.0,0.0,0
ES,2016-01-15,706,1327.7889518413597,5.310751512983172,1037.0,1032.6,1045.0,98,0,0.0,0.0,0.0,0.0,0.0,0
ES,2016-01-16,645,1361.5736434108528,199.7081871130976,1522.0,1225.4,1535.6,89,0,0.0,0.0,0.0,0.0,0.0,0
ES,2016-01-17,685,1341.5518248175183,209.09821190584634,1027.0,1021.8,1548.2,87,0,0.0,0.0,0.0,0.0,0.0,0
ES,2016-01-18,613,1358.1141924959213,259.91769596871615,1534.5,1019.2,1565.8,90,0,0.0,0.0,0.0,0.0,0.0,0
ES,2016-01-19,580,1336.83448275862,231.4364202302579,1054.0,1034.2,1593.6,96,0,0.0,0.0,0.0,0.0,0.0,0
ES,2016-01-20,657,1330.6834094368337,4.924428900898052,1094.5,1090.6,1101.4,100,0,0.0,0.0,0.0,0.0,0.0,0
ES,2016-01-21,568,1356.077464788733,238.73716111817495,1088.0,1080.6,1592.4,90,0,0.0,0.0,0.0,0.0,0.0,0
ES,2016-01-22,595,1351.0420168067228,4.6475800154489,1071.0,1069.8,1079.8,98,0,0.0,0.0,0.0,0.0,0.0,0
ES,2016-01-23,607,1339.5436573311372,227.35256211443934,1080.5,1076.3,1448.0,92,0,0.0,0.0,0.0,0.0,0.0,0
ES,2016-01-24,575,1290.4034782608694,210.32405948916067,1088.5,1075.3,1612.8,90,0,0.0,0.0,0.0,0.0,0.0,0
ES,2016-01-25,707,1337.5685997171154,5.748043145279966,1083.0,1076.4,1088.8,105,0,0.0,0.0,0.0,0.0,0.0,0
ES,2016-01-26,651,1325.643625192012,260.60518030154356,1097.0,1083.0,1617.1,104,1,89.78,0.0,0.0,0.0,0.0,1
ES,2016-01-27,642,1327.5280373831774,46.42130437633135,1102.5,1096.1,1147.9,96,1,87.57,0.0,0.0,0.0,0.0,1
ES,2016-01-28,603,1320.0364842454396,252.8284794084717,1603.0,1092.2,1612.6,106,0,0.0,0.0,0.0,0.0,0.0,0
ES,2016-01-29,684,1340.1286549707597,7.19444229944198,1088.0,1079.4,1094.6,99,0,0.0,0.0,0.0,0.0,0.0,0
ES,2016-01-30,706,1385.0594900849856,270.704430863052,1335.0,1059.0,1606.0,106,1,89.66,0.0,0.0,0.0,0.0,1
ES,2016-01-31,675,1354.6222222222225,219.60237738296263,1043.0,1033.6,1613.8,103,2,91.52,0.0,0.0,0.0,0.0,2
ES,2016-02-01,612,1355.346405228758,7.964766161036995,1069.0,1057.6,1076.3,94,0,0.0,0.0,0.0,0.0,0.0,0
ES,2016-02-02,624,1348.2003205128206,239.40918018228865,1080.0,1064.4,1616.8,94,0,0.0,0.0,0.0,0.0,0.0,0
ES,2016-02-03,671,1371.4426229508201,5.0,1076.0,1072.0,1080.0,88,0,0.0,0.0,0.0,0.0,0.0,0
ES,2016-02-04,697,1307.4605451936875,0.0,1066.0,1066.0,1066.0,98,0,0.0,0.0,0.0,0.0,0.0,0
ES,2016-02-05,661,1374.8895612708016,280.6447751088881,1346.0,1059.6,1630.0,93,0,0.0,0.0,0.0,0.0,0.0,0
ES,2016-02-06,596,1425.889261744967,100.0624804809475,1047.5,1037.4,1207.4,89,2,86.67,0.0,0.0,0.0,0.0,1
ES,2016-02-07,852,1384.7957746478874,16.496788909400813,1043.0,1030.8,1072.6,98,0,0.0,0.0,0.0,0.0,0.0,0
ES,2016-02-08,763,1374.2948885976407,3.6110940170535573,1083.0,1078.4,1086.6,97,0,0.0,0.0,0.0,0.0,0.0,0
ES,2016-02-09,658,1381.386018237083,166.7415282407943,1658.0,1268.2,1683.4,97,0,0.0,0.0,0.0,0.0,0.0,0
ES,2016-02-10,713,1350.5610098176712,231.11362178123449,1068.0,1060.6,1618.0,105,0,0.0,0.0,0.0,0.0,0.0,0
ES,2016-02-11,762,1328.872703412074,232.66953197853627,1071.0,1064.6,1625.8,113,0,0.0,0.0,0.0,0.0,0.0,0
ES,2016-02-12,835,1342.2479041916167,268.63262558435576,1097.0,1079.0,1627.0,104,0,0.0,0.0,0.0,0.0,0.0,0
ES,2016-02-13,728,1341.0439560439565,4.0,1091.0,1087.8,1094.2,99,0,0.0,0.0,0.0,0.0,0.0,0
ES,2016-02-14,777,1320.2265122265128,242.5949004292665,1089.0,1081.0,1622.8,102,0,0.0,0.0,0.0,0.0,0.0,0
ES,2016-02-15,869,1361.8906789413127,214.75900114181144,1623.0,1180.8,1632.4,108,0,0.0,0.0,0.0,0.0,0.0,0
ES,2016-02-16,599,1307.7796327212016,7.495832175282475,1073.5,1065.1,1081.2,94,0,0.0,0.0,0.0,0.0,0.0,0
ES,2016-02-17,573,1375.2495636998249,3.5,1071.5,1068.7,1074.3,97,0,0.0,0.0,0.0,0.0,0.0,0
ES,2016-02-18,677,1356.2968980797637,2.0,1642.0,1640.4,1643.6,94,0,0.0,0.0,0.0,0.0,0.0,0
ES,2016-02-19,877,1369.1676168757124,11.908213785264168,1098.5,1081.5,1108.5,97,0,0.0,0.0,0.0,0.0,0.0,0
ES,2016-02-20,706,1383.2351274787543,26.5,1656.5,1635.3,1677.7,89,0,0.0,0.0,0.0,0.0,0.0,0
ES,2016-02-21,701,1350.179743223966,266.00217484974326,1634.0,1090.0,1655.0,95,0,0.0,0.0,0.0,0.0,0.0,0
ES,2016-02-22,669,1404.7488789237657,73.14008628804196,1082.0,1076.5,1183.0,103,0,0.0,0.0,0.0,0.0,0.0,0
ES,2016-02-23,677,1301.577548005909,7.145748973694901,1089.0,1081.4,1097.0,101,0,0.0,0.0,0.0,0.0,0.0,0
ES,2016-02-24,742,1372.7075471698106,198.90875766931686,1108.5,1084.1,1555.2000000000003,100,0,0.0,0.0,0.0,0.0,0.0,0
ES,2016-02-25,676,1376.4201183431953,178.19963835853065,1114.0,1100.8,1395.2,101,0,0.0,0.0,0.0,0.0,0.0,0
ES,2016-02-26,798,1428.1390977443612,7.586238884201002,1112.0,1106.2,1122.8,104,1,97.05,0.0,0.0,0.0,0.0,1
ES,2016-02-27,730,1399.2835616438354,181.3654644687688,1631.0,1312.6,1771.0,104,0,0.0,0.0,0.0,0.0,0.0,0
ES,2016-02-28,637,1360.452119309262,5.676462121975467,1660.5,1656.0,1668.5,93,0,0.0,0.0,0.0,0.0,0.0,0
ES,2016-02-29,848,1416.501179245282,190.6888827383495,1103.0,1089.3,1506.7999999999997,101,0,0.0,0.0,0.0,0.0,0.0,0
ES,2016-03-01,791,1373.6637168141592,232.06484007707846,1105.0,1092.8,1679.6,107,1,56.25,0.0,0.0,0.0,0.0,1
ES,2016-03-02,689,1390.1741654571847,4.437059837324712,1113.0,1108.6,1118.1,98,0,0.0,0.0,0.0,0.0,0.0,0
ES,2016-03-03,738,1377.8102981029808,0.0,1111.0,1111.0,1111.0,98,0,0.0,0.0,0.0,0.0,0.0,0
ES,2016-03-04,865,1455.3815028901745,275.7691788434668,1704.0,1104.9,1715.8,105,0,0.0,0.0,0.0,0.0,0.0,0
ES,2016-03-05,646,1441.306501547988,149.57240830261372,1818.0,1671.6,1828.6,101,0,0.0,0.0,0.0,0.0,0.0,0
ES,2016-03-06,643,1399.5443234836696,3.7712361663282534,1714.0,1707.6,1714.0,92,0,0.0,0.0,0.0,0.0,0.0,0
ES,2016-03-07,888,1466.6925675675666,4.5,1719.5,1715.9,1723.1,99,0,0.0,0.0,0.0,0.0,0.0,0
ES,2016-03-08,640,1425.4671874999997,6.579509163182491,1705.0,1697.0,1710.4,102,0,0.0,0.0,0.0,0.0,0.0,0
ES,2016-03-09,744,1419.0712365591405,243.23042572836155,1705.0,1338.8,1710.0,100,0,0.0,0.0,0.0,0.0,0.0,0
ES,2016-03-10,707,1409.2630834512022,5.312459150169742,1711.0,1706.2,1716.6,96,0,0.0,0.0,0.0,0.0,0.0,0
ES,2016-03-11,758,1477.2401055408961,267.4783869773407,1712.0,1281.2,1717.9,97,1,90.37,0.0,0.0,0.0,0.0,1
ES,2016-03-12,748,1535.9973262032086,6.905794668247819,1714.5,1706.0,1721.7,92,0,0.0,0.0,0.0,0.0,0.0,0
ES,2016-03-13,710,1457.8366197183093,8.831760866327848,1718.0,1704.6,1723.8,89,0,0.0,0.0,0.0,0.0,0.0,0
ES,2016-03-14,927,1482.8112189859771,191.2969696891325,1637.0,1304.2,1743.4,108,1,20.27,0.0,0.0,0.0,0.0,1
ES,2016-03-15,846,1456.7056737588655,141.4839718332585,1706.0,1538.6,1718.0,101,0,0.0,0.0,0.0,0.0,0.0,0
ES,2016-03-16,617,1439.2803889789304,3.265986323710904,1730.0,1726.8,1733.2,89,2,49.330000000000005,0.0,0.0,0.0,0.0,1
ES,2016-03-17,743,1478.9676985195151,4.784233364802441,1722.0,1714.8,1723.6,95,0,0.0,0.0,0.0,0.0,0.0,0
ES,2016-03-18,821,1480.9439707673569,211.57133211148567,1702.5,1279.4,1713.1,93,0,0.0,0.0,0.0,0.0,0.0,0
ES,2016-03-19,759,1478.43346508564,7.264768372366198,1672.0,1667.0,1683.0,84,0,0.0,0.0,0.0,0.0,0.0,0
ES,2016-03-20,888,1464.2736486486488,263.6987338057273,1875.5,1318.9,1891.7,98,0,0.0,0.0,0.0,0.0,0.0,0
ES,2016-03-21,852,1391.6115023474179,9.525459306511156,1101.0,1087.0,1108.5,101,1,95.35,0.0,0.0,0.0,0.0,1
ES,2016-03-22,763,1441.5085190039315,284.8949611504017,1670.5,1071.0,1680.0,105,0,0.0,0.0,0.0,0.0,0.0,0
ES,2016-03-23,813,1474.5079950799504,7.3484692283495345,1648.0,1640.8,1655.2,105,0,0.0,0.0,0.0,0.0,0.0,0
ES,2016-03-24,677,1444.7459379615964,219.15930279137137,1092.0,1079.0,1502.4,88,1,32.98,0.0,0.0,0.0,0.0,1
ES,2016-03-25,714,1463.999999999999,10.581692786233319,1110.0,1092.9,1119.6,94,4,79.11500000000001,0.0,0.0,0.0,0.0,1
ES,2016-03-26,647,1502.3477588871715,0.0,1638.0,1638.0,1638.0,81,3,72.60666666666667,0.0,0.0,0.0,0.0,1
ES,2016-03-27,745,1443.0026845637583,177.86299935566248,1713.5,1396.0,1871.1,93,3,66.38666666666667,0.0,0.0,0.0,0.0,1
ES,2016-03-28,871,1472.4730195177958,139.52230008934853,1641.5,1453.0,1648.0,105,0,0.0,0.0,0.0,0.0,0.0,0
ES,2016-03-29,1090,1470.6357798165143,236.63513581038637,1095.5,1087.8,1637.7,106,0,0.0,0.0,0.0,0.0,0.0,0
ES,2016-03-30,854,1489.9180327868855,262.2414832850737,1104.0,1087.8,1632.2,106,0,0.0,0.0,0.0,0.0,0.0,0
ES,2016-03-31,857,1466.759626604434,114.22871069528641,1646.0,1632.0,1655.0,110,3,81.61000000000001,0.0,0.0,0.0,0.0,1
ES,2016-04-01,923,1486.6598049837494,3.7712361663282534,1094.0,1094.0,1100.4,103,2,38.47,0.0,0.0,0.0,0.0,1
ES,2016-04-02,808,1462.7512376237623,5.830951894845301,1111.0,1106.0,1119.0,87,7,73.61571428571428,0.0,0.0,0.0,0.0,1
ES,2016-04-03,848,1475.1922169811326,7.3484692283495345,1108.0,1100.8,1115.2,100,6,64.81333333333335,0.0,0.0,0.0,0.0,1
ES,2016-04-04,956,1419.5135983263592,284.6835885015681,1102.0,1080.2,1662.0,109,8,77.4625,0.0,0.0,0.0,0.0,2
ES,2016-04-05,695,1427.9913669064754,265.41201402740353,1638.0,1111.0,1649.0,103,0,0.0,0.0,0.0,0.0,0.0,0
ES,2016-04-06,849,1450.0683156654889,246.10092780537553,1643.5,1124.0,1648.5,104,0,0.0,0.0,0.0,0.0,0.0,0
ES,2016-04-07,774,1465.3036175710595,14.166646658649336,1142.0,1124.0,1157.0,97,0,0.0,0.0,0.0,0.0,0.0,0
ES,2016-04-08,789,1435.9632446134342,154.1994522505841,1117.0,1096.0,1147.0,103,0,0.0,0.0,0.0,0.0,0.0,0
ES,2016-04-09,763,1486.7994757536046,0.0,1659.0,1659.0,1659.0,98,0,0.0,0.0,0.0,0.0,0.0,0
ES,2016-04-10,919,1437.8008705114253,266.98677442199823,1112.0,1099.0,1666.0,107,1,48.92,0.0,0.0,0.0,0.0,1
ES,2016-04-11,885,1433.6282485875709,190.43355140310754,1094.0,1089.7,1269.3,101,0,0.0,0.0,0.0,0.0,0.0,0
ES,2016-04-12,690,1449.1333333333332,262.8173882981047,1093.5,1080.9,1671.7,95,1,61.01,0.0,0.0,0.0,0.0,1
ES,2016-04-13,817,1454.9779681762554,297.0188088985379,1683.0,1092.8,1695.6,101,3,83.20333333333333,0.0,0.0,0.0,0.0,1
ES,2016-04-14,747,1461.5033467202143,221.4648203816278,1096.0,1085.0,1395.0,94,3,86.71999999999998,0.0,0.0,0.0,0.0,1
ES,2016-04-15,878,1496.6480637813215,3.878143885933063,1084.0,1079.6,1087.6,100,2,65.38499999999999,0.0,0.0,0.0,0.0,1
ES,2016-04-16,928,1480.4719827586207,0.0,1682.0,1682.0,1682.0,106,2,91.905,0.0,0.0,0.0,0.0,1
ES,2016-04-17,972,1495.0144032921812,238.49327034530765,1105.0,1084.3,1689.0,106,3,82.95666666666666,0.0,0.0,0.0,0.0,1
ES,2016-04-18,830,1439.3385542168678,285.5551488864376,1685.0,1112.1,1695.8,97,9,75.65444444444445,0.0,0.0,0.0,0.0,1
ES,2016-04-19,838,1440.3663484486879,231.27657051894798,1670.0,1123.4,1681.8,100,0,0.0,0.0,0.0,0.0,0.0,0
ES,2016-04-20,926,1444.0604751619865,5.673402858955108,1127.5,1121.4,1132.9,103,0,0.0,0.0,0.0,0.0,0.0,0
ES,2016-04-21,917,1434.6619411123233,5.31360282670807,1139.5,1135.2,1147.0,109,2,67.31,0.0,0.0,0.0,0.0,1
ES,2016-04-22,910,1435.0329670329668,12.092238098144703,1675.0,1656.5,1683.5,101,0,0.0,0.0,0.0,0.0,0.0,0
ES,2016-04-23,779,1499.9281129653407,0.0,1652.0,1652.0,1652.0,98,0,0.0,0.0,0.0,0.0,0.0,0
ES,2016-04-24,872,1430.441513761468,226.49019535898236,1666.5,1147.5,1678.5,113,0,0.0,0.0,0.0,0.0,0.0,0
ES,2016-04-25,913,1414.4151150054765,3.5,1672.5,1669.7,1675.3,103,0,0.0,0.0,0.0,0.0,0.0,0
ES,2016-04-26,710,1434.7464788732395,2.5,1684.5,1682.5,1686.5,98,0,0.0,0.0,0.0,0.0,0.0,0
ES,2016-04-27,783,1446.9885057471267,261.1971489455502,1683.0,1161.4,1692.4,96,1,27.14,0.0,0.0,0.0,0.0,1
ES,2016-04-28,785,1409.1923566878982,6.701989754294367,1176.0,1172.1,1186.5,102,0,0.0,0.0,0.0,0.0,0.0,0
ES,2016-04-29,811,1438.5178791615292,198.42539434032525,1704.0,1165.4,1713.2,90,0,0.0,0.0,0.0,0.0,0.0,0
ES,2016-04-30,870,1475.855172413793,9.329523031752482,1696.0,1690.4,1710.6,94,0,0.0,0.0,0.0,0.0,0.0,0
ES,2016-05-01,801,1445.5143570536834,242.62683407291308,1731.5,1144.7,1744.9,105,0,0.0,0.0,0.0,0.0,0.0,0
ES,2016-05-02,1096,1436.427919708029,303.23911222610036,1726.0,1114.8,1734.2,102,0,0.0,0.0,0.0,0.0,0.0,0
ES,2016-05-03,827,1411.3518742442564,295.57837605090276,1121.5,1109.1,1717.4,100,0,0.0,0.0,0.0,0.0,0.0,0
ES,2016-05-04,777,1452.1377091377092,11.699952516522831,1686.5,1678.0,1704.5,105,0,0.0,0.0,0.0,0.0,0.0,0
ES,2016-05-05,778,1413.9704370179943,4.58257569495584,1684.0,1677.8,1687.4,90,0,0.0,0.0,0.0,0.0,0.0,0
ES,2016-05-06,805,1388.1801242236024,3.0,1697.0,1694.6,1699.4,97,0,0.0,0.0,0.0,0.0,0.0,0
ES,2016-05-07,828,1417.2439613526574,289.02864141042414,1412.5,1120.5,1704.0,110,0,0.0,0.0,0.0,0.0,0.0,0
ES,2016-05-08,982,1437.5804480651739,6.45006246366064,1724.0,1715.0,1730.0,108,1,95.66,0.0,0.0,0.0,0.0,1
ES,2016-05-09,653,1418.6339969372125,4.0,1724.0,1720.8,1727.2,101,0,0.0,0.0,0.0,0.0,0.0,0
ES,2016-05-10,815,1415.880981595092,4.0,1715.0,1711.8,1718.2,99,0,0.0,0.0,0.0,0.0,0.0,0
ES,2016-05-11,759,1429.8919631093538,159.27864248044438,1576.0,1343.0,1786.0,102,0,0.0,0.0,0.0,0.0,0.0,0
ES,2016-05-12,791,1432.1605562579014,88.17346539634245,1598.0,1359.3,1615.7,96,0,0.0,0.0,0.0,0.0,0.0,0
ES,2016-05-13,965,1469.9865284974092,0.0,1112.0,1112.0,1112.0,104,0,0.0,0.0,0.0,0.0,0.0,0
ES,2016-05-14,780,1446.4820512820513,9.409802266691093,1120.0,1110.2,1130.6,93,0,0.0,0.0,0.0,0.0,0.0,0
ES,2016-05-15,802,1388.7381546134663,170.3382989661296,1091.0,1078.2,1106.4,97,0,0.0,0.0,0.0,0.0,0.0,0
ES,2016-05-16,811,1432.655980271271,73.5975248446937,1584.0,1563.7,1604.6,97,0,0.0,0.0,0.0,0.0,0.0,0
ES,2016-05-17,837,1420.6093189964151,0.0,1716.0,1716.0,1716.0,98,0,0.0,0.0,0.0,0.0,0.0,0
ES,2016-05-18,889,1481.904386951631,133.28223287445329,1632.0,1315.8,1719.0000000000002,98,0,0.0,0.0,0.0,0.0,0.0,0
ES,2016-05-19,863,1417.0625724217848,3.0912061651652345,1705.0,1700.2,1705.8,106,0,0.0,0.0,0.0,0.0,0.0,0
ES,2016-05-20,807,1398.392812887237,93.66062406369072,1668.5,1629.0,1697.0,103,0,0.0,0.0,0.0,0.0,0.0,0
ES,2016-05-21,993,1468.6858006042296,7.5374067158406675,1099.0,1088.0,1106.0,103,0,0.0,0.0,0.0,0.0,0.0,0
ES,2016-05-22,747,1425.5903614457827,209.12673191153732,1679.5,1100.7,1694.3,95,0,0.0,0.0,0.0,0.0,0.0,0
ES,2016-05-23,780,1407.3551282051285,67.52630945887537,1608.0,1596.6,1762.8,104,1,64.29,0.0,0.0,0.0,0.0,1
ES,2016-05-24,793,1427.3757881462802,0.0,1701.0,1701.0,1701.0,106,0,0.0,0.0,0.0,0.0,0.0,0
ES,2016-05-25,1039,1429.733397497594,95.63163702457466,1586.5,1554.7,1607.3,111,0,0.0,0.0,0.0,0.0,0.0,0
ES,2016-05-26,794,1440.5289672544077,3.5,1689.5,1686.7,1692.3,109,0,0.0,0.0,0.0,0.0,0.0,0
ES,2016-05-27,745,1424.7154362416104,0.0,1693.0,1693.0,1693.0,99,0,0.0,0.0,0.0,0.0,0.0,0
ES,2016-05-28,828,1434.8756038647346,4.0,1101.0,1097.8,1104.2,103,1,65.72,0.0,0.0,0.0,0.0,1
ES,2016-05-29,826,1430.3014527845028,0.0,1683.0,1683.0,1683.0,103,0,0.0,0.0,0.0,0.0,0.0,0
ES,2016-05-30,796,1411.654522613065,6.0,1670.0,1665.2,1674.8,97,0,0.0,0.0,0.0,0.0,0.0,0
ES,2016-05-31,682,1331.0659824046927,0.0,1673.0,1673.0,1673.0,97,2,81.86,0.0,0.0,0.0,0.0,2
ES,2016-06-01,721,1396.9805825242724,133.58970768738135,1674.5,1341.2,1690.5,101,0,0.0,0.0,0.0,0.0,0.0,0
ES,2016-06-02,769,1418.70611183355,4.5,1674.5,1670.9,1678.1,101,0,0.0,0.0,0.0,0.0,0.0,0
ES,2016-06-03,762,1417.094488188977,0.0,1659.0,1659.0,1659.0,97,0,0.0,0.0,0.0,0.0,0.0,0
ES,2016-06-04,760,1485.6749999999995,0.0,1647.0,1647.0,1647.0,85,0,0.0,0.0,0.0,0.0,0.0,0
ES,2016-06-05,733,1428.1637107776269,0.0,1091.0,1091.0,1091.0,90,0,0.0,0.0,0.0,0.0,0.0,0
ES,2016-06-06,666,1349.6891891891896,5.354126134736337,1645.0,1638.6,1649.0,99,0,0.0,0.0,0.0,0.0,0.0,0
ES,2016-06-07,809,1411.6353522867744,0.0,1643.0,1643.0,1643.0,106,1,37.44,0.0,0.0,0.0,0.0,1
ES,2016-06-08,661,1369.7549167927389,89.06692240482246,1624.0,1521.2,1641.6,103,0,0.0,0.0,0.0,0.0,0.0,0
ES,2016-06-09,741,1357.5033738191637,144.40429749219896,1581.0,1332.0,1604.8,91,1,99.27,0.0,0.0,0.0,0.0,1
ES,2016-06-10,732,1374.4986338797817,110.81534906276164,1591.0,1343.6,1609.0,92,0,0.0,0.0,0.0,0.0,0.0,0
ES,2016-06-11,766,1423.3485639686685,5.715476066494082,1090.0,1084.4,1095.6,89,0,0.0,0.0,0.0,0.0,0.0,0
ES,2016-06-12,701,1369.4151212553495,31.529141039582374,1131.0,1105.5,1143.1,97,0,0.0,0.0,0.0,0.0,0.0,0
ES,2016-06-13,724,1376.444751381216,48.08318693302418,1616.0,1522.8,1636.2,100,0,0.0,0.0,0.0,0.0,0.0,0
ES,2016-06-14,754,1357.9031830238728,4.5,1640.5,1636.9,1644.1,102,0,0.0,0.0,0.0,0.0,0.0,0
ES,2016-06-15,642,1339.401869158879,0.0,1635.0,1635.0,1635.0,97,0,0.0,0.0,0.0,0.0,0.0,0
ES,2016-06-16,749,1410.910547396528,240.70290585883856,1385.0,1141.0,1628.0,104,0,0.0,0.0,0.0,0.0,0.0,0
ES,2016-06-17,722,1430.9335180055398,88.5,1425.5,1354.7,1496.3,94,0,0.0,0.0,0.0,0.0,0.0,0
ES,2016-06-18,770,1429.3636363636363,4.0,1333.0,1329.8,1336.2,101,1,87.25,0.0,0.0,0.0,0.0,1
ES,2016-06-19,726,1431.792011019283,109.16699236592636,1613.0,1350.3,1645.3,102,0,0.0,0.0,0.0,0.0,0.0,0
ES,2016-06-20,702,1419.6353276353277,134.7827091960421,1676.0,1365.6,1702.2,106,0,0.0,0.0,0.0,0.0,0.0,0
ES,2016-06-21,765,1414.7777777777778,0.0,1635.0,1635.0,1635.0,96,0,0.0,0.0,0.0,0.0,0.0,0
ES,2016-06-22,679,1398.1590574374084,155.06485538315894,1689.5,1351.5,1735.0,108,0,0.0,0.0,0.0,0.0,0.0,0
ES,2016-06-23,798,1408.3095238095239,0.0,1643.0,1643.0,1643.0,103,0,0.0,0.0,0.0,0.0,0.0,0
ES,2016-06-24,829,1373.322074788902,135.04708380320545,1545.0,1364.5,1750.0,109,0,0.0,0.0,0.0,0.0,0.0,0
ES,2016-06-25,784,1396.4209183673458,0.0,1038.0,1038.0,1038.0,107,3,49.74,0.0,32.58,32.58,32.58,3
ES,2016-06-26,751,1400.754993342211,152.28385040361306,1523.0,1351.5,1743.0,93,0,0.0,0.0,0.0,0.0,0.0,0
ES,2016-06-27,876,1422.0182648401833,6.531972647421808,1644.0,1637.6,1650.4,104,1,83.41,0.0,0.0,0.0,0.0,1
ES,2016-06-28,1047,1469.0324737344793,211.05712760082542,1636.0,1132.8,1645.0,108,0,0.0,0.0,0.0,0.0,0.0,0
ES,2016-06-29,951,1425.961093585699,117.74106053585648,1698.0,1519.0,1720.0,104,0,0.0,0.0,0.0,0.0,0.0,0
ES,2016-06-30,739,1402.5182679296338,8.94427190999916,1621.0,1611.4,1630.6,101,0,0.0,0.0,0.0,0.0,0.0,0
ES,2016-07-01,757,1431.371202113607,231.36585746388772,1143.0,1134.0,1610.6,98,0,0.0,0.0,0.0,0.0,0.0,0
ES,2016-07-02,711,1392.2039381153309,0.0,1152.0,1152.0,1152.0,96,0,0.0,0.0,0.0,0.0,0.0,0
ES,2016-07-03,860,1378.3953488372092,0.0,1145.0,1145.0,1145.0,106,0,0.0,0.0,0.0,0.0,0.0,0
ES,2016-07-04,895,1386.408938547486,4.031128874149275,1133.5,1129.3,1137.7,106,0,0.0,0.0,0.0,0.0,0.0,0
ES,2016-07-05,875,1403.827428571428,3.7712361663282534,1136.0,1129.6,1136.0,121,0,0.0,0.0,0.0,0.0,0.0,0
ES,2016-07-06,771,1397.53047989624,0.0,1126.0,1126.0,1126.0,113,1,55.02,0.0,0.0,0.0,0.0,1
ES,2016-07-07,782,1362.778772378517,0.0,1607.0,1607.0,1607.0,114,0,0.0,0.0,0.0,0.0,0.0,0
ES,2016-07-08,839,1371.340882002383,4.0276819911981905,1133.0,1132.2,1139.4,104,0,0.0,0.0,0.0,0.0,0.0,0
ES,2016-07-09,803,1376.749688667497,14.635914730552374,1110.5,1100.4,1134.7,116,1,83.2,0.0,0.0,0.0,0.0,1
ES,2016-07-10,733,1427.5757162346517,189.97689918045884,1105.5,1098.5,1361.0,102,0,0.0,0.0,0.0,0.0,0.0,0
ES,2016-07-11,763,1402.948885976409,184.80477687428848,1112.5,1109.0,1363.0,107,0,0.0,0.0,0.0,0.0,0.0,0
ES,2016-07-12,864,1431.789351851852,0.0,1616.0,1616.0,1616.0,113,0,0.0,0.0,0.0,0.0,0.0,0
ES,2016-07-13,796,1388.7914572864327,177.87704994731385,1608.0,1398.6000000000001,1616.8,110,0,0.0,0.0,0.0,0.0,0.0,0
ES,2016-07-14,862,1382.7610208816704,6.944222218666553,1625.0,1617.8,1631.4,114,0,0.0,0.0,0.0,0.0,0.0,0
ES,2016-07-15,913,1393.4359255202635,0.0,1641.0,1641.0,1641.0,111,1,80.27,0.0,0.0,0.0,0.0,1
ES,2016-07-16,748,1340.3756684491977,6.708203932499369,1623.0,1615.8,1630.2,104,0,0.0,0.0,0.0,0.0,0.0,0
ES,2016-07-17,1002,1441.0139720558884,6.817945071647322,1593.5,1583.8,1600.9,108,0,0.0,0.0,0.0,0.0,0.0,0
ES,2016-07-18,1012,1418.4575098814232,13.42158295019216,1595.0,1579.0,1610.5,113,0,0.0,0.0,0.0,0.0,0.0,0
ES,2016-07-19,837,1408.287933094385,254.70608061057357,1108.0,1096.7,1630.1,106,0,0.0,0.0,0.0,0.0,0.0,0
ES,2016-07-20,1150,1472.8591304347822,267.7721981710922,1651.0,1104.0,1673.0,112,0,0.0,0.0,0.0,0.0,0.0,0
ES,2016-07-21,850,1412.5341176470588,236.88627941482807,1640.0,1098.6,1651.6,109,0,0.0,0.0,0.0,0.0,0.0,0
ES,2016-07-22,851,1437.129259694477,254.92449862655414,1627.0,1105.3,1639.9,103,0,0.0,0.0,0.0,0.0,0.0,0
ES,2016-07-23,754,1448.5676392572943,9.739310379419411,1648.0,1638.3,1661.6,95,1,72.64,0.0,0.0,0.0,0.0,1
ES,2016-07-24,869,1449.082853855006,8.166241485530538,1662.0,1654.2,1672.1,108,0,0.0,0.0,0.0,0.0,0.0,0
ES,2016-07-25,985,1434.0974619289339,10.355822302239236,1646.5,1630.8,1657.8,104,0,0.0,0.0,0.0,0.0,0.0,0
ES,2016-07-26,864,1406.2476851851857,4.031128874149275,1102.5,1098.3,1106.7,112,0,0.0,0.0,0.0,0.0,0.0,0
ES,2016-07-27,900,1455.7333333333338,286.5,1379.5,1150.3,1608.7,109,0,0.0,0.0,0.0,0.0,0.0,0
ES,2016-07-28,742,1430.876010781671,10.601886624558858,1662.0,1645.0,1668.4,96,1,62.59,0.0,0.0,0.0,0.0,1
ES,2016-07-29,659,1411.0273141122916,3.960744879438715,1645.5,1639.4,1646.7,104,0,0.0,0.0,0.0,0.0,0.0,0
ES,2016-07-30,782,1469.7787723785173,6.079473661428265,1659.0,1651.6,1664.8,100,1,74.92,0.0,0.0,0.0,0.0,1
ES,2016-07-31,836,1457.6327751196163,238.0921048995797,1640.0,1114.4,1649.2,97,0,0.0,0.0,0.0,0.0,0.0,0
ES,2016-08-01,781,1416.8565941101158,199.55032782066115,1656.5,1179.1000000000001,1667.3,105,0,0.0,0.0,0.0,0.0,0.0,0
ES,2016-08-02,828,1405.9311594202904,244.46449412724314,1631.0,1220.6,1639.8,109,0,0.0,0.0,0.0,0.0,0.0,0
ES,2016-08-03,814,1425.9164619164621,5.0,1619.0,1615.0,1623.0,106,0,0.0,0.0,0.0,0.0,0.0,0
ES,2016-08-04,837,1405.6666666666683,11.070682002478437,1623.0,1609.0,1633.8,107,0,0.0,0.0,0.0,0.0,0.0,0
ES,2016-08-05,694,1414.344380403458,6.712765785411846,1629.0,1622.4,1637.8,98,0,0.0,0.0,0.0,0.0,0.0,0
ES,2016-08-06,640,1423.860937500001,5.5901699437494745,1632.5,1626.5,1638.5,89,0,0.0,0.0,0.0,0.0,0.0,0
ES,2016-08-07,822,1422.4732360097323,11.617883052069782,1646.0,1631.0,1658.0,98,0,0.0,0.0,0.0,0.0,0.0,0
ES,2016-08-08,854,1420.3313817330213,13.015465560247932,1649.5,1641.0,1671.5,104,1,97.01,0.0,0.0,0.0,0.0,1
ES,2016-08-09,730,1387.5671232876714,261.0563410896975,1241.0,1117.0,1671.0,102,0,0.0,0.0,0.0,0.0,0.0,0
ES,2016-08-10,748,1433.709893048129,4.0,1650.0,1646.8,1653.2,92,0,0.0,0.0,0.0,0.0,0.0,0
ES,2016-08-11,716,1440.8114525139658,7.280109889280518,1638.0,1629.0,1644.2,107,0,0.0,0.0,0.0,0.0,0.0,0
ES,2016-08-12,799,1430.9599499374217,7.837863150465954,1621.0,1614.8,1630.2,105,0,0.0,0.0,0.0,0.0,0.0,0
ES,2016-08-13,736,1473.6426630434785,10.940862824240279,1646.0,1640.0,1664.0,100,1,99.38,0.0,0.0,0.0,0.0,1
ES,2016-08-14,650,1431.7523076923085,3.5,1659.5,1656.7,1662.3,95,0,0.0,0.0,0.0,0.0,0.0,0
ES,2016-08-15,637,1410.0000000000002,111.35631056917812,1633.0,1465.2,1769.2,95,0,0.0,0.0,0.0,0.0,0.0,0
ES,2016-08-16,609,1464.916256157636,4.618802153517006,1651.0,1646.6,1657.4,99,0,0.0,0.0,0.0,0.0,0.0,0
ES,2016-08-17,694,1461.4380403458215,82.11864722596337,1567.0,1466.7,1587.1,95,0,0.0,0.0,0.0,0.0,0.0,0
ES,2016-08-18,687,1450.4541484716158,14.179170952100442,1638.0,1620.4,1657.6,99,0,0.0,0.0,0.0,0.0,0.0,0
ES,2016-08-19,614,1387.757328990228,3.39934634239519,1659.0,1654.2,1660.6,92,0,0.0,0.0,0.0,0.0,0.0,0
ES,2016-08-20,600,1447.1800000000003,3.7155828016013257,1670.5,1665.5,1674.5,94,0,0.0,0.0,0.0,0.0,0.0,0
ES,2016-08-21,559,1388.7066189624327,195.0,1469.0,1313.0,1625.0,89,0,0.0,0.0,0.0,0.0,0.0,0
ES,2016-08-22,848,1454.2287735849054,127.48863494765456,1594.5,1436.1,1781.7,105,0,0.0,0.0,0.0,0.0,0.0,0
ES,2016-08-23,788,1457.9593908629442,5.122499389946279,1670.0,1664.2,1674.6,114,0,0.0,0.0,0.0,0.0,0.0,0
ES,2016-08-24,846,1421.9539007092196,0.0,1681.0,1681.0,1681.0,117,0,0.0,0.0,0.0,0.0,0.0,0
ES,2016-08-25,822,1411.7481751824814,6.523802572120037,1686.0,1678.8,1692.8,100,0,0.0,0.0,0.0,0.0,0.0,0
ES,2016-08-26,657,1388.840182648402,6.74690011464708,1682.0,1673.0,1690.0,93,0,0.0,0.0,0.0,0.0,0.0,0
ES,2016-08-27,722,1406.214681440443,8.721869404958994,1665.0,1654.2,1673.0,91,1,81.78,0.0,0.0,0.0,0.0,1
ES,2016-08-28,762,1420.3044619422571,85.37144692821649,1630.0,1617.2,1640.0,109,0,0.0,0.0,0.0,0.0,0.0,0
ES,2016-08-29,762,1419.0118110236224,6.944222218666553,1622.0,1615.6,1629.2,109,0,0.0,0.0,0.0,0.0,0.0,0
ES,2016-08-30,853,1389.8980070339983,5.083306010855534,1607.0,1603.4,1614.4,105,0,0.0,0.0,0.0,0.0,0.0,0
ES,2016-08-31,649,1451.516178736518,6.673126122358092,1597.0,1591.8,1606.8,99,2,91.22,0.0,91.22,91.22,91.22,2
ES,2016-09-01,668,1460.9356287425146,6.142344427149002,1599.0,1592.0,1607.2,107,0,0.0,0.0,0.0,0.0,0.0,0
ES,2016-09-02,619,1436.8190630048466,4.6097722286464435,1585.5,1580.6,1590.4,97,0,0.0,0.0,0.0,0.0,0.0,0
ES,2016-09-03,679,1419.674521354934,4.5,1584.5,1580.9,1588.1,96,1,52.64,0.0,0.0,0.0,0.0,1
ES,2016-09-04,579,1446.6200345423147,5.5,1577.5,1573.1,1581.9,97,0,0.0,0.0,0.0,0.0,0.0,0
ES,2016-09-05,663,1391.5279034690798,195.3696085644266,1598.0,1133.2,1609.2,100,0,0.0,0.0,0.0,0.0,0.0,0
ES,2016-09-06,644,1424.2763975155278,193.47495962010174,1136.0,1130.2,1429.0,105,0,0.0,0.0,0.0,0.0,0.0,0
ES,2016-09-07,678,1445.4159292035392,254.111073155028,1628.5,1110.3,1643.1,106,1,88.6,0.0,0.0,0.0,0.0,1
ES,2016-09-08,711,1399.3066104078764,133.25816492961383,1111.0,1101.0,1124.6,101,0,0.0,0.0,0.0,0.0,0.0,0
ES,2016-09-09,750,1413.8506666666674,128.97176262870704,1105.0,1088.4,1124.8,106,1,89.46,0.0,0.0,0.0,0.0,1
ES,2016-09-10,640,1388.715625,9.744742172063868,1099.0,1084.6,1106.2,100,0,0.0,0.0,0.0,0.0,0.0,0
ES,2016-09-11,846,1384.7895981087472,263.84535450477426,1615.5,1090.2,1642.6,115,0,0.0,0.0,0.0,0.0,0.0,0
ES,2016-09-12,707,1432.5544554455448,3.0,1629.0,1626.6,1631.4,119,0,0.0,0.0,0.0,0.0,0.0,0
ES,2016-09-13,890,1433.5056179775283,6.128258770283411,1642.0,1635.6,1647.6,121,0,0.0,0.0,0.0,0.0,0.0,0
ES,2016-09-14,704,1422.8693181818182,4.0276819911981905,1639.0,1638.2,1645.4,111,0,0.0,0.0,0.0,0.0,0.0,0
ES,2016-09-15,877,1412.6100342075254,4.242640687119285,1646.0,1638.8,1646.0,118,0,0.0,0.0,0.0,0.0,0.0,0
ES,2016-09-16,925,1459.5664864864868,3.7712361663282534,1638.0,1638.0,1644.4,116,0,0.0,0.0,0.0,0.0,0.0,0
ES,2016-09-17,798,1473.7832080200499,4.0,1661.0,1657.8,1664.2,110,0,0.0,0.0,0.0,0.0,0.0,0
ES,2016-09-18,904,1442.298672566371,5.4626001134990645,1682.0,1674.4,1686.2,119,0,0.0,0.0,0.0,0.0,0.0,0
ES,2016-09-19,780,1413.1961538461535,5.1269595556932455,1675.0,1669.0,1679.2,110,0,0.0,0.0,0.0,0.0,0.0,0
ES,2016-09-20,801,1392.531835205992,115.81361486642992,1684.0,1662.0,1706.0,115,0,0.0,0.0,0.0,0.0,0.0,0
ES,2016-09-21,833,1428.436974789916,3.7712361663282534,1698.0,1691.6,1698.0,115,0,0.0,0.0,0.0,0.0,0.0,0
ES,2016-09-22,871,1427.6211251435132,10.126971687308876,1689.0,1677.0,1696.0,106,0,0.0,0.0,0.0,0.0,0.0,0
ES,2016-09-23,968,1485.5929752066122,0.0,1681.0,1681.0,1681.0,109,0,0.0,0.0,0.0,0.0,0.0,0
ES,2016-09-24,955,1448.0879581151837,249.24419083835568,1320.0,1115.2,1601.6,112,0,0.0,0.0,0.0,0.0,0.0,0
ES,2016-09-25,733,1328.1282401091412,293.3006212708555,1638.0,1064.6,1668.4,118,0,0.0,0.0,0.0,0.0,0.0,0
ES,2016-09-26,984,1374.7134146341464,287.5289840462465,1368.5,1078.5,1658.5,119,0,0.0,0.0,0.0,0.0,0.0,0
ES,2016-09-27,838,1371.751789976133,171.97698289197916,1661.0,1654.0,1721.0,107,0,0.0,0.0,0.0,0.0,0.0,0
ES,2016-09-28,812,1374.125615763547,283.8505573165022,1672.5,1075.5,1682.5,114,0,0.0,0.0,0.0,0.0,0.0,0
ES,2016-09-29,874,1368.0160183066362,0.0,1682.0,1682.0,1682.0,125,0,0.0,0.0,0.0,0.0,0.0,0
ES,2016-09-30,797,1459.9999999999998,5.706137047074843,1679.0,1670.8,1683.2,115,0,0.0,0.0,0.0,0.0,0.0,0
ES,2016-10-01,936,1427.8269230769229,260.6207256335493,1079.0,1064.6,1686.6,114,0,0.0,0.0,0.0,0.0,0.0,0
ES,2016-10-02,952,1449.8970588235302,156.36566829781472,1086.0,1077.2,1095.2,113,1,94.2,0.0,0.0,0.0,0.0,1
ES,2016-10-03,783,1406.3856960408693,2.5,1703.5,1701.5,1705.5,118,0,0.0,0.0,0.0,0.0,0.0,0
ES,2016-10-04,754,1380.1498673740061,280.95653825616677,1062.5,1051.0,1706.3,124,0,0.0,0.0,0.0,0.0,0.0,0
ES,2016-10-05,797,1416.986198243413,2.8284271247461903,1692.0,1687.2,1692.0,121,1,80.41,0.0,0.0,0.0,0.0,1
ES,2016-10-06,724,1352.864640883977,313.7275250914398,1058.0,1050.0,1694.0,111,0,0.0,0.0,0.0,0.0,0.0,0
ES,2016-10-07,856,1436.1892523364486,109.06732476662256,1645.0,1397.6,1686.6,114,0,0.0,0.0,0.0,0.0,0.0,0
ES,2016-10-08,810,1395.5333333333335,204.6433862981053,1088.0,1069.2,1448.7999999999997,113,0,0.0,0.0,0.0,0.0,0.0,0
ES,2016-10-09,805,1421.4571428571423,8.88962936258209,1109.0,1096.4,1117.0,102,2,59.075,0.0,0.0,0.0,0.0,2
ES,2016-10-10,741,1361.0715249662608,146.52778075349528,1393.0,1336.4,1663.8,120,0,0.0,0.0,0.0,0.0,0.0,0
ES,2016-10-11,951,1385.611987381704,2.8284271247461903,1680.0,1680.0,1684.8,121,0,0.0,0.0,0.0,0.0,0.0,0
ES,2016-10-12,1035,1408.8483091787432,270.9136634017404,1669.0,1112.8,1684.4,122,0,0.0,0.0,0.0,0.0,0.0,0
ES,2016-10-13,846,1414.8096926713954,216.49390291645628,1134.0,1126.3,1671.5,121,0,0.0,0.0,0.0,0.0,0.0,0
ES,2016-10-14,873,1398.7079037800688,8.525696452489967,1371.5,1360.7,1381.8,109,1,80.0,0.0,0.0,0.0,0.0,1
ES,2016-10-15,869,1418.5063291139238,7.760297817881877,1131.0,1123.0,1138.2,106,0,0.0,0.0,0.0,0.0,0.0,0
ES,2016-10-16,831,1383.9807460890486,7.084313657652377,1689.0,1680.4,1695.5,106,1,76.6,0.0,0.0,0.0,0.0,1
ES,2016-10-17,922,1381.1984815618218,5.792715732327588,1679.0,1675.0,1686.2,121,0,0.0,0.0,0.0,0.0,0.0,0
ES,2016-10-18,752,1376.1821808510635,274.7571370774561,1665.5,1101.6,1676.9,118,0,0.0,0.0,0.0,0.0,0.0,0
ES,2016-10-19,784,1399.1568877551015,0.0,1669.0,1669.0,1669.0,108,0,0.0,0.0,0.0,0.0,0.0,0
ES,2016-10-20,773,1371.7852522639068,207.27956080262862,1087.0,1079.2,1328.2000000000003,112,0,0.0,0.0,0.0,0.0,0.0,0
ES,2016-10-21,891,1393.7452300785628,0.0,1087.0,1087.0,1087.0,109,1,83.16,0.0,0.0,0.0,0.0,1
ES,2016-10-22,753,1390.9455511288184,4.96655480858378,1087.5,1082.5,1094.0,110,0,0.0,0.0,0.0,0.0,0.0,0
ES,2016-10-23,865,1372.1791907514457,217.39055382551007,1057.0,1026.0,1614.1000000000013,118,0,0.0,0.0,0.0,0.0,0.0,0
ES,2016-10-24,869,1396.1484464902192,4.602988159880492,1675.5,1670.9,1680.8,110,0,0.0,0.0,0.0,0.0,0.0,0
ES,2016-10-25,971,1446.2615859938212,115.134008876613,1620.0,1384.8,1701.0,126,1,51.97,0.0,0.0,0.0,0.0,1
ES,2016-10-26,987,1459.2137791286725,1.0,1032.0,1031.2,1032.8,107,0,0.0,0.0,0.0,0.0,0.0,0
ES,2016-10-27,860,1468.675581395349,323.88439610579627,1041.0,1029.2,1690.8,107,0,0.0,0.0,0.0,0.0,0.0,0
ES,2016-10-28,866,1443.9064665127023,7.363574011458174,1029.0,1021.0,1035.4,111,0,0.0,0.0,0.0,0.0,0.0,0
ES,2016-10-29,690,1442.0739130434783,13.6130656193069,1037.0,1028.0,1063.2,94,0,0.0,0.0,0.0,0.0,0.0,0
ES,2016-10-30,919,1443.9662676822634,189.73047810245896,1090.0,1073.8,1221.2,119,0,0.0,0.0,0.0,0.0,0.0,0
ES,2016-10-31,783,1406.7164750957857,4.673328578219168,1107.0,1105.0,1115.2,114,0,0.0,0.0,0.0,0.0,0.0,0
ES,2016-11-01,767,1426.4511082138206,4.5,1094.5,1090.9,1098.1,107,0,0.0,0.0,0.0,0.0,0.0,0
ES,2016-11-02,811,1417.7977805178782,4.203173404306164,1674.5,1669.0,1678.5,118,0,0.0,0.0,0.0,0.0,0.0,0
ES,2016-11-03,789,1401.2965779467677,129.09934159398335,1590.0,1366.8,1632.3000000000002,120,0,0.0,0.0,0.0,0.0,0.0,0
ES,2016-11-04,897,1441.7034559643255,4.242640687119285,1082.0,1074.8,1082.0,116,2,79.25,0.0,0.0,0.0,0.0,2
ES,2016-11-05,983,1390.2054933875886,0.0,1089.0,1089.0,1089.0,119,0,0.0,0.0,0.0,0.0,0.0,0
ES,2016-11-06,1080,1426.9564814814812,12.709600726115827,1076.0,1060.7,1091.0,125,0,0.0,0.0,0.0,0.0,0.0,0
ES,2016-11-07,905,1434.316022099448,0.0,1297.0,1297.0,1297.0,110,0,0.0,0.0,0.0,0.0,0.0,0
ES,2016-11-08,896,1378.3906249999995,185.14113198942383,1652.0,1324.8,1796.4,106,0,0.0,0.0,0.0,0.0,0.0,0
ES,2016-11-09,904,1395.024336283186,101.91703292384447,1600.0,1579.2,1737.0000000000002,114,0,0.0,0.0,0.0,0.0,0.0,0
ES,2016-11-10,749,1372.1722296395192,254.74172594762624,1098.0,1091.2,1659.2,114,0,0.0,0.0,0.0,0.0,0.0,0
ES,2016-11-11,911,1413.8551042810104,108.37843096078048,1626.5,1377.8,1646.0,103,0,0.0,0.0,0.0,0.0,0.0,0
ES,2016-11-12,916,1427.5633187772924,4.0,1104.0,1100.8,1107.2,99,0,0.0,0.0,0.0,0.0,0.0,0
ES,2016-11-13,1065,1465.7323943661982,4.772369453854305,1100.0,1096.2,1107.0,126,0,0.0,0.0,0.0,0.0,0.0,0
ES,2016-11-14,1049,1402.6348903717824,138.47592650790324,1388.0,1328.8,1653.6,118,0,0.0,0.0,0.0,0.0,0.0,0
ES,2016-11-15,909,1402.8767876787676,3.7712361663282534,1091.0,1091.0,1097.4,119,0,0.0,0.0,0.0,0.0,0.0,0
ES,2016-11-16,975,1386.9117948717944,139.66333832671464,1613.0,1417.5,1778.0,116,0,0.0,0.0,0.0,0.0,0.0,0
ES,2016-11-17,821,1371.4470158343486,269.1917944927412,1083.0,1076.6,1536.6,116,0,0.0,0.0,0.0,0.0,0.0,0
ES,2016-11-18,1013,1404.6110562685096,286.2746714258878,1348.5,1061.1,1636.6,118,0,0.0,0.0,0.0,0.0,0.0,0
ES,2016-11-19,1015,1405.9881773399015,113.0,1166.0,1075.6,1256.4,108,0,0.0,0.0,0.0,0.0,0.0,0
ES,2016-11-20,1115,1413.513901345292,168.09064039165798,1606.0,1321.8,1675.8000000000004,125,0,0.0,0.0,0.0,0.0,0.0,0
ES,2016-11-21,1046,1395.746653919694,276.28918827119446,1052.0,1043.8,1616.0,116,0,0.0,0.0,0.0,0.0,0.0,0
ES,2016-11-22,958,1380.812108559499,269.9164479776823,1610.0,1156.4,1618.8,132,0,0.0,0.0,0.0,0.0,0.0,0
ES,2016-11-23,1004,1380.6543824701198,191.39044391349088,1604.0,1339.0,1835.2,123,0,0.0,0.0,0.0,0.0,0.0,0
ES,2016-11-24,872,1391.6399082568805,7.3484692283495345,1034.0,1026.8,1041.2,115,3,82.53333333333333,0.0,0.0,0.0,0.0,1
ES,2016-11-25,1043,1382.8581016299145,4.0,1012.0,1008.8,1015.2,116,2,84.715,0.0,0.0,0.0,0.0,1
ES,2016-11-26,969,1464.0412796697622,195.17761564612255,1714.0,1349.9,1851.0,103,1,53.06,0.0,0.0,0.0,0.0,1
ES,2016-11-27,1072,1404.7975746268662,291.2610162583327,1335.5,1024.4,1624.4,121,0,0.0,0.0,0.0,0.0,0.0,0
ES,2016-11-28,981,1418.84505606524,5.3091901453988255,1060.0,1055.1,1065.6,124,0,0.0,0.0,0.0,0.0,0.0,0
ES,2016-11-29,1079,1416.504170528267,290.1781521755213,1052.0,1038.0,1636.6,129,0,0.0,0.0,0.0,0.0,0.0,0
ES,2016-11-30,1100,1399.9072727272724,281.05266410407853,1044.0,1023.2,1647.8,117,2,81.78,0.0,0.0,0.0,0.0,2
ES,2016-12-01,936,1413.7126068376067,11.592245912214604,1066.0,1047.0,1076.0,117,0,0.0,0.0,0.0,0.0,0.0,0
ES,2016-12-02,903,1365.9590254706532,0.0,1069.0,1069.0,1069.0,117,0,0.0,0.0,0.0,0.0,0.0,0
ES,2016-12-03,995,1426.0100502512557,182.05008754460954,1104.0,1082.3,1274.6,121,0,0.0,0.0,0.0,0.0,0.0,0
ES,2016-12-04,1322,1390.5521936459916,217.7470499863954,1117.0,1106.2,1634.4,132,0,0.0,0.0,0.0,0.0,0.0,0
ES,2016-12-05,998,1421.8266533066133,6.226998490772391,1657.0,1650.0,1662.8,118,0,0.0,0.0,0.0,0.0,0.0,0
ES,2016-12-06,1034,1426.851063829787,249.6294754230758,1668.0,1102.5,1692.5,126,0,0.0,0.0,0.0,0.0,0.0,0
ES,2016-12-07,811,1388.5437731196052,147.92866148549066,1598.0,1369.2,1750.1999999999998,117,0,0.0,0.0,0.0,0.0,0.0,0
ES,2016-12-08,1128,1412.0939716312057,6.531972647421808,1089.0,1082.6,1095.4,129,0,0.0,0.0,0.0,0.0,0.0,0
ES,2016-12-09,852,1389.1760563380283,0.0,1073.0,1073.0,1073.0,116,0,0.0,0.0,0.0,0.0,0.0,0
ES,2016-12-10,918,1410.274509803923,166.73958865140068,1602.0,1312.4,1832.8,111,0,0.0,0.0,0.0,0.0,0.0,0
ES,2016-12-11,1156,1410.9757785467132,3.774917217635375,1064.5,1058.4,1065.0,132,0,0.0,0.0,0.0,0.0,0.0,0
ES,2016-12-12,994,1411.7052313883305,104.45338527444125,1647.0,1577.0,1715.4,117,0,0.0,0.0,0.0,0.0,0.0,0
ES,2016-12-13,947,1405.3051742344242,169.98392405982253,1656.5,1307.7,1734.1,125,0,0.0,0.0,0.0,0.0,0.0,0
ES,2016-12-14,873,1406.1420389461643,182.79684762052108,1338.0,1287.7,1624.2,117,0,0.0,0.0,0.0,0.0,0.0,0
ES,2016-12-15,903,1400.6699889258032,3.0,1054.0,1051.6,1056.4,124,1,23.13,0.0,0.0,0.0,0.0,1
ES,2016-12-16,1021,1392.1380999020562,294.2078347019331,1059.5,1047.5,1677.5,127,0,0.0,0.0,0.0,0.0,0.0,0
ES,2016-12-17,873,1399.6494845360826,301.1005533204424,1651.5,1062.7,1679.2,106,0,0.0,0.0,0.0,0.0,0.0,0
ES,2016-12-18,921,1399.3887079261667,3.5,1066.5,1063.7,1069.3,107,0,0.0,0.0,0.0,0.0,0.0,0
ES,2016-12-19,938,1415.2835820895525,168.4043575870915,1665.0,1354.2,1861.6,127,0,0.0,0.0,0.0,0.0,0.0,0
ES,2016-12-20,869,1424.302646720369,162.4869088743938,1690.5,1358.6,1719.4,119,1,62.34,0.0,0.0,0.0,0.0,1
ES,2016-12-21,883,1392.2491506228769,172.25806222061132,1353.5,1326.3,1693.4,118,0,0.0,0.0,0.0,0.0,0.0,0
ES,2016-12-22,911,1418.7200878155868,159.35828256548896,1718.0,1484.8,1857.3,128,0,0.0,0.0,0.0,0.0,0.0,0
ES,2016-12-23,832,1430.7584134615377,3.858612300930075,1057.0,1055.4,1062.6,110,0,0.0,0.0,0.0,0.0,0.0,0
ES,2016-12-24,751,1416.4740346205062,262.0350514317306,1848.0,1312.8,1868.2,103,0,0.0,0.0,0.0,0.0,0.0,0
ES,2016-12-25,724,1431.9613259668515,197.9043810639909,1808.0,1348.0,1854.0,108,0,0.0,0.0,0.0,0.0,0.0,0
ES,2016-12-26,1006,1403.55069582505,6.121455890735652,1066.0,1060.5,1074.0,119,0,0.0,0.0,0.0,0.0,0.0,0
ES,2016-12-27,1099,1395.7343039126474,11.575602259825716,1064.0,1045.6,1076.8,117,0,0.0,0.0,0.0,0.0,0.0,0
ES,2016-12-28,1121,1397.3318465655664,11.25967465948728,1062.0,1052.1,1081.8,125,2,83.15,0.0,0.0,0.0,0.0,2
ES,2016-12-29,1146,1411.294938917976,11.349008767288886,1105.5,1092.6,1119.7,121,0,0.0,0.0,0.0,0.0,0.0,0
ES,2016-12-30,869,1398.102416570771,75.00040816215466,1100.0,1093.0,1190.6000000000001,116,1,26.68,0.0,0.0,0.0,0.0,1
ES,2016-12-31,814,1408.4238329238333,268.41797629816074,1111.5,1104.3,1658.0,114,0,0.0,0.0,0.0,0.0,0.0,0
ES,2017-01-01,796,1433.3680904522616,3.559026084010437,1099.0,1098.2,1104.6,113,0,0.0,0.0,0.0,0.0,0.0,0
ES,2017-01-02,979,1418.0561797752816,123.73479368785108,1481.0,1432.6,1763.0,119,0,0.0,0.0,0.0,0.0,0.0,0
ES,2017-01-03,1182,1409.1903553299494,7.9498427657407165,1640.0,1629.6,1647.2,136,0,0.0,0.0,0.0,0.0,0.0,0
ES,2017-01-04,918,1422.5490196078424,187.13380701624988,1613.0,1379.3,1873.0,126,0,0.0,0.0,0.0,0.0,0.0,0
ES,2017-01-05,913,1409.7250821467678,55.43533770679733,1449.0,1432.9,1488.9,118,0,0.0,0.0,0.0,0.0,0.0,0
ES,2017-01-06,897,1463.447045707915,212.03760046373063,1803.0,1405.6,1878.9,116,1,69.58,0.0,0.0,0.0,0.0,1
ES,2017-01-07,968,1411.8099173553721,190.64750777868096,1109.5,1102.5,1366.5,118,0,0.0,0.0,0.0,0.0,0.0,0
ES,2017-01-08,946,1436.7071881606764,151.9058062129912,1114.0,1097.8,1232.9999999999998,118,0,0.0,0.0,0.0,0.0,0.0,0
ES,2017-01-09,944,1402.5677966101694,157.08206652342176,1705.0,1401.6,1828.0,125,1,86.3,0.0,0.0,0.0,0.0,1
ES,2017-01-10,900,1413.2455555555562,134.54242758306614,1694.5,1602.9,1827.3,138,1,82.62,0.0,0.0,0.0,0.0,1
ES,2017-01-11,854,1382.8676814988296,0.0,1141.0,1141.0,1141.0,119,0,0.0,0.0,0.0,0.0,0.0,0
ES,2017-01-12,978,1426.466257668712,11.199888392301059,1153.5,1137.3,1165.0,132,0,0.0,0.0,0.0,0.0,0.0,0
ES,2017-01-13,1108,1436.01083032491,134.4148609295478,1403.0,1336.0,1641.0,120,0,0.0,0.0,0.0,0.0,0.0,0
ES,2017-01-14,1078,1379.8961038961038,10.060298206315755,1109.0,1100.8,1125.6,122,0,0.0,0.0,0.0,0.0,0.0,0
ES,2017-01-15,946,1394.1871035940794,8.867919710958146,1147.0,1133.8,1153.6,118,0,0.0,0.0,0.0,0.0,0.0,0
ES,2017-01-16,815,1413.1472392638036,166.71740724216838,1613.0,1419.8,1628.4,123,0,0.0,0.0,0.0,0.0,0.0,0
ES,2017-01-17,852,1413.483568075117,126.31485335015336,1691.0,1650.0,1803.0,117,0,0.0,0.0,0.0,0.0,0.0,0
ES,2017-01-18,809,1365.5698393077885,112.54869469561145,1660.5,1375.2,1682.9,114,0,0.0,0.0,0.0,0.0,0.0,0
ES,2017-01-19,769,1367.4980494148251,0.0,1133.0,1133.0,1133.0,127,0,0.0,0.0,0.0,0.0,0.0,0
ES,2017-01-20,931,1436.166487647691,4.0276819911981905,1126.0,1125.2,1132.4,113,1,77.35,0.0,0.0,0.0,0.0,1
ES,2017-01-21,847,1385.6505312868962,5.083306010855534,1118.0,1113.8,1123.4,108,0,0.0,0.0,0.0,0.0,0.0,0
ES,2017-01-22,1036,1387.0791505791506,232.17446968820667,1117.0,1101.6,1646.1,123,0,0.0,0.0,0.0,0.0,0.0,0
ES,2017-01-23,970,1407.7226804123711,284.4302374924298,1658.0,1082.6,1667.8,122,0,0.0,0.0,0.0,0.0,0.0,0
ES,2017-01-24,799,1417.769712140175,173.9177135709586,1575.5,1334.4,1820.2,116,0,0.0,0.0,0.0,0.0,0.0,0
ES,2017-01-25,735,1395.598639455783,0.0,1292.0,1292.0,1292.0,101,0,0.0,0.0,0.0,0.0,0.0,0
ES,2017-01-26,750,1427.7200000000007,4.5,1082.5,1078.9,1086.1,117,1,62.85,0.0,0.0,0.0,0.0,1
ES,2017-01-27,956,1363.270920502092,276.52305509667724,1657.5,1075.0,1665.5,127,1,74.19,0.0,0.0,0.0,0.0,1
ES,2017-01-28,846,1397.1536643026004,139.94152572713136,1585.5,1345.6,1696.0,111,0,0.0,0.0,0.0,0.0,0.0,0
ES,2017-01-29,865,1440.6138728323697,0.0,1662.0,1662.0,1662.0,117,0,0.0,0.0,0.0,0.0,0.0,0
ES,2017-01-30,916,1392.775109170306,19.8836854417274,1124.0,1089.8,1138.8,116,0,0.0,0.0,0.0,0.0,0.0,0
ES,2017-01-31,929,1411.677072120561,219.20300906619292,1130.0,1122.0,1658.9,120,0,0.0,0.0,0.0,0.0,0.0,0
ES,2017-02-01,620,1396.4209677419358,0.0,1105.0,1105.0,1105.0,115,0,0.0,0.0,0.0,0.0,0.0,0
ES,2017-02-02,869,1457.9309551208282,7.363574011458174,1121.0,1114.6,1129.0,119,0,0.0,0.0,0.0,0.0,0.0,0
ES,2017-02-03,739,1464.1569688768607,5.715476066494082,1133.0,1127.4,1138.6,108,0,0.0,0.0,0.0,0.0,0.0,0
ES,2017-02-04,745,1449.6671140939595,7.7549267494212275,1124.0,1115.5,1132.0,113,0,0.0,0.0,0.0,0.0,0.0,0
ES,2017-02-05,1019,1462.7114818449459,0.0,1102.0,1102.0,1102.0,111,0,0.0,0.0,0.0,0.0,0.0,0
ES,2017-02-06,884,1427.372171945701,7.189401922274203,1635.5,1629.1,1644.0,118,0,0.0,0.0,0.0,0.0,0.0,0
ES,2017-02-07,802,1418.0997506234417,0.0,1093.0,1093.0,1093.0,125,0,0.0,0.0,0.0,0.0,0.0,0
ES,2017-02-08,710,1414.1380281690138,155.1653619233891,1617.5,1297.9,1653.0,112,0,0.0,0.0,0.0,0.0,0.0,0
ES,2017-02-09,749,1448.0707610146862,289.317403555334,1295.0,1286.0,1880.4,108,0,0.0,0.0,0.0,0.0,0.0,0
ES,2017-02-10,693,1405.6305916305926,137.77409945029163,1585.5,1570.2,1839.0000000000005,111,0,0.0,0.0,0.0,0.0,0.0,0
ES,2017-02-11,879,1416.1990898748581,4.932882862316247,1092.0,1088.0,1099.0,113,0,0.0,0.0,0.0,0.0,0.0,0
ES,2017-02-12,983,1423.2767039674463,283.9555147818052,1366.0,1079.6,1655.4,118,0,0.0,0.0,0.0,0.0,0.0,0
ES,2017-02-13,754,1432.2665782493375,5.356071321407137,1090.0,1084.1,1095.2,107,0,0.0,0.0,0.0,0.0,0.0,0
ES,2017-02-14,600,1380.52,143.1498113192107,1646.0,1312.0,1660.0,97,0,0.0,0.0,0.0,0.0,0.0,0
ES,2017-02-15,677,1393.639586410635,19.13398481759615,1107.5,1084.9,1131.7,101,0,0.0,0.0,0.0,0.0,0.0,0
ES,2017-02-16,775,1412.9729032258072,4.264680527307995,1126.0,1121.3,1130.0,103,1,62.5,0.0,0.0,0.0,0.0,1
ES,2017-02-17,803,1378.033623910336,155.8295812688897,1634.0,1384.1,1809.1,107,1,82.09,0.0,0.0,0.0,0.0,1
ES,2017-02-18,690,1388.0884057971007,0.5,1114.5,1114.1,1114.9,104,1,41.84,0.0,0.0,0.0,0.0,1
ES,2017-02-19,951,1431.789695057834,56.382375102705836,1143.5,1130.7,1261.8,114,0,0.0,0.0,0.0,0.0,0.0,0
ES,2017-02-20,787,1383.0279542566702,46.0,1375.0,1338.2,1411.8,117,0,0.0,0.0,0.0,0.0,0.0,0
ES,2017-02-21,776,1429.524484536082,133.73597640672284,1658.0,1341.0,1672.8,115,1,90.69,0.0,0.0,0.0,0.0,1
ES,2017-02-22,705,1406.390070921986,4.546060565661952,1648.0,1644.8,1653.6,120,0,0.0,0.0,0.0,0.0,0.0,0
ES,2017-02-23,759,1401.8603425559947,187.5783388827001,1627.0,1316.0,1802.2,106,1,53.75,0.0,0.0,0.0,0.0,1
ES,2017-02-24,732,1365.889344262295,129.81821199696893,1627.0,1597.4,1816.7,109,0,0.0,0.0,0.0,0.0,0.0,0
ES,2017-02-25,812,1429.347290640394,242.37524626083416,1631.0,1139.0,1637.2,119,0,0.0,0.0,0.0,0.0,0.0,0
ES,2017-02-26,746,1447.017426273458,4.0,1148.0,1144.8,1151.2,115,0,0.0,0.0,0.0,0.0,0.0,0
ES,2017-02-27,753,1398.6905710491365,87.9936866422182,1152.0,1144.8,1297.6,116,0,0.0,0.0,0.0,0.0,0.0,0
ES,2017-02-28,787,1380.8907242693772,11.416263213487905,1138.0,1120.0,1150.0,125,0,0.0,0.0,0.0,0.0,0.0,0
ES,2017-03-01,799,1369.0913642052565,138.82430442829525,1135.0,1124.4,1142.9,114,0,0.0,0.0,0.0,0.0,0.0,0
ES,2017-03-02,775,1424.4219354838713,189.71230836487737,1563.0,1308.6,1926.2,111,1,98.84,0.0,0.0,0.0,0.0,1
ES,2017-03-03,813,1425.2915129151293,4.707440918375928,1104.0,1099.0,1109.4,105,0,0.0,0.0,0.0,0.0,0.0,0
ES,2017-03-04,764,1354.6492146596856,4.223742416388575,1107.0,1099.4,1108.6,111,0,0.0,0.0,0.0,0.0,0.0,0
ES,2017-03-05,1051,1401.4319695528063,63.7808748764079,1101.0,1086.4,1116.0,131,1,82.09,0.0,0.0,0.0,0.0,1
ES,2017-03-06,876,1410.3573059360729,256.4648557253454,1643.0,1211.0,1649.4,130,0,0.0,0.0,0.0,0.0,0.0,0
ES,2017-03-07,779,1389.9717586649554,128.91781284654112,1387.0,1297.2,1588.0,108,0,0.0,0.0,0.0,0.0,0.0,0
ES,2017-03-08,893,1399.8219484882425,229.537275723891,1577.0,1307.6,1875.6,125,2,56.4,0.0,0.0,0.0,0.0,2
ES,2017-03-09,744,1322.8911290322583,6.708203932499369,1668.0,1660.8,1675.2,129,0,0.0,0.0,0.0,0.0,0.0,0
ES,2017-03-10,753,1316.213811420983,168.2480525956127,1572.0,1505.0,1859.0,101,0,0.0,0.0,0.0,0.0,0.0,0
ES,2017-03-11,831,1418.824308062575,153.22009229756216,1503.0,1334.0,1740.0,100,0,0.0,0.0,0.0,0.0,0.0,0
ES,2017-03-12,1008,1449.3720238095239,298.52679946698254,1388.5,1088.4,1688.6,120,0,0.0,0.0,0.0,0.0,0.0,0
ES,2017-03-13,881,1402.1396140749157,114.24021839965116,1563.5,1314.9,1586.6,118,1,73.86,0.0,0.0,0.0,0.0,1
ES,2017-03-14,829,1392.522316043426,3.640054944640259,1681.5,1677.6,1685.4,121,0,0.0,0.0,0.0,0.0,0.0,0
ES,2017-03-15,902,1399.9212860310415,0.0,886.0,886.0,886.0,125,0,0.0,0.0,0.0,0.0,0.0,0
ES,2017-03-16,912,1378.007675438597,8.098353742170895,1661.5,1655.5,1673.5,115,1,81.14,0.0,0.0,0.0,0.0,1
ES,2017-03-17,1072,1456.404850746269,0.0,1654.0,1654.0,1654.0,122,0,0.0,0.0,0.0,0.0,0.0,0
ES,2017-03-18,961,1424.8813735691986,142.40620694961925,1824.0,1773.0,1870.5,107,0,0.0,0.0,0.0,0.0,0.0,0
ES,2017-03-19,911,1382.8122941822173,0.0,1655.0,1655.0,1655.0,117,0,0.0,0.0,0.0,0.0,0.0,0
ES,2017-03-20,1052,1398.2642585551323,114.30064096879534,1573.0,1348.0,1629.0,115,0,0.0,0.0,0.0,0.0,0.0,0
ES,2017-03-21,1022,1385.505870841487,0.0,1337.0,1337.0,1337.0,131,0,0.0,0.0,0.0,0.0,0.0,0
ES,2017-03-22,945,1410.314285714286,0.0,1660.0,1660.0,1660.0,118,0,0.0,0.0,0.0,0.0,0.0,0
ES,2017-03-23,961,1428.9854318418306,4.5,1675.5,1671.9,1679.1,124,0,0.0,0.0,0.0,0.0,0.0,0
ES,2017-03-24,1055,1416.1469194312801,3.4641016151377544,1680.0,1680.0,1685.6,120,0,0.0,0.0,0.0,0.0,0.0,0
ES,2017-03-25,986,1396.1815415821502,0.0,1671.0,1671.0,1671.0,129,0,0.0,0.0,0.0,0.0,0.0,0
ES,2017-03-26,1160,1389.9827586206898,5.80409338312195,1675.5,1668.4,1680.5,133,0,0.0,0.0,0.0,0.0,0.0,0
ES,2017-03-27,1016,1398.4183070866143,4.0,1098.0,1094.8,1101.2,134,0,0.0,0.0,0.0,0.0,0.0,0
ES,2017-03-28,1010,1410.5029702970298,177.57184461507404,1390.0,1376.8,1656.2,115,0,0.0,0.0,0.0,0.0,0.0,0
ES,2017-03-29,1022,1377.9941291585128,151.3568869644057,1644.0,1377.0,1672.8,123,0,0.0,0.0,0.0,0.0,0.0,0
ES,2017-03-30,801,1392.031210986267,206.41086319388435,1398.0,1375.3,1852.3,129,0,0.0,0.0,0.0,0.0,0.0,0
ES,2017-03-31,938,1360.3230277185503,110.12312218973962,1674.0,1544.6,1682.0,122,0,0.0,0.0,0.0,0.0,0.0,0
ES,2017-04-01,928,1392.6476293103447,8.924926945788089,1649.0,1637.2,1659.8,123,0,0.0,0.0,0.0,0.0,0.0,0
ES,2017-04-02,852,1422.4084507042253,208.95407523079217,1654.0,1373.0,1659.5,116,0,0.0,0.0,0.0,0.0,0.0,0
ES,2017-04-03,1019,1401.9008832188422,5.715476066494082,1653.0,1647.4,1658.6,121,1,76.69,0.0,0.0,0.0,0.0,1
ES,2017-04-04,928,1383.5172413793102,155.9920333312247,1614.0,1404.8,1851.8,126,0,0.0,0.0,0.0,0.0,0.0,0
ES,2017-04-05,875,1371.8811428571437,153.44545426975012,1430.0,1328.0,1680.0,120,0,0.0,0.0,0.0,0.0,0.0,0
ES,2017-04-06,878,1353.9088838268794,6.531972647421808,1096.0,1089.6,1102.4,126,0,0.0,0.0,0.0,0.0,0.0,0
ES,2017-04-07,991,1387.0857719475275,172.89000204211476,1599.0,1428.8,1872.3,120,0,0.0,0.0,0.0,0.0,0.0,0
ES,2017-04-08,683,1360.6442166910692,10.570165328022473,1122.0,1113.6,1140.4,104,0,0.0,0.0,0.0,0.0,0.0,0
ES,2017-04-09,803,1387.235367372353,8.112336284942828,1139.5,1128.2,1147.2,117,0,0.0,0.0,0.0,0.0,0.0,0
ES,2017-04-10,836,1374.0011961722482,4.0,1138.0,1134.8,1141.2,116,0,0.0,0.0,0.0,0.0,0.0,0
ES,2017-04-11,789,1383.7211660329533,246.391939101751,1172.0,1142.7,1683.4,115,1,84.58,0.0,0.0,0.0,0.0,1
ES,2017-04-12,877,1389.0866590649937,3.0,1699.0,1696.6,1701.4,119,1,94.41,0.0,0.0,0.0,0.0,1
ES,2017-04-13,995,1383.6311557788947,4.0,1164.0,1160.8,1167.2,117,0,0.0,0.0,0.0,0.0,0.0,0
ES,2017-04-14,928,1378.1045258620686,6.1951727408730255,1157.0,1149.0,1166.0,108,1,78.85,0.0,0.0,0.0,0.0,1
ES,2017-04-15,1005,1401.5701492537307,221.0567347990104,1598.0,1327.8,1861.0,118,0,0.0,0.0,0.0,0.0,0.0,0
ES,2017-04-16,961,1382.742976066597,62.82979654060113,1124.5,1096.4,1155.6,118,0,0.0,0.0,0.0,0.0,0.0,0
ES,2017-04-17,805,1375.540372670807,252.2251990194639,1080.5,1071.3,1693.8,121,0,0.0,0.0,0.0,0.0,0.0,0
ES,2017-04-18,623,1388.025682182986,5.0,1699.0,1695.0,1703.0,106,0,0.0,0.0,0.0,0.0,0.0,0
ES,2017-04-19,880,1373.7238636363636,260.889071135639,1680.0,1098.0,1689.0,115,1,36.95,0.0,0.0,0.0,0.0,1
ES,2017-04-20,792,1407.458333333334,5.7993666086241245,1692.0,1684.6,1697.8,106,1,66.76,0.0,0.0,0.0,0.0,1
ES,2017-04-21,805,1385.4708074534155,0.0,1701.0,1701.0,1701.0,106,0,0.0,0.0,0.0,0.0,0.0,0
ES,2017-04-22,949,1440.2149631190728,264.40371085529335,1679.0,1090.0,1688.0,112,0,0.0,0.0,0.0,0.0,0.0,0
ES,2017-04-23,1011,1419.0148367952531,11.249691353790803,1663.0,1645.0,1671.0,113,0,0.0,0.0,0.0,0.0,0.0,0
ES,2017-04-24,794,1430.212846347607,2.3570226039551585,1635.0,1631.0,1635.0,113,0,0.0,0.0,0.0,0.0,0.0,0
ES,2017-04-25,868,1369.9009216589861,8.898735865278843,1656.0,1647.5,1666.6,122,0,0.0,0.0,0.0,0.0,0.0,0
ES,2017-04-26,852,1415.0492957746478,4.261455150532504,1660.0,1655.0,1664.6,122,0,0.0,0.0,0.0,0.0,0.0,0
ES,2017-04-27,934,1402.3565310492506,11.639253507945526,1637.0,1619.0,1645.5,113,1,97.62,0.0,0.0,0.0,0.0,1
ES,2017-04-28,740,1329.8,104.14893182361496,1653.0,1514.5,1767.0,117,0,0.0,0.0,0.0,0.0,0.0,0
ES,2017-04-29,921,1321.8317046688385,128.0780679765222,1604.5,1421.1,1778.9,118,0,0.0,0.0,0.0,0.0,0.0,0
ES,2017-04-30,1044,1367.7499999999998,113.36489875556724,1631.0,1578.8,1801.8,119,0,0.0,0.0,0.0,0.0,0.0,0
ES,2017-05-01,1223,1366.1234668847094,242.43251431557232,1151.0,1125.0,1644.0000000000005,130,0,0.0,0.0,0.0,0.0,0.0,0
ES,2017-05-02,1010,1355.5782178217821,4.621474298463427,1619.0,1614.2,1625.2,124,1,84.98,0.0,0.0,0.0,0.0,1
ES,2017-05-03,810,1300.2814814814806,8.248636250920512,1595.0,1584.5,1602.7,117,0,0.0,0.0,0.0,0.0,0.0,0
ES,2017-05-04,934,1369.2805139186296,146.5822436950215,1630.0,1359.5,1822.0,131,0,0.0,0.0,0.0,0.0,0.0,0
ES,2017-05-05,1189,1339.7401177460051,198.07826735914267,1588.0,1269.6,1595.6,134,0,0.0,0.0,0.0,0.0,0.0,0
ES,2017-05-06,1173,1404.780051150895,228.89386186614965,1140.0,1129.9,1606.5,135,0,0.0,0.0,0.0,0.0,0.0,0
ES,2017-05-07,1011,1336.6399604352134,201.72397601673433,1167.0,1145.7,1627.2,128,0,0.0,0.0,0.0,0.0,0.0,0
ES,2017-05-08,968,1342.0258264462811,236.81169395397643,1170.0,1138.4,1649.0,138,0,0.0,0.0,0.0,0.0,0.0,0
ES,2017-05-09,930,1332.4935483870963,6.057020719792859,1638.0,1632.1,1644.6,129,0,0.0,0.0,0.0,0.0,0.0,0
ES,2017-05-10,805,1316.872049689441,6.0,1648.0,1643.2,1652.8,121,0,0.0,0.0,0.0,0.0,0.0,0
ES,2017-05-11,891,1303.4040404040402,4.0,1654.0,1650.8,1657.2,130,0,0.0,0.0,0.0,0.0,0.0,0
ES,2017-05-12,972,1414.83744855967,3.0,1651.0,1648.6,1653.4,128,0,0.0,0.0,0.0,0.0,0.0,0
ES,2017-05-13,1063,1364.150517403575,113.01473826788983,1123.0,1099.0,1145.0,130,0,0.0,0.0,0.0,0.0,0.0,0
ES,2017-05-14,895,1365.3821229050282,11.06752004741803,1626.5,1612.0,1638.1,127,0,0.0,0.0,0.0,0.0,0.0,0
ES,2017-05-15,894,1384.2393736017893,5.003998401278721,1597.0,1593.6,1604.2,137,0,0.0,0.0,0.0,0.0,0.0,0
ES,2017-05-16,854,1353.9063231850112,87.75780433797453,1652.0,1562.3,1674.3,134,1,97.97,0.0,0.0,0.0,0.0,1
ES,2017-05-17,706,1338.2875354107643,245.65775862976525,1345.0,1096.1,1593.2,122,1,92.32,0.0,0.0,0.0,0.0,1
ES,2017-05-18,844,1369.5225118483402,235.59058898825884,1359.0,1101.0,1604.0,135,1,79.48,0.0,0.0,0.0,0.0,1
ES,2017-05-19,747,1368.8527443105756,3.0,1619.0,1616.6,1621.4,136,1,59.87,0.0,0.0,0.0,0.0,1
ES,2017-05-20,1050,1318.9438095238093,94.68087332422267,1092.0,1077.4,1143.7,133,0,0.0,0.0,0.0,0.0,0.0,0
ES,2017-05-21,990,1305.50404040404,255.43614661985487,1131.5,1108.0,1636.5,136,1,82.13,0.0,0.0,0.0,0.0,1
ES,2017-05-22,943,1358.551431601272,263.6209868188761,1630.0,1104.4,1639.2,133,1,73.88,0.0,0.0,0.0,0.0,1
ES,2017-05-23,801,1328.0511860174777,197.0670482034054,1619.0,1130.0,1635.0,139,0,0.0,0.0,0.0,0.0,0.0,0
ES,2017-05-24,858,1317.9965034965046,210.04091863253694,1621.5,1283.0,1627.5,137,0,0.0,0.0,0.0,0.0,0.0,0
ES,2017-05-25,912,1342.7434210526317,11.882760622010357,1639.0,1625.6,1652.4,129,0,0.0,0.0,0.0,0.0,0.0,0
ES,2017-05-26,895,1301.2346368715084,103.02454529366302,1634.0,1477.2,1792.8,130,2,65.36,0.0,0.0,0.0,0.0,2
ES,2017-05-27,1037,1374.202507232401,209.78591823067933,1678.0,1134.4,1690.2,139,2,83.57,0.0,83.57,83.57,83.57,2
ES,2017-05-28,957,1342.1044932079421,4.973366566019441,1684.5,1680.5,1691.6,123,1,84.21,0.0,0.0,0.0,0.0,1
ES,2017-05-29,1020,1411.3656862745097,5.678027826631356,1685.0,1678.2,1691.0,129,3,74.26,0.0,0.0,0.0,0.0,2
ES,2017-05-30,1006,1377.9045725646122,266.5844711846821,1653.0,1111.4,1667.6,137,0,0.0,0.0,0.0,0.0,0.0,0
ES,2017-05-31,796,1340.836683417085,255.16274158144253,1627.0,1094.4,1648.8,127,0,0.0,0.0,0.0,0.0,0.0,0
ES,2017-06-01,871,1408.0275545350169,6.422616289332565,1631.5,1626.5,1641.6,135,1,85.04,0.0,0.0,0.0,0.0,1
ES,2017-06-02,904,1390.5652654867256,4.301162633521313,1617.5,1612.2,1621.4,141,0,0.0,0.0,0.0,0.0,0.0,0
ES,2017-06-03,1127,1419.4525288376228,8.601417034419386,1131.0,1117.9,1137.5,132,1,87.58,0.0,0.0,0.0,0.0,1
ES,2017-06-04,1124,1387.0756227758006,143.55159953269438,1162.0,1147.4,1259.8000000000002,134,0,0.0,0.0,0.0,0.0,0.0,0
ES,2017-06-05,1101,1376.5849227974566,5.761944116355173,1616.0,1608.4,1621.4,135,0,0.0,0.0,0.0,0.0,0.0,0
ES,2017-06-06,949,1307.834562697577,187.59637523150602,1616.0,1335.4,1626.4,140,0,0.0,0.0,0.0,0.0,0.0,0
ES,2017-06-07,900,1320.9966666666664,72.29515257697122,1613.0,1537.4,1637.2,128,0,0.0,0.0,0.0,0.0,0.0,0
ES,2017-06-08,1001,1373.5384615384628,175.79440682054636,1643.0,1438.4,1650.0,145,0,0.0,0.0,0.0,0.0,0.0,0
ES,2017-06-09,859,1345.5017462165301,178.29006404950195,1404.0,1393.2,1793.4,136,0,0.0,0.0,0.0,0.0,0.0,0
ES,2017-06-10,919,1402.6539717083783,241.0682386620228,1134.0,1107.0,1656.0,129,1,91.1,0.0,0.0,0.0,0.0,1
ES,2017-06-11,954,1373.932914046121,59.8894235700725,1124.0,1117.1,1133.4,130,0,0.0,0.0,0.0,0.0,0.0,0
ES,2017-06-12,943,1393.6171792152702,4.5,1111.5,1107.9,1115.1,137,0,0.0,0.0,0.0,0.0,0.0,0
ES,2017-06-13,837,1373.6248506571087,5.374838498865699,1669.0,1665.0,1677.0,124,0,0.0,0.0,0.0,0.0,0.0,0
ES,2017-06-14,916,1409.7248908296947,4.5,1108.5,1104.9,1112.1,142,0,0.0,0.0,0.0,0.0,0.0,0
ES,2017-06-15,980,1342.413265306122,0.0,1655.0,1655.0,1655.0,149,0,0.0,0.0,0.0,0.0,0.0,0
ES,2017-06-16,873,1374.2634593356242,239.6108498691159,1648.0,1100.6,1660.6,134,0,0.0,0.0,0.0,0.0,0.0,0
ES,2017-06-17,990,1403.0333333333335,3.7267799624996494,1110.5,1109.0,1117.5,137,0,0.0,0.0,0.0,0.0,0.0,0
ES,2017-06-18,1043,1368.358581016299,11.736028928048874,1113.5,1093.3,1121.6,131,0,0.0,0.0,0.0,0.0,0.0,0
ES,2017-06-19,997,1375.7402206619854,272.4913862043268,1092.0,1085.6,1551.2,143,0,0.0,0.0,0.0,0.0,0.0,0
ES,2017-06-20,960,1363.6270833333333,105.55358022843082,1663.0,1540.2,1780.4,140,0,0.0,0.0,0.0,0.0,0.0,0
ES,2017-06-21,813,1377.3677736777374,8.657944328765346,1661.0,1652.4,1671.8,134,0,0.0,0.0,0.0,0.0,0.0,0
ES,2017-06-22,933,1406.6495176848875,92.46803855532988,1588.0,1416.0,1659.0,143,0,0.0,0.0,0.0,0.0,0.0,0
ES,2017-06-23,909,1389.6237623762377,129.27103310486848,1658.5,1354.7,1666.3,133,0,0.0,0.0,0.0,0.0,0.0,0
ES,2017-06-24,1062,1391.9576271186443,7.602698232085979,1106.0,1094.5,1115.4,144,0,0.0,0.0,0.0,0.0,0.0,0
ES,2017-06-25,1000,1416.708,3.858612300930075,1105.0,1099.4,1106.6,131,0,0.0,0.0,0.0,0.0,0.0,0
ES,2017-06-26,1040,1396.3201923076922,257.86990690828753,1642.0,1206.8,1646.8,150,0,0.0,0.0,0.0,0.0,0.0,0
ES,2017-06-27,976,1453.9200819672124,159.08940882409487,1616.0,1556.2,1629.8,136,0,0.0,0.0,0.0,0.0,0.0,0
ES,2017-06-28,1051,1420.0941960038065,252.93034614296485,1600.0,1091.8,1613.6,130,0,0.0,0.0,0.0,0.0,0.0,0
ES,2017-06-29,901,1385.9589345172026,219.70719150724221,1101.5,1096.6,1456.4,130,0,0.0,0.0,0.0,0.0,0.0,0
ES,2017-06-30,1041,1412.4188280499525,5.727128425310541,1615.0,1609.2,1620.8,140,0,0.0,0.0,0.0,0.0,0.0,0
ES,2017-07-01,910,1381.6934065934065,56.691433559694495,1584.5,1514.0,1603.0,125,0,0.0,0.0,0.0,0.0,0.0,0
ES,2017-07-02,1117,1377.258728737691,11.450376024878446,1620.0,1611.6,1639.8,137,0,0.0,0.0,0.0,0.0,0.0,0
ES,2017-07-03,1034,1358.4023210831724,239.80343512969117,1639.0,1252.8,1647.9,135,0,0.0,0.0,0.0,0.0,0.0,0
ES,2017-07-04,968,1356.6353305785124,263.65590738688184,1110.0,1095.9,1648.8,145,0,0.0,0.0,0.0,0.0,0.0,0
ES,2017-07-05,891,1381.9203142536476,4.898979485566356,1668.0,1663.2,1672.8,136,1,82.13,0.0,0.0,0.0,0.0,1
ES,2017-07-06,925,1407.5989189189183,5.223983154643591,1675.0,1667.9,1682.1,134,2,83.91499999999999,0.0,0.0,0.0,0.0,2
ES,2017-07-07,980,1396.356122448979,285.00807006118265,1108.0,1095.8,1682.8,133,0,0.0,0.0,0.0,0.0,0.0,0
ES,2017-07-08,1175,1383.3855319148931,164.19464805218104,1118.0,1107.8,1253.0000000000002,131,1,90.59,0.0,0.0,0.0,0.0,1
ES,2017-07-09,1103,1387.6772438803262,6.118823416311342,1693.0,1687.0,1700.6,135,0,0.0,0.0,0.0,0.0,0.0,0
ES,2017-07-10,1241,1416.3045930701057,266.6265456471842,1422.0,1151.0,1692.5,131,0,0.0,0.0,0.0,0.0,0.0,0
ES,2017-07-11,1064,1416.436090225564,5.844655678480984,1677.0,1672.0,1685.0,128,0,0.0,0.0,0.0,0.0,0.0,0
ES,2017-07-12,963,1445.0924195223265,190.36259261385013,1677.0,1417.5,1683.0,133,0,0.0,0.0,0.0,0.0,0.0,0
ES,2017-07-13,962,1439.1174636174633,248.70911165902672,1427.5,1179.0,1681.5,139,2,87.425,0.0,0.0,0.0,0.0,1
ES,2017-07-14,974,1435.1694045174538,232.58371013942963,1190.0,1170.4,1663.8,134,0,0.0,0.0,0.0,0.0,0.0,0
ES,2017-07-15,1244,1386.381832797427,6.095656223360076,1633.0,1627.0,1641.0,131,0,0.0,0.0,0.0,0.0,0.0,0
ES,2017-07-16,1229,1404.6086248982917,214.08519851270012,1456.5,1156.5,1626.5,135,1,65.31,0.0,0.0,0.0,0.0,1
ES,2017-07-17,1292,1425.7647058823527,209.2729817723926,1175.0,1161.2,1640.6,151,0,0.0,0.0,0.0,0.0,0.0,0
ES,2017-07-18,1324,1422.9833836858002,149.8523752731334,1169.5,1162.7,1305.6999999999998,145,0,0.0,0.0,0.0,0.0,0.0,0
ES,2017-07-19,1116,1409.0887096774193,184.4702793151712,1602.0,1175.6,1609.6,144,1,82.89,0.0,0.0,0.0,0.0,1
ES,2017-07-20,1068,1445.4241573033707,4.5,1587.5,1583.9,1591.1,142,1,98.74,0.0,0.0,0.0,0.0,1
ES,2017-07-21,1105,1448.9058823529413,261.4693289852559,1161.0,1107.8,1587.6,126,0,0.0,0.0,0.0,0.0,0.0,0
ES,2017-07-22,970,1460.1288659793813,10.270311092699599,1605.0,1592.4,1615.6,123,0,0.0,0.0,0.0,0.0,0.0,0
ES,2017-07-23,914,1407.5984682713352,181.20068294573286,1617.0,1324.3,1623.4,144,0,0.0,0.0,0.0,0.0,0.0,0
ES,2017-07-24,1016,1387.159448818897,177.81072960360234,1089.0,1063.0,1621.0,132,1,80.56,0.0,0.0,0.0,0.0,1
ES,2017-07-25,965,1356.842487046632,278.8458355435849,1354.5,1059.0,1627.5,135,0,0.0,0.0,0.0,0.0,0.0,0
ES,2017-07-26,852,1376.7136150234742,0.0,1087.0,1087.0,1087.0,125,0,0.0,0.0,0.0,0.0,0.0,0
ES,2017-07-27,1058,1468.2173913043475,12.807212474150052,1650.0,1634.2,1663.8,120,0,0.0,0.0,0.0,0.0,0.0,0
ES,2017-07-28,1009,1420.15460852329,298.44456771735685,1059.0,1049.0,1668.4,135,1,73.95,0.0,0.0,0.0,0.0,1
ES,2017-07-29,941,1371.8267800212543,249.33132736045042,1052.0,1043.6,1659.6,124,0,0.0,0.0,0.0,0.0,0.0,0
ES,2017-07-30,1029,1369.636540330418,312.3600701316599,1052.0,1023.2,1674.8,131,0,0.0,0.0,0.0,0.0,0.0,0
ES,2017-07-31,1109,1382.3047790802523,288.791016041804,1034.0,1019.0,1643.8,134,1,85.87,0.0,0.0,0.0,0.0,1
ES,2017-08-01,1085,1397.7686635944697,7.180219742846006,1632.5,1622.4,1641.9,127,0,0.0,0.0,0.0,0.0,0.0,0
ES,2017-08-02,1050,1409.232380952381,5.981452814975453,1629.0,1623.2,1636.8,137,0,0.0,0.0,0.0,0.0,0.0,0
ES,2017-08-03,896,1350.2098214285718,272.60474489409665,1571.0,1010.0,1618.0,125,0,0.0,0.0,0.0,0.0,0.0,0
ES,2017-08-04,1089,1395.0982552800742,262.51267111195045,1050.0,1023.0,1582.0,128,0,0.0,0.0,0.0,0.0,0.0,0
ES,2017-08-05,1063,1408.217309501411,14.781369655376626,1594.0,1578.8,1615.8,123,0,0.0,0.0,0.0,0.0,0.0,0
ES,2017-08-06,987,1381.6990881458971,276.00724628168734,1603.0,1043.4,1610.4,128,0,0.0,0.0,0.0,0.0,0.0,0
ES,2017-08-07,1230,1370.80406504065,155.74125607229192,1790.0,1394.0,1800.0,136,0,0.0,0.0,0.0,0.0,0.0,0
ES,2017-08-08,1029,1381.3245869776483,3.832427429188973,1036.0,1032.3,1040.4,137,0,0.0,0.0,0.0,0.0,0.0,0
ES,2017-08-09,1015,1328.8817733990152,145.0766081152376,1397.5,1376.6,1753.5,136,0,0.0,0.0,0.0,0.0,0.0,0
ES,2017-08-10,1071,1370.316526610644,5.356071321407137,1030.0,1024.8,1035.9,136,0,0.0,0.0,0.0,0.0,0.0,0
ES,2017-08-11,1177,1345.574341546305,61.54350742186477,1576.0,1555.0,1591.0,129,0,0.0,0.0,0.0,0.0,0.0,0
ES,2017-08-12,1050,1345.9390476190479,12.061186600920418,1544.5,1530.0,1558.0,122,1,78.75,0.0,0.0,0.0,0.0,1
ES,2017-08-13,1332,1350.7650150150157,2.7726341266023544,1522.5,1519.3,1525.0,124,0,0.0,0.0,0.0,0.0,0.0,0
ES,2017-08-14,1202,1293.9226289517474,13.524884297993166,1504.0,1484.2,1516.8,133,0,0.0,0.0,0.0,0.0,0.0,0
ES,2017-08-15,1152,1274.5303819444437,18.09645269106628,1448.0,1428.4,1467.6,130,0,0.0,0.0,0.0,0.0,0.0,0
ES,2017-08-16,883,1361.5900339750847,8.241260058203403,1435.0,1422.8,1442.0,126,1,78.87,0.0,0.0,0.0,0.0,1
ES,2017-08-17,998,1362.9989979959917,10.166612021711067,1459.0,1448.5,1472.6,138,0,0.0,0.0,0.0,0.0,0.0,0
ES,2017-08-18,912,1369.0350877192982,8.254628331359863,1428.0,1420.0,1439.5,126,0,0.0,0.0,0.0,0.0,0.0,0
ES,2017-08-19,1057,1353.2469252601704,0.0,1408.0,1408.0,1408.0,129,0,0.0,0.0,0.0,0.0,0.0,0
ES,2017-08-20,1191,1379.3534844668343,79.44205435410139,1487.0,1466.4,1630.2,131,0,0.0,0.0,0.0,0.0,0.0,0
ES,2017-08-21,1159,1336.560828300259,17.913012953097844,1455.0,1423.0,1469.0,132,2,66.35499999999999,0.0,0.0,0.0,0.0,2
ES,2017-08-22,993,1331.3504531722049,73.538725953582,1558.0,1483.6,1644.8,125,0,0.0,0.0,0.0,0.0,0.0,0
ES,2017-08-23,1079,1341.8785912882302,17.914131287149893,1498.0,1468.0,1513.0,125,0,0.0,0.0,0.0,0.0,0.0,0
ES,2017-08-24,1210,1394.3958677685948,15.626030830193981,1481.0,1469.0,1508.4,139,0,0.0,0.0,0.0,0.0,0.0,0
ES,2017-08-25,1212,1383.7986798679865,12.240914998479484,1495.0,1481.6,1512.2,124,0,0.0,0.0,0.0,0.0,0.0,0
ES,2017-08-26,1268,1370.975552050473,177.3762000002554,1500.5,1102.2,1516.0,121,0,0.0,0.0,0.0,0.0,0.0,0
ES,2017-08-27,1437,1400.3987473903965,112.82453714274428,1495.0,1247.0,1519.6,129,1,91.02,0.0,0.0,0.0,0.0,1
ES,2017-08-28,1165,1395.7304721030046,124.5639895796534,1403.0,1258.5,1523.4,129,0,0.0,0.0,0.0,0.0,0.0,0
ES,2017-08-29,1205,1377.1709543568468,83.39205222921427,1530.5,1401.0,1540.0,141,0,0.0,0.0,0.0,0.0,0.0,0
ES,2017-08-30,1039,1363.138594802695,258.8676061232846,1282.5,1024.9,1552.1,139,0,0.0,0.0,0.0,0.0,0.0,0
ES,2017-08-31,1260,1479.0301587301585,202.02111427334742,1540.5,1082.5,1554.4,136,1,71.65,0.0,0.0,0.0,0.0,1
ES,2017-09-01,900,1363.7188888888886,40.93604768416218,1550.0,1487.2,1557.0,119,0,0.0,0.0,0.0,0.0,0.0,0
ES,2017-09-02,1129,1430.0168290522586,15.856499343441838,1265.0,1248.4,1286.2,121,0,0.0,0.0,0.0,0.0,0.0,0
ES,2017-09-03,1289,1369.3436772692012,0.0,1569.0,1569.0,1569.0,148,0,0.0,0.0,0.0,0.0,0.0,0
ES,2017-09-04,1150,1385.5408695652186,113.4018711265383,1573.5,1311.0,1580.2,141,0,0.0,0.0,0.0,0.0,0.0,0
ES,2017-09-05,1082,1360.3123844731977,113.1165742718546,1534.0,1299.5,1556.5,141,0,0.0,0.0,0.0,0.0,0.0,0
ES,2017-09-06,1089,1352.290174471993,126.90621537182487,1410.5,1280.2,1538.7,146,0,0.0,0.0,0.0,0.0,0.0,0
ES,2017-09-07,940,1337.3063829787238,11.294049564064943,1539.5,1525.0,1551.5,132,0,0.0,0.0,0.0,0.0,0.0,0
ES,2017-09-08,1103,1428.6246600181323,4.496912521077347,1564.0,1556.8,1564.8,131,0,0.0,0.0,0.0,0.0,0.0,0
ES,2017-09-09,1026,1358.2680311890836,2.8284271247461903,1554.0,1554.0,1558.8,134,1,88.36,0.0,0.0,0.0,0.0,1
ES,2017-09-10,1166,1378.3439108061746,4.5,1556.5,1552.9,1560.1,125,0,0.0,0.0,0.0,0.0,0.0,0
ES,2017-09-11,1328,1385.5587349397597,103.68092340228756,1686.0,1572.0,1841.0,139,0,0.0,0.0,0.0,0.0,0.0,0
ES,2017-09-12,1055,1375.331753554503,79.8598252909542,1779.0,1643.2,1808.0,131,0,0.0,0.0,0.0,0.0,0.0,0
ES,2017-09-13,1079,1330.9286376274333,0.0,1567.0,1567.0,1567.0,141,0,0.0,0.0,0.0,0.0,0.0,0
ES,2017-09-14,1118,1368.2236135957069,138.55790191856966,1567.0,1381.8,1728.4,131,0,0.0,0.0,0.0,0.0,0.0,0
ES,2017-09-15,1122,1364.7032085561505,144.48797704378063,1564.5,1418.3,1797.3,127,0,0.0,0.0,0.0,0.0,0.0,0
ES,2017-09-16,1100,1346.789090909091,126.18064651742579,1277.0,1268.2,1486.6,133,0,0.0,0.0,0.0,0.0,0.0,0
ES,2017-09-17,1295,1384.9598455598455,10.059199769365355,1275.5,1269.9,1290.2,146,0,0.0,0.0,0.0,0.0,0.0,0
ES,2017-09-18,1016,1351.2175196850385,4.642796092394706,1285.0,1282.6,1291.4,126,0,0.0,0.0,0.0,0.0,0.0,0
ES,2017-09-19,1059,1361.205854579792,137.3506006539469,1416.0,1277.0,1555.7,133,0,0.0,0.0,0.0,0.0,0.0,0
ES,2017-09-20,999,1373.6166166166165,98.02223918580925,1259.5,1253.0,1351.7,134,1,80.88,0.0,0.0,0.0,0.0,1
ES,2017-09-21,989,1352.675429726998,114.63864847365342,1589.0,1535.8,1718.2,129,1,89.14,0.0,0.0,0.0,0.0,1
ES,2017-09-22,1060,1360.3820754716978,24.0,1579.0,1559.8,1598.2,135,0,0.0,0.0,0.0,0.0,0.0,0
ES,2017-09-23,1271,1406.7136113296615,24.10451693534617,1704.0,1681.2,1743.5,130,1,52.03,0.0,0.0,0.0,0.0,1
ES,2017-09-24,1087,1387.325666973321,74.89297791136428,1679.5,1556.1,1769.6,133,0,0.0,0.0,0.0,0.0,0.0,0
ES,2017-09-25,945,1356.0190476190478,12.690153663372245,1566.0,1560.8,1584.6,140,0,0.0,0.0,0.0,0.0,0.0,0
ES,2017-09-26,972,1371.3189300411518,11.00727032465361,1266.0,1251.1,1275.7,126,0,0.0,0.0,0.0,0.0,0.0,0
ES,2017-09-27,876,1403.6986301369861,11.3758516164725,1282.5,1272.3,1299.6,117,0,0.0,0.0,0.0,0.0,0.0,0
ES,2017-09-28,1014,1397.1459566074952,6.548960901462833,1287.0,1281.4,1294.2,137,0,0.0,0.0,0.0,0.0,0.0,0
ES,2017-09-29,1020,1322.9372549019608,4.5,1291.5,1287.9,1295.1,136,0,0.0,0.0,0.0,0.0,0.0,0
ES,2017-09-30,1105,1362.9348416289592,11.718930554164633,1036.0,1025.8,1052.4,138,0,0.0,0.0,0.0,0.0,0.0,0
ES,2017-10-01,1065,1325.4572769953052,7.226441260205276,1035.0,1024.6,1041.8,136,1,95.05,0.0,0.0,0.0,0.0,1
ES,2017-10-02,898,1366.2906458797338,119.3673135978001,1060.0,1052.0,1309.0,140,0,0.0,0.0,0.0,0.0,0.0,0
ES,2017-10-03,991,1338.8304742684163,0.0,1305.0,1305.0,1305.0,141,0,0.0,0.0,0.0,0.0,0.0,0
ES,2017-10-04,949,1378.685985247629,4.9216076867444665,1062.0,1059.6,1070.0,142,1,88.03,0.0,0.0,0.0,0.0,1
ES,2017-10-05,1064,1395.9971804511272,3.5,1314.5,1311.7,1317.3,145,1,94.3,0.0,0.0,0.0,0.0,1
ES,2017-10-06,1001,1364.454545454545,110.18478797002788,1327.5,1151.3,1333.6,136,0,0.0,0.0,0.0,0.0,0.0,0
ES,2017-10-07,1271,1394.7175452399683,3.559026084010437,1070.0,1069.2,1075.6,140,0,0.0,0.0,0.0,0.0,0.0,0
ES,2017-10-08,1174,1349.2120954003406,172.85976975571847,1555.0,1253.5,1569.7,147,1,42.17,0.0,0.0,0.0,0.0,1
ES,2017-10-09,986,1307.2789046653133,175.94398459249953,1079.0,1066.2,1421.6000000000001,141,0,0.0,0.0,0.0,0.0,0.0,0
ES,2017-10-10,907,1351.183020948181,6.041522986797286,1338.5,1331.7,1343.9,135,0,0.0,0.0,0.0,0.0,0.0,0
ES,2017-10-11,948,1274.53164556962,0.0,1332.0,1332.0,1332.0,137,0,0.0,0.0,0.0,0.0,0.0,0
ES,2017-10-12,1057,1280.041627246925,137.41268832818986,1124.0,1104.6,1216.6000000000001,134,0,0.0,0.0,0.0,0.0,0.0,0
ES,2017-10-13,956,1320.6642259414218,7.84573486395988,1559.5,1551.0,1567.5,133,0,0.0,0.0,0.0,0.0,0.0,0
ES,2017-10-14,1022,1290.113502935421,4.548351349665063,1560.5,1554.1,1563.4,142,0,0.0,0.0,0.0,0.0,0.0,0
ES,2017-10-15,1268,1311.2436908517348,204.52112088703427,1572.5,1123.3,1582.0,149,0,0.0,0.0,0.0,0.0,0.0,0
ES,2017-10-16,925,1273.4324324324325,84.64779973513782,1130.5,1125.6,1267.0,141,0,0.0,0.0,0.0,0.0,0.0,0
ES,2017-10-17,1036,1254.2451737451745,178.15880556402482,1118.0,1106.8,1466.6,135,0,0.0,0.0,0.0,0.0,0.0,0
ES,2017-10-18,996,1378.9909638554218,211.68582590454395,1556.0,1200.0,1562.4,144,0,0.0,0.0,0.0,0.0,0.0,0
ES,2017-10-19,1070,1353.5448598130843,118.98529320886678,1327.0,1322.3,1519.3,151,0,0.0,0.0,0.0,0.0,0.0,0
ES,2017-10-20,974,1356.2258726899388,131.53968032498787,1446.0,1324.0,1596.7,142,1,73.15,0.0,0.0,0.0,0.0,1
ES,2017-10-21,1067,1366.4208059981254,9.086362499431463,1097.0,1089.0,1112.0,143,0,0.0,0.0,0.0,0.0,0.0,0
ES,2017-10-22,1238,1363.5751211631662,224.10544393209193,1538.5,1074.3,1562.6,153,0,0.0,0.0,0.0,0.0,0.0,0
ES,2017-10-23,1090,1348.5577981651381,6.944222218666553,1297.0,1290.6,1304.2,142,0,0.0,0.0,0.0,0.0,0.0,0
ES,2017-10-24,1011,1309.9604352126612,6.944222218666553,1304.0,1297.6,1311.2,140,1,78.94,0.0,0.0,0.0,0.0,1
ES,2017-10-25,984,1322.9715447154472,0.0,1355.0,1355.0,1355.0,135,0,0.0,0.0,0.0,0.0,0.0,0
ES,2017-10-26,921,1307.615635179153,253.010361557695,1487.5,1359.0,1710.0,123,0,0.0,0.0,0.0,0.0,0.0,0
ES,2017-10-27,970,1307.7257731958766,264.9494710736789,1067.0,1060.6,1513.4,139,0,0.0,0.0,0.0,0.0,0.0,0
ES,2017-10-28,958,1296.7411273486427,89.95261098057256,1081.0,1075.0,1204.5,148,0,0.0,0.0,0.0,0.0,0.0,0
ES,2017-10-29,1037,1268.7299903567987,198.24653212603747,1099.0,1090.1,1418.0,143,4,20.6725,0.0,0.0,0.0,0.0,3
ES,2017-10-30,1066,1311.2879924953093,581.5410520709243,1538.0,364.0,1680.0,125,1,26.57,0.0,0.0,0.0,0.0,1
ES,2017-10-31,1098,1359.8078324225864,577.2791889898823,1540.0,371.4,1628.6,147,1,72.54,0.0,0.0,0.0,0.0,1
ES,2017-11-01,1172,1311.223549488054,168.43470544991612,1101.5,1097.1,1258.8999999999999,149,0,0.0,0.0,0.0,0.0,0.0,0
ES,2017-11-02,1149,1382.0200174064412,4.5,1094.0,1091.0,1101.5,136,0,0.0,0.0,0.0,0.0,0.0,0
ES,2017-11-03,925,1281.5145945945944,5.527707983925667,1106.5,1099.0,1111.5,136,1,77.82,0.0,0.0,0.0,0.0,1
ES,2017-11-04,1169,1377.0521813515827,4.949747468305833,1106.0,1101.1,1110.9,144,0,0.0,0.0,0.0,0.0,0.0,0
ES,2017-11-05,1463,1355.5898838004105,183.4640736671096,1121.5,1107.1,1561.2,167,0,0.0,0.0,0.0,0.0,0.0,0
ES,2017-11-06,1329,1408.9533483822422,237.199140172905,1106.0,1088.4,1574.2,158,0,0.0,0.0,0.0,0.0,0.0,0
ES,2017-11-07,1212,1364.9702970297024,354.3191666190927,1660.0,1621.0,1690.8,136,0,0.0,0.0,0.0,0.0,0.0,0
ES,2017-11-08,1241,1375.1861402095085,3.299831645537222,1078.0,1078.0,1083.6,159,2,68.945,0.0,0.0,0.0,0.0,2
ES,2017-11-09,1183,1366.4404057480986,474.2687695647891,1638.0,380.2,1696.6,147,1,67.98,0.0,0.0,0.0,0.0,1
ES,2017-11-10,1193,1281.2514668901931,104.4920812373948,1518.0,1322.0,1553.0,146,0,0.0,0.0,0.0,0.0,0.0,0
ES,2017-11-11,1213,1282.3404781533393,90.17058036862046,1096.0,1087.2,1329.4,155,0,0.0,0.0,0.0,0.0,0.0,0
ES,2017-11-12,1092,1340.837912087912,213.88948094558458,1328.0,1072.8,1525.8,149,3,77.25999999999999,0.0,0.0,0.0,0.0,3
ES,2017-11-13,1210,1292.1950413223142,211.9156016489164,1499.0,1142.2,1504.6,141,0,0.0,0.0,0.0,0.0,0.0,0
ES,2017-11-14,1356,1346.1135693215347,4.0,1317.0,1313.8,1320.2,150,0,0.0,0.0,0.0,0.0,0.0,0
ES,2017-11-15,1314,1347.8546423135465,0.0,1507.0,1507.0,1507.0,154,0,0.0,0.0,0.0,0.0,0.0,0
ES,2017-11-16,1055,1318.4454976303323,0.0,1320.0,1320.0,1320.0,149,0,0.0,0.0,0.0,0.0,0.0,0
ES,2017-11-17,1077,1346.9647168059423,221.34287128043374,1045.0,1039.4,1417.8,150,4,82.5575,0.0,0.0,0.0,0.0,4
ES,2017-11-18,1014,1315.460552268245,158.83698627403123,1749.0,1439.2,1803.6,132,0,0.0,0.0,0.0,0.0,0.0,0
ES,2017-11-19,1283,1316.2634450506628,217.03180770466702,1042.0,1033.5,1498.0,150,0,0.0,0.0,0.0,0.0,0.0,0
ES,2017-11-20,1259,1361.7307386814928,0.0,1029.0,1029.0,1029.0,151,0,0.0,0.0,0.0,0.0,0.0,0
ES,2017-11-21,1449,1356.15734989648,169.1557467739913,1048.5,1039.5,1278.0,154,0,0.0,0.0,0.0,0.0,0.0,0
ES,2017-11-22,1255,1333.599203187252,0.0,1511.0,1511.0,1511.0,148,0,0.0,0.0,0.0,0.0,0.0,0
ES,2017-11-23,1218,1360.9343185550076,162.3789292570519,1256.5,1051.0,1426.0,159,1,53.69,0.0,0.0,0.0,0.0,1
ES,2017-11-24,1171,1375.3202391118705,166.8042765239149,1177.5,1052.5,1397.0,147,0,0.0,0.0,0.0,0.0,0.0,0
ES,2017-11-25,1233,1346.3033252230327,122.11399178480481,1110.0,1072.6,1263.2,144,4,52.03999999999999,0.0,0.0,0.0,0.0,4
ES,2017-11-26,1292,1273.4473684210527,73.50265301334368,1312.0,1306.2,1459.2,144,0,0.0,0.0,0.0,0.0,0.0,0
ES,2017-11-27,1195,1298.1062761506278,4.0,1308.0,1304.8,1311.2,147,0,0.0,0.0,0.0,0.0,0.0,0
ES,2017-11-28,1183,1308.5004226542678,0.0,1462.0,1462.0,1462.0,157,0,0.0,0.0,0.0,0.0,0.0,0
ES,2017-11-29,1337,1289.9872849663411,499.8003646055324,1585.0,584.0,1809.0,158,0,0.0,0.0,0.0,0.0,0.0,0
ES,2017-11-30,1219,1358.2469237079576,100.46226488919442,1319.0,1151.8,1325.4,161,0,0.0,0.0,0.0,0.0,0.0,0
ES,2017-12-01,1285,1291.411673151751,3.5,1456.5,1453.7,1459.3,145,0,0.0,0.0,0.0,0.0,0.0,0
ES,2017-12-02,1179,1285.1391009329946,98.97864045611377,1117.0,1101.2,1338.8,141,0,0.0,0.0,0.0,0.0,0.0,0
ES,2017-12-03,1299,1327.2363356428023,177.13298205961908,1313.5,1121.3,1522.5,163,5,32.662,0.0,0.0,0.0,0.0,5
ES,2017-12-04,1378,1359.0878084179972,172.19381521994336,1317.5,1113.0,1544.3,149,16,76.97749999999998,0.0,0.0,0.0,0.0,11
ES,2017-12-05,1225,1326.8979591836737,169.93363410461157,1516.0,1260.4,1530.0,154,1,79.18,0.0,0.0,0.0,0.0,1
ES,2017-12-06,1320,1308.5545454545452,170.11664665572195,1507.0,1098.4,1515.0,151,1,80.07,0.0,0.0,0.0,0.0,1
ES,2017-12-07,1323,1297.0952380952385,204.04181367649883,1103.0,1082.4,1504.2,152,0,0.0,0.0,0.0,0.0,0.0,0
ES,2017-12-08,1420,1330.217605633803,151.8066204089927,1508.0,1207.6,1525.8,158,0,0.0,0.0,0.0,0.0,0.0,0
ES,2017-12-09,1524,1364.8674540682414,188.02724735179174,1318.0,1058.2,1504.6,156,0,0.0,0.0,0.0,0.0,0.0,0
ES,2017-12-10,1596,1329.39536340852,210.89651168916777,1482.5,1055.7,1537.6000000000001,169,0,0.0,0.0,0.0,0.0,0.0,0
ES,2017-12-11,1500,1317.9113333333337,5.122977450583174,1564.0,1558.8,1571.4,164,0,0.0,0.0,0.0,0.0,0.0,0
ES,2017-12-12,1509,1323.5685884691852,213.39309166476767,1583.0,1038.0,1607.0,155,0,0.0,0.0,0.0,0.0,0.0,0
ES,2017-12-13,1363,1329.8576669112256,74.79081940095767,1233.0,1150.0,1319.0,151,1,49.8,0.0,0.0,0.0,0.0,1
ES,2017-12-14,1266,1298.7243285939965,6.568020165079344,1613.5,1607.5,1621.5,166,1,87.82,0.0,0.0,0.0,0.0,1
ES,2017-12-15,1218,1289.834975369459,146.61159572148446,1310.0,1301.8,1627.5,151,0,0.0,0.0,0.0,0.0,0.0,0
ES,2017-12-16,1248,1361.1113782051289,120.5753215349862,1298.0,1286.6,1438.8000000000002,150,2,64.605,0.0,0.0,0.0,0.0,2
ES,2017-12-17,1352,1329.2647928994077,230.20081064831308,1620.0,1053.0,1627.0,169,1,80.16,0.0,0.0,0.0,0.0,1
ES,2017-12-18,1313,1310.302361005332,256.36204867335573,1044.5,1039.1,1457.3000000000002,164,0,0.0,0.0,0.0,0.0,0.0,0
ES,2017-12-19,1416,1347.5127118644068,174.46394087795525,1475.0,1296.5,1653.5,158,0,0.0,0.0,0.0,0.0,0.0,0
ES,2017-12-20,1439,1330.8839471855463,166.19355456170575,1637.0,1284.6,1667.4,160,0,0.0,0.0,0.0,0.0,0.0,0
ES,2017-12-21,1193,1313.2816429170161,141.8290674544538,1598.0,1275.6,1608.1,153,1,98.45,0.0,0.0,0.0,0.0,1
ES,2017-12-22,1339,1307.7677371172524,134.43058514423802,1042.0,1032.8,1052.0,164,1,42.21,0.0,0.0,0.0,0.0,1
ES,2017-12-23,1138,1309.6388400702988,4.264680527307995,1583.0,1579.0,1587.7,151,1,94.5,0.0,0.0,0.0,0.0,1
ES,2017-12-24,1350,1312.791111111111,120.85839798271759,1544.0,1257.6,1564.4,149,1,76.78,0.0,0.0,0.0,0.0,1
ES,2017-12-25,1345,1317.279553903346,8.048407265051406,1585.5,1574.0,1594.0,166,0,0.0,0.0,0.0,0.0,0.0,0
ES,2017-12-26,1292,1272.2190402476783,111.79997484346765,1574.5,1469.4,1579.0,176,0,0.0,0.0,0.0,0.0,0.0,0
ES,2017-12-27,1525,1285.1278688524596,8.894345113610107,1605.0,1593.3,1613.6,167,0,0.0,0.0,0.0,0.0,0.0,0
ES,2017-12-28,1389,1292.4499640028803,287.8074137996041,1608.0,1040.0,1636.0,169,2,79.87,0.0,0.0,0.0,0.0,2
ES,2017-12-29,1504,1342.8636968085098,12.219729919599635,1687.0,1665.4,1695.2,159,0,0.0,0.0,0.0,0.0,0.0,0
ES,2017-12-30,1607,1334.2787803360293,15.204392579745114,1699.0,1687.0,1725.0,164,0,0.0,0.0,0.0,0.0,0.0,0
ES,2017-12-31,1653,1349.5063520871138,324.78027219431226,1070.5,1047.6,1722.8,160,0,0.0,0.0,0.0,0.0,0.0,0
ES,2018-01-01,1490,1382.2684563758387,63.003093329822306,1707.0,1661.2,1741.4,161,0,0.0,0.0,0.0,0.0,0.0,0
ES,2018-01-02,1709,1300.9771796372145,268.3506723176473,1615.5,1033.4,1641.0,180,1,71.6,0.0,0.0,0.0,0.0,1
ES,2018-01-03,1670,1276.2245508982037,273.8544807812918,1048.0,1040.0,1609.0,173,1,97.22,0.0,0.0,0.0,0.0,1
ES,2018-01-04,1619,1326.5768993205686,244.78192567208484,1256.0,1068.7,1611.3,171,0,0.0,0.0,0.0,0.0,0.0,0
ES,2018-01-05,1617,1368.5485466914038,237.61928178690187,1119.0,1092.4,1620.4,167,1,90.41,0.0,0.0,0.0,0.0,1
ES,2018-01-06,1516,1363.3812664907653,154.8405118855624,1557.0,1212.0,1613.0,166,0,0.0,0.0,0.0,0.0,0.0,0
ES,2018-01-07,1557,1335.1824020552338,204.5981735738562,1131.0,1119.3,1553.7,166,0,0.0,0.0,0.0,0.0,0.0,0
ES,2018-01-08,1532,1303.0620104438647,201.97979635208748,1545.0,1130.6,1558.2,161,1,64.59,0.0,0.0,0.0,0.0,1
ES,2018-01-09,1307,1316.700076511094,96.16602477480107,1545.0,1536.1,1553.9,165,2,81.68,0.0,0.0,0.0,0.0,2
ES,2018-01-10,1543,1318.8878807517817,168.33184302145568,1272.0,1132.6,1545.2,150,1,91.6,0.0,0.0,0.0,0.0,1
ES,2018-01-11,1133,1332.8005295675196,190.70420728068956,1558.0,1130.2,1587.0,157,1,84.25,0.0,0.0,0.0,0.0,1
ES,2018-01-12,1256,1346.300159235669,7.0710678118654755,1590.0,1582.5,1597.5,154,1,82.6,0.0,0.0,0.0,0.0,1
ES,2018-01-13,1144,1376.6284965034965,202.94496613559647,1561.0,1112.8,1574.0,152,0,0.0,0.0,0.0,0.0,0.0,0
ES,2018-01-14,1370,1371.7846715328467,177.49179949757928,1578.0,1109.9,1606.0,154,0,0.0,0.0,0.0,0.0,0.0,0
ES,2018-01-15,1353,1343.0606060606067,0.0,1585.0,1585.0,1585.0,147,0,0.0,0.0,0.0,0.0,0.0,0
ES,2018-01-16,1178,1333.5152801358233,146.88846864959217,1564.0,1318.4,1571.2,156,1,37.98,0.0,0.0,0.0,0.0,1
ES,2018-01-17,1401,1316.9892933618853,8.949535341317155,1578.0,1564.2,1586.4,162,0,0.0,0.0,0.0,0.0,0.0,0
ES,2018-01-18,1291,1327.6250968241668,11.26422003785546,1576.0,1562.0,1586.7,169,2,89.65,0.0,0.0,0.0,0.0,2
ES,2018-01-19,1375,1309.3054545454543,4.5,1554.5,1550.9,1558.1,160,1,90.52,0.0,0.0,0.0,0.0,1
ES,2018-01-20,1495,1328.280267558528,222.84002910480103,1558.5,1120.4,1583.0,168,0,0.0,0.0,0.0,0.0,0.0,0
ES,2018-01-21,1185,1303.3696202531655,185.15338986304783,1582.0,1142.6,1592.2,148,1,90.81,0.0,0.0,0.0,0.0,1
ES,2018-01-22,1484,1364.657681940701,19.454362549881253,1583.0,1566.5,1616.5,171,0,0.0,0.0,0.0,0.0,0.0,0
ES,2018-01-23,1191,1332.9269521410577,163.49575597617886,1619.0,1323.2,1633.0,164,0,0.0,0.0,0.0,0.0,0.0,0
ES,2018-01-24,1303,1320.9409056024554,217.5406103691063,1136.0,1125.6,1608.6,162,0,0.0,0.0,0.0,0.0,0.0,0
ES,2018-01-25,1360,1320.9095588235293,237.44406413669304,1610.5,1119.0,1618.0,165,0,0.0,0.0,0.0,0.0,0.0,0
ES,2018-01-26,1378,1324.9535558780838,134.2994284572051,1605.0,1257.8,1615.4,161,0,0.0,0.0,0.0,0.0,0.0,0
ES,2018-01-27,1260,1328.5261904761905,181.83287271557916,1569.0,1125.4,1598.2,165,1,47.02,0.0,0.0,0.0,0.0,1
ES,2018-01-28,1608,1290.7344527363182,165.00504669711958,1126.0,1109.6,1527.6,161,0,0.0,0.0,0.0,0.0,0.0,0
ES,2018-01-29,1346,1288.294947994056,266.24795460873185,1510.0,921.2,1566.0,146,0,0.0,0.0,0.0,0.0,0.0,0
ES,2018-01-30,1443,1303.768537768537,128.06310835764617,1271.5,1103.3,1478.5,154,0,0.0,0.0,0.0,0.0,0.0,0
ES,2018-01-31,1340,1266.5507462686564,119.44899422859207,1349.0,1328.0,1540.6,161,1,78.8,0.0,0.0,0.0,0.0,1
ES,2018-02-01,1352,1319.3165680473373,201.70430089613856,1103.5,1005.0,1475.0,147,1,88.87,0.0,0.0,0.0,0.0,1
ES,2018-02-02,1582,1356.0297092288242,198.07469129935134,1495.0,1080.5,1506.0,159,0,0.0,0.0,0.0,0.0,0.0,0
ES,2018-02-03,1688,1375.7890995260652,212.66887407422837,1082.0,1066.4,1514.4,147,0,0.0,0.0,0.0,0.0,0.0,0
ES,2018-02-04,1652,1309.5575060532685,214.95427420732995,1070.5,1059.3,1541.2,170,0,0.0,0.0,0.0,0.0,0.0,0
ES,2018-02-05,1527,1366.6470203012436,204.71403648673893,1344.0,1057.0,1597.2,170,0,0.0,0.0,0.0,0.0,0.0,0
ES,2018-02-06,1373,1360.3561544064091,225.09617944336594,1050.0,1042.9,1610.2,163,2,54.69,0.0,0.0,0.0,0.0,1
ES,2018-02-07,1403,1337.7412687099072,245.30877493829772,1341.0,1055.2,1616.4,174,1,69.85,0.0,0.0,0.0,0.0,1
ES,2018-02-08,1424,1339.8005617977528,200.9437202259002,1632.0,1204.8,1642.8,156,1,42.2,0.0,0.0,0.0,0.0,1
ES,2018-02-09,1407,1372.7249466950962,212.32537843256188,1495.5,1132.8,1642.5,156,1,13.6,0.0,0.0,0.0,0.0,1
ES,2018-02-10,1135,1349.1286343612335,152.82002219497767,1635.5,1339.0,1662.8,146,1,72.15,0.0,0.0,0.0,0.0,1
ES,2018-02-11,1442,1395.3633841886278,2.0615528128088303,1658.5,1655.2,1659.0,158,0,0.0,0.0,0.0,0.0,0.0,0
ES,2018-02-12,1444,1337.5574792243765,20.755855934062453,1659.0,1634.0,1669.5,151,0,0.0,0.0,0.0,0.0,0.0,0
ES,2018-02-13,1403,1336.5495367070569,291.04642612591005,1070.0,1048.4,1659.0,167,0,0.0,0.0,0.0,0.0,0.0,0
ES,2018-02-14,1338,1358.9260089686097,254.4395437131553,1670.5,1070.8,1688.7,149,1,80.77,0.0,0.0,0.0,0.0,1
ES,2018-02-15,1510,1369.5350993377485,252.19392369351206,1673.0,1093.0,1684.0,171,1,98.7,0.0,0.0,0.0,0.0,1
ES,2018-02-16,1426,1336.397615708275,245.03685789773556,1670.0,1076.4,1677.2,150,0,0.0,0.0,0.0,0.0,0.0,0
ES,2018-02-17,1298,1325.231895223421,299.54951053667224,1111.0,1064.6,1678.6,152,1,94.47,0.0,0.0,0.0,0.0,1
ES,2018-02-18,1518,1309.389328063241,249.57424867161274,1303.0,1113.0,1653.0,157,0,0.0,0.0,0.0,0.0,0.0,0
ES,2018-02-19,1560,1318.5743589743597,272.97664735284593,1402.5,1109.5,1662.5,163,0,0.0,0.0,0.0,0.0,0.0,0
ES,2018-02-20,1438,1374.1432545201665,222.24083255405833,1673.0,1236.1000000000001,1685.3,167,0,0.0,0.0,0.0,0.0,0.0,0
ES,2018-02-21,1445,1355.0664359861591,262.55904097935763,1493.0,1137.1,1694.6,163,0,0.0,0.0,0.0,0.0,0.0,0
ES,2018-02-22,1373,1357.0713765477062,139.29511437551886,1675.0,1668.6,1680.4,165,0,0.0,0.0,0.0,0.0,0.0,0
ES,2018-02-23,1397,1327.522548317824,204.7293606474438,1598.5,1145.6,1667.3,164,1,79.4,0.0,0.0,0.0,0.0,1
ES,2018-02-24,1522,1410.134691195795,352.95194468241993,1159.5,1136.6,1940.0,150,0,0.0,0.0,0.0,0.0,0.0,0
ES,2018-02-25,1586,1409.759142496847,267.9161629100696,1624.0,1143.8,1754.0,162,0,0.0,0.0,0.0,0.0,0.0,0
ES,2018-02-26,1459,1344.568197395476,228.08320985395648,1186.0,1140.0,1618.6,159,0,0.0,0.0,0.0,0.0,0.0,0
ES,2018-02-27,1576,1334.2899746192888,150.04985397422402,1622.0,1306.0,1637.0,161,0,0.0,0.0,0.0,0.0,0.0,0
ES,2018-02-28,1492,1388.2077747989274,197.05920576951587,1633.0,1180.0,1640.0,164,0,0.0,0.0,0.0,0.0,0.0,0
ES,2018-03-01,1409,1340.9531582682753,214.0163545152566,1316.5,1149.8,1638.3,162,0,0.0,0.0,0.0,0.0,0.0,0
ES,2018-03-02,1313,1361.3343488194976,189.13465670613343,1651.0,1176.0,1656.0,147,0,0.0,0.0,0.0,0.0,0.0,0
ES,2018-03-03,1285,1331.1813229571985,212.90499694208236,1646.0,1185.2,1650.0,163,0,0.0,0.0,0.0,0.0,0.0,0
ES,2018-03-04,1496,1370.1049465240649,166.71018098617867,1610.0,1212.4,1640.6,158,0,0.0,0.0,0.0,0.0,0.0,0
ES,2018-03-05,1452,1322.0847107438015,104.88690830418706,1617.0,1358.0,1629.0,165,1,83.45,0.0,0.0,0.0,0.0,1
ES,2018-03-06,1452,1295.2534435261707,199.35764127768584,1636.0,1138.1,1645.0,157,1,83.21,0.0,0.0,0.0,0.0,1
ES,2018-03-07,1279,1299.1821735731032,102.0501416214533,1644.0,1634.0,1653.8,148,0,0.0,0.0,0.0,0.0,0.0,0
ES,2018-03-08,1383,1295.7874186550978,114.69870121536466,1638.0,1416.2,1655.6,166,0,0.0,0.0,0.0,0.0,0.0,0
ES,2018-03-09,1473,1332.2851323828918,131.10966326572918,1661.0,1651.1,1667.6,174,0,0.0,0.0,0.0,0.0,0.0,0
ES,2018-03-10,1318,1282.0728376327766,230.51424321835432,1650.0,1126.4,1655.2,140,0,0.0,0.0,0.0,0.0,0.0,0
ES,2018-03-11,1613,1308.4073155610663,131.53529731131303,1629.0,1616.5,1646.2,172,1,50.36,0.0,0.0,0.0,0.0,1
ES,2018-03-12,1845,1268.80433604336,43.903258350035934,1641.0,1623.5,1650.5,176,0,0.0,0.0,0.0,0.0,0.0,0
ES,2018-03-13,1558,1246.185494223363,13.11834246735879,1647.5,1627.0,1661.0,167,0,0.0,0.0,0.0,0.0,0.0,0
ES,2018-03-14,1866,1311.97374062165,4.017323597731316,1670.0,1663.5,1673.0,166,0,0.0,0.0,0.0,0.0,0.0,0
ES,2018-03-15,1522,1261.0387647831806,234.75309461666052,1675.0,1246.6000000000001,1680.6,179,0,0.0,0.0,0.0,0.0,0.0,0
ES,2018-03-16,1624,1285.1114532019708,4.222953153106642,1653.5,1648.2,1659.8,158,3,40.330000000000005,0.0,0.0,0.0,0.0,3
ES,2018-03-17,1755,1319.1350427350428,239.04785301913475,1549.0,1121.5,1644.8,165,0,0.0,0.0,0.0,0.0,0.0,0
ES,2018-03-18,1969,1279.8776028440832,251.87827064504887,1135.5,1114.1,1635.0,176,0,0.0,0.0,0.0,0.0,0.0,0
ES,2018-03-19,1795,1325.2551532033428,71.91121068527649,1666.5,1614.5,1773.0,157,1,87.92,0.0,0.0,0.0,0.0,1
ES,2018-03-20,1615,1362.8959752321987,107.88160176786401,1629.0,1606.7,1838.1,148,0,0.0,0.0,0.0,0.0,0.0,0
ES,2018-03-21,1751,1302.839520274129,1.8856180831641267,1639.0,1635.8,1639.0,165,1,67.42,0.0,0.0,0.0,0.0,1
ES,2018-03-22,1527,1287.1689587426326,217.10780967161952,1458.0,1132.0,1629.1,154,0,0.0,0.0,0.0,0.0,0.0,0
ES,2018-03-23,1497,1261.417501670007,32.813013844373096,1586.0,1524.2,1598.4,163,2,77.465,0.0,0.0,0.0,0.0,2
ES,2018-03-24,1431,1343.013277428372,199.87736094233804,1131.0,1118.0,1591.0,166,0,0.0,0.0,0.0,0.0,0.0,0
ES,2018-03-25,1575,1320.7479365079369,185.82727942306474,1604.5,1160.4,1620.2,174,3,80.04666666666667,0.0,0.0,0.0,0.0,2
ES,2018-03-26,1441,1309.4781401804305,132.50866952769545,1639.0,1435.3,1674.0000000000002,167,2,53.71,0.0,53.71,53.71,53.71,2
ES,2018-03-27,1477,1303.0744752877447,229.54563816374292,1629.0,1205.4,1637.8,157,0,0.0,0.0,0.0,0.0,0.0,0
ES,2018-03-28,1522,1242.3968462549278,149.18156888794195,1645.0,1311.0,1654.0,165,1,72.0,0.0,0.0,0.0,0.0,1
ES,2018-03-29,1415,1316.5689045936388,225.7144344457389,1625.0,1460.2,1641.6,160,1,98.47,0.0,0.0,0.0,0.0,1
ES,2018-03-30,1532,1295.46409921671,123.80057888933045,1640.0,1336.1,1650.7,157,1,81.4,0.0,0.0,0.0,0.0,1
ES,2018-03-31,1633,1255.8946723821189,248.88110726922514,1397.5,1148.0,1648.9,150,1,96.0,0.0,0.0,0.0,0.0,1
ES,2018-04-01,1483,1323.3600809170605,192.91282493575008,1466.0,1141.0,1534.6,157,1,88.33,0.0,0.0,0.0,0.0,1
ES,2018-04-02,1616,1342.631188118812,290.61327634657175,1655.0,1135.2,1849.1,171,0,0.0,0.0,0.0,0.0,0.0,0
ES,2018-04-03,1368,1303.9086257309941,240.61672461253667,1668.0,1123.8,1676.6,171,1,95.85,0.0,0.0,0.0,0.0,1
ES,2018-04-04,1443,1304.6278586278593,63.92366052566139,1857.5,1779.2,1874.3,163,1,72.82,0.0,0.0,0.0,0.0,1
ES,2018-04-05,1704,1334.6960093896712,94.04254356406997,1570.0,1472.4,1662.0,172,0,0.0,0.0,0.0,0.0,0.0,0
ES,2018-04-06,1711,1341.6440677966107,267.29665168123597,1299.5,1041.7,1611.9,177,1,41.9,0.0,0.0,0.0,0.0,1
ES,2018-04-07,1646,1337.1931956257595,4.394658051610127,1658.0,1651.4,1662.2,169,1,80.9,0.0,0.0,0.0,0.0,1
ES,2018-04-08,1587,1305.203528670447,45.445461168618394,1667.0,1655.2,1668.0,166,0,0.0,0.0,0.0,0.0,0.0,0
ES,2018-04-09,1590,1313.0006289308171,43.036156039353685,1675.0,1669.2,1685.6,169,3,35.333333333333336,0.0,6.6,6.6,6.6,3
ES,2018-04-10,1587,1356.7366099558917,230.78985936057387,1688.0,1164.9,1692.4,169,0,0.0,0.0,0.0,0.0,0.0,0
ES,2018-04-11,1442,1328.4500693481282,4.645039169790594,1684.5,1682.2,1694.0,157,0,0.0,0.0,0.0,0.0,0.0,0
ES,2018-04-12,1556,1324.8451156812337,146.67910977939135,1689.0,1311.4,1694.4,175,3,37.46333333333333,0.0,0.0,0.0,0.0,3
ES,2018-04-13,1573,1285.5696122059755,247.30708317480466,1314.0,1086.0,1694.0,167,0,0.0,0.0,0.0,0.0,0.0,0
ES,2018-04-14,1354,1301.2968980797648,295.2972555507458,1081.0,1069.8,1701.0,173,0,0.0,0.0,0.0,0.0,0.0,0
ES,2018-04-15,1500,1307.0933333333335,337.62249720254715,1090.0,1077.5,1714.0,175,1,74.3,0.0,0.0,0.0,0.0,1
ES,2018-04-16,1631,1345.8228080931938,315.65401252209955,1094.0,1073.2,1713.0,168,0,0.0,0.0,0.0,0.0,0.0,0
ES,2018-04-17,1587,1301.507246376812,308.45258954983666,1394.5,1079.0,1706.0,167,1,32.04,0.0,0.0,0.0,0.0,1
ES,2018-04-18,1444,1364.0664819944589,286.92662631566435,1676.5,1075.0,1690.5,163,1,96.62,0.0,0.0,0.0,0.0,1
ES,2018-04-19,1361,1287.0396767083025,191.49872688008716,1090.5,1071.0,1477.5000000000005,159,1,100.0,0.0,0.0,0.0,0.0,1
ES,2018-04-20,1556,1317.1863753213365,181.25741207770395,1320.0,1306.0,1692.0,165,0,0.0,0.0,0.0,0.0,0.0,0
ES,2018-04-21,1585,1284.697160883281,256.09975270064854,1088.5,1057.0,1693.0,172,0,0.0,0.0,0.0,0.0,0.0,0
ES,2018-04-22,1724,1281.5330626450113,269.07624693879364,1105.0,1086.8,1697.8,168,2,97.645,0.0,0.0,0.0,0.0,2
ES,2018-04-23,1550,1273.6651612903229,63.331271896275695,1699.0,1690.6,1722.5,184,0,0.0,0.0,0.0,0.0,0.0,0
ES,2018-04-24,1412,1276.0871104815858,283.7044628168937,1701.0,1102.5,1707.5,175,1,89.11,0.0,0.0,0.0,0.0,1
ES,2018-04-25,1458,1327.9149519890257,226.41879829692192,1711.5,1406.0,1719.0,162,0,0.0,0.0,0.0,0.0,0.0,0
ES,2018-04-26,1376,1313.6874999999998,240.58212734947705,1595.0,1114.1,1714.1,168,0,0.0,0.0,0.0,0.0,0.0,0
ES,2018-04-27,1691,1310.1235955056177,239.4473172776828,1357.0,1106.0,1693.8,165,1,28.99,0.0,0.0,0.0,0.0,1
ES,2018-04-28,1829,1348.3389830508465,248.66633768968407,1105.0,1093.7,1707.5,176,1,82.66,0.0,0.0,0.0,0.0,1
ES,2018-04-29,2031,1347.3978335795173,260.2753709017835,1079.0,1061.8,1712.4,183,0,0.0,0.0,0.0,0.0,0.0,0
ES,2018-04-30,2200,1348.7968181818185,3.299831645537222,1702.0,1698.0,1704.4,182,3,81.33666666666666,0.0,0.0,0.0,0.0,3
ES,2018-05-01,1827,1302.466338259441,305.54867952935126,1134.0,1100.5,1745.0,180,0,0.0,0.0,0.0,0.0,0.0,0
ES,2018-05-02,1726,1286.7213209733488,118.75716949356132,1739.0,1480.6,1746.0,179,1,68.32,0.0,0.0,0.0,0.0,1
ES,2018-05-03,1779,1318.6340640809444,249.70094112758164,1744.5,1126.1,1747.7,173,1,81.3,0.0,0.0,0.0,0.0,1
ES,2018-05-04,1677,1308.7889087656526,303.66323349230146,1427.0,1118.6,1731.2,161,3,66.43666666666667,0.0,73.43,73.43,73.43,3
ES,2018-05-05,1611,1375.3066418373678,275.75169990409853,1148.0,1130.0,1715.4,183,2,92.02,0.0,92.02,92.02,92.02,2
ES,2018-05-06,1761,1307.0357751277684,226.1361583873254,1487.0,1163.4,1705.0,183,1,79.91,0.0,0.0,0.0,0.0,1
ES,2018-05-07,1438,1277.0799721835886,113.69779021599321,1482.5,1442.7,1660.2,162,1,54.58,0.0,0.0,0.0,0.0,1
ES,2018-05-08,1642,1270.1260657734465,200.20764730852898,1727.0,1343.2,1737.0,168,1,70.46,0.0,0.0,0.0,0.0,1
ES,2018-05-09,1708,1307.5251756440275,5.80640040940045,1741.0,1729.0,1742.8,179,1,67.43,0.0,0.0,0.0,0.0,1
ES,2018-05-10,1849,1389.1957815035155,273.047344010166,1722.0,1164.4,1741.4,175,1,82.51,0.0,0.0,0.0,0.0,1
ES,2018-05-11,1691,1288.3341218214075,244.00770025855155,1742.0,1168.6,1745.6,180,0,0.0,0.0,0.0,0.0,0.0,0
ES,2018-05-12,1672,1258.3415071770341,4.450684638344982,1744.0,1741.5,1753.0,164,0,0.0,0.0,0.0,0.0,0.0,0
ES,2018-05-13,1776,1304.2849099099094,227.7142458823729,1745.0,1594.2,1747.2,168,1,71.91,0.0,0.0,0.0,0.0,1
ES,2018-05-14,1735,1286.6040345821332,1.1873172373979173,1740.0,1738.2,1740.0,176,0,0.0,0.0,0.0,0.0,0.0,0
ES,2018-05-15,1556,1298.7107969151673,270.61863284785926,1731.0,1159.6,1739.6,177,0,0.0,0.0,0.0,0.0,0.0,0
ES,2018-05-16,1718,1320.6315483119906,1.9309052441091963,1732.0,1730.0,1732.2,177,0,0.0,0.0,0.0,0.0,0.0,0
ES,2018-05-17,1482,1342.1983805668015,293.2786908940784,1457.0,1146.6,1733.8,173,1,84.06,0.0,0.0,0.0,0.0,1
ES,2018-05-18,1411,1346.5209071580437,289.0319874960527,1619.0,1133.6,1731.0,166,0,0.0,0.0,0.0,0.0,0.0,0
ES,2018-05-19,1482,1388.8373819163287,295.89598141607433,1718.0,1116.3,1726.0,157,0,0.0,0.0,0.0,0.0,0.0,0
ES,2018-05-20,1694,1376.8394332939786,334.23307476054623,1122.5,1092.0,1856.3999999999999,169,0,0.0,0.0,0.0,0.0,0.0,0
ES,2018-05-21,1417,1362.1813690896258,210.23662858788427,1461.0,1035.8,1474.2,177,1,50.18,0.0,0.0,0.0,0.0,1
ES,2018-05-22,1436,1331.6434540389962,222.2161665841575,1732.0,1582.4,1734.0,169,1,91.69,0.0,0.0,0.0,0.0,1
ES,2018-05-23,1501,1353.8754163890737,119.03034160340052,1722.0,1520.4,1722.8,170,0,0.0,0.0,0.0,0.0,0.0,0
ES,2018-05-24,1523,1364.4064346684181,336.1285865062159,1082.0,1072.6,1731.0,180,0,0.0,0.0,0.0,0.0,0.0,0
ES,2018-05-25,1681,1331.577037477692,250.93895672055385,1378.0,1061.6,1722.0,184,0,0.0,0.0,0.0,0.0,0.0,0
ES,2018-05-26,1611,1387.1806331471137,338.88546446357265,1477.0,1062.6,1768.0,160,0,0.0,0.0,0.0,0.0,0.0,0
ES,2018-05-27,1871,1325.4810261892035,313.0621144437634,1563.5,1074.9,1741.3000000000004,181,0,0.0,0.0,0.0,0.0,0.0,0
ES,2018-05-28,1577,1294.3525681674066,294.93431048285987,1694.5,1094.3,1708.1,176,1,71.25,0.0,0.0,0.0,0.0,1
ES,2018-05-29,1647,1330.6211293260478,233.54960647605705,1698.0,1127.8,1708.4,186,0,0.0,0.0,0.0,0.0,0.0,0
ES,2018-05-30,1364,1305.065249266862,318.38510704630784,1704.0,1058.2,1709.7,183,0,0.0,0.0,0.0,0.0,0.0,0
ES,2018-05-31,1622,1284.514796547472,118.44619031442083,1721.0,1531.1,1728.9,173,2,82.96,0.0,0.0,0.0,0.0,2
ES,2018-06-01,1390,1312.7359712230214,234.01410213916597,1377.0,1016.9,1734.5,175,1,77.21,0.0,0.0,0.0,0.0,1
ES,2018-06-02,1522,1262.4835742444152,280.2039257398083,1087.0,1005.6,1480.4,164,0,0.0,0.0,0.0,0.0,0.0,0
ES,2018-06-03,1541,1319.6541207008434,340.76714175219297,1045.0,938.6,1739.4,179,1,98.74,0.0,0.0,0.0,0.0,1
ES,2018-06-04,1522,1318.8764783180015,197.60819821049935,1369.5,1212.0,1561.5,179,0,0.0,0.0,0.0,0.0,0.0,0
ES,2018-06-05,1366,1310.190336749634,330.7482993153555,1768.0,1028.2,1778.3,177,0,0.0,0.0,0.0,0.0,0.0,0
ES,2018-06-06,1307,1330.791124713084,102.54010055691491,1770.5,1632.0,1776.0,167,0,0.0,0.0,0.0,0.0,0.0,0
ES,2018-06-07,1400,1365.182857142857,0.0,1774.0,1774.0,1774.0,173,2,47.485,0.0,0.0,0.0,0.0,2
ES,2018-06-08,1267,1328.5130228887135,347.6231901829065,1767.0,1074.8,1774.0,172,1,96.71,0.0,0.0,0.0,0.0,1
ES,2018-06-09,1330,1350.2646616541354,232.70152556440192,1769.0,1503.0,1769.0,180,0,0.0,0.0,0.0,0.0,0.0,0
ES,2018-06-10,1549,1326.3944480309876,262.1955772130018,1760.0,1180.8000000000002,1769.0,170,0,0.0,0.0,0.0,0.0,0.0,0
ES,2018-06-11,1459,1339.732008224812,6.881928998875397,1758.0,1753.0,1765.2,169,0,0.0,0.0,0.0,0.0,0.0,0
ES,2018-06-12,1478,1366.0967523680652,378.31292162265174,1760.0,1120.8,1765.6,192,0,0.0,0.0,0.0,0.0,0.0,0
ES,2018-06-13,1285,1326.2311284046702,13.930623953614719,1730.0,1723.6,1761.8,166,0,0.0,0.0,0.0,0.0,0.0,0
ES,2018-06-14,1214,1323.2158154859967,80.56881116991445,1712.0,1654.8,1722.2,177,0,0.0,0.0,0.0,0.0,0.0,0
ES,2018-06-15,1092,1317.9047619047622,126.54301957227486,1708.0,1458.0,1716.0,160,0,0.0,0.0,0.0,0.0,0.0,0
ES,2018-06-16,1350,1353.4540740740752,107.82496103510645,1706.5,1458.0,1710.0,165,3,53.96,0.0,62.21,62.21,62.21,3
ES,2018-06-17,1364,1355.7302052785926,263.70509096337145,1106.0,1064.4,1693.9,163,0,0.0,0.0,0.0,0.0,0.0,0
ES,2018-06-18,1545,1354.7488673139162,9.617161531261047,1691.0,1677.2,1699.6,176,0,0.0,0.0,0.0,0.0,0.0,0
ES,2018-06-19,1316,1310.5965045592702,95.66376302213683,1674.0,1607.6,1678.0,181,0,0.0,0.0,0.0,0.0,0.0,0
ES,2018-06-20,1195,1345.269456066945,135.6703725947563,1661.5,1372.0,1677.2,168,0,0.0,0.0,0.0,0.0,0.0,0
ES,2018-06-21,1317,1415.1305998481398,224.19424998959062,1658.0,1107.8,1664.8,173,1,90.83,0.0,0.0,0.0,0.0,1
ES,2018-06-22,1397,1369.2476735862563,266.47540015710433,1671.0,1107.0,1673.5,175,0,0.0,0.0,0.0,0.0,0.0,0
ES,2018-06-23,1335,1386.7415730337073,3.2584173996922625,1666.0,1660.0,1669.0,168,0,0.0,0.0,0.0,0.0,0.0,0
ES,2018-06-24,1491,1329.3447350771298,190.58551845234726,1661.5,1265.0,1671.0,166,0,0.0,0.0,0.0,0.0,0.0,0
ES,2018-06-25,1371,1322.6243617797222,224.09145363408382,1670.0,1410.4,1674.0,174,1,93.55,0.0,0.0,0.0,0.0,1
ES,2018-06-26,1267,1321.349644830308,201.57016300098806,1663.5,1205.7,1679.9,171,1,63.28,0.0,0.0,0.0,0.0,1
ES,2018-06-27,1370,1345.7233576642336,205.83098664129363,1680.0,1332.2,1689.3,178,0,0.0,0.0,0.0,0.0,0.0,0
ES,2018-06-28,1137,1296.6147757255935,79.68444013733169,1696.5,1652.2,1700.4,176,0,0.0,0.0,0.0,0.0,0.0,0
ES,2018-06-29,1371,1292.974471188913,236.16993384916927,1704.0,1085.2,1726.6,176,1,87.75,0.0,0.0,0.0,0.0,1
ES,2018-06-30,1328,1343.4600903614462,331.52602638833577,1723.0,1079.0,1733.0,166,0,0.0,0.0,0.0,0.0,0.0,0
ES,2018-07-01,1193,1318.4048616932098,74.71753515187449,1724.0,1722.0,1728.0,160,3,83.79333333333334,0.0,0.0,0.0,0.0,2
ES,2018-07-02,1491,1318.2280348759214,323.4543899567162,1726.0,1036.2,1748.0,177,0,0.0,0.0,0.0,0.0,0.0,0
ES,2018-07-03,1398,1378.421316165951,296.149780551625,1737.0,1071.6,1791.9999999999998,177,0,0.0,0.0,0.0,0.0,0.0,0
ES,2018-07-04,1435,1400.8236933797916,296.043008030722,1731.0,1058.8,1739.2,162,1,72.67,0.0,0.0,0.0,0.0,1
ES,2018-07-05,1403,1333.818246614398,314.7246208017026,1068.0,1052.0,1735.6,177,0,0.0,0.0,0.0,0.0,0.0,0
ES,2018-07-06,1536,1367.6093749999993,265.2834830683752,1070.5,1043.8,1704.8,166,0,0.0,0.0,0.0,0.0,0.0,0
ES,2018-07-07,1372,1343.996355685131,2.886751345948129,1702.0,1698.5,1705.5,153,0,0.0,0.0,0.0,0.0,0.0,0
ES,2018-07-08,1784,1415.8733183856507,293.1353942719985,1690.5,1083.0,1704.0,179,1,62.8,0.0,0.0,0.0,0.0,1
ES,2018-07-09,1543,1378.0712896953983,289.95163259678645,1395.5,1088.2,1685.0,175,2,74.785,0.0,0.0,0.0,0.0,2
ES,2018-07-10,1848,1401.0627705627708,287.80165402667774,1127.0,1078.5,1668.5,184,0,0.0,0.0,0.0,0.0,0.0,0
ES,2018-07-11,1448,1342.6146408839775,194.2829532330488,1660.5,1171.5,1672.0,167,0,0.0,0.0,0.0,0.0,0.0,0
ES,2018-07-12,1557,1381.7456647398847,267.4341558231316,1089.0,1073.0,1658.3,190,1,94.54,0.0,0.0,0.0,0.0,1
ES,2018-07-13,1569,1381.0363288718927,353.7078081741413,1678.0,1080.0,1975.0,164,0,0.0,0.0,0.0,0.0,0.0,0
ES,2018-07-14,1321,1363.999242997729,67.54639320835025,1674.0,1659.6,1691.2,156,0,0.0,0.0,0.0,0.0,0.0,0
ES,2018-07-15,1590,1361.90503144654,72.5677614371561,1669.0,1506.4,1677.0,161,2,66.23,0.0,66.23,66.23,66.23,2
ES,2018-07-16,1373,1352.32993445011,250.22120213922722,1665.0,1109.3,1672.1,156,0,0.0,0.0,0.0,0.0,0.0,0
ES,2018-07-17,1375,1353.1352727272726,206.65430070530834,1678.0,1130.9,1681.0,182,2,97.59,0.0,0.0,0.0,0.0,2
ES,2018-07-18,1313,1346.9009900990102,251.85163596806828,1172.0,1151.6,1676.4,162,0,0.0,0.0,0.0,0.0,0.0,0
ES,2018-07-19,1444,1385.6724376731306,172.8109427327053,1669.0,1270.8000000000002,1704.6,167,0,0.0,0.0,0.0,0.0,0.0,0
ES,2018-07-20,1484,1366.3355795148252,13.649605430013782,1677.0,1654.7,1689.3,164,0,0.0,0.0,0.0,0.0,0.0,0
ES,2018-07-21,1372,1433.7376093294458,243.69670256332293,1690.0,1168.2,1707.0,156,2,48.620000000000005,0.0,0.0,0.0,0.0,2
ES,2018-07-22,1475,1333.4786440677967,97.71491227869292,1717.0,1606.2,1722.4,189,0,0.0,0.0,0.0,0.0,0.0,0
ES,2018-07-23,1671,1372.4201077199277,42.41825029957634,1722.0,1642.8,1729.4,184,1,85.77,0.0,0.0,0.0,0.0,1
ES,2018-07-24,1750,1338.6999999999998,235.02749687156665,1170.0,1126.0,1721.6,187,0,0.0,0.0,0.0,0.0,0.0,0
ES,2018-07-25,1496,1357.156417112299,280.3936439285947,1106.0,1097.0,1701.6,185,1,69.04,0.0,0.0,0.0,0.0,1
ES,2018-07-26,1468,1343.6948228882834,233.4457913520824,1699.5,1278.3,1710.9,178,0,0.0,0.0,0.0,0.0,0.0,0
ES,2018-07-27,1417,1352.369089625971,272.88906759578407,1126.0,1109.8,1711.6,172,0,0.0,0.0,0.0,0.0,0.0,0
ES,2018-07-28,1527,1368.8991486574976,267.79173479243246,1648.0,1126.0,1701.0,166,0,0.0,0.0,0.0,0.0,0.0,0
ES,2018-07-29,1553,1341.8422408242109,107.3870550477884,1581.0,1467.1,1692.7,174,2,51.005,0.0,0.0,0.0,0.0,2
ES,2018-07-30,1422,1342.194092827004,102.91042491193764,1694.0,1452.6,1702.1,173,0,0.0,0.0,0.0,0.0,0.0,0
ES,2018-07-31,1394,1367.198708751793,106.26786614494524,1697.0,1480.9,1702.6,178,0,0.0,0.0,0.0,0.0,0.0,0
ES,2018-08-01,1606,1401.7179327521799,97.05585939936857,1709.0,1487.0,1714.5,179,1,74.68,0.0,0.0,0.0,0.0,1
ES,2018-08-02,1720,1368.3110465116276,222.53876066878777,1664.5,1197.0,1707.5,201,0,0.0,0.0,0.0,0.0,0.0,0
ES,2018-08-03,1705,1366.887390029327,70.14670341505722,1690.0,1659.6,1698.1,171,0,0.0,0.0,0.0,0.0,0.0,0
ES,2018-08-04,1750,1391.9445714285712,1.6,1692.0,1692.0,1694.4,182,0,0.0,0.0,0.0,0.0,0.0,0
ES,2018-08-05,1832,1347.7117903930132,35.02627585113781,1703.0,1633.3,1708.8,186,0,0.0,0.0,0.0,0.0,0.0,0
ES,2018-08-06,1711,1324.5686732904728,73.20118320861006,1714.0,1710.0,1718.0,182,0,0.0,0.0,0.0,0.0,0.0,0
ES,2018-08-07,1632,1317.0710784313726,4.233009254294015,1718.0,1712.2,1722.8,184,0,0.0,0.0,0.0,0.0,0.0,0
ES,2018-08-08,1949,1329.663417136993,273.5894839124689,1174.0,1133.0,1712.4,191,1,84.76,0.0,0.0,0.0,0.0,1
ES,2018-08-09,1839,1336.3224578575307,291.7760948755335,1198.5,1175.5,1794.3000000000002,186,0,0.0,0.0,0.0,0.0,0.0,0
ES,2018-08-10,1560,1365.293589743589,266.09021026711974,1231.0,1184.0,1721.2,185,1,95.87,0.0,0.0,0.0,0.0,1
ES,2018-08-11,1518,1367.3267457180505,353.8278210996515,1711.0,1162.0,1964.0,182,0,0.0,0.0,0.0,0.0,0.0,0
ES,2018-08-12,1459,1361.8615490061682,402.7074703387891,1970.0,1098.4,1986.2,179,0,0.0,0.0,0.0,0.0,0.0,0
ES,2018-08-13,1695,1335.0176991150443,206.0420669022065,1998.0,1686.0,2013.5,189,0,0.0,0.0,0.0,0.0,0.0,0
ES,2018-08-14,1786,1358.506718924973,145.7143985693014,1999.5,1687.3,2014.9,188,0,0.0,0.0,0.0,0.0,0.0,0
ES,2018-08-15,1912,1398.130753138075,362.68913648222525,1692.0,955.6,1966.4,174,0,0.0,0.0,0.0,0.0,0.0,0
ES,2018-08-16,1763,1330.096993760635,136.95420509655338,1673.0,1665.2,1693.0,181,1,80.6,0.0,0.0,0.0,0.0,1
ES,2018-08-17,1653,1341.1252268602536,241.70689320377733,1435.5,1165.5,1664.3,182,3,38.15,0.0,53.68,53.68,53.68,3
ES,2018-08-18,1426,1345.290322580646,10.264501936285072,1647.5,1645.9,1671.1,168,0,0.0,0.0,0.0,0.0,0.0,0
ES,2018-08-19,1700,1343.4735294117645,227.5931457667388,1423.0,1186.4,1650.3,196,2,84.15,0.0,0.0,0.0,0.0,2
ES,2018-08-20,1637,1326.5216860109958,3.0912061651652345,1657.0,1655.0,1661.0,181,0,0.0,0.0,0.0,0.0,0.0,0
ES,2018-08-21,1600,1377.316875,7.952004464284461,1648.0,1642.9,1661.5,180,1,96.56,0.0,0.0,0.0,0.0,1
ES,2018-08-22,1777,1353.2965672481712,243.1561289523491,1199.0,1146.6,1628.6,186,0,0.0,0.0,0.0,0.0,0.0,0
ES,2018-08-23,1684,1336.3711401425173,1.5,1607.5,1606.3,1608.7,192,1,69.59,0.0,0.0,0.0,0.0,1
ES,2018-08-24,1700,1338.2076470588227,218.9900182637865,1175.0,1152.0,1623.0,182,0,0.0,0.0,0.0,0.0,0.0,0
ES,2018-08-25,1502,1369.2323568575239,237.2255269090659,1638.0,1135.8,1644.6,165,2,95.07,0.0,95.07,95.07,95.07,2
ES,2018-08-26,1682,1357.0326991676573,6.708203932499369,1636.0,1623.1,1639.3,182,0,0.0,0.0,0.0,0.0,0.0,0
ES,2018-08-27,1716,1339.347902097902,132.61161336775902,1145.0,1126.8,1160.6,201,0,0.0,0.0,0.0,0.0,0.0,0
ES,2018-08-28,1622,1367.2669543773122,185.4990098438836,1112.0,1099.3,1483.7000000000005,193,0,0.0,0.0,0.0,0.0,0.0,0
ES,2018-08-29,1384,1358.253612716762,268.16517667935756,1107.0,1092.0,1637.0,194,2,61.97,0.0,0.0,0.0,0.0,2
ES,2018-08-30,1752,1340.6815068493156,274.56920348065256,1101.0,1069.1,1627.6,199,0,0.0,0.0,0.0,0.0,0.0,0
ES,2018-08-31,1583,1365.5805432722677,156.1333384551891,1133.0,1111.6,1332.2000000000003,185,0,0.0,0.0,0.0,0.0,0.0,0
ES,2018-09-01,1581,1351.7906388361794,194.35645346087784,1120.0,1103.4,1627.4,178,0,0.0,0.0,0.0,0.0,0.0,0
ES,2018-09-02,1815,1326.718457300276,173.89516238239636,1134.5,1118.9,1612.5,182,1,93.18,0.0,0.0,0.0,0.0,1
ES,2018-09-03,1703,1353.2636523781562,258.38622147159236,1622.0,1262.0,2012.4,204,2,90.59,0.0,90.59,90.59,90.59,2
ES,2018-09-04,1441,1347.4469118667598,243.95000165153743,1129.0,1121.0,1626.0,188,0,0.0,0.0,0.0,0.0,0.0,0
ES,2018-09-05,1531,1357.3187459177002,1.118033988749895,1630.0,1628.5,1630.0,191,0,0.0,0.0,0.0,0.0,0.0,0
ES,2018-09-06,1512,1369.8988095238096,241.2374025208363,1149.0,1138.6,1642.0,190,1,91.4,0.0,0.0,0.0,0.0,1
ES,2018-09-07,1975,1393.6040506329114,273.24109112201813,1622.0,1050.2,1633.8,196,0,0.0,0.0,0.0,0.0,0.0,0
ES,2018-09-08,1553,1366.435286542176,209.4428082569453,1252.0,1149.0,1614.0,197,1,15.29,0.0,0.0,0.0,0.0,1
ES,2018-09-09,1845,1366.5983739837397,428.922068232155,1996.0,1113.2,2021.0,194,2,42.95,0.0,42.95,42.95,42.95,2
ES,2018-09-10,1864,1355.2521459227462,426.97748891676554,2028.0,1151.1,2082.6,204,1,48.51,0.0,0.0,0.0,0.0,1
ES,2018-09-11,1742,1390.00803673938,402.6455174199915,1903.0,1143.0,2101.9,201,2,95.72,0.0,95.72,95.72,95.72,2
ES,2018-09-12,1529,1364.9352517985612,235.11520580345285,1390.0,1146.1,1627.3,189,1,84.72,0.0,0.0,0.0,0.0,1
ES,2018-09-13,1741,1369.835726593911,180.23113555160833,1139.0,1130.4,1551.8,207,1,92.34,0.0,0.0,0.0,0.0,1
ES,2018-09-14,1581,1318.0626185958256,176.53873386940617,1169.0,1148.5,1604.5,203,2,48.3,0.0,0.0,0.0,0.0,2
ES,2018-09-15,1771,1374.3331451157537,246.0382789541981,1304.0,1159.5,1617.9,192,3,75.35,0.0,0.0,0.0,0.0,3
ES,2018-09-16,1707,1361.6262448740479,235.7525185443413,1300.5,1152.0,1632.5,199,3,75.24,0.0,0.0,0.0,0.0,3
ES,2018-09-17,1625,1306.849846153847,298.58307121387924,1153.0,1122.2,1730.3999999999996,192,0,0.0,0.0,0.0,0.0,0.0,0
ES,2018-09-18,1633,1384.35394978567,305.8978170568584,1654.0,1347.6,2059.4,203,1,85.93,0.0,0.0,0.0,0.0,1
ES,2018-09-19,1604,1344.5361596009973,166.6409613510436,1643.5,1626.9,2051.8,200,3,94.41333333333334,0.0,0.0,0.0,0.0,3
ES,2018-09-20,1614,1356.2639405204454,168.7139780812485,1354.0,1132.8,1634.0,190,0,0.0,0.0,0.0,0.0,0.0,0
ES,2018-09-21,1764,1365.674036281179,337.2555755675772,1144.0,1124.2,1973.8000000000002,199,3,71.79333333333334,0.0,0.0,0.0,0.0,2
ES,2018-09-22,1530,1382.9803921568634,304.5,1349.5,1105.9,1593.1,174,1,98.86,0.0,0.0,0.0,0.0,1
ES,2018-09-23,1739,1364.8435882691203,442.61127967773155,1557.5,1122.7,2090.3,205,0,0.0,0.0,0.0,0.0,0.0,0
ES,2018-09-24,1619,1374.9536751080923,230.19967178275667,1659.5,1348.5,1665.0,195,0,0.0,0.0,0.0,0.0,0.0,0
ES,2018-09-25,1615,1385.9486068111446,357.3672620708282,1916.0,1344.8,2084.8,204,1,70.39,0.0,0.0,0.0,0.0,1
ES,2018-09-26,1628,1396.874692874693,254.53661819078212,1554.5,1119.2,1667.3,183,1,98.14,0.0,0.0,0.0,0.0,1
ES,2018-09-27,1542,1367.246433203633,270.2854122619877,1364.0,1084.6,1675.4,196,0,0.0,0.0,0.0,0.0,0.0,0
ES,2018-09-28,1416,1342.817090395481,125.21916786179342,1682.0,1495.4,1686.4,193,0,0.0,0.0,0.0,0.0,0.0,0
ES,2018-09-29,1354,1384.6107828655834,199.81237292770436,1535.0,1297.5,1679.1,178,0,0.0,0.0,0.0,0.0,0.0,0
ES,2018-09-30,1681,1275.490184414039,248.5953586993609,1141.5,1090.5,1680.5,199,5,77.44,0.0,79.63,79.63,79.63,5
ES,2018-10-01,1534,1353.9041720990874,224.70604254348737,1528.5,1217.0,1662.0,190,0,0.0,0.0,0.0,0.0,0.0,0
ES,2018-10-02,1501,1357.3617588274478,197.30476830941805,1405.0,1151.6,1648.6,193,2,76.96000000000001,0.0,0.0,0.0,0.0,2
ES,2018-10-03,1663,1400.9338544798557,212.65108612246905,1633.0,1149.4,1637.8,211,0,0.0,0.0,0.0,0.0,0.0,0
ES,2018-10-04,1483,1351.9251517194884,166.41922372337686,1414.0,1156.8,1472.4,202,0,0.0,0.0,0.0,0.0,0.0,0
ES,2018-10-05,1675,1333.6388059701496,248.5345346839259,1162.5,1143.0,1663.7,212,0,0.0,0.0,0.0,0.0,0.0,0
ES,2018-10-06,1550,1339.5148387096776,245.76149992167203,1422.0,1174.5,1662.0,207,2,90.235,0.0,0.0,0.0,0.0,1
ES,2018-10-07,1494,1330.1037483266402,251.8187604026698,1175.0,1160.4,1669.0,189,2,21.76,0.0,21.76,21.76,21.76,2
ES,2018-10-08,1550,1356.2832258064516,233.43722389541904,1441.5,1075.9,1677.1,204,2,73.32,0.0,73.32,73.32,73.32,2
ES,2018-10-09,1585,1308.5810725552058,257.65075144897645,1430.5,1167.7,1692.4,203,1,93.14,0.0,0.0,0.0,0.0,1
ES,2018-10-10,1456,1343.1744505494498,2.8722813232690143,1712.0,1709.9,1715.5,194,0,0.0,0.0,0.0,0.0,0.0,0
ES,2018-10-11,1361,1301.550330639236,124.28819555997889,1712.5,1453.0,1720.5,188,2,58.540000000000006,0.0,0.0,0.0,0.0,2
ES,2018-10-12,1348,1322.1038575667653,253.72878118179656,1133.0,1114.4,1718.0,190,1,96.17,0.0,0.0,0.0,0.0,1
ES,2018-10-13,1482,1298.7618083670716,238.94333462091657,1706.0,1117.4,1711.0,187,3,48.403333333333336,0.0,27.29,27.29,27.29,3
ES,2018-10-14,1627,1305.1782421634912,291.32007979006335,1303.0,1098.3,1712.7,191,1,57.33,0.0,0.0,0.0,0.0,1
ES,2018-10-15,1442,1281.4493758668511,305.6970306630619,1724.0,1056.2,1737.8,208,2,49.365,0.0,0.0,0.0,0.0,1
ES,2018-10-16,1464,1307.6878415300546,278.3426451321708,1116.0,1096.0,1735.0,206,1,63.41,0.0,0.0,0.0,0.0,1
ES,2018-10-17,1564,1334.4149616368288,246.72539692460384,1445.0,1107.0,1735.0,199,0,0.0,0.0,0.0,0.0,0.0,0
ES,2018-10-18,1565,1312.3712460063891,141.72586998223795,1614.0,1442.0,1742.0,198,1,70.46,0.0,0.0,0.0,0.0,1
ES,2018-10-19,1581,1328.3485135989886,249.21042255640873,1430.0,1112.0,1743.0,215,0,0.0,0.0,0.0,0.0,0.0,0
ES,2018-10-20,1547,1315.9709114414995,268.0081339466989,1113.0,1095.8,1737.0,187,0,0.0,0.0,0.0,0.0,0.0,0
ES,2018-10-21,1476,1270.4972899729,267.65509522517965,1122.0,1112.7,1552.7,195,1,99.69,0.0,0.0,0.0,0.0,1
ES,2018-10-22,1601,1339.5234228607114,256.16916285923253,1117.0,1105.2,1633.0,208,1,28.21,0.0,0.0,0.0,0.0,1
ES,2018-10-23,1584,1335.9785353535344,293.01678575585714,1294.5,1091.2,1733.0,212,0,0.0,0.0,0.0,0.0,0.0,0
ES,2018-10-24,1592,1322.2543969849244,286.7048787516529,1268.0,1054.3,1651.8,206,0,0.0,0.0,0.0,0.0,0.0,0
ES,2018-10-25,1515,1374.8277227722776,249.32747040789548,1425.0,1099.0,1737.4,210,0,0.0,0.0,0.0,0.0,0.0,0
ES,2018-10-26,1516,1346.401715039579,260.5936300065679,1732.0,1272.6,1744.2,191,0,0.0,0.0,0.0,0.0,0.0,0
ES,2018-10-27,1717,1357.711124053582,471.9834261609587,2069.0,1106.6,2095.2,193,1,96.38,0.0,0.0,0.0,0.0,1
ES,2018-10-28,1662,1325.8164861612509,236.03154214826645,1117.0,1109.5,1434.5,205,0,0.0,0.0,0.0,0.0,0.0,0
ES,2018-10-29,1450,1334.5089655172414,3.960744879438715,1750.0,1743.2,1750.6,194,1,81.15,0.0,0.0,0.0,0.0,1
ES,2018-10-30,1542,1354.251621271077,280.0196421681879,1745.0,1292.2,1747.0,195,0,0.0,0.0,0.0,0.0,0.0,0
ES,2018-10-31,1403,1292.6129722024239,246.95034363657447,1753.5,1421.5,1757.5,195,1,74.16,0.0,0.0,0.0,0.0,1
ES,2018-11-01,1860,1326.6983870967742,352.349329427446,1131.0,1115.0,1765.0,195,4,94.775,1.8950000000000031,94.775,93.259,96.291,2
ES,2018-11-02,1526,1337.914154652687,398.7752343112596,1743.0,1097.7,2062.3,197,0,0.0,0.0,0.0,0.0,0.0,0
ES,2018-11-03,1561,1360.8180653427285,154.79294926726197,2050.0,1740.0,2057.2,202,0,0.0,0.0,0.0,0.0,0.0,0
ES,2018-11-04,2033,1395.1416625676343,312.3772647865967,1084.0,1069.0,1739.0,194,0,0.0,0.0,0.0,0.0,0.0,0
ES,2018-11-05,1698,1356.4870435806838,121.12704074648236,1741.0,1736.4,1922.4,208,0,0.0,0.0,0.0,0.0,0.0,0
ES,2018-11-06,1866,1377.1371918542338,230.7191949942083,1092.0,1079.3,1553.8000000000006,208,2,85.36500000000001,0.0,0.0,0.0,0.0,2
ES,2018-11-07,1446,1327.869294605809,416.4340424705875,1269.0,1091.9,2043.3,217,0,0.0,0.0,0.0,0.0,0.0,0
ES,2018-11-08,1568,1353.968749999999,319.67096731444036,1137.5,1098.5,1764.5,201,1,46.04,0.0,0.0,0.0,0.0,1
ES,2018-11-09,1642,1330.54993909866,294.51012897094387,1147.0,1136.6,1777.0,211,0,0.0,0.0,0.0,0.0,0.0,0
ES,2018-11-10,1605,1291.5451713395637,403.4394746702685,1141.5,1121.7,2043.1,198,1,93.98,0.0,0.0,0.0,0.0,1
ES,2018-11-11,1832,1364.1539301310052,212.41515953434208,1147.5,1126.2,1505.3,211,2,68.03,0.0,0.0,0.0,0.0,2
ES,2018-11-12,1725,1322.0753623188407,4.5,1782.5,1778.9,1786.1,210,2,77.44,0.0,0.0,0.0,0.0,2
ES,2018-11-13,1616,1343.2555693069319,306.77248576867413,1761.0,1147.0,1769.6,200,0,0.0,0.0,0.0,0.0,0.0,0
ES,2018-11-14,1591,1329.7699560025146,266.7181590909942,1171.0,1150.2,1764.9,217,0,0.0,0.0,0.0,0.0,0.0,0
ES,2018-11-15,1649,1288.0545785324437,187.35757090387355,1201.0,1179.5,1485.0,200,0,0.0,0.0,0.0,0.0,0.0,0
ES,2018-11-16,1572,1267.4656488549615,194.77243587106446,1216.5,1188.0,1486.0,218,0,0.0,0.0,0.0,0.0,0.0,0
ES,2018-11-17,2052,1283.515107212475,211.77355831170237,1198.0,1180.1,1718.9,211,2,74.76,0.0,0.0,0.0,0.0,2
ES,2018-11-18,2170,1322.7695852534555,277.33902988941173,1447.5,1161.6,1725.5,233,1,68.99,0.0,0.0,0.0,0.0,1
ES,2018-11-19,1921,1322.0104112441431,332.5,1386.5,1120.5,1652.5,207,1,21.07,0.0,0.0,0.0,0.0,1
ES,2018-11-20,1904,1326.0304621848743,5.2094998693625945,1156.5,1151.0,1163.0,218,0,0.0,0.0,0.0,0.0,0.0,0
ES,2018-11-21,1919,1341.4226159458053,274.9934322035747,1183.5,1166.9,1731.6,210,5,76.09799999999998,0.0,0.0,0.0,0.0,5
ES,2018-11-22,1761,1372.8392958546276,233.3998119584123,1425.5,1233.0,1740.0,205,0,0.0,0.0,0.0,0.0,0.0,0
ES,2018-11-23,1762,1279.4001135073777,260.95385926762356,1186.5,1179.5,1736.5,214,2,45.26,0.0,0.0,0.0,0.0,2
ES,2018-11-24,1831,1325.7826324412893,252.03193997077454,1190.0,1181.0,1750.0,209,0,0.0,0.0,0.0,0.0,0.0,0
ES,2018-11-25,2029,1355.765401675702,294.412524147666,1189.0,1171.0,1763.5,209,0,0.0,0.0,0.0,0.0,0.0,0
ES,2018-11-26,1800,1349.8538888888884,273.02340152041506,1194.0,1184.6,1771.0,219,1,49.79,0.0,0.0,0.0,0.0,1
ES,2018-11-27,1956,1312.0245398773002,197.4407743476509,1210.5,1156.3,1382.1999999999998,223,1,82.56,0.0,0.0,0.0,0.0,1
ES,2018-11-28,1868,1332.9550321199154,261.6498933052843,1212.0,1205.6,1652.8,219,5,80.412,0.0,0.0,0.0,0.0,5
ES,2018-11-29,1622,1345.136251541307,413.0143809756914,1241.0,1215.6,2060.0,213,2,77.27000000000001,0.0,0.0,0.0,0.0,2
ES,2018-11-30,1549,1347.8825048418332,206.02135811609438,2066.0,1731.8,2087.8,209,5,64.17,0.0,0.0,0.0,0.0,5
ES,2018-12-01,1922,1328.8215400624354,274.0414493764244,1214.5,1199.0,1766.0,224,2,93.62,0.0,93.62,93.62,93.62,2
ES,2018-12-02,1779,1332.8353007307478,380.8911854866684,1755.0,1164.0,2076.0,223,2,47.075,0.0,0.0,0.0,0.0,2
ES,2018-12-03,1555,1294.2347266881031,4.714045207910316,1766.0,1766.0,1774.0,218,0,0.0,0.0,0.0,0.0,0.0,0
ES,2018-12-04,1434,1333.8591352859135,261.75310408856666,1168.0,1157.7,1589.2,216,0,0.0,0.0,0.0,0.0,0.0,0
ES,2018-12-05,1606,1331.5958904109577,0.0,1778.0,1778.0,1778.0,215,1,48.93,0.0,0.0,0.0,0.0,1
ES,2018-12-06,2082,1321.7593659942356,301.0133250409976,1161.0,1149.0,1780.0,225,2,88.63999999999999,0.0,0.0,0.0,0.0,2
ES,2018-12-07,2051,1326.8771331058017,379.43657147367907,1213.0,1178.6,2105.4,237,0,0.0,0.0,0.0,0.0,0.0,0
ES,2018-12-08,1860,1328.3139784946234,5.879747322073336,1772.0,1770.2,1782.8,220,4,79.475,0.0,0.0,0.0,0.0,3
ES,2018-12-09,1886,1276.5705196182398,344.0167172247648,1191.0,1174.6,1913.0,207,1,90.74,0.0,0.0,0.0,0.0,1
ES,2018-12-10,1672,1331.898325358852,3.840572873934304,1782.0,1776.4,1783.4,218,0,0.0,0.0,0.0,0.0,0.0,0
ES,2018-12-11,1884,1329.2038216560504,320.02388857114767,1764.0,1079.0,1771.0,227,1,95.97,0.0,0.0,0.0,0.0,1
ES,2018-12-12,1651,1289.4142943670493,4.09878030638384,1772.0,1767.4,1776.2,219,1,40.17,0.0,0.0,0.0,0.0,1
ES,2018-12-13,1810,1272.0033149171265,2.498979383505129,1765.0,1762.6,1766.2,221,1,67.46,0.0,0.0,0.0,0.0,1
ES,2018-12-14,1542,1303.4202334630354,313.66516336811105,2114.0,1755.0,2125.0,223,2,57.32,0.0,0.0,0.0,0.0,2
ES,2018-12-15,1742,1296.5292766934558,216.37226990461016,1193.0,1175.7,1748.0,207,1,95.26,0.0,0.0,0.0,0.0,1
ES,2018-12-16,2162,1297.9662349676219,303.4114011822017,1187.0,1155.8,1814.0,232,3,92.44,0.0,0.0,0.0,0.0,3
ES,2018-12-17,1982,1300.9434914228052,7.5,1096.5,1090.5,1102.5,227,1,97.35,0.0,0.0,0.0,0.0,1
ES,2018-12-18,1733,1305.1379111367576,395.89417569232745,1783.0,1158.0,2100.0,234,1,75.88,0.0,0.0,0.0,0.0,1
ES,2018-12-19,1737,1298.4029936672423,199.5,1288.5,1128.9,1448.1,215,1,79.21,0.0,0.0,0.0,0.0,1
ES,2018-12-20,1930,1279.9554404145083,2.5,1774.5,1772.5,1776.5,208,1,63.15,0.0,0.0,0.0,0.0,1
ES,2018-12-21,1804,1327.8725055432367,560.5,1210.5,762.1,1658.9,231,0,0.0,0.0,0.0,0.0,0.0,0
ES,2018-12-22,1874,1317.981856990395,114.05214413430662,1166.5,1157.7,1429.0,205,0,0.0,0.0,0.0,0.0,0.0,0
ES,2018-12-23,1954,1310.2824974411453,279.15902278092324,1165.0,1151.3,1763.0,224,2,85.345,0.0,0.0,0.0,0.0,2
ES,2018-12-24,1784,1304.1401345291474,402.3796714547095,1340.0,422.0,1576.4,210,0,0.0,0.0,0.0,0.0,0.0,0
ES,2018-12-25,2037,1296.1423662248399,413.36149097638764,1148.5,633.6,1758.6,232,1,92.65,0.0,0.0,0.0,0.0,1
ES,2018-12-26,2094,1307.042979942693,227.04659182106275,1137.0,1122.6,1402.999999999999,226,0,0.0,0.0,0.0,0.0,0.0,0
ES,2018-12-27,1755,1287.4991452991453,187.19906163725037,1159.0,1145.6,1416.5999999999992,224,2,60.67,0.0,0.0,0.0,0.0,2
ES,2018-12-28,1933,1318.379203310916,279.9600447682967,1171.0,1157.4,1762.6,218,4,81.15,0.0,74.04,74.04,74.04,4
ES,2018-12-29,2010,1312.1537313432837,286.7714547927506,1178.0,1160.4,1747.7,221,1,83.94,0.0,0.0,0.0,0.0,1
ES,2018-12-30,1964,1285.4653767820773,228.01805712486896,1180.5,1168.0,1757.5,221,0,0.0,0.0,0.0,0.0,0.0,0
ES,2018-12-31,1968,1309.5426829268295,231.72042329202907,1195.0,1181.8,1752.0,219,0,0.0,0.0,0.0,0.0,0.0,0
ES,2019-01-01,1947,1289.3631227529524,206.0875454482606,1201.5,1186.3,1748.7,218,1,78.36,0.0,0.0,0.0,0.0,1
ES,2019-01-02,2103,1303.4707560627678,419.7252259587484,1219.0,565.5,1754.0,223,1,81.88,0.0,0.0,0.0,0.0,1
ES,2019-01-03,1879,1309.4646088344862,524.3416705736823,1431.0,680.4000000000001,1759.5,222,4,79.30250000000001,0.0,0.0,0.0,0.0,4
ES,2019-01-04,1978,1277.5889787664307,371.74656174985597,1247.0,1231.0,2121.4,216,0,0.0,0.0,0.0,0.0,0.0,0
ES,2019-01-05,2188,1327.4520109689208,166.6179792831739,2122.0,1755.4,2127.0,222,4,53.435,0.0,94.05,94.05,94.05,3
ES,2019-01-06,1953,1296.6886840757809,2.0548046676563256,1738.0,1736.4,1740.4,215,0,0.0,0.0,0.0,0.0,0.0,0
ES,2019-01-07,2184,1301.5760073260071,267.7594795500038,1223.0,1190.1,1738.8,224,4,63.99000000000001,0.0,44.02,44.02,44.02,4
ES,2019-01-08,1874,1297.1654215581639,261.7938119971517,1181.0,1149.4,1742.2,223,2,77.38,0.0,0.0,0.0,0.0,2
ES,2019-01-09,1982,1293.6115035317862,262.1182939056334,1731.0,1174.8,1734.8,240,1,97.24,0.0,0.0,0.0,0.0,1
ES,2019-01-10,1675,1293.039402985075,3.681787005729087,1733.0,1729.8,1737.0,208,0,0.0,0.0,0.0,0.0,0.0,0
ES,2019-01-11,1806,1321.8787375415275,6.887670143089026,1731.0,1718.8,1733.6,237,0,0.0,0.0,0.0,0.0,0.0,0
ES,2019-01-12,2031,1315.0817331363864,4.109609335312651,1712.0,1708.8,1716.8,210,0,0.0,0.0,0.0,0.0,0.0,0
ES,2019-01-13,2166,1330.043859649123,301.5,1418.5,1177.3,1659.7,224,0,0.0,0.0,0.0,0.0,0.0,0
ES,2019-01-14,2004,1292.46007984032,297.0,1425.0,1187.4,1662.6,224,0,0.0,0.0,0.0,0.0,0.0,0
ES,2019-01-15,1844,1276.6973969631235,310.2957299093882,1183.0,892.0,1506.0,228,2,49.785,0.0,0.0,0.0,0.0,2
ES,2019-01-16,1659,1349.271850512357,185.7008346777149,1441.5,1294.8,1719.9,223,0,0.0,0.0,0.0,0.0,0.0,0
ES,2019-01-17,1730,1314.697109826589,115.16807695890917,1709.0,1450.0,1714.0,214,0,0.0,0.0,0.0,0.0,0.0,0
ES,2019-01-18,1684,1273.7078384798103,0.0,1714.0,1714.0,1714.0,214,0,0.0,0.0,0.0,0.0,0.0,0
ES,2019-01-19,1932,1321.3291925465828,439.47623146729035,1707.0,664.0,1707.4,221,0,0.0,0.0,0.0,0.0,0.0,0
ES,2019-01-20,2496,1314.8938301282049,5.019960159204453,1695.0,1693.2,1704.0,229,2,81.475,0.0,0.0,0.0,0.0,2
ES,2019-01-21,1790,1342.2497206703904,596.6106651026997,1686.0,505.6,1872.0000000000002,231,2,85.71,0.0,0.0,0.0,0.0,2
ES,2019-01-22,1818,1257.8767876787679,449.61023050526774,1096.0,535.3,1686.0,229,0,0.0,0.0,0.0,0.0,0.0,0
ES,2019-01-23,1731,1309.5424610051998,502.8456622066059,1403.0,543.4,1701.2,234,3,96.76,0.0,0.0,0.0,0.0,1
ES,2019-01-24,1803,1296.1880199667219,502.75907500511613,1686.5,876.5,1696.4,242,2,92.1,0.0,0.0,0.0,0.0,2
ES,2019-01-25,1795,1293.5832869080782,383.07007005432905,1496.0,654.7,1570.0,217,2,79.41499999999999,0.0,0.0,0.0,0.0,2
ES,2019-01-26,1918,1309.833680917623,522.6124812473919,2134.5,1109.1,2144.0,234,2,92.08,0.0,0.0,0.0,0.0,2
ES,2019-01-27,1987,1277.6874685455464,411.6025844185141,2150.0,1671.0,2162.5,229,0,0.0,0.0,0.0,0.0,0.0,0
ES,2019-01-28,1781,1302.4783829309374,623.5804450338155,1662.0,570.4,2173.8,227,1,8.05,0.0,0.0,0.0,0.0,1
ES,2019-01-29,1886,1331.3780487804881,461.0191190169596,1673.0,1452.0,2196.0,224,1,80.49,0.0,0.0,0.0,0.0,1
ES,2019-01-30,2008,1285.4576693227095,463.7009064173208,1657.0,607.2,1665.8,235,0,0.0,0.0,0.0,0.0,0.0,0
ES,2019-01-31,1948,1270.2397330595488,377.42000992811694,2195.0,1446.4,2208.2,245,1,21.66,0.0,0.0,0.0,0.0,1
ES,2019-02-01,1757,1276.1821286283437,221.304857605973,2205.0,1873.2,2216.6,228,2,86.18,0.0,86.18,86.18,86.18,2
ES,2019-02-02,1912,1262.401150627614,186.50579079481687,2183.5,1780.4,2191.8,229,1,79.72,0.0,0.0,0.0,0.0,1
ES,2019-02-03,1872,1284.9423076923076,483.84474201441935,1745.5,1352.1000000000001,2190.0,231,2,68.715,0.0,0.0,0.0,0.0,2
ES,2019-02-04,1858,1277.4580193756733,376.78933647548024,1657.0,922.4000000000001,1658.6,242,4,78.79249999999999,0.0,0.0,0.0,0.0,4
ES,2019-02-05,1718,1273.550058207218,575.8480159729648,1458.5,627.3,2210.7,228,0,0.0,0.0,0.0,0.0,0.0,0
ES,2019-02-06,1719,1271.5485747527628,476.69811296992873,1658.0,1454.0,2207.0,224,1,83.19,0.0,0.0,0.0,0.0,1
ES,2019-02-07,1533,1307.7031963470315,477.1482997978721,1367.5,745.2,1756.0,222,1,44.21,0.0,0.0,0.0,0.0,1
ES,2019-02-08,1738,1313.3245109321063,238.32327703143056,2213.0,1665.0,2224.5,219,2,94.85,0.0,94.85,94.85,94.85,2
ES,2019-02-09,2103,1310.4541131716594,274.7026675435744,1677.0,1667.6,2225.4,224,1,28.61,0.0,0.0,0.0,0.0,1
ES,2019-02-10,2080,1282.0725961538462,182.51742211361633,2223.5,1943.0,2231.5,235,0,0.0,0.0,0.0,0.0,0.0,0
ES,2019-02-11,1672,1313.0293062200958,0.0,1669.0,1669.0,1669.0,231,2,48.71,0.0,0.0,0.0,0.0,2
ES,2019-02-12,1833,1283.7081287506799,155.8139916695545,1315.0,1146.2,1467.1,226,1,18.48,0.0,0.0,0.0,0.0,1
ES,2019-02-13,1733,1272.4622042700514,359.73914160124417,1940.5,1481.5,2222.5,234,2,79.405,0.0,0.0,0.0,0.0,2
ES,2019-02-14,1542,1288.103112840467,403.63275387411267,1672.5,1162.8,2218.7,236,1,97.41,0.0,0.0,0.0,0.0,1
ES,2019-02-15,1928,1309.1851659751044,337.3386033843938,1116.0,757.2,1662.4,247,3,57.97666666666667,0.0,0.0,0.0,0.0,3
ES,2019-02-16,1801,1305.7790116601882,653.9643354501959,2228.5,674.4,2247.7,218,1,97.63,0.0,0.0,0.0,0.0,1
ES,2019-02-17,1943,1263.1415337107562,467.42335794818337,2214.0,1474.2000000000003,2233.0,223,5,66.18199999999999,0.0,0.0,0.0,0.0,5
ES,2019-02-18,1903,1350.5669994745138,358.8579105997247,665.0,609.4,1233.0000000000002,226,0,0.0,0.0,0.0,0.0,0.0,0
ES,2019-02-19,1794,1338.5317725752514,561.7974104222471,1671.5,855.3,2267.0,221,0,0.0,0.0,0.0,0.0,0.0,0
ES,2019-02-20,1614,1314.7924411400265,671.404064839161,2260.0,615.0,2272.8,232,0,0.0,0.0,0.0,0.0,0.0,0
ES,2019-02-21,1571,1331.7269255251429,372.84126649286026,2250.0,1626.4,2261.2,223,5,82.98,0.0,93.61,93.61,93.61,4
ES,2019-02-22,1885,1319.5968169761268,350.89518287215185,1701.0,1450.2,2263.0,228,4,59.335,0.0,0.0,0.0,0.0,3
ES,2019-02-23,1915,1299.9791122715415,92.83749242628217,1453.0,1441.2,1593.4,219,1,93.61,0.0,0.0,0.0,0.0,1
ES,2019-02-24,1937,1295.1760454310797,489.5236787927275,1694.0,1042.6,2232.2,229,0,0.0,0.0,0.0,0.0,0.0,0
ES,2019-02-25,1715,1266.823906705539,382.5437416632434,1711.0,1274.0,1717.6,230,0,0.0,0.0,0.0,0.0,0.0,0
ES,2019-02-26,1826,1310.00547645126,314.8880263455606,1725.0,1285.8,1731.0,242,0,0.0,0.0,0.0,0.0,0.0,0
ES,2019-02-27,1769,1278.4782362916906,211.49578987725138,2233.0,1729.6,2243.6,244,3,95.15666666666668,0.0,0.0,0.0,0.0,3
ES,2019-02-28,1643,1300.5946439440045,295.5,1428.5,1192.1,1664.9,229,5,54.052,0.0,0.0,0.0,0.0,2
ES,2019-03-01,1815,1306.493112947658,497.7576931484187,1142.0,1109.0,2235.0,235,2,87.52,0.0,0.0,0.0,0.0,2
ES,2019-03-02,1900,1316.3221052631582,250.1735255765651,2262.0,1724.6,2277.6,228,0,0.0,0.0,0.0,0.0,0.0,0
ES,2019-03-03,1897,1289.1112282551396,549.0563505079036,1128.0,1116.0,2246.0,241,3,92.78333333333335,0.0,95.54,95.54,95.54,3
ES,2019-03-04,2003,1292.530204692961,425.5040451244034,1131.0,1109.4,2244.8,252,1,94.9,0.0,0.0,0.0,0.0,1
ES,2019-03-05,2021,1337.1840672934197,390.93376655114827,2255.0,1278.8000000000002,2268.8,241,3,97.29,0.0,0.0,0.0,0.0,3
ES,2019-03-06,1804,1302.1413525498897,445.565496386612,1166.0,1141.4,2253.2,244,3,92.17333333333333,0.0,0.0,0.0,0.0,2
ES,2019-03-07,1811,1272.902816123688,487.33563893274356,1141.0,1124.0,2274.0,232,0,0.0,0.0,0.0,0.0,0.0,0
ES,2019-03-08,1781,1287.7636159460976,190.1298381945896,1136.5,1123.6,1633.2000000000012,242,1,22.16,0.0,0.0,0.0,0.0,1
ES,2019-03-09,1541,1262.6028552887733,0.0,1688.0,1688.0,1688.0,229,0,0.0,0.0,0.0,0.0,0.0,0
ES,2019-03-10,1897,1320.3827095413815,283.8140411824249,1416.0,1152.8,1708.2,237,3,92.06333333333332,0.0,0.0,0.0,0.0,3
ES,2019-03-11,2006,1293.3240279162512,0.0,1713.0,1713.0,1713.0,235,0,0.0,0.0,0.0,0.0,0.0,0
ES,2019-03-12,1766,1316.963193657984,434.0881246935926,2271.5,1201.6000000000001,2293.8,221,4,91.78,0.0,0.0,0.0,0.0,4
ES,2019-03-13,1856,1293.699892241379,399.9793119650065,1702.5,1416.0,2301.8,230,1,75.65,0.0,0.0,0.0,0.0,1
ES,2019-03-14,1539,1290.8252111760883,325.2082666025983,1434.0,1409.7,2247.1000000000004,224,3,60.55666666666667,0.0,0.0,0.0,0.0,2
ES,2019-03-15,1585,1266.7400630914824,0.0,1719.0,1719.0,1719.0,223,4,54.2025,0.0,0.0,0.0,0.0,4
ES,2019-03-16,1813,1248.7749586321015,8.012744949931518,1131.0,1119.2,1134.8,228,3,83.67666666666666,0.0,0.0,0.0,0.0,3
ES,2019-03-17,1988,1268.614688128772,480.71036424611106,1441.0,1122.6,2309.0,233,4,56.905,0.0,0.0,0.0,0.0,4
ES,2019-03-18,2029,1308.5401675702324,2.5,1735.5,1733.5,1737.5,238,6,88.46166666666666,0.0,0.0,0.0,0.0,6
ES,2019-03-19,1823,1301.4042786615464,502.29349978313047,2304.0,1116.2,2325.4,239,16,73.328125,0.0,0.0,0.0,0.0,10
ES,2019-03-20,1745,1293.1679083094546,0.0,1741.0,1741.0,1741.0,247,63,61.41539682539684,0.0,0.0,0.0,0.0,49
ES,2019-03-21,1670,1299.7652694610783,292.28956105204986,2027.5,1732.3,2320.6,241,36,65.17611111111111,0.0,0.0,0.0,0.0,25
ES,2019-03-22,1346,1255.101783060921,306.9837455080574,1615.0,1197.8000000000004,1813.4,223,26,60.30115384615386,0.0,72.55,72.55,72.55,19
ES,2019-03-23,1678,1300.35220500596,568.2998701389963,2310.0,1106.4,2330.0,246,35,67.11742857142858,20.803181380633962,71.8,49.768,90.488,22
ES,2019-03-24,1816,1260.2136563876647,269.2567315778753,2333.5,1899.9,2343.6,230,34,52.14676470588236,0.0,0.0,0.0,0.0,22
ES,2019-03-25,1746,1273.6660939289811,457.02391866132245,1593.0,718.8,1817.6,239,29,65.87137931034482,0.0,0.0,0.0,0.0,17
ES,2019-03-26,1772,1258.2071106094807,652.9934149744544,1456.0,883.8,2346.8,245,25,69.40119999999999,0.0,0.0,0.0,0.0,16
ES,2019-03-27,1741,1223.0717978173464,171.57011848091602,1417.0,1143.5,1678.8000000000002,254,27,58.445185185185174,0.0,39.82,39.82,39.82,18
ES,2019-03-28,1701,1297.3909465020574,3.5,1419.5,1416.7,1422.3,230,27,71.9285185185185,0.0,0.0,0.0,0.0,14
ES,2019-03-29,1743,1239.3247274813543,149.28776698123062,1129.0,1111.2,1421.0,225,26,72.76076923076923,0.0,0.0,0.0,0.0,16
ES,2019-03-30,1822,1280.725576289792,130.38031132042866,1670.0,1536.0,1846.0,236,26,55.43038461538461,0.0,0.0,0.0,0.0,16
ES,2019-03-31,2037,1295.692194403534,245.10303955683617,1599.5,1224.0,1710.4,245,35,67.04771428571428,0.0,69.67,69.67,69.67,22
ES,2019-04-01,1915,1279.7582245430806,1.0,1714.0,1713.2,1714.8,239,25,61.84520000000001,0.0,0.0,0.0,0.0,16
ES,2019-04-02,1930,1274.1507772020727,3.858612300930075,1130.0,1128.4,1135.6,236,21,66.8909523809524,0.0,0.0,0.0,0.0,14
ES,2019-04-03,1913,1277.5896497647668,2.494438257849294,1705.0,1703.4,1708.2,250,32,59.658437500000005,0.0,43.09,43.09,43.09,24
ES,2019-04-04,1804,1305.1258314855877,3.5,1416.5,1413.7,1419.3,237,27,67.40666666666668,0.0,0.0,0.0,0.0,16
ES,2019-04-05,1982,1243.1422805247223,192.7614786577468,1154.0,1135.6,1519.7000000000003,241,21,73.32666666666667,0.0,0.0,0.0,0.0,15
ES,2019-04-06,2118,1260.1525023607185,0.0,1690.0,1690.0,1690.0,232,34,68.91911764705881,0.0,0.0,0.0,0.0,20
ES,2019-04-07,2202,1256.7888283378743,2.5,1700.5,1698.5,1702.5,242,39,63.728205128205154,0.0,0.0,0.0,0.0,23
ES,2019-04-08,1982,1236.7497477295658,7.363574011458174,1137.0,1129.0,1143.4,250,26,59.95307692307694,0.0,0.0,0.0,0.0,18
ES,2019-04-09,1826,1259.8148959474258,170.7359523711944,1159.0,1140.4,1273.6000000000001,228,33,69.63636363636365,0.0,0.0,0.0,0.0,21
ES,2019-04-10,2005,1254.5865336658353,4.5,1703.5,1699.9,1707.1,234,35,66.10885714285713,0.0,0.0,0.0,0.0,24
ES,2019-04-11,1843,1224.9039609332615,0.0,1699.0,1699.0,1699.0,241,50,65.35999999999996,0.0,0.0,0.0,0.0,31
ES,2019-04-12,2016,1266.2564484126983,247.98028595479565,1168.0,1161.6,1585.6,235,84,67.84630952380952,0.0,0.0,0.0,0.0,62
ES,2019-04-13,1871,1274.6183858898987,12.153970884631194,1153.0,1137.0,1168.0,219,63,67.50015873015874,0.0,0.0,0.0,0.0,43
ES,2019-04-14,1829,1259.9294696555492,138.92373001521815,1119.0,1091.0,1137.2,229,70,64.30600000000001,0.0,16.58,16.58,16.58,52
ES,2019-04-15,1680,1242.2113095238087,77.15730684776393,1684.5,1560.9,1690.5,227,58,66.60672413793105,5.935000000000002,77.045,72.297,81.793,43
ES,2019-04-16,1959,1212.2986217457892,290.6459778206222,1575.0,899.4,1761.2,225,59,59.85898305084747,2.3700000000000045,72.17,70.274,74.066,43
ES,2019-04-17,1651,1264.6886735311928,93.78784569441821,1453.0,1440.2,1589.8,220,51,61.76509803921569,0.0,0.0,0.0,0.0,39
ES,2019-04-18,2143,1270.8385440970603,389.7101438496073,1115.0,741.6,1590.8,233,77,66.07636363636364,6.840001624431257,57.58,47.092,59.564,52
ES,2019-04-19,2266,1249.4638128861434,261.4997311184086,1145.5,1134.1,1681.0,226,63,65.28936507936508,0.0,0.0,0.0,0.0,39
ES,2019-04-20,2166,1255.384118190213,0.0,1675.0,1675.0,1675.0,231,69,63.44028985507248,0.0,0.0,0.0,0.0,46
ES,2019-04-21,2522,1266.2137192704197,101.95567664431442,1471.0,1464.8,1675.8,223,78,63.93487179487178,0.0,79.62,79.62,79.62,46
ES,2019-04-22,2060,1265.5621359223298,236.76359517459605,1304.0,1124.4,1671.4,233,69,63.67913043478259,0.0,0.0,0.0,0.0,51
ES,2019-04-23,1838,1281.4477693144722,185.69691104980046,1168.5,1148.6,1518.8,222,83,73.57590361445783,0.0,0.0,0.0,0.0,50
ES,2019-04-24,1659,1285.3110307414108,211.47236226041454,1486.0,1248.0,1669.0,215,53,63.79245283018869,0.0,0.0,0.0,0.0,40
ES,2019-04-25,1765,1264.058356940511,171.76443817688872,1200.0,1177.0,1576.1999999999998,228,60,64.71149999999999,0.0,0.0,0.0,0.0,49
ES,2019-04-26,1724,1273.0324825986074,419.3868788680288,1224.5,1214.1,2272.1000000000004,224,39,66.05128205128206,0.0,23.99,23.99,23.99,38
ES,2019-04-27,2017,1331.6098165592473,186.80642387241397,1676.0,1396.4,1678.4,224,61,69.45245901639345,0.0,0.0,0.0,0.0,50
ES,2019-04-28,1895,1307.655408970977,182.4300613186524,1221.0,1212.0,1665.0,239,37,67.67297297297299,0.0,0.0,0.0,0.0,30
ES,2019-04-29,1617,1287.0791589363018,257.2124608179005,1665.0,1249.9,1667.1,223,49,64.89244897959188,0.0,86.15,86.15,86.15,40
ES,2019-04-30,1772,1279.9954853273148,183.73964985427457,1230.5,868.1,1254.3,225,55,59.39000000000001,0.0,0.0,0.0,0.0,43
ES,2019-05-01,2171,1283.1179180101333,245.71822101068827,859.0,822.2,1262.4,238,60,65.04783333333334,0.0,0.0,0.0,0.0,47
ES,2019-05-02,1900,1278.107368421053,68.82393751450145,1689.0,1618.9,1695.0,242,61,66.08491803278687,0.0,0.0,0.0,0.0,50
ES,2019-05-03,1965,1244.0661577608148,187.68851747466263,1279.0,1270.6,1692.2,236,55,60.61000000000001,0.0,0.0,0.0,0.0,48
ES,2019-05-04,1964,1269.22199592668,4.035556254807296,1702.0,1695.6,1705.0,225,57,60.260175438596505,8.654999999999994,85.33500000000001,78.411,92.259,46
ES,2019-05-05,2232,1245.4269713261656,181.7278351050708,926.0,874.4,983.0,224,61,67.16590163934426,18.944999999999997,64.405,49.249,79.56099999999999,50
ES,2019-05-06,1919,1259.0667014069836,2.0,1701.0,1699.4,1702.6,227,53,60.87132075471699,0.0,76.41,76.41,76.41,39
ES,2019-05-07,2134,1261.7483598875356,161.6145382668467,1263.0,1243.0,1649.2000000000003,241,59,70.05101694915254,0.0,58.01,58.01,58.01,43
ES,2019-05-08,2171,1307.7222478120677,0.0,1697.0,1697.0,1697.0,248,64,66.18546874999997,0.0,0.0,0.0,0.0,51
ES,2019-05-09,2130,1278.2596244131462,201.91454720995216,1702.5,1240.6,1709.8,216,57,63.92105263157895,0.0,0.0,0.0,0.0,41
ES,2019-05-10,1860,1294.827956989248,281.62059583773345,1718.0,1140.0,1723.8,236,68,66.72279411764701,0.0,94.44,94.44,94.44,50
ES,2019-05-11,1856,1318.8960129310344,10.029707938036584,1219.0,1210.0,1235.0,231,66,74.93939393939395,0.0,0.0,0.0,0.0,45
ES,2019-05-12,2022,1338.8689416419393,3.960744879438715,1720.5,1716.6,1725.1,238,69,67.09739130434784,0.0,0.0,0.0,0.0,51
ES,2019-05-13,2057,1283.8862421001459,162.77495968360736,1557.0,1392.1,1719.8,223,56,62.650178571428576,0.0,0.0,0.0,0.0,40
ES,2019-05-14,1778,1322.6529808773905,0.0,1721.0,1721.0,1721.0,222,63,66.22936507936508,0.0,0.0,0.0,0.0,45
ES,2019-05-15,1880,1290.1537234042555,287.23988232834245,1731.0,1267.0,1734.4,232,61,69.39393442622952,0.0,0.0,0.0,0.0,39
ES,2019-05-16,1906,1280.341028331585,3.0,1728.0,1725.6,1730.4,225,65,68.52476923076922,0.0,0.0,0.0,0.0,42
ES,2019-05-17,2029,1288.2587481517985,154.60248219223388,1206.5,1193.0,1268.5000000000007,236,71,63.75140845070424,0.0,61.68,61.68,61.68,50
ES,2019-05-18,2304,1326.343315972222,132.53773047702305,1400.5,1396.3,1614.7,231,81,72.60530864197528,0.0,86.29,86.29,86.29,53
ES,2019-05-19,2386,1307.998742665548,228.03066542682367,1711.5,1298.3,1720.7,239,69,66.55942028985508,0.0,98.03,98.03,98.03,48
ES,2019-05-20,1859,1275.6256051640667,3.197221015541813,1713.0,1708.0,1714.0,228,74,63.22932432432434,0.0,0.0,0.0,0.0,50
ES,2019-05-21,1885,1309.2201591511937,353.8262542069059,1547.5,935.7,1710.4,237,72,65.46638888888893,0.0900000000000034,87.03,86.958,87.102,50
ES,2019-05-22,2006,1288.9202392821535,329.4557746314618,1317.0,722.0,1498.0,234,18,69.98999999999998,0.0,11.73,11.73,11.73,15
ES,2019-05-23,2226,1304.7654986522914,264.4105898030561,1717.0,1180.2,1723.2,242,67,69.70492537313433,0.0,0.0,0.0,0.0,47
ES,2019-05-24,2175,1316.0445977011493,338.0,1391.0,1120.6,1661.4,255,62,60.66774193548387,0.0,0.0,0.0,0.0,50
ES,2019-05-25,2169,1333.6159520516362,4.5,1713.5,1709.9,1717.1,234,75,70.99840000000003,0.0,0.0,0.0,0.0,52
ES,2019-05-26,2434,1324.8323746918643,6.374950980203691,1175.0,1167.8,1181.8,239,99,71.21373737373739,0.0,0.0,0.0,0.0,56
ES,2019-05-27,2144,1295.942630597015,2.0,1698.0,1696.4,1699.6,240,56,69.69607142857144,0.0,60.22,60.22,60.22,39
ES,2019-05-28,1935,1309.8258397932807,196.8211257857133,1158.0,1147.4,1629.5000000000002,231,67,65.4323880597015,0.0,0.0,0.0,0.0,45
ES,2019-05-29,1849,1324.5197404002165,204.83743147514159,1180.0,1161.2,1685.2,232,58,62.16155172413792,0.0,0.0,0.0,0.0,42
ES,2019-05-30,1817,1335.299394606494,148.1224155892686,1392.5,1153.1,1396.7,222,68,67.62764705882353,0.0,88.05,88.05,88.05,46
ES,2019-05-31,1946,1336.0637204522093,149.19050088915031,1541.5,1387.0,1688.0,234,44,58.83159090909091,0.0,0.0,0.0,0.0,32
ES,2019-06-01,2111,1373.25817148271,165.05137743689656,1527.0,1348.6,1715.2,220,88,72.68863636363636,15.766396755970169,92.52,69.095,96.205,48
ES,2019-06-02,2302,1240.1681146828846,5.436502143433363,1684.0,1676.8,1687.2,241,95,66.26778947368423,0.0,68.02,68.02,68.02,66
ES,2019-06-03,2074,1232.2068466730957,246.9154151166391,1683.0,1161.5,1687.5,250,77,72.02025974025977,0.0,94.5,94.5,94.5,52
ES,2019-06-04,2022,1259.136993076162,233.67966856361295,1162.0,1150.7,1691.4,251,63,68.17349206349203,0.0,0.0,0.0,0.0,45
ES,2019-06-05,2188,1233.4588665447895,219.65220235636156,1146.5,1132.3,1688.6,255,64,70.03093750000001,0.0,0.0,0.0,0.0,46
ES,2019-06-06,2011,1259.2163102933862,430.3869060379148,1144.0,737.6,1580.8,243,56,68.55375000000004,0.0,0.0,0.0,0.0,39
ES,2019-06-07,2097,1280.3519313304716,217.22301903803842,1150.0,1143.4,1474.4,233,55,59.89018181818185,0.0,0.0,0.0,0.0,44
ES,2019-06-08,2059,1270.65565808645,140.76287685323854,1376.5,1372.3,1604.0,234,58,68.65517241379308,0.0,0.0,0.0,0.0,46
ES,2019-06-09,2476,1240.732633279483,217.35882547642862,1198.0,1148.0,1486.0,238,91,68.79802197802199,0.0,87.64,87.64,87.64,57
ES,2019-06-10,2042,1190.8437806072475,336.8981281714579,1468.0,737.1,1703.6,263,56,63.836249999999986,0.0,22.96,22.96,22.96,37
ES,2019-06-11,2491,1284.2669610598152,445.47529673372463,1060.0,695.2,1691.4,257,74,64.98310810810814,0.2749999999999986,89.04499999999999,88.82499999999999,89.265,54
ES,2019-06-12,2083,1231.667306769083,0.0,643.0,643.0,643.0,251,51,67.10647058823528,0.0,0.0,0.0,0.0,44
ES,2019-06-13,2080,1249.9144230769232,431.50786783093537,1668.0,785.0,1677.2,248,78,67.19551282051283,0.0,0.0,0.0,0.0,55
ES,2019-06-14,2275,1220.2325274725276,332.16688576677836,1367.0,731.9,1658.7,246,74,64.61027027027026,0.0,47.28,47.28,47.28,50
ES,2019-06-15,2470,1300.197975708502,202.26210515979866,1163.0,978.8000000000001,1296.6000000000001,238,65,66.3983076923077,24.6504419613298,29.69,18.562,64.834,54
ES,2019-06-16,2509,1297.0793144679158,222.98695834902543,1305.5,1124.1,1483.9,250,64,74.63562499999999,7.49,11.549999999999999,5.558,17.541999999999998,38
ES,2019-06-17,2144,1246.811567164179,235.23363327173738,1486.0,1251.0,1591.6,255,65,69.69507692307694,0.0,94.02,94.02,94.02,42
ES,2019-06-18,2288,1265.8741258741263,357.81078798717067,1499.0,960.0,1659.0,248,77,72.1692207792208,39.73,58.9,27.116,90.684,55
ES,2019-06-19,2090,1330.104306220096,290.4926849337174,1489.0,1085.8,1635.4,240,53,65.33471698113212,0.0,0.0,0.0,0.0,47
ES,2019-06-20,2526,1334.924386381631,199.90219830929544,1367.0,1031.0,1373.4,261,76,70.8444736842105,0.0,18.95,18.95,18.95,47
ES,2019-06-21,2030,1289.604433497536,68.2184725715843,1449.0,1384.4,1489.8,231,82,73.92329268292687,0.0,95.62,95.62,95.62,57
ES,2019-06-22,2166,1280.7253000923372,137.48383743391642,1447.5,1371.0,1674.0,232,69,62.38086956521739,0.0,83.59,83.59,83.59,50
ES,2019-06-23,2489,1268.030132583367,148.8102476172873,1404.0,1383.2,1693.4,242,72,70.31708333333333,0.0,0.0,0.0,0.0,51
ES,2019-06-24,2378,1289.5761143818336,183.53855180860506,1456.0,1121.3,1689.0,250,76,71.31065789473685,0.0,0.0,0.0,0.0,51
ES,2019-06-25,2156,1290.5621521335806,332.30842434234023,1680.5,981.5,1684.0,248,75,72.96666666666667,5.818420938899337,36.94,36.7,46.692,43
ES,2019-06-26,2177,1275.1529627928342,154.19630345763804,1397.5,1148.0,1402.0,248,55,55.07345454545454,0.0,0.0,0.0,0.0,42
ES,2019-06-27,1922,1254.8277835587924,2.5,1681.5,1679.5,1683.5,232,37,70.73675675675676,0.0,0.0,0.0,0.0,29
ES,2019-06-28,2052,1286.4147173489275,0.0,1680.0,1680.0,1680.0,230,63,69.91380952380953,0.0,0.0,0.0,0.0,47
ES,2019-06-29,1862,1320.3732545649846,63.180633009991695,1148.0,1120.2,1164.4,228,63,70.47841269841268,0.0,47.42,47.42,47.42,47
ES,2019-06-30,2353,1334.95240118997,187.87083033001397,1142.0,1100.0,1464.3999999999999,241,70,72.43199999999999,7.324999999999999,46.504999999999995,40.644999999999996,52.365,49
ES,2019-07-01,2233,1325.1079265562016,211.03076405941715,1151.0,1129.0,1673.0,239,77,68.27259740259738,0.0,90.34,90.34,90.34,51
ES,2019-07-02,2065,1309.9239709443102,247.04093228091213,1665.0,1143.0,1669.0,250,57,69.27666666666666,37.67,55.78,25.644,85.916,38
ES,2019-07-03,2238,1287.8588025022336,147.96626821314925,1155.0,1141.0,1163.0,240,80,70.21650000000001,0.0,0.0,0.0,0.0,53
ES,2019-07-04,2010,1261.0890547263682,156.976940375809,1159.0,1137.6,1297.3999999999996,241,56,69.34375000000001,0.0,84.54,84.54,84.54,38
ES,2019-07-05,1792,1263.5429687499995,224.83361369277915,1197.0,1050.6,1664.6,237,75,68.40226666666666,18.543960981648148,45.91,27.366,63.702000000000005,53
ES,2019-07-06,2096,1331.6068702290083,165.8217478830986,1356.5,1223.5,1663.0,227,72,63.51777777777775,0.0,0.0,0.0,0.0,51
ES,2019-07-07,2593,1326.8557655225613,12.562464336430239,1232.0,1217.8,1247.0,238,70,66.4322857142857,0.0,90.21,90.21,90.21,46
ES,2019-07-08,2278,1299.361281826163,171.0089178961144,1234.0,1216.9,1656.2,233,55,63.89127272727273,0.0,78.36,78.36,78.36,38
ES,2019-07-09,1967,1287.3772241992883,152.94468408182382,1480.5,1463.4,1633.2,232,62,67.78209677419356,0.0,23.47,23.47,23.47,46
ES,2019-07-10,1777,1308.3286437816548,226.95690670257207,1650.5,1220.0,1661.5,239,57,72.94789473684213,0.0,96.06,96.06,96.06,46
ES,2019-07-11,1795,1305.6467966573819,205.93713128238028,1409.5,1206.4,1656.9,238,53,64.98264150943398,30.290685449490905,73.355,31.777,91.21700000000001,40
ES,2019-07-12,2050,1271.4536585365852,1.6583123951777,1660.0,1657.6,1661.0,229,50,67.41080000000002,0.0,0.0,0.0,0.0,36
ES,2019-07-13,2079,1297.136123136122,76.30933223958398,1661.0,1497.2,1677.4,219,56,74.78107142857142,28.874999999999996,63.394999999999996,40.295,86.495,41
ES,2019-07-14,2216,1251.6227436823106,277.6764704151618,1657.0,1189.0,1663.4,236,50,63.86859999999999,0.0,0.0,0.0,0.0,43
ES,2019-07-15,2530,1287.9446640316214,149.42131336890628,1497.0,1428.6,1668.4,238,57,57.634210526315805,0.0,0.0,0.0,0.0,49
ES,2019-07-16,1942,1260.9485066941295,8.586872247797798,1680.5,1667.3,1685.9,245,59,61.45677966101694,17.07987314550862,65.73,59.338,90.986,44
ES,2019-07-17,1994,1304.479939819459,232.6394444437811,1691.0,1336.6,1700.6,247,53,65.41037735849055,27.889999999999997,53.709999999999994,31.398,76.02199999999999,45
ES,2019-07-18,1865,1320.0911528150136,361.5,1323.5,1034.3,1612.7,230,47,58.85446808510638,0.0,22.59,22.59,22.59,40
ES,2019-07-19,2295,1349.4518518518519,0.0,1677.0,1677.0,1677.0,228,54,63.46203703703705,0.0,0.0,0.0,0.0,46
ES,2019-07-20,2253,1291.0665778961384,100.56683101301343,1681.0,1481.6,1696.3,213,46,60.236521739130445,12.275000000000002,68.985,59.165,78.805,41
ES,2019-07-21,2448,1303.7622549019604,200.96284136493358,1212.0,1188.0,1679.8,232,55,68.11109090909092,0.0,65.94,65.94,65.94,44
ES,2019-07-22,2222,1294.063456345635,189.68272454412357,1174.0,1157.0,1695.0,242,68,58.13852941176471,18.610000000000003,47.17,32.282,62.058,50
ES,2019-07-23,2012,1277.10337972167,102.76029046240754,1136.5,1118.0,1159.6,243,73,67.95520547945209,0.0,98.27,98.27,98.27,45
ES,2019-07-24,2125,1315.236705882353,215.34346983365901,1689.0,1157.3,1696.1,249,71,67.19929577464788,0.0,0.0,0.0,0.0,51
ES,2019-07-25,1905,1318.554855643045,243.48597951878506,1190.0,1168.8,1684.0,236,81,71.54925925925929,5.919999999999995,79.18,74.444,83.916,51
ES,2019-07-26,2106,1301.4867046533716,167.5742422153962,1499.0,1449.4,1695.2,228,60,70.08733333333333,26.795,66.125,44.689,87.561,39
ES,2019-07-27,2619,1364.8648339060705,142.5022416977673,1493.5,1172.3,1508.8,243,51,64.60745098039217,0.0,0.0,0.0,0.0,36
ES,2019-07-28,2486,1314.1822204344328,136.41834910867001,1165.0,1149.2,1177.0,251,62,60.497096774193544,13.875000000000002,25.115000000000002,14.015,36.215,50
ES,2019-07-29,2117,1290.062352385451,166.90997980355965,1466.0,1165.0,1490.0,246,73,65.833698630137,0.0,78.54,78.54,78.54,53
ES,2019-07-30,1968,1324.39075203252,130.58238778640862,1460.0,1439.0,1713.8,253,67,64.47014925373138,0.0,0.0,0.0,0.0,52
ES,2019-07-31,1980,1287.05808080808,138.87378800221026,1201.0,1191.4,1208.6,237,50,62.9032,0.0,64.49,64.49,64.49,41
ES,2019-08-01,1981,1290.4003028773343,229.76012612190905,1216.0,1095.2,1713.8,251,49,61.11448979591838,6.770000000000001,35.93,30.514,41.346000000000004,41
ES,2019-08-02,2309,1358.6080554352538,131.66149778883727,1683.0,1415.0,1696.0,259,76,65.01513157894739,0.0,56.47,56.47,56.47,54
ES,2019-08-03,2054,1330.0749756572536,5.520165053893065,1405.5,1398.0,1409.0,216,41,58.97024390243903,30.695000000000004,54.705000000000005,30.149,79.26100000000001,29
ES,2019-08-04,2226,1374.3490566037733,60.4313216525851,1440.0,1409.2,1458.2,236,69,67.40594202898548,0.0,0.0,0.0,0.0,44
ES,2019-08-05,2072,1359.5859073359075,301.75327670134754,1669.0,1220.2,1681.8,237,76,68.84697368421051,2.1635978266663916,78.74,75.492,79.476,51
ES,2019-08-06,2353,1319.8593285167876,80.256810026038,1435.0,1413.4,1577.0,241,82,66.07500000000002,0.0,0.0,0.0,0.0,60
ES,2019-08-07,2326,1304.2119518486677,72.18926512993467,1438.5,1394.2,1469.1999999999998,238,78,62.28205128205132,0.0,73.7,73.7,73.7,50
ES,2019-08-08,2242,1280.450044603033,74.79030581398902,1421.5,1395.8,1437.9,252,54,68.8612962962963,0.0,0.0,0.0,0.0,41
ES,2019-08-09,2428,1330.2837726523894,114.08001577840002,1393.5,1387.4,1576.0,256,70,65.93985714285715,0.0,90.85,90.85,90.85,45
ES,2019-08-10,2202,1317.7275204359673,158.22272198412628,1175.0,1143.0,1410.0,247,66,65.61499999999995,0.0,0.0,0.0,0.0,45
ES,2019-08-11,2249,1297.896398399288,93.43588423517978,1419.0,1411.0,1655.0,235,58,64.985,0.0,82.57,82.57,82.57,43
ES,2019-08-12,2325,1329.9088172043014,187.2025834657092,1112.0,1095.1,1453.5,250,64,61.75125,1.4500000000000008,29.33,28.169999999999998,30.490000000000002,52
ES,2019-08-13,2367,1298.3388255175332,323.2537387128519,1463.0,1403.8,1824.0000000000005,248,73,65.88219178082187,0.0,0.0,0.0,0.0,57
ES,2019-08-14,2092,1285.5363288718936,139.5,1538.5,1426.9,1650.1,240,40,69.333,0.0,0.0,0.0,0.0,37
ES,2019-08-15,2299,1341.9451935624184,4.08248290463863,1677.0,1673.0,1681.0,230,63,59.27063492063495,0.0,0.0,0.0,0.0,43
ES,2019-08-16,2058,1277.965500485909,246.22455715135055,1094.0,1081.6,1670.6,237,72,71.0048611111111,11.91,73.15,63.622,82.678,50
ES,2019-08-17,2125,1337.1505882352942,125.05358851308506,1425.0,1410.6,1671.0,241,62,63.686935483870975,0.0,0.0,0.0,0.0,45
ES,2019-08-18,2391,1303.5382685069,188.7503024178292,1111.0,1098.0,1487.0,257,52,57.69057692307694,0.0,5.14,5.14,5.14,45
ES,2019-08-19,1971,1289.3110096397768,163.33126473769906,1391.0,1114.6,1467.8,236,53,66.30301886792455,0.0,0.0,0.0,0.0,47
ES,2019-08-20,2261,1325.829279080054,488.6433761246242,1144.0,1129.0,2354.2,261,83,66.26120481927714,25.035983437178306,35.88,33.992000000000004,77.392,53
ES,2019-08-21,2562,1326.1112412177981,494.12964834646385,2012.0,1332.8,2367.0,275,55,57.22909090909091,0.0,49.17,49.17,49.17,41
ES,2019-08-22,2388,1288.934673366834,396.5243704854582,1674.0,1122.7,2297.1000000000004,264,73,63.760958904109614,0.0,66.47,66.47,66.47,60
ES,2019-08-23,2296,1291.8619337979092,283.68297986344913,1148.0,1102.0,1665.0,264,57,63.20701754385964,0.0,94.56,94.56,94.56,39
ES,2019-08-24,2365,1358.4697674418608,150.52407496097473,1152.0,1135.4,1330.0000000000005,260,68,58.48014705882353,0.0,89.69,89.69,89.69,50
ES,2019-08-25,2495,1324.7342685370743,217.07446260223605,1183.0,1174.0,1664.0,247,61,65.72573770491803,0.0,0.0,0.0,0.0,49
ES,2019-08-26,2231,1267.9193186911702,180.1070858080732,1228.0,1190.0,1666.0,261,61,61.77836065573768,0.0,0.0,0.0,0.0,45
ES,2019-08-27,2221,1272.766771724449,206.33563691647743,1225.0,1206.2,1681.6,249,57,65.99771929824561,42.30499999999999,48.074999999999996,14.231,81.919,41
ES,2019-08-28,2210,1285.9895927601815,230.04599540091976,1188.5,1176.0,1431.9,261,65,61.67646153846157,0.0,57.66,57.66,57.66,53
ES,2019-08-29,2206,1285.979147778786,378.5,1331.5,1028.7,1634.3,258,53,67.25981132075472,0.0,0.0,0.0,0.0,38
ES,2019-08-30,2030,1287.2497536945807,409.3221822585344,1415.0,1103.4,2091.3999999999996,246,87,68.29057471264369,0.0,52.35,52.35,52.35,59
ES,2019-08-31,2374,1337.9140690817187,197.278000230639,1404.0,1221.1000000000001,1437.6,241,64,62.06234375000001,0.0,36.61,36.61,36.61,46
ES,2019-09-01,2321,1330.0538560965101,450.01147236433377,1702.0,1035.4,2358.6,274,64,72.23984375000003,25.3223708210744,78.45,37.262,92.476,43
ES,2019-09-02,2238,1307.6143878462915,261.5762986204981,1415.0,1109.8,1701.0,265,87,65.59344827586209,0.0,31.07,31.07,31.07,61
ES,2019-09-03,2126,1301.0399811853242,285.8948001183195,1188.0,1065.0,1695.0,276,66,67.17424242424244,17.285,75.765,61.937,89.593,37
ES,2019-09-04,2202,1281.1598546775656,327.00688066155425,1369.5,1044.0,1699.2,278,71,66.06661971830982,0.0,79.39,79.39,79.39,56
ES,2019-09-05,2286,1286.7007874015744,268.45439091212495,1701.0,1298.2,1710.0,275,80,64.50249999999998,4.07,62.62,59.364,65.876,50
ES,2019-09-06,2152,1330.1184944237923,314.4278754959377,1712.0,1179.2,1713.6,266,65,57.7906153846154,39.394999999999996,57.135,25.619,88.651,57
ES,2019-09-07,2345,1295.735181236674,9.5,1060.5,1052.9,1068.1,252,68,61.989852941176466,0.0,88.95,88.95,88.95,46
ES,2019-09-08,2379,1322.8385876418663,149.77288361604937,1173.5,1170.1,1181.0,262,78,66.94474358974357,0.0,0.0,0.0,0.0,60
ES,2019-09-09,2350,1297.4093617021265,167.55861768100212,1177.0,1161.0,1407.8,270,58,63.75327586206895,0.0,0.0,0.0,0.0,40
ES,2019-09-10,2367,1285.2065906210394,193.93463743905036,1143.0,1099.8,1392.0000000000002,278,87,63.97873563218391,0.0,81.88,81.88,81.88,66
ES,2019-09-11,2188,1263.5667276051188,201.5051188559985,1126.0,1104.0,1443.0,275,84,61.84952380952382,0.0,0.0,0.0,0.0,53
ES,2019-09-12,2239,1282.7012058954892,0.0,1091.0,1091.0,1091.0,271,97,67.40319587628869,0.0,0.0,0.0,0.0,65
ES,2019-09-13,1906,1301.880902413431,323.5,1417.5,1158.7,1676.3,256,67,66.08626865671644,0.0,0.0,0.0,0.0,46
ES,2019-09-14,2245,1307.289532293987,178.28619391907148,1395.0,1378.0,1743.0,257,70,60.68385714285714,0.0,81.1,81.1,81.1,50
ES,2019-09-15,2693,1294.8941700705525,108.37606755419723,1686.0,1624.2,1853.6,265,80,64.29637500000001,28.58,69.71000000000001,46.846,92.574,57
ES,2019-09-16,2194,1265.902005469462,0.0,1745.0,1745.0,1745.0,285,84,67.97392857142857,0.0,0.0,0.0,0.0,57
ES,2019-09-17,2040,1262.7112745098038,0.0,1085.0,1085.0,1085.0,265,53,64.89283018867923,0.0,19.19,19.19,19.19,50
ES,2019-09-18,2016,1222.9087301587301,172.5340546095176,1753.0,1460.2,1753.0,258,54,63.3424074074074,0.0,0.0,0.0,0.0,38
ES,2019-09-19,1939,1293.1036616812787,14.522970311429637,2374.5,2362.0,2396.0,257,66,61.506969696969705,0.0,0.0,0.0,0.0,44
ES,2019-09-20,1876,1285.897121535181,509.20761973874664,1739.0,1050.0,2142.6,257,81,69.93469135802471,2.0549999999999997,94.58500000000001,92.941,96.229,58
ES,2019-09-21,2387,1287.225806451613,511.4457992354181,2395.5,1400.0,2405.0,262,67,67.05985074626865,0.0,91.76,91.76,91.76,40
ES,2019-09-22,2532,1258.219589257505,6.616477747093069,2400.0,2391.6,2407.4,248,72,61.62138888888886,0.0,0.0,0.0,0.0,48
ES,2019-09-23,2210,1250.531674208145,85.37472585652647,1654.0,1547.0,1701.4,258,66,64.2769696969697,0.0,77.18,77.18,77.18,43
ES,2019-09-24,2228,1305.970377019749,413.79510359005224,2065.0,1404.4,2393.9,258,76,67.8130263157895,0.0,0.0,0.0,0.0,56
ES,2019-09-25,2098,1271.339370829361,574.1783781346659,2381.0,1045.0,2403.0,272,78,64.32576923076923,0.0,21.76,21.76,21.76,62
ES,2019-09-26,2388,1237.7030988274703,6.8527366796047255,1442.0,1428.2,1442.0,275,55,72.72163636363635,0.0,0.0,0.0,0.0,41
ES,2019-09-27,2279,1266.8279947345331,266.83843426313234,1584.0,1193.2,1738.2,262,66,64.89606060606059,8.910000000000004,79.1,71.972,86.22800000000001,56
ES,2019-09-28,2147,1243.4452724732182,1.0,1737.0,1736.2,1737.8,258,61,60.85049180327872,0.0,0.0,0.0,0.0,51
ES,2019-09-29,2698,1268.1953298739804,577.1460395951862,1750.0,699.4,2017.0000000000002,285,93,63.96537634408604,0.0,0.0,0.0,0.0,55
ES,2019-09-30,2520,1280.388095238096,379.62637882528657,1438.0,939.1,1668.8,279,86,63.70011627906976,0.0,0.0,0.0,0.0,63
ES,2019-10-01,2169,1262.0497925311206,172.33752412699394,1434.0,1145.2,1441.2,262,54,62.429259259259304,0.0,39.48,39.48,39.48,41
ES,2019-10-02,2319,1243.9719706770156,387.62115525342523,2387.0,1807.6,2395.6,266,61,68.43737704918033,32.195,59.625,33.869,85.381,43
ES,2019-10-03,2219,1264.7219468228936,461.93147489643957,701.0,678.4,1443.9,262,88,67.07920454545454,0.0,89.95,89.95,89.95,58
ES,2019-10-04,2427,1268.9950556242281,0.0,2403.0,2403.0,2403.0,273,55,65.98418181818182,0.0,0.0,0.0,0.0,48
ES,2019-10-05,2407,1251.6194432904033,0.0,1763.0,1763.0,1763.0,281,81,65.1416049382716,0.0,0.0,0.0,0.0,55
ES,2019-10-06,2407,1288.0074781886165,0.0,1757.0,1757.0,1757.0,287,69,63.28956521739131,0.0,0.0,0.0,0.0,45
ES,2019-10-07,2243,1279.2117699509593,182.12978888693635,1752.0,1382.1,1817.7,264,62,61.66532258064517,0.0,0.0,0.0,0.0,47
ES,2019-10-08,2177,1282.0583371612313,350.0,1412.0,1132.0,1692.0,277,79,61.95177215189873,0.0,0.0,0.0,0.0,58
ES,2019-10-09,2332,1262.323756432247,179.5,1583.5,1439.9,1727.1,292,65,64.36476923076926,0.0,95.76,95.76,95.76,54
ES,2019-10-10,2167,1248.910013844024,125.11748573419912,1636.0,1469.0,1792.0,275,76,61.59763157894741,0.0,72.18,72.18,72.18,53
ES,2019-10-11,2176,1278.4958639705883,168.19108180875702,1758.0,1416.0,1762.2,274,77,61.21246753246755,0.0,0.0,0.0,0.0,59
ES,2019-10-12,2302,1260.097306689835,389.9397902240806,1775.0,1549.2,2396.2,270,71,65.80788732394367,0.0,10.72,10.72,10.72,58
ES,2019-10-13,2775,1282.3106306306306,290.6004817614727,1775.0,1198.2,1778.0,264,76,66.7861842105263,0.0,0.0,0.0,0.0,52
ES,2019-10-14,2315,1230.7092872570197,94.55235025516558,1558.0,1448.4,1583.0,268,83,67.92807228915663,21.320351046593952,76.675,48.884,94.113,53
ES,2019-10-15,2226,1252.9734950584004,1.5,1420.5,1419.3,1421.7,266,71,62.21619718309857,0.0,0.0,0.0,0.0,41
ES,2019-10-16,2207,1232.5564114182146,0.0,1780.0,1780.0,1780.0,269,67,64.68194029850747,0.0,0.0,0.0,0.0,52
ES,2019-10-17,2457,1228.9780219780218,0.0,1412.0,1412.0,1412.0,269,67,68.74164179104481,0.0,0.0,0.0,0.0,46
ES,2019-10-18,2167,1265.2247346562076,275.42421825249863,1772.5,1766.2,2217.0,267,48,60.115000000000016,0.0,83.3,83.3,83.3,39
ES,2019-10-19,2296,1255.956445993031,1.0,1760.0,1759.2,1760.8,250,76,60.68355263157895,0.0,96.14,96.14,96.14,47
ES,2019-10-20,2545,1237.7673870333995,0.0,1760.0,1760.0,1760.0,280,78,71.11769230769231,0.0,0.0,0.0,0.0,45
ES,2019-10-21,2472,1280.7957119741102,110.43207802234232,1516.0,1355.2,1560.6,265,77,63.89207792207793,0.0,25.09,25.09,25.09,52
ES,2019-10-22,2401,1295.781341107872,4.0,1765.0,1761.8,1768.2,273,62,62.68967741935487,0.0,0.0,0.0,0.0,50
ES,2019-10-23,2459,1316.615290768605,26.75131124003503,1572.0,1520.4,1582.4,264,72,60.51430555555555,0.0,78.43,78.43,78.43,54
ES,2019-10-24,2014,1286.7408142999004,0.0,1774.0,1774.0,1774.0,267,67,64.55164179104476,0.0,0.0,0.0,0.0,46
ES,2019-10-25,2251,1266.4957796534866,0.0,1774.0,1774.0,1774.0,255,70,64.17314285714286,0.0,0.0,0.0,0.0,49
ES,2019-10-26,2431,1269.580830933773,681.065015659706,1060.0,926.4,2143.2,265,82,61.55878048780489,0.0,0.0,0.0,0.0,50
ES,2019-10-27,2475,1250.9866666666671,305.0162108624538,2415.0,1900.6,2421.4,262,82,67.46060975609758,0.0,97.47,97.47,97.47,43
ES,2019-10-28,2357,1265.3364446330074,5.792715732327589,2406.0,2402.0,2413.2,271,77,64.69363636363639,0.0,0.0,0.0,0.0,51
ES,2019-10-29,2352,1282.1687925170063,0.0,1769.0,1769.0,1769.0,255,72,64.19277777777776,0.0,0.0,0.0,0.0,47
ES,2019-10-30,2240,1253.9517857142866,291.4890049384367,1053.0,1007.8,1484.0,274,75,61.70840000000004,0.0,0.0,0.0,0.0,51
ES,2019-10-31,2369,1286.5795694385818,147.40729195742733,1422.0,1122.1,1433.9,267,62,70.95758064516131,0.0,97.66,97.66,97.66,47
ES,2019-11-01,2402,1303.7830974188173,129.59782984294142,1602.5,1423.3,1752.4,253,88,67.98397727272726,0.0,0.0,0.0,0.0,49
ES,2019-11-02,2812,1275.3456614509244,45.88420207435234,1425.0,1354.4,1431.2,260,89,62.07303370786518,0.0,82.68,82.68,82.68,67
ES,2019-11-03,3123,1241.0451488952926,573.569137554973,1209.0,1158.6,2156.2,279,88,59.19852272727274,0.0,45.08,45.08,45.08,63
ES,2019-11-04,2569,1252.223043985987,296.5589106737479,1172.5,1013.1,1608.4,272,76,63.233157894736834,6.890000000000001,81.96,76.448,87.472,52
ES,2019-11-05,2165,1223.9321016166268,31.09483701338357,1226.0,1218.8,1274.8,269,72,67.82749999999999,0.0,70.63,70.63,70.63,57
ES,2019-11-06,2196,1255.9380692167585,582.7586871939362,1805.5,1225.0,2392.3,262,57,61.330701754385984,0.0,0.0,0.0,0.0,47
ES,2019-11-07,2106,1250.0560303893642,3.5,1446.5,1443.7,1449.3,249,67,61.623731343283595,0.0,55.18,55.18,55.18,54
ES,2019-11-08,2092,1262.0936902485669,588.8213061806144,1132.0,1048.0,2390.2,266,57,67.79614035087718,0.0,89.2,89.2,89.2,44
ES,2019-11-09,2454,1274.2127139364304,7.767453465154029,1454.0,1444.5,1460.5,269,84,68.7954761904762,0.0,95.55,95.55,95.55,64
ES,2019-11-10,3147,1266.2755004766448,302.7503261765377,1048.0,936.4,1488.8000000000002,277,90,65.54822222222221,0.0,17.07,17.07,17.07,63
ES,2019-11-11,2453,1242.4406848756626,237.86847147577632,1009.0,963.0,1423.7,281,73,61.58315068493152,0.0,23.51,23.51,23.51,52
ES,2019-11-12,2200,1231.7068181818183,174.31873345493688,1604.0,1403.8,1680.8,261,75,64.21933333333332,0.0,54.39,54.39,54.39,60
ES,2019-11-13,2320,1258.6426724137932,252.32832447692695,1195.0,916.5,1439.0,273,90,58.07744444444446,8.649999999999999,48.5,41.58,55.42,61
ES,2019-11-14,2265,1289.0026490066223,188.26869639113224,1421.0,1017.8,1431.8,275,82,65.42146341463409,30.979999999999997,64.22999999999999,39.446,89.014,62
ES,2019-11-15,2363,1240.6110876005075,208.85773999436927,1413.0,1061.8,1419.4,269,76,61.828684210526355,0.0,38.06,38.06,38.06,62
ES,2019-11-16,2218,1254.1636609558168,322.9623623582166,1012.5,1003.3,1534.8000000000002,257,85,66.70188235294115,14.93,51.29,39.346,63.234,58
ES,2019-11-17,2835,1265.0172839506163,381.13019064648006,1014.0,909.2,1602.0,274,112,63.809642857142855,0.0,54.04,54.04,54.04,73
ES,2019-11-18,2478,1279.241727199354,213.97356729278502,1450.0,995.9,1465.7,258,65,66.76492307692308,0.0,0.0,0.0,0.0,50
ES,2019-11-19,2418,1244.9094292803966,200.73723496152874,1467.5,1019.0,1478.8,246,61,64.0562295081967,0.0,0.0,0.0,0.0,46
ES,2019-11-20,2496,1265.7920673076924,478.68372583053207,967.0,929.4,1436.5999999999997,267,79,64.1939240506329,0.0,95.66,95.66,95.66,61
ES,2019-11-21,2411,1274.534632932393,268.87832010113453,1405.0,995.0,1553.6000000000001,278,76,64.74394736842108,0.0,96.88,96.88,96.88,65
ES,2019-11-22,2322,1262.3372093023252,25.772509040103607,973.0,935.4,983.4,261,68,59.8733823529412,0.0,50.21,50.21,50.21,49
ES,2019-11-23,2215,1314.124153498871,719.4457502133153,1702.0,933.1,2394.6,249,77,66.2227272727273,0.0,22.37,22.37,22.37,57
ES,2019-11-24,2275,1275.2848351648352,4.921607686744467,2378.0,2372.4,2382.0,275,78,64.04269230769228,0.0,0.0,0.0,0.0,59
ES,2019-11-25,2643,1285.1997729852435,179.727726173664,1550.5,1524.4,1767.6,284,111,67.62882882882883,0.0,60.09,60.09,60.09,78
ES,2019-11-26,2184,1285.139652014652,583.1497985080678,1029.0,998.5,1971.6000000000004,264,91,64.75362637362639,0.0,43.41,43.41,43.41,66
ES,2019-11-27,2334,1292.7232219365897,7.3484692283495345,1423.0,1415.8,1430.2,262,64,71.309375,0.0,0.0,0.0,0.0,44
ES,2019-11-28,2277,1277.9806763285028,21.602468994692867,978.0,946.0,986.0,262,74,62.681216216216214,0.0,18.77,18.77,18.77,54
ES,2019-11-29,2353,1242.0883977900555,42.897811391983886,908.0,892.8,972.0,280,96,62.56499999999999,0.0,0.0,0.0,0.0,63
ES,2019-11-30,2322,1287.3298880275622,126.71413584214756,1471.5,1437.8,1481.7,265,79,58.82708860759496,0.0,57.07,57.07,57.07,61
ES,2019-12-01,2607,1272.9378596087458,1.5,1753.5,1752.3,1754.7,281,80,62.59787500000002,0.0,0.0,0.0,0.0,61
ES,2019-12-02,2325,1238.9354838709683,0.0,1746.0,1746.0,1746.0,276,75,63.28053333333336,0.0,0.0,0.0,0.0,63
ES,2019-12-03,2693,1277.8432974378018,426.91473094752774,1321.0,880.9,1742.2,300,77,64.23584415584412,0.0,90.8,90.8,90.8,56
ES,2019-12-04,2552,1233.2323667711596,325.12926660022475,990.0,884.0,1452.2,273,75,56.620799999999996,0.0,29.69,29.69,29.69,64
ES,2019-12-05,2517,1322.2586412395708,187.93690370216515,1080.0,1027.0,1445.4,279,89,64.91359550561796,0.0,59.78,59.78,59.78,62
ES,2019-12-06,2748,1280.239082969432,229.66233096751435,1133.0,1059.5,1176.0,272,101,65.09653465346534,0.0,0.0,0.0,0.0,68
ES,2019-12-07,2812,1283.8239687055473,391.9844101208335,1746.0,1577.8,2357.6,269,88,63.548295454545446,3.9399999999999977,44.43,41.278,47.582,65
ES,2019-12-08,2941,1315.6436586195173,211.07399509403965,1740.0,1732.0,1743.0,269,99,64.54252525252527,27.17983566298124,62.76,28.648000000000003,81.128,75
ES,2019-12-09,2927,1257.0293816194062,260.5083172056764,1740.5,1390.0,1743.0,287,88,64.92806818181818,0.0,92.68,92.68,92.68,68
ES,2019-12-10,2501,1294.8168732506995,420.3834522356705,1751.0,1587.6,2351.2,265,92,64.38021739130436,0.0,80.37,80.37,80.37,70
ES,2019-12-11,2380,1307.5373949579828,293.7292782289312,1167.0,1121.2,1750.2,267,81,60.28580246913581,17.857661287712528,31.74,16.012,50.948,64
ES,2019-12-12,2485,1308.6362173038224,2.5,1755.5,1753.5,1757.5,280,77,57.19311688311689,0.0,0.0,0.0,0.0,58
ES,2019-12-13,2119,1268.9263803680974,260.86572335175566,1179.0,1168.0,1746.0,281,74,68.66851351351349,0.0,57.56,57.56,57.56,55
ES,2019-12-14,2353,1272.1240968975778,1.920286436967152,1727.0,1724.6,1728.7,260,99,66.7633333333333,0.0,75.35,75.35,75.35,62
ES,2019-12-15,2856,1282.358893557422,211.195044777986,1572.0,1303.6000000000001,1663.2,274,95,68.6523157894737,41.545,52.205,18.969,85.441,68
ES,2019-12-16,2425,1279.2329896907218,391.151185604748,1383.5,922.0,1730.2,283,93,61.27806451612903,0.0,25.96,25.96,25.96,71
ES,2019-12-17,2385,1265.3429769392037,301.80165672176156,1734.0,1281.2,1735.6,285,96,67.33354166666665,0.0,84.07,84.07,84.07,67
ES,2019-12-18,2253,1282.7940523746115,301.4093717438129,2034.0,1734.8,2341.4,269,79,58.65645569620256,12.020000000000003,82.74000000000001,73.124,92.35600000000001,65
ES,2019-12-19,2277,1272.7848045674134,299.8249489285373,1217.5,949.0,1580.5,285,87,65.9726436781609,36.64,52.2,22.888,81.512,65
ES,2019-12-20,2633,1248.2556019749336,266.3549969026299,1440.0,1032.7,1764.3,291,99,65.20535353535352,0.0,0.0,0.0,0.0,64
ES,2019-12-21,2605,1254.7044145873324,256.08807477275536,1479.0,951.0,1486.4,265,102,63.93215686274513,4.189999999999998,90.59,87.238,93.94200000000001,64
ES,2019-12-22,2417,1330.2126603227143,204.2980393662379,1479.0,1218.0,1744.2,275,99,71.22838383838382,29.664999999999996,59.464999999999996,35.733000000000004,83.197,62
ES,2019-12-23,2117,1274.8337269721305,260.3135080032913,1462.0,1101.9,1743.7,264,115,66.29852173913042,5.222006851350879,80.34,75.10000000000001,85.332,73
ES,2019-12-24,2049,1297.2459736456813,426.0,1321.0,980.2,1661.8,262,101,70.08217821782178,0.0,0.0,0.0,0.0,61
ES,2019-12-25,2449,1292.7688852592896,350.717006099429,1610.5,1472.7,2334.2,266,111,66.98540540540537,21.385,40.385000000000005,23.277,57.493,72
ES,2019-12-26,2447,1283.9366571311816,183.2407257687191,1333.0,1257.0,1525.0,269,80,62.813,0.0,0.0,0.0,0.0,63
ES,2019-12-27,2784,1224.5287356321842,367.84870078153955,1747.0,1002.6,1755.6,280,100,61.410400000000024,6.960000000000001,57.550000000000004,51.982000000000006,63.118,66
ES,2019-12-28,2955,1253.2172588832493,8.65165944040011,1501.0,1490.4,1513.6,275,138,65.94101449275362,0.0,0.0,0.0,0.0,72
ES,2019-12-29,3174,1241.8468809073725,277.7497374736233,1282.5,1047.5,1625.5,290,67,67.19089552238803,0.0,42.21,42.21,42.21,41
ES,2019-12-30,2751,1284.391494002181,290.3074373199304,1490.0,1052.8,1752.4,281,97,61.27536082474231,0.0,0.0,0.0,0.0,64
ES,2019-12-31,2518,1295.1016679904678,299.8164047266425,1531.0,1426.8,1993.0000000000014,268,89,64.63876404494383,10.994999999999997,53.105,44.309,61.900999999999996,56
ES,2020-01-01,2922,1310.883299110199,302.2428659207691,1755.0,1266.4,1755.0,269,110,65.01690909090911,0.0,35.42,35.42,35.42,67
ES,2020-01-02,2762,1289.694062273715,143.0655444193325,1057.0,1055.8,1186.6,295,112,67.38464285714288,0.0,100.0,100.0,100.0,79
ES,2020-01-03,2685,1308.2912476722531,222.96672397467742,1384.0,1181.8,1644.0,284,107,65.02747663551399,0.0,90.9,90.9,90.9,69
ES,2020-01-04,2966,1310.5660822656778,207.51477591299906,1488.0,1095.0,1526.8,292,121,61.39933884297521,0.0,0.0,0.0,0.0,75
ES,2020-01-05,2931,1297.7099965881946,266.36648070058726,1750.0,1227.4,1757.2,287,118,63.306271186440725,0.0,93.05,93.05,93.05,82
ES,2020-01-06,2766,1275.1851048445421,3.0,1762.0,1759.6,1764.4,285,111,67.47261261261265,0.0,0.0,0.0,0.0,72
ES,2020-01-07,2365,1266.7031712473572,232.96334125210976,1132.0,1074.2,1393.4000000000003,290,98,66.33673469387757,0.0,61.49,61.49,61.49,76
ES,2020-01-08,2195,1277.1239179954448,4.5,1505.5,1501.9,1509.1,282,111,64.08423423423427,0.0,0.0,0.0,0.0,75
ES,2020-01-09,2074,1271.6938283510128,0.0,1064.0,1064.0,1064.0,274,72,57.527083333333344,0.0,25.02,25.02,25.02,60
ES,2020-01-10,2654,1287.6036171816122,406.3508826153689,1566.5,733.4,1741.7999999999995,274,117,66.94982905982904,10.472352589079494,78.41,62.126000000000005,82.535,73
ES,2020-01-11,2503,1303.8517778665603,262.4407340503545,1768.0,1415.5,1769.0,282,107,66.05299065420557,0.0,0.0,0.0,0.0,71
ES,2020-01-12,2556,1297.9921752738653,277.0804636442875,1772.5,1401.5,1780.5,278,104,60.388173076923096,0.0,0.0,0.0,0.0,71
ES,2020-01-13,2441,1260.583777140516,352.38079150575476,1787.0,1191.0,1791.0,273,90,68.68900000000001,0.0,0.0,0.0,0.0,61
ES,2020-01-14,2345,1271.0562899786778,312.17283120606425,1795.0,1062.0,1805.0,281,98,61.29244897959182,21.845,74.205,56.729,91.681,68
ES,2020-01-15,2411,1237.1020323517214,6.683312551921141,1798.0,1789.2,1802.0,276,86,68.47151162790698,0.0,0.0,0.0,0.0,65
ES,2020-01-16,2593,1257.7423833397613,233.2337882897759,1776.5,1563.0,1782.6,283,103,64.22436893203883,7.983338204591411,85.62,74.06800000000001,88.97999999999999,76
ES,2020-01-17,2335,1241.6466809421843,352.0,1436.0,1154.4,1717.6,300,93,64.18505376344083,0.0,41.88,41.88,41.88,69
ES,2020-01-18,2413,1267.6013261500214,323.28955889247163,1788.0,1104.0,1791.5,290,103,64.3034951456311,27.2763829851027,69.82,31.176000000000002,87.723,77
ES,2020-01-19,2408,1283.4302325581393,93.18491600805665,1781.0,1674.6,1788.8,290,93,66.0710752688172,0.0,94.38,94.38,94.38,75
ES,2020-01-20,2314,1292.0367329299913,346.03491153350404,1764.0,1054.4,1770.4,291,105,67.85190476190475,0.0,80.62,80.62,80.62,71
ES,2020-01-21,2280,1242.497807017544,338.21327919261574,1113.0,1031.4,1641.8,305,88,62.54704545454545,0.0,32.74,32.74,32.74,66
ES,2020-01-22,2560,1238.9296874999995,0.0,1112.0,1112.0,1112.0,292,99,63.81858585858587,0.0,30.4,30.4,30.4,70
ES,2020-01-23,2240,1253.444642857143,57.5,1056.5,1010.5,1102.5,278,96,58.52354166666668,0.0,55.72,55.72,55.72,64
ES,2020-01-24,2367,1301.0840726658225,0.0,1762.0,1762.0,1762.0,292,119,62.16924369747901,0.0,27.65,27.65,27.65,76
ES,2020-01-25,2582,1223.0852052672337,288.70140283691035,1771.0,1305.3,1777.5,285,118,63.19262711864408,0.0,38.03,38.03,38.03,77
ES,2020-01-26,2400,1261.073333333333,37.85058343892029,1029.0,1018.6,1087.4,273,105,62.74819047619047,0.0,69.42,69.42,69.42,76
ES,2020-01-27,2136,1283.257958801498,317.39532434235326,1938.0,1347.6,1963.6,270,113,64.03486725663718,14.91190092957076,84.91,55.582,91.414,68
ES,2020-01-28,2347,1285.0971452918623,419.6032517615764,1079.0,826.2,1630.2,294,108,66.81907407407407,0.0,40.04,40.04,40.04,82
ES,2020-01-29,2215,1284.56704288939,317.4975065518888,1101.0,1097.0,1637.8,276,111,67.31540540540543,8.64,48.62,41.708,55.532,83
ES,2020-01-30,2180,1289.8142201834867,0.5,1094.5,1094.1,1094.9,293,94,63.649787234042556,7.824999999999999,54.504999999999995,48.245,60.765,68
ES,2020-01-31,2302,1281.7580364900089,325.72619722023524,1146.0,1052.4,1646.0,291,107,64.08224299065422,0.0,94.78,94.78,94.78,76
ES,2020-02-01,2258,1277.0031000885747,170.18486680339382,1771.0,1483.8,1774.2,284,102,65.58156862745098,0.0,0.0,0.0,0.0,69
ES,2020-02-02,2435,1255.6320328542101,294.90839255606136,1781.0,1337.6,1783.4,273,108,63.06657407407411,0.0,0.0,0.0,0.0,71
ES,2020-02-03,2147,1273.4299021891009,355.48415488598084,1430.0,1056.3,1777.2,281,99,62.546060606060635,0.0,31.74,31.74,31.74,77
ES,2020-02-04,2201,1272.827805542935,2.0,1760.0,1758.4,1761.6,295,94,61.61904255319151,0.0,0.0,0.0,0.0,74
ES,2020-02-05,2171,1255.814371257485,337.78132308080956,1755.0,1185.4,1762.2,301,119,57.88663865546219,0.0,0.0,0.0,0.0,93
ES,2020-02-06,2039,1284.3997057381057,279.07147630829076,1759.0,1285.4,1759.0,283,68,63.390441176470574,0.0,0.0,0.0,0.0,56
ES,2020-02-07,2378,1268.8099243061395,2.8674417556808756,1752.0,1748.8,1754.4,291,131,62.39114503816794,0.0,0.0,0.0,0.0,92
ES,2020-02-08,2458,1267.7148087876328,0.0,1751.0,1751.0,1751.0,278,134,64.37305970149255,0.0,0.0,0.0,0.0,90
ES,2020-02-09,2523,1257.6198969480777,363.0,1394.0,1103.6,1684.4,297,127,63.139291338582666,0.0,0.0,0.0,0.0,100
ES,2020-02-10,2559,1265.5244236029698,331.5,1415.5,1150.3,1680.7,298,141,60.167872340425546,0.0,76.87,76.87,76.87,103
ES,2020-02-11,2305,1240.0047722342736,5.244044240850758,1749.5,1743.2,1754.4,296,138,58.471739130434806,0.0,0.0,0.0,0.0,113
ES,2020-02-12,2293,1255.3811600523331,381.0269067429614,1592.0,830.8,1925.9000000000003,308,144,61.17569444444445,15.512332815787412,70.43,55.872,94.378,101
ES,2020-02-13,2368,1261.1925675675666,301.0,2055.0,1814.2,2295.8,278,122,62.742131147540974,0.0,95.14,95.14,95.14,92
ES,2020-02-14,2550,1249.144705882353,303.5,2062.5,1819.7,2305.3,298,124,63.60008064516131,0.0,0.0,0.0,0.0,94
ES,2020-02-15,2694,1251.2783964365256,180.9929211322918,1399.0,1388.0,1766.8,279,135,60.34918518518521,0.0,82.85,82.85,82.85,89
ES,2020-02-16,2949,1251.3350288233305,357.01316502336437,2353.0,1624.6,2364.4,301,132,66.85234848484845,0.0,0.0,0.0,0.0,93
ES,2020-02-17,2772,1256.0256132756144,2.5,1801.5,1799.5,1803.5,308,133,53.92067669172931,0.0,0.0,0.0,0.0,98
ES,2020-02-18,2548,1285.3065149136573,400.3551484594137,1809.0,1345.0,1814.0,300,129,61.88023255813955,0.0,82.96,82.96,82.96,98
ES,2020-02-19,2684,1281.3327123695967,369.28325503464083,2355.0,1636.4,2370.4,306,142,60.21866197183103,0.0,83.98,83.98,83.98,110
ES,2020-02-20,2445,1238.38118609407,333.0523747063225,1815.0,1401.0,2343.0,298,113,59.418053097345144,0.0,93.98,93.98,93.98,84
ES,2020-02-21,2614,1259.8125478194343,455.99910910000693,1715.5,1240.5,2192.6,283,139,61.45374100719427,0.0,67.26,67.26,67.26,92
ES,2020-02-22,2713,1243.6649465536307,0.0,1819.0,1819.0,1819.0,281,134,63.11865671641791,0.0,0.0,0.0,0.0,100
ES,2020-02-23,2793,1257.6910132474045,421.2267055873832,1508.5,1497.1,2374.8,313,147,60.57816326530616,0.0,0.0,0.0,0.0,103
ES,2020-02-24,2765,1233.166365280289,275.8350673409746,1491.5,1061.7,1823.5,302,134,58.15462686567166,0.0,88.9,88.9,88.9,92
ES,2020-02-25,2740,1256.0941605839414,165.83616207890614,1487.0,1294.6000000000001,1501.2,312,134,61.27313432835821,0.0,0.0,0.0,0.0,97
ES,2020-02-26,2610,1249.992720306513,5.986651818838307,2362.0,2357.2,2370.0,301,159,60.73308176100631,12.087290846173929,73.88,69.65599999999999,91.952,112
ES,2020-02-27,2726,1258.7395451210564,33.089105289942324,1904.0,1873.6,1938.4,311,144,58.906458333333326,0.0,0.0,0.0,0.0,110
ES,2020-02-28,2933,1271.5796113194674,265.6342056116385,1727.0,1226.2,1747.0,312,183,61.45628415300544,30.240869961031212,66.48,27.502,95.238,120
ES,2020-02-29,2789,1260.4883470778052,286.42099295809413,1725.0,932.0,1766.0,294,164,60.34878048780493,29.925,59.525000000000006,35.585,83.465,115
ES,2020-03-01,2800,1261.9014285714286,151.5,1679.5,1558.3,1800.7,320,166,63.96277108433736,0.0,0.0,0.0,0.0,105
ES,2020-03-02,2904,1262.808195592287,1.0,1836.0,1835.2,1836.8,305,154,59.212207792207785,0.0,0.0,0.0,0.0,106
ES,2020-03-03,2536,1262.983438485805,344.3219495108232,896.5,859.0,1655.5,306,163,62.93662576687117,36.830152803858354,87.89,26.698,90.434,114
ES,2020-03-04,2640,1253.6647727272734,0.0,1076.0,1076.0,1076.0,318,144,62.1529166666667,0.0,87.59,87.59,87.59,105
ES,2020-03-05,2525,1243.7251485148518,580.5359592652293,1839.0,855.0,1841.4,316,132,65.10515151515149,0.0,0.0,0.0,0.0,99
ES,2020-03-06,2918,1276.7196710075393,243.24473272817235,2361.0,1948.2,2361.0,331,162,58.898024691358025,0.0,92.23,92.23,92.23,121
ES,2020-03-07,2812,1267.5835704125186,0.0,1848.0,1848.0,1848.0,299,132,63.410151515151526,0.0,0.0,0.0,0.0,83
ES,2020-03-08,2882,1251.2505204718952,100.04726693569283,1477.0,1467.0,1484.2,315,171,59.44660818713453,0.0,0.0,0.0,0.0,119
ES,2020-03-09,2442,1256.230958230959,45.5,1051.5,1015.1,1087.9,302,128,58.84960937500001,0.0,91.73,91.73,91.73,108
ES,2020-03-10,2716,1258.3427835051543,419.21489583373454,1524.5,734.0,1730.7,307,120,58.78158333333333,36.19347485697142,69.05,22.722,92.394,100
ES,2020-03-11,2380,1282.4168067226897,4.988876515698588,1846.0,1842.8,1852.4,319,123,61.52471544715447,0.0,0.0,0.0,0.0,101
ES,2020-03-12,2650,1261.2943396226412,186.70075414318265,1459.0,1427.2,1852.2,297,139,63.08791366906474,0.0,91.31,91.31,91.31,97
ES,2020-03-13,2701,1259.0470196223612,173.65105096140363,1431.5,1427.9,1711.6000000000001,304,148,65.30324324324327,0.0,60.7,60.7,60.7,110
ES,2020-03-14,3372,1278.6322657176747,127.9799289819393,1558.0,1456.2,1621.2,337,167,61.117485029940134,28.895000000000003,63.305,40.189,86.421,118
ES,2020-03-15,3570,1286.772549019608,402.5,1422.5,1100.5,1744.5,354,180,62.08666666666668,0.0,0.0,0.0,0.0,136
ES,2020-03-16,3359,1296.633819589163,21.59961133623805,1442.0,1432.2,1458.0,344,179,60.28625698324025,0.0,0.0,0.0,0.0,118
ES,2020-03-17,3161,1245.058842138564,0.0,1446.0,1446.0,1446.0,361,211,62.12630331753555,0.0,0.0,0.0,0.0,142
ES,2020-03-18,3252,1246.7007995079957,209.05318551746586,1458.5,1015.1,1473.0,340,154,61.15409090909092,0.0,73.78,73.78,73.78,123
ES,2020-03-19,3448,1240.974767981438,161.7103033891849,1487.0,1482.2,1759.0,351,197,61.422335025380725,0.0,0.0,0.0,0.0,135
ES,2020-03-20,3411,1263.7648783347995,383.58566081603396,1826.0,1327.0,2141.6000000000004,358,174,60.661551724137944,27.575,50.845,28.785,72.905,127
ES,2020-03-21,3560,1271.3252808988764,254.74018136132352,1494.0,1214.6,1695.6,366,214,62.25995327102803,0.0,0.0,0.0,0.0,143
ES,2020-03-22,3504,1282.7408675799095,462.22676613685337,1831.5,1279.5,2374.5,360,231,60.95467532467532,29.85111499871766,93.2,44.112,96.208,155
ES,2020-03-23,3447,1266.4749057151143,119.09507279327875,1628.0,1494.0,1833.0,360,194,57.43231958762887,0.0,0.0,0.0,0.0,134
ES,2020-03-24,3125,1262.5852799999998,202.20196923778056,1700.0,1469.0,1724.0,367,191,62.09994764397907,0.0,0.0,0.0,0.0,131
ES,2020-03-25,3206,1249.9207735495947,258.0422553682934,1501.0,1284.0,1835.5,369,113,63.889026548672604,34.41499999999999,53.684999999999995,26.153,81.217,87
ES,2020-03-26,3504,1226.8598744292233,205.27254157955616,1592.0,1238.4,1733.4,382,184,62.61820652173914,0.0,0.0,0.0,0.0,134
ES,2020-03-27,3366,1250.423648247178,174.188276171376,1455.0,1452.6,1749.4,357,171,59.27502923976608,0.0,0.0,0.0,0.0,116
ES,2020-03-28,3696,1258.5257034632032,159.88480014023662,1468.0,1130.0,1516.0,389,199,58.79582914572861,0.0,48.76,48.76,48.76,143
ES,2020-03-29,3567,1251.937482478273,161.4217820975137,1488.0,1460.0,1506.0,373,163,61.752760736196336,33.12,39.23,12.734,65.726,131
ES,2020-03-30,3334,1265.646370725855,0.0,1072.0,1072.0,1072.0,367,196,62.6938775510204,0.0,31.05,31.05,31.05,137
ES,2020-03-31,3258,1261.1301411909146,106.35671111876297,1720.0,1498.9,1734.7,380,179,63.906145251396644,0.0,0.0,0.0,0.0,125
ES,2020-04-01,3256,1274.8396805896807,41.12041936664665,1799.0,1735.0,1809.4,361,207,63.4070531400966,0.0,0.0,0.0,0.0,139
ES,2020-04-02,3097,1234.5524701323857,275.8984683606453,1494.0,1092.0,1806.5,373,193,59.03595854922282,29.79992542869119,26.05,24.77,75.97,135
ES,2020-04-03,3159,1249.5026907249126,64.56423656113435,1492.0,1482.0,1500.8,378,204,61.771764705882376,24.84,56.64,36.768,76.512,125
ES,2020-04-04,3366,1236.2085561497333,276.22679088024756,1472.0,1017.8,1809.3,370,198,59.09247474747475,0.0,0.0,0.0,0.0,135
ES,2020-04-05,3595,1239.7972183588317,129.3992768121452,1391.0,1391.0,1534.8000000000002,383,191,61.17251308900525,2.8001428534987274,100.0,95.248,100.0,137
ES,2020-04-06,3261,1268.930389451088,18.350323566629555,1469.0,1450.8,1493.4,371,213,60.192676056338065,0.0,91.59,91.59,91.59,149
ES,2020-04-07,3143,1236.1215399300036,183.04276103376472,1185.5,1160.5,1520.0,369,194,63.23144329896906,9.625,69.015,61.315,76.715,141
ES,2020-04-08,3304,1275.275423728813,255.6336354151299,1349.5,1124.0,1665.5,370,194,57.53247422680412,0.0,0.0,0.0,0.0,143
ES,2020-04-09,3630,1265.5523415977962,219.71490403077902,1494.0,1141.2,1733.2000000000003,382,205,62.00317073170732,0.0,0.0,0.0,0.0,139
ES,2020-04-10,3511,1250.0737681572202,4.0276819911981905,1785.0,1778.6,1785.8,377,207,60.496086956521744,0.0,0.0,0.0,0.0,147
ES,2020-04-11,3732,1251.6015541264735,285.5547233018568,1654.5,1216.6,1783.0,384,208,59.344134615384604,0.4199999999999946,88.93,88.59400000000001,89.26599999999999,147
ES,2020-04-12,3864,1273.734472049689,299.9707856145698,1643.0,1104.0,1777.5,395,244,58.83180327868858,23.450000000000003,50.59,31.830000000000002,69.35000000000001,162
ES,2020-04-13,3663,1269.1905541905533,102.24969860616658,1486.0,1463.0,1765.7,391,215,58.64102325581399,0.0,11.86,11.86,11.86,151
ES,2020-04-14,3625,1266.4041379310333,285.7910075562211,1765.0,1303.7,1767.1,380,222,62.10013513513513,0.0,0.0,0.0,0.0,155
ES,2020-04-15,3537,1234.5173876166248,238.86855695130743,1497.5,1157.0,1764.0,381,241,62.549585062240666,0.0,87.24,87.24,87.24,154
ES,2020-04-16,3637,1265.2202364586192,266.72534218417513,1168.0,1144.4,1757.6,393,248,59.86072580645162,25.645,65.625,45.108999999999995,86.14099999999999,159
ES,2020-04-17,3439,1258.8566443733646,302.55348184246697,1723.5,1117.7,1740.2,387,279,62.28584229390681,0.0,0.0,0.0,0.0,171
ES,2020-04-18,3217,1290.4886540254897,294.27454217590673,1519.0,995.8,1754.0,380,230,60.35152173913046,0.0,88.5,88.5,88.5,169
ES,2020-04-19,4139,1264.0343078038177,149.71570692284857,1428.0,1396.4,1738.8,393,289,60.7836332179931,0.0,0.0,0.0,0.0,174
ES,2020-04-20,3713,1256.6892001077304,386.73106430667457,1198.0,1173.0,1734.0,388,271,60.98195571955721,19.0058363667585,81.3,55.402,91.52799999999999,176
ES,2020-04-21,3488,1245.5255160550462,408.69357408699244,1737.5,1318.5,2390.3,384,275,62.62909090909092,7.309504087145723,80.285,75.2,90.452,173
ES,2020-04-22,3476,1237.4067894131183,267.8025806862627,1728.0,1278.4,1737.6,370,278,60.19410071942447,0.0,70.6,70.6,70.6,160
ES,2020-04-23,3493,1253.8634411680498,276.14638630021335,1736.0,1704.0,2381.4,389,319,57.94510971786834,0.0,68.57,68.57,68.57,176
ES,2020-04-24,3596,1247.686040044494,303.16115763732,1447.0,1127.9,1744.4,388,263,62.04619771863121,0.0,62.03,62.03,62.03,161
ES,2020-04-25,3967,1260.3844214771877,414.7276696821662,1704.0,1269.8,2120.6,416,275,62.614727272727286,2.5350000000000037,82.745,80.717,84.773,173
ES,2020-04-26,4303,1236.498489425982,527.8344269012985,1538.0,1272.0,2378.0,398,339,63.02359882005901,11.854049472179918,54.4,49.808,71.82400000000001,197
ES,2020-04-27,3890,1243.534447300772,579.4776015148811,1725.0,469.0,1748.8,408,290,59.806137931034506,0.0,7.21,7.21,7.21,179
ES,2020-04-28,3790,1240.1010554089712,564.686195204753,654.0,551.8,1762.8,408,297,57.31178451178451,0.0,0.0,0.0,0.0,181
ES,2020-04-29,3930,1233.3964376590334,446.22923802903404,757.0,712.8,1749.8,393,306,59.4512091503268,16.21,18.86,5.892,31.828,175
ES,2020-04-30,3565,1247.425245441795,313.4997757176231,768.5,749.0,1446.5,423,323,61.3611455108359,0.0,55.88,55.88,55.88,189
ES,2020-05-01,4250,1222.4974117647062,314.16784065012996,755.0,737.8,966.0000000000002,419,341,56.81346041055719,10.03480720071669,18.92,12.432,31.752000000000002,204
ES,2020-05-02,4138,1254.03914934751,437.9220135835791,1167.0,711.6,1754.8,421,333,63.17783783783785,29.36127759860293,76.57,34.458,89.466,199
ES,2020-05-03,3637,1245.2309595820734,3.7416573867739413,712.0,707.2,714.4,388,316,57.668386075949414,0.0,0.0,0.0,0.0,180
ES,2020-05-04,3793,1229.4265752702352,481.9924204106672,751.0,735.6,1763.2,378,277,57.559566787003604,0.0,31.98,31.98,31.98,162
ES,2020-05-05,3559,1246.5869626299514,371.81292617525537,1492.0,735.0,1741.0,400,330,60.32560606060606,28.7,48.97,26.01,71.93,201
ES,2020-05-06,3703,1246.1520388873894,298.79685014396426,1152.0,750.4,1474.0,399,279,60.276881720430104,0.0,9.42,9.42,9.42,159
ES,2020-05-07,3658,1268.2020229633679,451.1312465347529,1034.0,744.4,1767.2,385,311,60.57385852090032,34.685962938918095,86.38,31.115000000000002,92.51899999999999,177
ES,2020-05-08,3835,1230.3441981747064,184.53536771865217,904.0,755.7,1077.9000000000005,376,319,62.12489028213166,25.789030691361784,64.47,28.084000000000003,85.27600000000001,175
ES,2020-05-09,4080,1247.623284313726,423.90940469751723,1038.0,732.8,1740.1,412,332,57.82762048192769,30.14432095664953,47.125,10.652000000000001,85.014,190
ES,2020-05-10,4227,1251.6848828956702,329.80026440256233,955.0,724.2,1633.0000000000005,407,328,59.039817073170745,19.536578993006938,51.915000000000006,30.726000000000003,70.941,196
ES,2020-05-11,3339,1251.007487271638,86.1066631452905,821.5,769.2,972.8,376,282,62.068333333333364,0.0,81.52,81.52,81.52,165
ES,2020-05-12,3715,1259.0524899057873,235.98814309576719,886.0,837.0,957.0,381,320,60.58153125,11.471879750067119,19.825,7.619000000000001,32.283,172
ES,2020-05-13,3539,1249.1610624470184,284.3885281809685,943.5,830.2,1496.1,394,290,62.526586206896575,15.064858298555468,42.58,26.372,55.843999999999994,172
ES,2020-05-14,3713,1250.4147589550234,393.92585018476126,1167.5,824.5,1753.5,413,322,59.92248447204968,28.025,61.085,38.665000000000006,83.505,200
ES,2020-05-15,3802,1261.5702261967383,357.4272264702596,1190.0,791.6,1747.4,402,331,59.607613293051365,16.94008338232135,78.375,56.357,92.217,184
ES,2020-05-16,4369,1245.3501945525293,280.5924045657687,882.0,752.5,1489.0,404,345,58.328927536231895,27.627674620906436,45.83,14.77,81.78,173
ES,2020-05-17,3995,1200.5224030037546,371.15469659129354,866.0,774.1,1762.8,405,360,57.80416666666669,27.24176690100862,59.285,19.197000000000003,81.822,192
ES,2020-05-18,3849,1210.9680436477015,350.1951618808956,963.0,756.0,1730.0,416,369,59.61853658536586,24.910742281026785,37.35,22.41,72.83,214
ES,2020-05-19,3814,1210.8555322496065,208.79714900617438,991.0,730.0,1004.0,402,364,60.52936813186817,26.50149797769417,55.58,23.406000000000002,92.716,197
ES,2020-05-20,3795,1205.950197628458,324.6582248503231,981.0,714.0,1585.2000000000005,401,319,61.06235109717869,27.85915613502239,48.475,29.68,92.67,180
ES,2020-05-21,3963,1209.0893262679795,386.68785749613096,1002.5,731.6,1748.1,393,371,60.692210242587606,23.669574028568352,69.74000000000001,42.034000000000006,94.331,207
ES,2020-05-22,3700,1199.5089189189193,558.6490043017213,1048.0,730.2,2352.4,387,364,60.120494505494534,29.144101244219787,75.09,19.842000000000002,94.43,193
ES,2020-05-23,4073,1232.4353056714956,361.0635893810042,1071.0,719.8,1723.2,394,291,59.2721993127148,20.74957107990428,71.53,36.545,87.912,181
ES,2020-05-24,3904,1213.160604508197,176.32297051307737,1054.0,723.7,1163.6,401,353,61.39796033994336,22.56506739778693,66.295,38.885,89.00999999999999,205
ES,2020-05-25,3681,1188.4053246400429,264.24751847540244,1047.0,746.0,1471.4,405,284,57.38626760563383,14.698282212558038,43.95,26.547,63.616,164
ES,2020-05-26,3653,1224.2830550232695,285.5223373279599,1054.0,771.0,1453.2,398,326,60.496042944785316,22.414587744368625,60.43,35.050000000000004,89.836,180
ES,2020-05-27,3921,1201.7638357561843,338.45431486600637,1056.0,747.0,1736.2,405,330,62.574,20.470939615708897,66.405,43.577000000000005,85.78200000000001,185
ES,2020-05-28,3529,1188.2992349107387,158.6891518459288,1050.5,723.7,1062.0,383,303,60.74003300330036,22.27797567105234,59.82,26.596,76.664,170
ES,2020-05-29,3661,1197.8852772466532,150.1631413105908,1043.5,731.7,1091.7,387,124,59.58258064516126,14.544777413216059,30.665,20.985,49.347,91
ES,2020-05-30,3566,1219.894840157039,237.98531748380717,1061.0,748.7,1214.0,390,213,59.61765258215965,11.241594904638754,31.29,19.738,44.8,137
ES,2020-05-31,4020,1222.7594527363187,271.9515343789031,1096.5,924.5,1723.5,414,378,62.73449735449737,19.731130037633008,79.2,39.43,95.19,186
ES,2020-06-01,3623,1185.921335909467,284.59591356729703,1141.0,807.2,1714.4,385,280,56.88946428571432,13.388072116626798,48.045,38.271,70.65499999999999,167
ES,2020-06-02,3603,1213.4526783236192,200.06132846552902,960.0,811.0,1141.0,389,296,59.716283783783794,23.173806738427764,49.254999999999995,27.075,76.81800000000001,187
ES,2020-06-03,3716,1195.5037674919265,305.1961459455214,999.5,839.1,1692.9,412,323,62.24260061919504,21.542145687380508,74.11,36.488,90.162,190
ES,2020-06-04,3600,1202.489166666667,226.218272023332,1172.0,897.4000000000001,1497.0999999999997,404,345,56.97095652173914,19.653310153762902,62.989999999999995,45.364999999999995,87.155,197
ES,2020-06-05,3213,1216.6638655462186,396.4872436787847,1131.0,1005.0,1706.4,393,241,54.96423236514524,28.73535833689916,49.92,22.892,84.44500000000001,164
ES,2020-06-06,4125,1214.3345454545452,386.5141180279228,1188.0,854.8,1737.6,408,365,60.40065753424659,26.595252709208587,39.99,37.862,84.022,201
ES,2020-06-07,4266,1210.3326300984525,267.2966267770518,1138.0,932.5,1693.5,427,337,60.37281899109793,21.866604308854175,68.54,39.868,85.952,206
ES,2020-06-08,4001,1204.6733316670834,236.06488458096706,1032.0,837.6,1417.2,403,322,61.24614906832301,15.679799743619178,46.22,30.242,65.09400000000001,187
ES,2020-06-09,3912,1169.014314928425,202.6453790735529,1067.5,836.4,1458.0,404,367,55.43613079019074,11.34034097077038,48.16,36.435,59.165,193
ES,2020-06-10,4109,1194.6339742029688,251.1179087234374,1081.5,840.9,1375.0000000000002,405,340,58.877970588235314,16.665654052571714,53.845,46.54,83.94999999999999,194
ES,2020-06-11,4196,1180.1468064823637,189.9974087709198,1059.0,835.4,1244.8,404,326,62.248128834355846,26.1393097439257,54.084999999999994,13.945,76.95500000000001,180
ES,2020-06-12,3528,1178.88350340136,199.72731811146917,1075.0,854.8,1473.1,406,357,60.104985994397786,15.301104012456094,61.14,32.86,65.644,198
ES,2020-06-13,3481,1200.223498994543,212.04905449515056,1070.0,855.6,1366.6000000000001,374,342,60.4718128654971,22.462165923151392,26.86,24.11,72.91400000000002,179
ES,2020-06-14,4189,1193.6743852948196,360.6631101416018,1014.0,725.0,1719.8,402,422,57.23590047393368,22.720650971210215,44.07,27.52,74.785,200
ES,2020-06-15,3975,1156.2201257861639,113.67560717804318,1065.0,854.2,1095.8,396,302,58.55976821192054,30.2038452298158,14.46,12.908,64.924,173
ES,2020-06-16,3692,1166.486186348863,248.05042808287985,1082.0,856.0,1222.0,399,394,57.7558883248731,27.31668761439099,52.400000000000006,27.72,90.93,207
ES,2020-06-17,3835,1179.0544980443276,314.4840178493001,1034.0,775.2,1725.6000000000001,409,373,59.44254691689011,20.943781362919584,68.61,30.716,81.47,190
ES,2020-06-18,3569,1176.22247128047,264.6024838039057,868.0,829.7,1482.0,392,281,59.38163701067617,23.01151854914186,46.370000000000005,27.314999999999998,84.435,181
ES,2020-06-19,3756,1184.602768903088,291.3942142600893,859.0,661.6,1486.2,397,292,58.10438356164381,14.579032222872529,69.66499999999999,46.22,77.94999999999999,171
ES,2020-06-20,3857,1198.648172154524,296.99463955437335,1032.0,831.2,1582.5999999999997,391,313,58.565399361022365,22.005118518199353,70.03999999999999,37.445,84.649,178
ES,2020-06-21,4143,1191.7204923968145,157.88008234099703,1013.5,833.8,1240.4,386,325,60.67984615384616,21.71830963582341,49.095,20.539,78.14399999999999,160
ES,2020-06-22,3568,1177.5050448430484,241.98143005727516,1008.0,835.0,1223.0,385,312,58.83839743589743,27.442179436861387,58.02,15.872,74.44400000000002,172
ES,2020-06-23,3349,1177.37085697223,182.57270983090544,1026.5,836.3,1208.2,365,293,57.75802047781569,33.29950682971207,92.01,23.138,95.962,150
ES,2020-06-24,3666,1193.6440261865794,132.55708685119367,1035.0,827.2,1185.6,374,333,57.52000000000001,23.087230774869273,53.27,14.766,76.95800000000001,170
ES,2020-06-25,3516,1184.1035267349262,157.7711639219577,1135.0,854.2,1185.0,382,340,57.79117647058825,21.000572809648155,52.385,30.92,70.67,171
ES,2020-06-26,3049,1209.9786815349294,170.0757725250719,1133.5,810.6,1216.5000000000005,359,235,54.73502127659574,11.637729331789771,44.07,26.996000000000002,51.048,150
ES,2020-06-27,3168,1225.2588383838388,158.705724021217,1042.0,798.7,1197.3,359,268,59.72835820895524,26.515443508348948,71.285,29.358,97.115,161
ES,2020-06-28,3224,1206.607630272952,224.73476554318427,916.0,796.3,1209.7,338,250,55.23276,22.87440979429852,60.83,21.155,75.805,145
ES,2020-06-29,3294,1153.9010321797202,198.23655240615074,1161.0,778.0,1246.0,364,294,58.33333333333334,19.555454197969656,63.295,41.76,85.765,172
ES,2020-06-30,3233,1149.0862975564496,215.05301777355913,1098.5,756.2,1231.0,366,261,59.29567049808429,25.79277020914443,42.28,16.782,79.01,153
ES,2020-07-01,3199,1140.7796186308215,280.89070736030635,892.0,753.4,1325.7999999999997,356,304,59.79476973684212,25.013555844781443,51.07,35.596000000000004,86.076,167
ES,2020-07-02,3042,1159.6594345825117,328.11869970170216,918.5,737.8,1703.8,364,283,60.35187279151944,23.309635340841172,61.51,28.038,88.758,148
ES,2020-07-03,3106,1188.190598840952,270.2501389098516,1191.0,830.2,1716.2,351,253,57.86928853754942,33.23667311128135,52.77,15.7,92.054,146
ES,2020-07-04,3269,1188.1890486387272,303.2238062047661,1123.5,764.8000000000001,1325.0000000000011,358,282,60.164326241134766,24.62087855738499,51.65,31.547,90.80799999999999,151
ES,2020-07-05,3423,1180.6409582237802,248.31348480236406,1166.5,822.0,1263.0,382,275,57.270145454545464,24.582261267019355,32.05,17.071,76.98,171
ES,2020-07-06,3269,1185.5806056898127,188.5813501900448,1201.0,832.0,1250.0,359,267,56.58307116104871,18.353479011804133,56.7,29.524,73.61800000000001,169
ES,2020-07-07,3241,1170.439679111385,288.9736839229482,1095.0,650.3000000000001,1244.0,359,293,56.92825938566553,26.82389347088711,41.16,22.578000000000003,81.70299999999999,161
ES,2020-07-08,3464,1165.2627020785221,132.93460754151928,752.0,561.8,821.4000000000001,368,267,58.914382022471926,15.40927515938047,27.810000000000002,18.509,50.388999999999996,153
ES,2020-07-09,3163,1186.6588681631356,245.1156154359725,806.0,746.7,872.3000000000001,372,231,57.7652380952381,21.307975607499554,67.79,24.182000000000002,70.05600000000001,147
ES,2020-07-10,3330,1169.3732732732735,267.1427437823374,867.0,822.0,1482.9,369,259,61.46694980694985,17.739756355586046,90.16,61.448,92.77600000000001,147
ES,2020-07-11,3738,1188.944087747459,298.62821346373687,870.0,373.6,1194.0,338,274,55.37529197080291,24.78767082644112,44.08,20.483,70.099,161
ES,2020-07-12,3766,1174.9800849707906,626.6054317797449,896.0,719.8,2362.2,377,305,55.6680655737705,22.86723771987994,63.290000000000006,29.11,87.67,173
ES,2020-07-13,3425,1157.1731386861309,304.5824166644433,866.0,730.4,1239.8,378,284,56.40686619718312,30.890570061913717,22.25,11.077,85.97099999999999,163
ES,2020-07-14,3479,1151.8810002874388,195.92054837478548,939.5,832.2,1251.1,376,263,57.55726235741444,20.364370847143793,57.32,18.928,65.79,169
ES,2020-07-15,3394,1184.7893341190336,247.81674885156798,942.0,901.0,1267.8,372,288,60.510104166666665,21.502017207694724,65.325,38.19,90.847,162
ES,2020-07-16,3387,1135.3607912607026,260.93839686645134,955.0,864.0,1264.2,361,263,57.862395437262386,25.082989267973705,72.74,35.688,96.714,149
ES,2020-07-17,3553,1184.8913594145797,274.3640681162135,1220.0,877.0,1650.2000000000003,360,251,55.337211155378505,25.75948907783344,80.05,44.554,94.45400000000001,158
ES,2020-07-18,3440,1163.2520348837222,224.64919764544786,1235.0,867.0,1298.8,350,285,58.04112280701756,30.721848512093146,43.15,16.488000000000003,85.02799999999999,152
ES,2020-07-19,3873,1139.2798863929772,231.03599396251204,1219.0,824.8,1281.2,382,264,56.65795454545461,24.872460283525545,41.825,16.310000000000002,70.30000000000001,159
ES,2020-07-20,3573,1156.1167086481948,160.5670907044278,1193.0,834.4,1241.6,366,273,56.91820512820514,18.99121463554486,47.165,33.879999999999995,77.685,163
ES,2020-07-21,3497,1161.9173577352012,205.69739493379217,940.5,835.4,1239.5,373,304,59.85141447368423,25.43838598717798,51.59,15.726000000000003,74.614,169
ES,2020-07-22,3680,1138.1008152173908,230.4197895612121,1229.0,957.8,1271.6,374,282,56.34790780141844,30.328460780813348,50.395,19.384999999999998,87.0,166
ES,2020-07-23,3432,1151.0104895104894,225.2742634375108,1013.5,732.0,1296.4,357,241,60.7466390041494,35.748669283702796,78.31,26.638,93.438,145
ES,2020-07-24,3320,1140.8249999999994,335.3765488941601,1227.5,804.9,1786.0,359,276,57.86221014492754,23.544160244796437,52.06,30.904000000000003,83.50800000000001,171
ES,2020-07-25,3563,1144.9216952006727,264.0790827611942,1247.0,813.0,1287.0,353,248,58.15483870967742,26.39265095990469,51.55,24.638,85.618,157
ES,2020-07-26,3535,1155.366619519095,225.72713121109703,1027.0,865.8,1249.0,359,272,61.13154411764707,20.07586334105931,54.71,44.437999999999995,82.462,164
ES,2020-07-27,3409,1144.1029627456733,185.18887475739476,1201.5,778.0,1239.0,383,251,59.673147410358574,24.826995138423534,40.72,17.74,66.6,151
ES,2020-07-28,3197,1175.3803565842982,392.7317005356445,1178.0,778.0,1208.9,381,313,60.28172523961661,19.103636924680075,62.055,38.546,84.25399999999999,186
ES,2020-07-29,3148,1172.1524777636587,243.4134074236262,1002.0,787.8,1231.6,377,250,60.04504000000001,12.042812743520932,78.35,66.21000000000001,94.64,148
ES,2020-07-30,3245,1152.459476117103,275.87916990457313,1023.0,832.6,1674.8000000000022,361,264,60.732310606060636,26.103284006758614,85.515,32.979,97.153,167
ES,2020-07-31,3352,1182.0939737470162,286.51674983128703,1150.0,1047.0,1786.2,365,248,59.059233870967766,3.9099999999999984,20.58,17.452,23.708,150
ES,2020-08-01,3087,1148.528668610301,240.03926056205302,1125.0,813.2,1231.4,348,222,57.698198198198185,22.104429231868142,48.769999999999996,31.075,81.45,155
ES,2020-08-02,3277,1144.0637778455903,199.00757676214465,1149.5,831.0,1203.8,344,234,63.07636752136753,21.446625251863697,74.82,40.324,86.5,157
ES,2020-08-03,3106,1118.7475853187373,176.91049502903374,1080.5,848.0,1137.0,383,226,59.14017699115046,16.980798715019265,70.505,47.981,83.87299999999999,156
ES,2020-08-04,3127,1159.2401662935724,461.56430970444984,1130.0,872.8,2364.0,376,262,62.374160305343544,24.89274255880146,83.71,31.162,91.584,163
ES,2020-08-05,2867,1159.9379141960235,148.67394814540594,1084.0,768.0,1110.6,354,243,58.150000000000034,22.564707925209223,64.265,35.619,84.351,147
ES,2020-08-06,3397,1141.8566382101858,271.95553580823866,1103.0,721.6,1366.200000000001,367,268,62.434402985074634,26.051721790785017,69.45,26.11,94.73,168
ES,2020-08-07,3157,1155.4121000950263,381.8515544030167,1137.0,1097.0,1831.3,362,258,59.80484496124031,25.59516408405689,56.06,26.638000000000005,84.186,153
ES,2020-08-08,3296,1141.1128640776697,165.60352243835555,1125.0,765.5,1205.1,350,236,60.13902542372881,32.77650170472743,90.87,32.108000000000004,93.53999999999999,146
ES,2020-08-09,3537,1153.8871925360472,168.87218690537551,1101.0,819.8,1220.6,355,263,58.43167300380228,24.111227675089463,41.06,15.002,66.138,157
ES,2020-08-10,3537,1166.5725190839692,295.12625431050805,1042.0,821.0,1186.0,389,302,60.31139072847684,31.59013983340178,64.59,12.988,86.40200000000002,170
ES,2020-08-11,3334,1155.7483503299343,239.71876916034896,1063.0,801.0,1212.1000000000001,369,268,62.105261194029836,27.486560352288535,52.69,16.256,83.248,159
ES,2020-08-12,2993,1161.1202806548613,203.57355902027953,1138.0,1040.0,1196.0,376,290,59.685896551724134,30.856301524161967,54.625,17.8,91.642,168
ES,2020-08-13,3238,1178.5333539221751,189.97062400322125,1041.0,810.6,1466.6,360,235,57.89357446808513,26.860136261754146,45.0,38.418,95.87,147
ES,2020-08-14,2894,1176.5217691776093,357.71749326621153,1065.0,829.2,1826.6,376,278,59.1501438848921,20.708290270746645,44.95,35.744,87.059,173
ES,2020-08-15,3379,1176.8017164841667,371.7720692179783,1052.0,839.0,1849.0,363,264,63.39125000000001,14.564864022708896,70.0,57.518,90.474,141
ES,2020-08-16,3588,1143.2410813823853,276.5277136000818,1080.5,873.7,1594.1999999999996,377,250,58.947520000000026,15.948943538679917,48.86,43.82,73.05199999999999,163
ES,2020-08-17,3309,1166.2345119371416,353.54578987845224,1097.0,865.8,1855.2,383,265,59.3286037735849,0.0,33.07,33.07,33.07,168
ES,2020-08-18,3315,1215.682352941177,537.1956978847708,1097.0,863.8,2351.6,378,292,60.58575342465751,31.6308789634433,54.57,22.845999999999997,94.272,153
ES,2020-08-19,3481,1179.7000861821323,402.2721953302297,1105.0,877.9,1885.0,381,274,59.599671532846735,29.31868431563736,54.25,26.097,85.483,162
ES,2020-08-20,3319,1194.6637541428138,404.0284641504235,1108.0,899.8,1850.0,378,277,58.71794223826714,27.00972832147706,67.97,26.674000000000003,79.618,164
ES,2020-08-21,3488,1200.1740252293582,379.8664033249058,1803.5,1086.9,1865.3,383,319,61.50633228840129,21.74495228782993,87.69,54.595000000000006,93.31700000000001,166
ES,2020-08-22,3609,1178.7104461069548,262.13467691813537,1103.0,1090.1,1752.0000000000014,374,283,60.10544169611311,7.899999999999999,83.66999999999999,77.35,89.99,165
ES,2020-08-23,3720,1158.2274193548387,52.39931173042719,1114.5,1087.5,1164.0,373,323,62.996749226006195,20.745894774629512,72.50999999999999,43.229,84.62700000000001,175
ES,2020-08-24,3969,1198.056941295036,80.32719039241861,1134.0,1099.0,1171.0,381,298,64.93573825503354,17.72159470109843,46.44,40.77,72.851,169
ES,2020-08-25,3729,1195.6331456154476,505.47883359352716,1151.0,1087.0,2342.0,385,335,61.25689552238808,33.8030700211851,56.75,12.268,93.668,187
ES,2020-08-26,3831,1166.3792743409028,227.8420505525703,1087.0,1070.4,1168.8,393,305,63.64118032786883,20.066433553463245,69.59,47.07,86.246,172
ES,2020-08-27,3807,1184.7509850275808,317.9366389254172,1080.0,1047.6,1924.6,395,298,58.63328859060405,16.709617739493623,47.61,36.074999999999996,70.891,174
ES,2020-08-28,3649,1179.8646204439574,342.1695502371119,1105.5,1049.0,1910.0,417,281,60.31932384341637,22.371965157312403,42.230000000000004,21.353,69.08500000000001,184
ES,2020-08-29,3934,1190.3823080833758,293.744022952652,1088.0,927.0,1900.0,379,277,57.50761732851985,19.621390980254176,34.19,19.172000000000004,57.544,171
ES,2020-08-30,4157,1183.0012027904747,404.8225470306808,1088.0,938.0,1893.0,378,293,60.61576791808877,24.02727772761617,64.55499999999999,39.701,94.52900000000001,177
ES,2020-08-31,3728,1160.8677575107301,269.77366682790876,1100.0,905.0,1478.0,393,275,60.56920000000004,23.42207764055102,62.035,31.44,82.081,174
ES,2020-09-01,3847,1192.14608786067,344.46445685082176,1109.0,899.2,1813.8,393,263,58.944334600760484,9.137674540056677,76.48,68.378,88.71,164
ES,2020-09-02,3826,1173.9827496079456,218.4827084177396,960.0,919.2,1141.4,384,234,58.37529914529915,32.743665375492434,49.86,12.492,76.348,160
ES,2020-09-03,3517,1147.499004833665,243.22341119863862,962.0,933.0,1222.2,379,255,60.34980392156861,25.37063367480648,61.45,23.128,85.164,155
ES,2020-09-04,3378,1163.7054470100647,392.0117050004128,1102.0,875.8,1816.8,382,245,56.79000000000002,17.006064175758013,34.7,26.637,60.50800000000001,155
ES,2020-09-05,3620,1152.267403314918,342.0087326579333,877.0,645.0,1335.7000000000005,370,239,56.19133891213388,27.828385508325848,86.09,31.414,90.266,147
ES,2020-09-06,3889,1128.8246335818967,282.86481379540004,1101.0,859.0,1776.0,387,303,57.77650165016504,26.392928938622624,74.0,24.332,88.04,167
ES,2020-09-07,3651,1160.4264585045182,198.26573643166645,1136.0,850.0,1422.800000000001,398,248,61.21758064516131,21.239005059971614,53.235,24.812,80.18299999999999,152
ES,2020-09-08,4070,1133.2778869778874,196.09860886808963,1130.0,892.8,1396.3,400,260,56.07684615384619,17.155,76.325,62.601,90.049,146
ES,2020-09-09,3867,1156.207395914146,175.69981605468385,896.0,836.2,1228.8,404,276,57.97224637681158,25.206360583965484,43.44,28.0,83.685,165
ES,2020-09-10,3331,1234.2686880816568,201.0010530423923,1133.0,808.0,1228.5,392,253,58.26739130434786,22.62782289571845,52.06,14.574,71.154,167
ES,2020-09-11,3726,1211.229468599034,377.27778971501215,1147.0,812.0,1807.5,415,267,61.386329588015,15.73963547862529,39.71,22.083000000000002,54.439,177
ES,2020-09-12,4253,1248.4869503879609,193.75329735693893,858.0,805.1,1166.5,404,269,58.3332713754647,15.763355624852075,60.980000000000004,33.555,67.92,173
ES,2020-09-13,4098,1268.1756954612,248.54306069120395,856.0,802.4,1210.4,401,275,57.228654545454575,21.989854501565034,31.599999999999998,5.195,60.312999999999995,174
ES,2020-09-14,3554,1235.6691052335402,175.73633273239886,1134.0,793.0,1159.4,389,257,57.36431906614787,15.474870758749491,47.57,26.201,60.912,160
ES,2020-09-15,3770,1199.3368700265253,566.1742061556463,1116.0,801.0,2344.6,409,270,60.67251851851853,27.24433145985078,75.04,24.04,94.4,161
ES,2020-09-16,3257,1231.4006754682214,172.77413790761435,1104.0,850.0,1194.0,402,269,59.920669144981446,18.507047306364136,56.41,34.933,81.316,178
ES,2020-09-17,3477,1211.4388840954846,203.0528748377891,1136.0,857.0,1176.4,410,266,58.955751879699264,25.371243175038025,63.59,19.028000000000002,78.548,164
ES,2020-09-18,3745,1196.8531375166892,274.84382628899056,1208.0,852.0,1785.0,390,284,56.59894366197184,11.207293756002532,35.7,25.675,49.835,174
ES,2020-09-19,3974,1240.4547055863115,202.2091723315241,1150.0,800.6,1214.1,394,255,61.077647058823544,19.62561326430336,58.94,33.954,78.408,159
ES,2020-09-20,4126,1214.0128453708192,208.97665621775073,1032.0,773.6,1191.0,428,344,61.43148255813955,22.714190498452723,58.82,36.22,85.94,190
ES,2020-09-21,3637,1210.2419576574098,206.15542908647413,1161.0,818.7,1225.6,411,289,56.202006920415215,18.785444456746294,61.945,41.249,76.148,180
ES,2020-09-22,3729,1216.0512201662643,543.8512231294587,852.0,823.2,2394.4,407,293,60.229897610921526,27.168187249750396,48.475,12.986,77.714,171
ES,2020-09-23,3840,1222.7125,241.49301029934077,1116.5,822.3,1246.9,427,317,58.828170347003194,31.015364292914928,49.36,19.336,80.112,180
ES,2020-09-24,3695,1222.1507442489851,238.02553140367107,1192.0,777.2,1259.8,416,240,64.14666666666668,0.0,70.06,70.06,70.06,142
ES,2020-09-25,3753,1212.73727684519,224.43247147812727,1201.0,788.0,1237.2,407,183,68.23704918032789,20.919999999999998,46.599999999999994,29.864,63.336,116
ES,2020-09-26,3946,1239.5220476431837,280.3547400588003,826.0,774.5,1197.5,408,157,61.26789808917201,30.799580127008227,30.9,17.392,85.00200000000001,106
ES,2020-09-27,4171,1233.5216974346674,204.22234312655107,1178.0,828.5,1201.0,390,136,63.33227941176472,16.04,36.96,24.128,49.792,97
ES,2020-09-28,3768,1216.9158704883225,196.9122624742316,1164.0,838.0,1191.8,400,274,58.17937956204383,22.793740816464577,39.71,29.508000000000003,83.2,165
ES,2020-09-29,3467,1234.7187770406692,555.1713086085446,1167.0,855.2,2420.4,390,285,57.53564912280703,27.244207182445226,51.650000000000006,29.899,86.57500000000002,169
ES,2020-09-30,3641,1203.2356495468273,178.25567590522425,1033.0,921.4,1201.8,422,328,57.88051829268294,23.11755518299651,63.425,29.643,82.246,168
ES,2020-10-01,3643,1191.7416964040626,171.78477801964172,952.0,888.0,1193.2,408,246,58.89829268292684,18.096951554213643,42.129999999999995,19.37,60.64,159
ES,2020-10-02,3964,1203.4548435923314,181.81504691624085,1157.0,864.2,1182.0,394,301,60.94780730897011,23.23526576133787,67.14,30.001,87.43,166
ES,2020-10-03,3928,1251.9439918533606,191.02135507130728,1167.0,872.9,1203.1,398,258,60.796085271317835,22.46760680525533,58.94,32.605000000000004,76.375,162
ES,2020-10-04,4422,1250.2856173677076,143.81136018087435,1178.0,893.0,1202.0,405,317,60.38264984227129,33.42195937927637,75.29499999999999,9.661000000000001,84.632,172
ES,2020-10-05,3704,1231.4832613390925,193.34082345137517,1182.0,853.4,1227.4,410,251,62.99003984063745,9.005425525142545,38.76,25.512,42.232,165
ES,2020-10-06,3680,1235.2353260869565,164.9256894659109,1208.0,852.0,1230.0,403,240,59.24625000000006,0.0,77.2,77.2,77.2,140
ES,2020-10-07,3425,1193.048175182482,187.6636343259863,1202.0,842.0,1234.2,394,232,60.372198275862075,23.233316939257726,74.08,39.054,91.394,137
ES,2020-10-08,3260,1222.6917177914113,178.5984524071137,1174.0,841.6,1310.000000000001,394,240,61.171583333333345,6.8682651861053445,86.01,78.458,91.88199999999999,155
ES,2020-10-09,3131,1212.5525391248796,191.00703884644903,854.5,787.0,1215.6,414,262,59.74709923664124,26.748861377636246,53.959999999999994,20.519000000000002,89.03599999999999,162
ES,2020-10-10,3445,1235.7535558780842,213.597802797488,1230.0,779.2,1245.6000000000001,382,281,59.12348754448398,17.640094520548285,38.1,27.466,65.30400000000002,173
ES,2020-10-11,3972,1261.675478348439,237.93255215501725,1149.0,805.4,1230.0,397,293,61.557303754266215,8.911406665055749,73.63,60.771,79.104,171
ES,2020-10-12,4335,1229.0009227220298,209.0129082935629,1181.0,810.7,1314.400000000001,420,337,61.114747774480705,20.2475400975032,50.97,27.968000000000004,73.126,189
ES,2020-10-13,3409,1233.84834262247,665.3567464150341,1385.0,837.2,2448.2,423,252,62.61404761904759,37.25614609996882,86.74,28.716,96.1,170
ES,2020-10-14,3453,1216.4561251086016,230.7705265340966,1209.0,856.4,1564.4,423,255,58.83525490196078,33.12702597577995,46.165,19.117,89.271,174
ES,2020-10-15,3556,1210.370641169854,230.85762507562004,1032.5,848.0,1204.5,403,272,58.352426470588256,22.00826299370307,50.12,23.226,72.244,183
ES,2020-10-16,3863,1224.062904478384,293.65838339055284,1201.0,892.8,1549.0,377,211,56.523412322274886,23.8,66.18,47.14,85.22,127
ES,2020-10-17,3697,1233.716256424127,162.7054853751555,1190.0,947.0,1281.0,396,238,58.3523529411765,25.376984035736005,72.59,40.436,94.461,148
ES,2020-10-18,3923,1255.0038236043845,204.16825905251568,1227.0,941.8,1486.0,394,239,60.11870292887032,30.13825890790641,72.285,28.084000000000003,88.752,160
ES,2020-10-19,3685,1234.719402985074,157.92907456384523,1149.0,963.9,1457.9,410,264,61.65992424242428,19.879303028247467,81.83,49.318,84.158,169
ES,2020-10-20,3735,1224.87844712182,205.53824309602336,1214.0,935.4,1437.7,411,291,61.08975945017183,9.704075890515742,39.93,30.45,49.466,171
ES,2020-10-21,3649,1217.8087147163612,228.20449714457163,1214.0,914.1,1428.2,406,304,57.54812500000001,14.202653116779118,24.57,17.642,44.45,161
ES,2020-10-22,3946,1198.9711099847946,237.33200502548806,1252.0,914.5,1462.0,420,264,55.34215909090909,13.4388603440522,42.56,21.88,52.186,170
ES,2020-10-23,3407,1209.574112122101,232.92222528464316,1144.0,900.3,1437.9,407,265,57.10222641509433,0.0,90.19,90.19,90.19,162
ES,2020-10-24,4085,1243.68347613219,151.57918149894098,1130.0,909.4,1251.4,418,273,58.059890109890134,23.89755900778597,54.88,18.888,76.63000000000001,176
ES,2020-10-25,4235,1230.8951593860681,155.34826856887244,1136.5,931.2,1258.1,420,333,57.04630630630632,25.871051902282836,64.05,26.080000000000002,84.144,174
ES,2020-10-26,4005,1216.3907615480657,143.6680201019002,1147.0,933.0,1188.1000000000001,430,337,58.173175074183966,17.80758702226541,35.36,30.016,62.552,192
ES,2020-10-27,3967,1231.38769851273,168.39654258789147,1200.0,895.6,1367.0,407,320,56.678187500000014,27.69153329088153,59.03,17.666,79.412,185
ES,2020-10-28,3525,1216.3404255319151,252.4897318533133,1140.0,877.4,1383.6,435,268,58.91921641791047,14.271771578889567,24.72,14.646,43.712,162
ES,2020-10-29,3954,1239.4375316135558,200.19808715889218,1195.5,1153.5,1304.5,429,316,58.53253164556964,26.422630754714792,71.13,29.064,87.476,197
ES,2020-10-30,3988,1212.658726178536,172.78988350870148,1182.0,885.0,1354.0,429,286,56.0853146853147,21.615909650070247,61.97,32.907000000000004,77.845,176
ES,2020-10-31,4192,1207.5634541984737,163.99527052163,1191.0,915.1,1333.8,428,315,59.60571428571429,12.882345369622032,79.68,62.55200000000001,87.176,192
ES,2020-11-01,4509,1207.429585273897,254.96795877129344,1201.5,874.0,1370.9000000000008,441,364,59.37659340659343,12.297452034084632,44.51,42.74,68.796,199
ES,2020-11-02,4720,1225.1957627118643,140.80642378667187,1184.0,917.0,1280.6000000000001,450,398,61.41374371859296,27.971901526353193,54.49,19.132,77.65400000000001,215
ES,2020-11-03,4160,1222.7480769230765,176.76450251747355,1180.0,912.0,1247.0,444,318,57.6306918238994,18.549433953627805,34.075,25.275,61.7,185
ES,2020-11-04,3787,1209.9865328756268,147.8013677119419,1191.0,1155.8,1432.6,440,284,56.919014084507054,27.581222212766423,53.11,25.731,80.482,178
ES,2020-11-05,4161,1183.3496755587596,160.28285983132864,1190.0,898.5,1334.9,450,330,60.802484848484816,21.207725007647568,79.49000000000001,41.588,93.23599999999999,197
ES,2020-11-06,4394,1206.9194355939924,146.15372305409932,1200.0,906.8000000000001,1362.8,454,285,62.01999999999999,26.36324503715142,48.77,24.458,76.09,171
ES,2020-11-07,5012,1227.6903431763762,226.21998277089762,1200.0,880.4,1494.4,481,374,57.134812834224604,26.345563875869118,44.815,12.95,77.25399999999999,207
ES,2020-11-08,4943,1194.9943354238321,210.960887991151,1183.0,902.4,1420.8,472,371,57.72943396226414,26.871329383883165,63.52,25.876,89.22800000000001,222
ES,2020-11-09,4956,1210.4891041162223,218.94291493446414,1279.0,900.2,1425.8,479,360,57.86380555555557,30.31,62.42999999999999,38.181999999999995,86.678,209
ES,2020-11-10,4651,1204.4646312620944,199.72690955402078,1200.0,881.2,1363.6,462,359,55.48799442896937,0.0,78.51,78.51,78.51,204
ES,2020-11-11,4509,1197.1170991350627,203.71589694146763,1236.5,867.0,1325.9,455,356,57.086853932584305,2.0,53.31,51.71,54.910000000000004,199
ES,2020-11-12,4404,1197.7502270663035,216.30896997987324,1255.0,894.0,1401.0,470,301,56.63890365448507,32.019999999999996,63.980000000000004,38.364000000000004,89.596,190
ES,2020-11-13,4556,1173.1316944688326,197.28542461477508,1225.0,903.4,1423.2,476,345,54.53034782608695,33.52621296173422,24.07,20.862,79.294,201
ES,2020-11-14,5103,1228.3160885753477,237.2507517204512,1275.0,956.4,1429.4,486,366,58.315737704918064,20.573741000362578,69.23,35.991,70.318,212
ES,2020-11-15,5193,1212.9559021760062,167.18704049781093,1237.5,974.7,1389.5000000000002,504,429,56.43671328671329,27.386973963129673,50.02,22.768,88.554,237
ES,2020-11-16,5201,1203.91097865795,190.361863010659,1242.5,983.5,1350.5,499,407,60.932309582309585,26.630055388601804,70.305,36.504000000000005,92.556,243
ES,2020-11-17,5279,1197.2788406895236,220.33784384916444,1253.0,917.2,1414.2000000000003,523,392,57.29145408163271,29.247825987584104,45.25,14.589000000000002,76.12100000000001,231
ES,2020-11-18,5288,1216.2439485627833,183.2477677709129,1204.0,931.2,1428.0000000000005,529,390,58.60723076923079,20.393179929925616,53.62,19.576,73.132,244
ES,2020-11-19,5341,1176.5643137989136,152.90919274029864,1212.0,1028.2,1321.6,525,363,54.19936639118461,12.597505925998034,42.75,37.534,61.038,224
ES,2020-11-20,5731,1195.0174489617875,173.76153019296302,1206.0,1177.2,1513.7,535,377,51.17968169761273,30.263310063507593,23.03,16.282,71.578,235
ES,2020-11-21,5542,1179.023637675929,166.18069368987153,1189.0,914.4,1290.9,533,358,55.179078212290534,20.018493949345938,38.625,9.195,55.44,225
ES,2020-11-22,5903,1208.7203117059119,168.90492673583026,1180.0,928.6,1387.6000000000001,541,422,56.20182464454979,22.364625997319965,48.44,24.13,72.99000000000001,242
ES,2020-11-23,5449,1192.5483574967882,195.1048527824332,1157.0,915.4,1290.0,536,378,54.303412698412714,29.421717637656712,51.775,25.192,87.38100000000001,212
ES,2020-11-24,5284,1202.008137774413,112.8719223796512,1156.0,947.6,1272.6,529,308,54.80077922077924,25.880774503265723,38.56,33.712,79.85600000000001,211
ES,2020-11-25,4932,1211.343673965936,219.66171608117392,1179.0,925.0,1373.0,530,336,56.500922619047614,32.59596703070284,75.88,28.808,89.736,213
ES,2020-11-26,5554,1201.6748289521067,106.75103591365779,1322.0,1161.4,1404.4,570,401,57.0198753117207,1.1450000000000014,30.634999999999998,29.718999999999998,31.551000000000002,238
ES,2020-11-27,5324,1171.1416228399698,186.92092817820978,1302.0,952.3000000000001,1349.9,565,414,54.89188405797103,19.92065420612486,56.4,32.418,77.34,245
ES,2020-11-28,5231,1211.1904033645571,124.47648194668392,1318.0,1015.4,1344.6,553,344,59.19348837209305,32.06558318509114,38.88,13.707,81.23100000000001,218
ES,2020-11-29,6198,1247.825911584382,151.13261651694597,1381.0,1116.4,1407.4,548,414,60.1247101449276,7.779999999999998,66.78999999999999,60.565999999999995,73.014,241
ES,2020-11-30,5613,1230.359166221272,188.6059216271841,1294.0,1101.0,1435.5,551,396,57.21285353535357,14.244516980227868,65.45,55.99,87.8,227
ES,2020-12-01,5336,1202.2589955022486,230.36043144310975,1418.0,930.6,1448.8,555,415,58.111614457831365,13.516304557418382,64.97,52.682,79.146,240
ES,2020-12-02,5166,1181.6624080526524,249.90199463072565,1207.0,919.7,1465.7,557,388,58.196391752577334,23.389809233937754,67.86,35.888,77.27799999999999,237
ES,2020-12-03,5092,1180.0712882953655,265.3984020885457,1200.0,749.2,1482.3,575,410,56.21804878048784,34.44956370559971,43.21,16.96,93.992,261
ES,2020-12-04,5158,1175.981582008531,287.603441097332,700.0,659.0,1308.0,549,404,55.3012376237624,29.953781295337137,56.37,18.34,84.83500000000001,240
ES,2020-12-05,5899,1168.9720291574836,279.94415911431736,963.0,674.9,1332.1,551,448,52.7514732142857,28.196178228027044,32.08,29.168,78.408,270
ES,2020-12-06,5490,1192.004189435337,293.37185537248007,1173.0,708.0,1327.0,562,458,56.724934497816605,0.0,0.0,0.0,0.0,249
ES,2020-12-07,6420,1207.756542056075,250.4656521349949,1027.5,714.5,1303.5,576,465,55.19840860215055,30.561386486872617,44.02,19.218000000000004,86.036,268
ES,2020-12-08,6824,1184.4860785463065,240.20777631556626,1294.0,751.0,1325.2,604,523,53.74548757170173,29.259096211453816,71.67,25.258000000000003,97.00399999999999,294
ES,2020-12-09,5685,1192.2163588390492,192.0099918904605,957.0,761.0,1301.0,566,437,55.96427917620142,22.352269325506974,51.43,36.824,83.052,246
ES,2020-12-10,6198,1178.3446272991282,272.8586954356746,1196.0,791.6,1449.6000000000001,596,498,54.6304016064257,21.109373486193093,51.9,23.738,72.108,270
ES,2020-12-11,5649,1188.161975570898,187.95679513105532,1017.5,756.7,1267.4,574,432,56.308564814814815,15.78481381652068,48.95,41.6,71.785,251
ES,2020-12-12,6551,1181.6006716531833,143.45589801244216,1036.5,954.9,1314.0,560,475,55.55911578947369,19.746551949362928,41.08,18.715,64.05,249
ES,2020-12-13,6594,1175.895056111617,267.3326376432656,1162.5,798.9,1739.3,578,470,53.230872340425535,25.9619075570344,85.38,27.954,89.32499999999999,253
ES,2020-12-14,6273,1188.3883309421328,242.4579571170799,983.5,784.0,1346.3,604,485,55.18012371134023,0.0,7.81,7.81,7.81,264
ES,2020-12-15,5877,1168.7924110940955,313.73834436436005,1123.0,777.0,1471.9000000000003,592,502,57.31834661354584,22.680020943552943,55.58,32.501000000000005,81.15100000000001,270
ES,2020-12-16,5722,1201.4571828032163,229.29064828049331,1333.0,878.3000000000001,1459.1000000000001,597,470,55.94910638297873,10.661179969090352,52.645,35.89,60.07,274
ES,2020-12-17,5835,1195.9468723221944,255.13021299522796,1260.0,927.3,1428.2,606,473,56.13589852008458,27.666899333861032,63.66,26.365000000000002,83.812,274
ES,2020-12-18,5639,1173.0001773364074,239.0075579448621,1310.0,791.6,1387.2,605,465,55.47681720430113,0.10500000000000398,85.935,85.851,86.019,265
ES,2020-12-19,6041,1196.5398112895218,233.49057679337542,1004.0,786.3,1304.6000000000001,602,494,56.75572874493928,29.38599070986037,80.57499999999999,36.024,90.644,278
ES,2020-12-20,6701,1196.585882704074,225.39366624630475,1079.0,800.0,1310.0,625,463,55.51585313174948,26.418216139626082,30.64,22.89,79.86,269
ES,2020-12-21,6148,1192.3126219908906,237.84651972305542,1018.0,805.0,1393.0,601,439,53.51150341685651,26.171375584787285,46.51,16.882,77.548,267
ES,2020-12-22,6170,1184.8572123176664,243.0949547497714,1171.0,781.3,1358.1,612,424,55.78941037735851,34.46,51.89,24.322,79.458,250
ES,2020-12-23,5903,1181.00931729629,224.21916361750468,1163.5,765.7,1368.0,605,414,53.344444444444456,20.69185467762617,50.28,26.423000000000002,69.825,248
ES,2020-12-24,5679,1194.5618946997697,222.08421751538648,925.0,766.8,1295.2,594,415,56.413253012048216,28.511160862897185,79.97,31.741,99.77600000000001,261
ES,2020-12-25,5709,1178.4871255911717,194.38099123693476,930.5,815.0,1275.0,578,437,57.291693363844395,25.096196701669534,53.69,24.705,85.33500000000001,251
ES,2020-12-26,6556,1178.9254118364863,247.65002242616848,1126.5,847.1,1279.0,640,510,56.00294117647061,12.457718713936172,44.06,27.276,51.019999999999996,265
ES,2020-12-27,6589,1175.16330247382,171.16260709475037,1117.0,858.0,1230.4,637,552,56.247391304347865,15.329999999999998,31.72,19.456,43.983999999999995,297
ES,2020-12-28,6606,1176.8923705722077,164.17617527976603,1105.5,889.0,1226.9,642,448,54.578258928571465,21.650826517453993,52.17,35.138,77.30600000000001,266
ES,2020-12-29,6534,1182.0240281603915,504.7699075806204,1187.0,875.8,2481.0,648,438,54.34404109589041,19.169356392163923,71.14,46.802,92.902,269
ES,2020-12-30,6448,1184.3565446650127,211.87694268396592,1187.0,885.6,1270.2,634,479,55.92413361169101,27.763524069361225,51.355000000000004,16.533,75.712,279
ES,2020-12-31,5386,1176.487560341626,185.19832527946068,1228.0,916.0,1267.8,590,414,57.45864734299521,26.150039208714084,58.32,28.414,91.944,237
ES,2021-01-01,6864,1190.396416083916,161.70298358461932,1046.0,896.0,1284.0,626,686,54.49153061224492,26.04310860448737,48.17,27.92,89.25,322
ES,2021-01-02,6771,1173.0231871215472,163.7345207382242,1228.0,946.0,1304.0,654,779,54.93663671373557,20.80371639875914,53.58,34.47,81.068,336
ES,2021-01-03,7409,1157.848562559049,156.9433114742169,1095.5,931.0,1297.0,672,802,57.05711970074818,26.1193598244461,70.2,23.295,83.59400000000001,352
ES,2021-01-04,6803,1163.8525650448335,163.15005779350705,1192.0,910.6,1281.9,669,683,55.42027818448026,23.60145978536074,64.76,21.262,71.842,326
ES,2021-01-05,6739,1165.433892268882,153.0531069078719,1195.0,963.2,1282.0,657,430,54.03113953488373,17.280933375640718,39.05,11.29,52.004999999999995,261
ES,2021-01-06,6799,1188.7071628180615,117.58327231258014,1171.0,964.2,1288.9,665,454,55.93931718061674,23.69284617769676,30.92,23.580000000000002,72.78200000000001,238
ES,2021-01-07,6602,1177.1331414722813,149.7857229130738,1192.0,990.3,1283.0,687,529,55.15850661625712,22.128604629690116,60.97,30.664,85.84700000000001,296
ES,2021-01-08,7307,1177.8256466402086,141.85333310594297,1179.0,993.4,1242.4,677,567,56.4614991181658,20.898277403592385,68.9,43.162,95.242,320
ES,2021-01-09,7086,1189.7960767710974,110.39240114314615,1176.0,937.0,1204.0,672,544,55.80974264705888,17.532968528365828,66.28999999999999,57.877,82.961,296
ES,2021-01-10,7247,1164.2159514281768,173.5528660104955,1130.0,919.4,1236.4,694,554,55.757833935018056,28.573001171007,55.625,11.891,89.414,320
ES,2021-01-11,6931,1151.8923676237193,158.34972197960772,1103.0,919.1,1370.4,678,546,53.55108058608058,24.218090732962413,55.42,14.983000000000002,72.198,298
ES,2021-01-12,7057,1161.997732747627,157.8319810442827,1119.0,901.8,1365.4,696,530,55.56573584905665,17.338763932122657,25.37,15.252,55.18000000000001,297
ES,2021-01-13,7283,1151.5663874776872,192.11996005947546,1085.0,894.8,1329.0,706,584,54.397208904109576,30.448438249551238,24.75,7.336000000000001,77.81200000000001,330
ES,2021-01-14,6714,1148.3007149240389,115.04612635050475,1150.0,980.0,1320.0,681,491,54.445376782077396,26.831775691833357,53.89,22.99,97.71,298
ES,2021-01-15,7133,1150.7573251086505,144.79662111942844,1150.0,1015.4,1359.6,698,554,55.335361010830354,0.0,0.0,0.0,0.0,320
ES,2021-01-16,7377,1139.3971804256473,146.65253515190932,1141.5,954.5,1337.5,715,573,54.15570680628277,21.629430528795712,67.07,31.313000000000002,80.03699999999999,343
ES,2021-01-17,6847,1160.7912954578658,166.2229433542409,1147.0,967.0,1339.0,708,521,57.063339731285964,16.160787370592434,58.24,47.013,86.564,298
ES,2021-01-18,7637,1148.4260835406571,214.98123589815268,959.5,678.9,1202.1,728,544,56.131066176470625,36.69274075345149,18.56,1.9100000000000001,80.066,321
ES,2021-01-19,7611,1145.7336749441602,358.6264962035101,1086.0,775.8,1376.0,742,559,55.798121645796094,26.376776924915326,59.27,14.872000000000002,81.75,332
ES,2021-01-20,7192,1131.495689655173,182.8662693955309,1040.5,768.7,1215.1000000000001,733,555,56.12457657657657,21.324653963585593,25.585,12.704999999999998,61.160000000000004,333
ES,2021-01-21,7517,1134.796727417853,170.34325505951455,1043.5,889.5,1278.5,764,532,55.73533834586467,30.173168670838812,53.295,24.528,96.317,321
ES,2021-01-22,7446,1150.9367445608382,198.83355124324467,1144.5,861.3,1369.0,743,568,54.572957746478906,22.99041913976825,51.18000000000001,25.092,92.86200000000001,337
ES,2021-01-23,7547,1156.123360275606,214.97360832993172,1225.0,978.5,1370.5,735,509,55.83703339882122,26.281266841171483,44.69,18.9,81.08,334
ES,2021-01-24,7760,1132.8693298969074,186.21205077533,1110.0,939.0,1376.0,741,614,54.753534201954416,32.046918555282176,65.12,23.32,99.05,366
ES,2021-01-25,7840,1149.615178571428,204.3718645579554,1139.0,852.4,1408.0,753,545,55.43045871559639,15.656146290408335,68.465,44.101,87.64099999999999,331
ES,2021-01-26,7080,1136.1717514124289,175.57233393802238,1207.5,943.2,1391.3000000000002,744,662,55.23676737160122,19.91389921181138,51.28,22.55,64.44,368
ES,2021-01-27,6952,1133.2941599539702,183.00574780982538,1168.0,917.0,1357.0,743,720,56.656180555555565,23.02057574516521,25.535,10.937,72.793,381
ES,2021-01-28,6696,1123.5716845878135,176.28734226585544,1176.0,904.5,1364.5,752,678,55.893289085545746,26.5305662815972,49.4,7.913000000000002,81.808,363
ES,2021-01-29,7227,1118.8969143489687,203.97645247036033,1166.0,841.6,1346.2,757,767,55.23585397653197,23.481164401124854,29.71,7.7010000000000005,68.07200000000002,390
ES,2021-01-30,7405,1160.566509115462,142.29920220339037,1152.0,851.0,1296.0,750,813,55.966986469864715,28.326972508271602,57.22,17.855,93.91,399
ES,2021-01-31,7785,1138.7013487475913,210.3680812290686,1164.0,818.4,1342.0,773,808,55.68147277227725,31.553289032207086,62.974999999999994,15.074000000000002,94.846,402
ES,2021-02-01,7475,1138.1109030100336,229.77273514072462,1156.0,792.4,1370.0,760,795,55.925119496855366,23.417172973752507,45.96,27.77,82.37,377
ES,2021-02-02,7217,1140.0400443397532,255.3324724122336,1189.0,689.4,1343.2,775,726,55.79223140495866,26.77629882374009,49.09,16.62,77.45,388
ES,2021-02-03,6936,1112.4202710495963,211.75324591504037,1086.0,839.8,1340.0,756,772,53.97563471502595,23.652814777814083,42.72,16.866,68.218,374
ES,2021-02-04,6988,1122.779622209502,206.36647927233332,1194.5,897.8,1349.0,799,740,54.61197297297299,22.397109502111796,35.68,23.32,70.1,409
ES,2021-02-05,7440,1137.3606182795693,197.82582607120065,1164.0,824.0,1318.0,809,748,52.74656417112297,32.79896242261331,52.25,12.568,90.535,420
ES,2021-02-06,8645,1126.306535569693,251.43511341099514,1175.0,651.0,1342.0,831,856,56.77793224299063,27.59280397821074,55.58,10.924000000000001,84.644,450
ES,2021-02-07,8281,1127.4317111459966,187.73381388851251,1054.0,846.0,1248.2,824,957,54.76071055381402,25.43462047583962,56.019999999999996,12.195,79.687,445
ES,2021-02-08,7712,1143.3733143153522,213.61000226269056,982.0,841.2,1320.4,835,865,54.13739884393063,32.25633222717673,46.205,8.552000000000001,92.577,434
ES,2021-02-09,8249,1109.9732088738028,279.8816038385157,1039.0,657.0,1310.2,836,808,51.97009900990101,21.16260535081574,43.835,29.36,80.065,419
ES,2021-02-10,7923,1110.345828600278,215.19257203120335,1147.0,753.4,1298.8,829,758,54.267519788918214,27.69629516408876,69.66499999999999,27.198,95.727,403
ES,2021-02-11,8079,1112.1607872261416,192.1124803258573,1064.0,848.2,1329.6,836,866,55.414480369515,23.780166490932814,59.55,23.652,83.912,435
ES,2021-02-12,8735,1111.7426445334866,250.193400747857,1060.0,643.5,1308.1,849,821,55.21079171741778,19.730538231099754,46.78,17.099,65.97,427
ES,2021-02-13,8477,1139.6912822932638,230.834851980564,923.5,695.0,1318.7,839,941,53.467481402763035,28.047560437306753,59.945,13.545,80.89,465
ES,2021-02-14,8797,1153.9846538592699,426.1112029723752,1273.0,907.6,1916.4,840,923,55.263759479956676,26.935872227465012,55.905,13.377000000000002,81.715,446
ES,2021-02-15,8313,1112.7198364008184,194.3462780398645,1095.0,856.0,1298.0,849,876,54.821461187214624,29.1561602580267,65.98,20.01,86.92,409
ES,2021-02-16,8450,1118.8807100591716,228.13475096882846,1028.0,868.0,1337.0,891,855,54.225871345029255,23.54510923501713,47.11,23.575999999999997,81.80999999999999,447
ES,2021-02-17,8491,1110.3813449534803,207.58894370889075,927.5,854.4,1306.0,865,888,54.314301801801825,22.342044293436455,39.26,19.206,69.108,480
ES,2021-02-18,7996,1102.7558779389694,213.73002715997563,1056.0,724.9000000000002,1284.9,854,845,54.56022485207103,23.574774536857568,56.62,23.9,82.91,435
ES,2021-02-19,8196,1108.7795265983407,266.84322024423847,920.0,719.0,1245.0,904,931,54.16980665950593,33.24985836013228,43.52,11.309999999999999,90.116,466
ES,2021-02-20,8211,1093.1506515649742,265.48142014797094,1055.0,874.2,1279.9,847,845,55.670887573964514,10.326824100370839,63.4,44.084,64.59,417
ES,2021-02-21,9329,1117.4924429199268,351.68432218363984,1109.0,354.2000000000007,1307.4,881,902,53.73945676274946,26.960508023763353,64.52,18.612000000000005,85.652,465
ES,2021-02-22,8847,1076.1192494630948,212.52428428865204,991.0,873.0,1287.7,874,879,53.42663253697383,22.59181368124665,52.71,22.014,80.11699999999999,433
ES,2021-02-23,8188,1105.2073766487545,270.3618903033397,939.5,717.4,1327.7,863,844,54.03733412322276,27.86495412448,63.730000000000004,19.105,90.51,435
ES,2021-02-24,8935,1086.8297705651933,208.07753960241052,903.0,665.0,1282.6,863,306,55.16444444444448,13.495923664409029,63.59,49.129999999999995,80.97,200
ES,2021-02-25,8620,1089.2950116009285,284.597390925268,935.0,681.2,1301.6,886,203,56.21320197044337,39.35260530130121,47.73,9.134,97.906,159
ES,2021-02-26,8184,1092.514173998044,302.72719188789983,898.0,696.8,1301.1,861,247,55.2344129554656,36.620812333972054,36.78,12.720000000000002,94.114,199
ES,2021-02-27,8222,1100.5439065920698,333.15600308610743,1105.5,852.5,1738.5,814,186,53.475215053763456,18.649406293553714,70.91,37.854,79.498,146
ES,2021-02-28,8753,1111.483491374386,285.0598094894168,1082.0,842.0,1270.6000000000001,833,769,54.54817945383615,30.11202507838003,40.73,8.074,85.676,397
ES,2021-03-01,9243,1096.2924375202851,298.56551311828156,916.0,686.8,1356.4000000000003,860,912,55.85587719298244,23.311466363144124,60.38,36.13,87.67999999999999,438
ES,2021-03-02,8435,1099.8567871962073,266.38288626490714,933.0,715.0,1392.0,879,908,52.991839207048464,23.472692544547563,62.07,20.636,85.27,415
ES,2021-03-03,8171,1130.1376820462622,321.94540268893326,941.0,526.2,1346.0,864,831,55.49883273164865,22.307828730835954,57.44,32.064,88.38600000000001,446
ES,2021-03-04,8029,1101.4932121061156,296.8875716582335,956.0,578.8,1426.4,863,783,54.311443167305264,28.616698530449113,68.51,26.984,92.984,419
ES,2021-03-05,7406,1118.778557926006,329.1525600496122,994.0,568.8,1328.8000000000004,869,715,53.89524475524476,31.915784379550875,45.33,11.56,87.42,421
ES,2021-03-06,7749,1149.648212672603,346.3152401433635,1002.5,561.2,1312.1000000000001,851,795,53.34444025157231,30.120689205631102,63.99,10.614,85.548,440
ES,2021-03-07,7721,1110.205413806502,308.6915969195882,1015.0,564.3,1270.7,852,767,54.791108213820074,23.42930479035141,57.8,20.934,80.74000000000001,422
ES,2021-03-08,8046,1096.9532687049457,247.76734083301656,1033.0,728.0,1353.6,857,827,52.39689238210399,24.82326016923166,61.83,32.126,92.988,422
ES,2021-03-09,8331,1092.7870603769047,265.0617897403756,955.5,714.7,1229.3,876,824,54.17298543689324,24.932925172127096,71.19,34.279,90.17899999999999,427
ES,2021-03-10,8238,1067.2452051468804,240.19807000214485,886.0,683.4,1197.4,870,822,54.1694038929441,22.869810061408423,58.245000000000005,20.213,78.058,426
ES,2021-03-11,8077,1105.036028228302,267.9802497942708,904.0,736.6,1253.6,849,789,53.46979721166034,24.558481219863513,49.385,19.321,83.824,430
ES,2021-03-12,7764,1092.6628026790315,254.22375552978244,904.0,707.0,1245.0,862,771,56.34482490272377,26.381562532698222,61.74,17.971,81.7,426
ES,2021-03-13,7938,1121.7102544721597,223.98253850873775,1128.0,848.4,1227.3,833,800,54.98319999999997,22.76575919746,61.6,26.588000000000005,75.416,408
ES,2021-03-14,8407,1108.0336624241713,251.55476176901777,907.0,739.6,1229.2,859,856,54.366063084112184,31.89795303211303,83.53999999999999,13.538,90.92999999999999,422
ES,2021-03-15,7901,1112.82673079357,274.7806587821307,932.0,734.1,1214.3,873,794,56.22729219143577,26.909915486290362,65.22,23.436,91.042,391
ES,2021-03-16,8275,1120.7447734138968,252.96322520895097,928.0,735.8,1199.2,881,864,55.6082638888889,17.878030326615264,54.435,37.91,80.255,434
ES,2021-03-17,7895,1108.2511716276122,181.7396790336619,885.0,741.0,1156.4,841,842,54.45046318289788,25.591731628289146,47.915,27.189999999999998,91.375,434
ES,2021-03-18,8012,1103.9464553170244,275.90014435413457,897.0,734.2,1220.4,880,866,56.28974595842957,24.880240030996486,61.83,21.594000000000005,83.716,410
ES,2021-03-19,8210,1110.765651644336,228.01893073825894,875.0,695.8,1187.2,860,858,55.75210955710956,21.24466444420666,25.95,6.4159999999999995,53.412000000000006,422
ES,2021-03-20,7895,1155.2887903736537,260.3523502681897,915.5,713.5,1229.6000000000004,844,866,56.83941108545034,26.17873196128093,54.8,28.799999999999997,89.792,417
ES,2021-03-21,8128,1123.1924212598417,231.42669274518332,878.0,715.4,1255.2,831,851,54.335158636897766,27.93232734205658,64.72,21.24,92.74,415
ES,2021-03-22,8411,1107.0130781119963,251.29417317655475,903.5,605.3,1251.0,895,839,54.41841477949939,29.59816473802683,57.269999999999996,14.985000000000001,96.465,442
ES,2021-03-23,8398,1108.685639437961,293.06965261849757,979.0,630.0,1380.6,920,881,55.153813847900096,28.01339096641997,66.22,18.5,93.205,451
ES,2021-03-24,8510,1134.7379553466508,212.3903911661859,902.0,715.0,1264.0,892,810,56.0923580246914,20.938742808803568,51.2,45.36,90.5,420
ES,2021-03-25,8153,1125.3276094689077,164.1626985086218,869.0,709.2,1102.5,873,794,57.44777078085644,29.18892555405218,49.724999999999994,13.786999999999999,87.363,415
ES,2021-03-26,8153,1095.912547528518,237.31453151162776,808.0,400.8,1103.4,873,836,55.33795454545458,25.690368253491425,55.16,11.292,80.57799999999999,425
ES,2021-03-27,8015,1121.543106674984,258.9142460630632,888.0,853.4,1232.2000000000005,823,850,54.9834705882353,25.26449123484128,68.66,27.24,92.09,424
ES,2021-03-28,8154,1131.8663232769197,166.8608746270791,861.0,723.0,1107.0,847,925,55.94565405405407,22.4350484956017,65.615,34.201,85.195,415
ES,2021-03-29,8097,1106.7764604174386,264.027348183161,858.0,681.4,1154.0,860,736,54.97377717391304,26.926857587092687,32.18,12.942,79.372,392
ES,2021-03-30,8421,1133.293908086926,300.76460330228633,898.0,699.2,1494.7999999999997,858,829,56.478600723763556,33.16879262198128,47.735,9.254000000000001,96.516,415
ES,2021-03-31,8128,1114.3508858267726,350.7879640339687,950.5,382.00000000000045,1381.8,841,810,57.63328395061732,20.20264411737566,67.82,33.672,84.172,406
ES,2021-04-01,8845,1113.6428490672697,246.04337192236102,932.0,684.8,1249.4,825,869,56.6915765247411,27.178700093556905,74.99,36.46000000000001,83.906,375
ES,2021-04-02,8330,1136.5411764705882,281.3586068682743,903.0,673.0,1238.6000000000001,834,863,58.06750869061414,0.0,80.68,80.68,80.68,413
ES,2021-04-03,8214,1158.9558071585102,319.35566379821734,1115.5,343.9,1362.1,817,800,57.56295,24.700812814946158,60.71,16.73,78.5,388
ES,2021-04-04,8678,1122.3968656372435,325.021571762441,1021.0,349.6,1258.8,837,893,56.486763717805175,24.55603347951199,64.325,22.179000000000002,83.358,409
ES,2021-04-05,8618,1129.0956138315155,251.56466303897736,964.0,665.8,1245.0,866,896,56.49618303571429,27.81043861574283,47.13,32.496,93.52199999999999,403
ES,2021-04-06,8120,1130.007019704434,360.27572621460996,975.5,391.3,1358.9,871,906,56.75227373068435,26.925958187324653,64.935,15.557,78.558,414
ES,2021-04-07,7745,1115.5867010974823,348.8213736567881,889.0,395.2,1221.0,837,775,57.1727741935484,21.971773662356494,60.5,32.352000000000004,92.666,380
ES,2021-04-08,7701,1123.276587456175,268.87368355481226,1049.5,692.4,1252.7,870,792,56.89132575757578,23.718331367470665,49.650000000000006,10.225999999999999,68.457,409
ES,2021-04-09,7837,1097.630726043128,309.46384540408934,940.0,371.6,1226.2,863,801,54.72099875156057,28.589714824565846,42.935,11.813,84.54299999999999,385
ES,2021-04-10,8156,1130.0899950956348,298.29711400919393,1022.0,449.0,1235.0,852,823,56.53747266099637,23.35795907332244,62.91,22.8,81.55,419
ES,2021-04-11,9066,1119.5873593646593,339.4297288964621,1024.0,463.1,1346.2,892,1041,56.34759846301634,19.046228626394488,59.01,33.870000000000005,84.384,449
ES,2021-04-12,8626,1126.9182703454671,247.66087543881207,957.5,508.5,1157.0,852,793,55.26667087011349,26.128764481569604,61.85,37.606,93.504,388
ES,2021-04-13,8470,1142.696458087367,562.1223126615521,965.5,491.8,1882.7,875,833,58.40342136854742,31.146877992400288,59.685,9.998999999999999,88.209,428
ES,2021-04-14,8153,1117.848644670674,295.3730257113587,922.0,427.0,1296.0,874,839,55.405876042908254,28.11995714937426,53.09,19.36,82.9,407
ES,2021-04-15,8288,1115.157697876448,340.61530677263454,981.5,382.4,1338.0,868,848,57.65508254716984,23.152513050146197,75.785,37.852000000000004,94.00200000000001,419
ES,2021-04-16,7575,1118.018085808581,339.624680454927,904.0,350.2,1327.4,834,768,56.59669270833337,26.200463594409612,54.48,15.62,74.88,382
ES,2021-04-17,8199,1122.9465788510797,248.0768756927227,904.5,758.5,1209.0,801,815,58.00229447852762,20.17997259041746,50.22,40.848,84.115,397
ES,2021-04-18,8455,1124.5204021289187,426.0901257368828,916.5,367.4,1748.7000000000025,823,814,54.71019656019656,17.49175782580855,75.37,48.001999999999995,88.028,380
ES,2021-04-19,7799,1104.1475830234644,363.4436648636734,918.0,335.0,1364.2,867,764,57.32198952879584,23.795172115368278,55.33,31.26,85.18199999999999,389
ES,2021-04-20,8378,1090.6092146096926,465.08249641166265,1140.0,791.0,1454.6,848,811,56.883181257706546,30.408298594914843,80.465,22.295,92.59,408
ES,2021-04-21,7846,1115.8140453734386,370.4815644255787,905.0,342.0,1384.5,869,23,56.97521739130436,0.0,0.0,0.0,0.0,19
ES,2021-04-22,7824,1098.1869887525565,380.0322835550019,848.0,298.8,1221.6,874,8,73.27625,0.0,76.33,76.33,76.33,8
ES,2021-04-23,8003,1143.9221541921781,267.1735607890158,921.0,698.8000000000003,1213.4,859,11,64.29363636363637,0.0,0.0,0.0,0.0,10
ES,2021-04-24,8205,1142.0507007922001,270.50914479503757,919.5,832.9,1212.3,844,9,62.71888888888889,0.0,0.0,0.0,0.0,9
ES,2021-04-25,8763,1136.2687435809657,410.9104827428673,1186.0,395.40000000000003,1738.5999999999992,862,15,67.72999999999999,10.829999999999998,75.58,66.916,84.244,13
ES,2021-04-26,8087,1117.658216891307,327.93711436188494,883.0,393.8,1380.2,873,9,53.40111111111111,0.0,0.0,0.0,0.0,9
ES,2021-04-27,8620,1150.7547563805101,429.9886304524098,1208.5,806.7,1522.3,866,19,74.49684210526316,0.0,69.05,69.05,69.05,18
ES,2021-04-28,8313,1126.171418260556,278.95722704911054,865.0,800.0,1254.1,856,13,51.876153846153855,0.0,0.0,0.0,0.0,12
ES,2021-04-29,7890,1120.9866920152087,275.6897763613464,871.0,817.4,1263.8,823,17,58.95470588235294,0.0,0.0,0.0,0.0,14
ES,2021-04-30,7594,1122.3244666842252,367.1346200294854,865.0,777.7,1545.3999999999987,846,784,57.66926020408164,16.28318594067814,73.51,53.092,94.53999999999999,370
ES,2021-05-01,8088,1132.4115974282884,285.65744747147477,1013.0,835.1,1436.4,836,776,55.93061855670104,23.797519945480783,56.19,28.484,91.484,394
ES,2021-05-02,7546,1125.4177047442345,245.82021936145443,945.0,691.8,1198.2,828,780,56.771807692307696,24.461938108007715,68.145,34.07,89.692,374
ES,2021-05-03,8111,1104.218468746147,310.00626625351117,885.0,373.0,1314.0,844,870,59.45366666666668,28.577461251055098,31.82,7.764,85.062,397
ES,2021-05-04,7494,1096.8745663197226,289.4028810295595,879.0,372.8,1248.2,833,721,58.45058252427186,28.171493834883673,44.29,13.914000000000001,83.79599999999999,400
ES,2021-05-05,7381,1118.3857200921286,312.85961917785266,871.0,733.4,1383.0,830,689,58.052539912917275,26.378246913016827,83.89,31.291999999999998,93.60600000000001,369
ES,2021-05-06,7024,1095.3488041002274,352.6066474953704,860.0,358.8,1261.0,815,732,56.93314207650274,26.097575053415188,64.76,34.809999999999995,91.732,384
ES,2021-05-07,7302,1101.498356614626,406.6384852769513,977.0,352.5,1467.0,827,728,57.265453296703285,27.250649184776048,63.81,22.29,88.07,362
ES,2021-05-08,7476,1139.4335205992513,326.8146673465855,995.5,488.00000000000034,1474.0,776,797,57.771191969887056,26.27081021567007,40.09,25.400000000000002,87.42,363
ES,2021-05-09,8624,1119.8326762523188,281.37994610075947,1155.0,847.1,1536.8,820,853,56.702110199296655,28.30728107978895,40.25,13.296,79.912,407
ES,2021-05-10,7825,1111.4761661341847,264.57261876371444,967.5,832.0,1501.7,817,828,57.95830917874398,24.920238874367868,65.295,23.134000000000004,84.46499999999999,388
ES,2021-05-11,8117,1123.082419613157,360.61560526903503,976.5,360.7000000000005,1478.6,865,851,56.847849588719136,32.509160186015265,40.77,11.190000000000001,84.9,418
ES,2021-05-12,7867,1093.174653616372,270.409500211191,1000.0,807.0,1388.6,854,775,58.71354838709677,25.10305626780084,57.63,18.585,85.87,371
ES,2021-05-13,8336,1105.1573896353163,323.4759416448494,997.5,349.2,1452.4,853,789,58.6733333333333,14.70033670272738,68.96,47.19,86.08,372
ES,2021-05-14,7616,1108.4466911764696,221.43238547093546,1040.5,817.0,1465.5,807,757,57.966618229854674,29.995934214285697,36.415,11.783000000000001,86.71100000000001,385
ES,2021-05-15,7712,1145.198781120332,398.9531584081997,1013.0,346.8,1403.6000000000001,776,787,59.04285895806861,17.267678193783947,82.54,53.234,88.846,358
ES,2021-05-16,7791,1148.9964061096127,263.05493141268863,937.5,815.7,1275.0,797,811,59.23401972872999,25.189547532436723,49.79,19.504,86.648,372
ES,2021-05-17,8191,1088.4288853619837,397.20516749624267,990.0,372.0,1525.0,838,806,57.104565756823845,11.860872909395814,53.1,30.642,59.812000000000005,386
ES,2021-05-18,8252,1107.5364760058167,245.30745587424735,983.0,803.0,1260.0,840,815,57.52973006134968,22.601296934921585,45.16,32.8,83.8,401
ES,2021-05-19,7997,1127.1091659372269,280.0953463701857,1070.0,844.2,1473.8,830,827,55.525513905683184,27.246584136501184,58.505,15.188,88.924,400
ES,2021-05-20,8124,1107.361398325947,267.24596895594465,960.0,834.6,1366.5,835,774,56.92987080103362,26.968889165582716,56.33,22.696,90.39,402
ES,2021-05-21,7687,1131.5975022765713,329.850181092506,1105.0,590.8,1429.6,817,662,55.71947129909361,21.7513110207741,67.13,39.209,81.47800000000001,359
ES,2021-05-22,7411,1141.3744433949532,191.78034191055178,961.5,817.6,1191.8,766,700,56.128114285714254,23.612475516133415,30.87,7.991999999999999,63.048,348
ES,2021-05-23,8151,1149.2472089314192,163.55163150517527,846.0,794.0,1181.0,814,876,57.80796803652968,20.44231064935906,55.66,31.436,83.472,401
ES,2021-05-24,8194,1118.0643153526971,283.7737972571375,950.0,823.0,1264.5,852,782,58.472710997442434,20.823228466066446,70.235,46.459,83.465,394
ES,2021-05-25,8126,1120.0313807531384,250.77513870614428,964.0,801.4,1304.4,832,794,56.488690176322436,26.029769829089382,54.22,10.2,74.15,377
ES,2021-05-26,7561,1118.904906758365,229.2411888047785,966.5,826.6,1392.1,828,719,58.59440890125177,22.50578203330753,38.11,16.977999999999998,77.74,353
ES,2021-05-27,8333,1133.094083763351,288.4973107369792,957.5,619.3,1405.0,839,813,55.88006150061503,26.39240178536239,46.36,17.764,85.95400000000001,383
ES,2021-05-28,7593,1145.261424996707,411.14633127381927,957.0,338.6,1546.2,801,755,56.99192052980135,28.36289677695575,56.84,25.056,96.863,349
ES,2021-05-29,7544,1131.4342523860016,366.7624741141065,889.0,794.1,1574.2,760,687,56.7428384279476,21.932013696726266,46.47,25.15,83.9,338
ES,2021-05-30,8312,1120.7372473532243,296.84873669576524,855.0,787.2,1194.6,814,786,56.7103435114504,26.90788950404664,48.224999999999994,13.040999999999999,86.68100000000001,368
ES,2021-05-31,8035,1113.8354698195399,310.11913428748653,906.0,827.0,1287.6,838,813,58.39688806888071,24.894505794451916,59.58,20.996,86.38300000000001,394
ES,2021-06-01,8141,1119.2682717110918,457.5137839859562,915.0,369.0,1398.0,859,792,57.990618686868665,22.121525495190763,54.17,22.25,72.0,391
ES,2021-06-02,7797,1105.2558676414008,254.76209740852823,931.0,605.6,1184.2,837,773,58.57517464424321,27.295007945149266,50.38,12.082,91.648,370
ES,2021-06-03,7414,1135.7855408686264,252.31876424185015,941.5,602.5,1195.0,821,703,57.46786628733996,18.67903042223533,38.61,11.270000000000003,58.674,348
ES,2021-06-04,7305,1134.6887063655038,302.1699231137925,961.0,780.9,1194.9,825,712,57.13112359550565,23.058188587517016,46.155,21.59,84.11500000000001,346
ES,2021-06-05,7495,1136.5751834556368,224.66122563507676,890.0,806.0,1393.2000000000003,773,753,58.85759628154054,26.694815478618686,65.325,34.03,90.85,352
ES,2021-06-06,7581,1126.300488062261,255.97409599154076,1133.0,871.6,1403.4,785,855,58.78988304093566,27.025851012672728,64.2,18.229,89.866,361
ES,2021-06-07,7407,1115.7286350749287,224.08967410542064,950.0,863.0,1340.0,826,731,56.56868673050616,27.439390138500514,55.06,22.795,94.35,368
ES,2021-06-08,7848,1151.624872579,318.7809403075586,1010.0,901.8,1350.2,831,842,61.56586698337292,20.588284935537704,71.87,29.53,89.93,372
ES,2021-06-09,7109,1153.132226754818,333.7347178168412,982.0,377.0,1424.0,800,694,58.47579250720464,24.502139769562927,68.93,29.236,95.692,348
ES,2021-06-10,7275,1121.3978006872858,307.74502778514443,967.0,373.9,1378.4000000000003,800,743,58.315841184387644,35.636934492181,51.53,5.882000000000001,96.521,354
ES,2021-06-11,7061,1149.1106075626676,298.7621005767311,981.0,876.0,1468.6000000000008,763,690,55.76976811594203,27.643675877133273,60.635000000000005,30.078,97.148,359
ES,2021-06-12,7241,1166.1352023201207,225.8756583153452,1012.0,873.5,1264.5,759,663,57.966757164404235,28.590671555596593,52.81999999999999,26.874,87.474,346
ES,2021-06-13,7713,1135.2899001685469,207.42703404335936,1001.0,839.0,1231.6,746,650,56.82263076923077,26.222222975517877,54.175,21.074,88.014,336
ES,2021-06-14,7769,1131.9897026644346,249.39059838416978,978.0,806.8,1151.8,794,693,59.07494949494951,25.889561465750806,66.68,20.808,88.902,361
ES,2021-06-15,7629,1127.6996985188105,319.50142084797596,998.0,331.4,1227.6,815,731,57.494062927496564,22.10407123133655,44.5,20.330000000000002,70.48799999999999,368
ES,2021-06-16,7707,1114.5232905151154,421.1232325652111,1014.5,343.4,1545.2,808,734,56.92598092643053,26.732363862665615,89.29,42.88,97.97,357
ES,2021-06-17,7382,1110.238959631536,181.68524306220232,1009.0,807.2,1210.0,796,677,58.34392909896604,28.98337440390154,35.05,6.814,70.034,356
ES,2021-06-18,7308,1153.2137383689112,310.85467728781015,1022.0,346.0,1397.0,782,686,58.07357142857145,21.352525400341342,54.519999999999996,23.207,76.753,348
ES,2021-06-19,6983,1146.328655305743,271.6712337721078,973.0,789.0,1202.0,766,658,55.60224924012158,30.78461602813977,50.59,18.468,88.098,327
ES,2021-06-20,7963,1184.9323119427354,156.0225472387785,932.0,814.0,1130.0,778,686,59.13596209912534,27.81835749804235,52.82,23.43,89.89500000000001,355
ES,2021-06-21,7654,1146.7317742356934,214.41501907251887,950.0,693.8000000000001,1178.8,783,696,57.11619252873564,26.080245876908446,69.59,28.585,81.088,342
ES,2021-06-22,7680,1152.8984375,228.45932403951429,959.0,885.0,1442.2,824,708,58.665480225988695,31.728441324604788,64.77,13.885,85.425,388
ES,2021-06-23,7384,1131.5276273022753,215.29672982625786,896.0,779.4000000000001,1189.4,809,679,57.3509131075111,19.90709164994183,55.37,33.044000000000004,66.854,338
ES,2021-06-24,7311,1154.6989467925039,255.70436388804652,919.0,847.5,1203.0,766,724,56.359917127071824,20.482317912529908,50.05,23.36,77.238,365
ES,2021-06-25,6754,1145.3731122297895,216.1808899743052,929.0,837.0,1148.5,751,638,56.20641065830723,31.78494219936988,36.44,14.7,91.81599999999999,312
ES,2021-06-26,6523,1145.0271347539476,105.68234923046359,944.0,900.0,1162.0,701,659,55.88368740515934,21.54667491749017,61.935,37.19,87.025,332
ES,2021-06-27,7472,1124.3336456102782,159.77388927887608,990.0,904.0,1203.0,761,666,56.645390390390425,18.389684309416516,53.49,22.128,73.70400000000001,356
ES,2021-06-28,6724,1119.6238845925043,198.43992185262658,974.5,701.6000000000001,1169.9,734,576,58.554461805555576,22.133494617886257,60.754999999999995,18.705,76.517,309
ES,2021-06-29,7161,1124.782432621142,252.55273742185275,999.0,956.2,1434.0,783,668,56.795434131736535,24.767505393912806,43.959999999999994,29.663,85.599,353
ES,2021-06-30,6981,1151.6756911617256,290.5161243582028,987.5,311.4,1159.3,783,634,59.9755047318612,24.870883044988574,79.195,39.456,87.619,348
ES,2021-07-01,7020,1143.8907407407407,175.7522909102394,1002.0,893.6,1158.0,749,611,57.323551554828164,21.948477836488866,44.03,27.53,79.85,328
ES,2021-07-02,6107,1115.142623219256,222.1448905550992,1037.0,915.8,1423.6000000000001,723,525,55.44615238095237,17.635200480856465,47.71,24.898,64.74000000000001,272
ES,2021-07-03,7003,1162.1469370269879,211.73511665614234,1015.5,897.5,1199.7,693,540,58.521777777777785,27.50335595684441,57.025,24.044999999999998,88.18,289
ES,2021-07-04,7565,1116.7263714474554,446.5039183239866,1159.0,298.6,1840.6000000000001,720,712,55.44577247191011,23.723715747936467,28.21,24.215,61.745,340
ES,2021-07-05,7030,1136.343385490754,319.19546978910006,923.5,693.1,1176.7,762,640,57.60496875000001,23.746591802240214,69.96,36.519999999999996,87.474,313
ES,2021-07-06,6766,1136.8619568430383,311.5206990804232,912.0,689.7,1171.5,741,641,57.47126365054602,28.56167591585705,63.915000000000006,22.378,89.81400000000001,321
ES,2021-07-07,7321,1142.159131266221,314.73809904054247,938.0,281.0,1154.0,746,683,59.13600292825772,20.76055608332515,43.255,19.715000000000003,69.86,325
ES,2021-07-08,7415,1133.9898853674983,329.6177292870378,1006.0,695.4,1417.8000000000002,751,658,56.98910334346504,22.630913388909573,70.08,30.772000000000002,84.026,355
ES,2021-07-09,7016,1134.1512257696695,196.54891540404546,1157.0,812.6,1205.0,738,634,58.76149842271296,18.9055272341186,67.91,51.618,94.262,318
ES,2021-07-10,6853,1176.0043776448267,231.57432419041174,1169.0,919.6,1273.2000000000007,728,615,56.94801626016256,22.308936647025284,60.77,34.466,79.04599999999999,314
ES,2021-07-11,7475,1149.652040133779,202.14431955346748,1150.5,831.4,1414.4000000000008,732,691,55.813198263386404,22.100303730944514,74.525,50.36600000000001,84.50099999999999,328
ES,2021-07-12,7659,1119.138268703486,254.8149224805974,1161.0,850.0,1498.0,797,729,58.991481481481465,25.43756274562286,55.42,23.931,88.437,367
ES,2021-07-13,7830,1154.0472541507024,383.6968658736991,1150.5,840.7,1893.3,795,777,60.310257400257406,21.714788398786705,52.585,29.401,87.333,364
ES,2021-07-14,7516,1165.3589675359233,295.06402709957166,930.0,864.0,1374.6000000000004,779,762,62.00211286089242,23.38239211458058,61.47,35.657,87.022,352
ES,2021-07-15,7132,1147.495092540662,403.07081189156924,936.0,376.20000000000005,1849.7,762,718,60.62261838440114,24.45680618457774,58.99,20.743000000000002,74.914,342
ES,2021-07-16,7330,1142.4941336971349,230.0672897357545,936.0,862.0,1451.0,754,765,60.40684967320263,24.84014642428996,61.1,26.0,77.78,356
ES,2021-07-17,6626,1182.0633866586172,312.7078791573293,1137.0,897.0,1781.8000000000013,712,696,62.66090517241378,9.970482372984769,48.849999999999994,39.165,59.522,318
ES,2021-07-18,7498,1165.650440117364,371.60114495887154,918.0,480.80000000000007,1540.0,766,696,59.82419540229885,19.581477217002806,31.884999999999998,21.713,69.426,337
ES,2021-07-19,7375,1129.670779661016,374.8732242422502,903.0,403.1,1328.7999999999993,781,786,61.812926208651426,29.207238400780035,70.12,21.661,88.203,352
ES,2021-07-20,7717,1133.7282622780874,353.82375694129183,1061.0,388.0,1458.0,805,768,62.98177083333332,21.93204928723032,64.63,33.86500000000001,75.583,369
ES,2021-07-21,7321,1155.8561671902746,283.5103112822532,1103.0,754.7,1553.4,780,760,63.102802631579,20.935435344439924,71.25,42.982000000000006,83.58200000000001,357
ES,2021-07-22,6965,1138.662167982771,317.2254840901542,879.0,390.2,1273.6,764,609,61.22648604269296,15.44388685928235,71.21,48.14,84.37,309
ES,2021-07-23,6759,1169.9829856487645,363.23702660934777,1021.5,771.9,1840.6000000000001,755,628,59.45039808917198,18.827421117548205,67.16999999999999,44.747,77.173,331
ES,2021-07-24,7722,1127.4792799792797,326.38206010562016,1080.0,388.2,1227.2,739,707,62.480707213578505,29.459195716191875,78.99,24.542,87.512,334
ES,2021-07-25,7938,1139.2494331065757,275.96509302851933,1169.0,839.4,1546.6,746,706,63.25046742209631,9.929895378211304,73.98,73.396,90.532,324
ES,2021-07-26,7492,1124.7257074212496,281.6818067028432,1151.0,765.2,1236.8,792,751,61.618388814913466,19.425355209107504,79.28999999999999,46.045,84.2,358
ES,2021-07-27,7210,1139.867406380028,248.6570596893105,1041.0,872.7,1239.0,766,709,61.607136812411866,14.655361339796436,36.24,22.624000000000002,54.269999999999996,356
ES,2021-07-28,7215,1117.1726957726953,332.83140345676946,1169.0,783.2,1562.4,755,700,60.30645714285713,7.764999999999999,29.644999999999996,23.433,35.857,328
ES,2021-07-29,6976,1127.2838302752293,373.8074067823211,1207.5,375.3,1599.4,762,697,63.306585365853664,26.017099558203785,53.97,11.81,80.26,320
ES,2021-07-30,7033,1096.1030854542864,394.8605770553529,906.0,346.0,1276.0,749,757,61.6059048877147,18.6047130180601,60.82,30.015,72.495,342
ES,2021-07-31,7007,1122.7588126159558,311.7323273164718,921.0,837.2,1290.4,723,726,59.80225895316803,21.253112619096523,57.129999999999995,26.412,73.585,343
ES,2021-08-01,7234,1141.1429361349183,466.5423767873335,1159.0,355.2,1792.6,724,611,62.61040916530277,18.093986321427348,50.67,24.937,70.194,321
ES,2021-08-02,7368,1117.1419652551565,312.6401634625649,1120.0,382.6,1280.4,748,655,60.35574045801526,24.89283412013474,61.18,28.236,87.63799999999999,335
ES,2021-08-03,6815,1147.1634629493753,268.0302905954377,959.5,824.0,1224.5,747,689,63.12177068214805,20.34527797641261,53.555,29.207,76.468,331
ES,2021-08-04,7436,1130.3877084454007,299.2195033106994,1012.0,425.5,1451.5,767,688,61.26216569767442,23.495474327812342,42.595,29.415,82.545,350
ES,2021-08-05,7272,1121.0105885588557,345.443930702595,1024.0,393.4,1517.0,753,736,62.556222826086966,22.721526259376933,75.525,54.592000000000006,89.418,329
ES,2021-08-06,7366,1129.0469725767034,329.68483820821774,941.0,755.1000000000001,1221.9000000000028,747,664,61.08893072289156,22.674640983927397,67.95,34.727000000000004,77.734,329
ES,2021-08-07,6845,1127.8134404674943,171.46968057946773,1033.5,888.3,1163.0,716,697,62.60962697274035,21.179490603464057,64.55,40.135000000000005,81.485,333
ES,2021-08-08,7405,1144.9855503038495,270.358206829384,1102.0,904.9,1642.0,701,710,60.97359154929576,14.644055562364187,63.14,47.086,85.426,342
ES,2021-08-09,7578,1130.194642385854,407.00356342754804,1126.0,348.0,1630.2,743,657,61.38867579908678,20.56627194380806,57.269999999999996,33.232,73.182,331
ES,2021-08-10,7374,1126.5865202061289,215.76619412241664,1139.0,895.8,1462.6,740,677,61.73181683899559,29.557084200683278,67.73,9.4,88.61,335
ES,2021-08-11,7629,1137.5392580941145,214.42912259699472,912.5,816.0,1155.0,751,812,63.09211822660096,17.1476614659259,75.07,53.204,84.595,350
ES,2021-08-12,7420,1115.0266846361187,333.41380432631354,1108.0,347.4,1566.3000000000002,733,649,62.24644067796613,19.61382213516784,62.400000000000006,36.943,74.092,336
ES,2021-08-13,7889,1151.2499683103056,378.1914115462077,904.0,334.4,1238.0,747,747,61.40706827309237,27.58497695931889,57.74,21.762,85.05799999999999,347
ES,2021-08-14,7981,1140.2398195714823,287.5741978862861,925.0,540.8,1532.8000000000002,732,747,63.57542168674701,19.119591545307003,54.5,36.16,79.9,329
ES,2021-08-15,8010,1114.608239700375,261.98186818250423,968.0,516.1,1253.3,755,725,60.068234482758655,18.28002560173262,60.84,44.282000000000004,84.918,341
ES,2021-08-16,7947,1125.5634830753743,410.1678199426341,993.0,361.0,1535.5,772,722,62.33141274238229,24.27249355154671,57.26,31.130000000000003,85.036,335
ES,2021-08-17,7427,1102.5558098828606,287.15294500318123,1029.0,408.0,1231.0,744,657,59.0650684931507,26.416037568422833,52.69,25.998,85.70400000000001,325
ES,2021-08-18,7650,1091.9142483660123,250.34232327852555,1027.0,451.0,1203.0,754,782,63.258439897698196,20.815951791835033,67.375,35.824,88.412,372
ES,2021-08-19,7635,1112.2459724950893,317.8433369493534,993.0,425.0,1164.2,745,686,61.80004373177843,27.188314432245825,67.815,16.078,78.775,330
ES,2021-08-20,7093,1087.95192443254,344.46369818179585,1017.0,424.2,1202.4,725,611,60.50454991816696,24.101022569361838,65.45,28.506,72.458,318
ES,2021-08-21,7532,1113.9625597450877,357.77157472944003,894.0,412.0,1201.6,712,667,62.9356971514243,27.74046322612512,56.405,19.191000000000003,80.92399999999999,320
ES,2021-08-22,8416,1139.1709838403042,328.10203071263953,460.0,404.4,1183.4,775,755,63.45662251655632,12.934183149700639,56.129999999999995,42.122,72.38499999999999,358
ES,2021-08-23,7794,1096.5483705414422,320.99225073825943,962.0,473.4,1213.0,775,701,61.803880171184026,33.22223990040407,66.64,10.108,82.87,338
ES,2021-08-24,8385,1108.2750149075728,259.0538716782384,998.0,461.80000000000007,1194.3,772,837,61.743966547192386,28.482866772071162,65.25,14.034,79.748,394
ES,2021-08-25,8223,1114.762495439621,283.5132693041505,940.0,452.3,1196.1000000000001,791,891,60.2578563411897,27.134984122228808,55.08,18.020000000000003,81.416,388
ES,2021-08-26,7855,1095.4469764481232,326.61658429432924,1005.5,437.9,1223.1,747,754,60.638076923076916,24.979230147774977,59.39,30.716,88.162,351
ES,2021-08-27,7955,1089.9283469516029,362.346770391336,945.5,443.7,1572.6,796,749,59.696675567423256,21.99031712418496,68.465,31.935,81.285,357
ES,2021-08-28,7296,1090.445997807018,293.2518290404609,928.0,455.5,1197.0,745,698,62.35743553008598,16.106895088369924,75.63,50.96,89.59200000000001,347
ES,2021-08-29,7964,1071.841160220993,358.56002483735574,848.0,484.4,1295.0000000000045,769,724,60.723508287292844,23.88472456310981,57.98,20.342000000000002,84.732,359
ES,2021-08-30,8320,1113.5639423076927,297.9110675196164,969.0,489.0,1193.2,783,742,63.58851752021563,15.358518939012313,68.07,52.204,82.99199999999999,357
ES,2021-08-31,7664,1123.9343684759917,315.75643238162,975.0,530.2,1581.2,777,778,63.429961439588695,23.822724445369385,63.425,27.805,86.345,364
ES,2021-09-01,7353,1125.728954168367,292.87903846612085,1050.5,574.3,1381.0,793,767,62.23877444589311,29.212431798047138,33.68,15.822000000000001,87.18599999999999,349
ES,2021-09-02,7364,1151.4357686040196,310.8395332516422,925.0,508.9,1267.700000000001,795,724,62.175580110497265,29.101002846408345,58.075,27.47,88.66499999999999,362
ES,2021-09-03,6851,1157.5390453948335,282.8736807845464,956.0,508.0,1131.0,777,604,59.57399006622517,18.10977053661611,70.91999999999999,38.205,79.295,319
ES,2021-09-04,6966,1144.8077806488666,288.0255759476926,707.0,509.7,1132.0,719,661,62.70270801815433,17.820019528608828,60.545,29.618000000000002,71.777,294
ES,2021-09-05,7243,1152.347646003037,218.5339868790052,794.0,517.0,1126.0,766,680,62.19095588235294,19.457955242579377,41.08,31.45,76.01400000000001,351
ES,2021-09-06,7799,1143.7195794332602,257.3304762079918,845.0,524.0,1215.0,804,756,62.088849206349195,20.550197360501322,69.95,35.392,89.93,382
ES,2021-09-07,7330,1112.410504774898,206.75386305118406,1046.0,646.0,1203.0,814,824,60.82878640776698,30.777649942775035,33.91,3.898,69.02099999999999,393
ES,2021-09-08,7834,1127.7134286443704,238.88283522160964,1058.5,687.0,1195.0,801,748,61.78509358288772,27.98279138775143,59.92,17.512,96.172,384
ES,2021-09-09,7540,1122.80198938992,246.29670287322665,956.5,655.4,1167.4,797,678,62.63585545722715,28.075477838487007,37.025,11.7,84.275,353
ES,2021-09-10,7200,1134.252916666667,251.17592586475416,1003.0,499.10000000000014,1166.8,804,685,61.34017518248176,24.2406361508934,60.655,22.187,74.966,362
ES,2021-09-11,7269,1138.1070298528,244.8446818739708,875.0,443.6,1137.7,749,633,63.038515007898866,24.15840650759378,67.17,24.936,86.926,317
ES,2021-09-12,7999,1148.9358669833732,265.2958548719616,839.0,468.4,1176.6,799,748,62.009852941176504,21.890950502179862,55.21,32.277,92.303,372
ES,2021-09-13,7887,1110.1994421199452,231.25872231086603,972.0,673.8000000000001,1171.2,814,700,64.04681428571425,29.40224592160223,40.475,16.39,86.385,345
ES,2021-09-14,7923,1126.5689763978287,320.39103174580356,955.0,486.0,1241.0,845,721,62.67507628294035,10.118322785916645,79.845,66.35700000000001,94.485,385
ES,2021-09-15,7155,1121.8735150244586,299.27507799053063,916.0,459.0,1211.3,824,739,61.30369418132611,28.874154857761635,62.72,21.834000000000003,75.543,391
ES,2021-09-16,7594,1118.6485383197262,265.6593162104679,1009.0,457.2,1207.0,828,720,62.093194444444464,21.738468019543944,56.33,31.134,80.48,378
ES,2021-09-17,6877,1130.7322960593283,314.9540711666144,780.0,414.0,1227.4,776,648,62.83473765432102,25.50819909362478,34.69,11.141,74.328,343
ES,2021-09-18,7047,1139.7935291613446,313.15114258002245,804.5,422.9,1252.7,762,592,60.644915540540545,25.89839808631993,69.325,11.275,73.716,311
ES,2021-09-19,7551,1117.3788902132173,309.4629753359276,1000.5,664.2,1324.0,810,705,63.169163120567376,24.135741408403707,54.29,30.984,85.218,364
ES,2021-09-20,8463,1154.5570128795932,279.7096803940158,835.5,430.0,1236.7,821,774,61.19476744186048,25.529079375292792,28.17,13.601,71.382,367
ES,2021-09-21,8116,1131.727205519961,416.50043142234557,975.0,723.2,1354.6,813,754,62.97465517241381,24.78605292408526,52.25,26.78,88.895,358
ES,2021-09-22,7550,1125.7745695364238,243.50062523038878,1001.0,458.0,1225.0,828,688,61.73013081395347,24.108085253901336,68.41,21.73,83.905,351
ES,2021-09-23,7675,1101.1472312703581,268.29393479048815,1056.0,718.1,1295.9,835,725,61.898786206896546,26.45338095169519,59.635000000000005,22.364,96.534,381
ES,2021-09-24,7059,1111.5289701090805,325.0820317324746,1018.0,421.4,1173.6,810,652,61.53377300613498,17.186728164487853,65.695,44.984,87.82000000000001,345
ES,2021-09-25,7716,1142.9143338517363,323.160731901545,979.0,433.7,1200.4,765,606,60.204900990099034,20.013355417363886,47.03,23.772000000000002,75.19,319
ES,2021-09-26,7659,1130.787961874919,296.1412003789994,1005.0,422.3,1237.0,786,714,63.34522408963587,22.991103034652344,65.11500000000001,22.854,76.567,350
ES,2021-09-27,7467,1116.3274407392537,258.3452301195351,1046.0,417.0,1238.0,826,631,60.77554675118859,28.155910893136138,70.53,17.997999999999998,86.76,347
ES,2021-09-28,8029,1144.3304272013943,449.0682949439351,1080.0,677.0,1352.0,837,738,62.70500000000001,27.7261062075456,62.355000000000004,10.031,86.423,363
ES,2021-09-29,8168,1131.0548481880503,296.3696922084123,1115.0,438.0,1289.0,826,647,61.1608191653787,26.81068276273623,64.63,15.514000000000003,76.76,370
ES,2021-09-30,7719,1127.1492421298096,296.0372426145104,1081.0,698.1,1298.3,834,661,61.25552193645992,22.75651815963945,79.41499999999999,48.53,95.11500000000001,360
ES,2021-10-01,7522,1107.1156607285297,295.8629011426398,1069.0,413.8,1279.4,793,628,61.29711783439493,24.29549245504643,71.9,24.446,92.302,338
ES,2021-10-02,6835,1120.1315288953908,266.90464262851145,951.0,679.2,1279.4,764,645,63.013968992248074,26.61417533067399,62.93,17.868000000000002,80.31,328
ES,2021-10-03,8210,1154.1282582216802,300.644885781405,1048.0,425.6,1301.0,842,782,64.11324808184143,27.481160225633467,64.19,16.798000000000002,84.872,339
ES,2021-10-04,7776,1120.8158436213992,297.33700883927423,1048.5,494.4,1305.6,844,713,61.53701262272094,21.169426737688642,63.92,29.474,79.586,380
ES,2021-10-05,7686,1092.6744730679152,259.11744623724206,964.5,522.5,1299.5,832,682,61.75524926686217,20.789873402960183,66.19999999999999,28.659000000000002,80.671,363
ES,2021-10-06,7080,1111.4670903954802,249.24588834221777,1005.5,845.2,1319.0,831,705,62.380510638297885,21.939633906186767,79.86500000000001,46.11,92.315,373
ES,2021-10-07,7106,1102.6142696312975,221.6492232108934,1023.0,883.0,1353.0,830,633,63.50350710900471,21.592397597302618,66.805,38.838,85.98,349
ES,2021-10-08,7000,1102.073428571429,315.61037669338947,1006.0,477.9,1391.1,816,636,62.503490566037726,19.310964951212014,61.5,36.03,90.21,342
ES,2021-10-09,7563,1154.0790691524526,269.3134695604021,933.0,492.0,1196.0,758,670,64.22897014925375,17.213698225877266,71.96,48.77,79.12,347
ES,2021-10-10,8167,1161.5726705032448,277.04418425851924,1060.0,692.0,1367.0,791,767,66.35807040417212,15.207772223438907,68.87,50.792,87.408,379
ES,2021-10-11,7552,1100.630693855932,286.129732244659,1059.0,547.0,1338.0,817,751,66.15054593874831,17.504479398142635,71.08,53.648,87.962,367
ES,2021-10-12,8413,1135.3543325805301,228.13672236796467,1078.5,802.1,1367.9,824,739,62.92277401894453,17.342951400073346,68.275,50.111000000000004,87.37400000000001,364
ES,2021-10-13,7670,1113.2181225554111,241.38330769663403,951.0,715.1,1177.7,854,696,66.01458333333332,18.03322834807289,65.03,40.958,88.538,379
ES,2021-10-14,7436,1131.7302313071543,166.08300928217258,910.5,717.0,1154.9,805,667,65.81413793103448,16.429367712651025,73.345,46.825,81.9,333
ES,2021-10-15,7458,1128.8368195226603,251.2414452717191,1081.0,555.9,1391.0,830,666,62.988453453453495,20.211614372819295,70.12,35.214,86.178,361
ES,2021-10-16,7382,1153.017474939041,351.49164402901846,1147.0,536.8,1385.0,793,682,64.3565395894428,21.943856162231334,69.78,34.568,84.83,330
ES,2021-10-17,7885,1154.0587190868746,292.5310530210553,1146.0,659.5,1395.5,842,748,65.0879411764706,15.696476746344088,75.57,54.764,94.506,371
ES,2021-10-18,7661,1119.9365618065522,258.70673610503934,1054.0,643.3,1371.7,839,646,65.34256965944274,21.01303058392548,59.935,34.227000000000004,89.99100000000001,355
ES,2021-10-19,7653,1113.6495491963935,324.7116566369059,1112.0,533.8,1379.0,824,643,64.19743390357695,18.56906044788373,69.54,35.114000000000004,80.902,377
ES,2021-10-20,7190,1101.7413073713496,265.14364450656217,974.0,504.8,1222.1,812,610,64.57418032786885,29.145765715993765,59.11,7.278000000000001,79.354,333
ES,2021-10-21,7031,1102.1191864599639,340.9457952940903,1086.5,463.9,1368.0,832,638,63.60521943573671,22.280007266819368,77.83,25.16,88.9,350
ES,2021-10-22,7145,1111.888033589924,354.89088933548766,943.5,454.0,1336.7,810,666,66.34537537537541,23.743218037369807,64.76,29.945999999999998,86.59599999999999,371
ES,2021-10-23,7555,1142.7871608206478,303.25806813160267,1087.0,484.2,1358.4,800,696,65.01316091954024,16.496279023059962,63.44,43.504000000000005,87.732,358
ES,2021-10-24,7556,1130.3135256749604,267.4995179470408,932.5,453.7,1192.5,807,679,65.32226804123715,32.72682540363486,62.504999999999995,18.667,89.669,362
ES,2021-10-25,7583,1103.124357114599,290.4041890684769,929.5,487.8,1337.3,833,720,65.56868055555557,19.590189993974022,59.43,38.452,85.71000000000001,367
ES,2021-10-26,7367,1099.8888285597936,342.38604179849665,1030.0,480.0,1346.6,856,648,64.62564814814813,22.549471381084004,72.58500000000001,33.835,89.084,358
ES,2021-10-27,7756,1100.9317947395573,252.69770297865693,998.0,669.8,1321.9,840,651,64.61328725038403,27.45056858304659,67.795,15.605,94.42,352
ES,2021-10-28,7899,1133.8568173186475,285.10473091068695,1215.5,654.2,1335.3,845,643,62.50164852255052,23.450003206452937,51.685,22.373,78.175,349
ES,2021-10-29,8085,1117.3849103277676,248.45593403065533,1109.5,669.7,1329.3,845,702,65.95437321937325,19.533439294236583,62.65,34.664,77.96000000000001,358
ES,2021-10-30,7811,1122.7998975803348,242.17527509923005,883.0,632.0,1216.4,792,746,69.190053619303,12.91176213319015,70.5,59.684,77.748,363
ES,2021-10-31,8532,1172.8352086263478,291.6954530055385,1009.0,641.1,1364.9,799,835,69.23976047904192,14.284386021935582,78.0,56.996,92.22200000000001,389
ES,2021-11-01,9046,1177.6816272385583,297.7631548084391,1087.0,705.4,1399.0,841,795,70.05113207547171,14.355422893105912,64.5,55.07,86.79,374
ES,2021-11-02,7760,1143.1389175257725,304.0601247131222,892.0,480.4,1429.8,826,670,68.52140298507466,15.00350677383342,73.69,55.582,81.102,348
ES,2021-11-03,7932,1138.2344931921336,311.84549734189625,1109.0,475.0,1396.0,839,704,69.01651988636365,12.741849372982989,68.97,51.055,82.765,348
ES,2021-11-04,7637,1131.7976954301434,301.38757465447463,891.0,490.5,1316.9,850,647,68.61463678516233,19.450083888387375,67.565,55.013,85.153,356
ES,2021-11-05,7393,1136.41647504396,367.982819793622,1088.0,547.6,1649.2,804,624,69.42794871794867,13.108691874732074,76.33,63.878,92.626,317
ES,2021-11-06,7206,1130.3584512905918,354.97368150093274,1160.0,515.6,1551.3000000000006,771,599,69.13414023372287,20.272158400679054,73.69,40.332,87.71799999999999,339
ES,2021-11-07,7616,1142.5215336134454,345.50911128231786,892.0,510.0,1617.5,815,693,68.23848484848486,12.170300551443477,65.45,51.352,73.922,344
ES,2021-11-08,8003,1145.993127577159,334.9820907542716,896.0,528.0,1380.0,871,736,69.25755434782606,16.914125582868774,65.19,45.532000000000004,89.25,373
ES,2021-11-09,8228,1173.8042051531352,378.14673087535266,904.0,520.0,1354.0,851,723,69.72947441217148,18.38552674660152,76.84,51.71,89.646,381
ES,2021-11-10,8032,1143.4571713147413,302.3843495911254,957.5,507.7,1342.9,838,699,68.12729613733904,16.747670787802374,71.06,48.136,85.934,358
ES,2021-11-11,7552,1145.1634004237283,325.6502859321716,967.0,505.4,1350.2,849,711,70.20642756680733,9.428749227760807,74.99,65.226,87.52600000000001,345
ES,2021-11-12,7327,1101.0945816841813,356.4256537956737,902.0,481.8,1397.0,837,685,69.30017518248178,21.654517735897308,77.48,52.379999999999995,89.398,337
ES,2021-11-13,7824,1098.8930214723925,305.1149197694665,853.0,427.5,1237.0,799,651,68.77910906298001,28.485260563803084,60.67,17.817999999999998,85.73200000000001,349
ES,2021-11-14,7492,1125.1206620395092,336.6246504569358,846.0,443.2,1263.0,823,805,69.48905590062115,17.188965392076394,76.96000000000001,50.364999999999995,88.195,357
ES,2021-11-15,8302,1138.3537701758614,309.31902659710164,1148.0,528.0,1429.4,844,756,68.50555555555556,18.415389531520457,72.625,49.18,84.475,368
ES,2021-11-16,7825,1122.1450479233226,279.515901973394,1188.0,597.6,1432.0,869,754,68.60470822281165,17.641096757562682,70.91,58.4,81.28,376
ES,2021-11-17,7540,1132.3692307692309,353.47932739830657,1184.0,550.1,1425.1,868,671,69.18247391952312,15.404138597711333,77.88,55.379999999999995,91.03999999999999,353
ES,2021-11-18,8170,1147.4210526315787,307.80446671620206,1122.0,520.0,1402.8,852,721,69.45748959778086,14.964539050702497,69.965,50.583,83.539,348
ES,2021-11-19,7528,1147.0000000000005,318.39711772270675,1233.0,532.2,1429.0,815,632,69.01553797468354,17.317907639203995,70.545,39.58,87.13499999999999,317
ES,2021-11-20,7846,1150.0034412439468,331.69913980848355,886.0,544.4,1448.6,796,601,68.15647254575705,11.40907674173355,65.07,51.868,73.02000000000001,316
ES,2021-11-21,8359,1132.343940662758,284.03603843922684,871.5,559.3,1214.2,838,727,69.7987620357634,16.134534996570416,70.92,46.194,82.08800000000001,375
ES,2021-11-22,8266,1130.0243164771352,349.7788870719184,1073.0,505.8,1535.0,874,881,70.27139614074913,19.20404989006045,64.5,38.230000000000004,83.252,466
ES,2021-11-23,7888,1128.3242900608525,383.0315588161616,879.5,468.0,1704.0,877,807,71.89079306071868,10.67525752103882,76.57,59.463,88.26400000000001,435
ES,2021-11-24,7715,1122.9480233311733,373.5471376741528,1063.0,466.0,1487.5,847,750,71.82186666666664,6.902975852288923,73.285,62.425999999999995,80.485,372
ES,2021-11-25,7912,1102.2266177957526,406.75320178312694,1122.0,433.8,1475.0,862,752,71.26328457446807,20.043143604623392,68.555,40.068000000000005,91.375,396
ES,2021-11-26,7763,1117.0656962514497,227.03750338606122,1235.0,840.2,1400.2,848,679,72.0361413843888,14.970440666526821,62.43,45.772000000000006,82.212,372
ES,2021-11-27,7577,1126.8882143328485,386.87790603457023,1143.0,476.0,1469.4000000000015,813,723,72.28922544951587,10.057824068853064,73.94,63.797,86.895,377
ES,2021-11-28,8694,1120.5058661145624,381.02788472295583,1078.0,460.0,1556.0,849,853,70.79042203985927,9.826719931359346,68.265,50.56,75.965,383
ES,2021-11-29,8311,1143.97052099627,358.7273341000342,946.5,398.6,1323.7,897,793,72.63931904161412,16.755455247636682,71.75999999999999,53.162,92.901,391
ES,2021-11-30,8311,1125.887017206112,356.612623537638,894.0,423.2,1342.4,889,831,71.10821901323703,13.711047778081713,70.97,53.622,84.244,378
ES,2021-12-01,7673,1127.2099569920492,345.8448543623121,1125.5,504.9,1424.1,887,800,71.62231250000002,11.17899751393955,66.35,52.966,80.765,384
ES,2021-12-02,7723,1116.0703094652345,336.2876377080249,855.0,505.6,1438.0,895,763,71.45610747051116,14.605712352820499,71.13,49.092,89.118,399
ES,2021-12-03,7367,1133.5948147142656,264.9373428689457,922.0,766.4,1410.6,842,681,70.7476945668135,11.200458204912868,72.095,53.969,83.955,338
ES,2021-12-04,7386,1141.3552667208228,362.86035952810903,1170.5,510.5,1400.0,816,676,72.68368343195264,11.1303090952388,74.23,58.768,84.059,345
ES,2021-12-05,8506,1142.5360921702325,434.39451025869846,1076.0,489.5,1831.0,823,578,70.45775086505192,13.986559820817332,71.86,57.484,88.688,321
ES,2021-12-06,9321,1139.0917283553272,329.5690110074018,968.0,492.6,1584.0,869,851,71.75743830787309,9.28830011526016,68.57,57.67,81.224,395
ES,2021-12-07,8896,1140.1079136690641,340.41606771709644,962.5,469.4,1376.0,881,766,70.85255874673628,8.754026841259972,61.269999999999996,57.38,75.47,406
ES,2021-12-08,9101,1139.6550928469405,329.94445450038336,1049.0,483.9,1382.0,903,924,71.82559523809526,7.952122400131089,72.02,63.272000000000006,81.026,442
ES,2021-12-09,8670,1129.2151095732406,299.2298965254979,955.0,504.0,1252.0,898,783,72.06054916985951,1.9011809195573395,66.59,63.438,66.734,389
ES,2021-12-10,8537,1131.6503455546444,355.8137686110633,1048.0,509.1,1372.3,915,787,72.02392630241424,11.203940060928964,68.71,51.888,80.422,402
ES,2021-12-11,8659,1150.081649151172,376.46792945301513,955.0,503.5,1587.0,851,756,71.72231481481481,9.67767114289383,65.88,56.32,79.112,389
ES,2021-12-12,9095,1130.540846619022,376.9701047242544,964.0,488.0,1403.0,881,886,73.10702031602712,18.00365163577162,68.255,43.013,87.159,387
ES,2021-12-13,8787,1154.380220780699,360.8339572340322,926.0,493.0,1421.0,916,837,72.12360812425328,13.329307875411235,73.785,61.480000000000004,92.66,435
ES,2021-12-14,8859,1154.7995259058575,392.54968558256354,1081.0,511.5,1681.5,923,881,71.91415437003403,10.827300711741561,72.81,55.548,82.747,439
ES,2021-12-15,8688,1135.8473756906076,290.8558546188987,826.0,476.0,1226.2,927,794,70.86449622166242,17.234541941621195,71.755,58.765,92.33000000000001,407
ES,2021-12-16,8195,1143.6389261744973,336.24965479628514,1008.0,463.0,1354.1000000000001,901,799,71.79480600750942,13.008959023535784,75.15,56.44,82.89,393
ES,2021-12-17,8666,1140.0444264943455,304.36175362638255,917.0,509.4,1249.8,952,748,71.38105614973257,14.385073914673233,69.37,49.955,80.87200000000001,401
ES,2021-12-18,8747,1138.9046530238936,237.08486683578872,1008.0,780.2,1247.2,902,815,70.81139877300615,20.756475519702285,60.650000000000006,47.06100000000001,80.22200000000001,425
ES,2021-12-19,9558,1162.1210504289597,322.5924193544283,1075.0,644.4000000000001,1388.6000000000001,917,899,71.92173526140161,7.856932006550365,79.065,72.375,87.685,425
ES,2021-12-20,9965,1133.2984445559457,316.0312451623012,1080.0,500.5,1384.5,948,844,71.92047393364928,11.759283448502389,67.285,49.222,80.284,445
ES,2021-12-21,9638,1120.567752645778,310.5693703701528,995.0,477.0,1400.0,955,895,72.57707262569835,10.884021361043644,72.17,62.436,90.584,415
ES,2021-12-22,9962,1153.4521180485833,253.6837075363488,968.0,751.1,1363.9,932,864,70.76966435185189,0.0,74.29,74.29,74.29,419
ES,2021-12-23,9949,1127.3699869333593,308.06642920920984,969.0,445.7,1344.3,949,861,71.67809523809524,7.54016536622374,76.505,67.066,82.767,403
ES,2021-12-24,8771,1151.1116178314892,313.3950908692827,992.0,480.2,1389.8,882,834,71.79846522781774,4.601914683042264,73.58500000000001,71.431,80.492,414
ES,2021-12-25,9896,1131.4052142279704,270.4386749124992,1022.0,697.4,1294.0000000000002,929,906,72.27635761589406,10.154491556224377,77.28,64.72200000000001,88.76,418
ES,2021-12-26,11702,1127.0603315672536,316.36277357764277,895.0,465.0,1172.0,954,953,71.66538300104932,12.178302026008648,71.17,56.448,89.578,441
ES,2021-12-27,10675,1116.4948946135823,380.0292015232733,986.0,469.5,1460.0,941,1070,71.8641028037383,4.3931160637979945,81.36500000000001,78.022,87.193,407
ES,2021-12-28,9830,1106.0467955239058,313.02556330438586,1024.0,550.4,1490.6,952,957,71.53210031347959,6.403082753642964,70.00999999999999,60.573,73.602,422
ES,2021-12-29,10675,1105.913723653395,325.1150726744451,939.0,461.4,1419.6000000000013,950,1041,71.277800192123,5.632741832851522,67.035,59.68,73.35,474
ES,2021-12-30,10186,1118.0469271549175,302.77224362604096,1011.5,486.3,1461.6,941,1010,71.35638613861386,16.470327489254906,54.25,44.46,81.58,431
ES,2021-12-31,9401,1127.2712477396021,283.35306539194795,910.0,600.0,1178.3999999999999,897,904,72.54928097345133,10.849011233748447,69.10499999999999,59.007,82.73700000000002,421
ES,2022-01-01,10686,1136.6715328467155,261.246046253323,948.0,498.6,1102.0,947,919,71.33621327529922,11.113327538572408,70.41,51.18,77.94,440
ES,2022-01-02,11703,1129.2082372041355,299.41820666525757,1064.5,519.7,1314.1,973,1016,71.62195866141734,9.312646136368787,68.25,62.225,83.677,461
ES,2022-01-03,10713,1130.586016988705,352.78713835292365,1097.0,530.5999999999999,1502.8000000000002,978,920,72.34158695652174,9.306516067912527,72.95,66.56,82.72,430
ES,2022-01-04,10998,1128.4358974358984,358.8252080052348,1081.5,495.9,1546.1,975,982,72.28673116089612,9.079123360765621,69.87,56.272,79.887,464
ES,2022-01-05,9915,1131.0332829046893,346.8042153144793,1112.0,641.5,1573.5,986,927,72.47395900755119,17.73513492865222,64.965,44.055,86.875,435
ES,2022-01-06,10632,1136.8241158765989,406.80023007397085,1112.0,553.8,1593.0,963,963,71.90827622014542,17.245555709108835,66.48,50.306000000000004,87.96400000000001,460
ES,2022-01-07,10987,1152.6268317102029,390.8199130939248,1375.0,634.0,1620.5,967,851,71.07810810810813,22.06005025569866,71.76,37.726,87.054,464
ES,2022-01-08,11244,1142.0343294201357,429.79927501418734,1129.5,493.8,1678.0,965,937,72.93639274279616,13.210583110614344,74.21,51.24,83.15,439
ES,2022-01-09,11441,1142.9154794161354,426.07326410364715,1114.0,500.0,1663.0,984,987,72.4031408308004,11.897724057986888,71.32,55.866,83.736,461
ES,2022-01-10,10356,1139.6613557358048,441.2782750740384,1127.5,461.1,1680.0,963,831,71.81519855595666,12.565970040598716,72.985,60.498000000000005,87.881,416
ES,2022-01-11,10550,1124.0340284360195,478.5965855421646,1019.0,450.7,1678.6,979,855,71.95150877192982,12.753034835703271,72.92,57.043,91.45500000000001,420
ES,2022-01-12,10327,1124.999515832284,452.7922929118285,1112.5,616.7,1687.3,972,809,71.58284301606923,11.66703306929401,73.595,56.145,83.75500000000001,415
ES,2022-01-13,10552,1115.5062547384387,433.1792467300541,1113.0,449.4,1674.6,968,911,72.09817782656424,10.935652058176505,69.77000000000001,50.07,77.03,430
ES,2022-01-14,10890,1123.52800734619,438.4304330746288,674.0,476.2,1649.0,1003,941,71.25119022316684,9.927648121394222,70.03999999999999,62.175,82.585,458
ES,2022-01-15,10447,1107.6275485785397,460.3546629739339,1010.0,479.0,1692.4,945,857,72.10448074679114,8.639255972015183,73.36500000000001,68.66799999999999,89.765,419
ES,2022-01-16,10907,1111.231502704685,406.31495949434833,1079.0,478.0,1693.2,986,926,71.53410367170629,13.500720680182132,75.92500000000001,64.286,85.112,444
ES,2022-01-17,10753,1108.6514461080626,420.7961752033396,1136.0,460.8,1669.0,975,856,71.32595794392523,13.519156577242532,68.79,55.168000000000006,77.864,442
ES,2022-01-18,10206,1112.6443268665496,387.7334708430258,1127.0,661.2,1635.0,970,797,71.45844416562109,12.169913949421836,73.24,53.99,87.334,431
ES,2022-01-19,9900,1110.8862626262624,349.86499257285993,1111.0,673.1,1580.3,957,844,71.84381516587679,11.239312948554975,60.205,51.51,77.085,410
ES,2022-01-20,10213,1120.4178008420636,416.8435774615373,1113.5,426.5,1629.5,989,822,71.18282238442825,8.389934544017168,72.09,63.07,87.16,413
ES,2022-01-21,9579,1124.3049378849566,422.9210494662481,1111.5,402.8,1618.1,948,827,72.37140266021765,6.813781874810785,71.53999999999999,63.585,80.33999999999999,398
ES,2022-01-22,10126,1108.809105273553,414.32278108095977,1106.0,449.20000000000005,1576.6,948,880,71.5903295454545,11.331798247878059,68.25999999999999,51.619,80.631,436
ES,2022-01-23,10516,1118.8620197793841,347.5356238670516,1106.0,637.2,1572.8,963,972,72.31517489711932,21.8021766089739,74.79,36.832,83.994,434
ES,2022-01-24,10392,1108.178117782909,361.17226588747826,1201.0,576.2000000000004,1599.0,975,847,70.83102715466349,9.298990769612221,64.34,56.082,75.764,427
ES,2022-01-25,10334,1104.6714728082059,391.35728442523765,1234.5,632.6,1624.0,992,880,71.13104545454547,8.190275931536787,70.73,61.8,81.31,435
ES,2022-01-26,9890,1097.0025278058647,378.8928587297664,1281.0,636.8,1610.0,963,784,70.86924744897962,16.54200568450258,70.38,59.24,77.82,410
ES,2022-01-27,9940,1112.790342052314,351.32405449057444,1189.0,612.6,1584.0,987,839,71.71187127532774,10.761904211082753,68.79,61.594,85.474,436
ES,2022-01-28,8734,1105.2545225555305,354.38671867106234,1264.0,661.1,1610.9,958,729,71.40301783264748,16.285708876480246,74.01,53.78,87.05600000000001,395
ES,2022-01-29,9676,1097.8956180239777,424.210970871994,1218.0,503.7,1636.4,939,769,70.91769830949286,13.790674974887045,59.76,47.612,77.064,413
ES,2022-01-30,9575,1092.7963446475192,499.4038415365718,1017.0,383.0,1695.0,927,783,71.64125159642401,9.575903362490466,68.64,55.39,78.536,368
ES,2022-01-31,10088,1103.9228786677243,474.2560620385485,1100.0,431.4,1766.0,987,803,71.40347447073474,11.906179603466427,76.10499999999999,58.64,89.92800000000001,436
ES,2022-02-01,9770,1119.4805527123842,479.38461144062126,1006.0,468.4,1744.6000000000001,994,853,72.03800703399766,9.755279191742467,73.3,61.31,88.64,454
ES,2022-02-02,9323,1111.4821409417575,399.66644445867655,952.0,417.2,1671.8,945,734,71.25573569482289,15.585549560475588,68.195,46.952,83.392,395
ES,2022-02-03,9448,1104.830969517358,437.9593775682854,1082.0,497.5,1589.1,962,791,72.16223767383057,12.03097651896969,66.52,55.193,85.554,414
ES,2022-02-04,9236,1108.6878518839321,384.68124291304866,1439.0,661.0,1667.0,970,817,70.8909424724602,13.440635401646754,67.74000000000001,49.257,82.19,428
ES,2022-02-05,8926,1106.1009410710287,396.34209464619516,1102.0,558.0,1610.2,936,813,71.34131611316116,9.304364865779691,67.655,56.27,79.098,400
ES,2022-02-06,10203,1137.5271978829758,314.2525529891722,998.5,489.4,1494.6000000000001,960,867,72.05046136101504,10.50249329597971,72.35,58.062,83.94,409
ES,2022-02-07,9951,1119.4187518842332,383.596835283963,1225.0,487.7,1525.0,974,829,71.61622436670685,13.548115080047934,66.04,50.165,76.79799999999999,422
ES,2022-02-08,9892,1140.3629195309347,361.66331392193536,1046.0,485.0,1505.9,1005,923,72.67141928494038,16.30093561042273,70.67,45.194,85.356,450
ES,2022-02-09,9180,1121.6151416122004,342.54156548162797,1142.0,493.8,1477.4,1001,743,71.75399730820993,10.824306848477645,69.655,58.511,81.38000000000001,412
ES,2022-02-10,9413,1129.4525656007645,332.2548039179127,1038.0,597.0,1491.4,969,817,72.14581395348834,11.641234709519871,71.46,49.164,77.804,404
ES,2022-02-11,9296,1130.0634681583476,360.35944280378726,981.0,538.2,1546.0,963,743,72.043135935397,7.25902931752263,61.25,55.067,73.82799999999999,390
ES,2022-02-12,9134,1126.9673746441863,304.798290134795,1199.0,704.4,1463.0,913,743,71.94367429340511,11.823125888914657,77.08,53.89,83.12,392
ES,2022-02-13,9794,1125.8388809475196,365.01008062326446,1199.5,728.8,1594.3,940,694,72.00845821325652,13.39646035984918,73.56,60.528,96.626,403
ES,2022-02-14,9375,1111.2993066666668,382.65676896073234,1010.0,540.0,1643.0,953,769,71.23868660598173,15.213547924242173,71.38,51.007999999999996,81.63,411
ES,2022-02-15,9218,1101.3016923410714,437.7504591760502,1153.5,542.0,1667.7,996,709,71.719802538787,12.309330697573376,72.41,55.775,83.86500000000001,415
ES,2022-02-16,9451,1124.5999365146542,361.68386604452803,1168.0,477.7,1579.2999999999993,968,785,71.4176433121019,15.85078091311452,73.57499999999999,50.565,84.604,416
ES,2022-02-17,8732,1134.1210490151173,408.4385682369351,1047.5,606.5,1689.2,950,656,72.223125,7.312705997098476,77.275,73.593,89.668,377
ES,2022-02-18,8815,1128.2150879183207,400.0118594020056,1040.0,458.3,1527.4,926,682,72.54136363636361,10.063015060479538,72.88,59.677,85.877,381
ES,2022-02-19,9259,1139.2236742628788,380.65259035301386,1009.5,532.0,1660.7,892,682,73.13568914956012,10.187982468421287,58.12,45.51,73.69,352
ES,2022-02-20,9648,1113.0280887230513,360.3152036882931,1170.0,521.0,1525.5,938,696,72.55459770114939,14.98734289037187,70.4,46.691,83.94200000000001,375
ES,2022-02-21,9871,1115.9170296829102,354.28225277112125,1164.0,689.2,1605.6,970,747,72.21633199464524,9.497809326730055,69.86,58.498,79.162,407
ES,2022-02-22,9527,1108.8925160071376,403.42427043100554,1146.0,423.0,1547.1,978,768,73.06790364583331,9.591948677816715,77.36,64.24000000000001,88.03999999999999,419
ES,2022-02-23,8942,1116.319727130396,341.2175496749419,893.0,456.8,1512.3999999999996,982,717,70.50365411436542,12.042829033181903,71.535,50.399,78.535,392
ES,2022-02-24,8808,1126.4694595821973,346.7519400519857,1166.0,591.2,1553.8,953,659,71.61685887708651,13.54815265033157,64.77,47.122,81.64,363
ES,2022-02-25,8964,1126.9985497545742,388.7825237818763,1198.0,482.0,1550.0,937,680,71.20888235294115,14.179553956779568,72.01,49.87,87.23,393
ES,2022-02-26,8352,1145.0081417624529,345.4107786367224,1144.0,578.0,1518.0,910,694,72.1905331412104,9.903396195161895,65.58,57.7,80.88,372
ES,2022-02-27,8943,1120.8573185731866,360.12509407389643,1176.0,664.4000000000001,1607.0,927,674,71.58759643916912,7.617,72.1,64.616,81.34,372
ES,2022-02-28,9375,1128.5189333333342,388.60151093435394,1070.5,578.0,1539.5,939,678,72.07550147492626,9.283230217187663,72.72999999999999,63.51800000000001,84.84500000000001,398
ES,2022-03-01,8717,1107.7637948835606,422.2714165261216,985.0,499.0,1612.8,948,693,72.41942279942276,12.067149039334021,76.43,60.437,89.603,394
ES,2022-03-02,8953,1112.0912543281586,431.85288553279094,1451.0,644.0,1700.0,966,658,71.90734042553193,8.22410633442929,78.145,68.997,84.422,355
ES,2022-03-03,9754,1103.3572893172031,431.23672956378124,1140.5,524.2,1683.0,979,732,72.43698087431696,10.618946636397919,73.77,55.41,82.10900000000001,389
ES,2022-03-04,9152,1110.8217875874132,478.28595296759704,1005.0,519.0,1607.6,938,638,71.65642633228836,8.771831297144033,73.515,63.786,83.802,373
ES,2022-03-05,8584,1123.9513047530286,391.0089875006061,1121.0,505.4,1605.4,886,586,72.03056313993171,11.119025809309777,74.2,59.396,86.236,358
ES,2022-03-06,10245,1150.8096632503652,419.8835677765035,1106.5,500.7,1557.0,960,735,71.88613605442177,11.101146367230125,72.96,54.714,78.062,405
ES,2022-03-07,10014,1117.0233672857998,369.03838486319245,1189.5,589.9,1535.0,987,688,72.03671511627903,15.743378717337013,71.51,49.233,82.62899999999999,392
ES,2022-03-08,10039,1091.1969319653354,448.35132809123377,1084.0,465.0,1643.0,1000,771,71.65963683527885,8.423159383509255,73.14500000000001,62.187,78.382,424
ES,2022-03-09,9206,1128.2505974364547,436.50461389593977,1002.0,458.0,1641.0,975,650,72.71372307692303,14.08307267386986,72.28999999999999,56.065,85.33500000000001,389
ES,2022-03-10,9052,1120.6787450287234,469.0356150908486,999.0,397.0,1561.3,958,639,71.99209702660406,12.068218909138533,68.21000000000001,52.480000000000004,77.249,345
ES,2022-03-11,9657,1110.197369783577,447.0414521215589,1516.0,498.2,1654.2,990,744,71.83489247311829,10.173708312528051,71.07,61.132,84.004,423
ES,2022-03-12,9258,1135.1716353424067,466.6232345860583,1131.5,385.6,1679.9,948,789,72.44262357414453,10.89226508033324,74.13499999999999,62.52,86.211,410
ES,2022-03-13,9536,1119.5394295302017,442.1992931610921,1114.0,522.2,1670.6,964,692,72.28219653179191,12.231573170374373,65.97,50.78,81.582,412
ES,2022-03-14,9442,1108.83636941326,502.18201016948876,1301.5,423.0,1731.0,975,773,71.81294954721864,12.350276546908736,74.195,59.63,85.38000000000001,415
ES,2022-03-15,9705,1106.7059247810412,415.6347287586442,1059.0,593.9,1746.8,992,733,72.13672578444746,11.080783319981263,73.05000000000001,62.445,83.735,409
ES,2022-03-16,9332,1112.0281825975146,445.1796925430943,1297.0,540.8,1744.4,993,719,70.6538525730181,11.479559128197291,72.38499999999999,64.44,92.447,410
ES,2022-03-17,9099,1131.8588855918229,465.9791699320292,1343.0,530.5,1721.0,954,740,71.32040540540544,9.833649654494701,69.145,58.257,80.10000000000001,401
ES,2022-03-18,8166,1136.032329169729,418.7588318340951,1311.0,462.0,1705.0,910,710,72.3418309859155,8.826483345940945,72.655,61.06,81.275,398
ES,2022-03-19,8619,1137.9005685114294,401.247541769102,1303.0,707.2,1730.6,898,724,71.83962707182323,11.70885272488146,69.37,53.45,83.184,392
ES,2022-03-20,9736,1138.3518898931798,425.8152796034332,1226.5,643.7,1729.0,966,762,72.67044619422573,11.818739427404791,72.88,57.07,81.44,377
ES,2022-03-21,9959,1111.9800180741033,411.8306198343035,1370.0,643.8000000000001,1738.1,1003,771,71.72852140077823,11.027174476366262,75.39,58.95,88.816,422
ES,2022-03-22,9697,1117.164999484377,435.56363982867,1141.0,443.40000000000003,1669.0,987,784,72.27052295918372,9.258177411326262,77.095,64.56400000000001,87.917,425
ES,2022-03-23,9340,1123.4986081370455,398.6510442471775,981.0,499.0,1402.8,1004,821,73.46917174177831,12.601232330609575,73.42,56.093,85.824,441
ES,2022-03-24,9355,1111.202993051844,287.82335994947834,960.5,503.7,1227.0,992,812,71.57417487684731,10.652420456952285,75.28,58.182,85.12200000000001,424
ES,2022-03-25,9085,1121.7192074848651,302.9937724645874,979.0,601.0,1279.0,932,746,72.18833780160857,11.279058819650816,66.465,50.362,79.304,374
ES,2022-03-26,9200,1132.7659782608703,236.3927121825448,985.0,504.1000000000001,1283.0,926,716,71.06906424581007,8.681542720046938,66.705,58.84,79.649,408
ES,2022-03-27,9633,1156.3422609778886,299.6061429738746,944.0,666.2,1576.2,957,785,71.19584713375797,13.75005464600654,66.35,53.376000000000005,88.702,415
ES,2022-03-28,9139,1121.6553233395339,296.409821399734,949.5,510.2,1254.7,963,744,71.98717741935485,12.262095263327291,68.155,56.408,85.15500000000002,382
ES,2022-03-29,9949,1148.0057292190165,341.5331870258509,997.5,544.5,1429.0,991,805,72.80622360248451,7.770041056374893,81.095,71.565,92.78999999999999,413
ES,2022-03-30,9262,1099.9988123515436,281.66712711748056,1002.5,519.1,1408.4,986,796,71.19652010050248,9.225653238982613,76.09,66.661,89.51,447
ES,2022-03-31,9464,1150.9093406593402,281.3611547495841,1007.0,556.0,1419.0,968,743,71.8877523553163,9.646009485792556,68.24000000000001,58.524,83.25100000000002,390
ES,2022-04-01,8993,1166.6168130768376,305.202228366802,988.0,580.6,1432.2,956,713,71.95597475455821,13.796059264865074,75.68,55.35,87.36,401
ES,2022-04-02,9030,1126.8811738648947,254.33261825005658,797.0,575.8,1206.2,925,685,71.448598540146,7.170312251065344,71.97,61.982,76.918,373
ES,2022-04-03,10074,1188.4047051816556,208.7752652098372,997.0,687.2,1149.4,933,773,72.1415912031048,11.66793328040622,69.44,52.576,83.352,391
ES,2022-04-04,9785,1144.5150740929994,283.26691324317,1060.5,696.8000000000001,1565.7000000000005,984,703,71.35523470839257,10.715116549373912,70.45,63.36,83.216,389
ES,2022-04-05,9610,1140.3816857440165,290.58043194982736,992.0,555.4,1382.4,995,818,72.59772616136914,13.867183398701522,74.245,54.133,87.568,421
ES,2022-04-06,8893,1143.1863263240753,240.41025703228811,1012.0,655.0,1218.0,961,682,71.09653958944277,7.545886460127518,67.44,59.47,77.56,374
ES,2022-04-07,8976,1143.3995098039222,273.52074216338065,917.0,593.6,1261.4,941,785,71.92678980891719,14.96348198046136,72.31,50.88,85.604,390
ES,2022-04-08,8389,1108.6264155441645,297.8830502856099,732.0,557.0,1259.0,920,699,72.46002861230328,11.911578297712401,70.59,49.961999999999996,83.63799999999999,366
ES,2022-04-09,8397,1129.1113492914135,319.6922967029611,777.0,532.0,1362.7999999999997,896,706,72.14791784702548,15.71887683293208,81.66,60.62800000000001,87.36,373
ES,2022-04-10,9322,1115.0733748122727,325.4882480400489,825.5,526.4,1308.1,944,783,72.50503192848022,15.836975090710384,73.86,52.620000000000005,87.896,403
ES,2022-04-11,9014,1106.7573774129137,273.2149737690885,980.0,530.4,1307.2,937,638,71.19669278996864,10.726956531494448,70.71,60.855000000000004,80.78999999999999,363
ES,2022-04-12,9689,1114.1347920322012,349.6071601817947,1034.0,535.0,1642.0,961,774,71.98624031007758,9.270057866027923,75.26,60.384,83.8,406
ES,2022-04-13,8618,1113.7753539104199,272.44346064083305,1086.0,669.0,1301.0,939,743,71.55639300134588,10.776225216507749,69.76,60.23,89.51599999999999,404
ES,2022-04-14,8977,1115.0915673387542,369.97017618786003,799.0,576.1,1612.9,906,740,71.59251351351354,11.923875832800048,68.15,54.9,80.38,385
ES,2022-04-15,9611,1143.4675892206849,337.3722735704915,1067.5,585.0,1345.7,859,729,72.39895747599451,7.951520671653665,68.06,58.753,77.759,359
ES,2022-04-16,8871,1160.9240220944648,274.00843135931945,1081.5,796.7,1352.5,865,686,72.08096209912541,8.963607584979389,66.4,59.184,79.682,342
ES,2022-04-17,9413,1157.6737490704343,324.45235136057386,1112.0,502.0,1377.0,918,745,72.21524832214764,12.393173399641444,68.81,54.557,81.726,389
ES,2022-04-18,10072,1148.544976171565,355.8692496412646,1089.0,500.9,1361.1,972,749,71.84198931909208,8.897344926749899,65.78,55.576,72.468,399
ES,2022-04-19,9983,1160.0122207753184,334.5518088519661,1081.0,542.9,1401.1,959,776,72.35525773195877,11.370286255139295,68.26,59.3,83.27,422
ES,2022-04-20,9803,1122.6250127511994,294.74327452254045,818.0,579.7,1348.3,982,854,72.35502341920377,13.674642399346316,73.9,48.738,86.305,435
ES,2022-04-21,9166,1134.3448614444699,315.9545551044711,909.0,568.2,1348.0,965,700,71.59367142857147,13.082561850595974,64.51,51.756,82.59800000000001,375
ES,2022-04-22,9268,1135.4164868364269,293.84871562567406,999.0,823.0,1469.4000000000021,943,758,72.7449208443272,11.457905352276585,71.89,60.868,84.274,383
ES,2022-04-23,8791,1107.2302354680917,302.59963720058397,1086.0,589.0,1328.4,906,766,72.15498694516972,10.629717253478047,72.725,52.815,76.95,363
ES,2022-04-24,9428,1138.078277471362,297.69198807377,1076.0,633.0,1307.0,927,839,72.48120381406434,13.260797536256176,70.125,53.222,86.062,381
ES,2022-04-25,9491,1137.0613212517128,266.0322102988702,811.5,635.5,1283.0,963,771,71.29291828793774,14.125327091154343,72.815,49.581,83.18900000000001,391
ES,2022-04-26,9274,1124.0441017899502,319.21635712503394,825.0,629.8,1307.2,953,754,72.641525198939,11.084019394493136,69.28,60.11,81.83,387
ES,2022-04-27,8926,1109.2062514004035,327.7527111665856,846.0,627.5,1266.5,991,766,70.94751958224539,9.028114439911361,71.1,56.81,78.48,376
ES,2022-04-28,9089,1138.6976565078671,265.10425417134024,784.0,610.0,1192.8,976,761,71.61561103810773,16.23139061578872,70.875,45.553000000000004,83.807,380
ES,2022-04-29,8835,1129.6126768534236,253.67491756125466,722.0,539.8,1221.4,899,726,72.0278787878788,8.972189609819768,71.15,63.5,87.81,373
ES,2022-04-30,8021,1150.5513028300707,344.8444552890525,689.0,506.0,1229.4,883,686,72.18155976676383,15.89716357959945,66.445,50.038,84.715,348
ES,2022-05-01,9004,1159.1015104398045,385.5100924881649,1033.0,587.0,1647.4,919,649,72.30204930662562,11.29702431959446,71.34,60.38,83.788,372
ES,2022-05-02,9957,1144.6760068293659,389.6478993923013,1044.0,588.5,1553.5,987,758,72.23771767810028,12.87792516500836,70.05,56.326,82.82400000000001,414
ES,2022-05-03,9512,1151.4908536585365,475.56953483264414,1164.0,576.7,1691.2,958,760,72.58192105263157,10.278937547177016,68.64,56.717,78.476,397
ES,2022-05-04,8447,1139.8503610749378,431.5090913827931,1075.0,437.2000000000001,1686.8,949,684,72.5051900584795,11.052328035305504,66.23,50.004,76.659,370
ES,2022-05-05,8137,1136.8499446970623,498.08317091905974,1170.5,392.1,1721.0,920,651,72.44365591397852,12.457242427154128,72.56,60.83,82.274,357
ES,2022-05-06,8230,1143.9631834750917,424.6971451516951,1106.0,620.8,1736.2,910,724,71.65406077348068,11.050598888859787,71.01,61.08800000000001,81.652,379
ES,2022-05-07,7928,1138.7947780020186,491.06131828517323,1097.0,510.5,1725.5,864,667,72.06449775112445,10.396392035073456,74.48,57.152,78.868,350
ES,2022-05-08,8947,1136.387839499274,314.09976223258485,844.0,509.2,1131.9,921,640,72.47321875,12.201175517137683,69.515,57.125,74.319,359
ES,2022-05-09,9034,1122.0115120655305,395.34888541301245,1084.0,625.6,1693.8,951,719,72.79286509040335,10.13130227139067,75.89,61.29,87.894,352
ES,2022-05-10,8997,1137.8678448371675,463.0053150756449,1120.0,642.0,1737.2,939,702,71.62556980056982,12.74579743480709,65.98,56.5,80.35000000000001,375
ES,2022-05-11,9224,1102.7153078924546,541.9890371482516,1047.5,372.8,1731.1,958,780,72.14721794871795,12.486171949033393,76.145,56.495000000000005,87.73,384
ES,2022-05-12,8953,1135.1057746006923,460.983917229706,1081.0,413.9,1695.3,953,726,72.32234159779614,8.009618215034802,75.375,64.197,86.857,380
ES,2022-05-13,9252,1141.8546260268054,536.1089420585167,1042.0,392.0,1735.0,925,703,71.63371266002841,11.440883881938493,70.45,53.644,79.55000000000001,366
ES,2022-05-14,9463,1170.6647997463808,353.13033279619884,983.0,411.0,1245.8,894,698,72.1618481375358,9.794789746229347,71.765,59.415,85.42200000000001,359
ES,2022-05-15,9903,1166.3834191659098,463.5661450862441,1039.0,426.8,1721.2,916,726,71.96971074380168,12.815379574293457,70.2,54.452,83.9,391
ES,2022-05-16,9723,1128.0856731461479,371.45439538061373,769.0,433.1,1260.0,979,736,71.95527173913045,10.473423045463989,69.99000000000001,58.136,82.691,377
ES,2022-05-17,9359,1138.4733411689288,402.0858173700795,1644.5,732.7,1714.0,963,790,72.19712658227846,9.45682544011701,74.85,62.774,86.288,397
ES,2022-05-18,9217,1151.64825865249,464.92613435431196,1173.0,591.8,1720.4,974,814,71.32703931203933,12.32144518940678,65.69,42.606,76.154,359
ES,2022-05-19,9183,1141.7521507132747,415.3627090498185,1140.0,605.0,1672.3,963,824,72.54173543689323,14.404853153980957,72.38,47.025,81.782,375
ES,2022-05-20,8548,1153.7147870846977,404.821638092941,1155.0,697.0,1695.2,931,733,71.9759618008185,9.19525794064752,68.15,57.57,81.28,376
ES,2022-05-21,9313,1141.8290561580595,377.1383747812451,1135.5,594.0,1559.7,911,736,72.04161684782606,10.477930765952536,71.75,57.606,80.634,382
ES,2022-05-22,9376,1155.566659556314,345.11758172930547,993.0,587.8,1557.2,918,789,72.48633713561465,11.622537917955826,70.82,57.863,82.647,373
ES,2022-05-23,9711,1137.7499742559983,454.05267633596293,1097.0,492.0,1556.0,951,916,72.66102620087337,13.422163357825456,63.43,42.922,77.22800000000001,394
ES,2022-05-24,9735,1132.298407806883,397.93892011546336,1234.0,624.2,1577.0,1009,852,72.9289436619718,8.571640255322587,73.12,66.05,80.82600000000001,412
ES,2022-05-25,9174,1140.0766296054064,366.7209962997294,1239.0,708.5,1639.0,974,821,72.07533495736907,12.64892347403142,68.09,43.698,78.554,409
ES,2022-05-26,8892,1132.1609311740885,404.97724342941467,1278.5,510.5,1645.5,970,680,72.85033823529412,12.875663514456255,69.61500000000001,59.480000000000004,89.488,366
ES,2022-05-27,8538,1133.7817990161639,379.9516272342791,1088.0,694.0,1641.8,899,650,71.58033846153845,6.500845461628535,68.22,59.038000000000004,74.7,351
ES,2022-05-28,8001,1158.240844894389,232.9874075960715,985.5,683.0,1219.5,866,639,72.75655712050076,0.9834728008440304,69.47,68.083,70.094,321
ES,2022-05-29,8428,1152.259254864737,284.63671528560985,930.5,699.0,1265.0,898,746,71.61378016085791,8.732061541550891,66.99,54.943999999999996,73.426,385
ES,2022-05-30,9384,1134.7497868712705,355.6564255788943,1031.5,714.8,1565.4,964,773,72.38023285899098,11.50584844492139,67.89500000000001,52.615,80.61,396
ES,2022-05-31,8770,1145.1067274800457,422.3103700437125,1275.0,736.8,1646.0,946,743,73.3878331090175,9.162927551951615,73.55,64.65,85.12,394
ES,2022-06-01,8379,1122.2818952142259,371.4889216975386,1180.0,747.8,1625.2,932,706,71.43205382436264,14.732228648018602,70.02000000000001,50.506,83.878,394
ES,2022-06-02,8761,1151.8901951831983,304.8235865186985,1180.5,786.7,1563.6,963,720,72.36008333333328,11.173062540351783,80.25,59.56400000000001,83.404,388
ES,2022-06-03,7725,1151.8530744336579,344.49915338867055,1250.0,505.0,1524.0,908,632,71.69443037974682,14.021560184230568,75.31,57.489,87.223,352
ES,2022-06-04,8107,1152.7642777846313,270.96711999918915,1090.5,745.5,1494.0,902,712,71.97419943820222,10.295830766520957,69.92500000000001,60.886,84.465,380
ES,2022-06-05,9193,1161.2969650821274,368.12427190883704,1048.5,702.7,1580.6,916,614,71.78475570032573,14.469550537248903,72.36,49.473,86.73700000000001,338
ES,2022-06-06,10116,1137.1774416765522,427.3628799549527,1193.5,531.0,1636.9,991,818,73.12607579462097,12.040364591713368,75.2,55.702000000000005,87.52199999999999,398
ES,2022-06-07,9452,1150.5393567498943,363.4678773351323,1165.0,674.4,1659.6000000000001,955,743,72.65965006729472,9.222128807132858,73.97,65.744,87.46600000000001,390
ES,2022-06-08,8959,1155.1321576068754,346.01865066640056,852.5,586.9,1349.8,966,766,71.91074412532637,12.315175465480067,60.54,51.525999999999996,82.772,371
ES,2022-06-09,8756,1149.8738008222942,431.5714510225383,1212.0,595.1999999999999,1670.0,913,688,73.0707412790698,9.599053194051077,65.33,55.61,81.39399999999999,364
ES,2022-06-10,8892,1144.2506747638324,356.16903645320696,1222.0,659.0,1641.0,950,774,71.93616279069767,17.772569782475685,74.88,49.934,90.862,380
ES,2022-06-11,8514,1172.6489311721873,312.93660158088977,957.5,544.0,1306.5,894,735,73.15423129251698,10.09214915447711,69.33,58.992,85.444,347
ES,2022-06-12,9650,1171.897720207254,334.253565276423,1143.0,728.6,1610.7,948,804,72.9605223880597,12.732802863077712,80.16499999999999,63.162000000000006,87.487,375
ES,2022-06-13,9146,1144.5859392083967,422.36488129466824,1181.5,644.9,1623.0,995,777,72.61365508365508,13.482685455820429,72.12,55.216,87.26400000000001,372
ES,2022-06-14,9725,1148.1531105398453,363.48165833235623,1181.0,589.2,1612.6,961,802,72.52704488778055,11.888814530368451,75.665,56.87,84.812,393
ES,2022-06-15,8612,1155.6587320018582,402.4421575064028,1134.0,575.8,1662.1,958,815,72.71132515337423,10.492155593303163,71.23,63.903999999999996,84.182,397
ES,2022-06-16,9364,1139.3629859034606,375.799258241746,1124.0,646.1,1636.7,980,756,71.48623015873015,12.474780018418622,73.59,59.89,81.83,386
ES,2022-06-17,8891,1155.1765830615223,354.1427642854275,1124.0,546.0,1646.0,928,668,72.41215568862275,8.43917566694165,74.195,64.176,84.209,361
ES,2022-06-18,8787,1157.8966655286217,306.94546862603977,1021.0,580.9,1259.4,880,670,72.94322388059703,9.431804090154849,69.6,62.464,85.664,376
ES,2022-06-19,9583,1175.588020452885,365.98647732513354,1149.0,633.8,1630.8,926,787,72.78454891994915,11.46245213662308,66.505,56.195,84.91,392
ES,2022-06-20,9302,1153.5457966028819,442.09984685992407,1039.0,483.8,1693.4,968,733,72.91609822646659,5.855309925271904,72.71,64.152,77.59,398
ES,2022-06-21,9589,1142.4172489310668,378.31010185199295,1112.0,770.5,1727.7,987,776,72.29551546391751,11.570597760892854,73.33,54.884,84.918,411
ES,2022-06-22,9639,1134.172320780164,445.00989154641303,1175.5,424.1,1720.8,960,881,72.45503972758227,9.994435186336323,64.97,57.112,78.382,415
ES,2022-06-23,9179,1143.4366488724263,304.0292214340956,1193.0,776.2,1709.0,940,738,71.68113821138212,8.976465165632076,72.93,64.76,86.688,392
ES,2022-06-24,9484,1145.4867144664702,381.42513703319645,1096.0,763.8,1736.2,943,766,72.45698433420372,14.86014406500331,75.66,48.596000000000004,79.71000000000001,386
ES,2022-06-25,9126,1151.8923953539345,432.02552001073616,1233.0,751.6,1775.4,904,693,72.59359307359307,10.22687861245288,72.49,60.608000000000004,85.19800000000001,365
ES,2022-06-26,9013,1162.0427160767774,400.0207909287647,1056.0,494.2,1728.8,916,677,73.05806499261446,13.74462408936762,71.71,55.716,88.316,356
ES,2022-06-27,9753,1160.8412796062753,366.7663482161544,1127.0,573.1000000000003,1706.9,977,838,73.56750596658712,8.670160353508782,73.88499999999999,64.385,85.461,380
ES,2022-06-28,9255,1152.0816855753646,291.09503645968414,1148.0,775.0,1686.9,958,845,72.54042603550302,8.934818741166493,68.385,65.147,80.404,390
ES,2022-06-29,9138,1153.2382359378419,344.8017598641895,1171.0,716.0,1700.6,946,786,72.26773536895674,9.423098411534784,71.07,53.038,75.228,372
ES,2022-06-30,8688,1156.233195211786,293.9777810193661,1066.5,773.7,1724.0,965,729,72.84362139917694,5.17744386739248,76.86,71.765,82.66,388
ES,2022-07-01,8469,1130.4025268626756,311.32392559475295,1176.0,774.4,1745.5,897,738,72.58059620596208,5.4914934216477045,65.62,62.626000000000005,73.598,369
ES,2022-07-02,8577,1155.7985309548797,299.6719374132198,1025.0,667.6,1239.4,906,626,73.04955271565494,13.200627708591227,59.48,53.62,83.84,350
ES,2022-07-03,9349,1163.6413520162585,345.0634438381404,1172.0,809.6,1684.3,914,689,73.08712626995646,11.361736956410613,56.74,55.428000000000004,75.33200000000001,374
ES,2022-07-04,9485,1147.2622034791768,315.0927775245214,1148.5,829.1,1671.8,991,750,72.74392,7.139497093633417,78.97,71.185,86.454,395
ES,2022-07-05,8765,1140.0593268682262,342.48482997854387,1234.0,706.4,1659.0,952,863,73.10190034762456,13.305737895265334,67.155,47.778,82.022,390
ES,2022-07-06,8952,1118.4912868632719,360.55399125007784,1097.0,537.0,1640.2,970,784,72.16764030612245,9.598805108144047,73.39,60.44,83.01,399
ES,2022-07-07,8593,1144.4190620272313,379.688019973102,1287.5,684.3000000000001,1657.7,976,763,74.08682830930535,10.138903956419549,75.89,60.518,86.54899999999999,371
ES,2022-07-08,8277,1147.5480246466109,277.14876391908894,1130.0,667.6,1347.2,946,668,72.04357784431143,12.432101675344992,62.26,49.32,74.01,361
ES,2022-07-09,8158,1145.4155430252504,249.3173456520328,948.5,625.8,1169.5,930,691,72.42240231548482,11.972983086933683,76.625,58.079,85.909,356
ES,2022-07-10,9460,1144.6535940803387,384.29792128757714,1101.0,889.6,1661.6,958,803,73.21950186799499,13.661025501457763,62.59,58.391999999999996,89.182,415
ES,2022-07-11,9162,1122.762606417813,301.77762091099294,1092.0,573.5,1653.5,992,813,72.65785977859785,13.269423125465725,74.98,54.27,85.98,391
ES,2022-07-12,9336,1144.062446443873,375.78194387760686,1145.0,913.8,1731.6,984,752,72.73067819148936,6.184175313294049,70.11000000000001,64.985,76.294,405
ES,2022-07-13,8994,1115.7419390704918,344.50611712276645,1069.0,928.0,1702.0,978,732,73.02620218579237,8.25027099891607,68.67,59.378,73.25200000000001,399
ES,2022-07-14,8718,1119.2415691672418,372.8424975001419,1188.0,724.8000000000001,1691.0,994,660,72.5430909090909,8.193831012820967,66.075,63.230000000000004,81.025,369
ES,2022-07-15,9226,1138.2935183177976,398.9991143199937,1168.0,702.6,1740.0,964,772,72.79308290155438,14.226786257697915,68.8,50.345,80.56,380
ES,2022-07-16,9134,1164.413400481717,335.45564921907794,1126.5,887.0,1663.0,912,827,72.8791293833132,14.28829066053739,72.305,52.399,81.109,377
ES,2022-07-17,10079,1140.0592320666726,283.5775300895408,1119.5,861.5,1600.5,968,842,72.01590261282661,10.11350700795723,69.43,56.588,80.444,428
ES,2022-07-18,10133,1149.8943057337408,289.55270523918375,1089.0,645.8,1587.4,999,898,73.28028953229398,7.687458220302005,76.065,64.86,82.78,427
ES,2022-07-19,9665,1133.5249870667353,333.66637230475493,1161.5,604.5000000000001,1605.9,988,771,72.08832684824903,12.086587270058272,70.75,58.397999999999996,84.942,394
ES,2022-07-20,9394,1157.2461145411964,357.91209684651494,1158.0,568.0,1639.0,984,781,72.26718309859156,14.341493115899349,66.14,48.59,81.41,422
ES,2022-07-21,9239,1146.465634808962,296.1944706033521,1146.0,824.4,1649.2,960,720,72.42258333333332,10.236098974815661,69.985,58.775,81.55,377
ES,2022-07-22,9306,1145.041693531056,301.2763491004309,1142.0,913.2,1657.2,933,757,72.01184940554822,9.315572849839194,70.59,61.24,84.34,389
ES,2022-07-23,8520,1160.2319248826284,360.2273586647127,1157.0,830.9,1716.0,881,611,71.90178396072017,8.307891011636139,75.53,60.394,79.63600000000001,325
ES,2022-07-24,9327,1146.2402701833387,376.80730546865124,1105.0,668.6,1719.5,934,767,71.80749674054762,12.492126211496208,71.71,56.378,84.302,362
ES,2022-07-25,9790,1151.2542390194071,329.15013291809555,1110.0,791.5,1672.0,999,778,72.61330334190234,13.48830316319374,68.545,54.56,84.205,396
ES,2022-07-26,9733,1168.3095653960754,261.82610476383456,1122.5,663.8,1320.2,965,828,73.86068840579708,6.823581659705307,75.315,72.7,86.375,403
ES,2022-07-27,8771,1154.0099190514195,316.1684184166182,1126.5,792.0,1673.5,955,739,72.74491204330174,10.167613617101443,68.86,52.565,75.88499999999999,388
ES,2022-07-28,9509,1141.5917551793043,326.84660846292695,1212.0,895.4,1692.2,959,768,72.39769531250005,8.260013525261323,74.055,65.85600000000001,85.446,426
ES,2022-07-29,8944,1147.3841681574243,399.3427974583638,1186.0,702.0,1757.0,908,632,71.40120253164555,11.37160643396037,74.24,57.734,85.866,351
ES,2022-07-30,9255,1147.2219340896816,343.7859390094627,1169.0,895.6,1694.0,886,710,72.70901408450706,4.670216269082192,75.52,69.856,79.898,350
ES,2022-07-31,9946,1139.2694550573099,289.816395880257,1106.0,767.4,1651.0,945,827,71.32818621523585,14.1152059675434,56.62,46.42,81.482,416
ES,2022-08-01,9248,1150.5178416955016,298.1324237325447,1163.0,847.1000000000001,1600.0,964,818,72.99944987775064,11.614761871572457,67.1,48.102000000000004,81.86399999999999,401
ES,2022-08-02,9263,1121.2378279175205,312.5253698538546,1143.0,619.0,1533.8,940,708,72.56853107344637,11.923830374332224,72.05,58.372,88.78,348
ES,2022-08-03,8831,1112.7845091156144,286.12596741052533,1141.0,701.6,1553.4,939,724,72.27230662983428,9.26376003575222,71.72999999999999,63.439,83.157,383
ES,2022-08-04,9409,1156.6981613348923,279.5674272531883,1117.0,676.0,1570.0,909,694,71.62190201729106,12.649120522787346,70.725,57.21,84.332,375
ES,2022-08-05,9280,1140.4330818965523,277.1452962889719,1107.5,930.9,1610.1,955,752,71.56732712765954,7.5986483139007746,73.33,69.5,86.8,412
ES,2022-08-06,8999,1154.23402600289,300.9623774526044,1135.0,991.0,1617.0,910,708,72.18927966101698,14.395262434410691,66.025,50.53,79.13,382
ES,2022-08-07,9350,1155.1298395721926,319.6981824081137,1235.0,871.4000000000002,1651.4,917,793,72.83017654476669,9.530143755473995,83.48,70.566,90.934,395
ES,2022-08-08,9450,1157.0390476190487,290.17362026896933,1116.5,796.2,1587.4,933,791,72.47945638432364,10.39307598367138,65.09,59.830000000000005,80.228,391
ES,2022-08-09,9145,1151.3235647895024,321.9260793722468,1167.0,558.1,1595.9,955,689,72.7738606676343,8.428868383254198,72.81,64.97999999999999,84.89,396
ES,2022-08-10,9668,1139.519135291684,313.18373669522964,1190.0,695.0,1605.0,946,817,71.92538555691556,13.519188420743145,64.85499999999999,58.435,88.52,402
ES,2022-08-11,9560,1185.3856694560668,316.5682419543359,1278.5,781.0,1647.5,936,751,72.95316910785617,9.591701708595126,68.38499999999999,59.55,82.902,380
ES,2022-08-12,9383,1170.4089310455072,275.34410008281134,1221.0,961.5,1699.0,927,733,72.52772169167797,11.197458371415891,74.605,59.472,89.44200000000001,382
ES,2022-08-13,9139,1142.9904803589016,337.36791056629704,1210.0,674.5,1589.5,884,715,72.24054545454543,9.867213526511815,69.165,57.352000000000004,80.637,367
ES,2022-08-14,9548,1167.056661080854,269.9216586080382,1169.5,717.4,1563.0,896,730,72.66284931506846,9.32644875420883,75.93,66.824,86.44200000000001,368
ES,2022-08-15,10335,1157.0158684083217,300.4243280087419,1197.0,697.0,1551.0,943,817,71.6773561811506,8.260880169598792,74.72,62.652,82.58,402
ES,2022-08-16,10124,1141.436783879889,340.04229999034993,1138.5,610.7,1547.3,930,836,73.07308612440188,8.281217182557851,65.48,55.316,74.076,395
ES,2022-08-17,10718,1141.222522858743,251.12853726284368,1195.0,927.0,1602.0,943,788,72.40143401015227,7.630636163811166,70.45,55.35,73.91,386
ES,2022-08-18,9828,1138.4961334961322,380.4051644987658,1417.0,703.0,1691.0,951,742,72.52450134770888,11.04575310206124,73.96,60.042,89.258,391
ES,2022-08-19,9173,1136.4554671318,369.0788472763681,1183.0,708.0,1665.0,931,733,72.29496589358799,7.52913311133249,70.805,60.441,79.524,380
ES,2022-08-20,9753,1167.6031990156885,303.5203986597317,1172.0,746.4,1611.8,905,709,73.11111424541606,11.317064800969487,68.31,59.688,81.992,356
ES,2022-08-21,10583,1148.7715203628459,337.9896050211561,1558.0,873.6,1610.8,917,785,72.37402547770704,12.29590663595003,70.88499999999999,62.111000000000004,80.402,397
ES,2022-08-22,10620,1135.8744821092275,329.4166388626464,1139.0,628.0,1577.0,960,881,73.04393870601591,11.01564039597033,74.27,62.57,87.048,405
ES,2022-08-23,10604,1150.6523953225199,297.99263118967355,1147.0,623.6,1611.4,970,896,72.14496651785713,8.269141672507489,75.57,66.51,85.662,398
ES,2022-08-24,10921,1140.475322772641,310.8152012662186,1111.0,715.0,1616.0,1004,891,72.58282828282832,7.999321421838015,70.06,65.598,83.03,444
ES,2022-08-25,9770,1152.6411463664283,346.9254783530514,1136.0,592.5,1627.0,978,726,72.91283746556475,10.068622547300102,68.24,57.112,77.782,381
ES,2022-08-26,9469,1140.5159995775687,312.0429885603159,1156.0,557.6,1595.0,960,822,72.36687347931874,10.563187255748144,73.97,60.446,84.884,405
ES,2022-08-27,9169,1167.636601592322,301.8510868288255,1122.0,563.0,1596.0,955,674,72.36224035608309,9.535272203770589,77.2,66.638,88.00800000000001,385
ES,2022-08-28,10073,1186.1088057182565,244.57085811003358,1103.0,717.2,1243.0,987,735,72.50434013605448,7.833347517717656,64.49000000000001,52.95,67.72,400
ES,2022-08-29,10817,1144.5801053896655,335.9269641962772,1222.0,749.0,1628.0,1017,785,71.91672611464966,11.176396934499955,74.53999999999999,59.45399999999999,83.614,412
ES,2022-08-30,10566,1164.8854817338638,380.91144058435725,1202.0,587.6,1631.0,1008,775,72.95656774193554,4.609080710944429,72.8,69.589,80.46600000000001,387
ES,2022-08-31,10515,1136.1522586780795,359.1345312463242,1173.0,657.0,1646.0,1053,822,72.19055961070559,10.556893707431175,74.61500000000001,58.581,85.54200000000002,428
ES,2022-09-01,10397,1153.3723189381553,382.23717544372334,1167.5,567.3,1681.0,1026,772,71.50563471502592,10.606978601926583,64.04,52.754,71.86200000000001,423
ES,2022-09-02,9525,1136.0938582677168,364.78539539654,1281.0,768.4,1718.2,998,801,72.01176029962545,11.219998987759247,79.95,64.018,91.612,413
ES,2022-09-03,9493,1144.1531654903613,375.19056846537075,1129.0,531.0,1766.0,977,710,71.06385915492955,8.029161434006253,73.91499999999999,63.855000000000004,80.87,389
ES,2022-09-04,9916,1170.092981040742,345.92843972136467,1133.5,794.1000000000001,1762.6,1002,800,71.97992500000001,12.301479826311944,71.89,62.166,89.98,409
ES,2022-09-05,10386,1157.5732717119195,411.5700978125651,1311.0,508.6,1728.0,1048,827,72.95770253929868,12.119667925206695,72.26,59.706,87.492,441
ES,2022-09-06,9669,1142.553935257007,398.55105475099873,1191.0,658.0,1702.4,1033,795,72.07821383647803,7.641352230157005,72.49,65.994,80.794,421
ES,2022-09-07,9580,1138.4233820459285,426.63065900597564,1167.0,498.2,1691.6,1023,818,72.8110880195599,6.451069194327402,75.57499999999999,69.701,82.731,390
ES,2022-09-08,9534,1155.8065869519605,413.0016426565232,1169.5,661.0,1774.0,1012,719,71.96061196105703,9.740191717511394,73.67,61.096000000000004,79.678,402
ES,2022-09-09,10135,1159.3164282190432,427.92691989386884,1321.0,675.4,1789.4,1039,865,72.59761849710976,9.25912619516674,75.67,62.94,86.46,441
ES,2022-09-10,9847,1126.1439016959478,353.9365779476846,1162.0,496.0,1669.0,1003,749,71.38010680907873,11.406976982331145,74.96,61.31,89.892,418
ES,2022-09-11,10442,1176.5675158015708,371.44502958042125,1136.0,662.2,1650.0,1026,856,73.19491822429906,13.273905043431673,73.21000000000001,56.51,87.769,418
ES,2022-09-12,9919,1118.5828208488756,338.0022841283232,1159.0,671.0,1612.0,1053,757,72.10262879788644,11.551184370175992,73.14,61.89,86.38,415
ES,2022-09-13,9674,1136.94893529047,348.96703099503264,1200.0,698.8,1601.6,1065,815,72.8727116564417,11.47491169628333,66.86500000000001,55.972,80.208,397
ES,2022-09-14,9644,1166.1672542513475,416.10763687125706,1144.0,470.1,1625.0,1045,780,73.24774358974359,10.38300963112334,75.9,54.525,80.376,410
ES,2022-09-15,9353,1148.0489682454827,371.96605823104886,1282.0,457.0,1625.0,1078,729,71.19229080932789,9.048060114562384,69.45,61.802,81.56,406
ES,2022-09-16,8879,1151.2341479896386,366.72934985183343,1289.0,732.0,1614.9,1026,689,72.03397677793905,12.573484445892916,72.06,54.79,82.66,388
ES,2022-09-17,9472,1136.5573268581081,258.92599122915294,1134.0,905.4,1615.0,998,770,70.81300000000002,6.581722342973758,74.32,66.979,81.54199999999999,411
ES,2022-09-18,10447,1143.3284196420032,288.7067837809389,1152.0,529.2000000000003,1278.3,1028,836,72.18988038277516,7.971314543759739,66.4,59.224999999999994,77.035,442
ES,2022-09-19,9956,1137.8447167537163,348.73065382235717,1147.0,438.5,1580.0,1036,787,72.10646759847525,14.922477140206981,70.255,49.543,85.244,420
ES,2022-09-20,10217,1135.286776940394,380.1227884809041,1167.0,472.0,1574.3,1098,812,71.83231527093594,9.733364269357228,65.795,58.882,79.22299999999998,442
ES,2022-09-21,9888,1136.1547330097078,305.9486849556425,1306.0,874.7,1585.6,1072,824,71.13321601941753,11.617050805668692,69.32,49.62,80.92,431
ES,2022-09-22,10220,1133.1850293542072,376.2643866963596,1194.0,450.9,1643.7,1066,768,71.35333333333331,11.785518391229129,75.66999999999999,59.875,85.654,426
ES,2022-09-23,9924,1164.618500604595,392.5725285764365,1140.0,539.0,1625.6,1065,829,72.34387213510254,11.543069285103943,68.74,58.478,86.504,403
ES,2022-09-24,10667,1140.8751289022214,288.62735683076045,1157.0,740.0,1537.0,1011,793,72.73234552332909,7.495948305584824,72.22,61.782,78.08500000000001,416
ES,2022-09-25,10196,1128.5133385641423,274.9027422713956,1163.5,755.9,1562.6000000000001,1049,837,72.05924731182799,10.65303635934232,67.33,62.209999999999994,86.542,437
ES,2022-09-26,10783,1142.9980524900293,386.48884065732585,1154.0,642.6000000000003,1657.0,1083,845,71.63629585798823,13.284330544537385,64.58,44.55,82.04,459
ES,2022-09-27,10695,1139.5608228144004,294.0450962467064,1187.0,729.0,1638.0,1117,727,71.80662998624484,8.884832074946605,72.57499999999999,59.731,80.797,417
ES,2022-09-28,10431,1137.5597737513183,459.3691736575264,1169.5,462.0,1727.8,1100,777,71.36537966537972,10.411254193846622,69.255,56.411,80.626,460
ES,2022-09-29,10285,1151.887700534759,440.4616009415519,1200.0,476.8,1769.4,1112,779,71.49943517329909,10.307130117059742,62.715,54.150000000000006,78.065,435
ES,2022-09-30,10421,1150.8511659149794,448.7270988774492,1196.0,395.0,1686.0,1086,721,71.21128987517334,15.32959748279044,67.045,55.105000000000004,81.91,429
ES,2022-10-01,9837,1151.0090474738236,371.494629335863,1139.5,336.6,1508.7,991,752,71.56465425531916,11.920583505479552,63.17,53.636,79.632,396
ES,2022-10-02,10495,1160.792186755598,243.81655746890462,1137.5,685.3,1206.9,1049,875,72.24160000000002,11.352942349893263,68.9,55.855000000000004,82.425,433
ES,2022-10-03,10612,1139.0874481718813,410.8852839993343,1238.0,569.7,1646.7,1097,873,72.27741122565864,6.900064038617629,69.56,61.182,73.26599999999999,467
ES,2022-10-04,9701,1141.5111844139778,419.53966180659603,1116.5,332.7,1614.6,1089,828,70.94663043478262,7.730660662952053,73.69,67.92999999999999,82.656,424
ES,2022-10-05,10206,1154.2150695669213,526.0199399238992,937.5,302.5,1661.0,1124,887,71.66064261555806,15.698715743652409,56.56,39.409,78.198,486
ES,2022-10-06,10197,1135.8503481416103,505.56077348093726,1210.0,371.8000000000002,1744.0,1121,857,71.73653442240376,7.560511622899603,71.95,66.307,77.664,469
ES,2022-10-07,10015,1140.5767348976538,406.88710854977944,1195.0,450.6,1684.4,1060,880,71.01077272727272,12.456431973910554,71.56,66.53,86.0,451
ES,2022-10-08,10299,1169.4668414409168,443.27224203283134,1121.0,308.7,1413.3000000000013,1020,847,71.92316410861865,12.832489257955979,61.14,43.79,66.125,416
ES,2022-10-09,11655,1173.6930072930077,456.72226899203156,1204.0,348.2,1642.8,1090,927,72.46233009708737,13.058366938765275,72.74,55.53,81.99,454
ES,2022-10-10,10706,1156.033812815243,518.2185525654812,1186.0,362.0,1673.0,1109,808,71.04725247524755,9.783530126104537,70.71,63.742,84.11,431
ES,2022-10-11,10741,1158.2386183781784,510.6185056777605,1234.0,314.6,1668.4,1117,894,71.12845637583891,21.027034714597512,68.2,52.113,82.725,476
ES,2022-10-12,11368,1164.0317558057714,457.3595866735253,1188.0,314.0,1621.4,1089,910,71.90471428571429,9.419914207330628,61.71,54.6,75.144,456
ES,2022-10-13,10122,1158.2449120727135,439.94550509204424,1225.0,327.6,1608.0,1098,818,71.28519559902203,11.84688969964503,73.46,56.79600000000001,86.52,448
ES,2022-10-14,10405,1168.822200864969,412.02230851745077,1360.0,672.1,1667.9,1086,892,72.3395739910314,12.14124396257145,73.86,59.99,80.02,434
ES,2022-10-15,10728,1180.2286539895597,331.78514267972713,1231.0,703.0,1623.2,1058,858,71.5045454545455,5.374067360947389,74.3,74.252,83.396,459
ES,2022-10-16,10286,1154.3642815477344,472.966646698146,816.0,294.4,1332.2,1091,809,71.86049443757724,18.359510705172216,73.62,47.14,78.97999999999999,444
ES,2022-10-17,10584,1154.7911942554804,418.39796196153696,1276.0,305.3,1630.0,1114,918,72.0245533769063,9.425997211833874,74.965,66.16300000000001,85.094,452
ES,2022-10-18,10587,1157.5437801076787,431.86909134259065,1221.0,298.0,1338.8,1129,833,70.95166866746699,13.185649336968583,65.42,49.995,84.46000000000001,458
ES,2022-10-19,11041,1151.548682184584,368.1917752897306,1244.5,480.5,1601.0,1109,899,71.96872080088987,9.883291399573771,67.59,55.822,78.54599999999999,446
ES,2022-10-20,10959,1140.437996167533,290.6085735325037,1269.0,814.4,1516.1999999999994,1102,844,71.13861374407588,12.161241712917317,66.77,62.498,84.938,439
ES,2022-10-21,10302,1154.1109493302276,333.8970080480972,1240.0,476.9,1510.9,1128,829,72.15797346200243,9.50739368564685,67.12,61.29,80.11800000000001,440
ES,2022-10-22,10586,1144.7730020782162,183.45620190943748,1260.5,934.2,1308.0,1048,812,71.81821428571426,6.32127756074672,70.11500000000001,64.792,77.552,433
ES,2022-10-23,11235,1175.3207832665785,418.73375370351357,1222.0,319.9,1513.6,1112,890,71.68180898876405,11.955625286868102,65.885,48.223,75.59299999999999,472
ES,2022-10-24,11305,1161.1955771782395,418.54287729981536,1061.5,355.0,1473.0,1157,863,72.24676709154113,13.030032847234118,80.45,58.96,92.711,444
ES,2022-10-25,9830,1142.1495422177009,377.4414710872692,1228.0,473.6,1444.1999999999998,1115,769,71.41559167750324,8.256139971089528,74.11500000000001,62.06,81.63,430
ES,2022-10-26,9953,1150.6953682306846,394.62631373266834,1231.0,403.0,1382.7,1124,832,71.4661778846154,8.379718378444517,74.21000000000001,63.364999999999995,82.188,450
ES,2022-10-27,9754,1136.6970473651834,428.20659557146473,801.0,368.2,1393.6,1143,810,72.3978271604938,12.100636142853332,68.025,53.108,82.23,436
ES,2022-10-28,9857,1182.0299279699711,338.2803213994518,1192.0,389.0,1291.0,1120,852,71.83079812206569,11.769488277787936,71.6,50.22,78.994,430
ES,2022-10-29,10107,1177.324032848521,360.8500898313295,1177.0,408.2,1422.8,1055,761,72.05233902759527,12.447780710958044,73.96,56.34,87.57,398
ES,2022-10-30,10944,1163.3878837719312,283.9309942000972,964.0,516.8,1405.6,1070,844,70.95667061611373,10.544450883969468,66.81,56.004,79.254,439
ES,2022-10-31,10896,1165.7678046989722,346.8255791652566,1220.0,561.8000000000001,1741.4,1099,833,71.13678271308522,6.307674302152958,82.72,74.572,89.994,418
ES,2022-11-01,11782,1144.1930911560005,363.95423676530714,956.0,511.3,1235.7,1137,1015,71.12838423645319,9.726973437040833,61.93,53.93,76.834,479
ES,2022-11-02,10052,1141.9092717867102,268.8132024319012,1200.0,789.4000000000001,1390.6000000000001,1152,843,71.08633451957294,18.690096010692105,69.875,39.762,89.206,437
ES,2022-11-03,10583,1147.562505905698,262.05588475493903,1215.0,681.4000000000001,1390.6000000000001,1178,841,71.31049940546971,8.732008932656907,79.22999999999999,65.408,86.701,452
ES,2022-11-04,10184,1161.029163393558,211.52032080129456,1209.5,861.1,1332.0,1123,912,71.27301535087719,8.415653569390793,74.06,61.031000000000006,76.043,434
ES,2022-11-05,10750,1160.5466976744187,211.46246609261942,1154.0,775.5,1332.5,1076,855,71.86378947368421,11.485680094022394,70.405,55.525,81.735,477
ES,2022-11-06,11826,1147.079316759682,243.42119331492793,1067.0,719.1000000000001,1345.6,1122,878,72.27256264236901,6.7575332448723895,67.495,57.75,73.61500000000001,435
ES,2022-11-07,11541,1158.557663980591,306.86658227921765,1107.0,624.4,1411.2,1166,832,72.26016826923075,13.683903351657376,75.56,58.249,87.315,449
ES,2022-11-08,11024,1147.8759071117559,295.57947143624637,1122.0,596.6,1411.0,1141,835,72.36299401197603,14.55113076745482,73.69,59.05,89.65,462
ES,2022-11-09,11034,1134.9057458763818,317.53185164468994,1137.5,589.3,1441.0,1145,852,70.70551643192483,9.860284110225983,71.37,59.695,85.595,451
ES,2022-11-10,10377,1129.1227715139255,310.09640773803534,1162.0,565.2,1432.8,1133,802,70.88723192019951,10.415759375070788,72.50999999999999,63.75,88.755,459
ES,2022-11-11,9936,1164.228764090177,354.612699966404,1180.0,564.6,1703.8,1091,722,70.83015235457067,6.471920511103395,58.84,53.69,68.782,407
ES,2022-11-12,11209,1153.9469176554555,246.8483967568402,1223.5,906.0,1715.5,1062,947,71.70920802534322,11.27294340716853,70.09,62.9,88.504,457
ES,2022-11-13,11096,1142.8582372025962,334.366097765,1209.0,561.8,1613.0000000000027,1112,886,71.90920993227994,7.896995377990291,70.06,57.241,76.808,452
ES,2022-11-14,11279,1130.7330437095488,340.4581839789319,1217.0,603.0,1451.6000000000001,1141,891,71.21941638608308,12.887014066708996,72.04,56.578,90.826,434
ES,2022-11-15,11064,1131.1625090383218,355.71504185083296,1172.0,543.0,1293.0,1176,825,71.52303030303025,8.28267955166416,77.435,65.255,83.745,473
ES,2022-11-16,10393,1145.5360338689493,284.0561100036173,1165.0,637.5000000000002,1431.1000000000001,1160,899,70.89293659621801,9.103209104486174,68.97,67.74600000000001,87.006,478
ES,2022-11-17,10094,1119.885971864473,377.6131721437384,1183.0,508.0,1742.6,1140,930,71.38407526881718,11.290617039652647,77.13,59.896,93.44000000000001,482
ES,2022-11-18,10807,1131.2622374386974,345.68602348174466,1189.5,500.40000000000003,1457.4,1176,992,71.37522177419356,11.881601575545279,75.13,57.943999999999996,88.32600000000001,444
ES,2022-11-19,10790,1141.351343836886,314.3788742079632,1165.0,455.40000000000003,1296.6,1097,893,70.97300111982086,14.594367254374394,77.54,53.510000000000005,83.838,439
ES,2022-11-20,11490,1147.6386422976507,276.60197458396783,1128.5,614.9,1234.4,1169,874,71.94565217391306,7.028098515957215,69.3,60.546,75.163,453
ES,2022-11-21,10951,1126.5677107113504,328.0906654561211,1177.0,534.0,1476.0,1184,900,72.03983333333339,9.777684800694303,76.395,67.12,91.512,479
ES,2022-11-22,10329,1127.1831735889243,359.61748341119346,1087.0,502.0,1429.0,1153,847,71.2584179456907,14.291740621771723,68.01,55.253,85.977,435
ES,2022-11-23,9896,1116.468168957155,324.2644405359123,1161.0,652.0,1496.8000000000002,1126,832,71.4107932692308,8.60294753267739,67.285,56.74,81.17,429
ES,2022-11-24,10557,1130.4352562280956,346.65217415119434,1132.5,553.3,1462.1,1173,830,70.93298795180723,12.530489625227494,75.48,59.81,88.23,477
ES,2022-11-25,9446,1116.717234808385,315.7237010716512,988.5,557.7,1366.0,1087,743,71.14623149394346,6.836978042234739,78.56,72.71000000000001,86.797,436
ES,2022-11-26,9416,1136.0515080713674,248.47588334180006,984.0,594.5,1373.0,1039,671,71.5296423248882,8.651286663699219,69.38,58.437,76.678,395
ES,2022-11-27,10056,1126.4360580747812,301.5190266548747,1004.0,600.2,1195.0,1083,815,70.95717791411046,11.48768018001752,61.07,47.124,70.998,440
ES,2022-11-28,10365,1132.592185238784,482.84858162264493,1420.5,424.5,1670.1,1147,793,70.63427490542244,17.058515667745056,71.33,44.094,79.154,463
ES,2022-11-29,10170,1130.6506391347093,376.49194010824374,1359.0,670.5,1702.5,1114,793,72.09955863808322,13.63722168311328,69.765,55.665,84.59,440
ES,2022-11-30,10075,1149.7931513647643,349.7679535598267,1382.5,841.5,1697.8000000000002,1124,803,71.94581569115816,8.16300070780075,68.02,56.519999999999996,74.215,451
ES,2022-12-01,9335,1130.2942688805572,378.6668042106558,1367.5,667.1,1662.7,1119,691,70.15820549927635,9.54958036811569,69.27,63.397999999999996,84.946,413
ES,2022-12-02,9560,1131.3976987447693,394.18363027274484,1216.0,606.6,1593.0,1106,774,71.60591731266149,8.394798447385275,72.745,67.23,89.42800000000001,428
ES,2022-12-03,9930,1133.641490433031,344.2518359146575,1201.0,612.7,1566.3,1052,742,71.52114555256065,9.917083038877914,69.31,59.166000000000004,81.296,418
ES,2022-12-04,11273,1141.6694757384907,408.9865108083633,1017.5,365.1,1637.5,1126,921,72.39800217155259,9.549229497713414,79.78,63.15,83.988,465
ES,2022-12-05,10440,1137.2291187739472,400.4729415545578,1177.5,473.5,1642.5,1114,822,70.9565571776156,8.632108021155023,69.525,56.15,75.755,441
ES,2022-12-06,10804,1153.1690114772316,433.77120555939615,1187.0,488.6,1692.0,1125,828,71.23495169082128,11.162777061106988,74.92,56.562,83.69800000000001,435
ES,2022-12-07,10807,1147.720088831313,458.85365027570987,1191.0,574.0,1770.0,1142,772,70.88300518134717,10.70006580976647,70.25999999999999,59.045,86.121,433
ES,2022-12-08,12707,1128.6954434563627,429.174754636727,1160.0,505.6,1709.6,1154,1006,71.79969184890653,9.136471176310662,67.57,58.688,75.10300000000001,518
ES,2022-12-09,11313,1135.9529744541683,428.32721679551554,877.0,590.8,1694.6,1122,858,70.53376456876454,9.37222086807604,76.895,64.261,85.74499999999999,462
ES,2022-12-10,10424,1134.8716423637763,360.0097598518315,734.0,436.2,1259.2,1092,796,70.85477386934676,9.241979923122983,67.29,60.284000000000006,84.572,448
ES,2022-12-11,11945,1130.9371285056504,423.79230218487504,1069.0,514.3,1729.5,1174,993,71.99418932527692,6.434329801929647,74.485,64.2,79.825,520
ES,2022-12-12,11807,1106.145422207164,418.66569465720704,1199.5,652.1,1763.9,1209,901,71.2154384017758,15.494189430959237,74.53999999999999,60.034,83.977,481
ES,2022-12-13,10939,1137.5574549776027,425.68043446379517,1209.0,650.0,1831.4,1182,854,71.4732084309133,13.93588325529685,72.03,47.814,86.144,445
ES,2022-12-14,10881,1131.1881260913522,403.169186638218,1227.0,447.6,1380.5000000000014,1168,859,70.93962747380675,13.918909574747586,71.35,52.25,88.15,490
ES,2022-12-15,11010,1124.8695731153496,475.97209243130794,1229.5,530.9,1820.1,1188,881,71.24124858115778,14.0042868793809,71.895,52.69500000000001,76.64,452
ES,2022-12-16,10531,1129.3575159054212,440.15598153916903,1172.0,555.6,1762.0,1149,794,71.34421914357686,10.088939488370423,72.02000000000001,64.226,80.286,445
ES,2022-12-17,11085,1128.7277401894446,380.83398097677536,1150.0,585.0,1723.8,1100,790,70.60678481012657,9.12372176063212,70.31,61.954,83.766,435
ES,2022-12-18,11339,1125.6945938795309,342.2398296425029,1154.0,578.6,1345.4,1104,750,70.99637333333331,18.904637585053624,67.625,48.887,86.81099999999999,423
ES,2022-12-19,11284,1143.7860687699397,408.29996812268865,1167.0,623.0,1725.2,1209,834,71.85982014388487,4.153004936187772,72.765,68.69500000000001,77.601,456
ES,2022-12-20,11876,1110.0856348939046,474.49604688940684,1189.0,594.9,1715.4,1207,939,70.20031948881787,11.533135315432732,66.655,57.789,87.052,470
ES,2022-12-21,11414,1135.7743998598214,462.62270039123587,1270.0,486.80000000000007,1734.4,1182,928,71.23700431034484,19.132651384478837,66.84,46.131,87.464,459
ES,2022-12-22,10703,1145.4954685602172,405.82848713062754,1281.0,521.8,1674.0,1180,809,71.31851668726823,13.675892052714515,72.02,55.455,84.535,430
ES,2022-12-23,10874,1133.1426338054082,370.1769748436395,1009.0,536.6,1455.6,1148,899,71.41748609566184,17.362250492052013,68.24,50.52,84.69,461
ES,2022-12-24,10217,1121.2407751786236,260.5235528767813,955.0,542.0,1262.0,1068,869,72.25502876869966,0.0,0.0,0.0,0.0,423
ES,2022-12-25,11525,1135.3151409978313,344.7783021920572,785.0,460.2,1336.2,1120,907,70.40889746416762,13.157756030189953,75.87,58.123999999999995,85.113,476
ES,2022-12-26,12735,1115.1627797408714,296.92089243362796,1124.0,503.79999999999984,1327.6000000000001,1167,981,71.83524974515801,6.643517308039638,71.66,63.91499999999999,78.875,477
ES,2022-12-27,12197,1115.50405837501,423.6813497703314,1122.0,396.0,1362.6,1181,973,70.5606783144913,12.142967786610761,72.36,56.058,84.342,481
ES,2022-12-28,11921,1124.1840449626702,382.16245115166396,1100.5,480.90000000000026,1652.1,1211,1089,70.64681359044997,13.539734301627846,69.5,54.93,81.34,533
ES,2022-12-29,12292,1134.830133420111,433.6867720165592,1130.0,352.0,1664.0,1196,1009,70.872775024777,12.75150443023783,67.64,50.955,85.47,484
ES,2022-12-30,12414,1114.407120992428,402.45224337101547,1145.0,391.0,1323.0,1171,1029,71.30581146744413,11.068648528475082,69.37,54.35,79.578,474
ES,2022-12-31,10730,1127.8233923578755,335.6121123269346,1106.0,661.0,1478.0,1139,992,71.34023185483869,4.176963610088077,77.335,73.833,82.713,484
ES,2023-01-01,11110,1134.1776777677774,392.52516772253585,748.0,394.3,1421.7,1166,976,70.75384221311474,14.984928164954397,70.58,48.47,85.92,522
ES,2023-01-02,13030,1134.5504221028398,384.3563575917599,987.0,386.8,1413.0,1252,1066,70.98981238273919,12.835495665520357,65.33,50.38,80.14900000000002,510
ES,2023-01-03,12345,1129.2926690968004,373.51211380210367,941.0,348.6,1249.8,1205,1000,71.16709000000004,14.359177673915537,72.83,50.58,90.77,465
ES,2023-01-04,12350,1133.362267206478,425.1644561987923,1153.5,424.6,1418.0,1244,1071,71.48639589169004,12.755202469098672,69.21,56.228,87.77199999999999,534
ES,2023-01-05,11428,1130.1680084004195,479.76223749352494,1004.5,346.40000000000003,1468.0,1207,984,71.52040650406502,14.602017326383365,70.725,46.001,87.15599999999999,515
ES,2023-01-06,11624,1129.9004645560906,485.44084435160755,1022.0,364.2,1711.0,1186,1078,70.35177179962892,11.609037781927588,70.92,59.798,82.714,532
ES,2023-01-07,12276,1134.8985011404372,369.7790403889024,1039.0,409.9,1264.3,1215,1131,70.99637488947836,16.160952942199913,62.72,53.753,84.511,547
ES,2023-01-08,13736,1124.065885264996,370.82294546678355,773.0,382.8,1264.8,1277,1184,71.35791385135134,9.678896643439012,61.224999999999994,51.57,74.765,576
ES,2023-01-09,11959,1124.3591437411153,356.26122083180513,906.5,483.0,1417.5,1254,1054,70.49292220113848,20.897220471572286,73.12,49.386,84.009,521
ES,2023-01-10,11292,1115.434998228834,356.4280555275922,1107.5,499.0,1493.0,1249,989,71.36345803842265,10.20891353453224,68.12,57.694,83.63799999999999,529
ES,2023-01-11,10547,1115.5626244429695,337.34404459258815,1107.0,508.2,1497.2,1253,951,70.61772870662462,12.970082223674947,76.71,57.414,86.56400000000001,514
ES,2023-01-12,10897,1129.151876663302,350.564261904513,1108.0,451.0,1294.6,1286,1052,71.74682509505702,7.776029100474646,67.64,62.61,80.488,546
ES,2023-01-13,10562,1123.5053020261307,359.67603656813986,1170.0,417.0,1384.6000000000001,1223,987,70.18451874366765,11.615896464185047,70.59,48.166000000000004,72.3,513
ES,2023-01-14,12065,1113.695399917116,401.65653065215724,1124.0,408.8,1503.0,1258,1097,70.25430264357338,11.983764718849192,69.095,54.479,82.38000000000001,573
ES,2023-01-15,12242,1114.5757229210917,358.7266257991958,1208.0,415.8,1513.2,1269,1095,71.00750684931505,8.960523056021897,67.78999999999999,59.24,76.745,556
ES,2023-01-16,12319,1118.5291825635193,281.8977068875118,1178.0,760.2,1424.8999999999994,1290,1131,70.71979664014151,12.270264037727777,73.46,60.43,89.24,555
ES,2023-01-17,12251,1096.602318178109,342.64190912729686,1131.0,424.0,1407.0,1326,1167,71.62007712082261,11.52077423131314,72.50999999999999,57.99,84.029,573
ES,2023-01-18,11550,1122.5592207792208,398.7973457975845,799.0,422.3,1345.4000000000021,1308,1203,71.92372402327514,13.638064621183252,67.08,52.68,77.51,556
ES,2023-01-19,10840,1108.0940036900377,366.26254099087106,819.0,400.1,1227.2,1295,963,71.61679127725859,11.521387367149208,70.42,54.458,80.054,495
ES,2023-01-20,11281,1112.1814555447208,355.58669010335706,986.0,486.0,1288.0,1261,1029,71.03980563654031,10.091333190196206,70.91499999999999,54.995000000000005,77.524,514
ES,2023-01-21,11028,1120.3730504171203,268.9592913435042,1166.0,880.3,1433.2,1226,965,70.3744974093264,10.224181512634926,71.71,56.9,78.98,503
ES,2023-01-22,12238,1116.811570518059,300.8717128235997,933.5,443.0,1226.5,1303,1059,70.35219074598679,14.954773433171763,67.985,50.894999999999996,91.75999999999999,557
ES,2023-01-23,12515,1103.4009588493811,331.3909499651029,912.0,540.4,1302.4,1341,1120,70.52874107142854,9.999221184950136,73.88499999999999,60.061,79.997,551
ES,2023-01-24,11280,1114.3550531914898,367.3326320782455,737.0,414.8,1358.1999999999985,1278,795,70.37562264150942,11.016814350686863,55.725,43.06,70.506,447
ES,2023-01-25,11108,1092.5807526107305,392.9973681376061,567.0,367.0,1185.0,1291,1023,70.13633431085044,16.901064074900884,68.19,47.08,85.864,541
ES,2023-01-26,11962,1117.0568466811562,410.8770739850143,956.0,400.3,1446.0,1308,1084,71.77329335793355,8.684229640241236,71.16,57.891999999999996,77.89200000000001,522
ES,2023-01-27,11379,1121.0409526320425,372.43308896291944,797.0,455.4,1389.0,1294,1011,70.518803165183,12.071891594388456,71.175,56.198,81.769,532
ES,2023-01-28,12189,1129.1782754942972,310.6118957669534,988.0,486.2,1332.8,1246,1034,71.03962282398453,10.042691916886627,63.05,52.087,74.98700000000001,549
ES,2023-01-29,13211,1116.5019302096737,395.4837514259829,993.0,373.0,1470.799999999999,1287,1170,69.84994017094022,8.225594541159658,68.995,63.753,81.048,587
ES,2023-01-30,12759,1124.5541186613366,383.3496251626601,1011.0,498.2,1539.8,1335,1012,70.55067193675889,12.184243924019249,70.435,59.611000000000004,84.83999999999999,521
ES,2023-01-31,11753,1104.4061941631921,343.2520290083969,576.5,401.0,1202.0,1324,983,70.83606307222792,7.7035312519649075,69.63,63.65,77.227,535
ES,2023-02-01,11471,1103.6688170168259,433.09358570059663,850.0,450.9,1538.8,1324,1105,70.27731221719456,16.780319904420015,78.78,44.43600000000001,85.882,593
ES,2023-02-02,11603,1108.7591140222353,375.8385268032281,534.0,459.0,1331.0,1299,1054,70.39153700189753,12.367445378505272,66.67,51.84,78.552,546
ES,2023-02-03,10509,1115.5951089542314,374.80219025264756,552.5,506.0,1385.0,1280,928,70.4685129310345,10.33780556984895,71.71,52.55,73.99,523
ES,2023-02-04,11434,1092.0576351233155,303.35347575771516,612.0,547.5,1283.5,1227,915,69.99187978142078,11.409231246621697,68.55000000000001,51.559,73.208,484
ES,2023-02-05,13097,1091.2247843017483,356.82211373523376,553.0,516.2,1217.8000000000002,1345,1221,70.84368550368549,11.374447382375896,72.57,59.08,86.912,582
ES,2023-02-06,13046,1104.5521999080179,383.5044994010986,915.0,501.6,1377.0,1308,1160,70.29114655172411,13.39358958999652,73.33,51.912,84.918,559
ES,2023-02-07,13107,1127.2024872205695,347.91936919484306,991.5,602.9,1504.1,1355,1127,69.79411712511089,14.917944716220562,62.84,45.708,80.57600000000001,580
ES,2023-02-08,12890,1113.082079131109,385.87068255065066,1046.0,643.7,1642.0,1362,1086,69.67109576427254,12.511842279305723,71.455,63.946,90.36800000000001,595
ES,2023-02-09,12452,1100.0801477674263,401.1101049442944,761.0,593.0,1636.4,1360,1046,68.9420745697897,9.24670448051629,63.435,53.266999999999996,71.07900000000001,573
ES,2023-02-10,12536,1136.274968091894,336.34025444257196,1241.5,922.0,1675.3,1366,1078,70.37456400742113,9.445634241395451,70.54,59.400000000000006,83.014,565
ES,2023-02-11,12817,1103.2371849886867,290.8661342004108,1134.0,854.3,1652.0,1308,1034,68.85580270793035,12.403064980816934,73.30000000000001,51.04,84.20400000000001,570
ES,2023-02-12,13893,1126.213704743396,344.33169923583404,1140.0,619.0,1681.0,1355,1268,70.43801261829655,10.372371585500218,74.0,62.902,85.054,617
ES,2023-02-13,13847,1105.7882573842714,360.67051098687875,1274.0,850.6,1708.0,1422,1211,70.5534929810074,10.154406240148429,72.31,61.815999999999995,84.996,631
ES,2023-02-14,13018,1104.382931325857,411.4385426232233,1143.0,584.0,1711.0,1401,1209,70.24775847808104,8.548794125005907,75.2,63.26,83.14,599
ES,2023-02-15,12447,1091.4834096569446,364.3852810378636,972.5,666.0,1731.0,1405,1182,70.0860321489002,10.659904807754943,70.54,57.882,84.44,624
ES,2023-02-16,12263,1088.928484057735,340.34004922669,1129.5,602.1,1706.9,1400,1134,69.82610229276897,11.58569915887686,71.47,63.937,85.398,597
ES,2023-02-17,12713,1116.0525446393453,401.1780207063583,1208.0,595.8,1701.2,1371,1205,70.58730290456432,12.502489189657394,72.15,50.8,80.07,615
ES,2023-02-18,12613,1114.823198287482,300.4073705979214,1137.0,881.7,1656.4,1333,1110,69.762963963964,12.429336132481689,71.5,59.58,76.89,591
ES,2023-02-19,13983,1116.859400700851,333.1228006269998,1105.0,460.0,1329.0,1355,1230,70.61852845528456,12.40442796488797,68.6,52.690000000000005,82.308,603
ES,2023-02-20,13411,1102.5850421295954,339.8656024258367,1087.0,597.8,1636.6,1440,1218,69.29147783251233,9.71263424617647,63.42,55.053,76.331,632
ES,2023-02-21,13090,1102.9331550802144,356.92938135462094,952.0,586.0,1624.0,1417,1106,70.05518987341773,12.298674792549503,71.88,57.7,86.63,599
ES,2023-02-22,12595,1104.2369194124662,311.90191633112835,1126.0,642.0,1572.4,1431,1076,69.22551115241633,11.42283722216515,73.025,60.132,81.206,613
ES,2023-02-23,13263,1122.2795747568425,339.3377609274528,1017.0,545.5,1418.9,1448,1172,70.27176621160407,13.487487271129817,69.05,47.362,79.72999999999999,607
ES,2023-02-24,12357,1109.4897628874323,299.111565739024,1092.0,545.5,1361.0,1393,1097,69.94597994530537,15.526282203195152,66.7,60.292,86.096,597
ES,2023-02-25,11844,1117.7149611617706,240.77023701995049,1100.0,547.0,1263.0,1281,1106,70.31582278481015,12.901001549190754,73.13499999999999,57.342,87.492,552
ES,2023-02-26,13828,1100.0389065663865,357.4704475977783,947.5,528.0,1367.5000000000002,1386,1154,69.432287694974,9.018341163059496,77.85,63.354000000000006,83.19000000000001,631
ES,2023-02-27,13864,1114.3090738603576,371.52234782074333,911.5,572.0,1610.5,1425,1202,70.10691347753743,14.969359724302024,69.33,48.994,88.95,638
ES,2023-02-28,13213,1091.3516234011965,353.4538919885732,1190.0,770.6000000000004,1678.6,1391,1177,69.98120645709432,13.419946240531868,74.215,56.14,87.66,645
ES,2023-03-01,12038,1080.3102674862917,378.24282497401737,948.0,638.0,1670.0,1381,1191,70.4467170445004,13.331635098057369,72.505,55.09,88.45800000000001,604
ES,2023-03-02,12530,1100.2807661612128,296.7300457227108,923.0,616.6,1349.5,1420,1145,69.60352838427949,11.581200400696313,65.95,48.18,81.35,615
ES,2023-03-03,11737,1109.1374286444573,386.7557093730342,897.5,580.0,1694.0,1363,974,69.99903490759749,10.09144561280558,73.28,59.788,85.272,543
ES,2023-03-04,11933,1120.126037040141,385.546052928274,1152.5,615.2,1702.8,1292,995,70.0946733668342,7.873547278422994,73.44,66.568,79.43,534
ES,2023-03-05,13506,1126.4015992892048,344.097554434953,1011.0,619.0,1648.0,1369,1178,69.76765704584044,8.969018898408008,70.555,61.444,84.966,633
ES,2023-03-06,13163,1105.7319759933146,371.8912293211631,992.5,644.8,1716.0,1417,1195,70.44171548117154,13.885070744117977,69.97,46.32,82.27,620
ES,2023-03-07,12849,1100.142890497315,404.6810406690865,1017.0,472.0,1672.0,1444,1149,70.05924281984336,12.127503813646072,66.645,49.663,80.111,626
ES,2023-03-08,13269,1093.1732609842495,434.3755638838417,1030.5,425.0,1652.9,1449,1184,70.3773141891892,11.952430738178917,68.5,54.692,81.64800000000001,633
ES,2023-03-09,13249,1130.3533096837498,438.96233263252185,1153.0,604.2,1746.0,1444,1150,70.72988695652171,9.771808804997598,71.98,59.057,83.872,601
ES,2023-03-10,12596,1095.4323594791997,418.79914753375516,1116.0,568.8,1779.0,1424,1101,70.196148955495,10.401979078521547,72.825,55.798,82.087,572
ES,2023-03-11,12402,1106.4543621996452,465.4734531484828,1120.0,538.6,1836.8,1303,1028,70.6159338521401,11.396394419288935,74.26,59.166,83.784,551
ES,2023-03-12,13789,1107.549350931902,371.9376599265445,1048.5,503.0,1552.9,1385,1160,69.05886206896548,8.775655473757094,70.13,56.608000000000004,80.79,616
ES,2023-03-13,14557,1112.5892697671218,395.45314415312447,1063.0,569.0,1707.0,1453,1236,69.86936893203882,15.573388490169503,69.9,45.886,76.434,660
ES,2023-03-14,13785,1101.223286180631,383.2702992704778,1042.0,485.4,1632.6,1470,1234,70.20958670988654,11.734551313022516,72.51,55.638,84.21000000000001,677
ES,2023-03-15,12990,1107.8836797536562,423.07876295483914,1227.0,477.9,1640.0,1426,1118,70.8129427549195,11.914855475413875,72.57,56.019000000000005,84.01,623
ES,2023-03-16,12564,1120.363260108246,372.4670680904548,1181.0,493.6,1658.0,1413,1068,70.74473782771533,12.501820827383506,67.865,60.928999999999995,86.608,595
ES,2023-03-17,11273,1106.086046305331,382.4922052855254,1055.0,497.8,1650.2,1359,1022,70.32495107632091,9.523193114737921,67.0,59.779999999999994,80.44,558
ES,2023-03-18,12349,1134.483925823953,311.5752106999746,1048.0,540.0,1404.0,1322,1043,70.09683604985618,14.629497320028964,69.37,56.635999999999996,83.19200000000001,582
ES,2023-03-19,12145,1132.788801976121,324.20014865648795,920.0,485.0,1222.0,1337,1137,70.21080914687776,16.382725726271016,70.61,44.57,81.394,600
ES,2023-03-20,13063,1106.0418739952545,451.4360488278177,1084.5,454.2,1618.0,1410,685,69.70617518248179,5.2913774199162935,71.28,65.719,76.113,422
ES,2023-03-21,13463,1114.5757260640273,468.92341797060266,1230.5,524.7,1690.3,1435,1066,69.71969981238271,14.004855193824747,67.94,57.765,84.394,605
ES,2023-03-22,13214,1131.6443923111854,402.1807626946455,901.5,525.4,1487.3,1435,1177,69.56595581988103,8.800832779784452,72.22,61.658,82.474,655
ES,2023-03-23,13474,1110.1997179753605,340.9893767768938,1027.0,512.6,1487.6,1426,1074,68.9222160148976,13.345002997376957,66.63,47.681,77.56099999999999,599
ES,2023-03-24,13467,1114.6907997326805,421.309084104163,1015.5,503.0,1662.7,1396,1110,70.16636936936935,8.070608031616947,70.095,63.091,85.914,589
ES,2023-03-25,12596,1122.4662591298825,403.24265535669844,1048.0,429.7,1612.3,1347,1079,70.06300278035216,11.254862713239888,66.53,53.053,83.311,576
ES,2023-03-26,13704,1115.7830560420318,372.75251232659883,1022.0,428.0,1471.0,1377,1247,70.28338412189254,11.245698237689712,70.89,53.913999999999994,84.77199999999999,601
ES,2023-03-27,13564,1115.9083603656745,325.4369766355009,965.0,481.0,1356.8,1429,1242,70.98771336553939,12.726123958220743,70.925,55.465,84.30600000000001,625
ES,2023-03-28,13239,1105.8206057859356,437.173512045652,1134.0,410.0,1678.0,1432,1136,70.15110035211266,10.246895995911173,70.525,59.878,82.404,617
ES,2023-03-29,13052,1131.847073245479,389.2237322312311,1178.0,511.0,1682.6,1423,1285,70.53564980544749,7.643058909219262,74.07499999999999,65.809,84.491,642
ES,2023-03-30,13058,1140.4585694593347,423.72398919129535,1140.0,496.0,1700.4,1422,1126,71.5424777975133,11.824704742599582,71.87,56.18,82.85400000000001,608
ES,2023-03-31,12553,1119.1977216601601,453.5356003456572,1112.5,382.0,1581.4,1376,1146,70.25602094240838,14.420260895890737,64.125,43.365,80.914,552
ES,2023-04-01,12622,1123.7506734273484,393.4562669612837,1082.5,429.0,1470.2,1333,1191,70.40728799328296,13.38271318191401,66.63999999999999,43.475,75.38499999999999,571
ES,2023-04-02,13498,1113.285968291598,339.48662383959027,1051.0,476.5,1620.0,1359,1235,70.27424291497977,14.757407665024893,74.26,49.67,84.27,613
ES,2023-04-03,13291,1132.0682416672935,339.7057963595106,1083.0,420.6,1396.4,1372,1190,70.39975630252101,11.93942241646927,73.845,61.719,89.55799999999999,596
ES,2023-04-04,12706,1117.478592790807,286.06022110914006,1060.0,524.4,1251.6,1394,1196,69.90915551839466,9.007704658228786,68.095,59.443000000000005,80.394,620
ES,2023-04-05,12141,1119.1084754138872,283.2688706555717,1003.0,514.7,1176.3,1363,1071,69.98781512605038,12.522434383173522,68.14,52.262,79.614,616
ES,2023-04-06,11904,1146.6496135752689,307.1714977878879,1036.0,521.2,1317.7000000000005,1310,1079,69.86393883225209,13.39015817681031,67.15,50.002,83.228,541
ES,2023-04-07,12613,1143.3531277253624,241.34086290235805,1002.0,887.0,1394.6000000000006,1303,1137,70.49872471416006,10.29608382940923,66.85,56.904,81.828,579
ES,2023-04-08,13431,1130.690194326558,301.18331952807426,1174.0,642.2,1441.0,1324,1112,70.1816726618705,10.104903335934068,70.505,58.058,83.66900000000001,600
ES,2023-04-09,13187,1111.2683703647533,341.51197883243645,1038.0,413.1,1458.9,1323,1126,70.08218472468914,8.284247722670932,74.63,62.3,82.71,583
ES,2023-04-10,13979,1136.5023964518207,425.5802036865518,1177.5,470.40000000000003,1715.0,1429,1184,70.15456925675676,10.707271322405052,66.58,54.954,76.94800000000001,642
ES,2023-04-11,13573,1133.193251307743,437.38271908470455,908.5,435.0,1706.5,1482,1376,71.05079941860465,11.516955241064862,66.33500000000001,51.697,76.766,676
ES,2023-04-12,12944,1145.0543108776271,422.43478232525456,951.0,414.0,1541.0,1433,1192,69.82268456375837,9.565478375032264,66.965,55.177,77.747,632
ES,2023-04-13,12821,1101.9269167771631,389.66591791543243,994.5,490.0,1751.0,1416,1216,69.92170230263162,15.535689623283734,72.99,56.204,83.46600000000001,632
ES,2023-04-14,13072,1126.2897796817617,452.5388130524664,1354.0,489.0,1757.2,1413,1200,70.71922500000002,13.26648659844296,59.879999999999995,47.815,79.41499999999999,607
ES,2023-04-15,12846,1118.861746847269,303.3357473874167,1127.0,496.2,1327.0,1379,1182,70.7324027072758,9.506856151688048,70.525,61.084,77.499,598
ES,2023-04-16,13675,1121.6065813528332,510.1303805737357,1017.0,285.8,1618.3999999999999,1390,1299,70.50385681293304,9.845466463126224,67.52,56.016000000000005,81.032,623
ES,2023-04-17,14184,1109.8159898477159,445.33929933693514,1083.5,524.1,1740.0,1453,1432,70.27351256983242,12.723737464350966,67.27,54.441,78.797,670
ES,2023-04-18,12289,1102.841158759866,461.76377428957574,910.0,365.2,1762.8,1454,1209,69.74623655913976,13.005888341653387,67.91,49.742000000000004,84.374,645
ES,2023-04-19,12991,1132.2661073050574,423.3104956292076,1071.0,541.8000000000001,1751.0,1463,1161,70.0854005167959,10.98481115561699,67.6,51.644,82.27,649
ES,2023-04-20,12634,1110.806553743865,361.60214207631185,1302.0,735.0,1745.0,1473,1254,70.39287081339714,10.815250015089292,67.55,57.178000000000004,85.502,652
ES,2023-04-21,12967,1107.9798719827252,442.365513930668,1155.0,409.0,1728.0,1420,1201,69.45041631973356,8.241916249942994,64.23,54.914,77.611,621
ES,2023-04-22,12692,1109.769618657422,358.9240184482872,1109.0,417.8,1506.4,1373,1186,70.07569983136592,11.387980993622666,67.6,47.076,73.154,627
ES,2023-04-23,13916,1116.034995688416,334.0419973006138,1104.5,685.2000000000002,1631.3,1403,1289,70.66892940263769,8.637166869443488,69.445,59.175,80.938,623
ES,2023-04-24,13474,1108.619712037998,303.50314452850455,1236.0,939.2,1693.6,1418,1295,70.52775289575287,12.825336542931199,67.21,48.792,79.09,664
ES,2023-04-25,13689,1117.7379647892462,373.9084104734785,1088.0,450.0,1716.0,1475,1365,70.2712454212454,14.07777775974932,75.115,49.252,81.63000000000001,656
ES,2023-04-26,13200,1095.380151515152,429.4134327898122,1110.0,396.7,1715.1,1439,1243,70.27989541432018,10.557962398114514,66.41,50.723,78.228,620
ES,2023-04-27,13492,1127.0168247850568,400.42930433521144,1001.0,377.5,1715.5,1469,1316,69.94085866261402,13.367153126188159,69.52,51.502,80.75,690
ES,2023-04-28,12781,1124.104217197402,277.74922860709574,992.0,882.8000000000001,1503.6,1434,1241,70.77083803384365,11.41505577899206,73.97999999999999,53.885,83.92500000000001,591
ES,2023-04-29,12948,1124.9555915971582,140.4682123499945,1000.0,923.0,1175.5,1348,1228,70.15105863192184,13.33822504017016,74.60499999999999,57.742,85.592,604
ES,2023-04-30,12726,1123.3790664780768,200.82944074682948,1149.0,917.6,1396.0,1309,1369,71.12764061358654,10.737999402721139,73.44,58.597,86.35,593
ES,2023-05-01,15156,1105.9336236474003,330.1929333710071,999.0,431.0,1305.8000000000002,1460,1643,70.56413877054172,10.385846751709751,65.765,57.216,81.869,728
ES,2023-05-02,13973,1131.304873684964,302.28919169019264,1033.0,458.0,1333.6,1439,1408,70.37587357954546,7.983224599120331,66.41,56.395,75.411,688
ES,2023-05-03,13537,1108.9103198640755,219.96865383536218,1106.0,888.4,1399.4,1422,1251,70.24383693045566,9.565222887569787,70.99,62.704,81.154,626
ES,2023-05-04,13907,1127.9241389228453,313.8711425080183,1072.0,427.0,1252.0,1468,1316,69.78559270516718,8.07297459119004,73.39,58.235,79.315,660
ES,2023-05-05,12768,1129.0712719298251,342.18729502551156,1097.0,388.0,1395.2,1452,1132,69.9453003533569,13.912688941403344,67.62,50.077000000000005,80.266,630
ES,2023-05-06,13497,1111.780914277246,278.1260422885753,1105.5,808.3000000000001,1464.2,1401,1281,70.3347931303669,13.224807162669551,62.72,43.717,78.73,648
ES,2023-05-07,13937,1121.8429360694547,379.5582645038617,1015.5,369.5,1347.5,1430,1319,70.67586050037909,10.631984301087519,73.16499999999999,57.300000000000004,83.837,677
ES,2023-05-08,14209,1100.9643887676818,281.1397305370365,1107.0,549.4,1320.0,1481,1338,70.19168161434978,15.004093029533275,70.85499999999999,45.775,78.22200000000001,699
ES,2023-05-09,13375,1095.9792149532707,351.5931768878997,1067.0,390.0,1321.0,1463,1378,70.81024673439768,10.902857566444993,65.29,53.662,79.53,668
ES,2023-05-10,13352,1109.51355602157,302.52398203746543,1081.5,524.6,1407.1000000000001,1469,1385,71.54226714801446,11.63248910457973,67.0,55.298,80.18,663
ES,2023-05-11,14213,1123.6961936255545,257.9840899469008,1025.0,818.0,1382.0,1490,1424,70.67483146067416,14.90508820630961,69.52,40.994,80.09,672
ES,2023-05-12,13435,1102.648381094156,300.2911587121472,955.0,406.0,1331.0,1472,1144,70.2601835664336,16.299067580693077,62.275000000000006,45.83,67.35199999999999,579
ES,2023-05-13,12994,1106.4038787132527,331.3491389166755,1072.0,879.5,1599.7,1380,1150,70.99040869565212,11.52158985942864,70.08,60.35,90.656,583
ES,2023-05-14,13628,1105.1384649251536,353.00148045139804,1073.0,436.8,1596.2,1429,1240,70.07152419354838,13.666433126011887,72.85499999999999,53.312,84.085,654
ES,2023-05-15,14614,1106.6460927877379,340.03694167796857,1108.0,558.0,1563.0,1484,1364,70.7541275659824,13.401282987620466,69.58,51.386,90.179,682
ES,2023-05-16,14561,1123.0585124648037,338.3428674479778,952.0,413.4,1307.0,1475,1348,70.60525222551931,13.962436865027412,74.57,54.868,88.533,688
ES,2023-05-17,14215,1107.9026380583887,291.38972198609497,1058.0,542.8000000000001,1304.0,1516,1349,71.18997034840626,12.809932588776341,69.705,48.42,82.96000000000001,681
ES,2023-05-18,13884,1120.540046096226,285.7825489327208,1088.0,640.2,1427.4000000000012,1512,1310,70.79732061068707,13.602596646860851,70.875,53.223,87.747,675
ES,2023-05-19,13986,1108.5662805662798,284.99668886106605,1138.0,656.6,1532.0,1489,1237,70.37171382376724,10.77104008433122,69.73,60.354,84.79,656
ES,2023-05-20,12707,1102.7886204454246,232.96741076926227,1125.0,987.1,1303.3,1368,1127,70.98813664596271,10.923113482873015,71.16,54.092,80.167,589
ES,2023-05-21,13955,1120.0315299175916,294.24865990439355,1129.0,447.8,1259.0,1430,1275,71.32209411764704,11.99900094188286,73.29,56.594,83.118,625
ES,2023-05-22,14736,1111.1413545059727,221.37376560828042,1147.0,941.4,1281.2,1457,1285,70.67694163424122,11.485736078478505,73.61000000000001,53.201,83.34800000000001,675
ES,2023-05-23,14422,1121.0028428789346,250.03407878297074,1109.0,912.2,1303.8,1518,1345,71.32524907063201,8.68874273641015,73.44,58.762,82.948,702
ES,2023-05-24,13420,1105.7862891207149,281.8734160454456,1185.5,665.3000000000009,1311.0,1486,1311,71.64807017543863,11.871195072000965,71.0,53.858000000000004,82.8,657
ES,2023-05-25,14231,1121.7767549715413,325.20193428188304,1202.0,450.8,1362.6,1515,1299,70.62222478829868,8.964840148284715,69.215,58.262,77.172,673
ES,2023-05-26,14185,1125.645964046528,269.84631916768205,1171.0,806.0,1338.6,1440,1254,71.0998883572568,11.92385772736714,68.94,52.897999999999996,79.64500000000001,632
ES,2023-05-27,13592,1110.289582107123,377.13491007782386,1076.0,457.0,1371.1,1412,1191,71.22188077246015,13.69861781555755,73.15,52.614000000000004,82.72399999999999,615
ES,2023-05-28,13581,1136.8939695162358,178.77202842063582,1203.0,911.8,1342.2,1435,1091,71.44840513290559,14.065158090381992,70.35,47.889,83.37,623
ES,2023-05-29,14167,1104.5081527493464,316.6801800452692,1065.0,470.7,1374.0,1500,1294,70.78040958268932,11.213270462586737,69.24000000000001,56.868,80.82600000000001,636
ES,2023-05-30,14101,1109.0222679242604,358.5110836462636,1166.0,449.8,1627.0,1496,1246,70.86488764044944,12.130062330245197,71.33,54.63,86.41,657
ES,2023-05-31,13587,1113.5734157650697,360.17490008411426,1149.0,428.0,1640.0,1438,1234,71.45316855753644,10.408203571006158,72.785,57.738,83.217,648
ES,2023-06-01,14120,1122.3720254957502,252.4273680098747,1171.0,902.8,1465.8,1492,1334,70.57964767616188,8.47020091857968,71.25,57.416000000000004,79.47800000000001,663
ES,2023-06-02,14144,1128.1187075791859,309.28472968393373,1164.0,802.8,1617.6,1459,1330,71.00608270676693,9.917939285631336,69.21,57.934,83.08800000000001,646
ES,2023-06-03,13347,1114.678579456058,257.29833642492224,1112.0,820.5,1595.5,1398,1302,71.33224270353298,9.706138430130288,73.0,58.715,81.045,637
ES,2023-06-04,14139,1106.3963505198392,354.78999134754525,1070.0,396.0,1238.0,1374,1372,70.89188775510203,14.634334764281414,68.1,53.681000000000004,86.725,637
ES,2023-06-05,14617,1110.5759731819112,261.3931407703762,1208.0,896.6,1608.8,1460,1401,71.36434689507489,10.031921930404389,72.22,58.24,82.142,673
ES,2023-06-06,14505,1132.602137194071,290.21222754585716,1119.0,814.2,1392.8,1470,1388,71.11935158501436,13.066139421606216,70.53,56.23,86.38,685
ES,2023-06-07,14283,1125.5047258979207,207.16308815816896,1193.0,868.0,1390.9,1502,1461,71.23679671457907,11.658912493339324,76.945,60.378,88.289,704
ES,2023-06-08,13775,1119.0735390199643,241.39208611041724,1218.0,845.2,1455.0,1460,1310,69.95041984732826,10.832714703157285,71.4,56.17,82.964,658
ES,2023-06-09,13384,1128.4039898386127,333.0610636417265,1209.5,676.8,1654.7,1445,1215,70.3192016460905,11.2087660131341,72.765,55.845,86.49300000000001,644
ES,2023-06-10,12665,1125.6763521515993,204.7893350086294,1154.5,964.7,1354.9000000000008,1348,1211,69.89516102394721,10.179752801018488,69.13,57.536,83.87,607
ES,2023-06-11,14417,1143.9905666921002,264.7401399782817,1141.0,737.2,1619.7,1440,1321,70.38295230885696,8.65083942458765,72.97,64.52,79.10300000000001,661
ES,2023-06-12,13888,1111.7229982718884,314.35191033785344,1161.0,692.0,1442.9999999999995,1503,1399,69.93684060042888,9.085442720169866,70.01,61.318,82.664,698
ES,2023-06-13,13968,1137.680913516609,202.89883691292172,1174.0,878.5,1397.0,1504,1397,70.66806728704364,12.065894045660013,72.10499999999999,55.043,81.182,684
ES,2023-06-14,13539,1130.623975182804,235.35292295095314,1171.0,877.0,1406.0,1434,1490,70.00138255033559,12.51987957432321,66.78,54.382000000000005,79.063,692
ES,2023-06-15,12688,1123.0611601513235,251.2928802102941,1214.0,886.6,1576.4,1417,1328,71.04785391566261,8.811824525309373,69.41,60.619,83.57300000000001,628
ES,2023-06-16,12591,1130.2967993010884,316.7430878660905,1185.0,880.0,1421.0,1421,1323,70.48033257747542,14.765838082829498,69.39,50.714,92.058,629
ES,2023-06-17,12310,1121.2093419983755,355.4563771976644,1196.5,641.0,1746.0,1359,1335,70.65777528089887,8.920058755380818,74.73,61.088,81.53200000000001,632
ES,2023-06-18,12905,1132.1722588144132,136.11969024496926,1114.0,941.6,1233.0,1378,1363,69.95994130594276,11.733315426983584,74.055,58.987,90.435,653
ES,2023-06-19,14475,1135.0665975820386,249.83841052030374,1191.5,930.7,1533.0,1490,1447,70.18123704215617,12.661287066097678,74.52,60.022,89.58800000000001,670
ES,2023-06-20,13718,1120.1312144627493,273.6203944326677,1157.0,884.0,1593.6000000000001,1454,1383,70.49810556760667,11.833033109154993,72.44,46.69,82.29,656
ES,2023-06-21,13617,1107.158698685467,198.66927674159123,1189.0,959.2,1384.0,1452,1278,70.2081768388106,12.568714770103673,66.965,54.18,85.26,673
ES,2023-06-22,13685,1143.051370113263,228.5114983437014,1207.5,858.8,1394.4,1425,1331,71.55234410217881,12.138666522452565,73.85,61.22,87.96,652
ES,2023-06-23,12894,1121.9937180083764,274.6142519407666,1173.0,882.2,1405.8000000000002,1396,1207,70.36098591549298,9.279256292038353,70.03,58.518,83.27600000000001,638
ES,2023-06-24,12129,1148.587435072965,271.79897543712065,1214.0,953.2,1708.2,1337,1111,70.38604860486049,10.365485285653568,72.55,57.636,76.374,586
ES,2023-06-25,13535,1119.2901366826748,279.06552391291876,1135.0,864.0,1707.4000000000008,1401,1257,69.8986475735879,11.961951682212783,73.73,57.426,89.88800000000002,628
ES,2023-06-26,13263,1142.2903566312295,255.12647652672842,1193.0,910.8000000000001,1687.4,1413,1214,70.72905271828667,8.997900026611147,74.74000000000001,65.57100000000001,83.47500000000001,613
ES,2023-06-27,12758,1131.421774572817,431.38758943024044,1223.0,722.0,1752.0,1438,1125,70.4353511111111,12.738068550522296,74.6,53.126,86.58400000000002,604
ES,2023-06-28,12569,1127.4713183228575,217.37083541639564,1180.0,869.2,1373.6,1408,1268,70.91892744479492,12.052999037064614,69.92,56.641999999999996,82.574,596
ES,2023-06-29,13181,1157.0010621348918,307.2210413601497,1203.0,893.8,1768.0,1430,1277,70.73871574001566,12.761714687801682,74.89,60.378,87.042,646
ES,2023-06-30,12524,1151.7190194825928,351.10279530202826,1192.5,623.4000000000001,1413.0,1420,1266,70.64279620853081,9.94859180545491,69.22,60.816,84.434,633
ES,2023-07-01,12037,1118.5013707734486,340.029267924803,1111.5,803.1,1762.5,1314,1168,69.97708047945201,10.736421273671922,69.995,56.383,83.655,580
ES,2023-07-02,12556,1110.4893278114052,345.3230768070977,1119.0,441.2,1361.0,1329,1216,70.18180098684212,11.96661154290745,75.12,57.292,88.642,593
ES,2023-07-03,13126,1116.830793844278,347.938808013543,1257.0,998.5,1799.0,1424,1217,70.60952341824157,8.732828555889302,70.22,57.24,83.61,606
ES,2023-07-04,12892,1143.7622556624258,326.086942980403,1230.5,795.5,1764.0,1371,1147,70.1177593722755,10.645508621413715,69.81,53.264,80.111,592
ES,2023-07-05,12208,1142.2728538663166,304.90351071495013,1239.0,784.8000000000001,1758.2,1411,1183,71.71216398985631,11.227265002550709,71.08,57.004,85.558,601
ES,2023-07-06,12428,1132.6495011264894,423.96480499959495,1218.0,703.2,1796.8,1368,1160,72.15758620689654,13.485593068462482,74.06,53.85,87.43,607
ES,2023-07-07,12348,1137.0678652413344,446.5448769913599,1230.0,434.2,1795.0,1355,1136,71.44497359154926,10.862365134193379,73.43,61.544000000000004,83.256,575
ES,2023-07-08,12053,1125.1856799137138,428.2836774517044,1162.0,583.0000000000001,1755.0,1283,1140,71.67585087719297,9.482945560831578,75.68,60.367999999999995,80.39,580
ES,2023-07-09,12542,1136.8319247328968,438.3117842046737,982.5,405.0,1757.0,1333,1179,71.16476675148432,11.096338735516925,67.38,56.236000000000004,78.183,578
ES,2023-07-10,12920,1158.4404024767803,379.6135189665738,1309.0,796.0,1768.0,1392,1248,70.88205128205121,12.13684126465378,71.99,58.58,84.11,633
ES,2023-07-11,12936,1123.3385899814482,365.2555237914826,1300.5,711.0,1690.6000000000001,1392,1251,71.39067146282973,11.085991865695126,76.415,64.081,87.72,608
ES,2023-07-12,12716,1127.5412865681033,325.5004748626375,1269.0,753.9,1654.0,1351,1151,71.1721198957429,7.615346559561306,72.38,66.359,80.359,589
ES,2023-07-13,12532,1121.4264283434406,326.69374717013665,1256.0,812.0,1657.0,1353,1101,71.41038147138964,12.21376712890926,72.24,62.344,87.82799999999999,551
ES,2023-07-14,11572,1122.0438990667124,268.89494269555956,1254.0,897.8,1742.9,1313,1104,70.5866757246377,10.90949249647353,72.895,58.482,88.051,579
ES,2023-07-15,11389,1134.8341382035292,331.08091003912506,1233.0,836.0,1721.0,1254,1146,71.61720767888308,9.408396937668105,71.36,60.238,80.994,545
ES,2023-07-16,11586,1098.2468496461242,272.85199346580714,1275.0,912.0,1603.0,1287,1001,71.38605394605395,11.737317775856141,71.195,58.400000000000006,84.215,545
ES,2023-07-17,13026,1130.6433287271616,234.78903558026124,1216.0,836.0,1323.0,1354,1181,70.9937933954276,12.097124166996332,70.92,58.106,83.176,602
ES,2023-07-18,12375,1140.6200404040405,250.00830368999243,1213.0,821.0,1593.6,1336,1140,71.11783333333335,10.12742932295052,72.11,57.998,83.792,573
ES,2023-07-19,12593,1128.710315254507,261.66897280786736,1231.5,727.0,1350.5,1338,1176,70.68530612244903,10.321854322002533,71.7,58.862,83.63199999999999,598
ES,2023-07-20,12440,1141.1881832797433,232.3581038118307,1224.0,743.1,1359.0,1356,1100,71.29651818181817,10.36699132298803,71.98,66.193,84.24000000000001,562
ES,2023-07-21,11471,1103.100078458722,276.971564382529,1233.0,889.0,1686.0,1325,1102,71.30019963702355,12.369614308113567,73.695,60.318,88.53699999999999,537
ES,2023-07-22,11881,1132.4938136520493,331.60008976188465,1230.0,484.5,1301.0,1277,1204,71.81110465116278,11.892006420666938,72.04499999999999,49.696,82.344,605
ES,2023-07-23,12289,1140.9632191390674,212.24574726315072,1236.0,1009.2,1300.9,1288,1331,71.84703981968447,9.810784881158847,74.18,59.948,86.644,575
ES,2023-07-24,12797,1128.781980151598,380.8905758446551,1237.0,743.0,1696.0,1354,1147,71.50824760244117,9.459015862270709,76.03,62.17,83.0,583
ES,2023-07-25,13300,1108.1530827067663,392.1019275924846,1238.0,725.4,1709.6,1382,1300,71.66946923076922,8.535610145880973,71.67,59.007999999999996,81.474,639
ES,2023-07-26,13029,1132.4328037454902,304.7536684145037,1215.0,769.0,1514.4,1374,1288,72.8127639751553,12.995615139570386,71.97,55.454,84.622,595
ES,2023-07-27,13010,1128.9514988470405,394.63372725862655,1256.0,740.0,1730.0,1360,1312,71.36697408536588,10.109556320630494,71.43,59.321999999999996,84.023,608
ES,2023-07-28,12637,1129.3774630054606,357.18785750784093,1142.0,676.0,1661.8,1321,1137,71.53262972735268,10.37486889065447,75.15,64.818,88.631,590
ES,2023-07-29,11696,1103.2401675786602,379.50278117949995,915.0,431.6,1311.4,1268,1129,71.62604960141715,9.746023926152963,71.28,55.512,83.626,546
ES,2023-07-30,12388,1104.3693897319984,274.9616710485116,1176.0,730.5,1318.9,1299,1192,71.405427852349,13.511230615676721,73.58,57.352000000000004,83.289,602
ES,2023-07-31,12157,1129.766060705767,328.88535847630425,1223.0,769.6,1683.4,1304,1230,71.31273170731707,10.353409529661661,73.66,58.912,83.744,600
ES,2023-08-01,12245,1106.308452429563,278.65493457127644,1180.5,815.1,1684.0,1313,1239,70.98163034705411,12.509499064180574,74.86500000000001,52.024,85.21600000000001,599
ES,2023-08-02,12447,1106.8432554029084,363.58547766791503,1160.0,716.8,1674.2,1316,1203,70.94180382377391,10.093086582161213,69.03,55.756,81.636,584
ES,2023-08-03,11701,1116.9261601572512,312.1170600203823,1199.5,744.1,1646.4,1323,1171,71.84723313407345,9.471850292270444,74.515,63.855999999999995,88.28399999999999,570
ES,2023-08-04,12170,1120.64404272802,357.8807948651804,1218.0,446.8,1623.6,1278,1121,71.39085637823374,8.812409617426221,73.63499999999999,67.446,85.153,551
ES,2023-08-05,11155,1113.536441057821,291.71195050762924,1264.0,800.3,1542.400000000002,1213,1093,70.85910338517837,11.997964642203092,69.98,56.867999999999995,82.896,537
ES,2023-08-06,12629,1143.5531712724678,435.1741613072342,1244.0,388.8,1551.000000000001,1282,1356,72.01248525073748,11.31595461322613,77.3,61.424,86.567,605
ES,2023-08-07,12383,1092.5461519825571,318.34103610529866,1154.5,788.6,1421.6,1341,1240,71.34160483870969,13.293746737971706,71.905,56.876,83.04,581
ES,2023-08-08,12951,1115.499729750598,375.14394708686257,1179.0,806.0,1779.0,1326,1281,70.92167056986727,12.747798267340912,71.35499999999999,53.731,86.971,607
ES,2023-08-09,12315,1118.4096630125862,252.44431023907796,1236.0,881.6,1404.6,1331,1247,72.12858059342419,11.952479047775974,71.48,57.6,83.498,558
ES,2023-08-10,12435,1105.949658222758,297.42931545270386,1215.0,772.0,1490.5,1324,1191,71.6179513014274,7.798520031482926,75.54,65.174,83.49600000000001,621
ES,2023-08-11,12650,1130.0076679841898,372.6091487158952,1209.0,585.0,1772.6,1314,1206,70.78033996683254,9.811747636010306,75.29,60.894,84.122,566
ES,2023-08-12,11957,1118.638538094839,361.4794633675099,1195.0,579.5,1573.5999999999992,1263,1126,71.65992007104795,11.960224848857981,75.58,60.004,89.502,531
ES,2023-08-13,11954,1129.45976242262,375.0813794347778,1142.0,410.2,1329.0,1268,1145,71.53654148471622,12.018058239166592,68.7,54.448,85.87400000000001,555
ES,2023-08-14,11916,1099.4642497482384,319.0625919692295,965.0,410.0,1249.6,1302,1283,71.92682774746687,10.677064484211003,77.465,65.607,88.44699999999999,595
ES,2023-08-15,12775,1098.0678669275933,342.57900734886,1135.0,430.0,1279.4,1304,1382,71.39206222865414,13.546890977301192,73.37,58.95,84.99,591
ES,2023-08-16,12360,1097.5663430420711,313.7144935220893,1204.5,448.0,1324.0,1312,1369,71.49159240321401,11.359792153028154,75.27,59.812,86.70400000000001,614
ES,2023-08-17,12115,1097.5588113908375,273.3863772675527,1226.5,589.0,1386.7,1293,1348,71.458293768546,10.771044905652762,75.42,56.804,87.144,600
ES,2023-08-18,12703,1080.5090136188303,374.593535532509,1159.0,407.8,1301.6,1341,1400,71.95735714285716,11.845705991783985,76.84,53.575,89.17,657
ES,2023-08-19,12028,1121.0945294313271,386.5953458603766,1152.0,356.2,1276.9,1297,1212,71.72978547854787,9.713030119497171,70.16,57.912,79.56,586
ES,2023-08-20,12011,1117.4246940304722,400.48952916971604,1148.0,412.0,1312.6,1292,1235,71.85404858299596,10.10736136857271,70.78,60.002,85.944,605
ES,2023-08-21,13374,1093.847465231044,318.45272487406663,1179.0,524.0,1274.0,1354,1307,70.95947972456004,10.773740244554945,72.36,56.46,83.14399999999999,625
ES,2023-08-22,13741,1103.4646677825488,312.2213706580184,1124.5,513.0,1305.2,1396,1373,71.77693372177711,10.50865090056759,69.715,60.114,83.14200000000001,654
ES,2023-08-23,13163,1085.3437666185519,370.53871793415385,1153.0,359.0,1304.0,1348,1395,71.68230824372762,10.402156186740003,78.77,67.718,90.502,639
ES,2023-08-24,13450,1075.1966542750918,431.39940931428987,1212.0,350.5,1617.0,1365,1342,71.68131892697468,12.094249624494767,73.9,56.145,86.561,626
ES,2023-08-25,13579,1087.5530598718606,401.49208421563753,1184.0,392.6,1630.8,1360,1416,71.28411016949154,15.20855483575096,72.25,57.568,87.13600000000001,650
ES,2023-08-26,13203,1108.471256532606,355.1591945983222,1138.5,418.2,1306.2,1304,1389,71.372966162707,14.629361764364603,67.4,53.246,83.132,637
ES,2023-08-27,13339,1127.4909663393055,434.80731614638563,1296.5,606.8,1868.0,1362,1433,71.03104675505934,10.57658971040967,73.935,58.164,86.36,665
ES,2023-08-28,13098,1127.3295923041685,295.6781439697689,1253.0,926.3000000000001,1680.0,1392,1349,70.68037805782065,8.217149904378063,72.87,60.91,82.13,634
ES,2023-08-29,14031,1105.3781626398682,385.1864729098653,1217.0,545.2,1645.0,1398,1391,71.75573687994245,10.4261759440519,70.21,57.022,82.244,671
ES,2023-08-30,13715,1110.6077287641276,356.9863398360016,1247.0,574.0,1660.0,1397,1367,71.79556693489396,13.043430525023357,74.60499999999999,54.655,88.925,656
ES,2023-08-31,13353,1104.4970418632522,336.93446403253944,1217.0,621.2,1689.8,1385,1281,71.519781420765,10.00715740290736,72.65,58.584,84.24999999999999,640
ES,2023-09-01,12442,1103.8316187108182,333.9084064725587,1226.5,821.6,1679.2,1394,1240,71.03360483870968,11.25361057794342,73.0,61.694,82.994,624
ES,2023-09-02,12375,1115.0573737373743,301.05300443851445,1184.0,766.0,1491.2,1333,1272,71.158498427673,10.755766243791376,74.16,53.382,81.28399999999999,616
ES,2023-09-03,13797,1131.9998550409507,334.23611889334626,1222.0,590.0,1655.0,1431,1361,71.51706833210869,11.2421920559214,72.77000000000001,55.673,86.565,664
ES,2023-09-04,13755,1123.753834969102,353.4202148360727,1211.0,594.8,1633.0,1427,1280,72.1088203125,11.735095254838727,75.445,60.725,87.331,669
ES,2023-09-05,13563,1110.788616087886,321.33926211939473,905.5,571.0,1336.5,1419,1345,71.19323420074352,9.349232917393135,71.85,55.858000000000004,81.268,644
ES,2023-09-06,13999,1113.1752268019145,364.6598017082131,1011.0,442.6,1374.8000000000002,1473,1352,71.84454881656806,9.275462226993097,73.96,62.32,84.498,650
ES,2023-09-07,13372,1118.073960514508,339.5935730750638,875.0,469.0,1324.0,1468,1282,71.99790171606864,14.089851839975076,72.875,53.800000000000004,90.577,660
ES,2023-09-08,12419,1117.1834286174415,333.3556661880678,1089.0,548.0,1396.0,1403,1158,71.56220207253888,9.102803130156603,74.195,62.592000000000006,85.738,645
ES,2023-09-09,12799,1096.1064926947413,377.1079243854377,1151.5,490.5,1463.0,1351,1247,71.52538893344024,11.87034022537331,66.72,52.27,79.12299999999999,635
ES,2023-09-10,12929,1120.5821795962568,390.7608146289579,1018.0,398.4,1334.9,1425,1297,72.14497301464914,17.371074373477562,71.58,51.89,83.21,655
ES,2023-09-11,14485,1083.597376596479,381.27877857385647,1213.0,613.8,1645.4,1481,1313,71.33872048743333,10.986919082539744,65.14,53.726,80.16,708
ES,2023-09-12,13636,1080.4079642123788,309.1549755202109,1251.0,726.6,1659.6,1467,1264,72.34202531645572,13.867653606704904,75.38,58.358000000000004,87.709,675
ES,2023-09-13,13206,1109.5817810086328,369.29222546407203,1143.5,597.5,1652.0,1481,1238,71.1124959612278,12.58621302589994,76.395,54.495,87.605,678
ES,2023-09-14,13061,1097.86042416354,335.4140434633444,1123.0,745.0,1669.0,1460,1269,71.17644602048853,10.77745543598954,71.985,57.524,82.946,659
ES,2023-09-15,13506,1097.9634236635566,431.11763619766015,1215.0,433.0,1675.0,1454,1335,71.44428464419477,10.79003281997663,69.085,57.025,83.63,679
ES,2023-09-16,13577,1102.9729689916771,533.8551881769429,1244.0,372.90000000000003,1767.5,1364,1344,71.3857589285714,11.96823363567175,79.555,61.513,85.71300000000001,627
ES,2023-09-17,14222,1108.5999859372798,229.8825707308923,1086.0,755.0,1305.2,1410,1467,72.4339536468984,9.699049745837074,72.105,58.46,85.432,684
ES,2023-09-18,13935,1086.995335486186,369.95292820923345,1118.5,395.0,1511.6000000000001,1440,1283,71.90756819953234,11.150754163983956,80.045,60.85,88.931,661
ES,2023-09-19,13586,1082.6209333137053,383.582963672903,1121.5,410.5,1548.0,1508,1290,70.9658682170543,14.486602273825289,66.37,55.914,88.182,679
ES,2023-09-20,13061,1099.9664650486172,305.90798177341185,1169.0,811.0,1590.2,1460,1277,71.22523884103366,12.513962091289162,68.38,53.636,81.557,642
ES,2023-09-21,14007,1113.2902834297136,329.70409288658567,1112.5,801.0,1591.0,1504,1371,71.86607585703864,10.8573584095144,71.465,58.702,81.166,680
ES,2023-09-22,13056,1077.3466605392155,390.6505186625376,1058.0,386.0,1733.0,1457,1280,71.52247656249997,14.355769106542784,79.7,57.662000000000006,94.50000000000001,634
ES,2023-09-23,12158,1101.6779898009536,368.15651729985103,1030.0,312.8,1314.8,1346,1219,70.89293683347007,14.676534968116966,69.56,44.744,84.588,616
ES,2023-09-24,13778,1135.8110030483372,356.3488404277432,954.0,524.2,1366.8000000000002,1399,1363,71.60660308143801,10.054802197070922,67.78999999999999,58.488,82.078,630
ES,2023-09-25,13928,1074.973291211947,283.5291395123393,1156.0,802.2,1688.4,1493,1391,71.96074766355139,10.945215202993671,75.03999999999999,60.224000000000004,90.08200000000001,703
ES,2023-09-26,13666,1100.9144592419138,301.6466170358009,1164.0,813.0,1702.0,1480,1399,71.17604002859184,11.244089785395738,75.265,58.535,86.8,675
ES,2023-09-27,13479,1090.851546850657,258.0106595273009,1198.0,819.4,1613.8000000000002,1513,1295,70.9511042471043,12.044306669168945,75.28,61.13,84.59,674
ES,2023-09-28,13844,1120.3371857844547,250.53289148005808,1161.5,740.1,1293.3000000000002,1489,1314,71.04485540334855,10.940554461866741,74.32,57.13,87.13600000000001,679
ES,2023-09-29,12483,1108.7423696226865,302.71830242103755,1156.0,919.7,1735.2,1428,1106,71.46288426763114,10.63977755843869,72.285,61.088,88.32600000000001,626
ES,2023-09-30,12419,1100.6149448425792,299.19369978199774,1170.0,829.4000000000001,1752.0,1383,1223,71.87043336058875,9.358976565595828,72.21000000000001,61.974,83.369,621
ES,2023-10-01,14176,1135.189757336344,354.71044844672,1069.0,414.0,1303.5,1408,1321,71.88669947009842,13.55681086981743,75.03,56.74,88.242,664
ES,2023-10-02,14505,1122.2712168217856,237.0208101489027,1085.0,949.6,1480.4,1506,1284,71.35007009345794,12.91410748396644,74.08000000000001,58.508,90.73100000000001,676
ES,2023-10-03,13748,1108.239962176316,276.5087522597946,1138.0,850.0,1614.0,1512,1259,70.88449563145355,10.511714926398906,73.04,58.826,86.39600000000002,692
ES,2023-10-04,13393,1116.9566937952666,256.582910021956,1108.0,893.8,1395.8000000000002,1475,1219,70.9798277276456,12.332561036880987,74.71,51.876000000000005,83.58200000000001,651
ES,2023-10-05,12958,1106.2204815557955,320.2521327711067,1136.0,632.2,1578.0,1515,1280,71.38827343750003,13.08369180606306,72.84,57.477999999999994,88.02900000000001,659
ES,2023-10-06,13655,1106.4086415232516,257.94491123444647,1043.0,926.1,1601.9,1480,1319,71.6984685367703,9.17410858078761,79.44,72.14,90.308,652
ES,2023-10-07,13464,1098.435828877005,279.7915799896978,1141.0,797.3,1390.3,1371,1258,71.6693958664547,11.522951390594338,70.505,59.072,80.02900000000002,631
ES,2023-10-08,14426,1109.578469430196,199.96275858881967,1150.5,980.4,1327.8000000000002,1437,1417,71.8160621030346,10.308731586877261,69.89,59.31,81.9,647
ES,2023-10-09,14698,1110.4627160157847,236.4397854141372,1106.0,792.4,1270.8,1543,1407,72.15414356787493,12.042251771756602,70.695,61.166,85.504,715
ES,2023-10-10,14138,1084.9681001556096,294.8623534036152,1144.0,815.6,1577.4,1515,1478,71.05702976995943,11.560377895017092,74.52,59.358000000000004,84.898,726
ES,2023-10-11,13592,1086.8582254267217,273.6343750633783,1068.5,852.1,1563.4000000000053,1495,1381,70.78681390296885,11.379646624009421,72.7,58.98,89.42,669
ES,2023-10-12,14665,1104.65993862939,252.8571158255311,1161.0,865.6,1410.8,1450,1468,71.43173705722067,12.37075524063609,71.12,52.27,85.45,693
ES,2023-10-13,15374,1094.7709119292306,263.6818509342475,1168.0,867.2,1573.5,1507,1397,71.21795275590554,10.094060822527716,73.805,62.009,87.53999999999999,680
ES,2023-10-14,14113,1118.9788847162185,240.6786338898255,1136.0,846.4,1431.0,1426,1352,71.62056213017746,10.940668194548715,71.03,57.248000000000005,85.78,666
ES,2023-10-15,14842,1118.5278938148501,334.7472504754635,1143.0,688.0,1449.4,1467,1413,71.14382873319184,11.02527484349275,68.26,57.08,80.76799999999999,687
ES,2023-10-16,14628,1102.0875034181022,261.48109865170613,1166.5,735.0,1413.9,1493,1382,71.21221418234443,11.830875868612836,75.025,58.705,89.15,716
ES,2023-10-17,14558,1093.517790905345,259.265606700591,1167.0,765.8,1455.0,1543,1330,71.81048120300753,11.006003162878963,71.92,57.053000000000004,81.62100000000001,695
ES,2023-10-18,13655,1092.6968875869657,272.1539609250591,1145.0,800.2,1394.4,1541,1315,71.96330038022815,11.985337149377632,74.85,55.3,86.47,694
ES,2023-10-19,14540,1102.6505502063278,282.75898011551584,1112.0,800.1,1384.7,1535,1395,71.28314695340501,10.899281240189133,72.71,59.168,83.946,695
ES,2023-10-20,14310,1107.9419986023759,321.04519244004837,1229.0,696.0,1583.0,1482,1376,71.8380813953488,10.894656055096851,72.11,62.181,86.18100000000001,678
ES,2023-10-21,12959,1117.6463461686867,333.9911354343897,1095.5,507.8,1403.1,1418,1299,71.46116243264048,8.893182782333891,72.895,60.675000000000004,78.379,643
ES,2023-10-22,14164,1098.1428268850611,218.04325831422577,1181.5,828.1,1348.4,1498,1400,72.30527857142854,9.854148428813565,72.425,61.855000000000004,84.35499999999999,656
ES,2023-10-23,14294,1087.7313558136286,276.6549829643396,1253.5,853.5,1571.5,1530,1407,71.81274342572851,11.490557338554874,74.15,61.294,91.726,684
ES,2023-10-24,13851,1095.0853367987875,311.59605909301416,1111.5,533.3,1490.499999999999,1555,1400,72.15431428571426,12.395286212543004,72.63499999999999,54.941,89.44500000000001,685
ES,2023-10-25,14123,1072.9956099978756,276.36940101973687,1157.0,889.4,1553.5,1528,1378,71.58354136429608,12.371277898402662,74.29,60.286,86.97,679
ES,2023-10-26,14328,1097.0678391959798,289.97733499664054,1192.0,857.9,1638.1,1514,1438,72.24239916550762,10.651029894718247,73.67,60.938,84.986,684
ES,2023-10-27,13837,1085.686131386862,248.59025966314766,1030.0,861.2,1356.4,1472,1133,71.47811120917916,9.198022770836133,71.85,61.07,81.25,604
ES,2023-10-28,13174,1075.519735843328,264.72610336148836,1143.0,863.4,1376.0000000000005,1398,1219,71.96707136997537,7.131395842797303,75.805,66.755,85.456,633
ES,2023-10-29,14590,1109.2495544893764,299.39386814054905,1192.0,780.0,1398.0,1505,1267,71.7729123914759,8.232691421703032,69.47999999999999,60.676,81.923,654
ES,2023-10-30,14430,1095.0758835758843,287.0322661859033,1224.0,851.4,1540.2,1551,1358,72.24295287187039,11.214568192757133,73.845,63.381,89.508,674
ES,2023-10-31,14174,1102.656836461126,320.7728617256839,1291.0,814.4,1628.2,1519,1287,71.6776923076923,8.9489727793584,71.95,62.372,85.43,639
ES,2023-11-01,16019,1117.8769586116482,340.271972499034,1143.0,470.90000000000003,1392.0,1551,1515,71.6023432343234,13.45427680620747,71.43,52.158,87.26,711
ES,2023-11-02,15040,1106.824734042553,283.09244016794804,1292.0,797.0,1550.5,1550,1361,71.99670830271862,13.15561368498526,74.11,57.32000000000001,85.894,722
ES,2023-11-03,13930,1108.48183776023,299.0949141809649,1142.0,769.0,1558.6,1526,1320,71.58736363636365,8.78708065495275,72.99,62.87,85.14,650
ES,2023-11-04,13887,1094.7699287103046,240.17339081824733,1132.0,866.0,1362.0,1493,1271,71.37568843430368,11.005436848970895,70.185,55.58,84.83,647
ES,2023-11-05,15281,1121.3219030168182,325.2758262991629,1012.0,564.0,1346.2999999999995,1488,1419,71.81615221987313,12.030635686086494,73.91,62.1,92.37,662
ES,2023-11-06,14747,1094.8792974842343,305.2665593767058,1154.5,746.0,1544.0,1540,1410,72.18758156028369,12.2641676073263,75.14,58.568000000000005,87.04,705
ES,2023-11-07,14045,1109.0399430402276,307.1147899002387,1142.0,874.9,1540.4,1507,1321,72.06299772899324,10.652471085826754,71.275,58.437000000000005,86.619,680
ES,2023-11-08,13793,1100.3786703400278,251.65948554749104,1116.0,882.6,1468.4,1495,1390,72.17032374100722,7.720958300499162,76.5,64.61,83.98,658
ES,2023-11-09,14762,1107.34825904349,301.47495458756885,1182.0,746.0,1465.5000000000002,1516,1324,71.67030966767375,10.286750476864105,72.625,59.333999999999996,84.02000000000001,697
ES,2023-11-10,13709,1100.005908527245,299.3830945678525,1183.0,746.0,1538.5,1447,1186,71.56666104553118,10.541771976672768,70.29,56.996,85.92200000000001,658
ES,2023-11-11,13495,1124.3585772508332,272.9515724275087,1239.5,915.1,1562.0,1392,1201,71.41297252289758,12.35099890764018,75.11,58.77,88.426,596
ES,2023-11-12,13503,1117.7739020958302,308.20083764796203,1173.0,784.0,1690.6,1453,1265,71.77211067193673,7.861195578178127,70.94,63.83,80.52,633
ES,2023-11-13,13572,1090.2876510462718,279.34543675751894,1108.0,788.4,1563.2000000000003,1530,1202,72.04249584026621,9.48515720598358,69.57,58.333,83.228,665
ES,2023-11-14,14186,1095.8764979557316,228.53756983578495,1142.0,1002.6,1448.1999999999998,1529,1335,71.32761048689137,11.32386156822515,68.73,54.55,78.26,693
ES,2023-11-15,13902,1088.4677024888508,205.52837751686366,1150.5,945.5,1417.5,1547,1416,71.61552259887009,13.352162322780439,71.04,51.55,85.84,687
ES,2023-11-16,14413,1105.7473808367447,292.528703246518,1142.0,783.1,1460.8000000000002,1511,1302,71.71972350230416,10.502138306078434,72.125,59.738,87.90400000000001,671
ES,2023-11-17,12074,1107.6216663905911,259.02863708361525,1134.0,785.6,1393.2,1460,1193,71.77151718357082,10.045698913797223,74.97,63.77,85.65,592
ES,2023-11-18,13413,1131.0117050622523,258.38001698589056,1202.5,856.9,1362.3,1443,1190,71.47278151260504,11.351771870918434,70.25,53.32,78.18,637
ES,2023-11-19,14102,1123.8316550843851,226.7847429126162,1257.0,909.3,1462.4,1462,1408,71.87879261363636,10.379595193064233,72.46,58.78,84.48,671
ES,2023-11-20,13855,1083.5534464092386,270.5895420920945,1249.0,881.6,1473.4,1516,1385,71.22703249097472,10.05578656502603,74.55,59.015,83.195,699
ES,2023-11-21,13832,1090.5592105263156,250.02096360525974,1213.0,893.3,1470.1,1567,1365,71.40917216117215,9.36856050297593,73.21,58.186,82.51,674
ES,2023-11-22,13347,1093.2530156589494,284.3056909182307,1196.5,880.7,1494.6,1514,1317,72.44135155656798,12.504855334529065,78.095,59.403999999999996,88.777,660
ES,2023-11-23,13911,1113.311336352527,292.96943493823255,1236.0,833.7,1531.8000000000002,1512,1425,72.06498947368424,8.013953251223942,75.64500000000001,63.271,82.892,683
ES,2023-11-24,13008,1131.4773216482163,303.7853397945407,1321.0,893.0,1701.0,1485,1427,71.17802382620889,9.922098370438803,71.905,59.348,81.527,656
ES,2023-11-25,13543,1119.5418297275342,311.267490185533,1269.0,680.0,1420.9,1416,1272,71.3585927672956,12.01904040318088,72.72,50.334,83.27,606
ES,2023-11-26,13873,1117.3410942117791,374.896915844545,1050.0,461.0,1536.0,1448,1405,71.9916939501779,11.44499484665677,69.215,57.722,83.242,647
ES,2023-11-27,13940,1078.7607604017214,279.35721476479483,1253.0,769.2,1449.6000000000001,1546,1395,71.71045161290326,13.387629683966198,75.66,59.554,87.382,686
ES,2023-11-28,13513,1097.343299045363,279.5167969064283,1136.0,720.6,1424.2,1516,1353,71.44392461197336,13.670665460755254,66.29,55.082,88.256,682
ES,2023-11-29,14004,1100.0759068837476,295.01464296046356,1173.0,730.8,1531.4,1540,1515,71.23176237623763,14.273388494452655,74.47,62.089,86.34,689
ES,2023-11-30,13823,1100.7923026839321,304.30817474439124,1154.5,678.9,1435.1,1561,1461,71.8173579739904,10.227026145244288,75.58,62.592,90.67999999999999,683
ES,2023-12-01,12897,1114.1251453826474,311.268421739152,1186.0,770.0,1521.5,1492,1342,71.99812220566318,13.493992335670145,72.53,60.314,88.78,628
ES,2023-12-02,12633,1113.4322013773447,289.18187822721717,1216.5,771.0,1458.0,1432,1239,71.92057304277643,11.114582692908446,74.875,54.1,82.225,616
ES,2023-12-03,13839,1111.7012067345904,323.9325817634622,1209.0,760.0,1590.0,1528,1422,72.09347398030943,11.105780476209675,71.69,55.166000000000004,84.042,674
ES,2023-12-04,13699,1113.8029053215553,284.8166235501367,1210.5,805.8000000000004,1568.8,1518,1407,71.75391613361761,10.406938295430551,76.405,62.951,90.308,659
ES,2023-12-05,13969,1107.122485503616,279.3052473587712,1139.5,725.0,1591.0,1510,1343,71.62603127326882,8.100008994443103,67.85,59.175,78.63,675
ES,2023-12-06,13504,1099.137218601895,309.7314833158155,1316.5,853.3,1592.9,1457,1470,71.9193605442177,10.32404275441621,73.44,59.314,86.824,661
ES,2023-12-07,13308,1113.7226480312584,325.50562534542973,1326.0,680.9000000000001,1625.8,1481,1392,71.85712643678156,8.61153168041538,73.735,65.41,85.82,666
ES,2023-12-08,14111,1112.4232867975327,388.24564315300074,1279.0,475.8,1457.2,1459,1400,72.10667142857145,11.0813593445407,74.84,51.09,84.595,637
ES,2023-12-09,13681,1115.873693443462,309.6605184554575,1157.0,807.8000000000001,1619.8,1423,1438,72.45308066759388,10.762385237483372,72.13499999999999,64.232,86.54500000000002,613
ES,2023-12-10,14637,1113.3545808567328,266.38825665761175,1155.0,817.5,1466.0,1491,1513,72.04822207534698,13.019063029759073,75.36,52.502,87.06,637
ES,2023-12-11,13754,1097.2351315980823,326.48400505316573,1227.0,669.3,1530.0,1492,1529,71.75414650098104,10.87131815068133,75.095,58.44,88.584,671
ES,2023-12-12,14377,1094.6250956388685,330.89338688953404,1240.0,673.8,1645.0,1547,1506,71.87371845949534,9.792924862719202,72.785,62.036,85.133,691
ES,2023-12-13,13203,1103.4521699613724,314.93952031187746,1125.5,709.0,1618.6,1523,1407,71.70718550106612,12.402397308048409,71.045,51.644,86.207,658
ES,2023-12-14,13601,1110.589515476803,264.8410205241551,1103.0,861.0,1545.8000000000002,1543,1573,71.27131595677051,14.504058990637553,75.04,50.526,87.222,666
ES,2023-12-15,12798,1111.7647288638852,356.4475284544622,1268.5,810.9,1654.7,1482,1359,71.95571743929361,10.352057600088763,77.125,62.611000000000004,84.85199999999999,588
ES,2023-12-16,13175,1108.752182163188,318.11418355834394,1274.0,816.0,1533.0,1432,1275,71.69173333333335,9.657119332291952,73.93,60.56,84.82,639
ES,2023-12-17,14596,1118.0755001370242,292.98777860803955,1046.0,814.5,1562.0,1528,1482,71.80372469635627,11.539669642435074,71.53,58.196,84.236,704
ES,2023-12-18,15054,1119.8824897037332,274.94262573256765,1096.0,716.0,1457.4,1591,1533,71.86204174820618,12.83138623825087,71.09,54.386,84.27,706
ES,2023-12-19,14673,1085.582362161793,388.3933989586995,1165.0,501.7,1463.7,1628,1460,72.09054794520546,9.131967744927625,75.54,57.97,79.864,683
ES,2023-12-20,14674,1104.5270546544907,391.13095732919174,1119.0,460.0,1550.5,1606,1443,71.18791406791406,9.711493668681683,71.92,58.094,81.242,711
ES,2023-12-21,14454,1119.3624602186242,317.9705446898477,1099.5,569.0,1387.0,1595,1390,71.44412949640287,11.740322775595715,69.5,51.288,77.648,707
ES,2023-12-22,14314,1092.3398770434542,325.8932700709586,1204.5,730.7,1569.4,1544,1349,71.030652335063,8.894194422289612,73.495,62.071,84.71900000000001,698
ES,2023-12-23,14345,1095.1415824329035,273.98236625630113,1194.5,681.5000000000001,1409.5,1519,1370,71.39861313868613,10.230237294512811,71.16999999999999,56.409,86.26,660
ES,2023-12-24,14276,1106.2429251891294,401.56529556825217,1004.0,559.1,1562.8,1486,1389,72.26346292296616,11.269283719720415,76.04,61.303999999999995,83.41600000000001,666
ES,2023-12-25,14067,1086.8225634463633,293.18493694811457,1104.5,635.0,1376.0,1527,1375,72.07924363636366,9.928122895162677,74.825,64.72800000000001,86.458,636
ES,2023-12-26,16178,1090.6539745333166,370.3527300755054,1114.0,573.0,1491.6,1625,1507,71.05097544790975,13.244493694939573,72.15,54.062000000000005,86.749,743
ES,2023-12-27,15343,1088.3934693345502,323.7458456698534,1085.5,583.6,1378.0,1615,1499,71.19482321547699,8.839195042429465,77.72,63.352,85.27,728
ES,2023-12-28,16415,1104.1490100517813,315.20611944634544,1094.0,588.2,1513.8000000000002,1618,1532,71.42605091383805,10.862041428755461,76.43,59.326,84.01,725
ES,2023-12-29,15668,1080.466938983916,316.19446694042244,1057.0,580.5,1371.0,1594,1484,71.2785714285714,10.459660063136068,73.41,56.3,82.65299999999999,721
ES,2023-12-30,15988,1085.671503627721,347.35273834504375,1020.0,604.0,1556.8,1572,1446,70.88345089903179,13.66162710302257,67.61,57.881,85.86,739
ES,2023-12-31,16173,1095.728683608483,362.4480986185504,1034.0,524.4000000000001,1408.2,1593,1700,71.56191176470588,11.267014615198667,72.475,60.214,87.37100000000001,762
ES,2024-01-01,15389,1085.83852102151,450.7417334663402,1073.0,524.3,1743.6000000000001,1579,1454,71.29055020632734,9.846091702357057,75.955,63.588,86.843,717
ES,2024-01-02,17460,1111.9719931271477,339.64060384215355,1144.0,564.4,1528.8,1691,1665,71.6971171171171,12.61196237949227,75.66,59.714,87.49000000000001,735
ES,2024-01-03,16725,1087.0239760837082,286.5794566768517,1107.0,560.2,1346.2,1672,1682,71.26076099881097,11.316146506013526,72.515,57.394999999999996,84.43,770
ES,2024-01-04,17862,1109.922741014444,350.63174568850206,1127.0,763.6,1699.1999999999998,1693,1760,71.54162499999998,10.6409950969302,70.73,60.871,83.32000000000001,759
ES,2024-01-05,17230,1100.2904817179342,331.8473777691643,1148.5,657.5,1622.0,1701,1759,71.49770324047753,10.781623159099702,75.56,57.852,85.086,808
ES,2024-01-06,16750,1103.1585671641785,369.85903115003714,1103.0,564.0,1384.6000000000001,1624,1571,71.64550604710374,9.528701032144939,75.67,58.162,85.276,740
ES,2024-01-07,17438,1117.4498222273191,314.9886724702447,1142.0,632.3,1413.4,1666,1726,72.19720741599072,9.53851438991046,71.0,56.341,81.79,795
ES,2024-01-08,16420,1106.3628501827052,260.85959205390515,1130.0,660.7,1325.3,1614,1579,72.51181760607982,10.326742484974705,71.43,56.64,84.19,762
ES,2024-01-09,16355,1097.002445735249,298.7879695558054,1084.0,579.0,1370.0,1686,1608,71.71855721393032,10.722345295520174,72.19999999999999,56.662,84.50099999999999,779
ES,2024-01-10,15892,1090.4408507425123,269.2067007569208,1196.0,653.6,1356.0,1645,1523,70.83020354563361,11.592828122977105,72.97999999999999,55.410000000000004,85.524,769
ES,2024-01-11,16240,1105.093226600986,280.2006419864436,1116.0,645.8,1415.3999999999999,1691,1561,71.89386931454197,8.884738735125174,74.92,61.78,82.93,774
ES,2024-01-12,15853,1077.4385920645934,309.35187318631176,1087.0,612.0,1361.0,1690,1558,70.93793966623873,11.369029989895933,73.44,60.435,82.725,765
ES,2024-01-13,16381,1073.0849764971622,397.00970355149957,1091.0,417.4,1345.6,1631,1598,70.90642678347938,11.068551729838997,72.475,57.028999999999996,84.185,795
ES,2024-01-14,17179,1070.3969963327313,352.3570935406457,1087.0,568.8,1387.7,1646,1695,71.0156873156342,9.764703374911088,75.86500000000001,60.423,85.33900000000001,806
ES,2024-01-15,16332,1073.8078618662755,286.239850399573,1109.0,674.0,1426.0,1724,1639,71.87070164734594,11.393161741477018,72.86,61.765,86.71300000000001,753
ES,2024-01-16,15954,1072.2090384856458,335.2348670067055,1120.5,674.0,1634.0,1694,1583,70.66462413139608,11.449815639808163,77.5,62.765,91.14200000000001,786
ES,2024-01-17,16056,1056.2593423019432,366.96061065564936,1130.0,488.30000000000007,1388.6,1711,1694,70.10693034238487,11.500047224121507,74.5,55.727999999999994,85.838,773
ES,2024-01-18,15962,1054.6407718331043,414.97660562538135,1206.0,389.9999999999999,1434.2000000000003,1726,1681,70.87129089827485,13.176059806456545,71.99,52.148,83.664,736
ES,2024-01-19,15541,1069.8104369088214,321.0562692773601,1234.5,594.4,1593.5,1637,1548,70.84332687338501,10.155767243569318,74.935,61.862,88.352,776
ES,2024-01-20,15231,1076.66016676515,364.86135061789497,1198.0,500.0,1463.0,1580,1491,70.82111334674715,9.439762504595663,71.4,60.379999999999995,82.926,742
ES,2024-01-21,16649,1096.3080064868761,357.6778868049132,1216.0,579.7,1523.0,1610,1605,72.00395638629287,9.421291813096342,74.34,62.434,86.72800000000001,740
ES,2024-01-22,16275,1070.9178494623652,348.9100006678349,1199.0,583.2,1596.0,1723,1652,71.13506658595644,10.157669830555651,78.8,62.808,87.642,832
ES,2024-01-23,16583,1056.4154857384065,378.37174399425555,1241.0,658.0,1494.0,1689,1670,72.23196407185631,10.465945596568476,75.35,61.001999999999995,87.37,774
ES,2024-01-24,15386,1059.9487846093857,365.5792530085007,1148.0,523.6,1572.4,1666,1535,71.32594788273612,10.660861017708132,76.24000000000001,57.284,87.31800000000001,745
ES,2024-01-25,15375,1079.8731707317072,301.7418526312564,1199.0,752.0,1559.0000000000002,1650,1515,72.18566336633668,13.007316040530085,74.1,54.002,88.218,720
ES,2024-01-26,15105,1055.9225422045674,381.4801197243528,1228.0,443.5,1540.5,1636,1511,71.24660489741896,11.26668827766588,73.57,61.517,86.947,710
ES,2024-01-27,14628,1072.58114574788,300.3375845989139,1207.0,776.0,1552.2,1581,1499,71.88537024683122,10.61656017443974,75.815,61.653,87.194,707
ES,2024-01-28,16344,1092.2885462555073,343.58894050760495,1153.0,497.0,1503.2,1620,1585,70.80871924290223,9.04164591971506,70.70500000000001,60.162,83.665,767
ES,2024-01-29,15969,1063.6786273404725,331.0553233062783,1146.0,642.8000000000001,1521.6000000000001,1677,1617,70.81711193568337,12.74917477048164,72.96,56.57,88.71000000000001,770
ES,2024-01-30,15787,1085.3360359789697,386.02431928827514,1155.0,471.8,1619.0,1686,1506,71.37952855245686,10.058018683430682,77.91,64.546,86.462,758
ES,2024-01-31,15578,1083.1984850430088,284.685641790874,1137.0,833.0,1621.4,1718,1563,71.67731285988482,10.089856965614505,72.06,60.676,87.44,787
ES,2024-02-01,16081,1088.8927305515829,344.8105863058877,1125.0,461.4,1486.9,1697,1496,71.26064171122995,10.346569694227163,75.86,65.435,88.463,781
ES,2024-02-02,14926,1066.5743668765913,439.0232498982951,1354.0,465.8,1797.0,1682,1488,71.2724193548387,10.026366431215358,72.46,60.476,85.178,780
ES,2024-02-03,15097,1060.8589123666954,345.52836807173014,1178.0,677.0,1634.0000000000007,1605,1508,71.10435013262604,9.77453535071177,75.38,63.243,87.513,745
ES,2024-02-04,15795,1093.364292497626,349.94950946611004,1111.5,457.1,1425.3,1632,1622,71.78577065351418,11.112334765953431,72.20500000000001,60.258,85.762,750
ES,2024-02-05,16229,1057.4310801651372,366.7799957539088,1096.5,426.2,1679.3000000000002,1684,1612,70.69691687344911,10.20198416758616,72.85,60.664,89.541,788
ES,2024-02-06,15754,1061.7419068173162,329.4092978879119,1258.0,685.0,1661.6000000000001,1695,1575,71.13893333333331,11.361549809891459,74.66,60.472,88.414,744
ES,2024-02-07,15540,1055.7598455598459,362.5889195713067,1168.5,536.9,1714.4,1708,1618,71.50951792336218,8.190075357641867,71.5,64.43599999999999,84.896,790
ES,2024-02-08,17514,1074.49902934795,347.6775802885844,1106.0,660.0,1436.0,1722,1938,71.73610939112486,14.009470989087719,72.58,57.36,87.288,849
ES,2024-02-09,16180,1058.702904820767,383.03846573504933,1212.0,387.0,1585.0,1688,1747,71.11420148826559,10.55376097226587,70.555,59.486000000000004,88.15100000000001,780
ES,2024-02-10,15917,1055.3825469623669,365.40571844892656,1219.0,680.8,1737.8000000000002,1592,1680,71.29187500000003,11.964154129050186,70.345,54.715,80.525,729
ES,2024-02-11,16342,1063.5794272426876,253.31394873902408,1229.0,757.4,1393.9,1639,1598,71.15381101376724,10.08966787163978,73.1,61.234,86.014,730
ES,2024-02-12,16884,1056.4079009713344,335.91126859436815,1176.0,394.0,1459.0,1737,1691,71.66185688941452,9.848056102602177,75.23,63.89000000000001,85.859,824
ES,2024-02-13,16412,1076.2755300999274,426.64304966143493,1328.5,410.90000000000003,1612.3,1734,1791,70.93125628140702,11.29410304449205,72.16,58.4,87.16,815
ES,2024-02-14,15782,1064.008047142315,443.7863788500353,1190.0,390.0,1514.6,1682,1732,71.45314087759814,11.252542902077085,72.81,57.308,83.468,806
ES,2024-02-15,16183,1072.2206018661561,399.27882310406613,1224.5,403.40000000000003,1589.0,1711,1696,71.90849646226418,12.070823042236096,73.53,54.244,89.878,808
ES,2024-02-16,15344,1061.0959332638163,439.26920240693437,1203.0,378.0,1552.3,1649,1678,71.86199642431465,8.109942896180938,76.08,64.78,83.87,733
ES,2024-02-17,15369,1078.4812284468735,477.09322388573696,1197.0,370.6,1824.6,1548,1479,71.55826233941852,11.424565097484747,76.27,61.588,89.22200000000001,686
ES,2024-02-18,15950,1064.9349216300932,350.98289545994436,1222.5,529.2,1495.0,1620,1706,70.7463247362251,13.470635533393567,71.59,49.842,82.666,761
ES,2024-02-19,16184,1072.8181537320809,392.64166998112546,1232.5,376.7,1476.3,1687,1512,71.02346560846567,9.211195603041984,75.24000000000001,58.620000000000005,82.471,748
ES,2024-02-20,16240,1070.3864532019704,334.8655973632718,1182.0,419.3,1409.0,1708,1566,72.10133461047252,8.585605013043637,69.28,58.518,79.348,768
ES,2024-02-21,16254,1059.355051064353,371.57405341205,1227.0,450.2,1676.8,1690,1608,71.29271766169151,13.766148495049553,73.57,56.294000000000004,90.063,773
ES,2024-02-22,15948,1055.172121896162,421.32019466066566,1145.0,431.90000000000003,1707.2,1711,1756,72.22272209567198,8.975117221072141,76.56,64.156,84.494,816
ES,2024-02-23,15222,1053.5733806332948,389.2022997875136,1236.5,458.0,1627.4000000000003,1689,1603,71.66310667498436,10.633867332409608,74.59,56.45,87.19,762
ES,2024-02-24,15118,1055.649424527054,414.74759545388883,1206.0,472.6,1677.7000000000044,1601,1476,70.98909214092139,10.343209016064598,66.33,54.579,80.37700000000001,736
ES,2024-02-25,16862,1043.9284189301388,366.06567641765673,1143.0,479.0,1335.0,1654,1818,71.63897139713977,13.910916167291314,67.78,47.092,87.18599999999999,803
ES,2024-02-26,15969,1049.5753021479122,374.7837330835444,1259.0,532.0,1618.0,1740,1700,71.11935882352942,10.868668750894319,73.13,58.458999999999996,84.532,801
ES,2024-02-27,16014,1063.3907206194585,401.888413569552,1188.0,501.4,1663.6,1731,1568,71.31213010204081,9.878602830810078,69.92,58.720000000000006,76.28099999999999,789
ES,2024-02-28,15572,1077.456010788595,328.2641785071948,1245.0,490.4000000000002,1367.3,1687,1610,71.74822981366461,10.275387712393144,68.76,59.868,83.046,742
ES,2024-02-29,15568,1067.5159943473798,396.7831359382078,1233.0,442.4,1612.8,1691,1605,71.9381495327103,10.756160413831347,70.375,57.817,81.0,802
ES,2024-03-01,14404,1058.562204943071,390.1139281529462,1205.0,418.4,1582.8000000000002,1632,1473,71.22583163611671,8.990732809637578,70.31,64.146,88.548,714
ES,2024-03-02,14953,1049.427539624156,373.3269230486902,1123.0,427.5,1318.5,1554,1405,71.92445551601425,11.190008086183767,70.48,53.984,79.90599999999999,690
ES,2024-03-03,16533,1066.063448859856,273.56680230871075,1124.0,630.6,1302.7,1653,1643,72.2489592209373,9.20428375845578,73.2,61.994,85.934,787
ES,2024-03-04,15717,1045.3947954444222,401.1416339137392,1166.0,477.9,1593.0,1704,1642,71.52868453105971,10.107317736138643,73.2,62.010000000000005,84.92,784
ES,2024-03-05,15032,1075.2415513571045,356.9450249879903,1171.0,534.0,1618.0,1673,1589,71.84398993077407,8.709518211875627,73.07,58.9,79.87,753
ES,2024-03-06,15251,1075.182217559504,414.7537808558542,1133.5,413.0,1636.0,1676,1726,71.56489571263036,8.485183616162942,75.36500000000001,66.627,89.766,764
ES,2024-03-07,16604,1068.9085762466868,435.62055438313195,1155.0,389.6,1631.2,1696,1622,71.80147348951911,13.220619286007578,74.67500000000001,61.396,83.204,784
ES,2024-03-08,15819,1071.1011441936905,403.0201174384207,1178.0,461.0,1433.0,1700,1612,72.18908808933,10.945266430352666,73.345,59.94,84.551,775
ES,2024-03-09,16175,1081.084080370942,341.589567541313,1135.5,499.3,1409.3,1618,1601,71.23291692692071,8.434290523372614,72.08500000000001,64.89,84.173,785
ES,2024-03-10,16145,1086.7642613812322,337.9469991856153,1141.0,446.0,1370.0,1631,1621,71.7673349784084,11.483904712928494,68.34,53.61,81.795,760
ES,2024-03-11,16512,1076.208091085271,334.39883834896483,1125.0,642.4000000000001,1609.6,1742,1650,71.54224242424242,11.140973605169961,71.445,59.527,87.24,829
ES,2024-03-12,15422,1068.0767734405388,357.2970608586317,1257.0,376.7,1351.0,1702,1531,71.40096668843893,10.583137045048868,71.12,57.160000000000004,85.776,744
ES,2024-03-13,15378,1077.1821433216285,291.509543927262,1244.5,680.0,1352.0,1644,1472,71.39685461956523,10.982270743099557,74.065,58.29,87.217,752
ES,2024-03-14,15651,1073.4470001916811,333.12216280737897,1194.0,555.0,1493.6000000000001,1686,1479,71.58868830290737,11.067081799472389,72.745,60.285,86.64,750
ES,2024-03-15,14740,1075.7155359565807,353.03729940617075,1218.5,712.0,1658.5000000000002,1655,1451,71.75022053756028,9.701390113629248,73.52,62.9,87.67,741
ES,2024-03-16,14482,1060.0796160751286,248.92338942263518,1049.0,738.0,1337.3,1582,1438,71.50658553546593,10.4872128308717,73.12,62.436,81.696,723
ES,2024-03-17,15436,1081.3876651982382,283.0440862032828,1206.0,719.7,1459.5,1635,1592,71.77454773869347,11.60860201817284,72.86000000000001,60.046,86.718,746
ES,2024-03-18,15868,1068.977943029997,290.3317530020016,1239.0,770.7,1499.6,1718,1652,72.03332929782079,11.896377434170514,76.185,60.484,87.873,803
ES,2024-03-19,15967,1079.967119684349,267.07989109400455,1220.0,818.6,1518.0,1707,1596,71.92286340852132,11.235350420068276,70.16,55.174,82.544,831
ES,2024-03-20,16479,1065.6960980642027,261.1838632722327,1218.5,878.4,1399.1000000000001,1759,1638,71.59827228327231,10.885166450794907,74.29,60.18,82.13,800
ES,2024-03-21,16077,1077.2334390744547,348.64133895717003,1226.0,435.7,1478.3,1725,1642,71.41752131546897,9.959679306566473,74.99000000000001,60.214999999999996,85.67999999999999,810
ES,2024-03-22,15253,1075.3169868222644,294.91439732600367,1198.0,724.5,1417.5,1717,1492,71.0266890080429,9.703564076416663,76.095,63.315,86.91999999999999,769
ES,2024-03-23,15318,1084.0936806371592,308.8480725512338,1040.0,719.0,1455.0,1595,1579,72.56423052564912,11.219870905286037,74.02,59.346,87.302,717
ES,2024-03-24,15920,1075.222989949749,353.38390950919086,1190.0,630.7,1501.0,1649,1662,71.816083032491,10.466542495135112,73.94,60.768,84.512,805
ES,2024-03-25,17351,1068.6419802893208,349.8244321901444,1166.0,405.0,1482.6000000000004,1698,1730,71.6827803468208,10.056168101392037,75.305,63.356,86.586,826
ES,2024-03-26,16920,1078.319562647754,352.2743593570428,1186.0,672.0,1547.0,1724,1544,71.28428756476688,9.46848994859478,72.13,61.089999999999996,81.99000000000001,769
ES,2024-03-27,16753,1081.2106488390139,333.18322854782036,1137.5,647.3,1522.7999999999997,1662,1755,72.55119658119655,11.633732771494866,69.04,56.994,82.26400000000001,807
ES,2024-03-28,16384,1088.7037963867192,374.2840976213542,1153.0,585.4000000000001,1622.0,1654,1756,72.22903189066054,13.455075330677083,75.275,60.137,85.03,781
ES,2024-03-29,17250,1095.7155362318838,366.8703847232639,1138.0,604.5,1593.6000000000001,1660,1765,71.86683852691216,10.80064070956137,75.2,67.44200000000001,91.628,796
ES,2024-03-30,16742,1095.7116234619523,369.826201871424,1089.5,420.4,1525.6,1618,1687,72.00071132187318,12.15942630744694,74.41,56.711999999999996,89.11,745
ES,2024-03-31,17581,1075.9346453557825,332.20701081872033,1073.5,639.6,1536.1,1654,1803,71.85467554076544,10.16954013141081,75.325,63.18,87.304,818
ES,2024-04-01,16588,1078.134555100072,370.00104106333487,1109.0,527.7,1576.9,1664,1498,71.28397196261682,9.547069936828693,71.245,63.55,86.305,726
ES,2024-04-02,15935,1085.418198933165,360.5805619897706,1066.0,387.0,1513.0,1663,1541,71.25799480856584,10.585244563501394,74.88,64.776,87.922,756
ES,2024-04-03,15139,1077.4487746878915,390.93418233157126,1137.0,443.8,1614.0,1710,1503,71.17254158349968,10.505639306203596,73.2,56.8,81.3,771
ES,2024-04-04,15183,1058.5222946716722,329.93973570000884,1098.0,566.0,1622.0,1658,1510,71.38195364238415,9.883471050192842,76.88499999999999,60.602,84.83300000000003,752
ES,2024-04-05,13957,1058.7972343626848,326.3556828688298,1104.0,476.0,1409.0,1626,1331,71.2572727272727,9.205992069640436,72.99,59.995999999999995,80.992,714
ES,2024-04-06,15104,1062.9289592161022,293.89538134763046,1090.0,561.0,1316.5,1552,1490,72.01466442953019,16.32457757152965,71.93,43.996,85.89399999999999,716
ES,2024-04-07,15590,1068.7326491340607,318.4513412486173,1101.0,707.0,1579.2,1605,1483,71.57777478084962,9.541732417413003,70.655,62.372,82.285,755
ES,2024-04-08,15783,1070.790027244503,328.7786921128362,1073.0,583.0,1574.8,1729,1769,71.5294460146976,9.349367304796619,71.33000000000001,58.695,80.304,802
ES,2024-04-09,15859,1070.8392080206818,362.10444372977065,1167.0,592.3000000000001,1630.1,1724,1636,70.9795476772616,10.77843400064095,74.12,59.827,88.53699999999999,801
ES,2024-04-10,15149,1067.4142187603136,262.0015243180519,1129.5,716.5,1345.5,1674,1600,71.74160625000006,10.591839888434032,71.335,59.759,86.777,776
ES,2024-04-11,15320,1078.545757180157,248.28322612976177,1087.0,802.8,1457.1999999999998,1675,1495,71.39785284280936,8.596582087246446,75.09,61.41,81.1,791
ES,2024-04-12,14253,1070.27446853294,334.7962416489188,1146.0,590.0,1589.0,1654,1464,71.34006830601095,11.543440893615694,74.4,51.33,85.41,746
ES,2024-04-13,14276,1091.2280050434292,326.14744864237247,1238.0,603.0,1363.4,1538,1382,72.15814037626625,10.789903606367886,72.98,54.22,79.57,698
ES,2024-04-14,14708,1088.2089339135164,310.968980437442,1235.0,623.0,1329.0,1603,1548,71.65414082687336,16.25079689713349,75.14,44.88,83.17,734
ES,2024-04-15,15835,1076.239722134512,356.4535358720528,1220.0,626.1,1572.7,1694,1609,71.39684275947792,10.030602485505156,75.28999999999999,59.562,86.89500000000001,754
ES,2024-04-16,15202,1072.3264044204718,284.9702659927874,1053.0,794.5,1556.1,1691,1592,71.9868907035176,8.774420683631105,73.67500000000001,63.262,85.34,751
ES,2024-04-17,15207,1073.1350036167555,295.98572858157695,1082.0,780.4,1574.0,1708,1601,71.71687695190506,11.071151527427068,74.51,60.166,84.376,755
ES,2024-04-18,15197,1049.7241560834368,296.0651764052455,1162.0,805.0,1595.0,1720,1687,71.3262299940723,11.290340925863232,72.66499999999999,55.917,84.661,792
ES,2024-04-19,14330,1071.946266573622,301.2942245378333,1240.5,700.0000000000001,1524.1,1675,1468,71.10961171662129,10.201152350437885,75.47,59.484,81.82199999999999,731
ES,2024-04-20,14118,1080.2075364782554,286.16454781242794,1093.0,597.0,1334.6,1538,1389,71.55809935205181,7.027711725644801,66.025,56.548,75.014,689
ES,2024-04-21,14584,1061.328510696654,329.36038535772803,1193.5,605.3,1351.1000000000001,1598,1546,71.15947606727036,8.993563902406356,76.125,65.99000000000001,84.07000000000001,751
ES,2024-04-22,15941,1056.6238629947939,273.48258390309377,1237.0,717.4000000000002,1514.0,1689,1702,71.63596944770858,12.14857872516852,70.41,57.34,87.534,816
ES,2024-04-23,15494,1051.9743771782628,312.7922469925655,1048.0,587.4,1399.8,1762,1657,71.84058539529273,11.515667678573108,70.18,52.202,81.556,834
ES,2024-04-24,15421,1075.6830944815508,284.3456750740784,1174.0,734.0,1392.2,1711,1698,72.27979387514726,11.814751619902976,69.93,61.664,92.272,815
ES,2024-04-25,15856,1085.4781786074668,304.1774485236584,1147.0,731.8000000000001,1550.0,1728,1781,71.66715889949465,9.809361187634458,72.61,60.81,82.73,855
ES,2024-04-26,15515,1090.76712858524,304.60683989073607,1082.0,665.0,1373.0,1716,1726,72.73940903823875,7.623576137962625,73.13,63.688,80.26400000000001,815
ES,2024-04-27,16253,1100.8883283086204,309.7239738864268,1126.5,700.8,1499.7,1631,1869,71.50190476190478,12.757939771852751,75.42500000000001,57.659,88.491,827
ES,2024-04-28,17167,1090.5037572085982,283.1900983354622,1137.0,706.0,1304.0,1682,1899,71.75641916798315,11.15205464644835,70.95,57.803000000000004,85.013,821
ES,2024-04-29,16339,1075.260848277128,308.86665807056886,1137.0,662.2,1363.0,1719,1748,71.3871510297483,9.296702036206172,72.075,59.371,83.16199999999999,835
ES,2024-04-30,15561,1068.2791594370537,333.8540870225507,1156.0,468.0,1422.8000000000002,1706,1587,71.49714555765595,11.99776402056048,70.86,58.786,82.79299999999999,792
ES,2024-05-01,17095,1082.0184849371162,283.8088946495697,1167.0,780.1,1320.4,1697,1761,71.89731402612148,6.992939560601454,73.755,65.595,82.035,814
ES,2024-05-02,15675,1090.9137480063796,283.8873217582266,1102.5,628.0,1330.7,1717,1692,71.99494680851066,10.930481128015654,74.53,63.05,84.97,822
ES,2024-05-03,15011,1064.4435414029701,376.81691594112647,1213.0,491.2,1419.6,1694,1573,72.18811824539101,10.53425428140531,74.07,63.931000000000004,90.355,762
ES,2024-05-04,14400,1099.2959027777783,387.2159325496346,1141.0,431.90000000000003,1518.3000000000002,1557,1666,71.49436974789919,9.582668889197832,73.76,58.86,84.09,757
ES,2024-05-05,17006,1115.7894272609676,295.85910788532027,1121.0,692.6,1487.8,1666,1914,72.25779519331248,9.942399644568857,72.2,60.3,85.77,819
ES,2024-05-06,16423,1080.2099494611216,327.3791537697717,1239.0,813.0,1507.0,1744,1666,71.6363505402161,11.939880646034837,76.28,61.63,88.562,785
ES,2024-05-07,16120,1086.3580024813891,370.24958384461064,1232.0,463.6,1620.7,1728,1779,72.57499156829677,12.347989923081915,74.62,59.51,85.44999999999999,837
ES,2024-05-08,15173,1079.6602517630001,312.8178403015683,1259.0,755.6,1503.0,1731,1510,72.66977483443706,10.264976930752884,74.16,62.104000000000006,87.233,788
ES,2024-05-09,15279,1084.7005039596827,383.1606689191808,1179.0,433.6,1632.2,1727,1484,71.453423180593,12.327781842679817,73.21,55.456,84.25,775
ES,2024-05-10,14894,1072.3658520209483,344.70734994315154,1117.5,464.0,1476.0,1672,1650,72.12292727272731,13.787329449782284,75.08,56.494,89.854,762
ES,2024-05-11,15661,1109.8896622182497,379.9648056847098,1055.0,453.4,1493.6,1606,1740,71.94493103448274,11.38893104466508,75.045,59.922,86.645,744
ES,2024-05-12,16703,1080.1826019277978,319.01234640647266,1117.0,567.8,1407.6000000000001,1632,1895,71.81483377308706,11.695883739828153,75.035,57.075,86.91499999999999,785
ES,2024-05-13,17268,1069.30872133426,341.12620808008495,1185.0,559.2,1567.4,1778,1808,71.76097898230087,9.903363611878154,73.725,62.065000000000005,87.52799999999999,841
ES,2024-05-14,16601,1057.8383229925914,370.11947347908824,1122.5,538.2000000000002,1566.0,1758,1749,71.86338479130931,9.618127890966315,76.97,62.569,85.896,837
ES,2024-05-15,15796,1080.2477209420103,332.06883787085746,1268.5,452.1,1477.6,1739,1650,71.72793333333338,11.439254574293107,73.12,56.74,85.70599999999999,832
ES,2024-05-16,15903,1085.4035716531478,415.23263484833365,1251.0,437.0,1629.6,1742,1717,71.64454280722195,12.340300885209405,74.61,56.471000000000004,87.48,834
ES,2024-05-17,16023,1078.2864007988524,327.6022263185429,1101.5,493.0,1530.3000000000002,1723,1618,71.71543881334982,8.815827106592627,74.32,63.17,85.706,824
ES,2024-05-18,16220,1103.471701602959,289.7389742615366,1003.5,572.0,1362.9,1653,1825,71.50129315068499,12.475862739183873,75.37,61.35,91.02,806
ES,2024-05-19,16986,1095.3521723772512,297.08056696548823,1111.0,677.6,1431.6000000000001,1685,2031,72.24813392417525,12.81770135277673,79.94,62.336,92.808,821
ES,2024-05-20,17256,1094.2520282800178,352.32514212206416,1132.0,690.2000000000002,1585.2,1747,1874,71.97915688367128,10.194047547055499,75.85,63.95,88.43,855
ES,2024-05-21,17308,1119.8824243124566,401.2760670130838,1191.0,528.7,1593.9,1786,1841,71.93886474741986,9.846031278909827,77.28,62.36,86.36,884
ES,2024-05-22,16896,1087.3410866477275,348.8544366324329,1194.0,703.0,1572.7,1762,1842,71.86359391965256,12.43915568676779,72.51,55.47,87.262,868
ES,2024-05-23,16560,1109.0170893719808,336.9535124223009,1172.0,592.5,1542.5,1756,1911,72.12283621140764,13.383535057258154,75.865,55.659,89.398,880
ES,2024-05-24,16268,1069.7358618146054,393.5115183954276,1282.0,469.20000000000005,1562.8,1741,1668,71.80601318944842,10.265895887906924,73.59,58.156,85.91,828
ES,2024-05-25,15281,1078.1213925790194,321.33121871495894,1148.0,702.5,1563.0,1607,1551,71.62837524177947,9.352943921568226,75.46000000000001,62.695,88.813,798
ES,2024-05-26,16302,1100.8197153723465,340.42041963772385,1167.5,614.0,1527.0,1674,1716,71.16365967365975,14.077591455805969,76.23,52.756,85.956,837
ES,2024-05-27,16795,1083.2064304852636,385.614088238565,1243.0,441.8,1591.6,1761,1632,71.63757352941178,9.90225817714337,74.02,62.69,80.87,837
ES,2024-05-28,17229,1082.4407684717628,368.53527206882654,1208.0,448.0,1564.8,1748,1748,72.02614416475976,10.688311243214894,72.475,54.478,80.89399999999999,873
ES,2024-05-29,16573,1096.0092922222887,330.95579145856453,1163.0,571.6,1526.4,1779,1635,71.86916819571864,12.825932733044791,72.56,58.95,88.69600000000001,839
ES,2024-05-30,16305,1119.4820607175723,327.8645023975424,1092.5,470.8,1409.9,1764,1724,71.97832946635735,13.89392036917054,72.74000000000001,53.585,87.84,845
ES,2024-05-31,15587,1085.436645922885,333.03552293165006,1163.0,585.0,1385.5,1739,1609,71.57165941578617,10.842652960638926,73.96,58.625,84.33,821
ES,2024-06-01,15384,1125.0746879875203,395.80914885112725,1190.0,481.8,1578.4,1606,1717,72.16513104251604,9.178242761664341,73.59,59.6,82.504,768
ES,2024-06-02,16433,1103.3757682711614,284.572335784118,1155.0,679.0,1330.0,1689,1641,72.09104204753199,10.991371709942108,77.955,62.052,91.23,838
ES,2024-06-03,17211,1086.819011097555,354.30306882448934,1121.5,469.0,1386.1000000000001,1785,1847,72.03747157552785,15.47817085314617,73.235,49.03,87.534,892
ES,2024-06-04,15981,1093.0422376572178,360.9578822802172,1184.0,569.2,1586.8,1767,1725,73.05739130434783,9.939380812580833,76.33500000000001,63.849000000000004,88.517,847
ES,2024-06-05,15700,1092.329554140126,344.7317524336812,1240.5,603.5,1586.5,1726,1665,72.79864264264266,11.88127708825671,73.61500000000001,61.273,87.557,848
ES,2024-06-06,16774,1101.4621437939677,320.39442870147946,1160.0,620.0,1582.0,1779,1745,72.76382808022919,13.070645534607616,72.345,56.04,90.72,871
ES,2024-06-07,14701,1096.8298755186718,398.1898025210439,973.5,427.4,1353.9,1704,1430,72.29893706293706,10.65264256662842,71.82,58.169999999999995,85.398,745
ES,2024-06-08,15777,1088.2077708056026,329.20962103324763,1015.5,612.0,1434.5,1648,1571,72.96295989815405,10.557449026043177,75.945,60.032000000000004,85.163,777
ES,2024-06-09,16672,1077.6106645873322,379.02073011528677,1054.0,452.6,1400.6000000000004,1717,1684,72.60488717339668,13.599621008695847,75.33,57.01,89.04,835
ES,2024-06-10,17168,1101.6012931034484,389.00227493319613,1142.0,478.0,1568.0,1790,1631,72.12537093807481,10.895500917093027,72.78999999999999,57.133,81.305,855
ES,2024-06-11,17696,1075.9515709764923,351.3260142624164,1096.0,562.2,1366.4,1799,1839,72.5694888526373,16.647278985862407,77.045,52.665000000000006,90.21000000000001,885
ES,2024-06-12,17057,1080.4003048601753,420.85040776051653,1178.0,490.8,1816.8000000000002,1795,1724,71.93254060324824,14.348202765134278,73.88,58.562,86.09599999999999,872
ES,2024-06-13,17313,1089.5165482585342,357.6192473388731,1047.0,596.0,1597.0,1778,1765,72.3285325779037,10.314144333867144,75.085,61.782,83.575,846
ES,2024-06-14,16345,1055.83493423065,368.8219340913421,1240.5,503.1,1556.9,1703,1706,71.2764712778429,9.584095408675562,77.36,62.014,85.69000000000001,825
ES,2024-06-15,15556,1097.404538441759,375.5991159009767,772.0,463.0,1319.2,1617,1748,72.84865560640735,14.852448924321767,75.24,57.604,85.092,752
ES,2024-06-16,18162,1088.3831075872697,291.96882686844407,945.0,589.0,1290.4,1738,2007,71.95939212755354,12.14743308111594,73.39,58.628,86.688,810
ES,2024-06-17,16680,1051.868405275779,385.8655857485771,1063.0,494.4,1529.0,1787,1731,72.54671288272678,10.79768577352658,76.18,65.042,88.52199999999999,886
ES,2024-06-18,16176,1062.9740974282884,410.84099447852435,1022.0,480.6,1522.7,1765,1671,72.44145421903053,12.73519485765501,75.66,54.698,85.934,827
ES,2024-06-19,16682,1079.8290972305488,357.1090586900914,1156.5,456.0,1485.5,1777,1774,72.0350281848929,10.413317509737041,72.78,60.49,86.38,836
ES,2024-06-20,15600,1073.2082051282048,383.598089394273,1009.0,504.2,1588.6000000000001,1750,1671,72.50535607420707,12.847084243073802,76.0,55.96,89.58,828
ES,2024-06-21,15554,1070.9560241738454,405.1065319836985,1159.5,523.9,1609.2,1727,1569,72.6335372848948,11.89125955763119,74.96,56.664,90.20800000000001,797
ES,2024-06-22,15393,1089.6569219775222,340.6370910402424,1168.0,700.0,1611.0,1632,1584,72.27713383838386,9.670415835810784,75.57,63.466,84.497,764
ES,2024-06-23,17180,1100.084109429569,353.6259289135908,1145.0,515.0,1430.1,1694,1665,72.93043243243244,13.076337168718158,76.85499999999999,60.619,87.157,807
ES,2024-06-24,17185,1074.577887692755,352.1679357588647,1098.5,544.0,1447.3000000000002,1775,1758,72.09344141069394,9.595299721664885,72.19,62.57,85.45,869
ES,2024-06-25,16322,1096.401788996447,400.5946934911276,1057.5,525.5,1652.5,1794,1716,72.7597902097902,13.06575830667927,72.0,55.835,85.46000000000001,823
ES,2024-06-26,16428,1075.2341124908703,320.83551779903246,1236.0,662.6,1632.2,1750,1696,72.92971698113205,9.857203391964802,74.02,64.392,89.46800000000002,831
ES,2024-06-27,16013,1075.5852744644972,396.31018402149,1118.0,504.0,1674.0,1740,1601,71.76194253591508,11.608820525789861,72.39500000000001,60.585,84.467,800
ES,2024-06-28,15828,1063.1199140763204,368.8566936116485,1049.0,632.6,1639.6,1701,1503,72.12365269461075,14.232908078111208,69.28,50.646,86.418,767
ES,2024-06-29,16720,1073.501196172248,387.37592461304956,994.0,588.5,1694.3,1635,1730,71.90835260115605,12.016894934730994,74.39,57.472,86.688,781
ES,2024-06-30,16288,1083.6389980353647,379.93630211653385,1107.0,645.4000000000001,1635.0,1635,1834,72.22516357688117,13.983752365962369,73.14,53.814,89.358,755
ES,2024-07-01,16653,1080.4593166396442,373.58287325685484,1193.5,542.0,1650.3,1761,1562,71.66119718309857,11.316387481553159,72.65,54.532000000000004,85.004,774
ES,2024-07-02,16496,1086.8444471387002,364.58757611691044,917.0,542.2,1586.2000000000019,1770,1619,72.6184496602841,13.33076952981668,74.1,53.07,89.625,807
ES,2024-07-03,17250,1078.473449275363,346.6019293542436,938.0,585.5,1453.5,1716,1597,72.0655291170945,11.153225886418216,75.15,60.744,88.89399999999999,817
ES,2024-07-04,16527,1078.9099050039333,352.5258974393684,1195.0,568.4,1440.0,1716,1550,71.89197419354839,15.04521620183638,75.2,66.634,87.13,772
ES,2024-07-05,12964,1081.5488275223695,330.7575395653723,914.0,554.7,1402.5,1552,1177,72.67217502124042,12.045624835846018,75.80000000000001,63.206,86.882,645
ES,2024-07-06,15346,1088.8378078978235,287.75725140597746,881.0,685.8,1419.7,1545,1522,72.73338370565045,16.146184723409085,74.72,47.501,96.49,705
ES,2024-07-07,16496,1110.2566076624648,371.2546084952712,1071.0,616.2,1606.8,1643,1842,72.6135884907709,9.885846665092185,78.035,66.369,86.68,783
ES,2024-07-08,16866,1076.1862919482985,329.807388108955,1209.0,569.0,1472.0,1723,1585,72.30650473186118,11.764924780976749,72.995,59.258,83.305,805
ES,2024-07-09,14911,1078.144658305949,343.6285620978275,1056.0,608.6,1474.8,1690,1515,73.58917491749175,10.834913694469416,76.39,59.354,85.674,769
ES,2024-07-10,14786,1088.9647639659136,338.08801247101843,1181.0,622.2,1572.4,1656,1344,71.67389136904765,10.644396269313203,72.92,61.052,81.71,728
ES,2024-07-11,16514,1083.2826086956525,364.8886130879516,1159.0,636.0,1578.3999999999999,1666,1617,72.02640074211504,10.472885573298552,78.46,63.014,86.952,784
ES,2024-07-12,15906,1075.6754055073548,330.92476813758304,1037.0,648.6,1507.0,1655,1563,73.36756238003838,13.25979998844669,78.39,57.21,90.96,746
ES,2024-07-13,16734,1107.2053902234973,392.4779487596242,888.0,588.4,1538.6,1583,1641,72.4392260816575,12.22081656541453,75.015,54.395,88.97999999999999,783
ES,2024-07-14,14706,1094.4995920032643,312.39708922783626,918.5,654.0,1353.5,1538,1426,72.6107363253857,14.368277789375215,71.59,47.482,82.084,703
ES,2024-07-15,15680,1086.8709821428577,367.8214023907093,1080.0,683.4,1598.5,1682,1459,72.04738176833446,11.829481711005789,73.42,53.062000000000005,87.282,780
ES,2024-07-16,15898,1079.6677569505598,357.91834143405873,1132.0,623.0,1637.0,1732,1772,72.65865688487587,8.471409789782925,80.06,65.842,86.63,812
ES,2024-07-17,15784,1086.0038013177907,405.6806906498551,1215.0,636.0,1666.3,1721,1625,73.5356369230769,11.991486051320257,75.7,55.546,87.53999999999999,771
ES,2024-07-18,15800,1101.404683544304,382.77470928498565,1214.0,634.0,1661.4,1690,1573,72.81311506675142,13.095100650056041,73.95,54.92,87.62,798
ES,2024-07-19,16396,1099.0201878506948,374.3465508921478,1222.5,646.0,1639.2,1699,1624,72.58134852216749,10.287255278512312,74.195,60.928,84.512,793
ES,2024-07-20,15676,1094.2009441183977,324.2405836158945,1050.0,631.0,1549.4,1614,1616,71.82709777227726,8.246728257556507,73.1,63.42,83.91799999999999,791
ES,2024-07-21,16734,1081.5875463128966,335.1756677725051,1016.0,669.2,1550.0,1694,1720,73.00241860465118,9.198070616810554,77.155,64.875,87.42500000000001,788
ES,2024-07-22,17116,1091.5817363870065,346.73418932716777,1136.0,653.8,1585.0,1706,1669,73.05890353505093,11.417017684161372,72.945,57.243,83.67699999999999,798
ES,2024-07-23,17172,1112.7427207081296,404.56535059656363,984.0,492.5,1632.5,1734,1732,72.62782909930718,11.93472698604392,75.05,54.08,83.23,834
ES,2024-07-24,16923,1092.0374047154762,393.4275920535725,978.0,635.0,1648.5,1719,1709,71.8345874780573,10.147375009150549,74.55,59.617999999999995,85.00999999999999,826
ES,2024-07-25,16462,1095.5939740007286,369.9194880590738,963.0,565.0,1627.6000000000001,1729,1681,72.1136823319453,12.160863652992765,79.64,58.89,90.64,821
ES,2024-07-26,15854,1067.8445187334426,412.20601087454304,987.0,528.0,1629.0,1703,1682,72.47561236623066,9.12681236796287,74.41,59.904,84.884,825
ES,2024-07-27,15375,1089.060162601626,297.5516338506724,912.5,492.1,1299.7,1558,1616,72.78713490099013,16.090323825713593,76.47,58.656000000000006,85.51400000000001,739
ES,2024-07-28,16331,1105.2573020635602,286.7212382919241,977.5,634.3000000000001,1272.7,1629,1704,72.1017546948357,12.32382415764328,75.99000000000001,61.79,88.16,801
ES,2024-07-29,16300,1075.5366257668707,324.6757325256111,1212.0,626.0,1614.4,1698,1744,72.52369839449536,13.444176500875894,72.79,55.478,84.75600000000001,803
ES,2024-07-30,16416,1081.0676169590643,391.8231282677436,1315.0,650.6,1613.0,1694,1615,72.13491021671825,9.0427562135391,74.58500000000001,63.034,86.151,773
ES,2024-07-31,15784,1057.5449189052206,313.27019382285636,1054.0,618.0,1348.4,1694,1644,72.24775547445255,10.484769323985,72.67,58.732,86.51800000000001,781
ES,2024-08-01,15397,1097.8105475092545,396.533513117105,1202.0,579.4,1431.0000000000005,1706,1730,72.47260115606939,12.029707507955008,74.05,61.826,83.696,794
ES,2024-08-02,14331,1076.1729118693734,362.2950127986781,1223.0,628.0,1652.0,1634,1447,71.41272287491356,8.592966504056893,74.75,63.442,82.175,740
ES,2024-08-03,14375,1067.8505043478265,333.7328557435326,943.0,619.5,1393.0,1559,1550,72.5558129032258,12.48778471307061,71.63,54.752,85.816,729
ES,2024-08-04,15669,1064.1569978939312,384.9003283300614,1076.0,606.0,1708.0,1593,1717,72.06237041351196,13.980362930138911,71.27,51.245999999999995,84.358,753
ES,2024-08-05,15506,1047.8527021798016,371.81605205626227,1184.0,645.5,1676.0,1691,1706,72.07499413833526,11.858802566911535,77.41,59.088,87.142,818
ES,2024-08-06,16262,1065.8667445578644,399.96509777855675,1185.0,518.2,1683.2,1705,1650,72.17880606060606,10.720298630936846,73.62,60.57,85.85,801
ES,2024-08-07,15382,1075.1141594070982,383.67851944172185,1233.5,554.0,1667.0,1672,1589,72.36410320956574,12.32200211327989,74.37,56.566,89.478,762
ES,2024-08-08,15390,1057.7231319038335,345.6721238728,1215.0,586.0,1496.800000000002,1679,1613,71.79523868567891,16.585893521463515,70.73,49.576,86.176,770
ES,2024-08-09,14483,1063.0083546226613,448.21389582978503,1197.0,516.0,1702.0,1653,1572,72.4066603053435,9.557825854167554,70.535,60.027,83.183,741
ES,2024-08-10,14319,1058.9604022627288,386.7624551869115,1159.0,600.4,1688.2,1531,1481,72.47170830519923,10.448046383043206,74.965,63.669,88.528,713
ES,2024-08-11,16619,1068.4479812263075,363.6339114662789,1226.0,683.4000000000001,1580.8,1628,1807,72.35900387382404,9.953605666273836,76.61,62.476,88.429,805
ES,2024-08-12,16565,1078.3224268035015,422.7459229777454,1155.0,667.7,1588.9000000000005,1696,1832,72.51830240174671,12.483686353225414,75.15,61.314,87.152,851
ES,2024-08-13,16797,1074.3824492468896,465.5853637787741,1145.0,600.6,1700.9999999999995,1732,1737,72.0387449625792,8.025928802082328,76.38,66.135,85.75,812
ES,2024-08-14,16449,1066.0041339899087,356.30345847298344,1194.5,643.5,1614.5,1678,1824,72.85425986842101,10.28703574384097,78.59,63.106,88.084,831
ES,2024-08-15,16566,1072.724435590969,327.43399125026843,1150.0,646.0,1576.7,1664,1684,71.6981591448931,9.309723962059234,76.19,67.88,90.52,812
ES,2024-08-16,16386,1062.5627975100695,442.44536519712756,890.0,431.0,1604.0,1687,1653,72.85525710828797,11.425871895641167,74.42,56.622,87.14800000000001,795
ES,2024-08-17,15784,1059.7924480486568,366.58825527913035,1138.0,634.4,1624.8000000000002,1607,1631,72.672581238504,12.373376476506436,74.03999999999999,57.278999999999996,87.065,777
ES,2024-08-18,17359,1063.9735583847,311.07068323776747,1211.0,678.4,1588.2,1720,1784,72.5092881165919,10.430413852580092,73.305,56.504,83.432,853
ES,2024-08-19,16993,1054.8967221797216,366.1645339967983,1184.0,449.8,1488.4,1723,1855,72.35359029649591,9.300878712053313,73.09,62.45,82.85600000000001,845
ES,2024-08-20,17606,1067.6919800068158,352.1768313961735,1147.0,438.0,1367.2,1733,1787,72.17651371012872,11.882600001746853,75.98,58.846000000000004,89.93200000000002,866
ES,2024-08-21,17119,1066.2849465506154,331.78250220659356,1035.0,497.5,1403.0,1754,1820,71.77864285714288,10.853683332882706,73.74000000000001,60.076,87.009,899
ES,2024-08-22,17549,1086.0139039261496,387.79490187655483,1210.0,470.2,1646.4,1736,1700,72.42521764705886,12.30049382727247,75.76,58.668,89.962,823
ES,2024-08-23,17253,1068.858749203037,330.4500380694372,1264.5,647.0,1451.8,1766,1750,72.46426285714281,10.664356193793214,80.66,65.02,86.1,869
ES,2024-08-24,16923,1083.5185250842055,286.86725812194567,1229.0,698.0,1357.8,1684,1770,73.1846271186441,10.541904400760242,75.38,63.992,88.43,832
ES,2024-08-25,16904,1064.977106010412,345.76631268994487,1154.0,540.6,1302.9,1702,1679,71.9745979749851,13.281371132030088,72.44,50.76,84.78,807
ES,2024-08-26,17555,1078.4080318997435,301.3991275929781,1113.0,699.6000000000001,1363.8,1786,1843,72.4304612045578,11.763746893410373,77.675,62.96,93.716,863
ES,2024-08-27,16502,1072.1357411222873,280.76660088075874,1173.5,741.7,1658.500000000001,1796,1674,72.36694743130231,11.496132051877058,80.35,58.9,87.78,841
ES,2024-08-28,17354,1073.4375360147517,298.6731675692392,1143.0,730.0,1455.0,1788,1893,73.00225567881668,13.140909976101351,72.145,55.521,84.88700000000001,890
ES,2024-08-29,16825,1083.3911441307578,375.0479038075637,1211.0,749.6,1704.0,1787,1712,72.44800233644858,12.39201462759838,75.04499999999999,57.199,89.023,863
ES,2024-08-30,16670,1071.4205758848232,340.6318554897858,1150.0,706.8,1685.9,1755,1704,72.53522300469484,11.841726252535986,71.02,54.098000000000006,83.47200000000001,851
ES,2024-08-31,16295,1091.4469469162325,339.9540995615982,1056.0,615.0,1656.7,1716,1712,73.35707359813085,12.059562722637354,73.94,56.872,89.657,809
ES,2024-09-01,17459,1096.7008992496708,340.70602848376313,1169.0,697.4,1668.6,1786,1813,72.52132928847213,7.4658592486724284,74.0,65.52,81.06600000000002,845
ES,2024-09-02,17040,1070.7028755868544,291.6834024189488,1121.5,737.0,1442.9,1826,1777,72.00516038266743,12.566637139664694,71.095,54.256,88.087,880
ES,2024-09-03,17395,1096.4389767174482,288.5484144818682,1129.0,640.2,1387.3,1852,1956,72.55010224948876,10.205897755709685,77.38499999999999,62.215,86.30600000000001,915
ES,2024-09-04,17012,1073.556430754761,318.3578147978036,1116.0,577.0,1388.0,1871,1854,72.91978425026966,12.28440593113614,70.0,49.256,80.774,894
ES,2024-09-05,16811,1070.7498066742019,377.30483839245863,1122.5,571.0,1647.0,1826,1829,72.78455440131216,14.385894407622116,74.22,60.308,85.602,862
ES,2024-09-06,15812,1073.7837085757662,371.60537718078973,1171.0,624.0,1621.0,1791,1689,72.80632326820604,13.768317290068529,76.495,55.065,87.783,869
ES,2024-09-07,16130,1054.802417854929,388.60589587613754,1108.0,571.0,1607.0,1701,1741,72.93582998276852,11.041608679093017,80.74,61.672999999999995,90.842,868
ES,2024-09-08,18037,1078.4354382657873,332.27309373330877,1192.0,713.0,1623.0,1768,1926,72.38368120456906,10.223968150869798,73.945,61.487,83.87299999999999,867
ES,2024-09-09,17792,1077.3426821043158,346.0841069394063,1200.0,629.0,1607.0,1848,1830,72.92304371584699,13.035776799549645,74.02,53.4,85.86200000000001,879
ES,2024-09-10,18117,1094.6041839156596,284.4912903719913,1195.0,680.0,1440.3999999999999,1852,2090,72.96909090909091,11.557869564735212,75.545,59.33,84.365,956
ES,2024-09-11,17237,1089.7982827638218,375.33970603423467,1212.0,569.2000000000003,1643.6000000000001,1856,2032,72.64540846456688,14.30111625790876,75.39,61.578,85.667,947
ES,2024-09-12,17583,1075.070920775749,287.5097284932765,1219.5,876.4,1475.0,1919,2121,73.08213578500705,9.998385175739578,73.63499999999999,54.81,83.926,974
ES,2024-09-13,16565,1073.0632055538797,356.9241190481258,1243.0,742.0,1687.0,1808,1911,72.81145473574045,10.753726749305306,76.08,59.614999999999995,86.425,917
ES,2024-09-14,16498,1068.2648805915871,347.2103963858477,982.0,623.0,1469.0,1741,1768,72.34937217194566,12.218870374948574,76.735,52.162,85.429,865
ES,2024-09-15,17506,1068.4181423511936,357.9498415876182,1226.0,688.7,1631.9,1833,1959,72.77070444104135,10.737658975498434,76.91499999999999,62.03,89.305,904
ES,2024-09-16,17462,1083.5424350017172,333.4743395523158,1157.0,765.0,1631.8000000000002,1848,1799,72.6597776542524,10.370647630222194,72.94999999999999,59.246,86.003,902
ES,2024-09-17,17872,1075.9343106535362,369.281656615171,1241.0,574.6,1653.0,1899,1876,72.09473880597012,10.44695778159169,70.395,56.81,83.78999999999999,938
ES,2024-09-18,16916,1079.699751714353,307.5793537661699,1239.0,764.7,1477.0,1884,1837,71.81248230811103,10.283474075339118,75.68,60.237,85.30700000000002,941
ES,2024-09-19,17126,1070.6100081747052,325.780778720677,1229.0,620.6,1462.4,1917,1784,71.44545964125561,11.966725366493465,73.9,53.314,84.112,951
ES,2024-09-20,16981,1072.938519521818,367.40595820057706,1191.5,567.4,1598.4,1880,1810,72.23367955801109,9.544465383858219,77.565,67.328,84.594,881
ES,2024-09-21,16972,1078.445498468065,279.68454881415084,1221.0,663.0,1370.0,1799,1790,72.1367597765363,12.122563935114828,75.57,57.725,87.51499999999999,870
ES,2024-09-22,17330,1096.5458742065787,304.8701776761728,1206.0,730.5,1455.5,1833,1941,73.02595569294182,11.693671126872024,78.26499999999999,59.730000000000004,88.745,891
ES,2024-09-23,17677,1076.3044068563665,341.438101534267,1201.5,684.0,1627.0,1902,1840,72.61564673913045,13.43566892288842,75.465,55.869,88.958,929
ES,2024-09-24,17116,1070.1412129002108,313.2613205365924,1242.0,779.2,1650.1000000000001,1938,1734,72.39967128027683,9.713603835843248,75.69,66.07,85.06,912
ES,2024-09-25,17162,1097.4920172474076,284.4568073687159,1201.0,785.3000000000001,1646.6,1956,1862,72.5405102040816,13.056513087309403,77.595,55.815,89.695,901
ES,2024-09-26,16633,1063.102687428606,304.5177731301546,1190.5,780.7,1678.0,1866,1775,72.2664676056338,8.85254533725399,76.47,64.678,86.05,924
ES,2024-09-27,16136,1067.7325235498265,302.42281369388564,1249.0,813.1,1706.9,1882,1744,71.69545298165134,9.919284957039842,73.42,58.018,84.438,897
ES,2024-09-28,15521,1076.1778235938402,356.5807535843827,1302.0,751.0,1761.0,1786,1708,72.95098946135833,9.8389159667763,76.9,62.946,89.08800000000001,824
ES,2024-09-29,16265,1075.1434368275438,327.7150397183775,1294.5,803.0,1716.1,1836,1764,72.99917233560092,12.153785871077375,74.345,55.229,85.78800000000001,803
ES,2024-09-30,16362,1061.6891578046693,327.35223315431375,1164.5,694.1,1454.9,1928,1733,72.26432775533752,7.7502006955988145,78.95,63.5,85.22,881
ES,2024-10-01,16599,1080.4521959154165,324.58212972837333,1206.5,845.0,1709.0,1949,1764,72.41994331065759,9.556953083999652,71.75,59.064,84.732,918
ES,2024-10-02,16840,1079.7687648456053,319.4031774278687,1063.0,712.4,1660.6,1941,1841,72.41763172189027,12.498407803471558,74.68,54.224000000000004,85.928,906
ES,2024-10-03,17472,1077.2700892857142,325.20317453578497,1092.0,759.0,1658.2,1897,1810,72.32129281767952,9.830202891542417,74.88,63.812000000000005,81.676,905
ES,2024-10-04,16168,1090.4842281049,377.2907261131915,1249.5,768.3,1769.7,1840,1604,71.95921446384042,10.353409467576649,73.32,63.196,85.328,848
ES,2024-10-05,15529,1072.4745959173163,330.4378031796706,966.0,731.0,1509.0,1771,1459,72.02026045236464,9.062914064590649,76.57,59.114,82.704,794
ES,2024-10-06,17271,1086.9518267616236,378.07871496653155,1254.0,654.4,1767.6,1829,1737,72.1810938399539,11.178074214308545,74.35,58.831,85.99,907
ES,2024-10-07,18000,1077.3409444444449,369.79043746209595,1180.5,807.0,1681.2,1977,1806,72.04633444075309,9.772235010112986,74.8,58.65,83.884,906
ES,2024-10-08,17574,1072.865369295551,341.5014284447949,1049.0,651.8,1643.4,1942,1755,72.00731623931628,11.442061883735322,73.09,53.004999999999995,81.805,916
ES,2024-10-09,18002,1089.1811465392734,319.03467077870994,1037.0,654.0,1524.6,1941,1926,72.55945482866048,10.12570718777862,75.405,62.114,85.545,957
ES,2024-10-10,17088,1092.3776919475658,302.6948125698459,1222.0,711.2,1517.6,1951,1820,72.37210989010984,11.157467851881304,79.89,57.09,88.21,945
ES,2024-10-11,15971,1057.6682737461645,348.49039019271925,1277.0,830.0,1629.0,1889,1597,71.55776455854726,9.4565675421346,78.45,65.254,85.69,857
ES,2024-10-12,17704,1093.3173859014914,307.60156719863755,1241.5,839.0,1639.0,1839,1841,72.19679521998913,12.96691863455507,76.81,54.012,90.626,920
ES,2024-10-13,18724,1078.6195257423628,313.76258460463225,1210.0,651.8,1646.4,1905,1949,72.39845048742946,11.744018093742838,73.945,56.448,85.49,926
ES,2024-10-14,18031,1088.4232155731786,290.16920730885556,1154.0,797.0,1423.0,1925,1821,72.12700164744643,12.832743580558697,73.91,52.4,86.14,910
ES,2024-10-15,17516,1080.9727677551944,333.07424471490583,1147.5,756.0,1643.7,1959,1724,71.82534222737821,11.63596081120936,69.43,58.510000000000005,83.679,943
ES,2024-10-16,17241,1088.2249869497134,355.6512662239968,1203.0,649.0,1658.0,1928,1770,71.91273446327683,14.451514698582058,76.28999999999999,61.054,89.78,898
ES,2024-10-17,18351,1072.30243583456,351.0091404605123,1254.0,679.6,1653.0,1942,1908,72.66137840670858,9.08512016064363,74.515,59.879999999999995,84.15,943
ES,2024-10-18,16599,1065.9309596963676,345.6444871883083,1222.0,511.6,1493.2,1897,1736,72.60514400921659,10.884895070807037,76.85,62.677,91.254,872
ES,2024-10-19,16303,1071.1143961234122,334.13488838414156,978.0,637.0,1369.0,1802,1650,72.17419999999998,8.615027716207326,75.565,63.355000000000004,82.199,864
ES,2024-10-20,17966,1083.7236446621391,347.47307454176354,1268.0,596.0,1505.0,1886,1871,72.05987172634954,11.879145344579594,74.28,58.889,84.005,891
ES,2024-10-21,17949,1086.6110089698584,369.00306498811545,1194.0,604.0,1642.8,1968,1762,72.2575879682179,12.817021744576692,75.87,61.38,90.11,942
ES,2024-10-22,17048,1072.341271703426,360.7494652405111,1199.0,577.2,1551.8000000000043,1962,1600,71.97583124999997,9.808642226798433,74.505,61.022,84.773,907
ES,2024-10-23,17357,1095.0960419427317,339.88408261394807,1217.0,648.8,1641.6000000000001,1958,1808,72.1897732300885,10.912614260570196,73.31,55.746,82.399,929
ES,2024-10-24,17192,1066.0945788738943,389.9542402492614,1061.0,446.0,1624.5,1955,1843,72.6316332067282,8.469983927633807,73.435,61.998999999999995,84.028,944
ES,2024-10-25,16625,1064.2673082706763,345.1423777812638,1270.5,788.0,1633.0,1924,1760,72.46616477272731,10.546803163044242,75.12,62.184,85.97200000000001,919
ES,2024-10-26,16915,1075.28708247118,461.85783567953354,1227.0,213.60000000000005,1755.6,1868,1771,72.20531338226992,10.073536731652425,76.9,58.205,84.328,909
ES,2024-10-27,18088,1101.009619637329,523.4366170368078,1085.0,167.0,1434.6,1887,1910,72.43777486911002,11.024326511389551,69.8,61.842000000000006,84.888,892
ES,2024-10-28,17533,1079.8100724348367,451.5961293717135,1084.0,335.80000000000064,1388.9999999999995,1965,1833,72.01118930714672,13.829260880327338,73.97,61.954,88.002,910
ES,2024-10-29,17486,1075.8346105455792,407.5412202834932,1196.5,424.3,1469.8,1976,1736,72.72720622119812,9.064501416928566,78.115,64.898,86.61,869
ES,2024-10-30,17016,1073.7880818053598,345.0000796762863,1117.0,449.0,1349.6,1971,1742,72.20106199770377,10.65275243136029,77.36,59.838,87.518,919
ES,2024-10-31,15594,1079.365717583686,361.31826875553,1133.0,413.2,1345.0,1876,1687,72.39513337285115,13.526487576698205,76.04,50.952,87.846,846
ES,2024-11-01,17334,1089.923906772817,387.1204494260207,1053.0,439.4,1364.0,1799,1907,72.95837965390666,13.264913481762289,78.35,53.352000000000004,84.234,896
ES,2024-11-02,17238,1101.0735004060791,350.96797906654655,1040.0,462.0,1345.6,1813,1893,73.16540412044374,10.018204679482247,77.465,60.459,85.854,901
ES,2024-11-03,17750,1100.9427042253515,382.04362763584965,1177.5,645.0,1780.1,1899,1857,72.49540118470655,7.679145850607212,72.07499999999999,65.075,86.241,909
ES,2024-11-04,17306,1080.0265225933201,288.61511537516884,1169.5,709.7,1411.9000000000015,1940,1881,72.28435938330676,8.97831827459909,77.29,63.294000000000004,86.23400000000001,902
ES,2024-11-05,17322,1073.551899318786,346.0522593923305,1169.0,639.2,1358.0,1963,1756,71.91650911161734,14.07627454192308,72.87,58.638,82.954,915
ES,2024-11-06,17809,1081.763097310348,377.4642756885292,1252.5,616.0,1594.0,1978,2045,73.28262591687046,12.64323003438913,74.615,55.741,83.32400000000001,906
ES,2024-11-07,17221,1093.9886185471228,357.89248764738005,1204.0,556.4,1523.4,1966,1888,71.80670550847456,7.833153125611255,68.435,61.298,77.5,918
ES,2024-11-08,16769,1082.9052418152546,407.3477298067461,1183.0,397.6,1563.7,1922,1762,71.92470488081726,14.84176388109044,69.32,50.596000000000004,87.396,884
ES,2024-11-09,16663,1062.7812518754135,396.4345289870318,1168.0,479.8,1493.4,1855,1766,72.72719139297848,9.503579582054805,73.065,62.573,83.62400000000001,884
ES,2024-11-10,19003,1086.4601904962371,369.99481730692446,1253.5,576.0,1532.1,1979,1999,72.9390695347674,14.498336217001745,69.86,47.961,84.59400000000001,966
ES,2024-11-11,17725,1081.8251622002824,443.67808020225164,1215.0,392.0,1655.0,1994,1911,72.50285190999476,9.389370180957918,73.57,57.458,84.33800000000001,928
ES,2024-11-12,17453,1068.5428866097523,471.4381175585421,1120.0,393.8,1693.4,1999,1891,72.44488630354309,11.669230439877214,73.445,54.513,85.823,929
ES,2024-11-13,17529,1096.7868104284332,381.0980243288653,1252.0,461.1,1633.6000000000001,1985,1866,72.6910557341908,12.563891056400362,70.23,56.64,86.08,933
ES,2024-11-14,17717,1086.6485296607777,373.9441019464938,1219.0,442.6,1495.2000000000003,2004,1866,71.99637727759917,14.029798927379835,71.41499999999999,57.511,83.25,955
ES,2024-11-15,16276,1084.999201277955,388.68367082729907,1069.0,426.8,1481.6,1916,1679,72.10061941631922,15.171530312242933,71.94999999999999,49.125,83.46,899
ES,2024-11-16,16584,1073.0675349734688,399.1105337611379,1151.0,335.8,1356.6,1845,1665,71.9908828828829,13.343403597117025,77.3,55.019000000000005,86.85900000000001,885
ES,2024-11-17,18482,1100.6875879233837,398.1766194096771,1133.5,393.00000000000006,1359.7,1941,1917,72.57100156494525,17.251716138236382,75.57,56.944,91.582,886
ES,2024-11-18,19638,1109.6090742438134,389.29776747715533,1115.0,464.6,1367.8,2010,1868,72.17584582441114,12.173233859256634,65.69,53.528,79.218,929
ES,2024-11-19,17636,1067.200328872761,408.3761454189726,1159.0,435.2,1616.2,1999,1713,72.70935201401052,12.748391726006378,72.95,56.08,87.202,943
ES,2024-11-20,17558,1088.7629001025173,413.2105074400291,1131.0,416.7,1625.0,1987,1815,72.25350964187328,14.914313460008124,75.89,49.714,87.45700000000001,917
ES,2024-11-21,17321,1093.7173950695678,387.91253750413557,1117.0,430.0,1648.6,1974,1824,71.54862938596493,15.356416540643663,72.45,51.695,85.97,917
ES,2024-11-22,16313,1062.635505425121,417.9005449877056,1130.0,401.0,1375.0,1940,1732,72.10579676674368,11.097951057202168,76.03,61.06,87.93,863
ES,2024-11-23,16327,1071.4702027316723,351.64852666907626,1216.0,624.8000000000001,1358.2,1886,1750,72.33346285714286,9.37974774447586,72.28,60.784,84.22900000000001,892
ES,2024-11-24,18503,1094.5850402637413,344.5759400565703,1049.0,530.2,1346.6,1949,1823,72.47294020844762,15.32320142539009,72.74,51.525,89.395,920
ES,2024-11-25,17860,1077.719988801792,379.6150941131798,1290.0,519.0,1627.0,2027,1814,71.8818687982359,10.612359101654985,77.33500000000001,59.001999999999995,88.248,963
ES,2024-11-26,17124,1071.436171455268,391.41727581714645,1242.5,422.6,1640.4,2000,1810,72.37217679558007,11.943622967502103,74.095,57.087,83.171,959
ES,2024-11-27,16592,1083.401759884281,434.5792535587191,1226.0,419.2,1671.0,2035,1729,72.30846732215154,11.109647959218949,73.94,58.4,84.695,913
ES,2024-11-28,17496,1082.9233539094646,386.564899009617,1204.0,452.7,1691.9,2011,1882,72.35975026567483,13.419368504580548,71.95,53.182,85.282,981
ES,2024-11-29,16596,1091.5968305615806,390.95826794606035,1287.0,434.6,1674.8,1992,1824,72.49641447368423,9.812242508213908,73.36,58.908,80.196,914
ES,2024-11-30,16867,1081.80613031363,318.5051071629604,1248.0,596.6,1400.0,1902,1852,72.78286177105832,7.5648977898864285,76.155,68.86,87.443,871
ES,2024-12-01,18314,1075.6968439445232,384.09046005592063,1261.0,472.7,1403.1,1935,2015,72.15846650124071,11.019946021710469,73.1,57.208,85.31599999999999,967
ES,2024-12-02,18617,1071.050276628887,411.37907800503774,1280.0,458.2,1700.8,2075,2126,72.64854656632176,12.38944042686792,75.86500000000001,56.92,85.581,975
ES,2024-12-03,18209,1084.4131473447194,437.1942122566218,1109.0,575.0,1457.0,2063,1968,72.34837906504066,12.300869564222323,74.56,63.477000000000004,93.67200000000001,940
ES,2024-12-04,17279,1068.111522657562,429.9902240585844,1075.0,441.0,1657.0,2046,1917,73.1963693270736,11.196385460626127,76.38,61.604,90.452,979
ES,2024-12-05,17340,1080.582237600923,415.0780375022044,1076.0,383.0,1675.0,1953,2001,72.17464267866065,11.573891991751726,76.93,62.827999999999996,86.886,973
ES,2024-12-06,17093,1065.695313871176,391.4729866353106,1146.0,565.4,1660.2,1930,2093,73.19461538461539,8.111989487018585,72.16999999999999,62.067,83.988,946
ES,2024-12-07,17752,1057.2312415502483,374.23769329163906,1202.5,373.5,1402.5,1913,2006,72.2156031904287,11.034613051987849,66.88,55.364999999999995,83.03999999999999,968
ES,2024-12-08,19199,1072.9010885983644,398.77967126105193,1278.5,429.3000000000001,1417.0,1981,2182,72.80225022914762,12.137516476593477,75.54,55.696,83.602,1022
ES,2024-12-09,19160,1074.6898747390399,415.7829296479394,1060.5,434.0,1648.0,2051,2108,71.34066888045537,13.609858168126028,71.89,48.888,84.042,1042
ES,2024-12-10,18262,1061.2872084109074,427.7651042163765,1297.0,472.1,1617.9,2096,2047,71.92131900341968,13.6871410629976,76.15,59.075,91.88,1065
ES,2024-12-11,19012,1078.6995055754257,387.7199546109634,1357.0,547.4,1558.3,2073,2146,72.08967847157501,9.156084042864615,75.12,66.182,88.378,1037
ES,2024-12-12,18018,1077.322066822067,350.83584518280986,1261.0,641.0,1545.0,2073,2075,72.21815421686743,10.803171339935325,77.315,57.745,86.965,996
ES,2024-12-13,18056,1081.6945613646428,425.39842634029026,1086.0,453.8,1582.6000000000001,2002,2049,72.13698877501221,11.639650714261146,72.53,54.355000000000004,84.38800000000002,1037
ES,2024-12-14,18584,1083.063011192424,361.203277294022,1301.0,575.0,1564.9,1968,2122,72.60744580584354,10.395401881415365,73.79,53.192,82.616,1029
ES,2024-12-15,20412,1084.9182833627274,363.24341164904536,1215.0,605.2,1537.0,2081,2226,72.52420485175203,10.301754153491775,74.65,60.8,86.65,1036
ES,2024-12-16,19329,1061.4419783744634,396.2497848526304,1099.0,560.1000000000001,1619.6,2122,2227,72.26850471486306,13.95323041640374,73.55000000000001,49.827,86.539,1107
ES,2024-12-17,19214,1067.6417716248568,466.72835386557495,1155.0,464.0,1640.2,2139,2168,72.08478321033208,12.501275232451288,73.72999999999999,61.911,88.252,1088
ES,2024-12-18,17823,1063.6110082477692,376.599039639203,1096.0,587.0,1595.7,2112,2139,72.3551332398317,10.961453259502727,74.68,54.816,83.788,1036
ES,2024-12-19,18787,1072.2910523234152,409.5357027046632,1131.5,457.7,1626.1,2139,2252,72.77600355239784,9.019721778116628,74.66499999999999,64.82000000000001,82.56,1051
ES,2024-12-20,16973,1057.9862723148526,418.9453326809452,1180.0,654.4000000000001,1626.1,2029,2023,72.05610973801284,9.059105271140714,73.675,61.775,85.16,984
ES,2024-12-21,17568,1086.908356102004,333.1586802899624,1114.5,565.1,1393.0,1908,2049,72.59493411420203,9.821880064003803,71.95,58.71,82.49,979
ES,2024-12-22,20536,1108.8175399298793,318.35322505413205,1115.5,646.0,1369.4,2036,2335,72.53959314775162,10.660713833052693,72.82,57.708,85.71799999999999,1055
ES,2024-12-23,20048,1093.8142458100556,384.4937471466521,1206.0,458.0,1392.6,2134,2262,72.44147214854115,12.212384503190698,74.2,60.566,84.974,1063
ES,2024-12-24,18128,1063.687775816417,408.0258130871802,1101.0,412.8,1391.0,1990,2125,72.50681882352937,15.464464806308756,67.085,50.905,89.215,981
ES,2024-12-25,18974,1039.4176768209131,357.5493782332138,1128.0,554.0,1376.0,1965,2074,71.37701542912244,13.384783371159099,71.22999999999999,57.254999999999995,90.878,1000
ES,2024-12-26,20919,1051.2444667527125,465.53589093473016,1160.0,400.20000000000005,1416.0,2104,2180,72.21966972477068,17.77387743695439,73.34,54.194,93.86999999999999,1035
ES,2024-12-27,20246,1070.9835523066279,383.2132005422145,946.0,453.8,1451.6,2024,2064,71.73860465116277,18.602106879835627,71.15,50.63,85.01,987
ES,2024-12-28,19200,1077.4202604166662,410.5531674655211,1162.0,468.0,1657.1,2039,2194,72.09846399270735,12.227815039008227,72.28,54.147999999999996,87.19399999999999,1034
ES,2024-12-29,21909,1068.698251859967,385.254212562304,1071.0,416.0,1373.0,2068,2329,72.01883211678835,11.535088609395636,72.33,58.164,82.22,1075
ES,2024-12-30,20829,1049.2777377694554,406.4875624795085,1088.0,426.2,1646.4,2140,2232,72.00059139784949,12.137940853362329,73.875,60.968,85.189,1062
ES,2024-12-31,19601,1086.0246415999188,401.8625582863977,1176.0,499.5,1650.0,2025,2114,71.9514427625355,15.378337682446249,72.235,54.246,83.536,1019
ES,2025-01-01,20150,1068.3849131513648,397.94862716539905,1151.5,435.9,1422.0,2043,2335,71.86042398286936,14.87573225175963,71.845,49.629000000000005,88.262,1075
ES,2025-01-02,21484,1069.1634239433997,394.82300181529763,1160.0,431.40000000000003,1422.0,2142,2510,72.13746613545817,9.271630881909827,74.81,67.04,84.97800000000001,1143
ES,2025-01-03,21044,1055.0772191598558,387.93296749548557,1153.0,437.0,1418.0,2228,2544,72.16551886792455,12.914297207492156,73.72,58.879999999999995,88.162,1174
ES,2025-01-04,22424,1078.587183374955,431.3173963690452,1133.0,454.0,1579.8000000000002,2197,2548,72.1197370486656,9.55770463018103,75.22999999999999,61.643,85.125,1159
ES,2025-01-05,23483,1062.7908274070608,367.4915325079319,1169.5,496.0,1565.0,2201,2756,72.30091436865018,11.23558481887891,77.305,59.827,89.38199999999999,1219
ES,2025-01-06,22498,1076.911814383501,389.8895476332333,1095.0,472.0,1441.0,2177,2488,72.17633038585207,10.96046596446352,74.345,59.725,86.83500000000001,1162
ES,2025-01-07,22584,1052.6899132128945,341.19372704520816,1134.5,577.1000000000003,1376.0,2256,2447,72.44019615856146,11.646713160265431,76.06,56.327,85.749,1153
ES,2025-01-08,21579,1051.1528801149266,411.4066921247259,1141.0,513.0,1622.0,2270,2423,71.72814692529926,10.953430052586155,74.77000000000001,60.695,88.885,1124
ES,2025-01-09,17936,1042.7042818911686,369.5661219754412,1120.0,490.7,1425.1,2153,1984,71.54416834677421,13.174579709828024,71.84,56.146,87.484,1041
ES,2025-01-10,21091,1048.3037788630227,355.30998507938926,1168.0,552.0,1419.0,2251,2385,71.39683018867926,10.54118779131532,72.985,58.391000000000005,87.574,1174
ES,2025-01-11,21961,1060.5004325850375,419.1018235135012,1173.5,453.70000000000005,1642.0,2251,2412,71.77419568822555,13.256118889806462,73.31,55.784,87.472,1204
ES,2025-01-12,22000,1060.2588181818185,409.67712399371186,1200.0,525.4000000000001,1673.4,2241,2485,72.1136901408451,12.427643476239918,77.345,59.448,92.163,1157
ES,2025-01-13,22167,1070.3889565570448,355.3011274724826,1137.0,495.0,1331.8000000000004,2238,2422,71.6099339388935,11.877026023097812,75.85,53.54,88.96,1147
ES,2025-01-14,21510,1060.8835425383534,404.1915165747072,1092.0,292.0,1418.0,2297,2456,72.4571701954397,14.515400404304751,77.07,55.43000000000001,86.076,1162
ES,2025-01-15,21188,1074.0500755144415,378.9168572586685,1197.0,499.1,1643.0,2220,2257,72.00169694284446,10.65597559400003,74.34,61.25,85.85,1136
ES,2025-01-16,21032,1065.5067516165836,356.3320063061332,1234.0,529.5,1673.5,2262,2392,71.76234949832777,10.736379033454435,71.68,60.624,82.647,1154
ES,2025-01-17,20715,1056.2977552498191,392.2617168731879,1179.0,557.0,1557.0,2247,2399,72.16066277615673,10.499801885076229,75.88,60.001999999999995,85.903,1128
ES,2025-01-18,20554,1054.523109856961,360.4087559417472,1023.0,493.5,1357.3,2202,2373,71.98592920353983,12.332824814103322,73.88,60.448,84.944,1082
ES,2025-01-19,22183,1071.095568678718,393.55023105383634,1030.0,521.4,1551.0,2218,2457,71.89921448921451,9.622372312871436,72.95500000000001,63.757999999999996,86.71000000000001,1148
ES,2025-01-20,22436,1077.515109645213,370.621499406365,1099.0,592.2,1592.2,2281,2477,72.35960839725473,10.937045886824698,78.55,59.938,89.28399999999999,1164
ES,2025-01-21,21173,1075.8264771170839,406.9408318851555,1192.0,584.0,1583.8000000000002,2319,2292,72.51994764397904,10.742719150373505,74.91,61.586,85.476,1140
ES,2025-01-22,22178,1079.6841915411667,430.8543639332315,1182.0,572.2,1918.8000000000002,2341,2436,71.75460180623973,9.136017743789893,76.07,63.568,84.262,1158
ES,2025-01-23,21314,1067.0770385662001,425.4170407305931,1100.0,507.6,1695.4,2291,2267,72.24079400088222,11.567614642044449,73.18,59.07,87.87,1155
ES,2025-01-24,20652,1056.0999903157078,399.80494510763333,1124.5,451.4,1528.6,2269,2300,72.25471739130435,12.615320513146239,74.87,57.480000000000004,84.738,1145
ES,2025-01-25,20294,1051.0832265694305,377.4494544748022,1150.0,426.0,1529.0,2170,2282,71.86514899211224,11.29222812817583,71.61,53.124,83.808,1133
ES,2025-01-26,22547,1064.203574754956,385.52310236993253,1200.5,415.7,1476.1000000000013,2303,2495,71.75272144288574,9.702347220255078,73.45,64.68,85.66,1188
ES,2025-01-27,23178,1088.6965657088624,431.75293459245114,1223.0,395.6,1716.4,2338,2398,72.39379482902422,11.148840573870524,73.785,59.465,86.215,1181
ES,2025-01-28,21221,1070.3961170538614,350.08042083466677,1128.0,577.4,1678.6,2372,2270,71.88876651982373,10.254458701886612,74.725,61.073,85.025,1181
ES,2025-01-29,20999,1083.8406114576892,353.2298164545239,1090.0,610.6,1628.8000000000002,2308,2296,71.76244773519161,10.495405373334433,75.325,60.45,85.505,1211
ES,2025-01-30,20881,1066.6549015851735,370.41844763984733,1096.0,476.0,1374.0,2300,2356,72.18001697792873,13.320511251875352,72.255,55.906000000000006,82.328,1133
ES,2025-01-31,20363,1093.6553061926038,406.1586725099509,1048.0,459.8,1634.2,2261,2299,72.13481513701612,16.545747455377857,73.21,50.018,82.36800000000001,1136
ES,2025-02-01,20562,1080.8054663943199,341.9305614219797,1127.0,510.8,1369.0,2165,2229,72.03865410497978,11.758430254144807,75.04,54.274,86.852,1075
ES,2025-02-02,21947,1078.460017314439,408.12374723840225,1141.0,404.0,1413.0,2239,2324,71.84022375215145,15.707890581864461,74.43,46.07,88.38,1155
ES,2025-02-03,22127,1062.5235232973296,426.3346169394715,1137.0,338.2000000000001,1629.6,2324,2336,71.88770547945205,12.417173046597032,73.19,56.974000000000004,84.304,1158
ES,2025-02-04,21416,1051.3911561449388,391.4040946549762,1127.0,488.2,1584.9,2368,2290,71.4190131004367,13.500629715541463,73.92,59.28,83.71600000000001,1172
ES,2025-02-05,21008,1061.1303313023602,374.9227700010065,978.5,427.3000000000003,1386.7,2354,2328,71.73123281786938,13.431597358791533,72.10499999999999,56.614999999999995,84.505,1161
ES,2025-02-06,21436,1065.2823287926853,393.6610529254311,1134.0,424.0,1619.6,2355,2327,72.12844864632578,10.081776542926587,74.13,60.724,86.922,1179
ES,2025-02-07,21436,1049.8456335137148,414.2292025384037,1068.5,399.1,1533.8000000000002,2330,2368,72.1849366554054,10.467514474666073,74.86,62.925,85.564,1179
ES,2025-02-08,21033,1062.195930204915,350.4008245988116,937.0,427.4,1306.6,2218,2257,71.12688967656183,14.436683308445438,67.33,49.708000000000006,85.378,1134
ES,2025-02-09,22459,1067.3845229084113,366.57725240538343,1097.0,448.6,1370.8000000000002,2337,2370,71.26423628691985,11.91562789031501,71.72,56.726,86.83,1180
ES,2025-02-10,22265,1042.3286323826624,386.70146487962245,1113.0,412.0,1530.0,2367,2336,71.19444349315067,11.77340022631053,76.06,55.33,83.192,1198
ES,2025-02-11,21834,1072.6592012457636,373.154744551557,1129.0,448.5,1380.5,2374,2470,71.3471093117409,15.597017725754498,71.365,55.107,88.036,1307
ES,2025-02-12,21907,1063.9124480759579,367.5361505311735,1114.0,426.0,1359.0,2413,2456,71.54654315960913,14.543670183802611,71.71,57.41,84.25,1305
ES,2025-02-13,21344,1044.6514711394302,364.00734766727845,1106.0,432.8,1372.0,2354,2372,71.0810075885329,12.90596127449192,67.515,51.834,83.94,1245
ES,2025-02-14,19445,1055.6030856261248,307.55135138568346,1115.0,549.5,1373.0,2314,2192,71.71455748175181,10.561882454165533,72.73,59.25,85.42,1150
ES,2025-02-15,20685,1065.8656514382405,327.8085977735061,1076.0,561.0,1363.6000000000004,2223,2241,71.9107362784471,10.379339609880777,69.58,55.664,82.518,1145
ES,2025-02-16,22104,1050.2798588490768,310.5636072047172,1073.0,480.0,1365.0,2330,2415,71.56680331262942,14.759963635816053,70.08,52.235,88.248,1205
ES,2025-02-17,22693,1063.7582514431772,394.07774615264634,1089.0,453.20000000000005,1390.0,2427,2272,70.9410827464789,14.602886278865194,71.1,50.824,86.096,1229
ES,2025-02-18,23410,1062.7421187526702,349.5372830735797,1131.5,459.2,1375.7,2447,2421,71.43153655514249,11.701299817089243,74.44,55.428,87.618,1294
ES,2025-02-19,22182,1045.8610134343157,369.13326177624674,1102.0,475.1,1541.6000000000001,2439,2301,71.37104302477185,13.422199303419507,73.45,56.88,87.8,1237
ES,2025-02-20,22241,1042.8496470482435,360.7703269885993,1062.0,473.7,1363.9,2453,2367,70.83237853823405,12.194017494930318,70.235,54.144000000000005,86.53699999999999,1242
ES,2025-02-21,22762,1055.4581319743434,333.0132201426412,1006.0,467.0,1340.0,2418,2319,70.92601552393276,12.468610772449324,70.94,55.622,86.06400000000001,1226
ES,2025-02-22,22990,1034.5058286211392,309.8505387894579,991.0,501.3,1346.7,2344,2291,71.13170231340027,12.65402056271047,68.04,56.7,88.122,1229
ES,2025-02-23,23099,1056.0126412398804,312.8605634871143,883.0,546.6,1254.0,2378,2329,71.1521897810219,14.52494595366861,73.75,56.018,90.134,1189
ES,2025-02-24,24514,1044.1745125234565,375.8207349729312,1065.0,488.0,1520.0,2475,2363,71.58597545493018,11.620999424450492,73.03,56.992000000000004,85.148,1253
ES,2025-02-25,22529,1038.9483332593545,365.7183194416951,1065.0,457.0,1365.6,2474,2406,71.35589775561097,12.483144600664279,74.0,56.936,86.905,1263
ES,2025-02-26,21219,1051.0833686790147,336.74538795374013,1050.5,491.40000000000003,1372.0,2476,2273,71.6213286405631,12.548241825552992,70.16,51.522,81.9,1267
ES,2025-02-27,22226,1024.6549986502296,371.27921818437767,1051.0,488.0,1572.0,2459,2331,70.9825911625912,11.048653196503057,71.505,56.076,84.974,1252
ES,2025-02-28,22310,1047.1181532944868,303.5268650559126,1084.0,717.0,1335.8000000000002,2388,2316,71.06486614853193,11.359659143626404,73.37,60.976,86.79700000000001,1194
ES,2025-03-01,21044,1025.561252613572,285.814106941715,852.0,619.4,1278.7,2301,2164,71.34610443622921,11.896273407569883,74.36,59.338,85.81400000000001,1206
ES,2025-03-02,24119,1023.9664579791864,297.47859891488076,1006.0,643.1,1317.9,2395,2439,71.49224272242724,11.239178808817222,74.79499999999999,63.16,87.455,1250
ES,2025-03-03,23481,1050.067373621226,373.4001674371412,842.0,488.6,1704.4000000000012,2510,2522,71.22115781126091,11.827925922690465,74.97,58.94,88.445,1342
ES,2025-03-04,22813,1045.1242274141935,346.39906576848324,1003.0,576.2,1712.6000000000001,2487,2380,70.99349579831933,14.081359382005145,72.375,52.187,84.844,1282
ES,2025-03-05,23183,1053.059008756417,357.01411949196137,1031.5,514.9,1593.1,2508,2541,71.46199134199135,12.594633432866726,76.87,55.078,86.79,1289
ES,2025-03-06,23438,1050.4292601757836,330.18366911650804,937.0,507.8,1329.1,2507,2652,71.35546003016591,12.536551669472532,73.72,54.1,84.06,1312
ES,2025-03-07,22363,1032.0732907033944,276.5720633564493,1047.0,702.0,1347.4,2476,2408,71.03399086378744,11.474104642828154,72.105,53.929,83.333,1255
ES,2025-03-08,24114,1042.6088993945416,278.99398157470534,941.5,539.1,1253.2000000000003,2399,2442,71.31360360360362,11.143900871938811,76.21000000000001,64.87,89.39999999999999,1275
ES,2025-03-09,24073,1035.0913886927265,266.89442420819495,927.0,518.8,1245.6,2488,2520,71.31397619047618,12.002269574988322,71.85,60.04,89.122,1313
ES,2025-03-10,23657,1027.023798452889,285.9396691021414,1083.0,587.3000000000004,1350.6,2498,2602,71.74312067640277,12.187452481990194,82.03,63.4,94.66,1293
ES,2025-03-11,21904,1036.7357103725342,377.43603676693,952.5,456.6,1431.1000000000001,2483,2469,71.38017010935603,12.03342585228256,71.565,59.385,86.02500000000002,1273
ES,2025-03-12,21042,1029.808858473529,342.1759641869531,958.0,469.20000000000005,1296.8999999999999,2501,2426,71.99423330585329,12.116552816672288,75.755,58.846,89.145,1277
ES,2025-03-13,22580,1041.927945084145,339.54170244379094,918.0,517.0,1290.4,2510,2558,71.1638232994527,11.969959462982928,73.36500000000001,52.79,85.902,1289
ES,2025-03-14,21661,1037.1628733668806,313.30184947698615,975.5,517.0,1319.0,2415,2370,71.07789873417723,15.094343861965777,71.83500000000001,48.545,88.382,1248
ES,2025-03-15,20992,1014.1336699695122,326.6452687853195,948.0,473.0,1315.0,2364,2295,71.14493681917209,12.198708002796854,69.465,50.754,85.484,1191
ES,2025-03-16,23529,1030.5836627140977,312.9992334395857,1000.5,528.3,1433.9,2414,2452,71.30554649265902,14.073817994685706,73.13,50.624,87.504,1252
ES,2025-03-17,23626,1043.213408956235,319.6863769601032,1006.0,538.8,1416.0,2520,2509,71.41405340773217,12.482251254721858,76.53,61.87,89.15,1293
ES,2025-03-18,23239,1040.5528637204695,330.0978533162252,1115.0,502.20000000000005,1454.0,2586,2595,71.78354913294798,10.58463952374225,72.55,58.495000000000005,83.27000000000001,1354
ES,2025-03-19,23303,1026.8032442174815,348.30015589415325,1087.0,565.7,1563.3000000000002,2509,2576,71.02657220496896,10.62884737692585,73.0,59.418,83.96000000000001,1332
ES,2025-03-20,23265,1022.9188050719965,406.8686567893268,931.0,389.9,1559.0,2550,2647,71.30174537211934,12.23129390505011,75.58500000000001,53.116,86.634,1355
ES,2025-03-21,23887,1031.6037593670198,374.0608634069631,976.0,439.0,1543.0,2581,2755,71.18899455535387,13.949639074936227,72.65,54.660000000000004,90.498,1354
ES,2025-03-22,24587,1023.959897506813,453.84184585659114,901.0,427.8,1797.4,2431,2691,71.38674842066143,13.125334393396447,76.235,57.415000000000006,89.89,1323
ES,2025-03-23,25213,1034.716336810376,410.19461979488807,860.0,411.8,1543.3999999999999,2520,2695,70.95523933209653,10.961100493062954,71.425,56.561,81.228,1324
ES,2025-03-24,24764,1049.6349943466328,404.4396935157251,1051.0,492.4,1607.8000000000002,2585,2721,71.44818449099596,10.37468273657156,77.96,66.456,88.244,1342
ES,2025-03-25,24121,1024.9718087973133,387.67706087511505,911.0,394.6,1388.0,2623,2665,70.76098311444656,12.08599275763063,73.095,62.163000000000004,82.55000000000001,1408
ES,2025-03-26,23176,1052.8534259578878,360.10245361450114,954.0,469.6,1380.4,2592,2523,70.8271422909235,10.916267860081831,75.255,59.941,87.054,1340
ES,2025-03-27,23235,1039.265848934796,418.6362790308022,981.0,410.20000000000005,1621.8000000000002,2596,2422,71.00720891824938,12.594704004461558,72.245,56.371,85.13000000000001,1292
ES,2025-03-28,22183,1040.7669837262763,438.62531756358595,1097.0,488.0,1861.3,2544,2379,71.15376628835646,10.671763001562741,72.41499999999999,58.984,87.564,1204
ES,2025-03-29,21505,1043.9083468960707,326.9927636304518,997.0,533.3000000000002,1444.7,2360,2353,71.21785380365495,9.912485593286837,73.91,59.3,83.276,1220
ES,2025-03-30,23139,1042.8145122952587,317.4567649509236,959.0,452.0,1352.4,2423,2407,71.2225425841296,12.791460905571554,70.25,54.84,86.034,1250
ES,2025-03-31,24145,1042.7894802236483,344.4166481637291,1073.0,725.0,1597.0,2588,2634,71.11795747911921,10.34569905269281,72.675,59.311,86.027,1319
ES,2025-04-01,22575,1023.4349058693243,447.83474111039703,1079.0,470.0,1857.0,2584,2419,71.37914014055397,13.15654021759437,75.8,53.97,88.15,1281
ES,2025-04-02,22062,1039.621521167619,419.92362448907346,991.0,460.0,1632.8000000000002,2582,2436,71.1513218390804,11.04979711384281,71.63,60.21,87.52000000000001,1309
ES,2025-04-03,23762,1040.3567881491456,409.1476938226334,1113.0,476.0,1658.0,2594,2581,71.1479000387447,12.199523540006576,69.09,52.86000000000001,82.13799999999999,1314
ES,2025-04-04,22815,1033.5100153407845,484.27140276606804,1095.0,490.20000000000005,1970.4,2585,2314,71.71283059636994,11.246857758503038,72.945,56.435,82.266,1236
ES,2025-04-05,23160,1051.7357944732298,417.02663328223093,1105.0,519.6,1660.4,2372,2355,71.14861995753715,9.69324388633292,70.345,58.56,80.37700000000001,1221
ES,2025-04-06,24074,1070.6917005898476,493.4205528665316,1127.0,549.8,1981.0,2511,2524,71.47583597464345,11.88341311992916,70.71,55.796,90.1,1241
ES,2025-04-07,23680,1028.5942567567567,410.11720227423564,1075.0,485.0,1633.0,2631,2507,71.70454327881934,11.168158496041697,76.255,57.271,85.376,1362
ES,2025-04-08,22766,1042.9436879557236,412.2046179479252,1032.0,376.0,1398.2,2590,2461,70.74680617635106,11.509479648645744,70.01,59.674,88.458,1347
ES,2025-04-09,22033,1012.8986974084333,410.41172269568375,1021.0,453.6,1642.1,2583,2420,70.63940082644628,11.123033553017061,73.53,58.94,84.84,1294
ES,2025-04-10,23477,1040.4155556502117,342.46075417672125,927.0,477.0,1331.0,2644,2550,71.00491764705879,11.321529860151019,68.765,56.769999999999996,86.315,1283
ES,2025-04-11,23547,1037.2673801333508,375.87208873034626,1047.0,417.20000000000005,1405.6,2610,2439,70.93902829028293,12.36734372651109,69.37,53.09,86.49,1328
ES,2025-04-12,22394,1033.7754755738144,441.17297536688034,1074.0,450.0,1851.0,2474,2416,71.14942052980132,13.279749719057218,69.2,53.238,85.75399999999999,1285
ES,2025-04-13,23032,1024.7056269538032,349.02629698272636,1104.0,491.0,1379.5,2469,2297,70.6010883761428,13.504334220963258,70.11500000000001,50.559,83.435,1206
ES,2025-04-14,25383,1004.1368238584882,446.23950654962357,1150.0,430.4,1831.0,2575,2577,70.75688397361274,11.048077659765918,73.05,53.647,84.468,1348
ES,2025-04-15,24825,1052.654058408861,453.26486494497226,1144.0,508.4,1685.2,2578,2784,71.34025862068964,11.913921262840846,77.07,61.32,85.42,1366
ES,2025-04-16,23632,1031.153816858497,378.52405131547306,1122.0,464.0000000000001,1389.0,2571,2566,71.23303975058457,11.402865252443647,75.3,59.316,86.946,1327
ES,2025-04-17,22389,1034.554468712314,329.93395648544924,845.0,526.4,1352.0,2442,2576,71.51774068322982,10.783129824799008,73.72,56.564,82.608,1289
ES,2025-04-18,24049,1042.967441473658,406.5398727840423,804.0,349.0,1351.0,2426,2857,71.71865943297163,14.307547312800496,74.695,50.375,86.34,1353
ES,2025-04-19,24178,1043.3979237323194,468.991234416162,948.0,525.8,1972.0,2457,2819,71.19468605888615,14.14076554967279,72.745,57.295,87.13,1347
ES,2025-04-20,25398,1028.7312386802107,375.4615269781714,851.5,548.7,1400.8000000000002,2555,2707,71.38227188769858,15.06864022677721,72.13,50.912,86.502,1372
ES,2025-04-21,26022,1018.997886403812,356.8542700275354,753.0,391.0,1383.0,2634,2789,71.04679813553247,14.54406399183334,73.525,52.501000000000005,88.587,1413
ES,2025-04-22,24900,1037.9010441767066,380.54723627417786,831.0,331.0,1401.0,2694,2789,71.55001792757254,14.599386344386296,73.53,54.968,87.748,1457
ES,2025-04-23,23747,1043.815934644377,360.14330248444134,960.0,337.6,1415.0,2714,2873,71.67597633136096,10.407821095982884,76.06,59.516,86.61,1461
ES,2025-04-24,23738,1031.5453702923576,353.9585991535212,865.0,547.6,1408.4,2716,2764,70.99105643994211,11.684895182931607,71.23,51.928,83.75600000000001,1388
ES,2025-04-25,23139,1006.6213751674652,398.23913627640025,885.0,361.0,1426.0,2663,2698,71.0603372868792,12.448378569114933,71.715,49.011,81.042,1416
ES,2025-04-26,23266,1019.0812344193248,380.7124365298922,941.0,386.0,1407.8000000000002,2528,2608,70.89447469325154,9.091420407344721,71.96,61.614,84.852,1329
ES,2025-04-27,24004,1023.231044825862,368.1179034918496,1005.0,429.0,1400.0,2651,2613,70.98152315346344,11.832044388190019,73.84,58.826,86.468,1335
ES,2025-04-28,11056,988.9260130246017,429.63873506155056,934.5,380.5,1519.5,1833,1296,70.9101774691358,13.854787764523858,71.445,53.147,88.515,781
ES,2025-04-29,23309,1006.1198678621988,384.54571030105814,1056.0,485.5,1381.5,2634,2938,71.16834240980259,13.229750291416272,75.39,55.574,87.846,1489
ES,2025-04-30,23451,1015.425312353417,317.3346480864228,941.0,536.5,1365.5,2675,2883,71.54240374609783,10.256769306656814,73.10499999999999,59.196,80.855,1476
ES,2025-05-01,26386,1030.343363905101,382.58343946634074,893.0,412.0,1356.0,2675,3244,71.21865289765718,14.849139628570672,73.63,56.54,85.48,1533
ES,2025-05-02,27158,1014.6670226084398,499.9127786841863,1085.0,436.0,2001.0,2781,3275,71.22836335877862,13.472717526850293,72.135,52.94,85.107,1593
ES,2025-05-03,24618,1037.1355106019978,560.1031236641281,879.5,426.0,2034.0,2629,2785,71.3175691202872,11.47464418288826,71.55,57.69,84.69,1422
ES,2025-05-04,26293,1014.6003879359522,350.1878825104216,886.0,424.8,1357.3999999999999,2769,3101,71.05318606901001,12.46788808222023,71.22,53.168,83.534,1536
ES,2025-05-05,26495,1017.8864314021512,352.72278056740146,873.0,392.0,1374.4,2828,3180,71.12888364779873,12.469623747658275,72.15,53.5,83.532,1567
ES,2025-05-06,25434,994.976173625855,404.40376310238213,955.0,423.8,1473.0,2793,2983,70.945051961113,15.170167347160145,70.87,53.714,87.644,1509
ES,2025-05-07,25856,1017.513729888614,366.97002486396724,940.0,432.6,1391.0,2838,3108,70.9948359073359,13.446739080493812,71.98,51.942,85.74000000000001,1581
ES,2025-05-08,25793,1017.0612957003834,383.0824790211955,915.5,348.9,1398.1,2859,3232,71.31773824257425,13.605196533028545,69.64500000000001,51.395,86.43900000000001,1555
ES,2025-05-09,25440,1004.4659984276728,443.9443927909582,1110.5,437.0,1660.9,2874,3081,70.20376825705941,11.563989460582212,68.62,52.038,85.364,1564
ES,2025-05-10,26401,1020.7523957425853,438.15875592280776,902.0,388.0,1472.5,2769,3075,70.70178211382114,13.067726193331959,74.66,56.575,86.315,1542
ES,2025-05-11,27626,1006.7836458408741,464.10976100360404,920.0,387.0,1569.0,2837,3028,70.46939564068693,12.906005671412535,73.59,55.262,88.644,1541
ES,2025-05-12,28561,1020.5117467875782,436.3587009503325,1138.0,369.0,1619.8000000000002,2911,3306,70.71623714458559,13.625513789456406,74.48,57.558,87.936,1626
ES,2025-05-13,26831,1006.509969811039,540.1809630604216,1154.0,325.4,1826.2,2939,3286,70.81113511868533,11.34434824042351,74.245,54.660000000000004,85.233,1645
ES,2025-05-14,27304,1020.1613682976858,482.23884008808716,1142.0,479.40000000000003,2003.6,2962,3267,70.90668809305167,9.77779999214499,71.99,63.57,87.758,1672
ES,2025-05-15,28054,1010.6730947458485,409.14044958287724,1070.0,373.2,1441.0,3018,3182,70.69494343180392,12.074316749535447,71.52,57.28,86.5,1677
ES,2025-05-16,25959,998.2603336029897,497.5862538901101,1081.0,468.2,2018.8,2914,2962,70.80381498987171,14.031815652392568,71.1,57.984,84.976,1581
ES,2025-05-17,25216,999.8654029187817,527.770471068328,963.0,327.0,2006.0,2731,3013,70.46721871888482,12.005858723718081,73.975,52.267,84.066,1516
ES,2025-05-18,26961,1008.8566447832051,396.691447061928,1089.0,419.5,1471.0,2812,3051,70.3505703048181,11.883603326741587,70.655,54.855000000000004,85.817,1531
ES,2025-05-19,28393,1006.8310146867182,472.25252490475003,952.0,301.0,1648.5000000000002,2978,3426,70.81277875072973,13.264299092421851,74.88,53.396,87.054,1682
ES,2025-05-20,27660,992.4696312364431,447.9515541929901,940.0,354.0,1543.0000000000002,3037,3248,70.25363916256156,10.81766715711063,72.98,62.43,87.55,1702
ES,2025-05-21,27947,1004.389451461695,490.6591891897385,927.0,415.20000000000005,1642.3,2998,3169,70.71390975071003,11.489330920467042,68.96000000000001,51.537,84.316,1689
ES,2025-05-22,28465,1017.2108203056385,402.2896542077639,912.0,355.0,1422.6,2969,3068,70.59290091264667,11.707226499844799,73.475,53.869,84.805,1623
ES,2025-05-23,26865,1015.789093616229,413.0154790194535,947.0,404.0,1543.0,2969,3080,71.23517532467532,11.911679639243031,71.04,51.112,83.36800000000001,1582
ES,2025-05-24,28580,1016.0224632610224,451.44001212041644,859.0,351.5,1513.5,2868,3054,70.977721021611,12.683285014996166,73.505,54.163000000000004,85.962,1536
ES,2025-05-25,30541,1018.3951409580566,438.86570108606446,1032.0,378.0,1570.0,2999,3271,70.70829715683276,14.879918161747309,71.83500000000001,49.451,87.35300000000001,1638
ES,2025-05-26,29718,1010.3069520156134,389.07100547842686,1014.0,433.9,1471.0,3044,3165,70.4096745655608,10.285531661617215,71.79,60.83,85.964,1647
ES,2025-05-27,29316,1006.5890639923592,465.2289232322364,1003.0,429.6,1659.8000000000002,3099,3194,70.60233876017529,12.508793548368415,70.49,51.294,82.43,1657
ES,2025-05-28,27970,1010.5387915623885,375.34201431068,994.0,451.80000000000007,1398.8000000000002,3079,3086,70.58652624756968,14.708369209336382,72.37,53.92,86.29,1629
ES,2025-05-29,28428,1014.1178767412406,401.34708020506287,969.0,422.0,1469.0,3078,3225,70.83445271317825,12.192570364353516,70.83,51.746,82.56200000000001,1719
ES,2025-05-30,27486,1004.227570399476,458.8424891467189,969.0,439.0,1611.6,3082,3079,70.5132380643066,11.788257796649924,72.73,57.21,87.31199999999998,1611
ES,2025-05-31,27086,1001.2619434394157,470.47749815947765,916.0,386.0,1511.0,2934,2900,70.51092068965515,13.736888466462018,68.07,51.63,82.54600000000002,1594
ES,2025-06-01,29843,1005.8449552658917,499.12627660152214,931.0,331.40000000000003,1973.7,3044,3262,70.67474248927034,16.169504374660484,73.595,47.608000000000004,84.82499999999999,1671
ES,2025-06-02,29340,1002.0760395364694,338.69220414866885,954.0,516.4,1392.0,3193,3338,70.84904733373277,12.5387468433798,70.77,55.352000000000004,85.22800000000001,1740
ES,2025-06-03,30179,1011.0785645647635,397.4849482962715,967.0,346.5,1417.0,3186,3365,70.52676671619615,12.086097598167548,72.58,54.882,85.13400000000001,1701
ES,2025-06-04,29437,998.0100893433438,421.13446783914696,1106.0,573.8,1705.7999999999993,3207,3287,70.40210526315789,12.049099385269164,70.91,56.586999999999996,83.838,1752
ES,2025-06-05,28742,995.0593904390789,480.31639923297064,1109.0,440.0,1784.8000000000002,3135,3323,70.55811616009629,9.812234438588453,73.82,59.29,86.012,1695
ES,2025-06-06,27451,961.6655130960618,372.9796399034745,950.5,406.7,1364.5,3178,3058,70.50312949640288,11.101692227113647,74.24000000000001,57.464999999999996,87.013,1665
ES,2025-06-07,30388,995.0416940897728,506.52044509630605,867.0,344.8,1674.0,3114,3413,70.6765221213009,15.394562027306991,71.34,55.452000000000005,85.71600000000001,1703
ES,2025-06-08,30313,959.392735789925,438.90122497923954,831.0,338.0,1455.0,3087,3470,70.72599423631125,13.147125212114076,75.03,57.36,88.45,1645
ES,2025-06-09,31907,983.566960228163,414.85061828311416,978.0,375.0,1409.0,3302,3707,70.34168869705964,13.379927275370772,74.16999999999999,52.536,88.262,1807
ES,2025-06-10,32526,968.0884523150709,428.4642414249292,1019.0,353.20000000000005,1395.6,3358,3724,70.87734962406017,14.081838910942738,72.27000000000001,54.082,86.5,1841
ES,2025-06-11,32675,975.1156235654167,512.8019206793842,1000.0,388.0,1683.0,3342,3635,70.54276478679496,9.702271047236747,73.44,60.346,83.672,1782
ES,2025-06-12,31081,979.3561017985268,426.60418708741724,916.0,389.0,1426.0,3283,3486,70.94427710843375,11.417575126093983,74.1,57.296,87.96600000000001,1794
ES,2025-06-13,30341,975.7003724333408,440.11462953277953,937.5,292.0,1404.7,3304,3457,70.58203066242407,12.211920135823833,71.83500000000001,55.825,81.905,1762
ES,2025-06-14,30670,983.7022823606133,482.34680468013545,869.0,213.20000000000005,1422.2,3197,3565,71.09973913043478,13.368989888039492,69.18,51.492000000000004,83.81,1707
ES,2025-06-15,32100,993.7133021806849,480.92158448710967,864.5,275.0,1481.0,3285,3715,70.62610497981154,13.474271704221483,70.97,53.577,85.38500000000002,1840
ES,2025-06-16,31937,973.4966966214738,472.40707986611557,796.0,231.00000000000006,1374.1999999999998,3413,3621,70.60688483844244,13.429466213350038,71.895,51.93600000000001,86.362,1848
ES,2025-06-17,33467,986.7061881853764,503.4838154541529,890.5,186.0,1425.9,3482,3791,71.06905038248483,14.24024315705398,71.9,51.419999999999995,86.822,1855
ES,2025-06-18,31634,968.1912815325278,508.2459304076002,863.0,291.0,1451.8000000000002,3504,3605,70.22699029126214,12.567305722040956,71.08,54.968999999999994,83.439,1879
ES,2025-06-19,33036,967.120958953868,455.72539133046035,795.5,180.8,1488.7999999999995,3555,3651,70.30478499041355,13.191318991669073,70.80000000000001,54.498000000000005,85.74199999999999,1890
ES,2025-06-20,33362,971.7257358671543,544.8278794713485,1017.0,343.0,2084.0,3506,3745,70.41652336448597,12.470536101246692,72.6,52.5,83.83,1931
ES,2025-06-21,35120,969.0982346241465,488.9934536853157,844.0,233.0,1484.0,3535,3947,70.1545325563719,15.664286653851894,69.51,46.339999999999996,84.912,1878
ES,2025-06-22,45625,928.1561205479447,418.9058571356742,753.0,275.0,1358.0,4960,5036,68.9799801429706,15.210758442989569,70.61,50.772,87.75,2601
ES,2025-06-23,26161,990.1296968770312,509.9235447695943,783.0,125.0,1410.4,3298,2685,70.30070018621974,14.673124560207857,74.755,47.544999999999995,84.788,1543
ES,2025-06-24,274,1046.35401459854,439.12622331170337,1383.0,345.2,1467.8,76,25,68.34,14.089136082654447,70.46,52.355999999999995,79.46,21
