country,date,active_players,rating_count,rating_mean,rating_std,rating_median,rating_p10,rating_p90,rating_players,accuracy_count,accuracy_mean,accuracy_std,accuracy_median,accuracy_p10,accuracy_p90,accuracy_players,win_count,loss_count,win_percentage,loss_percentage
FR,2007-08-25,7,7,1361.0,0.0,1361.0,1361.0,1361.0,7,7,56.92000000000001,0.0,56.92,56.92,56.92,7,7,0,100.0,0.0
FR,2007-08-27,7,7,1559.0,0.0,1559.0,1559.0,1559.0,7,0,0.0,0.0,0.0,0.0,0.0,0,7,0,100.0,0.0
FR,2007-08-29,7,21,1461.0,46.180804092898455,1458.0,1416.4,1506.8,7,0,0.0,0.0,0.0,0.0,0.0,0,14,7,66.66666666666666,33.33333333333333
FR,2007-09-03,7,7,1461.0,0.0,1461.0,1461.0,1461.0,7,0,0.0,0.0,0.0,0.0,0.0,0,0,7,0.0,100.0
FR,2007-09-04,7,7,1517.0,0.0,1517.0,1517.0,1517.0,7,0,0.0,0.0,0.0,0.0,0.0,0,7,0,100.0,0.0
FR,2007-09-05,7,7,1570.0,0.0,1570.0,1570.0,1570.0,7,0,0.0,0.0,0.0,0.0,0.0,0,7,0,100.0,0.0
FR,2007-09-09,7,14,1629.5,23.5,1629.5,1610.7,1648.3,7,0,0.0,0.0,0.0,0.0,0.0,0,7,7,50.0,50.0
FR,2007-09-10,7,14,1626.0,1.0,1626.0,1625.2,1626.8,7,0,0.0,0.0,0.0,0.0,0.0,0,7,0,100.0,0.0
FR,2007-09-11,7,21,1672.3333333333333,8.806563209081938,1677.0,1663.4,1679.4,7,7,85.77999999999999,0.0,85.78,85.78,85.78,7,14,0,100.0,0.0
FR,2007-09-20,7,7,1712.0,0.0,1712.0,1712.0,1712.0,7,0,0.0,0.0,0.0,0.0,0.0,0,7,0,100.0,0.0
FR,2007-09-22,7,7,1674.0,0.0,1674.0,1674.0,1674.0,7,0,0.0,0.0,0.0,0.0,0.0,0,0,7,0.0,100.0
FR,2007-09-27,7,7,1695.0,0.0,1695.0,1695.0,1695.0,7,0,0.0,0.0,0.0,0.0,0.0,0,7,0,100.0,0.0
FR,2007-09-28,7,7,1704.0,0.0,1704.0,1704.0,1704.0,7,0,0.0,0.0,0.0,0.0,0.0,0,7,0,100.0,0.0
FR,2007-09-29,7,7,1726.0,0.0,1726.0,1726.0,1726.0,7,0,0.0,0.0,0.0,0.0,0.0,0,7,0,100.0,0.0
FR,2007-10-02,7,7,1719.0,0.0,1719.0,1719.0,1719.0,7,0,0.0,0.0,0.0,0.0,0.0,0,0,0,0.0,0.0
FR,2007-10-03,7,14,1742.0,12.0,1742.0,1732.4,1751.6,7,0,0.0,0.0,0.0,0.0,0.0,0,14,0,100.0,0.0
FR,2007-10-08,7,7,1731.0,0.0,1731.0,1731.0,1731.0,7,0,0.0,0.0,0.0,0.0,0.0,0,0,7,0.0,100.0
FR,2007-10-10,7,7,1750.0,0.0,1750.0,1750.0,1750.0,7,0,0.0,0.0,0.0,0.0,0.0,0,7,0,100.0,0.0
FR,2007-10-11,7,7,1745.0,0.0,1745.0,1745.0,1745.0,7,0,0.0,0.0,0.0,0.0,0.0,0,0,0,0.0,0.0
FR,2007-10-13,7,14,1706.0,12.0,1706.0,1696.4,1715.6,7,0,0.0,0.0,0.0,0.0,0.0,0,7,7,50.0,50.0
FR,2007-10-17,7,7,1718.0,0.0,1718.0,1718.0,1718.0,7,0,0.0,0.0,0.0,0.0,0.0,0,0,0,0.0,0.0
FR,2007-10-19,7,7,1737.0,0.0,1737.0,1737.0,1737.0,7,0,0.0,0.0,0.0,0.0,0.0,0,7,0,100.0,0.0
FR,2007-10-20,7,7,1702.0,0.0,1702.0,1702.0,1702.0,7,0,0.0,0.0,0.0,0.0,0.0,0,0,7,0.0,100.0
FR,2007-10-21,7,7,1716.0,0.0,1716.0,1716.0,1716.0,7,0,0.0,0.0,0.0,0.0,0.0,0,7,0,100.0,0.0
FR,2007-10-23,7,7,1708.0,0.0,1708.0,1708.0,1708.0,7,0,0.0,0.0,0.0,0.0,0.0,0,0,0,0.0,0.0
FR,2007-10-24,7,7,1723.0,0.0,1723.0,1723.0,1723.0,7,0,0.0,0.0,0.0,0.0,0.0,0,7,0,100.0,0.0
FR,2007-10-30,7,14,1751.5,11.5,1751.5,1742.3,1760.7,7,0,0.0,0.0,0.0,0.0,0.0,0,14,0,100.0,0.0
FR,2007-11-01,7,7,1763.0,0.0,1763.0,1763.0,1763.0,7,0,0.0,0.0,0.0,0.0,0.0,0,7,0,100.0,0.0
FR,2007-11-04,7,7,1783.0,0.0,1783.0,1783.0,1783.0,7,0,0.0,0.0,0.0,0.0,0.0,0,7,0,100.0,0.0
FR,2007-11-05,7,14,1795.5,10.5,1795.5,1787.1,1803.9,7,0,0.0,0.0,0.0,0.0,0.0,0,14,0,100.0,0.0
FR,2007-11-06,7,7,1804.0,0.0,1804.0,1804.0,1804.0,7,0,0.0,0.0,0.0,0.0,0.0,0,0,0,0.0,0.0
FR,2007-11-07,7,7,1804.0,0.0,1804.0,1804.0,1804.0,7,0,0.0,0.0,0.0,0.0,0.0,0,0,7,0.0,100.0
FR,2007-11-16,7,7,1798.0,0.0,1798.0,1798.0,1798.0,7,0,0.0,0.0,0.0,0.0,0.0,0,0,0,0.0,0.0
FR,2007-11-19,7,7,1758.0,0.0,1758.0,1758.0,1758.0,7,0,0.0,0.0,0.0,0.0,0.0,0,0,7,0.0,100.0
FR,2007-11-21,7,7,1787.0,0.0,1787.0,1787.0,1787.0,7,0,0.0,0.0,0.0,0.0,0.0,0,7,0,100.0,0.0
FR,2007-11-22,7,7,1796.0,0.0,1796.0,1796.0,1796.0,7,0,0.0,0.0,0.0,0.0,0.0,0,7,0,100.0,0.0
FR,2007-11-23,7,7,1850.0,0.0,1850.0,1850.0,1850.0,7,0,0.0,0.0,0.0,0.0,0.0,0,7,0,100.0,0.0
FR,2007-11-25,7,14,1787.5,23.5,1787.5,1768.7,1806.3,7,0,0.0,0.0,0.0,0.0,0.0,0,0,14,0.0,100.0
FR,2007-11-27,7,7,1789.0,0.0,1789.0,1789.0,1789.0,7,0,0.0,0.0,0.0,0.0,0.0,0,7,0,100.0,0.0
FR,2007-11-30,7,7,1791.0,0.0,1791.0,1791.0,1791.0,7,0,0.0,0.0,0.0,0.0,0.0,0,0,0,0.0,0.0
FR,2007-12-02,7,7,1809.0,0.0,1809.0,1809.0,1809.0,7,0,0.0,0.0,0.0,0.0,0.0,0,7,0,100.0,0.0
FR,2007-12-06,7,7,1830.0,0.0,1830.0,1830.0,1830.0,7,0,0.0,0.0,0.0,0.0,0.0,0,7,0,100.0,0.0
FR,2007-12-10,7,7,1788.0,0.0,1788.0,1788.0,1788.0,7,0,0.0,0.0,0.0,0.0,0.0,0,0,7,0.0,100.0
FR,2007-12-11,7,7,1757.0,0.0,1757.0,1757.0,1757.0,7,0,0.0,0.0,0.0,0.0,0.0,0,0,7,0.0,100.0
FR,2007-12-15,7,7,1781.0,0.0,1781.0,1781.0,1781.0,7,0,0.0,0.0,0.0,0.0,0.0,0,7,0,100.0,0.0
FR,2007-12-16,7,14,1807.0,4.0,1807.0,1803.8,1810.2,7,0,0.0,0.0,0.0,0.0,0.0,0,7,0,100.0,0.0
FR,2007-12-17,7,14,1789.0,0.0,1789.0,1789.0,1789.0,7,0,0.0,0.0,0.0,0.0,0.0,0,0,14,0.0,100.0
FR,2007-12-18,7,7,1800.0,0.0,1800.0,1800.0,1800.0,7,0,0.0,0.0,0.0,0.0,0.0,0,0,0,0.0,0.0
FR,2007-12-21,7,14,1793.5,8.5,1793.5,1786.7,1800.3,7,0,0.0,0.0,0.0,0.0,0.0,0,7,7,50.0,50.0
FR,2007-12-25,7,7,1825.0,0.0,1825.0,1825.0,1825.0,7,0,0.0,0.0,0.0,0.0,0.0,0,7,0,100.0,0.0
FR,2008-01-01,7,7,1836.0,0.0,1836.0,1836.0,1836.0,7,0,0.0,0.0,0.0,0.0,0.0,0,0,0,0.0,0.0
FR,2008-01-03,7,7,1856.0,0.0,1856.0,1856.0,1856.0,7,0,0.0,0.0,0.0,0.0,0.0,0,7,0,100.0,0.0
FR,2008-01-06,7,14,1861.0,0.0,1861.0,1861.0,1861.0,7,0,0.0,0.0,0.0,0.0,0.0,0,7,0,100.0,0.0
FR,2008-01-07,7,7,1878.0,0.0,1878.0,1878.0,1878.0,7,0,0.0,0.0,0.0,0.0,0.0,0,7,0,100.0,0.0
FR,2008-01-08,7,7,1878.0,0.0,1878.0,1878.0,1878.0,7,0,0.0,0.0,0.0,0.0,0.0,0,7,0,100.0,0.0
FR,2008-01-09,7,7,1857.0,0.0,1857.0,1857.0,1857.0,7,0,0.0,0.0,0.0,0.0,0.0,0,0,7,0.0,100.0
FR,2008-01-12,7,21,1843.0,7.071067811865476,1838.0,1838.0,1850.0,7,0,0.0,0.0,0.0,0.0,0.0,0,14,7,66.66666666666666,33.33333333333333
FR,2008-01-13,7,7,1833.0,0.0,1833.0,1833.0,1833.0,7,0,0.0,0.0,0.0,0.0,0.0,0,0,7,0.0,100.0
FR,2008-01-15,1,1,1361.0,0.0,1361.0,1361.0,1361.0,1,0,0.0,0.0,0.0,0.0,0.0,0,1,0,100.0,0.0
FR,2008-01-17,1,1,1421.0,0.0,1421.0,1421.0,1421.0,1,0,0.0,0.0,0.0,0.0,0.0,0,1,0,100.0,0.0
FR,2008-01-18,7,7,1817.0,0.0,1817.0,1817.0,1817.0,7,0,0.0,0.0,0.0,0.0,0.0,0,0,7,0.0,100.0
FR,2008-01-22,7,7,1826.0,0.0,1826.0,1826.0,1826.0,7,0,0.0,0.0,0.0,0.0,0.0,0,7,0,100.0,0.0
FR,2008-01-23,7,14,1786.5,16.5,1786.5,1773.3,1799.7,7,0,0.0,0.0,0.0,0.0,0.0,0,0,14,0.0,100.0
FR,2008-01-27,1,2,1164.0,33.0,1164.0,1137.6,1190.4,1,0,0.0,0.0,0.0,0.0,0.0,0,1,1,50.0,50.0
FR,2008-01-28,7,14,1774.5,4.5,1774.5,1770.9,1778.1,7,0,0.0,0.0,0.0,0.0,0.0,0,14,0,100.0,0.0
FR,2008-01-29,1,3,1131.3333333333333,51.31817958146563,1139.0,1079.8,1179.8,1,0,0.0,0.0,0.0,0.0,0.0,0,2,1,66.66666666666666,33.33333333333333
FR,2008-01-31,7,14,1811.0,9.0,1811.0,1803.8,1818.2,7,0,0.0,0.0,0.0,0.0,0.0,0,14,0,100.0,0.0
FR,2008-02-01,1,1,1243.0,0.0,1243.0,1243.0,1243.0,1,0,0.0,0.0,0.0,0.0,0.0,0,1,0,100.0,0.0
FR,2008-02-02,7,7,1832.0,0.0,1832.0,1832.0,1832.0,7,0,0.0,0.0,0.0,0.0,0.0,0,7,0,100.0,0.0
FR,2008-02-03,1,1,1281.0,0.0,1281.0,1281.0,1281.0,1,0,0.0,0.0,0.0,0.0,0.0,0,1,0,100.0,0.0
FR,2008-02-04,7,7,1806.0,0.0,1806.0,1806.0,1806.0,7,0,0.0,0.0,0.0,0.0,0.0,0,0,7,0.0,100.0
FR,2008-02-09,1,2,1359.0,16.0,1359.0,1346.2,1371.8,1,0,0.0,0.0,0.0,0.0,0.0,0,2,0,100.0,0.0
FR,2008-02-11,1,1,1409.0,0.0,1409.0,1409.0,1409.0,1,0,0.0,0.0,0.0,0.0,0.0,0,1,0,100.0,0.0
FR,2008-02-13,7,14,1824.0,16.0,1824.0,1811.2,1836.8,7,0,0.0,0.0,0.0,0.0,0.0,0,14,0,100.0,0.0
FR,2008-02-14,1,1,1425.0,0.0,1425.0,1425.0,1425.0,1,0,0.0,0.0,0.0,0.0,0.0,0,1,0,100.0,0.0
FR,2008-02-16,7,7,1854.0,0.0,1854.0,1854.0,1854.0,7,0,0.0,0.0,0.0,0.0,0.0,0,7,0,100.0,0.0
FR,2008-02-17,7,7,1839.0,0.0,1839.0,1839.0,1839.0,7,0,0.0,0.0,0.0,0.0,0.0,0,0,7,0.0,100.0
FR,2008-02-20,8,9,1768.9999999999998,0.0,1855.0,1855.0,1855.0,8,0,0.0,0.0,0.0,0.0,0.0,0,9,0,100.0,0.0
FR,2008-02-21,8,8,1838.375,0.0,1887.0,1887.0,1887.0,8,0,0.0,0.0,0.0,0.0,0.0,0,8,0,100.0,0.0
FR,2008-02-23,7,7,1909.0,0.0,1909.0,1909.0,1909.0,7,0,0.0,0.0,0.0,0.0,0.0,0,7,0,100.0,0.0
FR,2008-02-24,1,1,1555.0,0.0,1555.0,1555.0,1555.0,1,0,0.0,0.0,0.0,0.0,0.0,0,1,0,100.0,0.0
FR,2008-02-26,7,7,1904.0,0.0,1904.0,1904.0,1904.0,7,0,0.0,0.0,0.0,0.0,0.0,0,0,7,0.0,100.0
FR,2008-03-01,7,14,1910.0,6.0,1910.0,1905.2,1914.8,7,0,0.0,0.0,0.0,0.0,0.0,0,7,7,50.0,50.0
FR,2008-03-03,7,7,1920.0,0.0,1920.0,1920.0,1920.0,7,0,0.0,0.0,0.0,0.0,0.0,0,7,0,100.0,0.0
FR,2008-03-07,7,7,1938.0,0.0,1938.0,1938.0,1938.0,7,0,0.0,0.0,0.0,0.0,0.0,0,0,0,0.0,0.0
FR,2008-03-08,1,1,1470.0,0.0,1470.0,1470.0,1470.0,1,0,0.0,0.0,0.0,0.0,0.0,0,0,1,0.0,100.0
FR,2008-03-09,8,9,1847.6666666666667,0.0,1951.0,1951.0,1951.0,8,0,0.0,0.0,0.0,0.0,0.0,0,8,1,88.88888888888889,11.11111111111111
FR,2008-03-11,1,3,1480.0,17.204650534085253,1482.0,1462.8,1496.4,1,0,0.0,0.0,0.0,0.0,0.0,0,2,0,100.0,0.0
FR,2008-03-12,1,1,1487.0,0.0,1487.0,1487.0,1487.0,1,0,0.0,0.0,0.0,0.0,0.0,0,0,1,0.0,100.0
FR,2008-03-13,1,1,1473.0,0.0,1473.0,1473.0,1473.0,1,0,0.0,0.0,0.0,0.0,0.0,0,0,1,0.0,100.0
FR,2008-03-15,1,1,1439.0,0.0,1439.0,1439.0,1439.0,1,0,0.0,0.0,0.0,0.0,0.0,0,0,1,0.0,100.0
FR,2008-03-16,1,2,1459.5,12.5,1459.5,1449.5,1469.5,1,0,0.0,0.0,0.0,0.0,0.0,0,2,0,100.0,0.0
FR,2008-03-17,8,8,1909.625,0.0,1971.0,1971.0,1971.0,8,0,0.0,0.0,0.0,0.0,0.0,0,8,0,100.0,0.0
FR,2008-03-18,7,7,2004.0,0.0,2004.0,2004.0,2004.0,7,0,0.0,0.0,0.0,0.0,0.0,0,7,0,100.0,0.0
FR,2008-03-19,7,7,2019.0,0.0,2019.0,2019.0,2019.0,7,0,0.0,0.0,0.0,0.0,0.0,0,7,0,100.0,0.0
FR,2008-03-20,7,7,2006.0,0.0,2006.0,2006.0,2006.0,7,0,0.0,0.0,0.0,0.0,0.0,0,0,0,0.0,0.0
FR,2008-03-21,8,8,1941.5,0.0,2009.0,2009.0,2009.0,8,0,0.0,0.0,0.0,0.0,0.0,0,7,0,100.0,0.0
FR,2008-03-22,8,8,1918.75,0.0,1985.0,1985.0,1985.0,8,0,0.0,0.0,0.0,0.0,0.0,0,0,8,0.0,100.0
FR,2008-03-24,1,2,1485.0,10.0,1485.0,1477.0,1493.0,1,0,0.0,0.0,0.0,0.0,0.0,0,2,0,100.0,0.0
FR,2008-03-26,1,1,1504.0,0.0,1504.0,1504.0,1504.0,1,0,0.0,0.0,0.0,0.0,0.0,0,1,0,100.0,0.0
FR,2008-03-27,8,8,1945.125,0.0,2009.0,2009.0,2009.0,8,0,0.0,0.0,0.0,0.0,0.0,0,7,1,87.5,12.5
FR,2008-03-28,7,7,2021.0,0.0,2021.0,2021.0,2021.0,7,0,0.0,0.0,0.0,0.0,0.0,0,7,0,100.0,0.0
FR,2008-03-30,7,7,2012.0,0.0,2012.0,2012.0,2012.0,7,0,0.0,0.0,0.0,0.0,0.0,0,0,0,0.0,0.0
FR,2008-03-31,7,7,2023.0,0.0,2023.0,2023.0,2023.0,7,0,0.0,0.0,0.0,0.0,0.0,0,7,0,100.0,0.0
FR,2008-04-01,7,14,2035.5,2.5,2035.5,2033.5,2037.5,7,0,0.0,0.0,0.0,0.0,0.0,0,14,0,100.0,0.0
FR,2008-04-02,1,1,1468.0,0.0,1468.0,1468.0,1468.0,1,0,0.0,0.0,0.0,0.0,0.0,0,0,1,0.0,100.0
FR,2008-04-03,8,8,1968.0,0.0,2038.0,2038.0,2038.0,8,0,0.0,0.0,0.0,0.0,0.0,0,1,0,100.0,0.0
FR,2008-04-04,7,7,2030.0,0.0,2030.0,2030.0,2030.0,7,0,0.0,0.0,0.0,0.0,0.0,0,0,7,0.0,100.0
FR,2008-04-07,8,8,1970.75,0.0,2038.0,2038.0,2038.0,8,0,0.0,0.0,0.0,0.0,0.0,0,8,0,100.0,0.0
FR,2008-04-08,7,7,2042.0,0.0,2042.0,2042.0,2042.0,7,0,0.0,0.0,0.0,0.0,0.0,0,7,0,100.0,0.0
FR,2008-04-10,1,3,1461.6666666666667,14.817407180595248,1459.0,1447.8,1476.6,1,0,0.0,0.0,0.0,0.0,0.0,0,1,2,33.33333333333333,66.66666666666666
FR,2008-04-12,8,15,2007.533333333333,3.5,2044.5,2041.7,2047.3,8,0,0.0,0.0,0.0,0.0,0.0,0,8,7,53.333333333333336,46.666666666666664
FR,2008-04-14,1,1,1503.0,0.0,1503.0,1503.0,1503.0,1,0,0.0,0.0,0.0,0.0,0.0,0,1,0,100.0,0.0
FR,2008-04-16,1,1,1515.0,0.0,1515.0,1515.0,1515.0,1,0,0.0,0.0,0.0,0.0,0.0,0,1,0,100.0,0.0
FR,2008-04-18,7,7,2054.0,0.0,2054.0,2054.0,2054.0,7,0,0.0,0.0,0.0,0.0,0.0,0,7,0,100.0,0.0
FR,2008-04-19,7,7,2059.0,0.0,2059.0,2059.0,2059.0,7,0,0.0,0.0,0.0,0.0,0.0,0,7,0,100.0,0.0
FR,2008-04-21,7,7,2070.0,0.0,2070.0,2070.0,2070.0,7,0,0.0,0.0,0.0,0.0,0.0,0,7,0,100.0,0.0
FR,2008-04-25,7,7,2072.0,0.0,2072.0,2072.0,2072.0,7,0,0.0,0.0,0.0,0.0,0.0,0,7,0,100.0,0.0
FR,2008-04-27,7,14,2084.5,0.5,2084.5,2084.1,2084.9,7,0,0.0,0.0,0.0,0.0,0.0,0,14,0,100.0,0.0
FR,2008-04-29,1,1,1549.0,0.0,1549.0,1549.0,1549.0,1,0,0.0,0.0,0.0,0.0,0.0,0,1,0,100.0,0.0
FR,2008-04-30,7,14,2097.5,8.5,2097.5,2090.7,2104.3,7,0,0.0,0.0,0.0,0.0,0.0,0,14,0,100.0,0.0
FR,2008-05-02,7,7,2121.0,0.0,2121.0,2121.0,2121.0,7,0,0.0,0.0,0.0,0.0,0.0,0,7,0,100.0,0.0
FR,2008-05-03,7,7,2122.0,0.0,2122.0,2122.0,2122.0,7,0,0.0,0.0,0.0,0.0,0.0,0,7,0,100.0,0.0
FR,2008-05-04,7,7,2104.0,0.0,2104.0,2104.0,2104.0,7,0,0.0,0.0,0.0,0.0,0.0,0,0,7,0.0,100.0
FR,2008-05-07,7,7,2117.0,0.0,2117.0,2117.0,2117.0,7,0,0.0,0.0,0.0,0.0,0.0,0,7,0,100.0,0.0
FR,2008-05-09,7,21,2086.0,11.31370849898476,2078.0,2078.0,2097.2,7,0,0.0,0.0,0.0,0.0,0.0,0,7,14,33.33333333333333,66.66666666666666
FR,2008-05-10,8,8,2009.25,0.0,2081.0,2081.0,2081.0,8,0,0.0,0.0,0.0,0.0,0.0,0,7,1,87.5,12.5
FR,2008-05-12,1,1,1530.0,0.0,1530.0,1530.0,1530.0,1,0,0.0,0.0,0.0,0.0,0.0,0,1,0,100.0,0.0
FR,2008-05-13,8,8,2017.375,0.0,2087.0,2087.0,2087.0,8,0,0.0,0.0,0.0,0.0,0.0,0,8,0,100.0,0.0
FR,2008-05-17,7,7,2099.0,0.0,2099.0,2099.0,2099.0,7,0,0.0,0.0,0.0,0.0,0.0,0,7,0,100.0,0.0
FR,2008-05-18,7,7,2102.0,0.0,2102.0,2102.0,2102.0,7,0,0.0,0.0,0.0,0.0,0.0,0,7,0,100.0,0.0
FR,2008-05-19,7,21,2114.6666666666665,4.189935029992179,2116.0,2110.4,2118.4,7,0,0.0,0.0,0.0,0.0,0.0,0,21,0,100.0,0.0
FR,2008-05-22,1,1,1555.0,0.0,1555.0,1555.0,1555.0,1,0,0.0,0.0,0.0,0.0,0.0,0,1,0,100.0,0.0
FR,2008-05-23,1,2,1607.0,15.0,1607.0,1595.0,1619.0,1,0,0.0,0.0,0.0,0.0,0.0,0,2,0,100.0,0.0
FR,2008-05-24,7,7,2122.0,0.0,2122.0,2122.0,2122.0,7,0,0.0,0.0,0.0,0.0,0.0,0,7,0,100.0,0.0
FR,2008-05-26,7,7,2128.0,0.0,2128.0,2128.0,2128.0,7,0,0.0,0.0,0.0,0.0,0.0,0,7,0,100.0,0.0
FR,2008-05-27,7,7,2129.0,0.0,2129.0,2129.0,2129.0,7,0,0.0,0.0,0.0,0.0,0.0,0,7,0,100.0,0.0
FR,2008-05-29,7,14,2109.5,0.5,2109.5,2109.1,2109.9,7,0,0.0,0.0,0.0,0.0,0.0,0,7,0,100.0,0.0
FR,2008-05-31,1,2,1655.0,4.0,1655.0,1651.8,1658.2,1,0,0.0,0.0,0.0,0.0,0.0,0,1,0,100.0,0.0
FR,2008-06-02,7,14,2112.0,2.0,2112.0,2110.4,2113.6,7,0,0.0,0.0,0.0,0.0,0.0,0,14,0,100.0,0.0
FR,2008-06-03,7,21,2108.0,11.31370849898476,2116.0,2096.8,2116.0,7,0,0.0,0.0,0.0,0.0,0.0,0,14,0,100.0,0.0
FR,2008-06-04,7,28,2141.5,2.692582403567252,2140.5,2139.3,2144.5,7,0,0.0,0.0,0.0,0.0,0.0,0,28,0,100.0,0.0
FR,2008-06-06,8,8,2088.875,0.0,2147.0,2147.0,2147.0,8,0,0.0,0.0,0.0,0.0,0.0,0,8,0,100.0,0.0
FR,2008-06-07,7,7,2148.0,0.0,2148.0,2148.0,2148.0,7,0,0.0,0.0,0.0,0.0,0.0,0,7,0,100.0,0.0
FR,2008-06-08,7,7,2157.0,0.0,2157.0,2157.0,2157.0,7,0,0.0,0.0,0.0,0.0,0.0,0,7,0,100.0,0.0
FR,2008-06-10,7,7,2158.0,0.0,2158.0,2158.0,2158.0,7,0,0.0,0.0,0.0,0.0,0.0,0,7,0,100.0,0.0
FR,2008-06-11,7,7,2159.0,0.0,2159.0,2159.0,2159.0,7,0,0.0,0.0,0.0,0.0,0.0,0,7,0,100.0,0.0
FR,2008-06-15,7,7,2160.0,0.0,2160.0,2160.0,2160.0,7,0,0.0,0.0,0.0,0.0,0.0,0,7,0,100.0,0.0
FR,2008-06-17,7,7,2161.0,0.0,2161.0,2161.0,2161.0,7,0,0.0,0.0,0.0,0.0,0.0,0,7,0,100.0,0.0
FR,2008-06-20,8,8,2105.625,0.0,2162.0,2162.0,2162.0,8,0,0.0,0.0,0.0,0.0,0.0,0,8,0,100.0,0.0
FR,2008-06-21,7,21,2138.333333333333,34.179265969622904,2162.0,2104.4,2162.8,7,0,0.0,0.0,0.0,0.0,0.0,0,14,7,66.66666666666666,33.33333333333333
FR,2008-06-22,7,7,2091.0,0.0,2091.0,2091.0,2091.0,7,0,0.0,0.0,0.0,0.0,0.0,0,7,0,100.0,0.0
FR,2008-06-24,7,7,2075.0,0.0,2075.0,2075.0,2075.0,7,0,0.0,0.0,0.0,0.0,0.0,0,0,7,0.0,100.0
FR,2008-06-27,8,16,2050.0,0.5,2091.5,2091.1,2091.9,8,0,0.0,0.0,0.0,0.0,0.0,0,16,0,100.0,0.0
FR,2008-06-28,7,7,2093.0,0.0,2093.0,2093.0,2093.0,7,0,0.0,0.0,0.0,0.0,0.0,0,7,0,100.0,0.0
FR,2008-07-01,1,1,1796.0,0.0,1796.0,1796.0,1796.0,1,0,0.0,0.0,0.0,0.0,0.0,0,1,0,100.0,0.0
FR,2008-07-15,7,7,2110.0,0.0,2110.0,2110.0,2110.0,7,0,0.0,0.0,0.0,0.0,0.0,0,7,0,100.0,0.0
FR,2008-07-16,7,7,2068.0,0.0,2068.0,2068.0,2068.0,7,0,0.0,0.0,0.0,0.0,0.0,0,0,7,0.0,100.0
FR,2008-07-18,7,7,2069.0,0.0,2069.0,2069.0,2069.0,7,0,0.0,0.0,0.0,0.0,0.0,0,7,0,100.0,0.0
FR,2008-07-20,7,7,2070.0,0.0,2070.0,2070.0,2070.0,7,0,0.0,0.0,0.0,0.0,0.0,0,0,0,0.0,0.0
FR,2008-07-21,7,7,1998.0,0.0,1998.0,1998.0,1998.0,7,0,0.0,0.0,0.0,0.0,0.0,0,0,7,0.0,100.0
FR,2008-07-25,7,7,1990.0,0.0,1990.0,1990.0,1990.0,7,0,0.0,0.0,0.0,0.0,0.0,0,0,7,0.0,100.0
FR,2008-07-28,8,8,1993.75,0.0,2022.0,2022.0,2022.0,8,0,0.0,0.0,0.0,0.0,0.0,0,8,0,100.0,0.0
FR,2008-07-30,7,14,2008.5,14.5,2008.5,1996.9,2020.1,7,0,0.0,0.0,0.0,0.0,0.0,0,7,0,100.0,0.0
FR,2008-07-31,7,7,2007.0,0.0,2007.0,2007.0,2007.0,7,0,0.0,0.0,0.0,0.0,0.0,0,0,0,0.0,0.0
FR,2008-08-04,7,7,2008.0,0.0,2008.0,2008.0,2008.0,7,0,0.0,0.0,0.0,0.0,0.0,0,7,0,100.0,0.0
FR,2008-08-10,7,7,2009.0,0.0,2009.0,2009.0,2009.0,7,0,0.0,0.0,0.0,0.0,0.0,0,7,0,100.0,0.0
FR,2008-08-12,8,8,1975.5,0.0,2011.0,2011.0,2011.0,8,0,0.0,0.0,0.0,0.0,0.0,0,7,1,87.5,12.5
FR,2008-08-13,7,7,1950.0,0.0,1950.0,1950.0,1950.0,7,0,0.0,0.0,0.0,0.0,0.0,0,0,7,0.0,100.0
FR,2008-08-14,7,7,1950.0,0.0,1950.0,1950.0,1950.0,7,0,0.0,0.0,0.0,0.0,0.0,0,7,0,100.0,0.0
FR,2008-08-16,7,14,1951.0,0.0,1951.0,1951.0,1951.0,7,0,0.0,0.0,0.0,0.0,0.0,0,14,0,100.0,0.0
FR,2008-08-20,7,14,1951.0,0.0,1951.0,1951.0,1951.0,7,0,0.0,0.0,0.0,0.0,0.0,0,14,0,100.0,0.0
FR,2008-08-21,7,7,1952.0,0.0,1952.0,1952.0,1952.0,7,0,0.0,0.0,0.0,0.0,0.0,0,7,0,100.0,0.0
FR,2008-08-22,7,7,1954.0,0.0,1954.0,1954.0,1954.0,7,0,0.0,0.0,0.0,0.0,0.0,0,7,0,100.0,0.0
FR,2008-08-23,7,7,1970.0,0.0,1970.0,1970.0,1970.0,7,0,0.0,0.0,0.0,0.0,0.0,0,0,0,0.0,0.0
FR,2008-08-25,7,7,1982.0,0.0,1982.0,1982.0,1982.0,7,0,0.0,0.0,0.0,0.0,0.0,0,0,0,0.0,0.0
FR,2008-08-26,7,7,1984.0,0.0,1984.0,1984.0,1984.0,7,0,0.0,0.0,0.0,0.0,0.0,0,7,0,100.0,0.0
FR,2008-08-27,7,7,1970.0,0.0,1970.0,1970.0,1970.0,7,0,0.0,0.0,0.0,0.0,0.0,0,0,7,0.0,100.0
FR,2008-08-30,7,14,2038.0,17.0,2038.0,2024.4,2051.6,7,0,0.0,0.0,0.0,0.0,0.0,0,14,0,100.0,0.0
FR,2008-09-02,7,7,2056.0,0.0,2056.0,2056.0,2056.0,7,0,0.0,0.0,0.0,0.0,0.0,0,7,0,100.0,0.0
FR,2008-09-03,7,14,2057.0,0.0,2057.0,2057.0,2057.0,7,0,0.0,0.0,0.0,0.0,0.0,0,14,0,100.0,0.0
FR,2008-09-04,7,7,2035.0,0.0,2035.0,2035.0,2035.0,7,0,0.0,0.0,0.0,0.0,0.0,0,0,7,0.0,100.0
FR,2008-09-05,7,7,2035.0,0.0,2035.0,2035.0,2035.0,7,0,0.0,0.0,0.0,0.0,0.0,0,7,0,100.0,0.0
FR,2008-09-07,7,7,2035.0,0.0,2035.0,2035.0,2035.0,7,0,0.0,0.0,0.0,0.0,0.0,0,7,0,100.0,0.0
FR,2008-09-08,7,7,2043.0,0.0,2043.0,2043.0,2043.0,7,0,0.0,0.0,0.0,0.0,0.0,0,7,0,100.0,0.0
FR,2008-09-09,7,7,2046.0,0.0,2046.0,2046.0,2046.0,7,0,0.0,0.0,0.0,0.0,0.0,0,7,0,100.0,0.0
FR,2008-09-10,7,14,2055.0,13.0,2055.0,2044.6,2065.4,7,0,0.0,0.0,0.0,0.0,0.0,0,7,7,50.0,50.0
FR,2008-09-11,1,1,1672.0,0.0,1672.0,1672.0,1672.0,1,0,0.0,0.0,0.0,0.0,0.0,0,0,1,0.0,100.0
FR,2008-09-12,7,7,2042.0,0.0,2042.0,2042.0,2042.0,7,0,0.0,0.0,0.0,0.0,0.0,0,7,0,100.0,0.0
FR,2008-09-13,7,7,2043.0,0.0,2043.0,2043.0,2043.0,7,0,0.0,0.0,0.0,0.0,0.0,0,7,0,100.0,0.0
FR,2008-09-14,7,14,2043.5,0.5,2043.5,2043.1,2043.9,7,0,0.0,0.0,0.0,0.0,0.0,0,7,7,50.0,50.0
FR,2008-09-15,7,7,2045.0,0.0,2045.0,2045.0,2045.0,7,0,0.0,0.0,0.0,0.0,0.0,0,7,0,100.0,0.0
FR,2008-09-17,1,1,1685.0,0.0,1685.0,1685.0,1685.0,1,0,0.0,0.0,0.0,0.0,0.0,0,1,0,100.0,0.0
FR,2008-09-19,7,7,2016.0,0.0,2016.0,2016.0,2016.0,7,0,0.0,0.0,0.0,0.0,0.0,0,0,0,0.0,0.0
FR,2008-09-20,7,14,2022.5,5.5,2022.5,2018.1,2026.9,7,0,0.0,0.0,0.0,0.0,0.0,0,14,0,100.0,0.0
FR,2008-09-22,7,14,2042.0,13.0,2042.0,2031.6,2052.4,7,0,0.0,0.0,0.0,0.0,0.0,0,14,0,100.0,0.0
FR,2008-09-23,8,8,2026.75,0.0,2071.0,2071.0,2071.0,8,0,0.0,0.0,0.0,0.0,0.0,0,8,0,100.0,0.0
FR,2008-09-25,7,14,2075.5,4.5,2075.5,2071.9,2079.1,7,0,0.0,0.0,0.0,0.0,0.0,0,14,0,100.0,0.0
FR,2008-09-26,7,7,2080.0,0.0,2080.0,2080.0,2080.0,7,0,0.0,0.0,0.0,0.0,0.0,0,0,7,0.0,100.0
FR,2008-09-28,7,14,2081.0,0.0,2081.0,2081.0,2081.0,7,0,0.0,0.0,0.0,0.0,0.0,0,14,0,100.0,0.0
FR,2008-10-01,7,7,2082.0,0.0,2082.0,2082.0,2082.0,7,0,0.0,0.0,0.0,0.0,0.0,0,7,0,100.0,0.0
FR,2008-10-02,7,7,2082.0,0.0,2082.0,2082.0,2082.0,7,7,74.72000000000001,0.0,74.72,74.72,74.72,7,7,0,100.0,0.0
FR,2008-10-03,8,15,2065.933333333333,0.0,2090.0,2090.0,2090.0,8,0,0.0,0.0,0.0,0.0,0.0,0,15,0,100.0,0.0
FR,2008-10-04,7,14,2069.0,22.0,2069.0,2051.4,2086.6,7,0,0.0,0.0,0.0,0.0,0.0,0,7,7,50.0,50.0
FR,2008-10-06,7,7,2062.0,0.0,2062.0,2062.0,2062.0,7,0,0.0,0.0,0.0,0.0,0.0,0,7,0,100.0,0.0
FR,2008-10-07,8,8,2052.625,0.0,2094.0,2094.0,2094.0,8,0,0.0,0.0,0.0,0.0,0.0,0,8,0,100.0,0.0
FR,2008-10-08,7,7,2095.0,0.0,2095.0,2095.0,2095.0,7,0,0.0,0.0,0.0,0.0,0.0,0,7,0,100.0,0.0
FR,2008-10-14,7,7,2095.0,0.0,2095.0,2095.0,2095.0,7,0,0.0,0.0,0.0,0.0,0.0,0,7,0,100.0,0.0
FR,2008-10-18,1,1,1773.0,0.0,1773.0,1773.0,1773.0,1,0,0.0,0.0,0.0,0.0,0.0,0,1,0,100.0,0.0
FR,2008-10-19,8,8,2056.625,0.0,2096.0,2096.0,2096.0,8,0,0.0,0.0,0.0,0.0,0.0,0,8,0,100.0,0.0
FR,2008-10-20,8,9,2017.4444444444443,0.0,2096.0,2096.0,2096.0,8,0,0.0,0.0,0.0,0.0,0.0,0,8,1,88.88888888888889,11.11111111111111
FR,2008-10-21,7,14,2096.0,0.0,2096.0,2096.0,2096.0,7,0,0.0,0.0,0.0,0.0,0.0,0,14,0,100.0,0.0
FR,2008-10-23,7,7,2096.0,0.0,2096.0,2096.0,2096.0,7,0,0.0,0.0,0.0,0.0,0.0,0,7,0,100.0,0.0
FR,2008-10-28,1,1,1697.0,0.0,1697.0,1697.0,1697.0,1,0,0.0,0.0,0.0,0.0,0.0,0,1,0,100.0,0.0
FR,2008-10-29,8,9,2041.6666666666667,0.0,2133.0,2133.0,2133.0,8,0,0.0,0.0,0.0,0.0,0.0,0,9,0,100.0,0.0
FR,2008-10-30,8,22,2115.909090909091,0.4714045207910317,2134.0,2134.0,2134.8,8,0,0.0,0.0,0.0,0.0,0.0,0,21,0,100.0,0.0
FR,2008-10-31,1,1,1729.0,0.0,1729.0,1729.0,1729.0,1,0,0.0,0.0,0.0,0.0,0.0,0,1,0,100.0,0.0
FR,2008-11-01,8,15,2121.933333333333,14.0,2150.0,2138.8,2161.2,8,0,0.0,0.0,0.0,0.0,0.0,0,15,0,100.0,0.0
FR,2008-11-04,7,7,2165.0,0.0,2165.0,2165.0,2165.0,7,0,0.0,0.0,0.0,0.0,0.0,0,7,0,100.0,0.0
FR,2008-11-05,1,1,1780.0,0.0,1780.0,1780.0,1780.0,1,0,0.0,0.0,0.0,0.0,0.0,0,1,0,100.0,0.0
FR,2008-11-07,7,7,2166.0,0.0,2166.0,2166.0,2166.0,7,0,0.0,0.0,0.0,0.0,0.0,0,7,0,100.0,0.0
FR,2008-11-09,7,7,2166.0,0.0,2166.0,2166.0,2166.0,7,0,0.0,0.0,0.0,0.0,0.0,0,7,0,100.0,0.0
FR,2008-11-13,1,1,1752.0,0.0,1752.0,1752.0,1752.0,1,0,0.0,0.0,0.0,0.0,0.0,0,0,0,0.0,0.0
FR,2008-11-16,7,7,2167.0,0.0,2167.0,2167.0,2167.0,7,0,0.0,0.0,0.0,0.0,0.0,0,7,0,100.0,0.0
FR,2008-11-17,8,8,2108.625,0.0,2156.0,2156.0,2156.0,8,0,0.0,0.0,0.0,0.0,0.0,0,1,7,12.5,87.5
FR,2008-11-19,7,7,2156.0,0.0,2156.0,2156.0,2156.0,7,0,0.0,0.0,0.0,0.0,0.0,0,7,0,100.0,0.0
FR,2008-11-21,1,1,1795.0,0.0,1795.0,1795.0,1795.0,1,0,0.0,0.0,0.0,0.0,0.0,0,1,0,100.0,0.0
FR,2008-11-24,1,2,1715.0,0.0,1715.0,1715.0,1715.0,1,0,0.0,0.0,0.0,0.0,0.0,0,1,1,50.0,50.0
FR,2008-11-25,8,9,2064.333333333333,0.0,2157.0,2157.0,2157.0,8,0,0.0,0.0,0.0,0.0,0.0,0,9,0,100.0,0.0
FR,2008-11-26,7,7,2166.0,0.0,2166.0,2166.0,2166.0,7,0,0.0,0.0,0.0,0.0,0.0,0,7,0,100.0,0.0
FR,2008-11-28,8,8,2105.7499999999995,0.0,2167.0,2167.0,2167.0,8,0,0.0,0.0,0.0,0.0,0.0,0,7,1,87.5,12.5
FR,2008-12-01,1,1,1707.0,0.0,1707.0,1707.0,1707.0,1,0,0.0,0.0,0.0,0.0,0.0,0,1,0,100.0,0.0
FR,2008-12-04,8,22,2141.954545454545,4.496912521077348,2168.0,2160.8,2168.8,8,0,0.0,0.0,0.0,0.0,0.0,0,14,8,63.63636363636363,36.36363636363637
FR,2008-12-05,7,7,2180.0,0.0,2180.0,2180.0,2180.0,7,0,0.0,0.0,0.0,0.0,0.0,0,7,0,100.0,0.0
FR,2008-12-06,7,14,2175.5,5.5,2175.5,2171.1,2179.9,7,0,0.0,0.0,0.0,0.0,0.0,0,7,7,50.0,50.0
FR,2008-12-07,7,7,2171.0,0.0,2171.0,2171.0,2171.0,7,0,0.0,0.0,0.0,0.0,0.0,0,7,0,100.0,0.0
FR,2008-12-08,7,7,2171.0,0.0,2171.0,2171.0,2171.0,7,0,0.0,0.0,0.0,0.0,0.0,0,7,0,100.0,0.0
FR,2008-12-09,7,7,2172.0,0.0,2172.0,2172.0,2172.0,7,0,0.0,0.0,0.0,0.0,0.0,0,7,0,100.0,0.0
FR,2008-12-10,7,7,2137.0,0.0,2137.0,2137.0,2137.0,7,0,0.0,0.0,0.0,0.0,0.0,0,0,0,0.0,0.0
FR,2008-12-11,1,1,1650.0,0.0,1650.0,1650.0,1650.0,1,0,0.0,0.0,0.0,0.0,0.0,0,0,0,0.0,0.0
FR,2008-12-12,7,7,2146.0,0.0,2146.0,2146.0,2146.0,7,0,0.0,0.0,0.0,0.0,0.0,0,7,0,100.0,0.0
FR,2008-12-13,8,8,2087.625,0.0,2147.0,2147.0,2147.0,8,0,0.0,0.0,0.0,0.0,0.0,0,8,0,100.0,0.0
FR,2008-12-14,1,1,1685.0,0.0,1685.0,1685.0,1685.0,1,0,0.0,0.0,0.0,0.0,0.0,0,1,0,100.0,0.0
FR,2008-12-15,7,14,2126.0,0.0,2126.0,2126.0,2126.0,7,0,0.0,0.0,0.0,0.0,0.0,0,7,7,50.0,50.0
FR,2008-12-16,7,7,2126.0,0.0,2126.0,2126.0,2126.0,7,0,0.0,0.0,0.0,0.0,0.0,0,0,0,0.0,0.0
FR,2008-12-17,1,1,1702.0,0.0,1702.0,1702.0,1702.0,1,0,0.0,0.0,0.0,0.0,0.0,0,1,0,100.0,0.0
FR,2008-12-18,8,9,2022.5555555555559,0.0,2126.0,2126.0,2126.0,8,0,0.0,0.0,0.0,0.0,0.0,0,8,1,88.88888888888889,11.11111111111111
FR,2008-12-20,7,7,2126.0,0.0,2126.0,2126.0,2126.0,7,0,0.0,0.0,0.0,0.0,0.0,0,7,0,100.0,0.0
FR,2008-12-21,1,1,1639.0,0.0,1639.0,1639.0,1639.0,1,0,0.0,0.0,0.0,0.0,0.0,0,0,1,0.0,100.0
FR,2008-12-22,7,14,2110.5,15.5,2110.5,2098.1,2122.9,7,0,0.0,0.0,0.0,0.0,0.0,0,7,7,50.0,50.0
FR,2008-12-25,1,1,1677.0,0.0,1677.0,1677.0,1677.0,1,0,0.0,0.0,0.0,0.0,0.0,0,1,0,100.0,0.0
FR,2008-12-27,8,8,2047.875,0.0,2098.0,2098.0,2098.0,8,0,0.0,0.0,0.0,0.0,0.0,0,8,0,100.0,0.0
FR,2008-12-29,7,14,2099.5,1.5,2099.5,2098.3,2100.7,7,0,0.0,0.0,0.0,0.0,0.0,0,14,0,100.0,0.0
FR,2008-12-30,8,8,2050.25,0.0,2097.0,2097.0,2097.0,8,0,0.0,0.0,0.0,0.0,0.0,0,1,0,100.0,0.0
FR,2008-12-31,8,8,2059.75,0.0,2105.0,2105.0,2105.0,8,0,0.0,0.0,0.0,0.0,0.0,0,8,0,100.0,0.0
FR,2009-01-02,7,7,2112.0,0.0,2112.0,2112.0,2112.0,7,0,0.0,0.0,0.0,0.0,0.0,0,7,0,100.0,0.0
FR,2009-01-03,7,7,2117.0,0.0,2117.0,2117.0,2117.0,7,0,0.0,0.0,0.0,0.0,0.0,0,7,0,100.0,0.0
FR,2009-01-04,7,14,2123.5,0.5,2123.5,2123.1,2123.9,7,0,0.0,0.0,0.0,0.0,0.0,0,14,0,100.0,0.0
FR,2009-01-05,8,8,2079.875,0.0,2125.0,2125.0,2125.0,8,0,0.0,0.0,0.0,0.0,0.0,0,8,0,100.0,0.0
FR,2009-01-06,7,14,2126.5,0.5,2126.5,2126.1,2126.9,7,0,0.0,0.0,0.0,0.0,0.0,0,14,0,100.0,0.0
FR,2009-01-07,8,8,2082.5,0.0,2134.0,2134.0,2134.0,8,0,0.0,0.0,0.0,0.0,0.0,0,7,1,87.5,12.5
FR,2009-01-08,8,8,2063.75,0.0,2118.0,2118.0,2118.0,8,0,0.0,0.0,0.0,0.0,0.0,0,0,1,0.0,100.0
FR,2009-01-09,8,8,2050.625,0.0,2099.0,2099.0,2099.0,8,0,0.0,0.0,0.0,0.0,0.0,0,1,7,12.5,87.5
FR,2009-01-10,7,7,2078.0,0.0,2078.0,2078.0,2078.0,7,0,0.0,0.0,0.0,0.0,0.0,0,0,0,0.0,0.0
FR,2009-01-11,8,9,1999.888888888889,0.0,2088.0,2088.0,2088.0,8,0,0.0,0.0,0.0,0.0,0.0,0,7,1,87.5,12.5
FR,2009-01-14,1,1,1650.0,0.0,1650.0,1650.0,1650.0,1,0,0.0,0.0,0.0,0.0,0.0,0,0,1,0.0,100.0
FR,2009-01-18,1,1,1670.0,0.0,1670.0,1670.0,1670.0,1,0,0.0,0.0,0.0,0.0,0.0,0,1,0,100.0,0.0
FR,2009-01-27,1,1,1666.0,0.0,1666.0,1666.0,1666.0,1,0,0.0,0.0,0.0,0.0,0.0,0,0,0,0.0,0.0
FR,2009-01-28,1,1,1702.0,0.0,1702.0,1702.0,1702.0,1,0,0.0,0.0,0.0,0.0,0.0,0,1,0,100.0,0.0
FR,2009-02-04,8,8,2036.75,0.0,2088.0,2088.0,2088.0,8,0,0.0,0.0,0.0,0.0,0.0,0,7,1,87.5,12.5
FR,2009-02-12,1,2,1656.5,16.5,1656.5,1643.3,1669.7,1,0,0.0,0.0,0.0,0.0,0.0,0,0,2,0.0,100.0
FR,2009-02-13,7,14,2063.0,0.0,2063.0,2063.0,2063.0,7,0,0.0,0.0,0.0,0.0,0.0,0,0,14,0.0,100.0
FR,2009-02-14,7,7,1979.0,0.0,1979.0,1979.0,1979.0,7,0,0.0,0.0,0.0,0.0,0.0,0,0,7,0.0,100.0
FR,2009-02-16,7,7,1979.0,0.0,1979.0,1979.0,1979.0,7,0,0.0,0.0,0.0,0.0,0.0,0,7,0,100.0,0.0
FR,2009-02-17,8,15,1956.2,1.0,1980.0,1979.2,1980.8,8,0,0.0,0.0,0.0,0.0,0.0,0,14,1,93.33333333333333,6.666666666666667
FR,2009-02-18,7,14,2027.0,42.0,2027.0,1993.4,2060.6,7,0,0.0,0.0,0.0,0.0,0.0,0,14,0,100.0,0.0
FR,2009-02-20,7,7,2070.0,0.0,2070.0,2070.0,2070.0,7,0,0.0,0.0,0.0,0.0,0.0,0,7,0,100.0,0.0
FR,2009-02-21,8,8,2028.75,0.0,2088.0,2088.0,2088.0,8,0,0.0,0.0,0.0,0.0,0.0,0,7,1,87.5,12.5
FR,2009-02-22,7,21,2105.6666666666665,14.055445761538676,2100.0,2093.6,2120.0,7,0,0.0,0.0,0.0,0.0,0.0,0,21,0,100.0,0.0
FR,2009-02-23,1,1,1639.0,0.0,1639.0,1639.0,1639.0,1,0,0.0,0.0,0.0,0.0,0.0,0,1,0,100.0,0.0
FR,2009-02-26,7,7,2130.0,0.0,2130.0,2130.0,2130.0,7,0,0.0,0.0,0.0,0.0,0.0,0,7,0,100.0,0.0
FR,2009-02-27,7,7,2151.0,0.0,2151.0,2151.0,2151.0,7,0,0.0,0.0,0.0,0.0,0.0,0,7,0,100.0,0.0
FR,2009-02-28,7,14,2155.5,1.5,2155.5,2154.3,2156.7,7,0,0.0,0.0,0.0,0.0,0.0,0,14,0,100.0,0.0
FR,2009-03-01,7,14,2160.0,1.0,2160.0,2159.2,2160.8,7,0,0.0,0.0,0.0,0.0,0.0,0,14,0,100.0,0.0
FR,2009-03-05,7,7,2167.0,0.0,2167.0,2167.0,2167.0,7,0,0.0,0.0,0.0,0.0,0.0,0,7,0,100.0,0.0
FR,2009-03-06,7,7,2171.0,0.0,2171.0,2171.0,2171.0,7,0,0.0,0.0,0.0,0.0,0.0,0,7,0,100.0,0.0
FR,2009-03-08,7,7,2148.0,0.0,2148.0,2148.0,2148.0,7,0,0.0,0.0,0.0,0.0,0.0,0,0,0,0.0,0.0
FR,2009-03-09,7,7,2152.0,0.0,2152.0,2152.0,2152.0,7,0,0.0,0.0,0.0,0.0,0.0,0,7,0,100.0,0.0
FR,2009-03-11,8,9,2060.4444444444443,0.0,2166.0,2166.0,2166.0,8,0,0.0,0.0,0.0,0.0,0.0,0,9,0,100.0,0.0
FR,2009-03-14,1,2,1711.5,24.5,1711.5,1691.9,1731.1,1,0,0.0,0.0,0.0,0.0,0.0,0,1,1,50.0,50.0
FR,2009-03-17,7,7,2168.0,0.0,2168.0,2168.0,2168.0,7,0,0.0,0.0,0.0,0.0,0.0,0,7,0,100.0,0.0
FR,2009-03-18,7,7,2171.0,0.0,2171.0,2171.0,2171.0,7,0,0.0,0.0,0.0,0.0,0.0,0,7,0,100.0,0.0
FR,2009-03-19,7,7,2171.0,0.0,2171.0,2171.0,2171.0,7,0,0.0,0.0,0.0,0.0,0.0,0,7,0,100.0,0.0
FR,2009-03-21,7,7,2172.0,0.0,2172.0,2172.0,2172.0,7,0,0.0,0.0,0.0,0.0,0.0,0,7,0,100.0,0.0
FR,2009-03-24,7,21,2198.6666666666665,13.960261060914616,2207.0,2184.6,2209.4,7,0,0.0,0.0,0.0,0.0,0.0,0,21,0,100.0,0.0
FR,2009-03-25,8,8,2113.25,0.0,2169.0,2169.0,2169.0,8,0,0.0,0.0,0.0,0.0,0.0,0,0,8,0.0,100.0
FR,2009-03-26,7,7,2171.0,0.0,2171.0,2171.0,2171.0,7,0,0.0,0.0,0.0,0.0,0.0,0,7,0,100.0,0.0
FR,2009-03-27,7,14,2178.5,4.5,2178.5,2174.9,2182.1,7,0,0.0,0.0,0.0,0.0,0.0,0,14,0,100.0,0.0
FR,2009-03-31,7,14,2183.0,0.0,2183.0,2183.0,2183.0,7,0,0.0,0.0,0.0,0.0,0.0,0,14,0,100.0,0.0
FR,2009-04-01,7,7,2183.0,0.0,2183.0,2183.0,2183.0,7,0,0.0,0.0,0.0,0.0,0.0,0,7,0,100.0,0.0
FR,2009-04-02,7,7,2187.0,0.0,2187.0,2187.0,2187.0,7,0,0.0,0.0,0.0,0.0,0.0,0,7,0,100.0,0.0
FR,2009-04-03,7,21,2162.6666666666665,32.83629428273267,2174.0,2129.2,2191.6,7,0,0.0,0.0,0.0,0.0,0.0,0,7,7,50.0,50.0
FR,2009-04-05,1,1,1719.0,0.0,1719.0,1719.0,1719.0,1,0,0.0,0.0,0.0,0.0,0.0,0,0,1,0.0,100.0
FR,2009-04-06,7,14,2050.5,5.5,2050.5,2046.1,2054.9,7,0,0.0,0.0,0.0,0.0,0.0,0,7,7,50.0,50.0
FR,2009-04-07,7,7,2055.0,0.0,2055.0,2055.0,2055.0,7,0,0.0,0.0,0.0,0.0,0.0,0,0,0,0.0,0.0
FR,2009-04-09,7,14,2057.0,2.0,2057.0,2055.4,2058.6,7,0,0.0,0.0,0.0,0.0,0.0,0,14,0,100.0,0.0
FR,2009-04-10,7,7,2055.0,0.0,2055.0,2055.0,2055.0,7,0,0.0,0.0,0.0,0.0,0.0,0,0,0,0.0,0.0
FR,2009-04-11,8,8,2025.25,0.0,2078.0,2078.0,2078.0,8,0,0.0,0.0,0.0,0.0,0.0,0,7,1,87.5,12.5
FR,2009-04-13,1,1,1656.0,0.0,1656.0,1656.0,1656.0,1,0,0.0,0.0,0.0,0.0,0.0,0,1,0,100.0,0.0
FR,2009-04-14,7,7,2098.0,0.0,2098.0,2098.0,2098.0,7,0,0.0,0.0,0.0,0.0,0.0,0,7,0,100.0,0.0
FR,2009-04-18,7,7,2110.0,0.0,2110.0,2110.0,2110.0,7,0,0.0,0.0,0.0,0.0,0.0,0,7,0,100.0,0.0
FR,2009-04-19,1,2,1664.5,36.5,1664.5,1635.3,1693.7,1,0,0.0,0.0,0.0,0.0,0.0,0,1,1,50.0,50.0
FR,2009-04-23,1,1,1753.0,0.0,1753.0,1753.0,1753.0,1,0,0.0,0.0,0.0,0.0,0.0,0,1,0,100.0,0.0
FR,2009-04-24,7,7,2071.0,0.0,2071.0,2071.0,2071.0,7,0,0.0,0.0,0.0,0.0,0.0,0,0,7,0.0,100.0
FR,2009-04-25,7,7,2084.0,0.0,2084.0,2084.0,2084.0,7,0,0.0,0.0,0.0,0.0,0.0,0,7,0,100.0,0.0
FR,2009-04-28,1,1,1739.0,0.0,1739.0,1739.0,1739.0,1,0,0.0,0.0,0.0,0.0,0.0,0,0,1,0.0,100.0
FR,2009-05-05,7,7,2076.0,0.0,2076.0,2076.0,2076.0,7,0,0.0,0.0,0.0,0.0,0.0,0,0,0,0.0,0.0
FR,2009-05-08,7,7,2086.0,0.0,2086.0,2086.0,2086.0,7,0,0.0,0.0,0.0,0.0,0.0,0,7,0,100.0,0.0
FR,2009-05-09,7,7,2115.0,0.0,2115.0,2115.0,2115.0,7,0,0.0,0.0,0.0,0.0,0.0,0,7,0,100.0,0.0
FR,2009-05-10,8,8,2027.875,0.0,2074.0,2074.0,2074.0,8,0,0.0,0.0,0.0,0.0,0.0,0,0,8,0.0,100.0
FR,2009-05-11,8,8,2055.625,0.0,2101.0,2101.0,2101.0,8,0,0.0,0.0,0.0,0.0,0.0,0,8,0,100.0,0.0
FR,2009-05-16,7,14,2094.0,5.0,2094.0,2090.0,2098.0,7,0,0.0,0.0,0.0,0.0,0.0,0,0,7,0.0,100.0
FR,2009-05-18,8,8,2073.1249999999995,0.0,2116.0,2116.0,2116.0,8,0,0.0,0.0,0.0,0.0,0.0,0,7,0,100.0,0.0
FR,2009-05-19,7,14,2110.0,4.0,2110.0,2106.8,2113.2,7,0,0.0,0.0,0.0,0.0,0.0,0,0,14,0.0,100.0
FR,2009-05-23,7,14,2148.5,8.5,2148.5,2141.7,2155.3,7,0,0.0,0.0,0.0,0.0,0.0,0,7,7,50.0,50.0
FR,2009-05-24,1,1,1802.0,0.0,1802.0,1802.0,1802.0,1,0,0.0,0.0,0.0,0.0,0.0,0,1,0,100.0,0.0
FR,2009-05-25,7,7,2131.0,0.0,2131.0,2131.0,2131.0,7,0,0.0,0.0,0.0,0.0,0.0,0,0,7,0.0,100.0
FR,2009-05-28,7,7,2103.0,0.0,2103.0,2103.0,2103.0,7,0,0.0,0.0,0.0,0.0,0.0,0,0,7,0.0,100.0
FR,2009-06-02,1,1,1753.0,0.0,1753.0,1753.0,1753.0,1,0,0.0,0.0,0.0,0.0,0.0,0,0,1,0.0,100.0
FR,2009-06-04,7,7,2103.0,0.0,2103.0,2103.0,2103.0,7,0,0.0,0.0,0.0,0.0,0.0,0,7,0,100.0,0.0
FR,2009-06-06,7,7,2122.0,0.0,2122.0,2122.0,2122.0,7,0,0.0,0.0,0.0,0.0,0.0,0,7,0,100.0,0.0
FR,2009-06-12,7,7,1054.0,0.0,1054.0,1054.0,1054.0,7,0,0.0,0.0,0.0,0.0,0.0,0,0,7,0.0,100.0
FR,2009-06-15,7,7,2067.0,0.0,2067.0,2067.0,2067.0,7,0,0.0,0.0,0.0,0.0,0.0,0,0,7,0.0,100.0
FR,2009-06-16,8,22,2020.0,24.08780235351956,2021.0,2013.8,2057.8,8,0,0.0,0.0,0.0,0.0,0.0,0,14,8,63.63636363636363,36.36363636363637
FR,2009-06-17,7,7,2050.0,0.0,2050.0,2050.0,2050.0,7,0,0.0,0.0,0.0,0.0,0.0,0,7,0,100.0,0.0
FR,2009-06-20,1,1,1796.0,0.0,1796.0,1796.0,1796.0,1,0,0.0,0.0,0.0,0.0,0.0,0,1,0,100.0,0.0
FR,2009-06-22,7,14,2074.5,3.5,2074.5,2071.7,2077.3,7,0,0.0,0.0,0.0,0.0,0.0,0,0,0,0.0,0.0
FR,2009-06-23,14,35,1637.6,20.0,953.0,937.0,969.0,14,0,0.0,0.0,0.0,0.0,0.0,0,21,14,60.0,40.0
FR,2009-06-28,7,7,2126.0,0.0,2126.0,2126.0,2126.0,7,0,0.0,0.0,0.0,0.0,0.0,0,7,0,100.0,0.0
FR,2009-06-30,7,7,2126.0,0.0,2126.0,2126.0,2126.0,7,0,0.0,0.0,0.0,0.0,0.0,0,7,0,100.0,0.0
FR,2009-07-01,1,1,1781.0,0.0,1781.0,1781.0,1781.0,1,0,0.0,0.0,0.0,0.0,0.0,0,0,1,0.0,100.0
FR,2009-07-11,14,14,1523.0,0.0,902.0,902.0,902.0,14,0,0.0,0.0,0.0,0.0,0.0,0,7,7,50.0,50.0
FR,2009-07-12,7,7,882.0,0.0,882.0,882.0,882.0,7,0,0.0,0.0,0.0,0.0,0.0,0,0,7,0.0,100.0
FR,2009-07-13,7,7,2144.0,0.0,2144.0,2144.0,2144.0,7,0,0.0,0.0,0.0,0.0,0.0,0,7,0,100.0,0.0
FR,2009-07-16,7,7,2176.0,0.0,2176.0,2176.0,2176.0,7,0,0.0,0.0,0.0,0.0,0.0,0,7,0,100.0,0.0
FR,2009-07-23,7,7,2150.0,0.0,2150.0,2150.0,2150.0,7,0,0.0,0.0,0.0,0.0,0.0,0,0,7,0.0,100.0
FR,2009-07-27,7,7,2108.0,0.0,2108.0,2108.0,2108.0,7,0,0.0,0.0,0.0,0.0,0.0,0,0,7,0.0,100.0
FR,2009-07-28,7,7,2093.0,0.0,2093.0,2093.0,2093.0,7,0,0.0,0.0,0.0,0.0,0.0,0,0,7,0.0,100.0
FR,2009-08-01,7,7,966.0,0.0,966.0,966.0,966.0,7,0,0.0,0.0,0.0,0.0,0.0,0,7,0,100.0,0.0
FR,2009-08-02,1,1,1858.0,0.0,1858.0,1858.0,1858.0,1,0,0.0,0.0,0.0,0.0,0.0,0,1,0,100.0,0.0
FR,2009-08-03,7,7,2117.0,0.0,2117.0,2117.0,2117.0,7,0,0.0,0.0,0.0,0.0,0.0,0,7,0,100.0,0.0
FR,2009-08-04,8,8,2116.125,0.0,2143.0,2143.0,2143.0,8,0,0.0,0.0,0.0,0.0,0.0,0,8,0,100.0,0.0
FR,2009-08-08,7,7,2147.0,0.0,2147.0,2147.0,2147.0,7,0,0.0,0.0,0.0,0.0,0.0,0,7,0,100.0,0.0
FR,2009-08-10,7,14,2177.5,6.5,2177.5,2172.3,2182.7,7,0,0.0,0.0,0.0,0.0,0.0,0,14,0,100.0,0.0
FR,2009-08-12,14,21,1775.3333333333337,0.0,1046.0,1046.0,1046.0,14,0,0.0,0.0,0.0,0.0,0.0,0,7,7,50.0,50.0
FR,2009-08-14,7,14,2138.0,0.0,2138.0,2138.0,2138.0,7,0,0.0,0.0,0.0,0.0,0.0,0,14,0,100.0,0.0
FR,2009-08-15,7,7,1140.0,0.0,1140.0,1140.0,1140.0,7,0,0.0,0.0,0.0,0.0,0.0,0,7,0,100.0,0.0
FR,2009-08-17,7,7,2081.0,0.0,2081.0,2081.0,2081.0,7,0,0.0,0.0,0.0,0.0,0.0,0,0,7,0.0,100.0
FR,2009-08-19,7,7,2081.0,0.0,2081.0,2081.0,2081.0,7,0,0.0,0.0,0.0,0.0,0.0,0,7,0,100.0,0.0
FR,2009-08-20,14,14,1624.4999999999998,0.0,1168.0,1168.0,1168.0,14,0,0.0,0.0,0.0,0.0,0.0,0,14,0,100.0,0.0
FR,2009-08-24,7,7,2108.0,0.0,2108.0,2108.0,2108.0,7,0,0.0,0.0,0.0,0.0,0.0,0,7,0,100.0,0.0
FR,2009-08-26,7,21,2152.6666666666665,19.60158723731888,2165.0,2133.0,2167.4,7,0,0.0,0.0,0.0,0.0,0.0,0,14,0,100.0,0.0
FR,2009-08-28,7,14,2168.0,0.0,2168.0,2168.0,2168.0,7,0,0.0,0.0,0.0,0.0,0.0,0,14,0,100.0,0.0
FR,2009-08-31,7,7,2140.0,0.0,2140.0,2140.0,2140.0,7,0,0.0,0.0,0.0,0.0,0.0,0,0,7,0.0,100.0
FR,2009-09-01,14,14,1673.0,0.0,1228.0,1228.0,1228.0,14,0,0.0,0.0,0.0,0.0,0.0,0,7,7,50.0,50.0
FR,2009-09-02,7,7,1252.0,0.0,1252.0,1252.0,1252.0,7,0,0.0,0.0,0.0,0.0,0.0,0,7,0,100.0,0.0
FR,2009-09-03,8,22,2108.2727272727275,0.816496580927726,2119.0,2118.2,2119.8,8,0,0.0,0.0,0.0,0.0,0.0,0,7,0,100.0,0.0
FR,2009-09-07,7,7,2111.0,0.0,2111.0,2111.0,2111.0,7,0,0.0,0.0,0.0,0.0,0.0,0,0,0,0.0,0.0
FR,2009-09-09,7,7,1217.0,0.0,1217.0,1217.0,1217.0,7,0,0.0,0.0,0.0,0.0,0.0,0,0,7,0.0,100.0
FR,2009-09-10,7,7,2131.0,0.0,2131.0,2131.0,2131.0,7,0,0.0,0.0,0.0,0.0,0.0,0,7,0,100.0,0.0
FR,2009-09-18,7,7,2143.0,0.0,2143.0,2143.0,2143.0,7,0,0.0,0.0,0.0,0.0,0.0,0,7,0,100.0,0.0
FR,2009-09-21,7,7,1279.0,0.0,1279.0,1279.0,1279.0,7,0,0.0,0.0,0.0,0.0,0.0,0,7,0,100.0,0.0
FR,2009-09-26,1,1,1956.0,0.0,1956.0,1956.0,1956.0,1,0,0.0,0.0,0.0,0.0,0.0,0,1,0,100.0,0.0
FR,2009-10-04,1,1,1962.0,0.0,1962.0,1962.0,1962.0,1,0,0.0,0.0,0.0,0.0,0.0,0,1,0,100.0,0.0
FR,2009-10-08,7,7,2164.0,0.0,2164.0,2164.0,2164.0,7,0,0.0,0.0,0.0,0.0,0.0,0,7,0,100.0,0.0
FR,2009-10-09,7,7,1339.0,0.0,1339.0,1339.0,1339.0,7,0,0.0,0.0,0.0,0.0,0.0,0,7,0,100.0,0.0
FR,2009-10-11,3,3,1200.0,0.0,1200.0,1200.0,1200.0,3,0,0.0,0.0,0.0,0.0,0.0,0,0,3,0.0,100.0
FR,2009-10-12,7,7,1272.0,0.0,1272.0,1272.0,1272.0,7,0,0.0,0.0,0.0,0.0,0.0,0,0,7,0.0,100.0
FR,2009-10-13,7,7,1206.0,0.0,1206.0,1206.0,1206.0,7,0,0.0,0.0,0.0,0.0,0.0,0,0,7,0.0,100.0
FR,2009-10-19,2,2,1664.0,0.0,1361.0,1361.0,1361.0,2,0,0.0,0.0,0.0,0.0,0.0,0,2,0,100.0,0.0
FR,2009-10-20,14,14,1670.0,0.0,1200.0,1200.0,1200.0,14,0,0.0,0.0,0.0,0.0,0.0,0,0,14,0.0,100.0
FR,2009-10-21,14,21,1492.6666666666667,18.5,1163.5,1148.7,1178.3,14,0,0.0,0.0,0.0,0.0,0.0,0,7,14,33.33333333333333,66.66666666666666
FR,2009-10-23,7,7,2161.0,0.0,2161.0,2161.0,2161.0,7,0,0.0,0.0,0.0,0.0,0.0,0,7,0,100.0,0.0
FR,2009-10-25,7,7,2175.0,0.0,2175.0,2175.0,2175.0,7,0,0.0,0.0,0.0,0.0,0.0,0,7,0,100.0,0.0
FR,2009-10-26,8,8,1219.375,0.0,1112.0,1112.0,1112.0,8,0,0.0,0.0,0.0,0.0,0.0,0,1,7,12.5,87.5
FR,2009-10-30,7,7,2186.0,0.0,2186.0,2186.0,2186.0,7,0,0.0,0.0,0.0,0.0,0.0,0,7,0,100.0,0.0
FR,2009-11-01,4,8,1133.875,2.5,1166.5,1164.5,1168.5,4,0,0.0,0.0,0.0,0.0,0.0,0,3,5,37.5,62.5
FR,2009-11-02,17,26,1412.3461538461538,0.0,1125.0,1125.0,1125.0,17,0,0.0,0.0,0.0,0.0,0.0,0,17,9,65.38461538461539,34.61538461538461
FR,2009-11-03,3,12,1168.5,7.762087348130012,1167.0,1160.9,1177.3,3,0,0.0,0.0,0.0,0.0,0.0,0,9,3,75.0,25.0
FR,2009-11-04,4,20,1158.4,8.064738061462382,1196.0,1186.4,1204.6,4,0,0.0,0.0,0.0,0.0,0.0,0,18,2,90.0,10.0
FR,2009-11-05,3,27,1212.5555555555557,7.350149070462767,1212.0,1204.8,1222.6,3,0,0.0,0.0,0.0,0.0,0.0,0,21,6,77.77777777777779,22.22222222222222
FR,2009-11-06,17,17,1617.8235294117649,0.0,1189.0,1189.0,1189.0,17,0,0.0,0.0,0.0,0.0,0.0,0,10,0,100.0,0.0
FR,2009-11-09,3,9,1230.6666666666667,6.236095644623235,1229.0,1225.0,1237.0,3,0,0.0,0.0,0.0,0.0,0.0,0,3,6,33.33333333333333,66.66666666666666
FR,2009-11-12,8,8,1209.375,0.0,1233.0,1233.0,1233.0,8,0,0.0,0.0,0.0,0.0,0.0,0,7,0,100.0,0.0
FR,2009-11-13,1,1,1051.0,0.0,1051.0,1051.0,1051.0,1,0,0.0,0.0,0.0,0.0,0.0,0,1,0,100.0,0.0
FR,2009-11-16,3,3,1227.0,0.0,1227.0,1227.0,1227.0,3,0,0.0,0.0,0.0,0.0,0.0,0,3,0,100.0,0.0
FR,2009-11-19,3,6,1228.0,3.0,1228.0,1225.6,1230.4,3,0,0.0,0.0,0.0,0.0,0.0,0,3,3,50.0,50.0
FR,2009-11-20,3,6,1222.0,2.0,1222.0,1220.4,1223.6,3,0,0.0,0.0,0.0,0.0,0.0,0,3,3,50.0,50.0
FR,2009-11-21,6,12,1170.5,0.0,1218.0,1218.0,1218.0,6,0,0.0,0.0,0.0,0.0,0.0,0,6,6,50.0,50.0
FR,2009-11-22,17,30,1201.4333333333332,0.0,1283.0,1283.0,1283.0,17,0,0.0,0.0,0.0,0.0,0.0,0,20,10,66.66666666666666,33.33333333333333
FR,2009-11-23,3,18,1120.5,72.1959140118054,1120.0,1043.0,1198.5,3,0,0.0,0.0,0.0,0.0,0.0,0,3,9,25.0,75.0
FR,2009-11-24,13,32,1362.3749999999998,5.494315243958978,1206.0,1200.5,1212.2,13,0,0.0,0.0,0.0,0.0,0.0,0,3,29,9.375,90.625
FR,2009-11-25,3,12,1048.25,23.370654676324325,1051.5,1022.1,1071.8,3,0,0.0,0.0,0.0,0.0,0.0,0,9,3,75.0,25.0
FR,2009-11-26,10,22,1404.1363636363635,0.0,2181.0,2181.0,2181.0,10,0,0.0,0.0,0.0,0.0,0.0,0,3,12,20.0,80.0
FR,2009-11-27,13,16,1212.1875,0.0,1332.0,1332.0,1332.0,13,0,0.0,0.0,0.0,0.0,0.0,0,10,6,62.5,37.5
FR,2009-11-28,3,9,1099.0,14.30617582258329,1100.0,1084.8,1112.8,3,0,0.0,0.0,0.0,0.0,0.0,0,9,0,100.0,0.0
FR,2009-11-30,10,28,1170.571428571429,0.0,1357.0,1357.0,1357.0,10,0,0.0,0.0,0.0,0.0,0.0,0,13,12,52.0,48.0
FR,2009-12-01,7,7,2191.0,0.0,2191.0,2191.0,2191.0,7,0,0.0,0.0,0.0,0.0,0.0,0,7,0,100.0,0.0
FR,2009-12-02,10,16,1568.5625,0.0,2201.0,2201.0,2201.0,10,0,0.0,0.0,0.0,0.0,0.0,0,10,6,62.5,37.5
FR,2009-12-03,12,34,1276.3529411764705,66.0,1430.0,1377.2,1482.8,12,0,0.0,0.0,0.0,0.0,0.0,0,14,19,42.42424242424242,57.57575757575758
FR,2009-12-04,2,7,1199.142857142857,66.24365797736583,1303.0,1252.6,1381.4,2,0,0.0,0.0,0.0,0.0,0.0,0,1,5,16.666666666666664,83.33333333333334
FR,2009-12-05,4,18,1131.111111111111,10.5,1319.5,1311.1,1327.9,4,0,0.0,0.0,0.0,0.0,0.0,0,9,9,50.0,50.0
FR,2009-12-06,8,18,1528.0,0.0,2211.0,2211.0,2211.0,8,0,0.0,0.0,0.0,0.0,0.0,0,13,4,76.47058823529412,23.52941176470588
FR,2009-12-07,4,12,1121.8333333333333,35.1789078220964,1119.0,1115.0,1176.6,4,0,0.0,0.0,0.0,0.0,0.0,0,2,7,22.22222222222222,77.77777777777779
FR,2009-12-08,3,9,1161.6666666666667,4.496912521077347,1162.0,1157.2,1166.0,3,0,0.0,0.0,0.0,0.0,0.0,0,9,0,100.0,0.0
FR,2009-12-09,4,24,1064.3333333333333,33.3803070381203,1063.0,1031.6,1112.8,4,0,0.0,0.0,0.0,0.0,0.0,0,7,17,29.166666666666668,70.83333333333334
FR,2009-12-12,7,7,2240.0,0.0,2240.0,2240.0,2240.0,7,0,0.0,0.0,0.0,0.0,0.0,0,7,0,100.0,0.0
FR,2009-12-14,1,1,1056.0,0.0,1056.0,1056.0,1056.0,1,0,0.0,0.0,0.0,0.0,0.0,0,1,0,100.0,0.0
FR,2009-12-15,18,28,1493.5357142857142,10.0,1360.0,1352.0,1368.0,18,0,0.0,0.0,0.0,0.0,0.0,0,10,18,35.714285714285715,64.28571428571429
FR,2009-12-16,1,3,1039.0,3.559026084010437,1041.0,1035.4,1041.8,1,0,0.0,0.0,0.0,0.0,0.0,0,1,2,33.33333333333333,66.66666666666666
FR,2009-12-17,11,21,1429.428571428571,0.0,2229.0,2229.0,2229.0,11,0,0.0,0.0,0.0,0.0,0.0,0,15,6,71.42857142857143,28.57142857142857
FR,2009-12-18,1,1,2000.0,0.0,2000.0,2000.0,2000.0,1,0,0.0,0.0,0.0,0.0,0.0,0,1,0,100.0,0.0
FR,2009-12-19,8,8,1312.5,0.0,1308.0,1308.0,1308.0,8,0,0.0,0.0,0.0,0.0,0.0,0,1,7,12.5,87.5
FR,2009-12-20,1,7,1039.857142857143,6.334228364970104,1039.0,1033.0,1046.8,1,0,0.0,0.0,0.0,0.0,0.0,0,2,5,28.57142857142857,71.42857142857143
FR,2009-12-21,1,4,1060.0,8.94427190999916,1060.0,1050.4,1069.6,1,0,0.0,0.0,0.0,0.0,0.0,0,4,0,100.0,0.0
FR,2009-12-22,1,1,1079.0,0.0,1079.0,1079.0,1079.0,1,0,0.0,0.0,0.0,0.0,0.0,0,1,0,100.0,0.0
FR,2009-12-23,1,3,1371.0,10.614455552060438,1371.0,1360.6,1381.4,1,0,0.0,0.0,0.0,0.0,0.0,0,3,0,100.0,0.0
FR,2009-12-24,15,25,1342.96,0.0,1323.0,1323.0,1323.0,15,0,0.0,0.0,0.0,0.0,0.0,0,23,2,92.0,8.0
FR,2009-12-25,1,2,1305.0,4.0,1305.0,1301.8,1308.2,1,0,0.0,0.0,0.0,0.0,0.0,0,1,1,50.0,50.0
FR,2009-12-26,1,1,1084.0,0.0,1084.0,1084.0,1084.0,1,0,0.0,0.0,0.0,0.0,0.0,0,1,0,100.0,0.0
FR,2009-12-27,1,1,1081.0,0.0,1081.0,1081.0,1081.0,1,0,0.0,0.0,0.0,0.0,0.0,0,0,1,0.0,100.0
FR,2009-12-28,3,11,893.0,0.0,1031.0,1031.0,1031.0,3,0,0.0,0.0,0.0,0.0,0.0,0,1,10,9.090909090909092,90.9090909090909
FR,2009-12-29,1,1,1067.0,0.0,1067.0,1067.0,1067.0,1,0,0.0,0.0,0.0,0.0,0.0,0,0,1,0.0,100.0
FR,2009-12-30,7,7,2218.0,0.0,2218.0,2218.0,2218.0,7,0,0.0,0.0,0.0,0.0,0.0,0,0,0,0.0,0.0
FR,2009-12-31,1,1,1062.0,0.0,1062.0,1062.0,1062.0,1,0,0.0,0.0,0.0,0.0,0.0,0,0,1,0.0,100.0
FR,2010-01-01,8,8,1326.1250000000002,0.0,1365.0,1365.0,1365.0,8,0,0.0,0.0,0.0,0.0,0.0,0,7,1,87.5,12.5
FR,2010-01-02,9,45,1199.866666666667,146.08552498251933,947.0,902.0,1287.4,9,0,0.0,0.0,0.0,0.0,0.0,0,19,24,44.18604651162791,55.81395348837209
FR,2010-01-03,16,36,1253.888888888889,0.0,1435.0,1435.0,1435.0,16,0,0.0,0.0,0.0,0.0,0.0,0,20,14,58.82352941176471,41.17647058823529
FR,2010-01-04,1,1,1051.0,0.0,1051.0,1051.0,1051.0,1,0,0.0,0.0,0.0,0.0,0.0,0,0,1,0.0,100.0
FR,2010-01-06,16,23,1669.2173913043478,0.0,1412.0,1412.0,1412.0,16,0,0.0,0.0,0.0,0.0,0.0,0,14,9,60.86956521739131,39.130434782608695
FR,2010-01-07,8,8,2164.75,0.0,2240.0,2240.0,2240.0,8,0,0.0,0.0,0.0,0.0,0.0,0,1,0,100.0,0.0
FR,2010-01-08,1,1,1043.0,0.0,1043.0,1043.0,1043.0,1,0,0.0,0.0,0.0,0.0,0.0,0,0,1,0.0,100.0
FR,2010-01-09,2,2,1163.5,0.0,1288.0,1288.0,1288.0,2,0,0.0,0.0,0.0,0.0,0.0,0,1,1,50.0,50.0
FR,2010-01-10,9,12,1348.75,0.0,1477.0,1477.0,1477.0,9,0,0.0,0.0,0.0,0.0,0.0,0,11,1,91.66666666666666,8.333333333333332
FR,2010-01-11,2,7,1144.7142857142858,0.0,1492.0,1492.0,1492.0,2,0,0.0,0.0,0.0,0.0,0.0,0,3,4,42.857142857142854,57.14285714285714
FR,2010-01-12,8,8,1402.375,0.0,1453.0,1453.0,1453.0,8,0,0.0,0.0,0.0,0.0,0.0,0,1,7,12.5,87.5
FR,2010-01-13,14,14,1844.4999999999995,0.0,1463.0,1463.0,1463.0,14,0,0.0,0.0,0.0,0.0,0.0,0,7,0,100.0,0.0
FR,2010-01-14,1,1,1567.0,0.0,1567.0,1567.0,1567.0,1,0,0.0,0.0,0.0,0.0,0.0,0,1,0,100.0,0.0
FR,2010-01-15,10,14,1222.571428571429,0.0,1446.0,1446.0,1446.0,10,0,0.0,0.0,0.0,0.0,0.0,0,2,12,14.285714285714285,85.71428571428571
FR,2010-01-17,7,7,1458.0,0.0,1458.0,1458.0,1458.0,7,0,0.0,0.0,0.0,0.0,0.0,0,7,0,100.0,0.0
FR,2010-01-18,8,8,1199.125,0.0,1223.0,1223.0,1223.0,8,0,0.0,0.0,0.0,0.0,0.0,0,7,0,100.0,0.0
FR,2010-01-19,15,18,1695.8888888888887,0.0,1494.0,1494.0,1494.0,15,0,0.0,0.0,0.0,0.0,0.0,0,17,1,94.44444444444444,5.555555555555555
FR,2010-01-20,17,24,1575.75,0.0,1504.0,1504.0,1504.0,17,0,0.0,0.0,0.0,0.0,0.0,0,22,1,95.65217391304348,4.3478260869565215
FR,2010-01-21,2,4,1322.5,10.5,1322.5,1314.1,1330.9,2,0,0.0,0.0,0.0,0.0,0.0,0,4,0,100.0,0.0
FR,2010-01-22,1,1,1076.0,0.0,1076.0,1076.0,1076.0,1,0,0.0,0.0,0.0,0.0,0.0,0,0,1,0.0,100.0
FR,2010-01-23,4,8,1232.875,0.0,1377.0,1377.0,1377.0,4,0,0.0,0.0,0.0,0.0,0.0,0,8,0,100.0,0.0
FR,2010-01-24,4,26,1182.1923076923076,170.31265366965545,1257.0,1023.8,1377.0,4,0,0.0,0.0,0.0,0.0,0.0,0,14,10,58.333333333333336,41.66666666666667
FR,2010-01-25,2,3,1229.3333333333333,0.0,1705.0,1705.0,1705.0,2,0,0.0,0.0,0.0,0.0,0.0,0,2,1,66.66666666666666,33.33333333333333
FR,2010-01-26,9,20,1279.6,0.0,1494.0,1494.0,1494.0,9,0,0.0,0.0,0.0,0.0,0.0,0,10,10,50.0,50.0
FR,2010-01-27,4,5,1205.6,0.0,924.0,924.0,924.0,4,0,0.0,0.0,0.0,0.0,0.0,0,4,1,80.0,20.0
FR,2010-01-28,2,5,1437.0,28.331372481167705,1643.0,1596.6,1646.2,2,0,0.0,0.0,0.0,0.0,0.0,0,2,3,40.0,60.0
FR,2010-01-29,9,10,1465.9,0.0,1511.0,1511.0,1511.0,9,0,0.0,0.0,0.0,0.0,0.0,0,9,1,90.0,10.0
FR,2010-01-30,7,14,1538.0,13.0,1538.0,1527.6,1548.4,7,0,0.0,0.0,0.0,0.0,0.0,0,14,0,100.0,0.0
FR,2010-01-31,7,7,1507.0,0.0,1507.0,1507.0,1507.0,7,0,0.0,0.0,0.0,0.0,0.0,0,0,7,0.0,100.0
FR,2010-02-01,7,7,1471.0,0.0,1471.0,1471.0,1471.0,7,0,0.0,0.0,0.0,0.0,0.0,0,0,7,0.0,100.0
FR,2010-02-02,4,11,1042.4545454545455,20.06655592438988,1057.0,1026.6,1063.4,4,0,0.0,0.0,0.0,0.0,0.0,0,3,8,27.27272727272727,72.72727272727273
FR,2010-02-03,8,9,1407.4444444444443,0.0,1482.0,1482.0,1482.0,8,0,0.0,0.0,0.0,0.0,0.0,0,1,1,50.0,50.0
FR,2010-02-04,8,16,1486.0,7.5,1440.5,1434.5,1446.5,8,0,0.0,0.0,0.0,0.0,0.0,0,9,7,56.25,43.75
FR,2010-02-05,2,3,1409.0,0.0,1826.0,1826.0,1826.0,2,0,0.0,0.0,0.0,0.0,0.0,0,2,1,66.66666666666666,33.33333333333333
FR,2010-02-06,4,13,1146.1538461538462,14.549484526951462,1091.5,1072.5,1101.4,4,0,0.0,0.0,0.0,0.0,0.0,0,6,3,66.66666666666666,33.33333333333333
FR,2010-02-08,9,22,1272.7272727272727,0.0,1422.0,1422.0,1422.0,9,0,0.0,0.0,0.0,0.0,0.0,0,7,13,35.0,65.0
FR,2010-02-09,10,18,1338.222222222222,0.0,1453.0,1453.0,1453.0,10,0,0.0,0.0,0.0,0.0,0.0,0,14,3,82.35294117647058,17.647058823529413
FR,2010-02-10,4,13,1099.3846153846157,9.470348462437906,1090.5,1084.6,1104.1,4,0,0.0,0.0,0.0,0.0,0.0,0,7,6,53.84615384615385,46.15384615384615
FR,2010-02-11,5,21,1144.3333333333333,6.87386354243376,1104.5,1098.8,1113.0,5,0,0.0,0.0,0.0,0.0,0.0,0,12,6,66.66666666666666,33.33333333333333
FR,2010-02-12,9,20,1224.35,0.0,1438.0,1438.0,1438.0,9,0,0.0,0.0,0.0,0.0,0.0,0,6,13,31.57894736842105,68.42105263157895
FR,2010-02-13,2,7,1358.142857142857,0.0,1875.0,1875.0,1875.0,2,0,0.0,0.0,0.0,0.0,0.0,0,6,0,100.0,0.0
FR,2010-02-14,9,17,1374.8235294117646,0.0,1465.0,1465.0,1465.0,9,0,0.0,0.0,0.0,0.0,0.0,0,12,4,75.0,25.0
FR,2010-02-15,1,3,1281.0,4.242640687119285,1284.0,1276.8,1284.0,1,0,0.0,0.0,0.0,0.0,0.0,0,1,2,33.33333333333333,66.66666666666666
FR,2010-02-16,10,27,1393.8888888888887,5.0,1483.0,1479.0,1487.0,10,0,0.0,0.0,0.0,0.0,0.0,0,15,12,55.55555555555556,44.44444444444444
FR,2010-02-17,9,29,1310.6551724137926,10.5,1441.5,1433.1,1449.9,9,0,0.0,0.0,0.0,0.0,0.0,0,9,20,31.03448275862069,68.96551724137932
FR,2010-02-18,13,31,1267.8064516129027,0.0,1452.0,1452.0,1452.0,13,0,0.0,0.0,0.0,0.0,0.0,0,19,8,70.37037037037037,29.629629629629626
FR,2010-02-19,2,8,1422.375,35.4964786985977,1573.0,1536.4,1612.6,2,0,0.0,0.0,0.0,0.0,0.0,0,5,2,71.42857142857143,28.57142857142857
FR,2010-02-20,13,23,1583.6521739130435,0.0,2259.0,2259.0,2259.0,13,0,0.0,0.0,0.0,0.0,0.0,0,13,8,61.904761904761905,38.095238095238095
FR,2010-02-21,8,21,1378.857142857143,7.5,1484.5,1478.5,1490.5,8,0,0.0,0.0,0.0,0.0,0.0,0,18,3,85.71428571428571,14.285714285714285
FR,2010-02-22,5,31,1186.7741935483868,8.02546966010751,1170.0,1160.6,1180.0,5,0,0.0,0.0,0.0,0.0,0.0,0,15,16,48.38709677419355,51.61290322580645
FR,2010-02-23,11,21,1401.142857142857,9.0,1485.0,1477.8,1492.2,11,0,0.0,0.0,0.0,0.0,0.0,0,11,8,57.89473684210527,42.10526315789473
FR,2010-02-24,5,30,1228.8333333333333,12.43650540411842,1188.0,1171.0,1200.6,5,0,0.0,0.0,0.0,0.0,0.0,0,14,16,46.666666666666664,53.333333333333336
FR,2010-02-25,5,35,1186.0571428571427,6.729784543356496,1157.5,1150.8,1169.0,5,0,0.0,0.0,0.0,0.0,0.0,0,19,14,57.57575757575758,42.42424242424242
FR,2010-02-26,9,36,1297.611111111111,15.5,1462.5,1450.1,1474.9,9,0,0.0,0.0,0.0,0.0,0.0,0,10,26,27.77777777777778,72.22222222222221
FR,2010-02-27,8,10,1385.1,0.0,1439.0,1439.0,1439.0,8,0,0.0,0.0,0.0,0.0,0.0,0,1,9,10.0,90.0
FR,2010-02-28,9,31,1299.3870967741934,8.0,1469.0,1462.6,1475.4,9,0,0.0,0.0,0.0,0.0,0.0,0,22,9,70.96774193548387,29.03225806451613
FR,2010-03-01,2,7,1206.2857142857142,5.5,1216.5,1212.1,1220.9,2,0,0.0,0.0,0.0,0.0,0.0,0,3,4,42.857142857142854,57.14285714285714
FR,2010-03-02,9,22,1225.5000000000002,0.0,1494.0,1494.0,1494.0,9,0,0.0,0.0,0.0,0.0,0.0,0,11,11,50.0,50.0
FR,2010-03-03,2,11,1158.3636363636365,44.54460935087681,1143.0,1119.5,1221.5,2,0,0.0,0.0,0.0,0.0,0.0,0,6,4,60.0,40.0
FR,2010-03-04,9,26,1258.807692307692,0.0,1504.0,1504.0,1504.0,9,0,0.0,0.0,0.0,0.0,0.0,0,17,8,68.0,32.0
FR,2010-03-05,1,2,1563.0,11.0,1563.0,1554.2,1571.8,1,0,0.0,0.0,0.0,0.0,0.0,0,2,0,100.0,0.0
FR,2010-03-06,1,6,1136.6666666666667,7.993052538854532,1136.5,1127.5,1146.0,1,0,0.0,0.0,0.0,0.0,0.0,0,4,2,66.66666666666666,33.33333333333333
FR,2010-03-07,2,7,1328.2857142857142,133.5,1728.5,1621.7,1835.3,2,0,0.0,0.0,0.0,0.0,0.0,0,6,1,85.71428571428571,14.285714285714285
FR,2010-03-08,8,15,1475.1333333333334,8.5,1510.5,1503.7,1517.3,8,0,0.0,0.0,0.0,0.0,0.0,0,7,8,46.666666666666664,53.333333333333336
FR,2010-03-09,8,16,1333.7500000000002,0.0,1515.0,1515.0,1515.0,8,0,0.0,0.0,0.0,0.0,0.0,0,12,4,75.0,25.0
FR,2010-03-10,10,34,1370.1470588235293,0.0,2267.0,2267.0,2267.0,10,0,0.0,0.0,0.0,0.0,0.0,0,12,22,35.294117647058826,64.70588235294117
FR,2010-03-11,1,8,1152.5,8.48528137423857,1152.0,1143.1,1161.3,1,0,0.0,0.0,0.0,0.0,0.0,0,5,3,62.5,37.5
FR,2010-03-12,16,22,1302.3181818181818,0.0,1484.0,1484.0,1484.0,16,0,0.0,0.0,0.0,0.0,0.0,0,4,18,18.181818181818183,81.81818181818183
FR,2010-03-13,16,18,1755.1666666666667,0.0,1475.0,1475.0,1475.0,16,0,0.0,0.0,0.0,0.0,0.0,0,10,8,55.55555555555556,44.44444444444444
FR,2010-03-14,8,31,1274.3548387096778,6.5,1454.5,1449.3,1459.7,8,0,0.0,0.0,0.0,0.0,0.0,0,7,22,24.137931034482758,75.86206896551724
FR,2010-03-15,9,20,1229.95,0.0,1460.0,1460.0,1460.0,9,0,0.0,0.0,0.0,0.0,0.0,0,12,7,63.1578947368421,36.84210526315789
FR,2010-03-16,9,17,1309.0,0.0,1473.0,1473.0,1473.0,9,0,0.0,0.0,0.0,0.0,0.0,0,5,5,50.0,50.0
FR,2010-03-17,2,18,1178.5,49.86819361771467,1205.0,1096.1,1216.8,2,0,0.0,0.0,0.0,0.0,0.0,0,9,9,50.0,50.0
FR,2010-03-18,2,11,1159.4545454545455,51.357959461022205,1163.5,1093.9,1211.1,2,0,0.0,0.0,0.0,0.0,0.0,0,6,4,60.0,40.0
FR,2010-03-19,3,29,1194.344827586207,10.5,1561.5,1553.1,1569.9,3,0,0.0,0.0,0.0,0.0,0.0,0,9,20,31.03448275862069,68.96551724137932
FR,2010-03-20,3,27,1107.4814814814815,0.0,1866.0,1866.0,1866.0,3,0,0.0,0.0,0.0,0.0,0.0,0,13,14,48.148148148148145,51.85185185185185
FR,2010-03-21,3,4,1341.5,0.0,1876.0,1876.0,1876.0,3,0,0.0,0.0,0.0,0.0,0.0,0,3,1,75.0,25.0
FR,2010-03-22,2,14,1115.5,43.6628707369515,1071.0,1062.0,1161.0,2,0,0.0,0.0,0.0,0.0,0.0,0,5,8,38.46153846153847,61.53846153846154
FR,2010-03-23,16,28,1610.428571428571,5.0,1480.0,1476.0,1484.0,16,0,0.0,0.0,0.0,0.0,0.0,0,10,17,37.03703703703704,62.96296296296296
FR,2010-03-24,8,18,1268.611111111111,0.0,1451.0,1451.0,1451.0,8,0,0.0,0.0,0.0,0.0,0.0,0,3,15,16.666666666666664,83.33333333333334
FR,2010-03-25,2,23,1084.4782608695652,44.39380587424331,1147.5,1059.6,1167.2,2,0,0.0,0.0,0.0,0.0,0.0,0,9,14,39.130434782608695,60.86956521739131
FR,2010-03-26,1,17,1068.0,79.16327134101877,1015.0,996.0,1176.2,1,0,0.0,0.0,0.0,0.0,0.0,0,8,9,47.05882352941176,52.94117647058824
FR,2010-03-27,2,30,1106.7666666666669,0.0,1524.0,1524.0,1524.0,2,0,0.0,0.0,0.0,0.0,0.0,0,8,21,27.586206896551722,72.41379310344827
FR,2010-03-28,9,25,1220.4,0.0,1428.0,1428.0,1428.0,9,0,0.0,0.0,0.0,0.0,0.0,0,6,19,24.0,76.0
FR,2010-03-29,2,4,1209.25,0.0,1535.0,1535.0,1535.0,2,0,0.0,0.0,0.0,0.0,0.0,0,2,2,50.0,50.0
FR,2010-03-30,9,16,1240.875,0.0,1410.0,1410.0,1410.0,9,0,0.0,0.0,0.0,0.0,0.0,0,3,13,18.75,81.25
FR,2010-03-31,2,11,1175.1818181818182,0.0,1888.0,1888.0,1888.0,2,0,0.0,0.0,0.0,0.0,0.0,0,5,6,45.45454545454545,54.54545454545454
FR,2010-04-01,2,35,1075.4,6.282692274990255,1142.0,1135.0,1149.5,2,0,0.0,0.0,0.0,0.0,0.0,0,11,24,31.428571428571427,68.57142857142857
FR,2010-04-02,3,5,1470.8,0.0,1899.0,1899.0,1899.0,3,0,0.0,0.0,0.0,0.0,0.0,0,4,1,80.0,20.0
FR,2010-04-03,9,11,1394.090909090909,0.0,1424.0,1424.0,1424.0,9,0,0.0,0.0,0.0,0.0,0.0,0,8,1,88.88888888888889,11.11111111111111
FR,2010-04-04,5,29,1183.896551724138,14.077908225301089,1204.0,1183.5,1211.2,5,0,0.0,0.0,0.0,0.0,0.0,0,12,12,50.0,50.0
FR,2010-04-05,2,9,1317.7777777777778,169.001643647497,1533.0,1515.4,1810.6,2,0,0.0,0.0,0.0,0.0,0.0,0,4,4,50.0,50.0
FR,2010-04-06,10,22,1342.6818181818182,10.0,1395.0,1387.0,1403.0,10,0,0.0,0.0,0.0,0.0,0.0,0,4,18,18.181818181818183,81.81818181818183
FR,2010-04-07,9,22,1258.6363636363635,8.5,1360.5,1353.7,1367.3,9,0,0.0,0.0,0.0,0.0,0.0,0,4,18,18.181818181818183,81.81818181818183
FR,2010-04-08,8,9,1299.2222222222222,0.0,1348.0,1348.0,1348.0,8,0,0.0,0.0,0.0,0.0,0.0,0,1,8,11.11111111111111,88.88888888888889
FR,2010-04-09,10,27,1180.9259259259256,0.0,1332.0,1332.0,1332.0,10,0,0.0,0.0,0.0,0.0,0.0,0,8,17,32.0,68.0
FR,2010-04-10,9,15,1640.2666666666669,0.0,2230.0,2230.0,2230.0,9,0,0.0,0.0,0.0,0.0,0.0,0,2,13,13.333333333333334,86.66666666666667
FR,2010-04-11,3,14,1189.2142857142858,0.0,1900.0,1900.0,1900.0,3,0,0.0,0.0,0.0,0.0,0.0,0,6,8,42.857142857142854,57.14285714285714
FR,2010-04-12,2,6,1107.0,0.0,1091.0,1091.0,1091.0,2,0,0.0,0.0,0.0,0.0,0.0,0,2,4,33.33333333333333,66.66666666666666
FR,2010-04-13,4,13,1161.2307692307693,8.5,1154.5,1147.7,1161.3,4,0,0.0,0.0,0.0,0.0,0.0,0,2,8,20.0,80.0
FR,2010-04-14,2,32,1072.78125,7.615773105863909,1065.0,1056.4,1075.8,2,0,0.0,0.0,0.0,0.0,0.0,0,10,22,31.25,68.75
FR,2010-04-16,3,12,1216.5,0.0,1912.0,1912.0,1912.0,3,0,0.0,0.0,0.0,0.0,0.0,0,7,5,58.333333333333336,41.66666666666667
FR,2010-04-17,12,20,1512.6,0.0,2237.0,2237.0,2237.0,12,0,0.0,0.0,0.0,0.0,0.0,0,9,10,47.368421052631575,52.63157894736842
FR,2010-04-18,2,11,1124.909090909091,0.0,1466.0,1466.0,1466.0,2,0,0.0,0.0,0.0,0.0,0.0,0,6,5,54.54545454545454,45.45454545454545
FR,2010-04-19,10,27,1629.111111111111,0.0,2213.0,2213.0,2213.0,10,0,0.0,0.0,0.0,0.0,0.0,0,7,18,28.000000000000004,72.0
FR,2010-04-20,8,10,1880.4,0.0,2213.0,2213.0,2213.0,8,0,0.0,0.0,0.0,0.0,0.0,0,9,1,90.0,10.0
FR,2010-04-21,2,5,1147.2,0.0,1400.0,1400.0,1400.0,2,0,0.0,0.0,0.0,0.0,0.0,0,2,3,40.0,60.0
FR,2010-04-22,9,11,1892.909090909091,0.0,2231.0,2231.0,2231.0,9,0,0.0,0.0,0.0,0.0,0.0,0,11,0,100.0,0.0
FR,2010-04-23,11,32,1344.5937499999998,12.289833196589774,1133.0,1115.8,1143.2,11,0,0.0,0.0,0.0,0.0,0.0,0,12,10,54.54545454545454,45.45454545454545
FR,2010-04-24,2,20,1114.9,0.0,1917.0,1917.0,1917.0,2,0,0.0,0.0,0.0,0.0,0.0,0,7,13,35.0,65.0
FR,2010-04-25,9,29,1192.4827586206898,0.0,1374.0,1374.0,1374.0,9,0,0.0,0.0,0.0,0.0,0.0,0,14,14,50.0,50.0
FR,2010-04-26,2,9,1231.6666666666667,23.84673283002656,1561.0,1533.0,1579.4,2,0,0.0,0.0,0.0,0.0,0.0,0,7,2,77.77777777777779,22.22222222222222
FR,2010-04-27,2,33,1189.1818181818182,61.6076293976647,1608.5,1511.3,1620.3,2,0,0.0,0.0,0.0,0.0,0.0,0,18,12,60.0,40.0
FR,2010-04-28,12,47,1307.446808510639,5.513619500836088,1087.0,1079.4,1091.6,12,0,0.0,0.0,0.0,0.0,0.0,0,22,25,46.808510638297875,53.191489361702125
FR,2010-04-29,2,16,1146.125,235.9064221253843,1087.0,1074.8,1557.4,2,0,0.0,0.0,0.0,0.0,0.0,0,11,5,68.75,31.25
FR,2010-04-30,1,2,1596.5,66.5,1596.5,1543.3,1649.7,1,0,0.0,0.0,0.0,0.0,0.0,0,2,0,100.0,0.0
FR,2010-05-01,1,1,1666.0,0.0,1666.0,1666.0,1666.0,1,0,0.0,0.0,0.0,0.0,0.0,0,1,0,100.0,0.0
FR,2010-05-02,1,1,1474.0,0.0,1474.0,1474.0,1474.0,1,0,0.0,0.0,0.0,0.0,0.0,0,0,1,0.0,100.0
FR,2010-05-03,1,3,1623.3333333333333,17.78263822446552,1630.0,1605.2,1638.8,1,0,0.0,0.0,0.0,0.0,0.0,0,0,3,0.0,100.0
FR,2010-05-04,8,9,1299.0,0.0,1341.0,1341.0,1341.0,8,0,0.0,0.0,0.0,0.0,0.0,0,7,1,87.5,12.5
FR,2010-05-05,10,18,1314.2777777777778,3.0,1272.0,1269.6,1274.4,10,0,0.0,0.0,0.0,0.0,0.0,0,11,7,61.111111111111114,38.88888888888889
FR,2010-05-06,9,32,1260.1562500000002,31.284980421921315,1245.0,1206.8,1273.4,9,0,0.0,0.0,0.0,0.0,0.0,0,23,9,71.875,28.125
FR,2010-05-07,9,11,1413.1818181818182,0.0,1426.0,1426.0,1426.0,9,0,0.0,0.0,0.0,0.0,0.0,0,8,3,72.72727272727273,27.27272727272727
FR,2010-05-08,10,16,1381.3750000000002,0.0,1398.0,1398.0,1398.0,10,0,0.0,0.0,0.0,0.0,0.0,0,8,8,50.0,50.0
FR,2010-05-10,8,9,1457.4444444444446,0.0,1394.0,1394.0,1394.0,8,0,0.0,0.0,0.0,0.0,0.0,0,1,8,11.11111111111111,88.88888888888889
FR,2010-05-11,4,19,1160.0526315789473,11.32352516764202,1134.0,1119.5,1143.5,4,0,0.0,0.0,0.0,0.0,0.0,0,6,13,31.57894736842105,68.42105263157895
FR,2010-05-12,2,5,1464.2,5.557777333511022,1653.0,1650.6,1661.0,2,0,0.0,0.0,0.0,0.0,0.0,0,2,3,40.0,60.0
FR,2010-05-13,15,32,1590.4062500000002,12.569805089976535,1462.0,1445.2,1469.2,15,0,0.0,0.0,0.0,0.0,0.0,0,16,16,50.0,50.0
FR,2010-05-14,1,12,1182.0,0.0,1182.0,1182.0,1182.0,1,0,0.0,0.0,0.0,0.0,0.0,0,2,10,16.666666666666664,83.33333333333334
FR,2010-05-15,8,21,1216.7619047619048,0.0,1476.0,1476.0,1476.0,8,0,0.0,0.0,0.0,0.0,0.0,0,9,12,42.857142857142854,57.14285714285714
FR,2010-05-17,5,28,1139.571428571429,10.099504938362076,1080.0,1073.8,1096.2,5,0,0.0,0.0,0.0,0.0,0.0,0,10,17,37.03703703703704,62.96296296296296
FR,2010-05-18,11,42,1165.095238095238,0.0,1443.0,1443.0,1443.0,11,0,0.0,0.0,0.0,0.0,0.0,0,17,25,40.476190476190474,59.523809523809526
FR,2010-05-19,12,85,1239.9529411764706,19.03122434316825,1437.0,1419.7,1459.2,12,0,0.0,0.0,0.0,0.0,0.0,0,30,45,40.0,60.0
FR,2010-05-20,17,25,1612.92,0.0,1466.0,1466.0,1466.0,17,0,0.0,0.0,0.0,0.0,0.0,0,14,10,58.333333333333336,41.66666666666667
FR,2010-05-21,12,55,1174.1272727272728,0.0,1269.0,1269.0,1269.0,12,0,0.0,0.0,0.0,0.0,0.0,0,27,28,49.09090909090909,50.90909090909091
FR,2010-05-22,1,1,1692.0,0.0,1692.0,1692.0,1692.0,1,0,0.0,0.0,0.0,0.0,0.0,0,1,0,100.0,0.0
FR,2010-05-23,2,10,1103.8,13.347658970770867,1078.0,1063.8,1094.2,2,0,0.0,0.0,0.0,0.0,0.0,0,9,1,90.0,10.0
FR,2010-05-24,5,44,1129.9772727272727,5.194188275056527,1066.0,1060.0,1073.4,5,0,0.0,0.0,0.0,0.0,0.0,0,15,26,36.58536585365854,63.41463414634146
FR,2010-05-25,12,24,1224.6666666666663,0.0,1502.0,1502.0,1502.0,12,0,0.0,0.0,0.0,0.0,0.0,0,15,6,71.42857142857143,28.57142857142857
FR,2010-05-26,19,54,1249.8703703703704,2.0,1517.0,1515.4,1518.6,19,0,0.0,0.0,0.0,0.0,0.0,0,34,10,77.27272727272727,22.727272727272727
FR,2010-05-27,13,43,1304.139534883721,16.20185174601965,1317.5,1294.3,1325.3,13,0,0.0,0.0,0.0,0.0,0.0,0,25,11,69.44444444444444,30.555555555555557
FR,2010-05-28,15,20,1652.55,0.0,1515.0,1515.0,1515.0,15,0,0.0,0.0,0.0,0.0,0.0,0,15,4,78.94736842105263,21.052631578947366
FR,2010-05-29,5,16,1203.3125,3.766629793329841,1116.5,1113.0,1120.7,5,0,0.0,0.0,0.0,0.0,0.0,0,9,6,60.0,40.0
FR,2010-05-30,8,12,1473.0,0.0,1501.0,1501.0,1501.0,8,0,0.0,0.0,0.0,0.0,0.0,0,4,8,33.33333333333333,66.66666666666666
FR,2010-05-31,7,7,1494.0,0.0,1494.0,1494.0,1494.0,7,0,0.0,0.0,0.0,0.0,0.0,0,0,7,0.0,100.0
FR,2010-06-01,12,45,1261.5333333333338,3.5,1474.5,1471.7,1477.3,12,0,0.0,0.0,0.0,0.0,0.0,0,13,28,31.70731707317073,68.29268292682927
FR,2010-06-02,2,4,1249.5,0.0,1686.0,1686.0,1686.0,2,0,0.0,0.0,0.0,0.0,0.0,0,2,1,66.66666666666666,33.33333333333333
FR,2010-06-03,5,27,1117.8148148148148,9.18739153760773,1095.0,1086.4,1107.6,5,0,0.0,0.0,0.0,0.0,0.0,0,16,8,66.66666666666666,33.33333333333333
FR,2010-06-04,2,8,1138.75,6.5,1241.5,1236.3,1246.7,2,0,0.0,0.0,0.0,0.0,0.0,0,7,1,87.5,12.5
FR,2010-06-05,9,23,1319.4782608695652,0.0,1436.0,1436.0,1436.0,9,0,0.0,0.0,0.0,0.0,0.0,0,7,14,33.33333333333333,66.66666666666666
FR,2010-06-06,16,19,1658.842105263158,0.0,1424.0,1424.0,1424.0,16,0,0.0,0.0,0.0,0.0,0.0,0,9,10,47.368421052631575,52.63157894736842
FR,2010-06-07,10,14,1425.928571428571,0.0,1450.0,1450.0,1450.0,10,0,0.0,0.0,0.0,0.0,0.0,0,12,2,85.71428571428571,14.285714285714285
FR,2010-06-08,12,33,1234.7272727272727,18.0,1353.0,1338.6,1367.4,12,0,0.0,0.0,0.0,0.0,0.0,0,26,7,78.78787878787878,21.21212121212121
FR,2010-06-09,11,64,1381.09375,313.45427630411,1382.5,1347.0,1805.0,11,0,0.0,0.0,0.0,0.0,0.0,0,42,22,65.625,34.375
FR,2010-06-10,17,88,1298.1477272727273,0.0,1439.0,1439.0,1439.0,17,0,0.0,0.0,0.0,0.0,0.0,0,34,47,41.9753086419753,58.0246913580247
FR,2010-06-11,13,37,1229.9189189189187,9.5,1366.5,1358.9,1374.1,13,0,0.0,0.0,0.0,0.0,0.0,0,18,15,54.54545454545454,45.45454545454545
FR,2010-06-12,12,39,1241.4102564102564,40.0,1349.0,1317.0,1381.0,12,0,0.0,0.0,0.0,0.0,0.0,0,29,10,74.35897435897436,25.64102564102564
FR,2010-06-13,9,29,1404.7931034482756,0.0,2185.0,2185.0,2185.0,9,0,0.0,0.0,0.0,0.0,0.0,0,13,15,46.42857142857143,53.57142857142857
FR,2010-06-14,5,30,1176.7333333333331,6.041522986797286,1166.5,1161.1,1173.3,5,0,0.0,0.0,0.0,0.0,0.0,0,19,11,63.33333333333333,36.666666666666664
FR,2010-06-15,5,38,1216.157894736842,15.621779668142809,1165.0,1146.9,1182.6,5,0,0.0,0.0,0.0,0.0,0.0,0,13,18,41.935483870967744,58.06451612903226
FR,2010-06-16,9,55,1275.1636363636364,51.66817202108083,1407.0,1328.2,1411.8,9,0,0.0,0.0,0.0,0.0,0.0,0,38,17,69.0909090909091,30.909090909090907
FR,2010-06-17,10,34,1211.470588235294,0.0,1252.0,1252.0,1252.0,10,0,0.0,0.0,0.0,0.0,0.0,0,13,20,39.39393939393939,60.60606060606061
FR,2010-06-18,10,51,1390.1764705882354,311.5,1853.5,1604.3,2102.7,10,0,0.0,0.0,0.0,0.0,0.0,0,22,27,44.89795918367347,55.10204081632652
FR,2010-06-19,2,26,1160.5384615384614,8.013876853447538,1481.0,1481.0,1494.6,2,0,0.0,0.0,0.0,0.0,0.0,0,8,17,32.0,68.0
FR,2010-06-20,3,32,1228.875,162.5228398391677,1500.0,1481.6,1697.0000000000002,3,0,0.0,0.0,0.0,0.0,0.0,0,15,16,48.38709677419355,51.61290322580645
FR,2010-06-21,3,48,1153.5000000000002,0.0,1498.0,1498.0,1498.0,3,0,0.0,0.0,0.0,0.0,0.0,0,16,30,34.78260869565217,65.21739130434783
FR,2010-06-22,10,21,1643.3333333333333,390.0,1775.0,1463.0,2087.0,10,0,0.0,0.0,0.0,0.0,0.0,0,4,10,28.57142857142857,71.42857142857143
FR,2010-06-23,1,12,1142.25,70.0453722002151,1197.0,1054.5,1205.7,1,0,0.0,0.0,0.0,0.0,0.0,0,5,7,41.66666666666667,58.333333333333336
FR,2010-06-24,12,15,1293.6,0.0,1424.0,1424.0,1424.0,12,0,0.0,0.0,0.0,0.0,0.0,0,4,11,26.666666666666668,73.33333333333333
FR,2010-06-25,13,22,1298.9545454545455,0.0,1458.0,1458.0,1458.0,13,0,0.0,0.0,0.0,0.0,0.0,0,16,5,76.19047619047619,23.809523809523807
FR,2010-06-26,4,25,1242.8,7.110243002567181,1120.0,1111.5,1127.5,4,0,0.0,0.0,0.0,0.0,0.0,0,11,13,45.83333333333333,54.166666666666664
FR,2010-06-27,5,26,1323.1153846153843,6.339361166552983,1121.5,1113.9,1127.0,5,0,0.0,0.0,0.0,0.0,0.0,0,9,10,47.368421052631575,52.63157894736842
FR,2010-06-28,5,37,1122.837837837838,5.897190814627947,1112.0,1103.0,1121.0,5,0,0.0,0.0,0.0,0.0,0.0,0,16,21,43.24324324324324,56.75675675675676
FR,2010-06-29,13,36,1280.916666666667,0.0,1473.0,1473.0,1473.0,13,0,0.0,0.0,0.0,0.0,0.0,0,21,12,63.63636363636363,36.36363636363637
FR,2010-06-30,13,52,1209.230769230769,0.0,1459.0,1459.0,1459.0,13,0,0.0,0.0,0.0,0.0,0.0,0,16,33,32.6530612244898,67.3469387755102
FR,2010-07-01,12,34,1391.3235294117649,0.0,2166.0,2166.0,2166.0,12,0,0.0,0.0,0.0,0.0,0.0,0,15,17,46.875,53.125
FR,2010-07-02,4,30,1131.4,6.297167695691002,1069.0,1059.0,1076.4,4,0,0.0,0.0,0.0,0.0,0.0,0,12,18,40.0,60.0
FR,2010-07-03,13,53,1199.622641509434,0.0,1434.0,1434.0,1434.0,13,1,84.46,0.0,0.0,0.0,0.0,1,23,28,45.09803921568628,54.90196078431373
FR,2010-07-04,8,84,1122.309523809524,152.45041452514616,1249.0,981.4,1325.2,8,0,0.0,0.0,0.0,0.0,0.0,0,43,41,51.19047619047619,48.80952380952381
FR,2010-07-05,22,57,1303.6842105263156,0.0,1474.0,1474.0,1474.0,22,0,0.0,0.0,0.0,0.0,0.0,0,30,21,58.82352941176471,41.17647058823529
FR,2010-07-06,13,40,1246.3750000000005,0.0,1597.0,1597.0,1597.0,13,0,0.0,0.0,0.0,0.0,0.0,0,31,8,79.48717948717949,20.51282051282051
FR,2010-07-07,14,59,1317.7118644067796,0.0,1240.0,1240.0,1240.0,14,0,0.0,0.0,0.0,0.0,0.0,0,21,31,40.38461538461539,59.61538461538461
FR,2010-07-08,18,79,1160.8101265822786,0.0,1461.0,1461.0,1461.0,18,0,0.0,0.0,0.0,0.0,0.0,0,39,37,51.31578947368421,48.68421052631579
FR,2010-07-09,16,44,1340.795454545455,0.0,1470.0,1470.0,1470.0,16,0,0.0,0.0,0.0,0.0,0.0,0,24,18,57.14285714285714,42.857142857142854
FR,2010-07-10,4,40,1153.225,114.47949840716264,1223.0,1035.0,1235.0,4,0,0.0,0.0,0.0,0.0,0.0,0,17,21,44.73684210526316,55.26315789473685
FR,2010-07-11,4,72,1147.402777777778,6.0608889612003285,1089.0,1080.4,1096.6,4,0,0.0,0.0,0.0,0.0,0.0,0,33,39,45.83333333333333,54.166666666666664
FR,2010-07-12,8,53,1111.6037735849056,8.522910301065005,969.0,954.0,972.0,8,0,0.0,0.0,0.0,0.0,0.0,0,22,31,41.509433962264154,58.490566037735846
FR,2010-07-13,15,67,1263.7014925373137,0.0,972.0,972.0,972.0,15,0,0.0,0.0,0.0,0.0,0.0,0,23,40,36.507936507936506,63.49206349206349
FR,2010-07-14,14,134,1187.7985074626863,99.5828489332018,1200.0,1065.0,1257.0,14,0,0.0,0.0,0.0,0.0,0.0,0,60,67,47.24409448818898,52.75590551181102
FR,2010-07-15,12,25,1512.04,0.0,1022.0,1022.0,1022.0,12,0,0.0,0.0,0.0,0.0,0.0,0,9,16,36.0,64.0
FR,2010-07-16,10,44,1072.136363636364,54.57984976161074,1071.0,1008.6,1130.8,10,0,0.0,0.0,0.0,0.0,0.0,0,23,21,52.27272727272727,47.72727272727273
FR,2010-07-17,1,12,1212.6666666666667,15.07941938169003,1213.0,1195.3,1230.8,1,0,0.0,0.0,0.0,0.0,0.0,0,6,6,50.0,50.0
FR,2010-07-18,14,50,1264.0399999999995,4.642796092394706,1041.0,1038.6,1047.4,14,0,0.0,0.0,0.0,0.0,0.0,0,33,16,67.3469387755102,32.6530612244898
FR,2010-07-19,15,94,1130.776595744681,34.179265969622904,1164.0,1123.2,1189.6,15,0,0.0,0.0,0.0,0.0,0.0,0,46,46,50.0,50.0
FR,2010-07-20,15,120,1148.0833333333337,159.79157342856195,1126.0,990.6,1280.2,15,0,0.0,0.0,0.0,0.0,0.0,0,45,66,40.54054054054054,59.45945945945946
FR,2010-07-21,15,70,1120.314285714286,7.5,1048.5,1042.5,1054.5,15,0,0.0,0.0,0.0,0.0,0.0,0,21,42,33.33333333333333,66.66666666666666
FR,2010-07-22,9,26,1166.9999999999998,81.16957558100202,1189.5,1060.8,1202.0,9,0,0.0,0.0,0.0,0.0,0.0,0,7,19,26.923076923076923,73.07692307692307
FR,2010-07-23,8,54,1143.3148148148146,88.5,914.5,843.7,985.3,8,0,0.0,0.0,0.0,0.0,0.0,0,22,32,40.74074074074074,59.25925925925925
FR,2010-07-24,5,57,1189.9122807017543,18.89585283700817,1094.0,1058.4,1104.0,5,0,0.0,0.0,0.0,0.0,0.0,0,12,44,21.428571428571427,78.57142857142857
FR,2010-07-25,6,36,1137.638888888889,16.020819787597222,1060.0,1043.8,1085.2,6,0,0.0,0.0,0.0,0.0,0.0,0,29,7,80.55555555555556,19.444444444444446
FR,2010-07-26,12,33,1253.2121212121217,160.73235171828006,1282.0,1108.4,1422.8,12,1,85.7,0.0,0.0,0.0,0.0,1,16,9,64.0,36.0
FR,2010-07-27,11,44,1109.772727272727,0.0,1037.0,1037.0,1037.0,11,0,0.0,0.0,0.0,0.0,0.0,0,19,25,43.18181818181818,56.81818181818182
FR,2010-07-28,7,50,1092.44,0.0,1007.0,1007.0,1007.0,7,0,0.0,0.0,0.0,0.0,0.0,0,21,29,42.0,57.99999999999999
FR,2010-07-29,13,104,1082.1346153846157,15.560812603745632,1067.0,1057.5,1094.0,13,0,0.0,0.0,0.0,0.0,0.0,0,47,51,47.95918367346938,52.04081632653062
FR,2010-07-30,6,70,1141.7714285714285,6.450532923720334,986.5,978.2,994.0,6,0,0.0,0.0,0.0,0.0,0.0,0,34,33,50.74626865671642,49.25373134328358
FR,2010-07-31,10,51,1212.686274509804,5.244044240850758,995.0,988.1,999.1,10,0,0.0,0.0,0.0,0.0,0.0,0,34,16,68.0,32.0
FR,2010-08-01,6,48,1098.7708333333333,14.419074943359655,1013.5,999.1,1031.0,6,0,0.0,0.0,0.0,0.0,0.0,0,26,19,57.77777777777777,42.22222222222222
FR,2010-08-02,9,103,1146.0873786407765,31.23388473365993,1154.0,1119.8,1200.4,9,0,0.0,0.0,0.0,0.0,0.0,0,61,41,59.80392156862745,40.19607843137255
FR,2010-08-03,16,187,1086.6256684491975,132.15404404718265,1088.0,798.6,1109.4,16,0,0.0,0.0,0.0,0.0,0.0,0,91,92,49.72677595628415,50.27322404371585
FR,2010-08-04,17,163,1140.0429447852762,184.95044381311084,1101.0,1013.4,1325.8,17,0,0.0,0.0,0.0,0.0,0.0,0,67,89,42.94871794871795,57.05128205128205
FR,2010-08-05,14,66,1114.590909090909,2.5,1156.5,1154.5,1158.5,14,0,0.0,0.0,0.0,0.0,0.0,0,34,26,56.666666666666664,43.333333333333336
FR,2010-08-06,6,26,1143.2692307692307,3.39934634239519,1025.0,1023.4,1029.8,6,0,0.0,0.0,0.0,0.0,0.0,0,11,9,55.00000000000001,45.0
FR,2010-08-07,13,52,1163.25,0.0,1393.0,1393.0,1393.0,13,0,0.0,0.0,0.0,0.0,0.0,0,30,19,61.224489795918366,38.775510204081634
FR,2010-08-08,13,53,1097.622641509434,0.0,1226.0,1226.0,1226.0,13,0,0.0,0.0,0.0,0.0,0.0,0,19,31,38.0,62.0
FR,2010-08-09,9,34,1313.7058823529412,82.0,1324.0,1242.0,1406.0,9,0,0.0,0.0,0.0,0.0,0.0,0,26,8,76.47058823529412,23.52941176470588
FR,2010-08-10,10,19,1326.578947368421,0.0,1406.0,1406.0,1406.0,10,0,0.0,0.0,0.0,0.0,0.0,0,6,6,50.0,50.0
FR,2010-08-11,13,34,1298.1176470588234,3.905124837953327,1163.5,1159.5,1167.5,13,0,0.0,0.0,0.0,0.0,0.0,0,26,8,76.47058823529412,23.52941176470588
FR,2010-08-12,11,43,1438.9767441860463,0.0,1159.0,1159.0,1159.0,11,0,0.0,0.0,0.0,0.0,0.0,0,23,13,63.888888888888886,36.11111111111111
FR,2010-08-13,2,10,1487.6,174.73945331037828,1437.0,1425.8,1633.6,2,0,0.0,0.0,0.0,0.0,0.0,0,7,2,77.77777777777779,22.22222222222222
FR,2010-08-14,13,39,1526.7948717948716,327.9035681416108,1428.0,1309.6,1909.0,13,0,0.0,0.0,0.0,0.0,0.0,0,34,4,89.47368421052632,10.526315789473683
FR,2010-08-15,5,5,1534.0,0.0,1534.0,1534.0,1534.0,5,0,0.0,0.0,0.0,0.0,0.0,0,5,0,100.0,0.0
FR,2010-08-16,1,9,1441.4444444444443,6.784150009988333,1443.0,1431.8,1450.4,1,0,0.0,0.0,0.0,0.0,0.0,0,3,5,37.5,62.5
FR,2010-08-17,1,10,1400.8,9.53729521405309,1400.0,1389.5,1412.5,1,0,0.0,0.0,0.0,0.0,0.0,0,2,8,20.0,80.0
FR,2010-08-18,1,12,1401.0833333333333,6.10270887029322,1402.0,1393.2,1409.5,1,0,0.0,0.0,0.0,0.0,0.0,0,6,6,50.0,50.0
FR,2010-08-19,11,46,1067.0652173913045,169.62075344721234,1082.0,827.6,1092.8,11,0,0.0,0.0,0.0,0.0,0.0,0,12,34,26.08695652173913,73.91304347826086
FR,2010-08-20,9,100,1126.18,148.77938551948506,1056.5,879.5,1069.6,9,0,0.0,0.0,0.0,0.0,0.0,0,34,66,34.0,66.0
FR,2010-08-21,18,38,1334.5,0.0,1424.0,1424.0,1424.0,18,0,0.0,0.0,0.0,0.0,0.0,0,25,13,65.78947368421053,34.21052631578947
FR,2010-08-22,9,16,1367.1875,63.0,1342.0,1291.6,1392.4,9,0,0.0,0.0,0.0,0.0,0.0,0,9,7,56.25,43.75
FR,2010-08-23,13,38,1199.4473684210527,3.0,1154.0,1151.6,1156.4,13,0,0.0,0.0,0.0,0.0,0.0,0,19,19,50.0,50.0
FR,2010-08-24,12,122,1038.8032786885246,80.09114630204972,1046.0,868.2,1052.0,12,0,0.0,0.0,0.0,0.0,0.0,0,41,77,34.74576271186441,65.2542372881356
FR,2010-08-25,9,85,1119.529411764706,137.31059682340617,1039.5,933.2,1091.9999999999998,9,0,0.0,0.0,0.0,0.0,0.0,0,34,50,40.476190476190474,59.523809523809526
FR,2010-08-26,12,269,1027.260223048327,15.431481207094087,1023.0,1003.4,1036.0,12,0,0.0,0.0,0.0,0.0,0.0,0,104,162,39.097744360902254,60.902255639097746
FR,2010-08-27,10,125,1037.4320000000005,10.905698329559796,1034.0,1016.6,1043.8,10,0,0.0,0.0,0.0,0.0,0.0,0,38,87,30.4,69.6
FR,2010-08-28,15,39,1183.7179487179487,0.0,1460.0,1460.0,1460.0,15,0,0.0,0.0,0.0,0.0,0.0,0,18,21,46.15384615384615,53.84615384615385
FR,2010-08-31,7,34,1030.5588235294117,2.0,1149.0,1147.4,1150.6,7,0,0.0,0.0,0.0,0.0,0.0,0,6,28,17.647058823529413,82.35294117647058
FR,2010-09-01,11,85,1054.5882352941176,137.1722356099157,1024.0,1016.8,1117.6,11,0,0.0,0.0,0.0,0.0,0.0,0,33,52,38.82352941176471,61.1764705882353
FR,2010-09-02,17,102,1088.2058823529412,157.43843042599224,1019.5,998.2,1172.6,17,0,0.0,0.0,0.0,0.0,0.0,0,47,55,46.07843137254902,53.92156862745098
FR,2010-09-03,16,96,1089.7499999999998,7.280796659706958,1017.0,1005.5,1022.4,16,0,0.0,0.0,0.0,0.0,0.0,0,34,51,40.0,60.0
FR,2010-09-04,4,20,1078.95,7.086763875156433,1031.0,1024.0,1040.0,4,0,0.0,0.0,0.0,0.0,0.0,0,14,6,70.0,30.0
FR,2010-09-05,1,5,1494.0,41.60288451537946,1512.0,1451.0,1518.0,1,0,0.0,0.0,0.0,0.0,0.0,0,2,2,50.0,50.0
FR,2010-09-06,15,41,1119.8536585365855,1.0,1010.0,1009.2,1010.8,15,0,0.0,0.0,0.0,0.0,0.0,0,4,34,10.526315789473683,89.47368421052632
FR,2010-09-07,12,40,1128.425,0.0,1146.0,1146.0,1146.0,12,0,0.0,0.0,0.0,0.0,0.0,0,25,12,67.56756756756756,32.432432432432435
FR,2010-09-08,6,9,1121.0,3.0,1155.0,1152.6,1157.4,6,0,0.0,0.0,0.0,0.0,0.0,0,6,3,66.66666666666666,33.33333333333333
FR,2010-09-09,5,26,1097.2692307692307,9.299697575727931,1050.0,1041.9,1062.8,5,0,0.0,0.0,0.0,0.0,0.0,0,14,12,53.84615384615385,46.15384615384615
FR,2010-09-10,14,22,1443.2727272727273,67.5,1534.5,1480.5,1588.5,14,0,0.0,0.0,0.0,0.0,0.0,0,16,6,72.72727272727273,27.27272727272727
FR,2010-09-11,5,19,1342.9473684210527,3.741657386773941,1148.0,1143.2,1150.4,5,0,0.0,0.0,0.0,0.0,0.0,0,7,9,43.75,56.25
FR,2010-09-12,15,64,1227.3593749999995,0.0,1514.0,1514.0,1514.0,15,0,0.0,0.0,0.0,0.0,0.0,0,35,28,55.55555555555556,44.44444444444444
FR,2010-09-13,12,12,1244.5,0.0,1022.0,1022.0,1022.0,12,0,0.0,0.0,0.0,0.0,0.0,0,7,0,100.0,0.0
FR,2010-09-14,3,3,1107.0,0.0,1107.0,1107.0,1107.0,3,0,0.0,0.0,0.0,0.0,0.0,0,0,3,0.0,100.0
FR,2010-09-15,18,18,1509.2777777777778,0.0,1507.0,1507.0,1507.0,18,0,0.0,0.0,0.0,0.0,0.0,0,8,10,44.44444444444444,55.55555555555556
FR,2010-09-16,19,27,1376.2222222222222,0.0,1517.0,1517.0,1517.0,19,0,0.0,0.0,0.0,0.0,0.0,0,19,5,79.16666666666666,20.833333333333336
FR,2010-09-17,8,15,1408.5333333333333,0.0,1358.0,1358.0,1358.0,8,0,0.0,0.0,0.0,0.0,0.0,0,10,5,66.66666666666666,33.33333333333333
FR,2010-09-18,11,23,1130.391304347826,0.0,1286.0,1286.0,1286.0,11,0,0.0,0.0,0.0,0.0,0.0,0,14,9,60.86956521739131,39.130434782608695
FR,2010-09-19,12,52,1260.4999999999998,4.656984002549289,1050.5,1044.5,1054.4,12,0,0.0,0.0,0.0,0.0,0.0,0,24,28,46.15384615384615,53.84615384615385
FR,2010-09-20,18,80,1299.1,5.5,1160.5,1156.1,1164.9,18,0,0.0,0.0,0.0,0.0,0.0,0,36,41,46.75324675324675,53.246753246753244
FR,2010-09-21,22,75,1145.986666666667,231.7762330831663,1018.0,1006.0,1405.2,22,0,0.0,0.0,0.0,0.0,0.0,0,25,44,36.231884057971016,63.76811594202898
FR,2010-09-22,11,42,1254.642857142857,10.55651457631732,1065.0,1055.4,1079.2,11,0,0.0,0.0,0.0,0.0,0.0,0,39,3,92.85714285714286,7.142857142857142
FR,2010-09-23,8,12,1481.6666666666667,0.0,1512.0,1512.0,1512.0,8,0,0.0,0.0,0.0,0.0,0.0,0,9,3,75.0,25.0
FR,2010-09-24,7,9,1535.2222222222222,0.0,1620.0,1620.0,1620.0,7,0,0.0,0.0,0.0,0.0,0.0,0,6,3,66.66666666666666,33.33333333333333
FR,2010-09-25,9,24,1427.25,0.0,1407.0,1407.0,1407.0,9,0,0.0,0.0,0.0,0.0,0.0,0,20,4,83.33333333333334,16.666666666666664
FR,2010-09-26,16,17,1773.1764705882351,0.0,1491.0,1491.0,1491.0,16,0,0.0,0.0,0.0,0.0,0.0,0,9,8,52.94117647058824,47.05882352941176
FR,2010-09-27,9,24,1283.625,8.642193008721803,1090.0,1081.8,1100.3,9,0,0.0,0.0,0.0,0.0,0.0,0,21,0,100.0,0.0
FR,2010-09-28,5,9,1165.888888888889,4.0,1116.0,1112.8,1119.2,5,0,0.0,0.0,0.0,0.0,0.0,0,8,1,88.88888888888889,11.11111111111111
FR,2010-09-29,21,53,1375.2264150943402,0.0,1481.0,1481.0,1481.0,21,0,0.0,0.0,0.0,0.0,0.0,0,16,22,42.10526315789473,57.89473684210527
FR,2010-09-30,18,52,1281.3461538461538,0.0,1257.0,1257.0,1257.0,18,0,0.0,0.0,0.0,0.0,0.0,0,25,24,51.02040816326531,48.97959183673469
FR,2010-10-01,11,37,1239.5675675675675,3.6817870057290873,1135.0,1131.8,1139.0,11,0,0.0,0.0,0.0,0.0,0.0,0,15,19,44.11764705882353,55.88235294117647
FR,2010-10-02,5,19,1177.2105263157894,4.609772228646444,1107.5,1102.6,1112.4,5,0,0.0,0.0,0.0,0.0,0.0,0,11,8,57.89473684210527,42.10526315789473
FR,2010-10-03,19,69,1356.652173913043,0.0,1468.0,1468.0,1468.0,19,0,0.0,0.0,0.0,0.0,0.0,0,31,37,45.588235294117645,54.41176470588235
FR,2010-10-04,8,39,1170.128205128205,94.5,1249.5,1173.9,1325.1,8,0,0.0,0.0,0.0,0.0,0.0,0,18,20,47.368421052631575,52.63157894736842
FR,2010-10-05,5,47,1165.340425531915,14.02973033715664,1107.0,1093.6,1115.8,5,0,0.0,0.0,0.0,0.0,0.0,0,26,21,55.319148936170215,44.680851063829785
FR,2010-10-06,15,98,1407.8163265306123,4.924428900898052,1086.5,1081.2,1091.8,15,0,0.0,0.0,0.0,0.0,0.0,0,53,45,54.08163265306123,45.91836734693878
FR,2010-10-07,7,122,1455.7131147540983,75.44194788047297,1434.0,1420.7,1478.2000000000005,7,0,0.0,0.0,0.0,0.0,0.0,0,74,42,63.793103448275865,36.206896551724135
FR,2010-10-08,8,111,1509.3243243243246,34.776357798487105,1506.5,1467.7,1561.1,8,0,0.0,0.0,0.0,0.0,0.0,0,79,32,71.17117117117117,28.82882882882883
FR,2010-10-09,8,67,1495.985074626866,7.0398863627192165,1508.5,1499.4,1516.2,8,0,0.0,0.0,0.0,0.0,0.0,0,28,37,43.07692307692308,56.92307692307692
FR,2010-10-10,11,45,1318.1777777777777,10.556140334678776,1085.0,1075.2,1097.0,11,0,0.0,0.0,0.0,0.0,0.0,0,28,14,66.66666666666666,33.33333333333333
FR,2010-10-11,18,44,1108.9318181818182,4.0,1016.0,1012.8,1019.2,18,0,0.0,0.0,0.0,0.0,0.0,0,14,23,37.83783783783784,62.16216216216216
FR,2010-10-12,12,43,1255.7906976744189,13.825187248971922,1107.0,1091.6,1112.6,12,0,0.0,0.0,0.0,0.0,0.0,0,24,16,60.0,40.0
FR,2010-10-13,8,14,1178.142857142857,0.0,1129.0,1129.0,1129.0,8,0,0.0,0.0,0.0,0.0,0.0,0,7,7,50.0,50.0
FR,2010-10-14,12,43,1373.6511627906978,24.417662095749915,1111.0,1077.0,1119.0,12,0,0.0,0.0,0.0,0.0,0.0,0,12,27,30.76923076923077,69.23076923076923
FR,2010-10-15,3,9,1102.3333333333333,4.109609335312651,1103.0,1098.2,1106.2,3,0,0.0,0.0,0.0,0.0,0.0,0,3,6,33.33333333333333,66.66666666666666
FR,2010-10-16,7,44,1519.3863636363637,10.482790129010926,1547.5,1530.0,1552.5,7,0,0.0,0.0,0.0,0.0,0.0,0,28,10,73.68421052631578,26.31578947368421
FR,2010-10-17,13,34,1372.9999999999998,0.0,1663.0,1663.0,1663.0,13,0,0.0,0.0,0.0,0.0,0.0,0,25,7,78.125,21.875
FR,2010-10-18,9,63,1491.4920634920634,65.54948035644524,1556.0,1490.1,1570.8,9,0,0.0,0.0,0.0,0.0,0.0,0,25,32,43.859649122807014,56.14035087719298
FR,2010-10-19,6,14,1219.2142857142858,28.241026106633512,1056.0,1037.6,1092.0,6,0,0.0,0.0,0.0,0.0,0.0,0,4,7,36.36363636363637,63.63636363636363
FR,2010-10-20,11,25,1241.48,0.0,1464.0,1464.0,1464.0,11,0,0.0,0.0,0.0,0.0,0.0,0,11,13,45.83333333333333,54.166666666666664
FR,2010-10-21,12,59,1264.372881355932,8.429781995389675,1092.0,1082.8,1101.2,12,0,0.0,0.0,0.0,0.0,0.0,0,30,29,50.847457627118644,49.152542372881356
FR,2010-10-22,15,18,1529.1666666666667,0.0,1486.0,1486.0,1486.0,15,0,0.0,0.0,0.0,0.0,0.0,0,16,1,94.11764705882352,5.88235294117647
FR,2010-10-23,7,8,1617.125,0.0,1725.0,1725.0,1725.0,7,0,0.0,0.0,0.0,0.0,0.0,0,2,6,25.0,75.0
FR,2010-10-24,17,50,1463.1199999999997,54.135632135098106,1419.0,1334.2,1431.8,17,0,0.0,0.0,0.0,0.0,0.0,0,37,12,75.51020408163265,24.489795918367346
FR,2010-10-25,9,31,1501.322580645161,150.47480409246813,1575.0,1442.2,1736.6,9,0,0.0,0.0,0.0,0.0,0.0,0,25,5,83.33333333333334,16.666666666666664
FR,2010-10-26,15,31,1359.806451612903,4.127953488110059,1104.0,1097.4,1106.6,15,0,0.0,0.0,0.0,0.0,0.0,0,15,7,68.18181818181817,31.818181818181817
FR,2010-10-27,17,37,1458.1891891891892,4.183300132670378,1096.5,1090.4,1098.4,17,0,0.0,0.0,0.0,0.0,0.0,0,22,14,61.111111111111114,38.88888888888889
FR,2010-10-28,14,49,1251.2244897959183,5.5,1471.5,1467.1,1475.9,14,0,0.0,0.0,0.0,0.0,0.0,0,21,25,45.65217391304348,54.347826086956516
FR,2010-10-29,5,17,1276.5882352941176,4.0,1117.0,1113.8,1120.2,5,0,0.0,0.0,0.0,0.0,0.0,0,14,3,82.35294117647058,17.647058823529413
FR,2010-10-30,16,42,1486.809523809524,0.0,2125.0,2125.0,2125.0,16,0,0.0,0.0,0.0,0.0,0.0,0,18,24,42.857142857142854,57.14285714285714
FR,2010-10-31,10,15,1524.0666666666668,0.0,1755.0,1755.0,1755.0,10,0,0.0,0.0,0.0,0.0,0.0,0,10,4,71.42857142857143,28.57142857142857
FR,2010-11-01,20,64,1315.4375,0.0,1452.0,1452.0,1452.0,20,0,0.0,0.0,0.0,0.0,0.0,0,38,25,60.317460317460316,39.682539682539684
FR,2010-11-02,10,34,1377.6470588235295,8.158431221748456,1105.0,1100.2,1117.8,10,0,0.0,0.0,0.0,0.0,0.0,0,29,5,85.29411764705883,14.705882352941178
FR,2010-11-03,5,18,1154.6666666666667,3.124099870362662,1112.0,1108.4,1114.6,5,0,0.0,0.0,0.0,0.0,0.0,0,4,8,33.33333333333333,66.66666666666666
FR,2010-11-04,17,156,1122.769230769231,14.452988925785863,1021.0,1003.2,1038.2,17,0,0.0,0.0,0.0,0.0,0.0,0,73,72,50.3448275862069,49.6551724137931
FR,2010-11-05,15,45,1217.6,10.825894882179488,1038.0,1025.6,1050.2,15,0,0.0,0.0,0.0,0.0,0.0,0,35,10,77.77777777777779,22.22222222222222
FR,2010-11-06,12,23,1508.9565217391305,109.5653229813156,1207.0,991.0,1221.6,12,0,0.0,0.0,0.0,0.0,0.0,0,6,14,30.0,70.0
FR,2010-11-07,23,68,1302.411764705883,0.0,1474.0,1474.0,1474.0,23,0,0.0,0.0,0.0,0.0,0.0,0,55,13,80.88235294117648,19.11764705882353
FR,2010-11-08,24,171,1211.690058479532,135.8025072951686,1072.0,1043.4,1176.0,24,0,0.0,0.0,0.0,0.0,0.0,0,114,56,67.05882352941175,32.94117647058823
FR,2010-11-09,22,121,1197.3140495867767,109.74586026886776,1116.0,1050.8,1137.4,22,0,0.0,0.0,0.0,0.0,0.0,0,54,67,44.62809917355372,55.371900826446286
FR,2010-11-10,12,43,1251.3720930232555,5.797359312652615,1022.5,1016.5,1029.5,12,0,0.0,0.0,0.0,0.0,0.0,0,14,27,34.146341463414636,65.85365853658537
FR,2010-11-11,28,106,1221.7169811320753,31.060424980994707,1144.0,1093.8,1148.0,28,0,0.0,0.0,0.0,0.0,0.0,0,61,40,60.396039603960396,39.603960396039604
FR,2010-11-12,20,87,1281.4712643678165,12.160089168877066,1054.0,1044.0,1076.0,20,0,0.0,0.0,0.0,0.0,0.0,0,46,36,56.09756097560976,43.90243902439025
FR,2010-11-13,12,40,1115.575,0.0,1399.0,1399.0,1399.0,12,0,0.0,0.0,0.0,0.0,0.0,0,11,26,29.72972972972973,70.27027027027027
FR,2010-11-14,16,92,1219.2282608695652,0.0,1462.0,1462.0,1462.0,16,0,0.0,0.0,0.0,0.0,0.0,0,46,39,54.11764705882353,45.88235294117647
FR,2010-11-15,20,34,1668.3235294117649,6.0,1487.0,1482.2,1491.8,20,0,0.0,0.0,0.0,0.0,0.0,0,11,16,40.74074074074074,59.25925925925925
FR,2010-11-16,24,94,1236.606382978723,23.763154251908563,1468.5,1447.1,1497.6,24,0,0.0,0.0,0.0,0.0,0.0,0,37,54,40.65934065934066,59.34065934065934
FR,2010-11-17,33,186,1117.2419354838712,0.0,1500.0,1500.0,1500.0,33,0,0.0,0.0,0.0,0.0,0.0,0,84,86,49.411764705882355,50.588235294117645
FR,2010-11-18,20,113,1066.1681415929206,32.494897558646635,1092.0,1069.8,1149.2,20,0,0.0,0.0,0.0,0.0,0.0,0,46,67,40.707964601769916,59.29203539823009
FR,2010-11-19,32,89,1207.5730337078653,6.073622386096199,1144.5,1136.0,1149.5,32,0,0.0,0.0,0.0,0.0,0.0,0,30,56,34.883720930232556,65.11627906976744
FR,2010-11-20,13,91,1071.5494505494507,17.913371790059205,1024.0,1024.0,1054.4,13,0,0.0,0.0,0.0,0.0,0.0,0,41,46,47.12643678160919,52.87356321839081
FR,2010-11-21,23,82,1275.1463414634145,13.07669683062202,1008.0,993.2,1020.0,23,0,0.0,0.0,0.0,0.0,0.0,0,53,23,69.73684210526315,30.263157894736842
FR,2010-11-22,26,161,1059.0434782608688,172.76766672808506,1495.0,1211.0,1512.6,26,0,0.0,0.0,0.0,0.0,0.0,0,78,82,48.75,51.24999999999999
FR,2010-11-23,20,78,1165.4487179487178,0.0,1536.0,1536.0,1536.0,20,0,0.0,0.0,0.0,0.0,0.0,0,40,34,54.054054054054056,45.94594594594595
FR,2010-11-24,26,110,1238.418181818182,32.4636548911069,1090.0,1049.5,1125.5,26,0,0.0,0.0,0.0,0.0,0.0,0,83,23,78.30188679245283,21.69811320754717
FR,2010-11-25,30,112,1305.875,23.5,1110.5,1091.7,1129.3,30,0,0.0,0.0,0.0,0.0,0.0,0,67,44,60.36036036036037,39.63963963963964
FR,2010-11-26,32,151,1214.8013245033114,6.0,1529.0,1524.2,1533.8,32,0,0.0,0.0,0.0,0.0,0.0,0,51,100,33.77483443708609,66.22516556291392
FR,2010-11-27,19,77,1209.0000000000005,60.84037327637104,1138.0,1064.0,1154.4,19,0,0.0,0.0,0.0,0.0,0.0,0,46,31,59.74025974025974,40.25974025974026
FR,2010-11-28,14,74,1322.5810810810813,17.356554957709783,1464.5,1445.8,1480.4,14,0,0.0,0.0,0.0,0.0,0.0,0,48,20,70.58823529411765,29.411764705882355
FR,2010-11-29,28,188,1256.765957446809,13.001538370516007,1125.0,1102.6,1131.2,28,0,0.0,0.0,0.0,0.0,0.0,0,53,130,28.96174863387978,71.03825136612022
FR,2010-11-30,13,44,1161.1363636363633,0.0,1115.0,1115.0,1115.0,13,0,0.0,0.0,0.0,0.0,0.0,0,19,18,51.35135135135135,48.64864864864865
FR,2010-12-01,26,70,1242.328571428571,200.20489504505127,1112.0,1100.0,1445.6,26,0,0.0,0.0,0.0,0.0,0.0,0,28,27,50.90909090909091,49.09090909090909
FR,2010-12-02,18,69,1308.6811594202898,6.79869268479038,1459.0,1455.8,1468.6,18,0,0.0,0.0,0.0,0.0,0.0,0,28,40,41.17647058823529,58.82352941176471
FR,2010-12-03,18,106,1198.8113207547174,11.775681155103795,1484.0,1468.0,1490.4,18,0,0.0,0.0,0.0,0.0,0.0,0,46,60,43.39622641509434,56.60377358490566
FR,2010-12-04,15,89,1187.247191011236,8.460693430998036,1101.5,1093.5,1112.5,15,0,0.0,0.0,0.0,0.0,0.0,0,37,34,52.112676056338024,47.88732394366197
FR,2010-12-05,18,60,1214.133333333334,6.8452277432633934,1095.0,1085.2,1099.8,18,0,0.0,0.0,0.0,0.0,0.0,0,27,33,45.0,55.00000000000001
FR,2010-12-06,23,112,1312.267857142857,0.0,1439.0,1439.0,1439.0,23,0,0.0,0.0,0.0,0.0,0.0,0,62,50,55.35714285714286,44.642857142857146
FR,2010-12-07,31,193,1271.108808290156,171.66446195995258,1126.0,1119.9,1403.0,31,0,0.0,0.0,0.0,0.0,0.0,0,95,74,56.213017751479285,43.786982248520715
FR,2010-12-08,23,146,1180.9383561643829,0.5,1395.5,1395.1,1395.9,23,0,0.0,0.0,0.0,0.0,0.0,0,75,64,53.956834532374096,46.043165467625904
FR,2010-12-09,30,125,1183.4239999999998,127.34975140797673,1143.0,1134.0,1295.4,30,0,0.0,0.0,0.0,0.0,0.0,0,44,75,36.97478991596639,63.02521008403361
FR,2010-12-10,17,138,1230.695652173913,138.26361922923493,1156.0,1115.4,1448.4000000000003,17,0,0.0,0.0,0.0,0.0,0.0,0,62,65,48.818897637795274,51.181102362204726
FR,2010-12-11,11,48,1352.1041666666667,4.0,1104.0,1097.4,1106.2,11,0,0.0,0.0,0.0,0.0,0.0,0,25,14,64.1025641025641,35.8974358974359
FR,2010-12-12,18,30,1299.6,0.0,1069.0,1069.0,1069.0,18,0,0.0,0.0,0.0,0.0,0.0,0,13,17,43.333333333333336,56.666666666666664
FR,2010-12-13,29,98,1277.4489795918364,24.0,1123.0,1103.8,1142.2,29,0,0.0,0.0,0.0,0.0,0.0,0,35,60,36.84210526315789,63.1578947368421
FR,2010-12-14,36,135,1153.6814814814816,0.0,1159.0,1159.0,1159.0,36,0,0.0,0.0,0.0,0.0,0.0,0,69,62,52.67175572519084,47.32824427480916
FR,2010-12-15,18,188,1150.3989361702131,29.36532502884289,1091.5,1074.4,1112.7,18,0,0.0,0.0,0.0,0.0,0.0,0,94,94,50.0,50.0
FR,2010-12-16,15,29,1080.6896551724135,6.944222218666553,1079.0,1071.8,1085.4,15,0,0.0,0.0,0.0,0.0,0.0,0,7,22,24.137931034482758,75.86206896551724
FR,2010-12-17,19,29,1435.241379310345,2.5,1151.5,1149.5,1153.5,19,0,0.0,0.0,0.0,0.0,0.0,0,7,22,24.137931034482758,75.86206896551724
FR,2010-12-18,12,45,1342.4666666666667,3.937787810370968,1120.0,1118.8,1126.8,12,0,0.0,0.0,0.0,0.0,0.0,0,19,20,48.717948717948715,51.28205128205128
FR,2010-12-19,11,31,1300.3870967741937,8.383657572069263,1132.0,1120.4,1140.4,11,0,0.0,0.0,0.0,0.0,0.0,0,17,14,54.83870967741935,45.16129032258064
FR,2010-12-20,17,30,1455.8333333333333,6.5,1537.5,1532.3,1542.7,17,0,0.0,0.0,0.0,0.0,0.0,0,14,13,51.85185185185185,48.148148148148145
FR,2010-12-21,20,83,1168.9156626506024,6.782329983125268,1143.5,1135.1,1150.4,20,0,0.0,0.0,0.0,0.0,0.0,0,23,55,29.48717948717949,70.51282051282051
FR,2010-12-22,26,160,1230.66875,24.12933592271047,1153.0,1102.4,1164.2,26,0,0.0,0.0,0.0,0.0,0.0,0,74,82,47.43589743589743,52.56410256410257
FR,2010-12-23,18,67,1223.089552238806,0.0,1234.0,1234.0,1234.0,18,0,0.0,0.0,0.0,0.0,0.0,0,28,33,45.90163934426229,54.09836065573771
FR,2010-12-24,19,37,1330.297297297297,0.0,1250.0,1250.0,1250.0,19,0,0.0,0.0,0.0,0.0,0.0,0,31,0,100.0,0.0
FR,2010-12-25,11,26,1306.2307692307693,7.71182353417285,1102.0,1094.0,1112.5,11,0,0.0,0.0,0.0,0.0,0.0,0,9,17,34.61538461538461,65.38461538461539
FR,2010-12-26,21,54,1357.9999999999995,0.0,1318.0,1318.0,1318.0,21,0,0.0,0.0,0.0,0.0,0.0,0,28,25,52.83018867924528,47.16981132075472
FR,2010-12-27,18,29,1276.344827586207,4.5,1145.5,1141.9,1149.1,18,0,0.0,0.0,0.0,0.0,0.0,0,17,11,60.71428571428571,39.285714285714285
FR,2010-12-28,21,76,1300.8157894736844,7.964923100695951,1198.0,1187.8,1205.4,21,0,0.0,0.0,0.0,0.0,0.0,0,46,20,69.6969696969697,30.303030303030305
FR,2010-12-29,19,75,1274.84,0.0,1540.0,1540.0,1540.0,19,0,0.0,0.0,0.0,0.0,0.0,0,42,31,57.534246575342465,42.465753424657535
FR,2010-12-30,5,28,1146.2142857142858,7.14142842854285,1184.0,1176.7,1194.9,5,0,0.0,0.0,0.0,0.0,0.0,0,12,8,60.0,40.0
FR,2010-12-31,13,56,1249.25,4.602988159880492,1174.5,1169.2,1179.1,13,0,0.0,0.0,0.0,0.0,0.0,0,15,30,33.33333333333333,66.66666666666666
FR,2011-01-01,16,31,1463.774193548387,0.0,1532.0,1532.0,1532.0,16,0,0.0,0.0,0.0,0.0,0.0,0,24,7,77.41935483870968,22.58064516129032
FR,2011-01-02,10,26,1265.3461538461536,0.0,1077.0,1077.0,1077.0,10,0,0.0,0.0,0.0,0.0,0.0,0,14,12,53.84615384615385,46.15384615384615
FR,2011-01-03,14,35,1228.2857142857144,0.0,1385.0,1385.0,1385.0,14,0,0.0,0.0,0.0,0.0,0.0,0,9,26,25.71428571428571,74.28571428571429
FR,2011-01-04,13,44,1250.9545454545455,0.0,1446.0,1446.0,1446.0,13,0,0.0,0.0,0.0,0.0,0.0,0,32,12,72.72727272727273,27.27272727272727
FR,2011-01-05,12,27,1246.5925925925926,0.0,1543.0,1543.0,1543.0,12,0,0.0,0.0,0.0,0.0,0.0,0,16,11,59.25925925925925,40.74074074074074
FR,2011-01-06,17,94,1205.797872340425,120.23598196057904,1161.0,1125.2,1236.8000000000002,17,0,0.0,0.0,0.0,0.0,0.0,0,36,55,39.56043956043956,60.43956043956044
FR,2011-01-07,4,34,1105.1176470588234,13.430568315944646,1093.0,1070.0,1106.0,4,0,0.0,0.0,0.0,0.0,0.0,0,18,13,58.06451612903226,41.935483870967744
FR,2011-01-08,10,16,1612.0624999999995,0.0,1168.0,1168.0,1168.0,10,0,0.0,0.0,0.0,0.0,0.0,0,10,6,62.5,37.5
FR,2011-01-09,17,46,1556.7826086956525,1.632993161855452,1164.0,1162.4,1165.6,17,0,0.0,0.0,0.0,0.0,0.0,0,31,14,68.88888888888889,31.11111111111111
FR,2011-01-10,17,30,1433.8333333333337,0.0,1514.0,1514.0,1514.0,17,0,0.0,0.0,0.0,0.0,0.0,0,9,20,31.03448275862069,68.96551724137932
FR,2011-01-11,13,57,1411.280701754386,0.0,1350.0,1350.0,1350.0,13,0,0.0,0.0,0.0,0.0,0.0,0,14,30,31.818181818181817,68.18181818181817
FR,2011-01-12,18,45,1347.844444444445,0.0,1501.0,1501.0,1501.0,18,0,0.0,0.0,0.0,0.0,0.0,0,21,24,46.666666666666664,53.333333333333336
FR,2011-01-13,20,54,1453.0925925925926,0.0,1514.0,1514.0,1514.0,20,0,0.0,0.0,0.0,0.0,0.0,0,23,22,51.11111111111111,48.888888888888886
FR,2011-01-14,21,115,1247.591304347826,7.80945928480248,1163.0,1154.2,1170.8,21,0,0.0,0.0,0.0,0.0,0.0,0,58,56,50.877192982456144,49.122807017543856
FR,2011-01-15,15,23,1990.2173913043475,5.0,2162.0,2158.0,2166.0,15,0,0.0,0.0,0.0,0.0,0.0,0,9,14,39.130434782608695,60.86956521739131
FR,2011-01-16,11,24,1340.3749999999998,3.555277766926235,1087.0,1082.2,1090.2,11,0,0.0,0.0,0.0,0.0,0.0,0,13,11,54.166666666666664,45.83333333333333
FR,2011-01-17,19,117,1214.7435897435898,14.477568856683083,1154.0,1129.4,1163.2,19,0,0.0,0.0,0.0,0.0,0.0,0,38,79,32.47863247863248,67.52136752136752
FR,2011-01-18,17,19,1564.0526315789473,0.0,1503.0,1503.0,1503.0,17,0,0.0,0.0,0.0,0.0,0.0,0,9,8,52.94117647058824,47.05882352941176
FR,2011-01-19,20,39,1270.179487179487,5.5,1162.5,1158.1,1166.9,20,0,0.0,0.0,0.0,0.0,0.0,0,17,22,43.58974358974359,56.41025641025641
FR,2011-01-20,16,43,1392.9767441860467,0.0,2187.0,2187.0,2187.0,16,0,0.0,0.0,0.0,0.0,0.0,0,22,21,51.162790697674424,48.837209302325576
FR,2011-01-21,19,26,1619.423076923077,0.0,2165.0,2165.0,2165.0,19,0,0.0,0.0,0.0,0.0,0.0,0,11,15,42.30769230769231,57.692307692307686
FR,2011-01-22,7,17,1740.235294117647,0.0,1816.0,1816.0,1816.0,7,0,0.0,0.0,0.0,0.0,0.0,0,1,16,5.88235294117647,94.11764705882352
FR,2011-01-23,8,8,2135.75,0.0,2182.0,2182.0,2182.0,8,0,0.0,0.0,0.0,0.0,0.0,0,8,0,100.0,0.0
FR,2011-01-24,13,32,1281.125,0.0,1400.0,1400.0,1400.0,13,0,0.0,0.0,0.0,0.0,0.0,0,13,19,40.625,59.375
FR,2011-01-25,18,51,1362.56862745098,0.0,2185.0,2185.0,2185.0,18,0,0.0,0.0,0.0,0.0,0.0,0,29,19,60.416666666666664,39.58333333333333
FR,2011-01-26,20,62,1518.983870967742,0.0,2185.0,2185.0,2185.0,20,0,0.0,0.0,0.0,0.0,0.0,0,34,11,75.55555555555556,24.444444444444443
FR,2011-01-27,19,69,1278.826086956522,1.5,1180.5,1179.3,1181.7,19,0,0.0,0.0,0.0,0.0,0.0,0,33,30,52.38095238095239,47.61904761904761
FR,2011-01-28,19,44,1334.4772727272727,2.0,1173.0,1171.4,1174.6,19,0,0.0,0.0,0.0,0.0,0.0,0,12,31,27.906976744186046,72.09302325581395
FR,2011-01-29,21,42,1461.5476190476195,4.5,1508.5,1504.9,1512.1,21,0,0.0,0.0,0.0,0.0,0.0,0,27,8,77.14285714285715,22.857142857142858
FR,2011-01-30,14,63,1064.2539682539684,0.0,1365.0,1365.0,1365.0,14,0,0.0,0.0,0.0,0.0,0.0,0,49,14,77.77777777777779,22.22222222222222
FR,2011-01-31,18,94,1074.893617021277,1.5,1166.5,1165.3,1167.7,18,0,0.0,0.0,0.0,0.0,0.0,0,37,57,39.361702127659576,60.63829787234043
FR,2011-02-01,32,131,1093.7251908396947,86.45519070593737,1063.0,993.9,1176.9,32,0,0.0,0.0,0.0,0.0,0.0,0,55,76,41.98473282442748,58.01526717557252
FR,2011-02-02,24,207,1080.521739130435,3.299831645537222,1159.0,1155.0,1161.4,24,0,0.0,0.0,0.0,0.0,0.0,0,134,71,65.3658536585366,34.63414634146341
FR,2011-02-03,31,80,1179.3375,0.0,984.0,984.0,984.0,31,0,0.0,0.0,0.0,0.0,0.0,0,78,1,98.73417721518987,1.2658227848101267
FR,2011-02-04,13,137,1194.2554744525548,17.51479848842017,1140.0,1128.0,1170.6,13,0,0.0,0.0,0.0,0.0,0.0,0,88,49,64.23357664233576,35.76642335766424
FR,2011-02-05,23,46,1320.891304347826,0.0,978.0,978.0,978.0,23,0,0.0,0.0,0.0,0.0,0.0,0,23,22,51.11111111111111,48.888888888888886
FR,2011-02-06,25,55,1504.6545454545446,0.0,1496.0,1496.0,1496.0,25,0,0.0,0.0,0.0,0.0,0.0,0,26,23,53.06122448979592,46.93877551020408
FR,2011-02-07,16,130,1146.8153846153848,122.25357867972616,1150.0,1118.0,1164.0,16,0,0.0,0.0,0.0,0.0,0.0,0,61,62,49.59349593495935,50.40650406504065
FR,2011-02-08,17,238,1030.4033613445383,89.21883209278185,1099.0,944.2,1140.2,17,0,0.0,0.0,0.0,0.0,0.0,0,82,149,35.4978354978355,64.5021645021645
FR,2011-02-09,21,50,1142.7999999999995,2.5,922.5,920.5,924.5,21,0,0.0,0.0,0.0,0.0,0.0,0,8,42,16.0,84.0
FR,2011-02-10,36,187,1129.03743315508,18.0,891.0,873.0,909.0,36,0,0.0,0.0,0.0,0.0,0.0,0,98,89,52.406417112299465,47.593582887700535
FR,2011-02-11,29,90,1220.8444444444438,0.0,995.0,995.0,995.0,29,7,46.38999999999999,0.0,0.0,0.0,0.0,7,40,50,44.44444444444444,55.55555555555556
FR,2011-02-12,25,62,1175.032258064516,7.5,957.5,951.5,963.5,25,0,0.0,0.0,0.0,0.0,0.0,0,24,36,40.0,60.0
FR,2011-02-13,10,16,1083.25,0.0,950.0,950.0,950.0,10,0,0.0,0.0,0.0,0.0,0.0,0,13,3,81.25,18.75
FR,2011-02-14,22,118,1085.1525423728808,41.71930009000631,999.5,955.7,1044.7,22,0,0.0,0.0,0.0,0.0,0.0,0,47,64,42.34234234234234,57.65765765765766
FR,2011-02-15,32,101,1178.7722772277227,20.755855934062453,1074.0,1045.5,1090.0,32,0,0.0,0.0,0.0,0.0,0.0,0,74,19,79.56989247311827,20.43010752688172
FR,2011-02-16,23,354,1116.5677966101696,8.48528137423857,1164.0,1149.6,1164.0,23,0,0.0,0.0,0.0,0.0,0.0,0,179,167,51.73410404624278,48.26589595375722
FR,2011-02-17,31,230,1168.8217391304347,5.0,1147.0,1143.0,1151.0,31,0,0.0,0.0,0.0,0.0,0.0,0,150,74,66.96428571428571,33.035714285714285
FR,2011-02-18,16,37,1164.1081081081084,4.0,1112.0,1108.8,1115.2,16,0,0.0,0.0,0.0,0.0,0.0,0,1,36,2.7027027027027026,97.2972972972973
FR,2011-02-19,23,78,1221.1923076923074,31.612655693566776,1176.0,1135.2,1206.4,23,0,0.0,0.0,0.0,0.0,0.0,0,62,13,82.66666666666667,17.333333333333336
FR,2011-02-20,14,111,1202.405405405405,7.934733769950949,1233.0,1225.6,1243.0,14,0,0.0,0.0,0.0,0.0,0.0,0,52,52,50.0,50.0
FR,2011-02-21,31,197,1188.1319796954308,1.0,1148.0,1147.2,1148.8,31,0,0.0,0.0,0.0,0.0,0.0,0,97,90,51.87165775401069,48.1283422459893
FR,2011-02-22,24,63,1363.7777777777776,23.742103950576915,1121.0,1084.0,1126.5,24,0,0.0,0.0,0.0,0.0,0.0,0,17,40,29.82456140350877,70.17543859649122
FR,2011-02-23,27,101,1182.7326732673266,8.178562764256865,1222.0,1218.8,1234.0,27,0,0.0,0.0,0.0,0.0,0.0,0,39,62,38.613861386138616,61.386138613861384
FR,2011-02-24,26,104,1227.4038461538455,7.467261881037788,1246.0,1240.4,1257.0,26,0,0.0,0.0,0.0,0.0,0.0,0,50,49,50.505050505050505,49.494949494949495
FR,2011-02-25,30,81,1261.9382716049392,0.0,1261.0,1261.0,1261.0,30,0,0.0,0.0,0.0,0.0,0.0,0,53,28,65.4320987654321,34.5679012345679
FR,2011-02-26,23,46,1493.9782608695652,3.299831645537222,1265.0,1259.4,1265.0,23,0,0.0,0.0,0.0,0.0,0.0,0,32,7,82.05128205128204,17.94871794871795
FR,2011-02-27,15,39,1628.4358974358977,3.771236166328253,1271.0,1264.6,1271.0,15,0,0.0,0.0,0.0,0.0,0.0,0,27,12,69.23076923076923,30.76923076923077
FR,2011-02-28,32,64,1303.7343750000005,0.0,1276.0,1276.0,1276.0,32,0,0.0,0.0,0.0,0.0,0.0,0,32,30,51.61290322580645,48.38709677419355
FR,2011-03-01,28,122,1340.2459016393443,0.0,1289.0,1289.0,1289.0,28,0,0.0,0.0,0.0,0.0,0.0,0,76,39,66.08695652173913,33.91304347826087
FR,2011-03-02,33,196,1228.622448979592,8.9566858950296,1279.0,1266.2,1283.0,33,0,0.0,0.0,0.0,0.0,0.0,0,92,90,50.54945054945055,49.45054945054945
FR,2011-03-03,31,159,1265.1572327044028,12.006664815842909,1186.0,1175.2,1201.8,31,0,0.0,0.0,0.0,0.0,0.0,0,70,74,48.61111111111111,51.388888888888886
FR,2011-03-04,9,27,1395.851851851852,0.0,1097.0,1097.0,1097.0,9,0,0.0,0.0,0.0,0.0,0.0,0,11,16,40.74074074074074,59.25925925925925
FR,2011-03-05,9,10,1493.9,0.0,1488.0,1488.0,1488.0,9,0,0.0,0.0,0.0,0.0,0.0,0,2,8,20.0,80.0
FR,2011-03-06,23,43,1576.0930232558146,0.0,1248.0,1248.0,1248.0,23,0,0.0,0.0,0.0,0.0,0.0,0,24,18,57.14285714285714,42.857142857142854
FR,2011-03-07,29,261,1485.306513409962,129.54144568277945,1518.0,1344.0,1577.4,29,0,0.0,0.0,0.0,0.0,0.0,0,151,110,57.8544061302682,42.1455938697318
FR,2011-03-08,36,213,1362.6338028169014,24.78524951962356,1350.0,1317.5,1377.5,36,0,0.0,0.0,0.0,0.0,0.0,0,82,130,38.67924528301887,61.32075471698113
FR,2011-03-09,27,266,1289.9172932330832,17.817403754285017,1319.5,1298.8,1342.0,27,0,0.0,0.0,0.0,0.0,0.0,0,102,164,38.34586466165413,61.65413533834586
FR,2011-03-10,26,354,1369.8813559322032,149.32831338893544,1591.0,1425.8,1786.8,26,0,0.0,0.0,0.0,0.0,0.0,0,247,100,71.18155619596543,28.818443804034583
FR,2011-03-11,32,213,1575.0187793427228,24.2647077391562,1794.5,1750.4,1814.2,32,0,0.0,0.0,0.0,0.0,0.0,0,120,86,58.252427184466015,41.74757281553398
FR,2011-03-12,29,225,1469.8755555555558,8.766947872549489,1836.5,1829.2,1849.2,29,0,0.0,0.0,0.0,0.0,0.0,0,172,49,77.82805429864254,22.171945701357465
FR,2011-03-13,29,112,1591.080357142857,7.579847071851322,1827.5,1816.5,1836.4,29,1,96.1,0.0,0.0,0.0,0.0,1,53,59,47.32142857142857,52.67857142857143
FR,2011-03-14,45,372,1412.4462365591405,7.308037178846822,1840.0,1831.2,1848.8,45,0,0.0,0.0,0.0,0.0,0.0,0,185,176,51.24653739612188,48.75346260387812
FR,2011-03-15,34,209,1461.6794258373209,12.032345729324769,1874.0,1852.5,1883.5,34,0,0.0,0.0,0.0,0.0,0.0,0,111,88,55.778894472361806,44.221105527638194
FR,2011-03-16,34,300,1451.286666666667,5.246030245179047,1895.5,1889.0,1902.6,34,0,0.0,0.0,0.0,0.0,0.0,0,154,145,51.50501672240802,48.49498327759198
FR,2011-03-17,43,187,1454.1657754010696,6.284106937345991,1887.0,1880.8,1895.5,43,0,0.0,0.0,0.0,0.0,0.0,0,59,107,35.54216867469879,64.45783132530121
FR,2011-03-18,26,170,1486.34705882353,14.314668079359096,1895.5,1874.3,1910.4,26,0,0.0,0.0,0.0,0.0,0.0,0,112,54,67.46987951807229,32.53012048192771
FR,2011-03-19,25,107,1591.2523364485974,2.494438257849294,1907.0,1905.4,1910.2,25,0,0.0,0.0,0.0,0.0,0.0,0,47,56,45.63106796116505,54.36893203883495
FR,2011-03-20,20,131,1558.5038167938926,9.655165571973493,1923.0,1909.6,1931.9,20,0,0.0,0.0,0.0,0.0,0.0,0,88,41,68.21705426356588,31.782945736434108
FR,2011-03-21,25,163,1495.8036809815949,7.56042326857432,1922.5,1913.3,1930.4,25,0,0.0,0.0,0.0,0.0,0.0,0,81,82,49.693251533742334,50.306748466257666
FR,2011-03-22,24,233,1522.231759656653,26.45799690074817,1890.0,1866.4,1936.6,24,0,0.0,0.0,0.0,0.0,0.0,0,112,116,49.122807017543856,50.877192982456144
FR,2011-03-23,13,88,1896.829545454545,6.198918679720193,1962.0,1955.4,1967.8,13,0,0.0,0.0,0.0,0.0,0.0,0,55,24,69.62025316455697,30.37974683544304
FR,2011-03-24,32,273,1543.043956043956,14.429081744865124,1977.0,1963.2,1997.2,32,0,0.0,0.0,0.0,0.0,0.0,0,107,157,40.53030303030303,59.46969696969697
FR,2011-03-25,26,89,1312.6966292134823,3.5,1999.5,1996.7,2002.3,26,0,0.0,0.0,0.0,0.0,0.0,0,48,33,59.25925925925925,40.74074074074074
FR,2011-03-26,10,37,1354.5675675675675,3.0,1224.0,1221.6,1226.4,10,1,87.35,0.0,0.0,0.0,0.0,1,10,26,27.77777777777778,72.22222222222221
FR,2011-03-27,8,26,1342.5384615384614,0.0,1456.0,1456.0,1456.0,8,0,0.0,0.0,0.0,0.0,0.0,0,12,13,48.0,52.0
FR,2011-03-28,16,91,1349.3296703296703,6.6486150161257696,1414.0,1405.6,1421.2,16,0,0.0,0.0,0.0,0.0,0.0,0,51,39,56.666666666666664,43.333333333333336
FR,2011-03-29,23,84,1162.309523809524,0.0,1200.0,1200.0,1200.0,23,0,0.0,0.0,0.0,0.0,0.0,0,28,56,33.33333333333333,66.66666666666666
FR,2011-03-30,30,197,1241.548223350254,6.832825184358224,1420.5,1413.5,1428.2,30,0,0.0,0.0,0.0,0.0,0.0,0,89,108,45.17766497461929,54.82233502538071
FR,2011-03-31,34,161,1294.546583850932,5.81033561853358,1437.0,1431.2,1443.8,34,0,0.0,0.0,0.0,0.0,0.0,0,80,71,52.980132450331126,47.019867549668874
FR,2011-04-01,27,367,1376.5531335149858,0.0,1454.0,1454.0,1454.0,27,0,0.0,0.0,0.0,0.0,0.0,0,187,180,50.95367847411444,49.04632152588556
FR,2011-04-02,11,50,1468.9000000000003,11.740528097151335,1097.0,1083.2,1109.8,11,0,0.0,0.0,0.0,0.0,0.0,0,41,8,83.6734693877551,16.3265306122449
FR,2011-04-03,25,94,1484.5,0.0,1993.0,1993.0,1993.0,25,0,0.0,0.0,0.0,0.0,0.0,0,29,52,35.80246913580247,64.19753086419753
FR,2011-04-04,32,281,1391.768683274021,5.727128425310541,1975.0,1969.8,1982.8,32,0,0.0,0.0,0.0,0.0,0.0,0,103,174,37.18411552346571,62.8158844765343
FR,2011-04-05,31,255,1458.0470588235294,13.704104098254744,1964.0,1952.2,1984.4,31,0,0.0,0.0,0.0,0.0,0.0,0,151,104,59.21568627450981,40.78431372549019
FR,2011-04-06,37,465,1499.2602150537634,18.88601176646921,1940.0,1914.8,1965.4,37,0,0.0,0.0,0.0,0.0,0.0,0,236,227,50.9719222462203,49.0280777537797
FR,2011-04-07,36,185,1707.151351351351,6.982925294941976,1984.0,1977.2,1994.4,36,0,0.0,0.0,0.0,0.0,0.0,0,74,106,41.11111111111111,58.88888888888889
FR,2011-04-08,24,157,1755.5987261146497,15.111391950004691,1955.5,1937.0,1972.0,24,0,0.0,0.0,0.0,0.0,0.0,0,53,100,34.64052287581699,65.359477124183
FR,2011-04-09,19,152,1681.9407894736842,12.826595103538326,1943.0,1930.0,1963.0,19,0,0.0,0.0,0.0,0.0,0.0,0,82,58,58.57142857142858,41.42857142857143
FR,2011-04-10,13,38,1765.3684210526317,6.6932802122726045,1963.0,1956.6,1971.0,13,0,0.0,0.0,0.0,0.0,0.0,0,22,16,57.89473684210527,42.10526315789473
FR,2011-04-11,16,142,1299.93661971831,7.725768570181222,1936.0,1927.4,1943.9,16,0,0.0,0.0,0.0,0.0,0.0,0,32,107,23.021582733812952,76.97841726618705
FR,2011-04-12,11,53,1702.490566037736,7.852026552913223,1916.0,1904.4,1919.6,11,0,0.0,0.0,0.0,0.0,0.0,0,18,28,39.130434782608695,60.86956521739131
FR,2011-04-13,27,82,1425.7195121951222,3.031088913245535,1914.5,1911.6,1918.1,27,0,0.0,0.0,0.0,0.0,0.0,0,48,33,59.25925925925925,40.74074074074074
FR,2011-04-14,39,215,1524.5023255813958,9.387491677759291,1914.0,1901.5,1923.5,39,0,0.0,0.0,0.0,0.0,0.0,0,106,87,54.92227979274611,45.07772020725388
FR,2011-04-15,13,111,1442.3243243243244,12.106196760337244,1427.5,1413.4,1441.6,13,0,0.0,0.0,0.0,0.0,0.0,0,48,62,43.63636363636363,56.36363636363636
FR,2011-04-16,18,82,1317.7317073170732,6.299801584177076,1417.0,1413.2,1425.7,18,0,0.0,0.0,0.0,0.0,0.0,0,41,27,60.29411764705882,39.705882352941174
FR,2011-04-17,15,87,1403.367816091954,4.818944098266987,1415.0,1410.0,1421.0,15,0,0.0,0.0,0.0,0.0,0.0,0,32,51,38.55421686746988,61.44578313253012
FR,2011-04-18,28,150,1312.493333333333,6.288960200872897,1410.0,1403.6,1419.0,28,0,0.0,0.0,0.0,0.0,0.0,0,52,95,35.374149659863946,64.62585034013605
FR,2011-04-19,10,114,1617.7894736842106,24.448295151246622,1910.0,1883.6,1943.2,10,0,0.0,0.0,0.0,0.0,0.0,0,33,81,28.947368421052634,71.05263157894737
FR,2011-04-20,8,88,1731.3068181818182,12.63022134997962,1897.0,1877.8,1909.8,8,0,0.0,0.0,0.0,0.0,0.0,0,46,39,54.11764705882353,45.88235294117647
FR,2011-04-21,23,65,1694.1692307692308,4.025429372458678,1869.0,1866.0,1875.0,23,0,0.0,0.0,0.0,0.0,0.0,0,25,32,43.859649122807014,56.14035087719298
FR,2011-04-22,16,154,1744.9350649350645,26.57221933216505,1889.0,1853.5,1923.0,16,0,0.0,0.0,0.0,0.0,0.0,0,85,67,55.92105263157895,44.07894736842105
FR,2011-04-23,8,48,1752.1666666666667,6.518003912241845,1932.0,1925.9,1940.6,8,0,0.0,0.0,0.0,0.0,0.0,0,24,18,57.14285714285714,42.857142857142854
FR,2011-04-24,17,96,1353.645833333334,3.762977544445356,1401.0,1395.2,1403.6,17,0,0.0,0.0,0.0,0.0,0.0,0,44,49,47.31182795698925,52.68817204301075
FR,2011-04-25,13,73,1675.4931506849316,12.8135670287395,1964.0,1942.3,1971.8,13,0,0.0,0.0,0.0,0.0,0.0,0,48,19,71.64179104477611,28.35820895522388
FR,2011-04-26,21,113,1519.9380530973451,6.442528450810766,1975.0,1966.8,1982.2,21,0,0.0,0.0,0.0,0.0,0.0,0,71,41,63.39285714285714,36.607142857142854
FR,2011-04-27,20,91,1626.7362637362637,4.5,1997.5,1994.5,2004.2,20,0,0.0,0.0,0.0,0.0,0.0,0,63,24,72.41379310344827,27.586206896551722
FR,2011-04-28,19,169,1666.2011834319526,9.333273809334,1996.5,1984.0,2008.0,19,0,0.0,0.0,0.0,0.0,0.0,0,93,76,55.02958579881657,44.97041420118343
FR,2011-04-29,11,100,1939.03,13.519881289517471,1970.0,1955.7,1991.7,11,0,0.0,0.0,0.0,0.0,0.0,0,36,55,39.56043956043956,60.43956043956044
FR,2011-04-30,8,15,1372.0,0.0,1956.0,1956.0,1956.0,8,0,0.0,0.0,0.0,0.0,0.0,0,5,10,33.33333333333333,66.66666666666666
FR,2011-05-01,16,57,1568.4210526315787,5.075431016179809,1964.0,1958.8,1968.8,16,1,90.62,0.0,0.0,0.0,0.0,1,32,18,64.0,36.0
FR,2011-05-02,18,131,1823.160305343512,12.89117527613367,1939.0,1916.8,1949.6,18,0,0.0,0.0,0.0,0.0,0.0,0,65,66,49.61832061068702,50.38167938931297
FR,2011-05-03,16,186,1703.489247311828,9.820868847648413,1977.0,1966.6,1992.0,16,0,0.0,0.0,0.0,0.0,0.0,0,109,73,59.89010989010989,40.10989010989011
FR,2011-05-04,17,60,1387.0333333333333,0.0,1983.0,1983.0,1983.0,17,0,0.0,0.0,0.0,0.0,0.0,0,17,43,28.333333333333332,71.66666666666667
FR,2011-05-05,27,89,1171.865168539326,32.49957264676295,825.0,817.8,876.2,27,0,0.0,0.0,0.0,0.0,0.0,0,25,61,29.069767441860467,70.93023255813954
FR,2011-05-06,22,184,1025.6847826086955,68.43084547369628,800.0,688.6,844.0,22,0,0.0,0.0,0.0,0.0,0.0,0,57,103,35.625,64.375
FR,2011-05-07,19,80,1075.1874999999995,11.863810517704673,779.0,765.6,791.0,19,0,0.0,0.0,0.0,0.0,0.0,0,24,48,33.33333333333333,66.66666666666666
FR,2011-05-08,16,170,828.0941176470589,15.41243685717944,752.0,734.1,775.9,16,0,0.0,0.0,0.0,0.0,0.0,0,51,78,39.53488372093023,60.46511627906976
FR,2011-05-09,23,308,1047.8993506493505,7.223400500657528,1967.0,1960.2,1976.6,23,0,0.0,0.0,0.0,0.0,0.0,0,95,164,36.67953667953668,63.32046332046332
FR,2011-05-10,17,127,1591.2519685039372,5.028314888437672,1960.0,1952.0,1961.6,17,2,71.88499999999999,0.0,0.0,0.0,0.0,1,59,58,50.427350427350426,49.572649572649574
FR,2011-05-11,36,231,1165.9610389610384,0.0,1944.0,1944.0,1944.0,36,0,0.0,0.0,0.0,0.0,0.0,0,90,127,41.474654377880185,58.525345622119815
FR,2011-05-12,31,279,961.713261648746,17.215824563018042,801.5,787.0,832.5,31,1,74.91,0.0,0.0,0.0,0.0,1,129,133,49.23664122137404,50.76335877862596
FR,2011-05-13,28,187,1468.3422459893045,15.730722211703284,1980.0,1955.4,1994.4,28,0,0.0,0.0,0.0,0.0,0.0,0,118,68,63.44086021505376,36.55913978494624
FR,2011-05-14,35,342,1404.038011695906,14.922684860222038,1983.0,1962.2,2001.9,35,0,0.0,0.0,0.0,0.0,0.0,0,149,178,45.56574923547401,54.43425076452599
FR,2011-05-15,17,237,1074.62447257384,4.573474244670748,1977.0,1971.0,1981.5,17,0,0.0,0.0,0.0,0.0,0.0,0,120,109,52.40174672489083,47.59825327510917
FR,2011-05-16,37,155,1537.522580645162,9.287087810503357,1967.5,1953.9,1974.4,37,0,0.0,0.0,0.0,0.0,0.0,0,59,95,38.311688311688314,61.68831168831169
FR,2011-05-17,37,342,1298.9327485380118,17.291503513286518,1941.5,1918.5,1959.5,37,0,0.0,0.0,0.0,0.0,0.0,0,156,186,45.614035087719294,54.385964912280706
FR,2011-05-18,34,217,1432.497695852535,5.914354726995557,1927.0,1922.2,1935.4,34,0,0.0,0.0,0.0,0.0,0.0,0,119,75,61.34020618556701,38.659793814432994
FR,2011-05-19,27,223,1732.3677130044846,14.315449652925055,1915.5,1895.0,1932.5,27,0,0.0,0.0,0.0,0.0,0.0,0,106,113,48.401826484018265,51.598173515981735
FR,2011-05-20,11,132,1751.469696969697,12.12321006261222,1970.0,1955.5,1982.7,11,0,0.0,0.0,0.0,0.0,0.0,0,70,58,54.6875,45.3125
FR,2011-05-21,26,95,1530.6631578947367,7.363574011458174,1943.0,1935.0,1949.4,26,0,0.0,0.0,0.0,0.0,0.0,0,48,45,51.61290322580645,48.38709677419355
FR,2011-05-22,23,89,1148.550561797753,7.9969129846429245,956.0,947.4,963.4,23,0,0.0,0.0,0.0,0.0,0.0,0,56,33,62.92134831460674,37.07865168539326
FR,2011-05-23,34,458,1560.4410480349345,13.860216448526335,1939.0,1924.4,1961.6,34,0,0.0,0.0,0.0,0.0,0.0,0,224,201,52.70588235294118,47.294117647058826
FR,2011-05-24,29,324,1517.1419753086425,7.621677334939067,1950.0,1942.0,1958.8,29,1,93.99,0.0,0.0,0.0,0.0,1,134,177,43.08681672025724,56.91318327974276
FR,2011-05-25,25,129,1494.6666666666667,5.676462121975468,1934.5,1927.0,1937.7,25,0,0.0,0.0,0.0,0.0,0.0,0,51,72,41.46341463414634,58.536585365853654
FR,2011-05-26,18,114,1490.4473684210525,5.267826876426369,1922.5,1915.4,1929.3,18,0,0.0,0.0,0.0,0.0,0.0,0,47,67,41.228070175438596,58.77192982456141
FR,2011-05-27,18,102,1337.2843137254902,5.0,1941.0,1937.0,1945.0,18,0,0.0,0.0,0.0,0.0,0.0,0,38,62,38.0,62.0
FR,2011-05-28,6,21,1336.571428571429,8.54400374531753,1104.0,1094.8,1113.2,6,0,0.0,0.0,0.0,0.0,0.0,0,18,3,85.71428571428571,14.285714285714285
FR,2011-05-29,7,49,1370.6938775510205,20.02290355234891,1191.0,1165.0,1212.5,7,0,0.0,0.0,0.0,0.0,0.0,0,30,16,65.21739130434783,34.78260869565217
FR,2011-05-30,8,50,1404.72,4.898979485566356,1127.0,1122.2,1131.8,8,0,0.0,0.0,0.0,0.0,0.0,0,28,20,58.333333333333336,41.66666666666667
FR,2011-05-31,16,51,1542.2156862745092,0.0,1947.0,1947.0,1947.0,16,0,0.0,0.0,0.0,0.0,0.0,0,25,16,60.97560975609756,39.02439024390244
FR,2011-06-01,15,59,1336.372881355932,0.0,1513.0,1513.0,1513.0,15,0,0.0,0.0,0.0,0.0,0.0,0,25,24,51.02040816326531,48.97959183673469
FR,2011-06-02,13,24,1480.6666666666667,0.0,1438.0,1438.0,1438.0,13,0,0.0,0.0,0.0,0.0,0.0,0,7,10,41.17647058823529,58.82352941176471
FR,2011-06-03,17,62,1271.1129032258063,3.771236166328253,1939.0,1939.0,1945.4,17,0,0.0,0.0,0.0,0.0,0.0,0,37,21,63.793103448275865,36.206896551724135
FR,2011-06-04,14,52,1617.9807692307693,9.737367535972556,1946.0,1932.6,1955.8,14,0,0.0,0.0,0.0,0.0,0.0,0,32,16,66.66666666666666,33.33333333333333
FR,2011-06-05,20,122,1821.360655737705,15.163924239389692,1979.0,1951.0,1993.4,20,0,0.0,0.0,0.0,0.0,0.0,0,62,56,52.54237288135594,47.45762711864407
FR,2011-06-06,25,188,1516.1648936170209,10.339385502145836,1978.0,1962.7,1987.0,25,0,0.0,0.0,0.0,0.0,0.0,0,68,110,38.20224719101123,61.79775280898876
FR,2011-06-07,21,129,1308.5736434108524,0.0,917.0,917.0,917.0,21,0,0.0,0.0,0.0,0.0,0.0,0,48,81,37.2093023255814,62.7906976744186
FR,2011-06-08,18,130,1077.138461538462,0.0,1960.0,1960.0,1960.0,18,0,0.0,0.0,0.0,0.0,0.0,0,61,57,51.69491525423729,48.30508474576271
FR,2011-06-09,29,286,1384.6643356643356,7.989383387570048,1960.5,1951.7,1971.3,29,0,0.0,0.0,0.0,0.0,0.0,0,132,150,46.808510638297875,53.191489361702125
FR,2011-06-10,36,375,1383.7973333333337,5.8733375307400815,1951.0,1943.0,1959.0,36,0,0.0,0.0,0.0,0.0,0.0,0,181,184,49.589041095890416,50.41095890410959
FR,2011-06-11,19,188,1270.345744680851,4.363484845854286,899.0,895.0,904.8,19,0,0.0,0.0,0.0,0.0,0.0,0,122,65,65.24064171122996,34.75935828877005
FR,2011-06-12,19,56,1302.392857142857,0.0,895.0,895.0,895.0,19,0,0.0,0.0,0.0,0.0,0.0,0,23,33,41.07142857142857,58.92857142857143
FR,2011-06-13,20,73,1404.2739726027398,79.08785550821877,1274.0,1144.4,1282.8,20,0,0.0,0.0,0.0,0.0,0.0,0,29,43,40.27777777777778,59.72222222222222
FR,2011-06-14,26,107,1239.5233644859811,0.0,883.0,883.0,883.0,26,0,0.0,0.0,0.0,0.0,0.0,0,38,61,38.38383838383838,61.61616161616161
FR,2011-06-15,30,189,1399.010582010582,7.025526648683217,1950.0,1940.6,1958.0,30,0,0.0,0.0,0.0,0.0,0.0,0,69,110,38.547486033519554,61.452513966480446
FR,2011-06-16,34,186,1426.02688172043,4.0,1916.0,1912.0,1920.0,34,0,0.0,0.0,0.0,0.0,0.0,0,92,69,57.14285714285714,42.857142857142854
FR,2011-06-17,14,143,1291.4405594405596,70.27349170465088,1099.0,1095.0,1247.0,14,0,0.0,0.0,0.0,0.0,0.0,0,33,107,23.57142857142857,76.42857142857142
FR,2011-06-18,25,123,1341.162601626016,0.0,1904.0,1904.0,1904.0,25,0,0.0,0.0,0.0,0.0,0.0,0,53,66,44.537815126050425,55.46218487394958
FR,2011-06-19,24,126,1367.2063492063496,3.741657386773941,1894.0,1889.2,1896.4,24,0,0.0,0.0,0.0,0.0,0.0,0,63,63,50.0,50.0
FR,2011-06-20,47,477,1452.9056603773588,6.110100926607787,1864.0,1856.0,1866.4,47,0,0.0,0.0,0.0,0.0,0.0,0,269,205,56.75105485232067,43.24894514767932
FR,2011-06-21,50,522,1481.9444444444446,5.5,1843.0,1837.5,1849.9,50,0,0.0,0.0,0.0,0.0,0.0,0,225,281,44.466403162055336,55.533596837944664
FR,2011-06-22,49,325,1341.1169230769235,3.39934634239519,1852.0,1850.4,1856.8,49,0,0.0,0.0,0.0,0.0,0.0,0,165,159,50.92592592592593,49.074074074074076
FR,2011-06-23,42,277,1508.5631768953065,4.189935029992178,1842.0,1836.4,1844.4,42,0,0.0,0.0,0.0,0.0,0.0,0,148,122,54.81481481481482,45.18518518518518
FR,2011-06-24,36,183,1538.879781420765,9.738968117824394,1827.5,1811.7,1836.3,36,0,0.0,0.0,0.0,0.0,0.0,0,68,106,39.08045977011494,60.91954022988506
FR,2011-06-25,15,163,1561.7423312883438,20.41732803161612,1839.5,1829.5,1881.8,15,0,0.0,0.0,0.0,0.0,0.0,0,112,47,70.44025157232704,29.559748427672954
FR,2011-06-26,25,91,1463.989010989011,6.942915931555924,1903.0,1894.8,1910.8,25,0,0.0,0.0,0.0,0.0,0.0,0,38,51,42.69662921348314,57.30337078651685
FR,2011-06-27,21,99,1489.555555555556,9.18739153760773,1929.0,1916.2,1936.0,21,0,0.0,0.0,0.0,0.0,0.0,0,48,50,48.97959183673469,51.02040816326531
FR,2011-06-28,30,214,1241.7663551401863,4.242640687119285,1928.0,1923.6,1932.6,30,0,0.0,0.0,0.0,0.0,0.0,0,94,117,44.54976303317535,55.45023696682464
FR,2011-06-29,37,110,1404.681818181819,4.019950248448357,1920.0,1915.4,1924.4,37,0,0.0,0.0,0.0,0.0,0.0,0,44,60,42.30769230769231,57.692307692307686
FR,2011-06-30,28,168,1473.9761904761906,6.0820831577009935,1926.0,1917.0,1932.0,28,0,0.0,0.0,0.0,0.0,0.0,0,112,52,68.29268292682927,31.70731707317073
FR,2011-07-01,35,132,1483.8636363636372,4.655477353371521,1932.0,1926.4,1936.4,35,0,0.0,0.0,0.0,0.0,0.0,0,47,85,35.60606060606061,64.39393939393939
FR,2011-07-02,29,59,1273.0677966101696,0.0,1929.0,1929.0,1929.0,29,0,0.0,0.0,0.0,0.0,0.0,0,16,39,29.09090909090909,70.9090909090909
FR,2011-07-03,28,113,1437.955752212389,8.642561978430956,1945.0,1935.4,1955.2,28,0,0.0,0.0,0.0,0.0,0.0,0,66,45,59.45945945945946,40.54054054054054
FR,2011-07-04,22,74,1293.9729729729736,4.5,1946.5,1942.9,1950.1,22,0,0.0,0.0,0.0,0.0,0.0,0,34,38,47.22222222222222,52.77777777777778
FR,2011-07-05,26,172,1107.9767441860472,10.436166932687192,894.0,880.8,903.4,26,0,0.0,0.0,0.0,0.0,0.0,0,85,82,50.898203592814376,49.101796407185624
FR,2011-07-06,30,242,1207.48347107438,9.789623828006752,1964.0,1952.0,1975.6,30,0,0.0,0.0,0.0,0.0,0.0,0,108,134,44.62809917355372,55.371900826446286
FR,2011-07-07,30,263,1353.395437262357,7.5174727597920095,1984.0,1974.0,1994.0,30,0,0.0,0.0,0.0,0.0,0.0,0,133,121,52.362204724409445,47.63779527559055
FR,2011-07-08,23,129,1538.3953488372092,10.115857774425097,2010.0,1993.0,2018.0,23,0,0.0,0.0,0.0,0.0,0.0,0,90,28,76.27118644067797,23.728813559322035
FR,2011-07-09,22,226,1558.4823008849555,7.154819268393642,2008.0,1999.0,2018.4,22,0,0.0,0.0,0.0,0.0,0.0,0,129,88,59.44700460829493,40.55299539170507
FR,2011-07-10,18,60,1388.1833333333334,4.5,1208.5,1204.9,1212.1,18,0,0.0,0.0,0.0,0.0,0.0,0,24,33,42.10526315789473,57.89473684210527
FR,2011-07-11,18,79,1443.746835443038,9.221713506718803,1998.0,1986.8,2007.6,18,0,0.0,0.0,0.0,0.0,0.0,0,33,41,44.5945945945946,55.4054054054054
FR,2011-07-12,24,57,1711.157894736842,5.580223014261069,1964.5,1958.5,1971.5,24,0,0.0,0.0,0.0,0.0,0.0,0,30,27,52.63157894736842,47.368421052631575
FR,2011-07-13,15,140,1565.7428571428572,12.579745625409124,1959.0,1935.0,1965.5,15,0,0.0,0.0,0.0,0.0,0.0,0,72,68,51.42857142857142,48.57142857142857
FR,2011-07-14,12,133,1768.157894736842,8.400919222738798,1908.0,1896.5,1917.0,12,0,0.0,0.0,0.0,0.0,0.0,0,75,51,59.523809523809526,40.476190476190474
FR,2011-07-15,28,218,1568.2660550458716,16.772979468081587,1883.5,1857.0,1902.0,28,0,0.0,0.0,0.0,0.0,0.0,0,111,98,53.110047846889955,46.889952153110045
FR,2011-07-16,18,51,1466.3529411764705,3.5,1148.5,1145.7,1151.3,18,0,0.0,0.0,0.0,0.0,0.0,0,29,13,69.04761904761905,30.952380952380953
FR,2011-07-17,5,27,1302.9259259259256,66.38440245184775,1136.0,1028.0,1144.8,5,0,0.0,0.0,0.0,0.0,0.0,0,10,13,43.47826086956522,56.52173913043478
FR,2011-07-18,28,198,1580.560606060606,25.11095378515121,1866.0,1849.8,1911.6,28,0,0.0,0.0,0.0,0.0,0.0,0,106,79,57.2972972972973,42.7027027027027
FR,2011-07-19,27,252,1626.3809523809523,16.18919392681427,1885.5,1869.4,1912.0,27,0,0.0,0.0,0.0,0.0,0.0,0,115,127,47.5206611570248,52.47933884297521
FR,2011-07-20,18,193,1542.4766839378242,16.841219274941665,1833.0,1819.0,1861.6,18,0,0.0,0.0,0.0,0.0,0.0,0,70,121,36.64921465968586,63.35078534031413
FR,2011-07-21,18,137,1708.5985401459857,11.939663125714878,1829.0,1808.9,1838.7,18,0,0.0,0.0,0.0,0.0,0.0,0,73,59,55.3030303030303,44.696969696969695
FR,2011-07-22,16,113,1467.212389380531,0.0,1838.0,1838.0,1838.0,16,0,0.0,0.0,0.0,0.0,0.0,0,78,33,70.27027027027027,29.72972972972973
FR,2011-07-23,16,165,1572.0787878787878,8.038487665638188,1831.0,1822.4,1842.9,16,0,0.0,0.0,0.0,0.0,0.0,0,77,80,49.044585987261144,50.955414012738856
FR,2011-07-24,23,162,1616.3641975308635,8.934333004661582,1844.0,1830.4,1852.6,23,0,0.0,0.0,0.0,0.0,0.0,0,82,77,51.57232704402516,48.42767295597484
FR,2011-07-25,14,191,1709.9005235602094,12.724375121090317,1864.0,1850.2,1879.0,14,0,0.0,0.0,0.0,0.0,0.0,0,98,90,52.12765957446809,47.87234042553192
FR,2011-07-26,29,332,1713.6415662650602,28.148021442209952,1859.0,1818.8,1895.4,29,0,0.0,0.0,0.0,0.0,0.0,0,176,146,54.6583850931677,45.3416149068323
FR,2011-07-27,25,205,1555.692682926829,8.416650165000325,1918.0,1907.3,1924.8,25,0,0.0,0.0,0.0,0.0,0.0,0,104,94,52.52525252525253,47.474747474747474
FR,2011-07-28,16,194,1633.3556701030927,7.959079015533782,1914.0,1905.2,1926.5,16,0,0.0,0.0,0.0,0.0,0.0,0,81,109,42.63157894736842,57.36842105263158
FR,2011-07-29,36,311,1485.1221864951767,9.487704091381636,1907.0,1896.0,1922.0,36,0,0.0,0.0,0.0,0.0,0.0,0,147,145,50.34246575342466,49.65753424657534
FR,2011-07-30,30,210,1576.6809523809525,9.075233418028184,1885.0,1876.0,1896.8,30,0,0.0,0.0,0.0,0.0,0.0,0,113,91,55.392156862745104,44.6078431372549
FR,2011-07-31,10,28,1507.321428571429,0.0,1908.0,1908.0,1908.0,10,0,0.0,0.0,0.0,0.0,0.0,0,10,12,45.45454545454545,54.54545454545454
FR,2011-08-01,36,332,1470.7710843373495,4.992556442816721,1896.0,1891.0,1904.0,36,0,0.0,0.0,0.0,0.0,0.0,0,165,162,50.45871559633027,49.54128440366973
FR,2011-08-02,38,155,1382.8967741935485,5.656854249492381,1909.0,1903.4,1914.6,38,0,0.0,0.0,0.0,0.0,0.0,0,81,67,54.729729729729726,45.27027027027027
FR,2011-08-03,28,135,1373.3333333333337,6.9988838395847095,1442.0,1435.8,1449.7,28,0,0.0,0.0,0.0,0.0,0.0,0,70,65,51.85185185185185,48.148148148148145
FR,2011-08-04,25,297,1408.599326599327,7.760297817881877,1906.0,1898.8,1914.0,25,0,0.0,0.0,0.0,0.0,0.0,0,187,108,63.389830508474574,36.610169491525426
FR,2011-08-05,21,195,1556.4923076923071,8.575032998553185,1888.0,1878.0,1899.6,21,0,0.0,0.0,0.0,0.0,0.0,0,93,97,48.94736842105264,51.05263157894737
FR,2011-08-06,32,75,1269.0533333333342,0.0,1906.0,1906.0,1906.0,32,0,0.0,0.0,0.0,0.0,0.0,0,42,33,56.00000000000001,44.0
FR,2011-08-07,22,119,1292.428571428571,2.494438257849294,1912.0,1910.4,1915.2,22,0,0.0,0.0,0.0,0.0,0.0,0,59,53,52.67857142857143,47.32142857142857
FR,2011-08-08,31,229,1456.2838427947593,4.647250668460892,1925.0,1919.6,1931.7,31,0,0.0,0.0,0.0,0.0,0.0,0,122,102,54.46428571428571,45.535714285714285
FR,2011-08-09,32,226,1393.1681415929206,5.0,1923.0,1919.0,1927.0,32,0,0.0,0.0,0.0,0.0,0.0,0,97,111,46.63461538461539,53.36538461538461
FR,2011-08-10,29,343,1437.349854227405,5.035871324805669,1940.0,1933.4,1944.2,29,0,0.0,0.0,0.0,0.0,0.0,0,162,160,50.31055900621118,49.68944099378882
FR,2011-08-11,28,263,1507.2053231939162,10.062749553249777,1909.5,1898.0,1925.0,28,0,0.0,0.0,0.0,0.0,0.0,0,137,116,54.1501976284585,45.8498023715415
FR,2011-08-12,35,278,1563.773381294964,10.948617365778304,1911.5,1900.7,1928.3,35,0,0.0,0.0,0.0,0.0,0.0,0,111,147,43.02325581395349,56.97674418604651
FR,2011-08-13,19,176,1496.2329545454538,10.071350394333033,1910.0,1897.0,1920.0,19,0,0.0,0.0,0.0,0.0,0.0,0,70,98,41.66666666666667,58.333333333333336
FR,2011-08-14,14,198,1383.9242424242425,17.492409067935725,1401.5,1369.0,1413.5,14,0,0.0,0.0,0.0,0.0,0.0,0,87,110,44.16243654822335,55.83756345177665
FR,2011-08-15,25,90,1329.2222222222226,0.0,1883.0,1883.0,1883.0,25,0,0.0,0.0,0.0,0.0,0.0,0,41,45,47.674418604651166,52.32558139534884
FR,2011-08-16,30,384,1407.03125,6.06571507806656,1879.0,1873.4,1887.8,30,0,0.0,0.0,0.0,0.0,0.0,0,209,167,55.58510638297872,44.41489361702128
FR,2011-08-17,29,141,1428.0283687943263,9.283722313813572,1884.0,1873.7,1893.6,29,0,0.0,0.0,0.0,0.0,0.0,0,89,29,75.42372881355932,24.576271186440678
FR,2011-08-18,29,200,1344.7800000000009,6.722164829874376,1399.0,1391.4,1406.7,29,0,0.0,0.0,0.0,0.0,0.0,0,95,97,49.47916666666667,50.520833333333336
FR,2011-08-19,30,155,1440.354838709677,4.496912521077347,1902.0,1898.0,1906.8,30,0,0.0,0.0,0.0,0.0,0.0,0,81,56,59.12408759124088,40.87591240875913
FR,2011-08-20,26,59,1324.8983050847455,0.0,1402.0,1402.0,1402.0,26,0,0.0,0.0,0.0,0.0,0.0,0,26,29,47.27272727272727,52.72727272727272
FR,2011-08-21,23,131,1144.7404580152674,0.0,1888.0,1888.0,1888.0,23,0,0.0,0.0,0.0,0.0,0.0,0,63,65,49.21875,50.78125
FR,2011-08-22,31,241,1499.7842323651455,7.969649058926559,1902.5,1893.8,1910.8,31,0,0.0,0.0,0.0,0.0,0.0,0,139,96,59.148936170212764,40.85106382978723
FR,2011-08-23,17,161,1632.3975155279504,13.377952010677868,1935.0,1909.0,1944.6,17,0,0.0,0.0,0.0,0.0,0.0,0,93,63,59.61538461538461,40.38461538461539
FR,2011-08-24,30,133,1275.406015037595,5.0,1955.0,1951.0,1959.0,30,0,0.0,0.0,0.0,0.0,0.0,0,70,60,53.84615384615385,46.15384615384615
FR,2011-08-25,25,187,1115.7754010695194,19.13179317795594,968.0,949.1,994.8,25,0,0.0,0.0,0.0,0.0,0.0,0,100,86,53.76344086021505,46.236559139784944
FR,2011-08-26,33,169,1444.1538461538462,9.486009434952086,1944.5,1933.0,1956.8,33,0,0.0,0.0,0.0,0.0,0.0,0,63,63,50.0,50.0
FR,2011-08-27,30,148,1633.587837837838,13.46291201783626,1979.5,1962.5,1996.0,30,0,0.0,0.0,0.0,0.0,0.0,0,74,38,66.07142857142857,33.92857142857143
FR,2011-08-28,30,147,1131.408163265306,10.184252955640035,991.0,978.0,1001.0,30,0,0.0,0.0,0.0,0.0,0.0,0,55,82,40.14598540145985,59.854014598540154
FR,2011-08-29,34,199,1378.0904522613068,6.794115100585212,975.0,964.8,979.6,34,0,0.0,0.0,0.0,0.0,0.0,0,70,108,39.325842696629216,60.67415730337079
FR,2011-08-30,19,88,1295.022727272727,53.19620977751965,1217.0,1152.2,1231.6,19,0,0.0,0.0,0.0,0.0,0.0,0,57,29,66.27906976744185,33.72093023255814
FR,2011-08-31,9,63,1219.571428571429,8.31479419283098,1108.0,1095.8,1115.4,9,0,0.0,0.0,0.0,0.0,0.0,0,32,31,50.79365079365079,49.2063492063492
FR,2011-09-01,29,146,1335.7465753424651,0.0,1188.0,1188.0,1188.0,29,0,0.0,0.0,0.0,0.0,0.0,0,77,69,52.73972602739726,47.26027397260274
FR,2011-09-02,26,171,1423.134502923977,5.7081812631812365,1986.5,1980.0,1993.0,26,0,0.0,0.0,0.0,0.0,0.0,0,83,76,52.20125786163522,47.79874213836478
FR,2011-09-03,31,372,1493.6586021505377,4.763139720814412,1978.5,1975.3,1985.2,31,0,0.0,0.0,0.0,0.0,0.0,0,194,171,53.15068493150685,46.849315068493155
FR,2011-09-04,29,242,1539.7272727272723,9.985940529788008,2006.0,1992.0,2014.0,29,0,0.0,0.0,0.0,0.0,0.0,0,115,113,50.43859649122807,49.56140350877193
FR,2011-09-05,33,287,1443.0452961672474,10.0,2019.0,2010.0,2034.8,33,0,0.0,0.0,0.0,0.0,0.0,0,151,120,55.71955719557196,44.28044280442804
FR,2011-09-06,23,230,1506.6173913043476,20.98743010047257,1993.0,1965.8,2020.0,23,0,0.0,0.0,0.0,0.0,0.0,0,74,154,32.45614035087719,67.54385964912281
FR,2011-09-07,33,522,1520.8007662835246,7.973915809270458,1938.5,1928.5,1945.5,33,0,0.0,0.0,0.0,0.0,0.0,0,252,252,50.0,50.0
FR,2011-09-08,30,398,1485.4849246231158,9.562426470305535,1902.0,1890.3,1912.5,30,0,0.0,0.0,0.0,0.0,0.0,0,191,196,49.35400516795866,50.64599483204134
FR,2011-09-09,21,191,1561.219895287958,17.165048467420327,1929.5,1899.9,1944.5,21,0,0.0,0.0,0.0,0.0,0.0,0,98,87,52.972972972972975,47.02702702702703
FR,2011-09-10,33,404,1299.7722772277227,7.98783797754784,1941.0,1930.3,1949.0,33,0,0.0,0.0,0.0,0.0,0.0,0,155,226,40.68241469816273,59.31758530183727
FR,2011-09-11,28,117,1176.7863247863254,6.342099196813483,935.0,931.8,943.8,28,0,0.0,0.0,0.0,0.0,0.0,0,42,66,38.88888888888889,61.111111111111114
FR,2011-09-12,28,474,1492.4683544303796,11.74379268663521,1930.0,1913.0,1939.5,28,0,0.0,0.0,0.0,0.0,0.0,0,218,253,46.28450106157113,53.71549893842887
FR,2011-09-13,13,221,1466.0180995475116,27.64911986304631,1488.0,1478.4,1549.8,13,0,0.0,0.0,0.0,0.0,0.0,0,76,138,35.51401869158878,64.48598130841121
FR,2011-09-14,20,102,1371.3823529411768,14.708274315273473,1480.5,1470.5,1504.0,20,0,0.0,0.0,0.0,0.0,0.0,0,43,46,48.31460674157304,51.68539325842697
FR,2011-09-15,22,122,1322.5491803278696,5.408326913195984,1907.5,1903.5,1914.3,22,0,0.0,0.0,0.0,0.0,0.0,0,62,54,53.44827586206896,46.55172413793103
FR,2011-09-16,17,484,1492.020661157025,5.969309261650336,1919.0,1911.0,1925.4,17,0,0.0,0.0,0.0,0.0,0.0,0,242,229,51.38004246284501,48.61995753715499
FR,2011-09-17,26,97,1359.4020618556704,6.97614984548545,1926.0,1920.4,1934.0,26,0,0.0,0.0,0.0,0.0,0.0,0,56,31,64.36781609195403,35.63218390804598
FR,2011-09-18,41,228,1483.4956140350878,6.3118935352238,1928.0,1920.0,1933.4,41,0,0.0,0.0,0.0,0.0,0.0,0,94,107,46.766169154228855,53.233830845771145
FR,2011-09-19,23,82,1337.2073170731703,0.0,1439.0,1439.0,1439.0,23,0,0.0,0.0,0.0,0.0,0.0,0,23,59,28.04878048780488,71.95121951219512
FR,2011-09-20,16,150,1428.38,3.5,1926.5,1923.7,1929.3,16,0,0.0,0.0,0.0,0.0,0.0,0,78,65,54.54545454545454,45.45454545454545
FR,2011-09-21,17,266,1454.0488721804509,0.0,1929.0,1929.0,1929.0,17,0,0.0,0.0,0.0,0.0,0.0,0,143,111,56.2992125984252,43.7007874015748
FR,2011-09-22,26,127,1216.5039370078741,0.0,1936.0,1936.0,1936.0,26,0,0.0,0.0,0.0,0.0,0.0,0,64,63,50.39370078740157,49.60629921259843
FR,2011-09-23,23,431,1210.7679814385149,18.138357147217054,1965.0,1935.0,1978.6,23,0,0.0,0.0,0.0,0.0,0.0,0,234,183,56.11510791366906,43.884892086330936
FR,2011-09-24,29,284,1423.5422535211264,5.11737237261468,1971.0,1965.8,1976.5,29,0,0.0,0.0,0.0,0.0,0.0,0,154,126,55.00000000000001,45.0
FR,2011-09-25,24,261,1364.6896551724135,7.3484692283495345,992.0,984.8,999.2,24,0,0.0,0.0,0.0,0.0,0.0,0,110,149,42.471042471042466,57.52895752895753
FR,2011-09-26,20,388,1179.4793814432987,0.0,1989.0,1989.0,1989.0,20,0,0.0,0.0,0.0,0.0,0.0,0,182,190,48.924731182795696,51.075268817204304
FR,2011-09-27,23,396,1087.7853535353534,7.3484692283495345,1986.0,1978.8,1993.2,23,0,0.0,0.0,0.0,0.0,0.0,0,189,196,49.09090909090909,50.90909090909091
FR,2011-09-28,13,417,1084.4028776978416,21.114798382741,1030.5,996.2,1054.4,13,1,75.06,0.0,0.0,0.0,0.0,1,215,194,52.567237163814184,47.43276283618582
FR,2011-09-29,30,531,1198.78154425612,13.621754306005329,1077.0,1060.2,1095.6,30,0,0.0,0.0,0.0,0.0,0.0,0,230,276,45.45454545454545,54.54545454545454
FR,2011-09-30,23,217,1192.7419354838707,16.786767275314077,1075.0,1061.2,1104.2,23,0,0.0,0.0,0.0,0.0,0.0,0,107,56,65.6441717791411,34.355828220858896
FR,2011-10-01,20,160,1285.7187500000002,4.866980583482946,1972.0,1967.9,1978.2,20,0,0.0,0.0,0.0,0.0,0.0,0,65,81,44.52054794520548,55.47945205479452
FR,2011-10-02,9,52,1260.8846153846157,0.0,1963.0,1963.0,1963.0,9,0,0.0,0.0,0.0,0.0,0.0,0,32,18,64.0,36.0
FR,2011-10-03,13,46,1169.2173913043482,4.763139720814412,1030.5,1027.3,1037.2,13,0,0.0,0.0,0.0,0.0,0.0,0,29,17,63.04347826086957,36.95652173913043
FR,2011-10-04,16,51,1287.6274509803925,0.0,1954.0,1954.0,1954.0,16,0,0.0,0.0,0.0,0.0,0.0,0,31,15,67.3913043478261,32.608695652173914
FR,2011-10-05,14,133,1428.157894736842,11.942247860039467,1458.0,1444.0,1475.0,14,0,0.0,0.0,0.0,0.0,0.0,0,68,59,53.54330708661418,46.45669291338583
FR,2011-10-06,14,74,1424.2837837837835,6.214280646270917,1453.0,1443.8,1459.2,14,0,0.0,0.0,0.0,0.0,0.0,0,23,42,35.38461538461539,64.61538461538461
FR,2011-10-07,14,85,1377.4470588235297,12.262111359794446,1475.5,1457.0,1485.8,14,0,0.0,0.0,0.0,0.0,0.0,0,48,37,56.470588235294116,43.529411764705884
FR,2011-10-08,8,87,1237.7931034482758,24.151059368877657,1203.0,1161.0,1223.0,8,0,0.0,0.0,0.0,0.0,0.0,0,44,37,54.32098765432099,45.67901234567901
FR,2011-10-09,26,156,1602.0,8.098610992015853,1946.5,1936.4,1954.4,26,0,0.0,0.0,0.0,0.0,0.0,0,93,60,60.78431372549019,39.21568627450981
FR,2011-10-10,23,157,1357.8471337579622,4.879093722768149,1953.0,1946.0,1957.5,23,0,0.0,0.0,0.0,0.0,0.0,0,57,90,38.775510204081634,61.224489795918366
FR,2011-10-11,31,174,1332.729885057471,3.741657386773941,1949.0,1946.6,1953.8,31,0,0.0,0.0,0.0,0.0,0.0,0,79,86,47.878787878787875,52.121212121212125
FR,2011-10-12,23,278,1440.0647482014392,4.094561282819617,1938.0,1932.6,1943.4,23,1,95.56,0.0,0.0,0.0,0.0,1,127,140,47.565543071161045,52.43445692883895
FR,2011-10-13,24,216,1550.9305555555557,13.12782707648147,1949.5,1931.5,1965.5,24,0,0.0,0.0,0.0,0.0,0.0,0,130,80,61.904761904761905,38.095238095238095
FR,2011-10-14,16,236,1451.4915254237292,6.723094525588644,1955.0,1948.6,1963.2,16,0,0.0,0.0,0.0,0.0,0.0,0,114,116,49.56521739130435,50.43478260869565
FR,2011-10-15,14,104,1491.9615384615386,5.722761571129799,1950.0,1943.4,1955.2,14,0,0.0,0.0,0.0,0.0,0.0,0,39,58,40.20618556701031,59.79381443298969
FR,2011-10-16,11,52,1410.8653846153843,4.0,1393.0,1389.8,1396.2,11,0,0.0,0.0,0.0,0.0,0.0,0,33,19,63.46153846153846,36.53846153846153
FR,2011-10-17,22,69,1331.8260869565215,6.944222218666553,1280.0,1272.8,1286.4,22,0,0.0,0.0,0.0,0.0,0.0,0,33,31,51.5625,48.4375
FR,2011-10-18,26,63,1338.2857142857142,0.0,1418.0,1418.0,1418.0,26,0,0.0,0.0,0.0,0.0,0.0,0,32,31,50.79365079365079,49.2063492063492
FR,2011-10-19,19,100,1326.71,0.0,1067.0,1067.0,1067.0,19,0,0.0,0.0,0.0,0.0,0.0,0,44,47,48.35164835164835,51.64835164835166
FR,2011-10-20,21,366,1470.5765027322407,10.073342157507716,1937.0,1929.0,1951.5,21,0,0.0,0.0,0.0,0.0,0.0,0,201,163,55.219780219780226,44.78021978021978
FR,2011-10-21,23,191,1314.5340314136126,19.021632033216832,1368.0,1351.2,1394.6,23,0,0.0,0.0,0.0,0.0,0.0,0,61,117,34.26966292134831,65.73033707865169
FR,2011-10-22,15,130,1456.9615384615388,10.436166932687192,1944.0,1933.4,1956.4,15,0,0.0,0.0,0.0,0.0,0.0,0,57,68,45.6,54.400000000000006
FR,2011-10-23,21,458,1352.113537117904,6.670082458260917,1939.0,1931.0,1947.6,21,0,0.0,0.0,0.0,0.0,0.0,0,305,136,69.1609977324263,30.839002267573694
FR,2011-10-24,27,350,1402.222857142857,4.5,1935.5,1931.9,1939.1,27,0,0.0,0.0,0.0,0.0,0.0,0,181,162,52.76967930029155,47.23032069970846
FR,2011-10-25,40,407,1321.8280098280095,4.189935029992178,1939.0,1936.6,1944.6,40,0,0.0,0.0,0.0,0.0,0.0,0,195,208,48.38709677419355,51.61290322580645
FR,2011-10-26,24,485,1344.698969072165,23.818513807540555,1366.0,1336.8,1397.6,24,0,0.0,0.0,0.0,0.0,0.0,0,290,190,60.416666666666664,39.58333333333333
FR,2011-10-27,43,290,1410.9310344827586,4.5,1922.5,1918.9,1926.1,43,0,0.0,0.0,0.0,0.0,0.0,0,115,172,40.069686411149824,59.93031358885017
FR,2011-10-28,29,290,1429.1137931034482,3.771236166328253,1910.0,1903.6,1910.0,29,0,0.0,0.0,0.0,0.0,0.0,0,154,127,54.804270462633454,45.195729537366546
FR,2011-10-29,38,324,1457.5401234567898,7.418894796396563,1908.0,1903.2,1919.2,38,0,0.0,0.0,0.0,0.0,0.0,0,192,120,61.53846153846154,38.46153846153847
FR,2011-10-30,35,319,1373.1065830721009,4.14578098794425,1060.5,1054.5,1063.0,35,0,0.0,0.0,0.0,0.0,0.0,0,171,134,56.0655737704918,43.9344262295082
FR,2011-10-31,34,258,1481.4534883720928,10.708252269472672,1918.0,1900.8,1928.2,34,0,0.0,0.0,0.0,0.0,0.0,0,109,127,46.186440677966104,53.813559322033896
FR,2011-11-01,43,299,1307.57525083612,10.067770358922576,1368.0,1361.0,1383.4,43,0,0.0,0.0,0.0,0.0,0.0,0,129,165,43.87755102040816,56.12244897959183
FR,2011-11-02,21,99,1428.9898989899,6.417748826496718,1904.5,1897.0,1909.9,21,0,0.0,0.0,0.0,0.0,0.0,0,41,55,42.70833333333333,57.291666666666664
FR,2011-11-03,22,138,1227.7536231884064,4.0,1917.0,1913.8,1920.2,22,0,0.0,0.0,0.0,0.0,0.0,0,69,66,51.11111111111111,48.888888888888886
FR,2011-11-04,20,196,1372.8520408163265,8.25239606516353,1387.0,1380.2,1399.8,20,0,0.0,0.0,0.0,0.0,0.0,0,109,76,58.91891891891892,41.08108108108108
FR,2011-11-05,21,378,1426.309523809524,6.164414002968976,1925.0,1917.8,1929.8,21,0,0.0,0.0,0.0,0.0,0.0,0,194,177,52.2911051212938,47.7088948787062
FR,2011-11-06,18,103,1515.621359223301,12.737739202856996,1917.5,1895.3,1925.2,18,0,0.0,0.0,0.0,0.0,0.0,0,52,46,53.06122448979592,46.93877551020408
FR,2011-11-07,20,207,1470.5507246376817,19.13527606725684,1548.0,1529.4,1581.0,20,0,0.0,0.0,0.0,0.0,0.0,0,101,97,51.010101010101,48.98989898989899
FR,2011-11-08,26,136,1424.595588235294,5.385164807134504,1266.0,1260.2,1271.8,26,0,0.0,0.0,0.0,0.0,0.0,0,75,61,55.14705882352941,44.85294117647059
FR,2011-11-09,31,73,1546.6027397260275,5.885575587824865,1885.0,1879.2,1892.2,31,0,0.0,0.0,0.0,0.0,0.0,0,36,30,54.54545454545454,45.45454545454545
FR,2011-11-10,26,214,1444.9999999999995,2.0,1875.0,1873.4,1876.6,26,0,0.0,0.0,0.0,0.0,0.0,0,108,97,52.6829268292683,47.3170731707317
FR,2011-11-11,12,40,1356.5499999999995,0.0,1081.0,1081.0,1081.0,12,0,0.0,0.0,0.0,0.0,0.0,0,22,15,59.45945945945946,40.54054054054054
FR,2011-11-12,14,80,1417.9875,11.62067123706716,1895.0,1882.2,1908.6,14,0,0.0,0.0,0.0,0.0,0.0,0,42,36,53.84615384615385,46.15384615384615
FR,2011-11-13,18,49,1310.4285714285718,0.0,1426.0,1426.0,1426.0,18,0,0.0,0.0,0.0,0.0,0.0,0,17,29,36.95652173913043,63.04347826086957
FR,2011-11-14,45,179,1408.8994413407822,4.496912521077347,1283.0,1278.2,1287.0,45,0,0.0,0.0,0.0,0.0,0.0,0,115,55,67.64705882352942,32.35294117647059
FR,2011-11-15,29,206,1498.9174757281562,0.0,1907.0,1907.0,1907.0,29,0,0.0,0.0,0.0,0.0,0.0,0,120,75,61.53846153846154,38.46153846153847
FR,2011-11-16,36,150,1409.4066666666663,6.620931557860839,1360.0,1353.2,1367.8,36,0,0.0,0.0,0.0,0.0,0.0,0,71,60,54.19847328244275,45.80152671755725
FR,2011-11-17,21,71,1278.281690140844,6.018490028422596,1091.0,1088.6,1099.8,21,0,0.0,0.0,0.0,0.0,0.0,0,46,20,69.6969696969697,30.303030303030305
FR,2011-11-18,28,155,1438.3548387096778,10.208329931972225,1580.5,1568.6,1592.5,28,0,0.0,0.0,0.0,0.0,0.0,0,86,64,57.333333333333336,42.66666666666667
FR,2011-11-19,32,196,1367.0561224489802,9.765244492586962,1358.0,1351.2,1372.8,32,0,0.0,0.0,0.0,0.0,0.0,0,91,92,49.72677595628415,50.27322404371585
FR,2011-11-20,29,316,1354.7816455696204,9.54366791240256,1359.0,1344.3,1368.4,29,1,91.39,0.0,0.0,0.0,0.0,1,168,137,55.08196721311476,44.91803278688525
FR,2011-11-21,40,201,1541.4328358208952,10.833974340010226,1898.0,1890.0,1915.0,40,0,0.0,0.0,0.0,0.0,0.0,0,98,99,49.746192893401016,50.25380710659898
FR,2011-11-22,30,188,1219.36170212766,0.0,1929.0,1929.0,1929.0,30,6,88.05,0.0,0.0,0.0,0.0,6,103,74,58.19209039548022,41.80790960451977
FR,2011-11-23,30,137,1364.3430656934304,3.986086914367133,1347.5,1342.5,1352.0,30,0,0.0,0.0,0.0,0.0,0.0,0,90,47,65.69343065693431,34.306569343065696
FR,2011-11-24,25,71,1426.6197183098589,6.406246951218787,1939.0,1932.4,1946.6,25,0,0.0,0.0,0.0,0.0,0.0,0,32,37,46.3768115942029,53.62318840579711
FR,2011-11-25,37,204,1303.7647058823525,5.748043145279966,1937.0,1931.8,1943.4,37,0,0.0,0.0,0.0,0.0,0.0,0,107,91,54.04040404040404,45.95959595959596
FR,2011-11-26,32,320,1341.48125,6.06571507806656,1371.0,1362.4,1378.4,32,0,0.0,0.0,0.0,0.0,0.0,0,143,175,44.9685534591195,55.0314465408805
FR,2011-11-27,21,176,1339.5681818181818,6.446008098673416,1937.0,1927.6,1942.8,21,0,0.0,0.0,0.0,0.0,0.0,0,101,62,61.963190184049076,38.036809815950924
FR,2011-11-28,24,145,1382.806896551724,5.40974177964614,1950.0,1943.6,1956.4,24,0,0.0,0.0,0.0,0.0,0.0,0,54,73,42.51968503937008,57.48031496062992
FR,2011-11-29,36,166,1307.2891566265066,9.810198774744578,1374.0,1360.2,1381.6,36,0,0.0,0.0,0.0,0.0,0.0,0,70,78,47.2972972972973,52.702702702702695
FR,2011-11-30,19,89,1251.7078651685397,99.02524930541703,1252.0,1086.4,1256.8,19,0,0.0,0.0,0.0,0.0,0.0,0,34,54,38.63636363636363,61.36363636363637
FR,2011-12-01,40,220,1362.886363636364,3.2619012860600183,1944.0,1939.8,1947.2,40,0,0.0,0.0,0.0,0.0,0.0,0,112,104,51.85185185185185,48.148148148148145
FR,2011-12-02,28,101,1242.534653465347,3.39934634239519,1955.0,1953.4,1959.8,28,0,0.0,0.0,0.0,0.0,0.0,0,38,59,39.175257731958766,60.824742268041234
FR,2011-12-03,7,35,1188.3142857142857,0.0,1493.0,1493.0,1493.0,7,0,0.0,0.0,0.0,0.0,0.0,0,17,17,50.0,50.0
FR,2011-12-04,25,410,1330.070731707317,15.764380891556868,1333.0,1318.6,1356.8,25,0,0.0,0.0,0.0,0.0,0.0,0,176,231,43.24324324324324,56.75675675675676
FR,2011-12-05,25,115,1299.3913043478262,133.0501158711759,1234.0,1034.0,1329.0,25,0,0.0,0.0,0.0,0.0,0.0,0,50,64,43.859649122807014,56.14035087719298
FR,2011-12-06,24,197,1319.2842639593907,6.352952069707436,1942.0,1938.2,1947.8,24,0,0.0,0.0,0.0,0.0,0.0,0,79,109,42.02127659574468,57.97872340425532
FR,2011-12-07,28,97,1269.1443298969068,7.048936089935842,1301.0,1293.1,1308.2,28,0,0.0,0.0,0.0,0.0,0.0,0,65,32,67.0103092783505,32.98969072164948
FR,2011-12-08,19,125,1183.496,72.85350130955426,1234.0,1148.8,1238.8,19,0,0.0,0.0,0.0,0.0,0.0,0,47,78,37.6,62.4
FR,2011-12-09,44,285,1256.1999999999991,3.491060010942235,1048.0,1043.9,1051.4,44,0,0.0,0.0,0.0,0.0,0.0,0,151,123,55.1094890510949,44.89051094890511
FR,2011-12-10,29,485,1288.119587628866,15.4891703810427,1299.0,1276.1,1317.0,29,0,0.0,0.0,0.0,0.0,0.0,0,245,222,52.46252676659529,47.53747323340471
FR,2011-12-11,27,78,1304.0512820512815,4.109609335312651,1311.0,1306.2,1314.2,27,0,0.0,0.0,0.0,0.0,0.0,0,44,31,58.666666666666664,41.333333333333336
FR,2011-12-12,20,55,1547.2545454545457,5.238320341483518,1970.0,1963.0,1974.2,20,0,0.0,0.0,0.0,0.0,0.0,0,31,24,56.36363636363636,43.63636363636363
FR,2011-12-13,33,202,1220.757425742573,3.640054944640259,1972.0,1968.9,1976.5,33,0,0.0,0.0,0.0,0.0,0.0,0,82,120,40.5940594059406,59.4059405940594
FR,2011-12-14,14,55,1928.4,9.0,1947.0,1939.6,1959.0,14,0,0.0,0.0,0.0,0.0,0.0,0,27,23,54.0,46.0
FR,2011-12-15,33,192,1285.6197916666663,4.9216076867444665,1223.0,1217.4,1227.0,33,0,0.0,0.0,0.0,0.0,0.0,0,109,71,60.55555555555555,39.44444444444444
FR,2011-12-16,17,53,1414.3584905660375,3.0,1960.0,1957.6,1962.4,17,0,0.0,0.0,0.0,0.0,0.0,0,28,22,56.00000000000001,44.0
FR,2011-12-17,40,247,1329.5708502024286,9.204467514322715,1956.0,1940.8,1963.8,40,0,0.0,0.0,0.0,0.0,0.0,0,78,163,32.365145228215766,67.63485477178423
FR,2011-12-18,24,67,1526.9253731343288,10.181682899534175,1914.0,1899.0,1923.0,24,0,0.0,0.0,0.0,0.0,0.0,0,33,27,55.00000000000001,45.0
FR,2011-12-19,32,311,1429.3086816720256,8.398809439438425,1888.0,1876.6,1898.1,32,0,0.0,0.0,0.0,0.0,0.0,0,162,149,52.09003215434084,47.90996784565916
FR,2011-12-20,35,373,1274.836461126005,10.130018951147983,1901.0,1883.8,1908.2,35,0,0.0,0.0,0.0,0.0,0.0,0,176,194,47.56756756756757,52.43243243243243
FR,2011-12-21,34,353,1245.875354107649,6.106058517348483,1911.0,1907.0,1918.6,34,0,0.0,0.0,0.0,0.0,0.0,0,168,185,47.59206798866856,52.40793201133145
FR,2011-12-22,27,308,1276.720779220779,27.23001878263205,1318.0,1285.0,1354.0,27,0,0.0,0.0,0.0,0.0,0.0,0,121,186,39.413680781758956,60.586319218241044
FR,2011-12-23,23,328,1368.3079268292684,15.35098995381026,1914.0,1892.0,1926.0,23,0,0.0,0.0,0.0,0.0,0.0,0,218,110,66.46341463414635,33.53658536585366
FR,2011-12-24,11,120,1558.7583333333334,14.136362144974838,1894.5,1876.9,1911.8,11,0,0.0,0.0,0.0,0.0,0.0,0,59,59,50.0,50.0
FR,2011-12-25,27,124,1473.5,12.319090875547596,1870.0,1857.2,1885.0,27,0,0.0,0.0,0.0,0.0,0.0,0,42,75,35.8974358974359,64.1025641025641
FR,2011-12-26,13,136,1477.8235294117646,9.509863300805115,1884.0,1871.0,1893.5,13,0,0.0,0.0,0.0,0.0,0.0,0,80,48,62.5,37.5
FR,2011-12-27,16,81,1207.7901234567903,106.93250207490703,1197.0,1036.2,1201.0,16,0,0.0,0.0,0.0,0.0,0.0,0,32,43,42.66666666666667,57.333333333333336
FR,2011-12-28,20,260,1447.6115384615389,12.389915253947464,1879.5,1864.5,1895.2,20,0,0.0,0.0,0.0,0.0,0.0,0,139,121,53.46153846153846,46.53846153846154
FR,2011-12-29,27,267,1393.9026217228466,6.286796443643577,1909.0,1901.0,1915.0,27,0,0.0,0.0,0.0,0.0,0.0,0,145,115,55.769230769230774,44.230769230769226
FR,2011-12-30,16,178,1483.5224719101125,5.956009439457477,1912.0,1902.8,1918.8,16,0,0.0,0.0,0.0,0.0,0.0,0,91,70,56.52173913043478,43.47826086956522
FR,2011-12-31,10,55,1178.6181818181817,3.5,1212.5,1209.7,1215.3,10,0,0.0,0.0,0.0,0.0,0.0,0,22,32,40.74074074074074,59.25925925925925
FR,2012-01-01,30,104,1241.711538461538,2.5,979.5,977.5,981.5,30,0,0.0,0.0,0.0,0.0,0.0,0,35,68,33.980582524271846,66.01941747572816
FR,2012-01-02,29,474,1034.605485232067,20.64779884690429,978.0,959.7,1014.5,29,0,0.0,0.0,0.0,0.0,0.0,0,210,244,46.25550660792951,53.74449339207048
FR,2012-01-03,27,72,1187.9166666666663,2.0,961.0,959.4,962.6,27,0,0.0,0.0,0.0,0.0,0.0,0,19,50,27.536231884057973,72.46376811594203
FR,2012-01-04,17,32,1207.1874999999995,0.0,965.0,965.0,965.0,17,0,0.0,0.0,0.0,0.0,0.0,0,15,15,50.0,50.0
FR,2012-01-05,25,83,1177.855421686747,0.0,955.0,955.0,955.0,25,0,0.0,0.0,0.0,0.0,0.0,0,38,43,46.913580246913575,53.086419753086425
FR,2012-01-06,36,299,1150.5886287625417,6.422616289332565,1921.0,1913.7,1926.9,36,0,0.0,0.0,0.0,0.0,0.0,0,162,124,56.64335664335665,43.35664335664335
FR,2012-01-07,38,370,1182.5972972972966,6.368673331236264,1928.5,1922.5,1936.4,38,0,0.0,0.0,0.0,0.0,0.0,0,153,188,44.868035190615835,55.13196480938416
FR,2012-01-08,22,161,1078.3850931677016,8.923712963852237,976.5,967.2,991.1,22,0,0.0,0.0,0.0,0.0,0.0,0,64,66,49.23076923076923,50.76923076923077
FR,2012-01-09,39,176,1188.710227272727,3.5,1929.5,1926.7,1932.3,39,0,0.0,0.0,0.0,0.0,0.0,0,82,91,47.398843930635834,52.601156069364166
FR,2012-01-10,22,217,1101.8894009216594,9.533566430716728,981.0,969.0,989.0,22,0,0.0,0.0,0.0,0.0,0.0,0,96,115,45.497630331753555,54.502369668246445
FR,2012-01-11,15,91,1180.362637362637,16.63192994664179,1125.5,1105.5,1147.5,15,0,0.0,0.0,0.0,0.0,0.0,0,64,27,70.32967032967034,29.67032967032967
FR,2012-01-12,20,160,1040.8124999999998,6.415374096137218,965.0,955.0,971.0,20,0,0.0,0.0,0.0,0.0,0.0,0,87,68,56.12903225806451,43.87096774193549
FR,2012-01-13,22,227,1064.387665198238,15.093585608814502,932.0,916.6,955.6,22,0,0.0,0.0,0.0,0.0,0.0,0,91,135,40.26548672566372,59.73451327433629
FR,2012-01-14,17,66,1140.60606060606,3.5,947.5,944.7,950.3,17,0,0.0,0.0,0.0,0.0,0.0,0,38,28,57.57575757575758,42.42424242424242
FR,2012-01-15,24,316,1068.2974683544303,16.95195033138686,948.0,932.2,975.8,24,0,0.0,0.0,0.0,0.0,0.0,0,162,133,54.91525423728814,45.08474576271186
FR,2012-01-16,30,212,1181.1415094339625,11.269427669584644,1017.0,1000.4,1025.2,30,0,0.0,0.0,0.0,0.0,0.0,0,123,89,58.01886792452831,41.9811320754717
FR,2012-01-17,26,249,1118.8273092369477,9.602561307977648,1010.0,996.9,1021.9,26,0,0.0,0.0,0.0,0.0,0.0,0,101,143,41.39344262295082,58.606557377049185
FR,2012-01-18,35,140,1175.807142857142,6.679617051195172,1012.0,1003.6,1020.0,35,0,0.0,0.0,0.0,0.0,0.0,0,59,66,47.199999999999996,52.800000000000004
FR,2012-01-19,32,109,1231.211009174312,6.305553108173779,1027.0,1021.6,1035.0,32,0,0.0,0.0,0.0,0.0,0.0,0,40,56,41.66666666666667,58.333333333333336
FR,2012-01-20,24,158,1144.1455696202531,6.679025003696273,1031.5,1024.2,1039.5,24,0,0.0,0.0,0.0,0.0,0.0,0,57,88,39.310344827586206,60.689655172413794
FR,2012-01-21,41,293,1388.5290102389074,6.649979114420001,1929.0,1919.4,1935.0,41,0,0.0,0.0,0.0,0.0,0.0,0,138,145,48.76325088339223,51.23674911660777
FR,2012-01-22,22,168,1192.9821428571431,4.453844933748542,1024.0,1019.2,1029.8,22,0,0.0,0.0,0.0,0.0,0.0,0,80,88,47.61904761904761,52.38095238095239
FR,2012-01-23,42,269,1262.6542750929368,0.0,1924.0,1924.0,1924.0,42,0,0.0,0.0,0.0,0.0,0.0,0,151,116,56.55430711610487,43.445692883895134
FR,2012-01-24,54,438,1299.5730593607304,4.988876515698588,1043.0,1036.6,1046.2,54,0,0.0,0.0,0.0,0.0,0.0,0,213,206,50.83532219570406,49.16467780429594
FR,2012-01-25,35,288,1242.59375,11.723480711802276,1025.0,1008.4,1034.6,35,0,0.0,0.0,0.0,0.0,0.0,0,140,125,52.83018867924528,47.16981132075472
FR,2012-01-26,47,458,1232.4978165938876,9.512623192369178,998.0,987.5,1007.8,47,0,0.0,0.0,0.0,0.0,0.0,0,205,244,45.657015590200444,54.342984409799556
FR,2012-01-27,42,509,1206.5658153241652,12.154320219576247,974.0,958.6,988.1,42,0,0.0,0.0,0.0,0.0,0.0,0,246,245,50.101832993890014,49.89816700610998
FR,2012-01-28,38,305,1212.4,3.5,1932.5,1929.7,1935.3,38,0,0.0,0.0,0.0,0.0,0.0,0,114,178,39.04109589041096,60.95890410958904
FR,2012-01-29,30,233,1042.815450643776,8.371827757425496,940.5,928.0,952.0,30,0,0.0,0.0,0.0,0.0,0.0,0,98,135,42.06008583690987,57.93991416309014
FR,2012-01-30,47,467,1223.4346895074948,0.0,949.0,949.0,949.0,47,0,0.0,0.0,0.0,0.0,0.0,0,213,238,47.22838137472284,52.77161862527716
FR,2012-01-31,42,284,1302.6161971830988,7.18562009117338,1254.0,1245.6,1263.6,42,0,0.0,0.0,0.0,0.0,0.0,0,153,130,54.06360424028268,45.936395759717314
FR,2012-02-01,23,129,1110.8759689922483,12.761432782672433,915.5,906.1,938.2,23,0,0.0,0.0,0.0,0.0,0.0,0,52,69,42.97520661157025,57.02479338842975
FR,2012-02-02,37,158,1118.7594936708865,4.794202227691277,907.5,902.1,912.5,37,0,0.0,0.0,0.0,0.0,0.0,0,71,86,45.22292993630573,54.77707006369427
FR,2012-02-03,33,195,1276.2615384615383,9.687104830649869,1907.0,1900.8,1922.0,33,0,0.0,0.0,0.0,0.0,0.0,0,89,104,46.1139896373057,53.8860103626943
FR,2012-02-04,37,229,1137.8427947598254,6.80367547726962,935.0,926.9,945.2,37,0,0.0,0.0,0.0,0.0,0.0,0,116,100,53.70370370370371,46.2962962962963
FR,2012-02-05,36,190,1103.7105263157898,13.146421656362005,904.0,893.2,925.0,36,0,0.0,0.0,0.0,0.0,0.0,0,75,105,41.66666666666667,58.333333333333336
FR,2012-02-06,17,72,1143.527777777778,0.0,1499.0,1499.0,1499.0,17,0,0.0,0.0,0.0,0.0,0.0,0,41,24,63.07692307692307,36.92307692307693
FR,2012-02-07,40,199,1181.738693467337,12.62077456487057,873.0,866.0,893.6,40,0,0.0,0.0,0.0,0.0,0.0,0,58,125,31.693989071038253,68.30601092896174
FR,2012-02-08,35,142,1126.401408450704,12.710272239734412,888.0,872.2,901.8,35,0,0.0,0.0,0.0,0.0,0.0,0,77,58,57.03703703703704,42.96296296296296
FR,2012-02-09,26,79,1327.493670886076,2.5,890.5,888.5,892.5,26,0,0.0,0.0,0.0,0.0,0.0,0,32,37,46.3768115942029,53.62318840579711
FR,2012-02-10,25,66,1260.8939393939395,6.560487786742691,1152.0,1144.4,1158.8,25,0,0.0,0.0,0.0,0.0,0.0,0,37,22,62.71186440677966,37.28813559322034
FR,2012-02-11,28,181,1367.2817679558011,4.714045207910316,1503.0,1503.0,1511.0,28,0,0.0,0.0,0.0,0.0,0.0,0,112,68,62.22222222222222,37.77777777777778
FR,2012-02-12,13,97,1726.8865979381444,9.104333522498443,1887.0,1877.4,1898.0,13,0,0.0,0.0,0.0,0.0,0.0,0,48,48,50.0,50.0
FR,2012-02-13,21,103,1410.7669902912623,3.8078865529319534,1897.0,1892.9,1901.1,21,0,0.0,0.0,0.0,0.0,0.0,0,51,45,53.125,46.875
FR,2012-02-14,18,82,1171.560975609756,127.53132948417029,1231.0,980.2,1247.6,18,0,0.0,0.0,0.0,0.0,0.0,0,47,30,61.038961038961034,38.961038961038966
FR,2012-02-15,38,256,1159.2812500000002,9.29297449689818,917.0,900.8,923.2,38,0,0.0,0.0,0.0,0.0,0.0,0,140,113,55.33596837944664,44.66403162055336
FR,2012-02-16,23,180,1066.716666666667,12.31981240838422,890.0,879.2,908.8,23,0,0.0,0.0,0.0,0.0,0.0,0,66,110,37.5,62.5
FR,2012-02-17,26,409,1145.562347188264,30.086914098989947,944.0,896.8,978.0,26,0,0.0,0.0,0.0,0.0,0.0,0,236,158,59.89847715736041,40.10152284263959
FR,2012-02-18,31,635,1149.9039370078742,12.122952344003158,974.5,962.5,994.0,31,0,0.0,0.0,0.0,0.0,0.0,0,305,295,50.83333333333333,49.166666666666664
FR,2012-02-19,29,440,1283.4522727272729,12.843864050588516,960.5,940.5,971.5,29,5,23.65,0.0,0.0,0.0,0.0,5,210,219,48.95104895104895,51.048951048951054
FR,2012-02-20,51,285,1332.2210526315794,5.11737237261468,920.0,915.6,926.5,51,0,0.0,0.0,0.0,0.0,0.0,0,136,149,47.719298245614034,52.28070175438596
FR,2012-02-21,25,81,1312.9629629629633,4.409081537009721,1157.0,1151.6,1161.4,25,0,0.0,0.0,0.0,0.0,0.0,0,44,26,62.857142857142854,37.142857142857146
FR,2012-02-22,34,232,1080.9870689655177,0.0,1907.0,1907.0,1907.0,34,0,0.0,0.0,0.0,0.0,0.0,0,112,101,52.58215962441315,47.417840375586856
FR,2012-02-23,42,345,1087.698550724638,9.881841612310614,923.0,907.0,933.0,42,0,0.0,0.0,0.0,0.0,0.0,0,192,145,56.97329376854599,43.02670623145401
FR,2012-02-24,45,461,1158.29284164859,8.166241485530538,1887.5,1879.1,1896.6,45,0,0.0,0.0,0.0,0.0,0.0,0,214,243,46.82713347921225,53.17286652078774
FR,2012-02-25,39,198,1261.065656565656,4.9749371855331,1870.0,1864.4,1874.2,39,0,0.0,0.0,0.0,0.0,0.0,0,74,110,40.21739130434783,59.78260869565217
FR,2012-02-26,41,157,1319.3248407643314,0.0,1040.0,1040.0,1040.0,41,0,0.0,0.0,0.0,0.0,0.0,0,118,37,76.12903225806451,23.870967741935484
FR,2012-02-27,34,207,1247.772946859904,5.329930887479323,1026.0,1020.0,1032.2,34,0,0.0,0.0,0.0,0.0,0.0,0,92,113,44.87804878048781,55.1219512195122
FR,2012-02-28,22,135,1400.6962962962957,7.10779220709016,1843.0,1832.6,1851.6,22,1,71.42,0.0,0.0,0.0,0.0,1,81,53,60.447761194029844,39.55223880597015
FR,2012-02-29,32,253,1080.9328063241107,13.04738958566042,1041.5,1022.0,1053.5,32,0,0.0,0.0,0.0,0.0,0.0,0,99,146,40.40816326530612,59.591836734693885
FR,2012-03-01,60,266,1238.9548872180458,4.322904116447646,1025.5,1022.2,1030.9,60,7,83.62,0.0,0.0,0.0,0.0,7,101,162,38.40304182509506,61.59695817490495
FR,2012-03-02,22,140,1239.8357142857142,128.32150312112665,1273.0,1265.0,1552.8,22,0,0.0,0.0,0.0,0.0,0.0,0,85,45,65.38461538461539,34.61538461538461
FR,2012-03-03,24,208,1239.3990384615388,6.583224360084244,1272.0,1264.0,1279.0,24,0,0.0,0.0,0.0,0.0,0.0,0,100,95,51.28205128205128,48.717948717948715
FR,2012-03-04,35,186,1350.4408602150545,5.346338310781813,1857.0,1851.5,1864.0,35,0,0.0,0.0,0.0,0.0,0.0,0,100,85,54.054054054054056,45.94594594594595
FR,2012-03-05,40,331,1246.92749244713,11.755076272905171,1268.0,1258.0,1288.0,40,0,0.0,0.0,0.0,0.0,0.0,0,172,153,52.92307692307693,47.07692307692308
FR,2012-03-06,38,124,1322.5806451612905,2.5,1281.5,1279.5,1283.5,38,0,0.0,0.0,0.0,0.0,0.0,0,77,41,65.2542372881356,34.74576271186441
FR,2012-03-07,22,84,1301.6190476190477,0.0,1549.0,1549.0,1549.0,22,0,0.0,0.0,0.0,0.0,0.0,0,53,30,63.85542168674698,36.144578313253014
FR,2012-03-08,43,340,1290.7941176470588,6.771955035290769,1292.5,1283.4,1300.2,43,0,0.0,0.0,0.0,0.0,0.0,0,183,126,59.22330097087378,40.77669902912621
FR,2012-03-09,21,124,1237.6129032258063,6.97614984548545,1006.0,1000.4,1014.0,21,0,0.0,0.0,0.0,0.0,0.0,0,25,89,21.929824561403507,78.0701754385965
FR,2012-03-10,34,188,1203.4734042553196,15.76101907308732,1010.5,999.4,1041.9,34,0,0.0,0.0,0.0,0.0,0.0,0,130,49,72.62569832402235,27.37430167597765
FR,2012-03-11,35,240,1209.7083333333333,8.449194570424385,1035.5,1025.4,1044.0,35,0,0.0,0.0,0.0,0.0,0.0,0,102,136,42.857142857142854,57.14285714285714
FR,2012-03-12,26,107,1253.056074766355,4.189935029992178,1282.0,1279.6,1287.6,26,0,0.0,0.0,0.0,0.0,0.0,0,67,39,63.20754716981132,36.79245283018868
FR,2012-03-13,29,118,1236.847457627119,3.0,1289.0,1286.6,1291.4,29,0,0.0,0.0,0.0,0.0,0.0,0,72,41,63.716814159292035,36.283185840707965
FR,2012-03-14,19,100,1276.33,4.5,1571.5,1567.9,1575.1,19,0,0.0,0.0,0.0,0.0,0.0,0,62,31,66.66666666666666,33.33333333333333
FR,2012-03-15,19,69,1456.8115942028987,5.338539126015656,1863.5,1858.8,1869.6,19,0,0.0,0.0,0.0,0.0,0.0,0,34,35,49.275362318840585,50.72463768115942
FR,2012-03-16,33,83,1279.1445783132533,9.959292143521044,1019.0,1008.0,1029.3,33,0,0.0,0.0,0.0,0.0,0.0,0,38,45,45.78313253012048,54.21686746987952
FR,2012-03-17,36,152,1285.2236842105265,6.128258770283411,1021.0,1015.4,1027.4,36,0,0.0,0.0,0.0,0.0,0.0,0,100,48,67.56756756756756,32.432432432432435
FR,2012-03-18,24,105,1386.819047619048,5.0,1558.0,1554.0,1562.0,24,0,0.0,0.0,0.0,0.0,0.0,0,35,69,33.65384615384615,66.34615384615384
FR,2012-03-19,17,53,1214.9622641509434,3.5,1156.5,1153.7,1159.3,17,0,0.0,0.0,0.0,0.0,0.0,0,23,30,43.39622641509434,56.60377358490566
FR,2012-03-20,32,80,1289.5874999999996,0.0,1600.0,1600.0,1600.0,32,0,0.0,0.0,0.0,0.0,0.0,0,33,41,44.5945945945946,55.4054054054054
FR,2012-03-21,25,110,1244.5545454545454,2.160246899469287,1022.0,1018.8,1022.8,25,0,0.0,0.0,0.0,0.0,0.0,0,50,56,47.16981132075472,52.83018867924528
FR,2012-03-22,26,129,1134.2945736434112,0.0,1526.0,1526.0,1526.0,26,0,0.0,0.0,0.0,0.0,0.0,0,52,75,40.94488188976378,59.055118110236215
FR,2012-03-23,29,89,1258.6067415730336,4.0,1302.0,1298.8,1305.2,29,0,0.0,0.0,0.0,0.0,0.0,0,54,32,62.7906976744186,37.2093023255814
FR,2012-03-24,14,67,1104.8955223880598,5.418486873657627,1031.0,1024.6,1035.2,14,0,0.0,0.0,0.0,0.0,0.0,0,39,28,58.2089552238806,41.7910447761194
FR,2012-03-25,26,77,1330.8051948051946,0.0,1526.0,1526.0,1526.0,26,0,0.0,0.0,0.0,0.0,0.0,0,43,32,57.333333333333336,42.66666666666667
FR,2012-03-26,38,368,1339.8831521739132,4.153311931459037,1846.0,1842.3,1851.1,38,0,0.0,0.0,0.0,0.0,0.0,0,208,151,57.938718662952645,42.061281337047355
FR,2012-03-27,20,139,1319.208633093525,5.0,1845.0,1841.0,1849.0,20,0,0.0,0.0,0.0,0.0,0.0,0,92,41,69.17293233082707,30.82706766917293
FR,2012-03-28,29,200,1539.395,10.043654713300333,1828.0,1817.0,1840.0,29,0,0.0,0.0,0.0,0.0,0.0,0,138,57,70.76923076923077,29.230769230769234
FR,2012-03-29,32,284,1269.8169014084508,0.0,1830.0,1830.0,1830.0,32,0,0.0,0.0,0.0,0.0,0.0,0,120,149,44.60966542750929,55.39033457249071
FR,2012-03-30,29,116,1387.8017241379305,2.5,1023.5,1021.5,1025.5,29,0,0.0,0.0,0.0,0.0,0.0,0,41,69,37.27272727272727,62.727272727272734
FR,2012-03-31,30,277,1261.5234657039712,8.166241485530538,1832.5,1823.4,1840.9,30,0,0.0,0.0,0.0,0.0,0.0,0,179,98,64.62093862815884,35.37906137184115
FR,2012-04-01,13,115,1546.0,7.966873563711506,1853.0,1843.0,1863.0,13,0,0.0,0.0,0.0,0.0,0.0,0,60,49,55.04587155963303,44.95412844036697
FR,2012-04-02,28,119,1423.9243697478992,4.898979485566356,1867.0,1862.2,1871.8,28,0,0.0,0.0,0.0,0.0,0.0,0,72,46,61.016949152542374,38.983050847457626
FR,2012-04-03,26,74,1358.5945945945948,3.766629793329841,1151.5,1147.3,1155.0,26,0,0.0,0.0,0.0,0.0,0.0,0,33,33,50.0,50.0
FR,2012-04-04,41,264,1230.6553030303032,8.227241335952167,1877.0,1865.0,1884.4,41,0,0.0,0.0,0.0,0.0,0.0,0,109,136,44.48979591836735,55.51020408163265
FR,2012-04-05,22,63,1320.9523809523812,0.0,1052.0,1052.0,1052.0,22,0,0.0,0.0,0.0,0.0,0.0,0,48,15,76.19047619047619,23.809523809523807
FR,2012-04-06,37,211,1199.6777251184842,11.428445869845996,1051.0,1035.0,1064.5,37,0,0.0,0.0,0.0,0.0,0.0,0,88,115,43.34975369458128,56.65024630541872
FR,2012-04-07,28,349,1272.220630372493,8.534606386520677,1877.0,1869.0,1889.8,28,0,0.0,0.0,0.0,0.0,0.0,0,159,150,51.45631067961165,48.54368932038835
FR,2012-04-08,31,176,1165.7727272727273,5.604437725786792,1041.0,1032.4,1046.7,31,0,0.0,0.0,0.0,0.0,0.0,0,69,106,39.42857142857143,60.57142857142858
FR,2012-04-09,42,200,1441.7349999999997,5.792324266489512,1909.0,1900.6,1914.4,42,0,0.0,0.0,0.0,0.0,0.0,0,109,84,56.476683937823836,43.523316062176164
FR,2012-04-10,35,117,1478.7777777777785,5.7608593109014565,1917.5,1911.1,1923.2,35,0,0.0,0.0,0.0,0.0,0.0,0,46,68,40.35087719298245,59.64912280701754
FR,2012-04-11,31,229,1481.5938864628818,7.416198487095663,1901.0,1891.2,1910.0,31,0,0.0,0.0,0.0,0.0,0.0,0,122,104,53.98230088495575,46.017699115044245
FR,2012-04-12,28,212,1451.6792452830189,4.743416490252569,1910.5,1906.2,1916.2,28,0,0.0,0.0,0.0,0.0,0.0,0,92,86,51.68539325842697,48.31460674157304
FR,2012-04-13,16,42,1309.3571428571424,0.0,1117.0,1117.0,1117.0,16,0,0.0,0.0,0.0,0.0,0.0,0,33,9,78.57142857142857,21.428571428571427
FR,2012-04-14,34,359,1364.125348189415,9.822921964383475,1016.0,1004.6,1027.6,34,0,0.0,0.0,0.0,0.0,0.0,0,214,129,62.390670553935855,37.60932944606414
FR,2012-04-15,50,234,1171.448717948718,14.628738838327791,1033.0,1011.6,1048.0,50,0,0.0,0.0,0.0,0.0,0.0,0,123,101,54.91071428571429,45.089285714285715
FR,2012-04-16,27,180,1222.377777777778,6.005507114514089,1058.0,1049.0,1065.0,27,0,0.0,0.0,0.0,0.0,0.0,0,92,75,55.08982035928144,44.91017964071856
FR,2012-04-17,41,358,1327.4972067039112,0.0,1914.0,1914.0,1914.0,41,0,0.0,0.0,0.0,0.0,0.0,0,189,145,56.58682634730538,43.41317365269461
FR,2012-04-18,33,447,1269.0559284116332,15.154970478160154,1101.0,1085.8,1122.0,33,0,0.0,0.0,0.0,0.0,0.0,0,238,195,54.96535796766744,45.03464203233256
FR,2012-04-19,46,539,1277.2708719851576,13.550019356985036,1118.0,1104.2,1139.6,46,0,0.0,0.0,0.0,0.0,0.0,0,232,290,44.44444444444444,55.55555555555556
FR,2012-04-20,54,541,1317.469500924215,10.287698221365048,1920.0,1911.0,1936.2,54,0,0.0,0.0,0.0,0.0,0.0,0,289,230,55.68400770712909,44.3159922928709
FR,2012-04-21,33,503,1301.479125248509,0.0,1103.0,1103.0,1103.0,33,0,0.0,0.0,0.0,0.0,0.0,0,255,210,54.83870967741935,45.16129032258064
FR,2012-04-22,39,237,1369.223628691983,3.919183588453085,1930.0,1923.4,1932.0,39,0,0.0,0.0,0.0,0.0,0.0,0,95,140,40.42553191489361,59.57446808510638
FR,2012-04-23,37,182,1385.027472527472,7.048936089935842,1947.0,1939.1,1954.2,37,0,0.0,0.0,0.0,0.0,0.0,0,87,83,51.17647058823529,48.8235294117647
FR,2012-04-24,33,252,1451.309523809524,8.06225774829855,1974.0,1963.3,1981.9,33,0,0.0,0.0,0.0,0.0,0.0,0,110,133,45.267489711934154,54.73251028806584
FR,2012-04-25,29,147,1279.285714285714,0.0,1519.0,1519.0,1519.0,29,0,0.0,0.0,0.0,0.0,0.0,0,85,56,60.28368794326241,39.71631205673759
FR,2012-04-26,43,495,1360.2262626262625,10.743768958264669,1957.0,1939.8,1966.0,43,0,0.0,0.0,0.0,0.0,0.0,0,252,243,50.90909090909091,49.09090909090909
FR,2012-04-27,37,392,1285.4872448979593,0.0,1927.0,1927.0,1927.0,37,0,0.0,0.0,0.0,0.0,0.0,0,228,159,58.91472868217055,41.08527131782946
FR,2012-04-28,36,228,1404.3289473684213,5.123475382979799,1915.5,1909.5,1921.5,36,0,0.0,0.0,0.0,0.0,0.0,0,95,112,45.893719806763286,54.106280193236714
FR,2012-04-29,23,255,1349.313725490196,5.0,1152.0,1148.0,1156.0,23,0,0.0,0.0,0.0,0.0,0.0,0,149,101,59.599999999999994,40.400000000000006
FR,2012-04-30,30,358,1376.9944134078216,7.05691150575094,1891.5,1883.3,1900.0,30,0,0.0,0.0,0.0,0.0,0.0,0,199,136,59.40298507462687,40.59701492537313
FR,2012-05-01,31,340,1350.014705882353,4.58257569495584,1879.0,1875.6,1885.2,31,0,0.0,0.0,0.0,0.0,0.0,0,155,169,47.839506172839506,52.160493827160494
FR,2012-05-02,42,420,1335.15,7.542472332656507,1876.0,1868.0,1885.0,42,0,0.0,0.0,0.0,0.0,0.0,0,151,222,40.48257372654155,59.51742627345844
FR,2012-05-03,25,129,1441.1937984496124,7.597920443235004,1860.0,1851.0,1869.6,25,0,0.0,0.0,0.0,0.0,0.0,0,56,72,43.75,56.25
FR,2012-05-04,19,171,1248.7719298245613,4.0,1105.0,1101.8,1108.2,19,0,0.0,0.0,0.0,0.0,0.0,0,86,82,51.19047619047619,48.80952380952381
FR,2012-05-05,31,270,1343.5629629629627,6.944222218666553,1108.0,1101.6,1115.2,31,0,0.0,0.0,0.0,0.0,0.0,0,131,126,50.97276264591439,49.0272373540856
FR,2012-05-06,31,234,1260.1623931623922,4.0,1088.0,1084.8,1091.2,31,0,0.0,0.0,0.0,0.0,0.0,0,75,155,32.608695652173914,67.3913043478261
FR,2012-05-07,35,134,1411.4328358208957,11.832159566199232,1894.0,1875.2,1903.4,35,0,0.0,0.0,0.0,0.0,0.0,0,84,47,64.12213740458014,35.87786259541985
FR,2012-05-08,27,458,1330.8973799126636,7.66840320493769,1350.0,1341.2,1358.8,27,0,0.0,0.0,0.0,0.0,0.0,0,243,204,54.36241610738255,45.63758389261745
FR,2012-05-09,24,227,1309.1453744493392,4.027681991198191,1902.0,1895.6,1902.8,24,0,0.0,0.0,0.0,0.0,0.0,0,96,118,44.85981308411215,55.140186915887845
FR,2012-05-10,13,222,1483.108108108108,8.177713616898062,1913.0,1902.5,1922.5,13,0,0.0,0.0,0.0,0.0,0.0,0,110,108,50.45871559633027,49.54128440366973
FR,2012-05-11,18,136,1348.264705882353,5.612486080160912,1887.5,1882.2,1894.2,18,0,0.0,0.0,0.0,0.0,0.0,0,54,77,41.221374045801525,58.778625954198475
FR,2012-05-12,9,115,1287.1043478260872,9.123287510541362,1284.5,1277.5,1298.8,9,0,0.0,0.0,0.0,0.0,0.0,0,48,66,42.10526315789473,57.89473684210527
FR,2012-05-13,27,112,1459.2499999999998,5.778213833187625,1888.0,1882.0,1895.0,27,0,0.0,0.0,0.0,0.0,0.0,0,51,54,48.57142857142857,51.42857142857142
FR,2012-05-14,24,173,1417.6242774566472,10.768036835187305,1903.0,1892.2,1918.4,24,0,0.0,0.0,0.0,0.0,0.0,0,95,76,55.55555555555556,44.44444444444444
FR,2012-05-15,25,67,1191.4626865671644,0.0,1071.0,1071.0,1071.0,25,0,0.0,0.0,0.0,0.0,0.0,0,31,30,50.81967213114754,49.18032786885246
FR,2012-05-16,25,288,1318.5624999999995,5.986651818838306,1908.0,1903.2,1916.0,25,0,0.0,0.0,0.0,0.0,0.0,0,105,165,38.88888888888889,61.111111111111114
FR,2012-05-17,45,298,1431.2382550335565,0.0,1078.0,1078.0,1078.0,45,7,46.05,0.0,0.0,0.0,0.0,7,162,134,54.729729729729726,45.27027027027027
FR,2012-05-18,27,259,1384.5791505791506,2.0,1085.0,1083.4,1086.6,27,0,0.0,0.0,0.0,0.0,0.0,0,152,107,58.68725868725869,41.312741312741316
FR,2012-05-19,20,315,1462.0761904761907,8.399999999999999,1598.0,1598.0,1619.0,20,0,0.0,0.0,0.0,0.0,0.0,0,161,151,51.60256410256411,48.3974358974359
FR,2012-05-20,24,175,1437.6171428571429,0.0,1619.0,1619.0,1619.0,24,0,0.0,0.0,0.0,0.0,0.0,0,94,74,55.952380952380956,44.047619047619044
FR,2012-05-21,34,427,1339.0210772833727,141.1293951409114,929.0,919.4,1224.6,34,0,0.0,0.0,0.0,0.0,0.0,0,191,236,44.730679156908664,55.26932084309133
FR,2012-05-22,34,701,1440.981455064193,0.0,1502.0,1502.0,1502.0,34,0,0.0,0.0,0.0,0.0,0.0,0,395,293,57.412790697674424,42.587209302325576
FR,2012-05-23,38,480,1426.835416666667,0.0,1074.0,1074.0,1074.0,38,0,0.0,0.0,0.0,0.0,0.0,0,283,175,61.79039301310044,38.209606986899566
FR,2012-05-24,31,248,1437.0766129032263,3.0,1078.0,1075.6,1080.4,31,0,0.0,0.0,0.0,0.0,0.0,0,120,121,49.79253112033195,50.20746887966805
FR,2012-05-25,27,227,1362.6828193832594,5.931905258852336,1066.5,1058.3,1069.8,27,0,0.0,0.0,0.0,0.0,0.0,0,126,101,55.50660792951542,44.49339207048458
FR,2012-05-26,24,338,1366.2514792899408,0.0,1906.0,1906.0,1906.0,24,0,0.0,0.0,0.0,0.0,0.0,0,138,180,43.39622641509434,56.60377358490566
FR,2012-05-27,29,274,1375.7299270072992,11.590812688310956,1095.5,1079.8,1107.7,29,0,0.0,0.0,0.0,0.0,0.0,0,158,109,59.176029962546814,40.823970037453186
FR,2012-05-28,37,230,1410.6391304347826,3.0,1208.0,1205.6,1210.4,37,0,0.0,0.0,0.0,0.0,0.0,0,100,117,46.08294930875576,53.91705069124424
FR,2012-05-29,32,325,1418.5230769230773,0.0,1511.0,1511.0,1511.0,32,0,0.0,0.0,0.0,0.0,0.0,0,174,137,55.948553054662376,44.05144694533762
FR,2012-05-30,48,543,1412.524861878453,3.0,1899.0,1896.6,1901.4,48,0,0.0,0.0,0.0,0.0,0.0,0,280,245,53.333333333333336,46.666666666666664
FR,2012-05-31,58,467,1406.2012847965736,5.615059117132152,1909.0,1900.8,1915.2,58,0,0.0,0.0,0.0,0.0,0.0,0,229,213,51.80995475113123,48.19004524886878
FR,2012-06-01,39,445,1463.876404494382,11.243452535297813,1910.0,1892.4,1919.4,39,0,0.0,0.0,0.0,0.0,0.0,0,202,232,46.54377880184332,53.45622119815668
FR,2012-06-02,28,216,1389.3657407407406,6.8527366796047255,1909.0,1903.2,1917.8,28,0,0.0,0.0,0.0,0.0,0.0,0,134,79,62.91079812206573,37.08920187793427
FR,2012-06-03,46,310,1471.6709677419356,0.0,1917.0,1917.0,1917.0,46,0,0.0,0.0,0.0,0.0,0.0,0,174,130,57.23684210526315,42.76315789473684
FR,2012-06-04,25,291,1511.5154639175253,7.149082108914403,1895.0,1888.6,1901.7,25,0,0.0,0.0,0.0,0.0,0.0,0,159,116,57.81818181818181,42.18181818181818
FR,2012-06-05,33,326,1514.3159509202453,8.820430828479978,1873.5,1862.8,1883.8,33,0,0.0,0.0,0.0,0.0,0.0,0,152,147,50.836120401337794,49.163879598662206
FR,2012-06-06,39,266,1441.3195488721808,4.609772228646444,1858.5,1853.6,1863.4,39,0,0.0,0.0,0.0,0.0,0.0,0,140,112,55.55555555555556,44.44444444444444
FR,2012-06-07,35,176,1521.7897727272727,10.671628578136296,1839.0,1823.0,1848.0,35,0,0.0,0.0,0.0,0.0,0.0,0,87,85,50.58139534883721,49.41860465116279
FR,2012-06-08,34,178,1326.7415730337086,4.5,1851.5,1847.9,1855.1,34,0,0.0,0.0,0.0,0.0,0.0,0,68,108,38.63636363636363,61.36363636363637
FR,2012-06-09,30,210,1428.7619047619048,5.734883511361751,1846.0,1839.6,1850.8,30,0,0.0,0.0,0.0,0.0,0.0,0,126,80,61.165048543689316,38.83495145631068
FR,2012-06-10,33,260,1373.776923076923,10.561771651014013,1852.0,1844.0,1869.8,33,0,0.0,0.0,0.0,0.0,0.0,0,137,119,53.515625,46.484375
FR,2012-06-11,39,125,1365.12,5.715476066494082,1873.0,1867.4,1878.6,39,0,0.0,0.0,0.0,0.0,0.0,0,54,71,43.2,56.8
FR,2012-06-12,30,202,1199.930693069307,7.760297817881877,1863.0,1855.8,1871.0,30,0,0.0,0.0,0.0,0.0,0.0,0,119,77,60.71428571428571,39.285714285714285
FR,2012-06-13,27,135,1547.2592592592596,6.16663147512481,1856.5,1847.5,1863.5,27,0,0.0,0.0,0.0,0.0,0.0,0,74,54,57.8125,42.1875
FR,2012-06-14,35,178,1432.3764044943816,8.147402364512029,1841.0,1832.0,1851.0,35,0,0.0,0.0,0.0,0.0,0.0,0,73,99,42.44186046511628,57.55813953488372
FR,2012-06-15,54,269,1398.3866171003722,5.9651767227244274,1841.5,1834.5,1848.5,54,0,0.0,0.0,0.0,0.0,0.0,0,113,151,42.803030303030305,57.1969696969697
FR,2012-06-16,49,499,1471.5731462925846,10.32392044396572,1860.5,1847.0,1871.0,49,0,0.0,0.0,0.0,0.0,0.0,0,261,208,55.65031982942431,44.349680170575695
FR,2012-06-17,43,218,1448.0229357798162,5.0,1851.0,1847.0,1855.0,43,0,0.0,0.0,0.0,0.0,0.0,0,103,108,48.81516587677725,51.18483412322274
FR,2012-06-18,48,257,1459.4396887159528,6.881814804250402,1850.0,1840.0,1858.6,48,0,0.0,0.0,0.0,0.0,0.0,0,169,85,66.53543307086615,33.46456692913386
FR,2012-06-19,50,423,1456.510638297873,12.73471002835058,1874.0,1859.0,1888.2,50,0,0.0,0.0,0.0,0.0,0.0,0,197,211,48.28431372549019,51.71568627450981
FR,2012-06-20,47,300,1357.1999999999994,11.009087155618309,1881.5,1862.2,1889.2,47,0,0.0,0.0,0.0,0.0,0.0,0,164,135,54.84949832775919,45.1505016722408
FR,2012-06-21,52,496,1348.7459677419354,3.299831645537222,1864.0,1858.4,1864.0,52,0,0.0,0.0,0.0,0.0,0.0,0,287,197,59.29752066115702,40.70247933884297
FR,2012-06-22,50,417,1358.1151079136691,9.730750228014282,1857.5,1847.4,1868.3,50,0,0.0,0.0,0.0,0.0,0.0,0,225,178,55.831265508684865,44.168734491315135
FR,2012-06-23,42,218,1557.3119266055037,7.969470833999032,1852.0,1843.2,1862.4,42,0,0.0,0.0,0.0,0.0,0.0,0,92,110,45.54455445544555,54.45544554455446
FR,2012-06-24,46,368,1479.5217391304348,7.760297817881877,1848.0,1840.8,1856.0,46,0,0.0,0.0,0.0,0.0,0.0,0,175,186,48.476454293628805,51.52354570637119
FR,2012-06-25,48,547,1380.0877513711157,4.923413450036468,1845.0,1837.8,1848.0,48,0,0.0,0.0,0.0,0.0,0.0,0,291,232,55.64053537284895,44.35946462715105
FR,2012-06-26,56,617,1407.2512155591571,8.672362800483493,1852.0,1839.8,1862.0,56,0,0.0,0.0,0.0,0.0,0.0,0,366,227,61.72006745362564,38.27993254637437
FR,2012-06-27,47,669,1406.9147982062775,3.39934634239519,1066.0,1061.2,1067.6,47,0,0.0,0.0,0.0,0.0,0.0,0,369,282,56.68202764976959,43.31797235023041
FR,2012-06-28,46,581,1359.7401032702232,9.871170143402454,1852.0,1837.6,1859.6,46,0,0.0,0.0,0.0,0.0,0.0,0,304,234,56.50557620817844,43.49442379182156
FR,2012-06-29,48,420,1383.3428571428567,9.853425800197614,1845.5,1834.1,1855.6,48,0,0.0,0.0,0.0,0.0,0.0,0,210,210,50.0,50.0
FR,2012-06-30,27,99,1407.8787878787875,0.0,1846.0,1846.0,1846.0,27,0,0.0,0.0,0.0,0.0,0.0,0,30,63,32.25806451612903,67.74193548387096
FR,2012-07-01,17,341,1457.9765395894428,0.0,1055.0,1055.0,1055.0,17,0,0.0,0.0,0.0,0.0,0.0,0,211,130,61.87683284457478,38.12316715542522
FR,2012-07-02,35,416,1252.661057692308,13.68895540207506,1073.5,1049.6,1084.0,35,0,0.0,0.0,0.0,0.0,0.0,0,172,230,42.78606965174129,57.2139303482587
FR,2012-07-03,27,552,1339.0688405797105,9.528903399657276,1092.0,1076.8,1101.6,27,0,0.0,0.0,0.0,0.0,0.0,0,312,212,59.541984732824424,40.458015267175576
FR,2012-07-04,41,366,1448.51912568306,9.069178573608529,1060.0,1052.5,1071.7,41,0,0.0,0.0,0.0,0.0,0.0,0,142,191,42.64264264264264,57.35735735735735
FR,2012-07-05,26,139,1192.5035971223024,15.1803967156476,1057.0,1029.4,1065.2,26,0,0.0,0.0,0.0,0.0,0.0,0,53,86,38.1294964028777,61.87050359712231
FR,2012-07-06,32,203,1321.256157635468,5.3,1034.0,1030.4,1042.1,32,0,0.0,0.0,0.0,0.0,0.0,0,99,100,49.74874371859296,50.25125628140703
FR,2012-07-07,15,79,1701.4050632911396,9.879777325425913,1637.5,1631.7,1648.7,15,0,0.0,0.0,0.0,0.0,0.0,0,27,38,41.53846153846154,58.46153846153847
FR,2012-07-08,22,62,1287.145161290323,0.0,1467.0,1467.0,1467.0,22,0,0.0,0.0,0.0,0.0,0.0,0,32,30,51.61290322580645,48.38709677419355
FR,2012-07-09,24,131,1120.3206106870232,6.94172168845741,1025.5,1017.0,1033.4,24,0,0.0,0.0,0.0,0.0,0.0,0,46,84,35.38461538461539,64.61538461538461
FR,2012-07-10,19,112,1050.0267857142856,6.760360888210257,1000.0,993.0,1008.0,19,0,0.0,0.0,0.0,0.0,0.0,0,44,68,39.285714285714285,60.71428571428571
FR,2012-07-11,25,105,1267.6285714285716,6.020797289396148,1852.5,1846.4,1858.6,25,0,0.0,0.0,0.0,0.0,0.0,0,66,37,64.07766990291263,35.92233009708738
FR,2012-07-12,26,94,1417.2340425531916,8.432740427115679,1860.0,1849.0,1867.2,26,0,0.0,0.0,0.0,0.0,0.0,0,42,48,46.666666666666664,53.333333333333336
FR,2012-07-13,18,56,1089.4821428571431,0.0,1008.0,1008.0,1008.0,18,0,0.0,0.0,0.0,0.0,0.0,0,27,27,50.0,50.0
FR,2012-07-14,15,33,1232.4848484848487,0.0,1454.0,1454.0,1454.0,15,0,0.0,0.0,0.0,0.0,0.0,0,16,17,48.484848484848484,51.515151515151516
FR,2012-07-15,26,183,1492.9125683060108,4.841487374764082,1846.0,1841.4,1851.6,26,0,0.0,0.0,0.0,0.0,0.0,0,102,80,56.043956043956044,43.956043956043956
FR,2012-07-16,24,51,1227.4901960784316,5.354126134736337,995.0,991.0,1001.4,24,0,0.0,0.0,0.0,0.0,0.0,0,7,40,14.893617021276595,85.1063829787234
FR,2012-07-17,31,227,1187.973568281938,23.81904571504724,1038.5,1013.4,1071.9,31,0,0.0,0.0,0.0,0.0,0.0,0,164,55,74.88584474885845,25.11415525114155
FR,2012-07-18,31,233,1190.1931330472105,6.708203932499369,1860.0,1852.8,1867.2,31,0,0.0,0.0,0.0,0.0,0.0,0,117,92,55.980861244019145,44.01913875598086
FR,2012-07-19,28,315,1253.8317460317458,5.717856027482715,1877.0,1872.2,1884.6,28,0,0.0,0.0,0.0,0.0,0.0,0,141,158,47.15719063545151,52.84280936454849
FR,2012-07-20,24,179,1355.1843575418995,16.394529948885328,1891.0,1875.3,1915.4,24,0,0.0,0.0,0.0,0.0,0.0,0,85,86,49.707602339181285,50.29239766081871
FR,2012-07-21,29,67,1301.4626865671637,4.5,1916.5,1912.9,1920.1,29,0,0.0,0.0,0.0,0.0,0.0,0,18,49,26.865671641791046,73.13432835820896
FR,2012-07-22,23,103,1582.766990291262,8.2110588600561,1897.0,1890.0,1907.0,23,0,0.0,0.0,0.0,0.0,0.0,0,37,66,35.92233009708738,64.07766990291263
FR,2012-07-23,33,211,1421.431279620853,2.5,1059.5,1057.5,1061.5,33,0,0.0,0.0,0.0,0.0,0.0,0,99,112,46.91943127962085,53.08056872037915
FR,2012-07-24,29,265,1493.9471698113207,13.379088160259652,1901.0,1883.5,1916.5,29,0,0.0,0.0,0.0,0.0,0.0,0,135,130,50.943396226415096,49.056603773584904
FR,2012-07-25,32,122,1329.94262295082,3.3541019662496847,1913.5,1908.8,1915.4,32,0,0.0,0.0,0.0,0.0,0.0,0,70,48,59.32203389830508,40.67796610169492
FR,2012-07-26,24,85,1604.5411764705889,7.651353466971919,1923.0,1912.6,1929.8,24,0,0.0,0.0,0.0,0.0,0.0,0,56,29,65.88235294117646,34.11764705882353
FR,2012-07-27,39,226,1313.6061946902655,10.799948559548277,1935.5,1925.2,1950.6,39,0,0.0,0.0,0.0,0.0,0.0,0,111,115,49.11504424778761,50.88495575221239
FR,2012-07-28,36,106,1428.830188679245,6.081084758226504,1935.0,1928.6,1942.0,36,0,0.0,0.0,0.0,0.0,0.0,0,40,62,39.21568627450981,60.78431372549019
FR,2012-07-29,32,120,1348.1083333333331,12.67972831743968,1325.0,1303.2,1334.0,32,0,0.0,0.0,0.0,0.0,0.0,0,38,82,31.666666666666664,68.33333333333333
FR,2012-07-30,32,221,1250.8868778280537,5.639367795755343,1918.0,1912.8,1924.8,32,0,0.0,0.0,0.0,0.0,0.0,0,105,112,48.38709677419355,51.61290322580645
FR,2012-07-31,42,325,1326.3753846153843,3.692242280948596,1906.0,1900.6,1909.0,42,0,0.0,0.0,0.0,0.0,0.0,0,138,175,44.08945686900959,55.91054313099042
FR,2012-08-01,29,155,1326.8903225806453,5.131601439446884,1897.5,1889.5,1901.0,29,0,0.0,0.0,0.0,0.0,0.0,0,64,91,41.29032258064516,58.70967741935483
FR,2012-08-02,33,351,1265.0056980056977,10.565007201257828,1894.0,1884.2,1909.0,33,0,0.0,0.0,0.0,0.0,0.0,0,156,190,45.08670520231214,54.91329479768786
FR,2012-08-03,29,250,1215.4960000000017,3.5,1861.5,1858.7,1864.3,29,0,0.0,0.0,0.0,0.0,0.0,0,89,153,36.77685950413223,63.22314049586777
FR,2012-08-04,21,78,1532.4102564102564,11.34925352415548,1852.0,1835.5,1862.0,21,0,0.0,0.0,0.0,0.0,0.0,0,40,38,51.28205128205128,48.717948717948715
FR,2012-08-05,14,125,1308.696,3.771236166328253,1822.0,1822.0,1828.4,14,0,0.0,0.0,0.0,0.0,0.0,0,57,65,46.72131147540984,53.278688524590166
FR,2012-08-06,45,372,1495.3172043010748,9.661202977642413,1835.0,1821.0,1841.0,45,0,0.0,0.0,0.0,0.0,0.0,0,220,144,60.43956043956044,39.56043956043956
FR,2012-08-07,18,52,1437.7692307692316,0.0,1270.0,1270.0,1270.0,18,0,0.0,0.0,0.0,0.0,0.0,0,36,16,69.23076923076923,30.76923076923077
FR,2012-08-08,36,94,1549.521276595745,11.016323116176286,1860.5,1846.6,1871.9,36,0,0.0,0.0,0.0,0.0,0.0,0,55,37,59.78260869565217,40.21739130434783
FR,2012-08-09,27,222,1571.238738738739,15.99499921850576,1862.0,1844.8,1884.8,27,0,0.0,0.0,0.0,0.0,0.0,0,94,121,43.72093023255814,56.27906976744186
FR,2012-08-10,28,486,1529.8106995884773,5.0,1850.0,1845.0,1855.0,28,0,0.0,0.0,0.0,0.0,0.0,0,217,255,45.97457627118644,54.02542372881356
FR,2012-08-11,20,139,1589.6762589928053,5.356431463641755,1850.0,1842.8,1858.2,20,0,0.0,0.0,0.0,0.0,0.0,0,73,62,54.074074074074076,45.925925925925924
FR,2012-08-12,25,131,1573.595419847328,8.275528684017717,1822.5,1814.2,1833.1,25,0,0.0,0.0,0.0,0.0,0.0,0,46,85,35.11450381679389,64.8854961832061
FR,2012-08-13,13,114,1675.8070175438595,13.632943293989852,1827.5,1813.1,1848.5,13,0,0.0,0.0,0.0,0.0,0.0,0,48,61,44.03669724770643,55.96330275229357
FR,2012-08-14,29,123,1632.7479674796757,18.078723314614628,1870.0,1844.6,1890.8,29,0,0.0,0.0,0.0,0.0,0.0,0,62,45,57.943925233644855,42.05607476635514
FR,2012-08-15,23,91,1310.4065934065936,0.0,1500.0,1500.0,1500.0,23,0,0.0,0.0,0.0,0.0,0.0,0,52,33,61.1764705882353,38.82352941176471
FR,2012-08-16,30,178,1637.629213483146,15.221844351278378,1912.5,1886.3,1923.0,30,0,0.0,0.0,0.0,0.0,0.0,0,111,66,62.71186440677966,37.28813559322034
FR,2012-08-17,12,72,1875.875,10.31079531365064,1910.5,1895.0,1921.0,12,0,0.0,0.0,0.0,0.0,0.0,0,40,28,58.82352941176471,41.17647058823529
FR,2012-08-18,18,152,1540.9210526315792,9.631263970774578,1895.0,1884.2,1906.2,18,0,0.0,0.0,0.0,0.0,0.0,0,68,79,46.25850340136054,53.74149659863946
FR,2012-08-19,21,167,1576.2035928143716,7.914401752630507,1920.0,1909.5,1929.4,21,0,0.0,0.0,0.0,0.0,0.0,0,109,52,67.70186335403726,32.298136645962735
FR,2012-08-20,26,138,1406.072463768116,6.128258770283411,1930.0,1923.6,1935.6,26,0,0.0,0.0,0.0,0.0,0.0,0,70,68,50.72463768115942,49.275362318840585
FR,2012-08-21,23,148,1683.472972972973,11.802086942500768,1922.5,1906.1,1934.9,23,0,0.0,0.0,0.0,0.0,0.0,0,74,70,51.388888888888886,48.61111111111111
FR,2012-08-22,21,162,1666.8024691358028,11.740027889559949,1887.0,1876.6,1906.0,21,0,0.0,0.0,0.0,0.0,0.0,0,75,79,48.701298701298704,51.298701298701296
FR,2012-08-23,19,161,1542.5465838509317,7.128113354878695,1903.0,1893.9,1911.6,19,0,0.0,0.0,0.0,0.0,0.0,0,102,53,65.80645161290323,34.193548387096776
FR,2012-08-24,19,180,1638.9611111111112,7.065654208051447,1906.5,1898.0,1916.2,19,0,0.0,0.0,0.0,0.0,0.0,0,85,90,48.57142857142857,51.42857142857142
FR,2012-08-25,20,142,1671.394366197183,12.708507891940194,1912.0,1900.2,1930.8,20,0,0.0,0.0,0.0,0.0,0.0,0,99,38,72.26277372262774,27.73722627737226
FR,2012-08-26,20,120,1682.7833333333333,12.661792434498402,1920.0,1909.2,1937.8,20,0,0.0,0.0,0.0,0.0,0.0,0,47,69,40.51724137931034,59.48275862068966
FR,2012-08-27,37,310,1625.3193548387094,12.687119854564378,1906.0,1886.7,1919.2,37,0,0.0,0.0,0.0,0.0,0.0,0,160,129,55.36332179930796,44.636678200692046
FR,2012-08-28,36,559,1504.0644007155636,10.95715161881194,1898.0,1888.0,1914.4,36,0,0.0,0.0,0.0,0.0,0.0,0,290,247,54.00372439478585,45.99627560521415
FR,2012-08-29,48,308,1564.6396103896109,6.781177995009422,1939.0,1933.0,1951.0,48,0,0.0,0.0,0.0,0.0,0.0,0,173,102,62.909090909090914,37.09090909090909
FR,2012-08-30,42,237,1401.64135021097,5.499090833947008,1935.0,1928.4,1940.6,42,0,0.0,0.0,0.0,0.0,0.0,0,125,105,54.347826086956516,45.65217391304348
FR,2012-08-31,34,366,1405.1885245901633,8.995197621337375,1926.0,1909.6,1934.0,34,0,0.0,0.0,0.0,0.0,0.0,0,204,154,56.98324022346368,43.01675977653631
FR,2012-09-01,28,258,1521.5348837209303,17.575266712058742,1926.5,1910.3,1951.9,28,0,0.0,0.0,0.0,0.0,0.0,0,163,89,64.68253968253968,35.317460317460316
FR,2012-09-02,29,328,1547.2073170731703,9.953177580282423,1968.0,1952.6,1975.8,29,0,0.0,0.0,0.0,0.0,0.0,0,188,135,58.204334365325074,41.795665634674926
FR,2012-09-03,30,205,1506.419512195122,10.807404868885037,1956.0,1941.0,1965.0,30,0,0.0,0.0,0.0,0.0,0.0,0,105,86,54.973821989528794,45.0261780104712
FR,2012-09-04,32,126,1154.388888888889,0.0,1945.0,1945.0,1945.0,32,0,0.0,0.0,0.0,0.0,0.0,0,55,71,43.65079365079365,56.34920634920635
FR,2012-09-05,29,160,1419.01875,8.276472678623424,1947.0,1938.1,1955.9,29,0,0.0,0.0,0.0,0.0,0.0,0,99,48,67.3469387755102,32.6530612244898
FR,2012-09-06,30,306,1365.8300653594772,10.331989159885913,1951.5,1936.7,1962.8,30,0,0.0,0.0,0.0,0.0,0.0,0,185,104,64.01384083044984,35.98615916955018
FR,2012-09-07,18,297,1257.3804713804718,5.402057221302105,1032.0,1024.4,1038.0,18,0,0.0,0.0,0.0,0.0,0.0,0,154,127,54.804270462633454,45.195729537366546
FR,2012-09-08,36,296,1486.097972972973,7.458729989832349,1932.0,1926.2,1941.6,36,0,0.0,0.0,0.0,0.0,0.0,0,177,110,61.672473867595826,38.32752613240418
FR,2012-09-09,27,162,1354.3148148148146,3.191786333700926,1036.0,1033.2,1039.5,27,0,0.0,0.0,0.0,0.0,0.0,0,76,69,52.41379310344828,47.58620689655172
FR,2012-09-10,32,296,1388.0236486486488,11.050902631893551,1042.0,1026.4,1053.4,32,0,0.0,0.0,0.0,0.0,0.0,0,200,76,72.46376811594203,27.536231884057973
FR,2012-09-11,43,473,1423.196617336152,11.37362629067792,1943.0,1925.9,1954.3,43,0,0.0,0.0,0.0,0.0,0.0,0,228,226,50.22026431718062,49.77973568281938
FR,2012-09-12,45,414,1310.3381642512074,9.648290323826265,1048.5,1037.6,1060.0,45,0,0.0,0.0,0.0,0.0,0.0,0,210,192,52.23880597014925,47.76119402985074
FR,2012-09-13,52,569,1459.0351493848852,9.57462633149488,1942.0,1931.4,1953.2,52,0,0.0,0.0,0.0,0.0,0.0,0,221,336,39.67684021543986,60.32315978456014
FR,2012-09-14,35,427,1406.1288056206092,4.898979485566356,1933.0,1928.2,1937.8,35,0,0.0,0.0,0.0,0.0,0.0,0,208,208,50.0,50.0
FR,2012-09-15,27,598,1474.581939799331,10.338708279513884,980.0,967.2,987.2,27,0,0.0,0.0,0.0,0.0,0.0,0,287,307,48.31649831649832,51.68350168350169
FR,2012-09-16,28,183,1516.7431693989067,7.760297817881877,1914.0,1906.0,1921.2,28,0,0.0,0.0,0.0,0.0,0.0,0,90,81,52.63157894736842,47.368421052631575
FR,2012-09-17,29,482,1478.9253112033196,4.205650960315181,1894.0,1888.5,1897.4,29,0,0.0,0.0,0.0,0.0,0.0,0,256,209,55.053763440860216,44.946236559139784
FR,2012-09-18,31,294,1432.8299319727892,6.151422599691879,1913.0,1905.6,1919.2,31,0,0.0,0.0,0.0,0.0,0.0,0,104,168,38.23529411764706,61.76470588235294
FR,2012-09-19,23,203,1426.5320197044334,60.39326898567017,1350.0,1313.0,1450.0,23,0,0.0,0.0,0.0,0.0,0.0,0,107,94,53.233830845771145,46.766169154228855
FR,2012-09-20,34,299,1471.1137123745818,5.488392203513871,1913.0,1907.0,1919.6,34,0,0.0,0.0,0.0,0.0,0.0,0,154,131,54.03508771929825,45.96491228070175
FR,2012-09-21,57,483,1429.5983436853,3.0,1902.0,1899.6,1904.4,57,0,0.0,0.0,0.0,0.0,0.0,0,247,223,52.55319148936171,47.4468085106383
FR,2012-09-22,33,515,1488.0407766990293,6.342099196813483,1907.0,1897.6,1914.4,33,0,0.0,0.0,0.0,0.0,0.0,0,250,258,49.21259842519685,50.78740157480315
FR,2012-09-23,40,425,1473.4541176470595,7.116178749862878,1900.5,1888.9,1910.0,40,0,0.0,0.0,0.0,0.0,0.0,0,214,211,50.35294117647059,49.64705882352941
FR,2012-09-24,43,343,1456.8979591836735,7.3824115301167,1903.0,1895.1,1910.9,43,0,0.0,0.0,0.0,0.0,0.0,0,192,149,56.30498533724341,43.6950146627566
FR,2012-09-25,41,369,1447.0406504065031,5.673402858955108,1928.5,1923.1,1934.6,41,0,0.0,0.0,0.0,0.0,0.0,0,204,141,59.130434782608695,40.869565217391305
FR,2012-09-26,49,358,1466.8994413407822,6.944222218666553,1927.0,1920.6,1934.2,49,0,0.0,0.0,0.0,0.0,0.0,0,128,228,35.95505617977528,64.04494382022472
FR,2012-09-27,45,399,1491.6917293233091,0.0,1892.0,1892.0,1892.0,45,0,0.0,0.0,0.0,0.0,0.0,0,182,199,47.76902887139108,52.23097112860893
FR,2012-09-28,51,547,1469.2870201096891,15.77664395018997,1914.0,1892.0,1933.0,51,0,0.0,0.0,0.0,0.0,0.0,0,316,216,59.3984962406015,40.6015037593985
FR,2012-09-29,37,535,1495.0186915887853,5.792848472522437,1922.0,1915.0,1928.0,37,0,0.0,0.0,0.0,0.0,0.0,0,280,243,53.53728489483748,46.46271510516252
FR,2012-09-30,25,329,1343.832826747721,12.613565745510922,1917.0,1896.9,1925.7,25,0,0.0,0.0,0.0,0.0,0.0,0,156,169,48.0,52.0
FR,2012-10-01,34,602,1352.644518272425,3.265986323710904,1897.0,1893.8,1900.2,34,0,0.0,0.0,0.0,0.0,0.0,0,345,227,60.31468531468531,39.68531468531469
FR,2012-10-02,35,619,1478.2148626817452,5.338539126015656,1898.5,1892.4,1903.2,35,0,0.0,0.0,0.0,0.0,0.0,0,335,258,56.492411467116355,43.50758853288364
FR,2012-10-03,40,506,1451.1146245059288,3.39934634239519,1087.0,1082.2,1088.6,40,0,0.0,0.0,0.0,0.0,0.0,0,230,248,48.11715481171548,51.88284518828452
FR,2012-10-04,42,291,1529.4089347079037,4.48998886412873,1888.0,1884.0,1892.8,42,0,0.0,0.0,0.0,0.0,0.0,0,155,123,55.75539568345324,44.24460431654676
FR,2012-10-05,36,329,1373.4133738601818,5.149826216404938,1084.0,1080.2,1090.8,36,0,0.0,0.0,0.0,0.0,0.0,0,217,112,65.95744680851064,34.04255319148936
FR,2012-10-06,42,510,1465.5882352941176,6.196773353931867,1882.0,1873.0,1886.6,42,0,0.0,0.0,0.0,0.0,0.0,0,314,165,65.55323590814196,34.44676409185804
FR,2012-10-07,35,552,1418.893115942029,6.249897958350673,1877.0,1868.6,1883.2,35,0,0.0,0.0,0.0,0.0,0.0,0,273,267,50.55555555555556,49.44444444444444
FR,2012-10-08,35,239,1383.7322175732224,3.605551275463989,1890.0,1886.2,1893.8,35,0,0.0,0.0,0.0,0.0,0.0,0,143,96,59.83263598326359,40.1673640167364
FR,2012-10-09,49,478,1422.3472803347272,1.0,1880.0,1879.2,1880.8,49,0,0.0,0.0,0.0,0.0,0.0,0,171,284,37.582417582417584,62.417582417582416
FR,2012-10-10,62,364,1513.6868131868134,5.734883511361751,1891.0,1886.2,1897.4,62,0,0.0,0.0,0.0,0.0,0.0,0,182,175,50.98039215686274,49.01960784313725
FR,2012-10-11,36,274,1399.0036496350367,0.0,1508.0,1508.0,1508.0,36,0,0.0,0.0,0.0,0.0,0.0,0,157,108,59.24528301886792,40.75471698113208
FR,2012-10-12,64,686,1372.4941690962105,10.567034693906432,1072.0,1055.6,1082.4,64,0,0.0,0.0,0.0,0.0,0.0,0,255,417,37.94642857142857,62.05357142857143
FR,2012-10-13,53,642,1367.791277258567,7.006131070439468,1056.0,1047.0,1062.2,53,0,0.0,0.0,0.0,0.0,0.0,0,293,327,47.25806451612903,52.741935483870975
FR,2012-10-14,60,297,1391.9898989898982,5.830951894845301,1901.0,1894.6,1908.2,60,0,0.0,0.0,0.0,0.0,0.0,0,182,89,67.15867158671587,32.84132841328413
FR,2012-10-15,48,583,1258.0600343053177,14.6921535181198,1038.0,1022.0,1058.0,48,0,0.0,0.0,0.0,0.0,0.0,0,224,340,39.71631205673759,60.28368794326241
FR,2012-10-16,43,544,1323.2628676470583,6.383572667401852,1899.0,1890.4,1907.0,43,8,51.26,0.0,0.0,0.0,0.0,8,232,286,44.78764478764479,55.21235521235521
FR,2012-10-17,53,806,1269.6861042183616,13.738378927499255,1879.5,1862.9,1895.8,53,0,0.0,0.0,0.0,0.0,0.0,0,421,359,53.97435897435897,46.02564102564102
FR,2012-10-18,41,287,1287.3310104529617,6.101001739241042,1131.5,1124.5,1139.0,41,0,0.0,0.0,0.0,0.0,0.0,0,141,144,49.473684210526315,50.526315789473685
FR,2012-10-19,58,915,1284.193442622951,5.782732917920384,1867.0,1859.4,1871.8,58,0,0.0,0.0,0.0,0.0,0.0,0,499,348,58.913813459268006,41.086186540731994
FR,2012-10-20,49,421,1377.9572446555826,7.050835816716038,1838.0,1829.4,1846.6,49,0,0.0,0.0,0.0,0.0,0.0,0,207,188,52.40506329113924,47.59493670886076
FR,2012-10-21,45,390,1474.46923076923,4.968651728587948,1834.5,1829.1,1839.2,45,0,0.0,0.0,0.0,0.0,0.0,0,175,201,46.54255319148936,53.45744680851063
FR,2012-10-22,43,387,1316.1317829457366,7.71722460186015,1821.0,1813.0,1830.0,43,0,0.0,0.0,0.0,0.0,0.0,0,210,155,57.534246575342465,42.465753424657535
FR,2012-10-23,40,247,1346.4008097165995,11.585431464655178,1130.5,1113.0,1139.5,40,0,0.0,0.0,0.0,0.0,0.0,0,123,116,51.46443514644351,48.53556485355649
FR,2012-10-24,44,363,1348.239669421488,12.036980056845191,1816.0,1807.8,1836.6,44,0,0.0,0.0,0.0,0.0,0.0,0,226,120,65.3179190751445,34.68208092485549
FR,2012-10-25,74,391,1383.7698209718674,0.0,1851.0,1851.0,1851.0,74,0,0.0,0.0,0.0,0.0,0.0,0,206,154,57.22222222222222,42.77777777777778
FR,2012-10-26,54,339,1422.0855457227146,0.0,1858.0,1858.0,1858.0,54,0,0.0,0.0,0.0,0.0,0.0,0,156,175,47.129909365558916,52.87009063444109
FR,2012-10-27,82,440,1381.3250000000005,3.741657386773941,1870.0,1867.6,1874.8,82,0,0.0,0.0,0.0,0.0,0.0,0,243,191,55.99078341013824,44.00921658986175
FR,2012-10-28,59,432,1472.8425925925928,26.89344901644265,1869.0,1853.8,1923.4,59,0,0.0,0.0,0.0,0.0,0.0,0,237,162,59.3984962406015,40.6015037593985
FR,2012-10-29,42,335,1385.211940298508,0.0,1937.0,1937.0,1937.0,42,0,0.0,0.0,0.0,0.0,0.0,0,204,124,62.19512195121951,37.80487804878049
FR,2012-10-30,37,281,1360.9822064056934,0.0,1928.0,1928.0,1928.0,37,0,0.0,0.0,0.0,0.0,0.0,0,152,101,60.079051383399204,39.920948616600796
FR,2012-10-31,58,398,1302.7663316582914,9.251126057585278,1934.5,1921.0,1942.0,58,0,0.0,0.0,0.0,0.0,0.0,0,151,220,40.700808625336926,59.299191374663074
FR,2012-11-01,51,465,1210.5548387096771,5.830951894845301,1156.0,1149.8,1162.2,51,0,0.0,0.0,0.0,0.0,0.0,0,217,221,49.54337899543379,50.456621004566216
FR,2012-11-02,52,545,1245.68623853211,4.0,1149.0,1145.8,1152.2,52,0,0.0,0.0,0.0,0.0,0.0,0,279,255,52.24719101123596,47.752808988764045
FR,2012-11-03,59,477,1291.1656184486376,3.3166247903554,1928.0,1926.0,1932.8,59,0,0.0,0.0,0.0,0.0,0.0,0,238,221,51.85185185185185,48.148148148148145
FR,2012-11-04,52,315,1301.8158730158736,0.0,1123.0,1123.0,1123.0,52,0,0.0,0.0,0.0,0.0,0.0,0,177,121,59.395973154362416,40.604026845637584
FR,2012-11-05,53,317,1313.350157728707,58.44014031468439,1060.5,982.1,1105.3,53,0,0.0,0.0,0.0,0.0,0.0,0,169,131,56.333333333333336,43.666666666666664
FR,2012-11-06,58,382,1273.4738219895291,7.133644853010899,1113.0,1104.5,1120.5,58,0,0.0,0.0,0.0,0.0,0.0,0,130,239,35.230352303523034,64.76964769647697
FR,2012-11-07,61,385,1278.587012987013,0.0,1930.0,1930.0,1930.0,61,0,0.0,0.0,0.0,0.0,0.0,0,200,163,55.09641873278237,44.90358126721763
FR,2012-11-08,56,227,1357.3127753303968,5.312459150169742,1926.0,1921.2,1931.6,56,0,0.0,0.0,0.0,0.0,0.0,0,123,79,60.89108910891089,39.10891089108911
FR,2012-11-09,58,281,1324.06049822064,0.5,1923.5,1923.1,1923.9,58,0,0.0,0.0,0.0,0.0,0.0,0,161,114,58.54545454545455,41.45454545454545
FR,2012-11-10,63,436,1286.33256880734,3.5,1917.5,1914.7,1920.3,63,0,0.0,0.0,0.0,0.0,0.0,0,171,255,40.140845070422536,59.859154929577464
FR,2012-11-11,48,173,1441.0578034682076,5.84700778176325,1922.5,1913.7,1928.2,48,0,0.0,0.0,0.0,0.0,0.0,0,122,51,70.52023121387283,29.47976878612717
FR,2012-11-12,49,160,1312.4125,3.771236166328253,1939.0,1939.0,1945.4,49,0,0.0,0.0,0.0,0.0,0.0,0,46,102,31.08108108108108,68.91891891891892
FR,2012-11-13,42,137,1333.3138686131383,3.858612300930076,1931.0,1929.4,1936.6,42,0,0.0,0.0,0.0,0.0,0.0,0,71,54,56.8,43.2
FR,2012-11-14,61,187,1343.9679144385027,6.0608889612003285,1922.0,1916.2,1928.8,61,0,0.0,0.0,0.0,0.0,0.0,0,82,102,44.565217391304344,55.434782608695656
FR,2012-11-15,55,295,1314.0033898305082,0.0,1918.0,1918.0,1918.0,55,0,0.0,0.0,0.0,0.0,0.0,0,205,77,72.69503546099291,27.30496453900709
FR,2012-11-16,69,361,1264.5318559556792,0.0,1909.0,1909.0,1909.0,69,0,0.0,0.0,0.0,0.0,0.0,0,218,142,60.55555555555555,39.44444444444444
FR,2012-11-17,71,336,1396.1785714285702,0.0,1494.0,1494.0,1494.0,71,0,0.0,0.0,0.0,0.0,0.0,0,182,133,57.77777777777777,42.22222222222222
FR,2012-11-18,58,347,1443.878962536024,3.631459761583488,1914.0,1908.4,1914.7,58,0,0.0,0.0,0.0,0.0,0.0,0,182,145,55.65749235474006,44.342507645259936
FR,2012-11-19,56,254,1426.3031496062997,6.057020719792859,1929.0,1923.1,1935.6,56,0,0.0,0.0,0.0,0.0,0.0,0,132,116,53.2258064516129,46.774193548387096
FR,2012-11-20,66,496,1381.3629032258063,4.0,1939.0,1935.8,1942.2,66,0,0.0,0.0,0.0,0.0,0.0,0,303,177,63.125,36.875
FR,2012-11-21,84,830,1257.9144578313249,4.710360920354193,1052.0,1048.2,1057.9,84,0,0.0,0.0,0.0,0.0,0.0,0,442,342,56.37755102040817,43.62244897959184
FR,2012-11-22,83,465,1323.5634408602148,8.514693182963201,1919.0,1912.6,1932.3,83,0,0.0,0.0,0.0,0.0,0.0,0,214,243,46.82713347921225,53.17286652078774
FR,2012-11-23,81,377,1437.681697612733,6.531972647421808,1930.0,1923.6,1938.4,81,0,0.0,0.0,0.0,0.0,0.0,0,207,155,57.182320441988956,42.81767955801105
FR,2012-11-24,103,489,1473.364008179958,7.119691004531026,1923.0,1917.3,1930.7,103,0,0.0,0.0,0.0,0.0,0.0,0,310,173,64.18219461697723,35.81780538302277
FR,2012-11-25,68,252,1428.293650793651,5.11737237261468,1916.5,1912.2,1922.9,68,8,92.97,0.0,0.0,0.0,0.0,8,128,107,54.46808510638298,45.53191489361702
FR,2012-11-26,70,360,1333.6055555555554,6.531972647421808,1916.0,1909.6,1922.4,70,0,0.0,0.0,0.0,0.0,0.0,0,216,133,61.891117478510026,38.108882521489974
FR,2012-11-27,74,531,1333.0301318267425,5.31843156256751,1899.0,1893.6,1904.4,74,0,0.0,0.0,0.0,0.0,0.0,0,321,200,61.61228406909789,38.38771593090211
FR,2012-11-28,91,656,1359.7621951219508,3.0,1890.0,1887.6,1892.4,91,0,0.0,0.0,0.0,0.0,0.0,0,342,280,54.983922829581985,45.01607717041801
FR,2012-11-29,70,424,1250.566037735849,0.0,1498.0,1498.0,1498.0,70,0,0.0,0.0,0.0,0.0,0.0,0,190,184,50.80213903743316,49.19786096256685
FR,2012-11-30,68,497,1292.9336016096586,6.361535648133172,1883.0,1875.0,1889.0,68,0,0.0,0.0,0.0,0.0,0.0,0,238,254,48.3739837398374,51.6260162601626
FR,2012-12-01,65,626,1398.9329073482438,0.0,1687.0,1687.0,1687.0,65,0,0.0,0.0,0.0,0.0,0.0,0,358,220,61.93771626297578,38.062283737024224
FR,2012-12-02,75,536,1379.8563432835822,0.0,1876.0,1876.0,1876.0,75,0,0.0,0.0,0.0,0.0,0.0,0,239,247,49.17695473251029,50.82304526748971
FR,2012-12-03,46,459,1337.3376906318083,0.0,1310.0,1310.0,1310.0,46,0,0.0,0.0,0.0,0.0,0.0,0,233,202,53.5632183908046,46.43678160919541
FR,2012-12-04,93,642,1300.3925233644843,6.305553108173779,1884.0,1876.8,1890.6,93,0,0.0,0.0,0.0,0.0,0.0,0,351,278,55.80286168521462,44.19713831478537
FR,2012-12-05,80,738,1349.1097560975609,10.621743198337482,1923.0,1910.2,1937.2,80,0,0.0,0.0,0.0,0.0,0.0,0,390,321,54.85232067510548,45.14767932489451
FR,2012-12-06,72,387,1409.749354005167,0.0,1070.0,1070.0,1070.0,72,0,0.0,0.0,0.0,0.0,0.0,0,210,171,55.118110236220474,44.881889763779526
FR,2012-12-07,80,613,1295.8336052202276,6.548960901462833,1063.0,1057.4,1070.2,80,0,0.0,0.0,0.0,0.0,0.0,0,321,260,55.24956970740104,44.75043029259897
FR,2012-12-08,52,508,1327.7381889763785,1.5,1060.5,1059.3,1061.7,52,0,0.0,0.0,0.0,0.0,0.0,0,244,251,49.292929292929294,50.70707070707071
FR,2012-12-09,65,335,1432.4238805970149,0.0,1176.0,1176.0,1176.0,65,0,0.0,0.0,0.0,0.0,0.0,0,159,163,49.378881987577635,50.621118012422365
FR,2012-12-10,62,565,1399.8053097345123,3.0,1916.0,1913.6,1918.4,62,0,0.0,0.0,0.0,0.0,0.0,0,249,275,47.51908396946565,52.48091603053435
FR,2012-12-11,65,557,1333.3752244165175,4.5,1899.5,1895.9,1903.1,65,0,0.0,0.0,0.0,0.0,0.0,0,322,211,60.41275797373359,39.587242026266416
FR,2012-12-12,57,679,1325.933726067747,0.0,1502.0,1502.0,1502.0,57,0,0.0,0.0,0.0,0.0,0.0,0,312,344,47.5609756097561,52.4390243902439
FR,2012-12-13,54,453,1459.3598233995583,20.867199141235982,1868.0,1829.2,1881.6,54,0,0.0,0.0,0.0,0.0,0.0,0,251,201,55.530973451327434,44.469026548672566
FR,2012-12-14,81,802,1334.180798004989,4.216370213557839,1805.0,1800.2,1809.4,81,0,0.0,0.0,0.0,0.0,0.0,0,464,307,60.18158236057069,39.81841763942931
FR,2012-12-15,70,617,1407.0794165316054,8.48528137423857,1803.0,1793.4,1812.6,70,0,0.0,0.0,0.0,0.0,0.0,0,295,300,49.57983193277311,50.42016806722689
FR,2012-12-16,59,609,1453.057471264368,9.685326817178424,1815.5,1802.5,1824.5,59,0,0.0,0.0,0.0,0.0,0.0,0,314,281,52.77310924369748,47.22689075630252
FR,2012-12-17,76,438,1337.7146118721464,0.0,1155.0,1155.0,1155.0,76,6,98.34999999999998,0.0,0.0,0.0,0.0,6,257,136,65.39440203562341,34.605597964376585
FR,2012-12-18,79,554,1352.2815884476536,0.0,1827.0,1827.0,1827.0,79,0,0.0,0.0,0.0,0.0,0.0,0,368,173,68.02218114602587,31.97781885397412
FR,2012-12-19,95,758,1339.823218997362,5.0,1829.0,1825.0,1833.0,95,0,0.0,0.0,0.0,0.0,0.0,0,361,367,49.58791208791209,50.41208791208791
FR,2012-12-20,85,552,1339.264492753624,11.610055487798157,1809.0,1794.0,1824.0,85,0,0.0,0.0,0.0,0.0,0.0,0,301,225,57.22433460076045,42.77566539923954
FR,2012-12-21,73,648,1415.91049382716,7.670691375152536,1832.0,1822.6,1839.0,73,0,0.0,0.0,0.0,0.0,0.0,0,346,239,59.14529914529915,40.85470085470085
FR,2012-12-22,73,580,1433.1844827586208,7.007284839103269,1820.0,1813.4,1829.4,73,0,0.0,0.0,0.0,0.0,0.0,0,267,292,47.76386404293381,52.23613595706619
FR,2012-12-23,76,622,1448.393890675242,6.461423991660043,1838.5,1832.1,1847.5,76,0,0.0,0.0,0.0,0.0,0.0,0,270,325,45.378151260504204,54.621848739495796
FR,2012-12-24,57,647,1375.1112828438947,13.18507314527128,1417.0,1404.6,1435.8,57,0,0.0,0.0,0.0,0.0,0.0,0,325,293,52.58899676375405,47.41100323624595
FR,2012-12-25,56,471,1391.2101910828028,4.636809247747852,1462.5,1457.1,1466.5,56,0,0.0,0.0,0.0,0.0,0.0,0,281,162,63.43115124153499,36.56884875846501
FR,2012-12-26,46,427,1445.6744730679156,0.0,1492.0,1492.0,1492.0,46,0,0.0,0.0,0.0,0.0,0.0,0,205,214,48.92601431980907,51.07398568019092
FR,2012-12-27,35,750,1369.482666666666,4.5,1480.5,1476.9,1484.1,35,0,0.0,0.0,0.0,0.0,0.0,0,352,382,47.956403269754766,52.043596730245234
FR,2012-12-28,53,538,1387.9907063197022,6.057020719792859,1859.0,1853.1,1865.6,53,0,0.0,0.0,0.0,0.0,0.0,0,249,259,49.01574803149607,50.98425196850393
FR,2012-12-29,52,408,1422.0490196078429,7.048936089935842,1044.5,1039.6,1054.3,52,0,0.0,0.0,0.0,0.0,0.0,0,208,174,54.45026178010471,45.54973821989529
FR,2012-12-30,48,148,1432.6756756756754,0.0,1875.0,1875.0,1875.0,48,0,0.0,0.0,0.0,0.0,0.0,0,77,69,52.73972602739726,47.26027397260274
FR,2012-12-31,30,175,1272.668571428571,6.128258770283411,1034.0,1027.6,1039.6,30,0,0.0,0.0,0.0,0.0,0.0,0,59,106,35.75757575757576,64.24242424242425
FR,2013-01-01,21,90,1327.3222222222223,5.5,1009.5,1005.1,1013.9,21,0,0.0,0.0,0.0,0.0,0.0,0,46,40,53.48837209302325,46.51162790697674
FR,2013-01-02,62,319,1353.805642633229,16.876314763596937,1851.5,1835.3,1876.9,62,0,0.0,0.0,0.0,0.0,0.0,0,131,173,43.09210526315789,56.9078947368421
FR,2013-01-03,57,474,1367.3417721518988,6.8068592855540455,1826.0,1818.0,1834.0,57,0,0.0,0.0,0.0,0.0,0.0,0,205,241,45.964125560538115,54.035874439461885
FR,2013-01-04,70,649,1383.3343605546995,7.380320846851384,1828.0,1820.4,1837.4,70,0,0.0,0.0,0.0,0.0,0.0,0,330,305,51.96850393700787,48.031496062992126
FR,2013-01-05,68,365,1423.6301369863006,6.128258770283411,1833.0,1826.6,1838.6,68,0,0.0,0.0,0.0,0.0,0.0,0,215,133,61.7816091954023,38.2183908045977
FR,2013-01-06,45,331,1457.5196374622358,6.677075208003377,1857.0,1848.5,1864.0,45,0,0.0,0.0,0.0,0.0,0.0,0,224,97,69.78193146417445,30.218068535825545
FR,2013-01-07,55,391,1398.1355498721234,0.0,1865.0,1865.0,1865.0,55,0,0.0,0.0,0.0,0.0,0.0,0,182,173,51.267605633802816,48.732394366197184
FR,2013-01-08,81,648,1362.570987654321,4.0,1868.0,1864.8,1871.2,81,0,0.0,0.0,0.0,0.0,0.0,0,336,279,54.63414634146342,45.36585365853659
FR,2013-01-09,63,604,1335.0298013245035,4.0,1003.0,999.8,1006.2,63,0,0.0,0.0,0.0,0.0,0.0,0,280,287,49.382716049382715,50.617283950617285
FR,2013-01-10,70,638,1330.5595611285269,3.696845502136472,1870.5,1868.5,1877.0,70,6,72.24,0.0,0.0,0.0,0.0,6,300,302,49.83388704318937,50.16611295681063
FR,2013-01-11,83,373,1311.5710455764065,2.9154759474226504,1025.0,1021.9,1028.1,83,0,0.0,0.0,0.0,0.0,0.0,0,194,160,54.80225988700565,45.19774011299435
FR,2013-01-12,79,313,1314.7891373801915,2.0,1475.0,1473.4,1476.6,79,0,0.0,0.0,0.0,0.0,0.0,0,118,177,40.0,60.0
FR,2013-01-13,44,348,1355.7097701149426,8.347063518852309,1890.0,1878.6,1898.8,44,0,0.0,0.0,0.0,0.0,0.0,0,166,175,48.68035190615836,51.31964809384164
FR,2013-01-14,47,351,1383.0769230769226,3.0912061651652345,1010.0,1009.2,1014.8,47,0,0.0,0.0,0.0,0.0,0.0,0,146,192,43.19526627218935,56.80473372781065
FR,2013-01-15,47,471,1342.8343949044583,10.858624324573634,1893.5,1880.1,1905.0,47,0,0.0,0.0,0.0,0.0,0.0,0,219,251,46.59574468085106,53.404255319148945
FR,2013-01-16,37,472,1278.9809322033898,0.0,980.0,980.0,980.0,37,0,0.0,0.0,0.0,0.0,0.0,0,247,219,53.00429184549357,46.99570815450644
FR,2013-01-17,55,380,1233.923684210526,12.77114093635829,1030.0,1009.6,1041.7,55,0,0.0,0.0,0.0,0.0,0.0,0,221,144,60.54794520547945,39.45205479452055
FR,2013-01-18,52,451,1311.144124168514,5.312459150169742,1866.0,1861.2,1871.6,52,1,94.86,0.0,0.0,0.0,0.0,1,253,191,56.981981981981974,43.01801801801802
FR,2013-01-19,43,441,1388.0181405895685,14.056917826305671,1832.0,1819.0,1852.8,43,0,0.0,0.0,0.0,0.0,0.0,0,260,156,62.5,37.5
FR,2013-01-20,46,474,1289.746835443039,16.546250129615487,1131.0,1102.2,1141.4,46,0,0.0,0.0,0.0,0.0,0.0,0,272,164,62.38532110091744,37.61467889908257
FR,2013-01-21,80,532,1398.3721804511272,5.0,1845.0,1841.0,1849.0,80,0,0.0,0.0,0.0,0.0,0.0,0,318,200,61.38996138996139,38.61003861003861
FR,2013-01-22,66,1139,1386.1527655838452,6.531972647421808,1840.0,1833.6,1846.4,66,0,0.0,0.0,0.0,0.0,0.0,0,540,556,49.27007299270073,50.72992700729927
FR,2013-01-23,63,1184,1341.690033783784,6.378675411086537,1848.0,1840.8,1854.5,63,0,0.0,0.0,0.0,0.0,0.0,0,613,529,53.67775831873905,46.32224168126095
FR,2013-01-24,74,1155,1331.3385281385283,0.0,1866.0,1866.0,1866.0,74,0,0.0,0.0,0.0,0.0,0.0,0,592,515,53.47786811201445,46.522131887985545
FR,2013-01-25,70,578,1318.8079584775091,8.381527307120106,1082.5,1074.1,1096.2,70,0,0.0,0.0,0.0,0.0,0.0,0,293,268,52.22816399286988,47.771836007130126
FR,2013-01-26,62,745,1248.604026845637,7.964019433447672,1069.0,1062.0,1079.6,62,0,0.0,0.0,0.0,0.0,0.0,0,351,373,48.48066298342542,51.51933701657458
FR,2013-01-27,47,620,1266.454838709677,19.070759752852545,1090.0,1060.2,1106.7,47,0,0.0,0.0,0.0,0.0,0.0,0,320,272,54.054054054054056,45.94594594594595
FR,2013-01-28,61,367,1272.6294277929153,0.0,1857.0,1857.0,1857.0,61,0,0.0,0.0,0.0,0.0,0.0,0,167,194,46.26038781163435,53.73961218836565
FR,2013-01-29,62,884,1359.050904977376,5.715476066494082,1854.0,1848.4,1859.6,62,0,0.0,0.0,0.0,0.0,0.0,0,468,395,54.22943221320974,45.77056778679027
FR,2013-01-30,58,728,1349.960164835165,9.860132971832694,1855.5,1842.0,1865.5,58,0,0.0,0.0,0.0,0.0,0.0,0,384,303,55.895196506550214,44.10480349344978
FR,2013-01-31,56,731,1292.3310533515732,13.116401945655676,1110.5,1089.3,1121.5,56,0,0.0,0.0,0.0,0.0,0.0,0,402,328,55.06849315068493,44.93150684931507
FR,2013-02-01,73,807,1286.4721189591078,12.925216612877168,1070.0,1057.0,1087.4,73,0,0.0,0.0,0.0,0.0,0.0,0,389,413,48.50374064837905,51.49625935162094
FR,2013-02-02,55,714,1259.1134453781522,7.365459931328117,1274.0,1264.3,1279.5,55,0,0.0,0.0,0.0,0.0,0.0,0,349,334,51.09809663250366,48.90190336749634
FR,2013-02-03,67,1187,1281.0244313395117,6.255861449004111,1052.0,1044.6,1060.4,67,0,0.0,0.0,0.0,0.0,0.0,0,664,502,56.946826758147516,43.05317324185249
FR,2013-02-04,48,584,1319.4965753424656,4.5,1841.5,1837.9,1845.1,48,0,0.0,0.0,0.0,0.0,0.0,0,363,213,63.020833333333336,36.97916666666667
FR,2013-02-05,79,1022,1319.4549902152646,14.04596939332943,1078.0,1057.0,1092.0,79,0,0.0,0.0,0.0,0.0,0.0,0,492,495,49.848024316109424,50.15197568389058
FR,2013-02-06,69,805,1306.8223602484472,14.780386794499456,1101.0,1078.6,1117.0,69,0,0.0,0.0,0.0,0.0,0.0,0,411,381,51.89393939393939,48.10606060606061
FR,2013-02-07,56,635,1361.5858267716542,0.0,1435.0,1435.0,1435.0,56,0,0.0,0.0,0.0,0.0,0.0,0,306,285,51.776649746192895,48.223350253807105
FR,2013-02-08,62,861,1335.0963995354248,8.155161964465615,1050.0,1039.6,1057.8,62,6,72.68,0.0,0.0,0.0,0.0,6,421,415,50.358851674641144,49.641148325358856
FR,2013-02-09,64,680,1320.6338235294115,0.0,1844.0,1844.0,1844.0,64,0,0.0,0.0,0.0,0.0,0.0,0,356,280,55.9748427672956,44.0251572327044
FR,2013-02-10,67,674,1337.3916913946591,3.5,1853.5,1850.7,1856.3,67,0,0.0,0.0,0.0,0.0,0.0,0,331,326,50.38051750380518,49.61948249619482
FR,2013-02-11,73,785,1351.929936305732,4.609772228646444,1858.5,1853.6,1863.4,73,0,0.0,0.0,0.0,0.0,0.0,0,456,306,59.84251968503938,40.15748031496063
FR,2013-02-12,64,832,1357.061298076923,0.0,1444.0,1444.0,1444.0,64,0,0.0,0.0,0.0,0.0,0.0,0,478,339,58.50673194614443,41.49326805385557
FR,2013-02-13,63,581,1312.6419965576597,5.312459150169742,1869.0,1863.4,1873.8,63,0,0.0,0.0,0.0,0.0,0.0,0,273,284,49.012567324955114,50.987432675044886
FR,2013-02-14,71,450,1332.886666666666,0.0,1007.0,1007.0,1007.0,71,0,0.0,0.0,0.0,0.0,0.0,0,191,212,47.39454094292804,52.605459057071954
FR,2013-02-15,70,671,1421.377049180328,9.14467057908594,1877.0,1865.5,1887.5,70,0,0.0,0.0,0.0,0.0,0.0,0,396,269,59.54887218045113,40.45112781954887
FR,2013-02-16,61,640,1374.0078125,4.0,1865.0,1861.8,1868.2,61,0,0.0,0.0,0.0,0.0,0.0,0,327,291,52.9126213592233,47.0873786407767
FR,2013-02-17,58,490,1357.957142857143,13.30413469565007,1013.0,993.5,1023.5,58,0,0.0,0.0,0.0,0.0,0.0,0,275,190,59.13978494623656,40.86021505376344
FR,2013-02-18,50,912,1339.1929824561405,12.07010770457331,1027.5,1011.8,1042.2,50,0,0.0,0.0,0.0,0.0,0.0,0,538,369,59.31642778390298,40.683572216097026
FR,2013-02-19,53,634,1427.515772870663,4.430874976934521,1875.0,1869.6,1879.8,53,0,0.0,0.0,0.0,0.0,0.0,0,367,247,59.77198697068404,40.22801302931596
FR,2013-02-20,54,843,1342.7473309608536,0.0,1879.0,1879.0,1879.0,54,0,0.0,0.0,0.0,0.0,0.0,0,405,427,48.67788461538461,51.32211538461539
FR,2013-02-21,75,499,1368.6773547094183,5.0,1881.0,1877.0,1885.0,75,0,0.0,0.0,0.0,0.0,0.0,0,241,237,50.418410041841,49.58158995815899
FR,2013-02-22,53,447,1372.6666666666667,4.656984002549289,1881.0,1875.8,1885.5,53,0,0.0,0.0,0.0,0.0,0.0,0,248,191,56.49202733485193,43.50797266514807
FR,2013-02-23,73,490,1375.1795918367354,3.39934634239519,1876.0,1871.2,1877.6,73,0,0.0,0.0,0.0,0.0,0.0,0,279,179,60.91703056768559,39.082969432314414
FR,2013-02-24,57,256,1348.910156250001,4.496912521077347,1042.0,1037.2,1046.0,57,0,0.0,0.0,0.0,0.0,0.0,0,111,127,46.63865546218487,53.36134453781513
FR,2013-02-25,56,447,1410.382550335571,0.0,1870.0,1870.0,1870.0,56,0,0.0,0.0,0.0,0.0,0.0,0,269,174,60.722347629796836,39.27765237020316
FR,2013-02-26,70,566,1300.8604240282689,31.60683052027188,1037.0,995.0,1070.0,70,0,0.0,0.0,0.0,0.0,0.0,0,318,238,57.194244604316545,42.805755395683455
FR,2013-02-27,52,361,1408.836565096952,7.391887445030531,1494.0,1487.6,1503.8,52,0,0.0,0.0,0.0,0.0,0.0,0,199,136,59.40298507462687,40.59701492537313
FR,2013-02-28,74,402,1356.4676616915424,0.0,1031.0,1031.0,1031.0,74,0,0.0,0.0,0.0,0.0,0.0,0,171,228,42.857142857142854,57.14285714285714
FR,2013-03-01,59,463,1336.9330453563707,0.0,1024.0,1024.0,1024.0,59,0,0.0,0.0,0.0,0.0,0.0,0,191,244,43.9080459770115,56.09195402298851
FR,2013-03-02,46,478,1432.062761506276,4.604345773288535,1875.0,1870.0,1880.0,46,0,0.0,0.0,0.0,0.0,0.0,0,253,182,58.160919540229884,41.839080459770116
FR,2013-03-03,52,468,1453.1367521367524,9.710083124552243,1888.0,1874.8,1896.8,52,0,0.0,0.0,0.0,0.0,0.0,0,265,186,58.758314855875824,41.24168514412417
FR,2013-03-04,55,393,1402.391857506361,3.559026084010437,1874.0,1868.4,1874.8,55,0,0.0,0.0,0.0,0.0,0.0,0,219,152,59.02964959568733,40.97035040431267
FR,2013-03-05,71,633,1398.8041074249604,4.205650960315181,1867.0,1861.5,1870.4,71,0,0.0,0.0,0.0,0.0,0.0,0,318,281,53.08848080133556,46.91151919866444
FR,2013-03-06,73,539,1500.7050092764375,10.01795263514457,1889.0,1877.5,1901.0,73,0,0.0,0.0,0.0,0.0,0.0,0,351,159,68.82352941176471,31.176470588235293
FR,2013-03-07,55,440,1412.0840909090912,0.0,1889.0,1889.0,1889.0,55,0,0.0,0.0,0.0,0.0,0.0,0,257,169,60.328638497652584,39.671361502347416
FR,2013-03-08,65,406,1380.5517241379316,0.0,1058.0,1058.0,1058.0,65,0,0.0,0.0,0.0,0.0,0.0,0,164,225,42.159383033419026,57.84061696658098
FR,2013-03-09,65,641,1486.7269890795635,10.130399794677404,1890.5,1879.0,1904.5,65,0,0.0,0.0,0.0,0.0,0.0,0,339,266,56.03305785123966,43.96694214876033
FR,2013-03-10,37,218,1529.545871559633,54.85150408147437,1503.5,1446.4,1558.5,37,0,0.0,0.0,0.0,0.0,0.0,0,110,100,52.38095238095239,47.61904761904761
FR,2013-03-11,78,554,1377.0649819494588,4.743416490252569,1903.5,1899.2,1909.2,78,0,0.0,0.0,0.0,0.0,0.0,0,261,282,48.06629834254144,51.93370165745856
FR,2013-03-12,40,340,1340.8205882352938,4.714045207910316,1894.0,1894.0,1902.0,40,0,0.0,0.0,0.0,0.0,0.0,0,136,187,42.10526315789473,57.89473684210527
FR,2013-03-13,57,676,1425.399408284024,8.132581932503902,1350.0,1340.6,1359.0,57,0,0.0,0.0,0.0,0.0,0.0,0,402,238,62.81250000000001,37.1875
FR,2013-03-14,56,726,1476.652892561984,8.158431221748456,1877.0,1864.2,1881.8,56,0,0.0,0.0,0.0,0.0,0.0,0,428,268,61.49425287356321,38.50574712643678
FR,2013-03-15,76,651,1419.5084485407067,4.5,1847.5,1843.9,1851.1,76,0,0.0,0.0,0.0,0.0,0.0,0,330,293,52.96950240770465,47.03049759229535
FR,2013-03-16,45,524,1516.2442748091614,10.848386976873568,1834.0,1822.7,1846.0,45,0,0.0,0.0,0.0,0.0,0.0,0,272,221,55.172413793103445,44.827586206896555
FR,2013-03-17,48,501,1396.1337325349302,5.5,1007.5,1003.1,1011.9,48,0,0.0,0.0,0.0,0.0,0.0,0,216,233,48.10690423162583,51.89309576837417
FR,2013-03-18,58,275,1355.6872727272728,0.0,1085.0,1085.0,1085.0,58,0,0.0,0.0,0.0,0.0,0.0,0,145,125,53.70370370370371,46.2962962962963
FR,2013-03-19,75,430,1401.367441860464,7.3484692283495345,1821.0,1813.8,1828.2,75,0,0.0,0.0,0.0,0.0,0.0,0,197,213,48.048780487804876,51.951219512195124
FR,2013-03-20,69,472,1436.3347457627117,12.458821060687171,1818.0,1799.0,1827.0,69,0,0.0,0.0,0.0,0.0,0.0,0,256,194,56.888888888888886,43.111111111111114
FR,2013-03-21,34,217,1354.184331797235,6.4213997695206615,1808.0,1800.6,1814.9,34,0,0.0,0.0,0.0,0.0,0.0,0,111,95,53.883495145631066,46.116504854368934
FR,2013-03-22,79,628,1251.404458598726,8.2915619758885,1812.0,1802.4,1820.2,79,0,0.0,0.0,0.0,0.0,0.0,0,282,313,47.39495798319327,52.60504201680673
FR,2013-03-23,53,432,1380.1921296296302,4.9216076867444665,1313.0,1307.4,1317.0,53,0,0.0,0.0,0.0,0.0,0.0,0,172,226,43.21608040201005,56.78391959798995
FR,2013-03-24,40,302,1394.3311258278147,15.0,1087.0,1075.0,1099.0,40,0,0.0,0.0,0.0,0.0,0.0,0,117,169,40.909090909090914,59.09090909090909
FR,2013-03-25,59,473,1416.243128964059,6.090155991434045,1823.5,1815.9,1829.6,59,0,0.0,0.0,0.0,0.0,0.0,0,241,226,51.605995717344754,48.394004282655246
FR,2013-03-26,54,361,1390.1052631578943,4.5,1818.5,1814.9,1822.1,54,0,0.0,0.0,0.0,0.0,0.0,0,230,99,69.90881458966565,30.091185410334347
FR,2013-03-27,60,267,1391.36329588015,7.365459931328117,1817.5,1809.0,1826.0,60,0,0.0,0.0,0.0,0.0,0.0,0,182,79,69.73180076628353,30.268199233716476
FR,2013-03-28,49,207,1353.164251207729,3.897114317029974,1837.0,1831.9,1840.0,49,0,0.0,0.0,0.0,0.0,0.0,0,92,103,47.179487179487175,52.820512820512825
FR,2013-03-29,61,305,1301.8262295081977,7.646713164636308,1021.5,1013.5,1030.5,61,0,0.0,0.0,0.0,0.0,0.0,0,173,130,57.0957095709571,42.9042904290429
FR,2013-03-30,49,366,1342.806010928963,8.280096617793781,1817.0,1810.4,1828.8,49,0,0.0,0.0,0.0,0.0,0.0,0,153,199,43.465909090909086,56.53409090909091
FR,2013-03-31,66,421,1413.1330166270775,5.337075510052299,1805.0,1799.8,1812.2,66,0,0.0,0.0,0.0,0.0,0.0,0,188,231,44.868735083532215,55.131264916467785
FR,2013-04-01,64,493,1390.3732251521308,4.0,1051.0,1047.8,1054.2,64,0,0.0,0.0,0.0,0.0,0.0,0,238,241,49.68684759916493,50.31315240083507
FR,2013-04-02,48,554,1390.169675090253,5.5901699437494745,1061.0,1053.1,1064.7,48,0,0.0,0.0,0.0,0.0,0.0,0,290,264,52.34657039711191,47.65342960288809
FR,2013-04-03,83,534,1422.610486891385,13.313985962972255,1810.0,1792.2,1824.8,83,0,0.0,0.0,0.0,0.0,0.0,0,293,221,57.003891050583654,42.996108949416346
FR,2013-04-04,70,792,1355.5707070707062,6.243746871871088,1781.0,1772.7,1787.8,70,0,0.0,0.0,0.0,0.0,0.0,0,353,404,46.63143989431968,53.36856010568032
FR,2013-04-05,84,973,1360.6084275436788,8.8,1774.0,1760.0,1778.8,84,0,0.0,0.0,0.0,0.0,0.0,0,446,508,46.75052410901468,53.24947589098532
FR,2013-04-06,62,628,1303.839171974522,10.568936661051987,1060.0,1044.2,1071.4,62,0,0.0,0.0,0.0,0.0,0.0,0,302,313,49.105691056910565,50.89430894308943
FR,2013-04-07,69,640,1410.7671875,10.84562123624092,1776.0,1766.8,1791.7,69,0,0.0,0.0,0.0,0.0,0.0,0,364,260,58.333333333333336,41.66666666666667
FR,2013-04-08,66,628,1373.0573248407643,6.305553108173779,1804.0,1797.8,1811.8,66,0,0.0,0.0,0.0,0.0,0.0,0,332,281,54.15986949429038,45.840130505709624
FR,2013-04-09,72,675,1360.3555555555554,6.97614984548545,1080.0,1074.4,1088.0,72,0,0.0,0.0,0.0,0.0,0.0,0,314,311,50.239999999999995,49.76
FR,2013-04-10,83,505,1358.5069306930689,0.5,1815.5,1815.1,1815.9,83,0,0.0,0.0,0.0,0.0,0.0,0,283,217,56.599999999999994,43.4
FR,2013-04-11,67,848,1367.8431603773593,8.743163419174689,1820.0,1807.8,1829.8,67,0,0.0,0.0,0.0,0.0,0.0,0,418,413,50.30084235860409,49.69915764139591
FR,2013-04-12,78,616,1403.6233766233763,16.193277068654826,1855.0,1838.0,1877.0,78,0,0.0,0.0,0.0,0.0,0.0,0,283,308,47.88494077834179,52.115059221658214
FR,2013-04-13,61,454,1342.0264317180624,16.83044386908586,1204.0,1177.2,1219.1,61,0,0.0,0.0,0.0,0.0,0.0,0,242,178,57.61904761904761,42.38095238095238
FR,2013-04-14,81,978,1338.2525562372182,10.315678510912203,1866.0,1852.0,1876.0,81,0,0.0,0.0,0.0,0.0,0.0,0,514,429,54.5068928950159,45.49310710498409
FR,2013-04-15,71,658,1309.606382978723,4.336537277085895,1831.0,1826.0,1835.5,71,0,0.0,0.0,0.0,0.0,0.0,0,289,350,45.22691705790297,54.77308294209703
FR,2013-04-16,55,441,1389.9433106575968,9.94280518767214,1832.5,1819.0,1843.8,55,0,0.0,0.0,0.0,0.0,0.0,0,185,246,42.92343387470998,57.076566125290014
FR,2013-04-17,61,471,1356.263269639066,6.040678431961707,1070.0,1059.2,1072.2,61,0,0.0,0.0,0.0,0.0,0.0,0,252,195,56.375838926174495,43.624161073825505
FR,2013-04-18,64,328,1435.1646341463413,11.851160280748886,1864.0,1849.4,1877.6,64,0,0.0,0.0,0.0,0.0,0.0,0,183,141,56.481481481481474,43.51851851851852
FR,2013-04-19,93,610,1401.7295081967209,4.308131845707604,1862.0,1857.4,1867.2,93,0,0.0,0.0,0.0,0.0,0.0,0,310,278,52.721088435374156,47.27891156462585
FR,2013-04-20,74,675,1340.2503703703703,19.88461525590657,1213.0,1200.3,1251.8,74,0,0.0,0.0,0.0,0.0,0.0,0,359,286,55.65891472868218,44.34108527131783
FR,2013-04-21,80,1335,1385.8913857677903,4.879093722768149,1868.5,1862.0,1873.0,80,1,58.09,0.0,0.0,0.0,0.0,1,701,587,54.42546583850931,45.57453416149068
FR,2013-04-22,75,480,1388.9479166666663,6.378675411086537,1871.5,1864.7,1877.6,75,0,0.0,0.0,0.0,0.0,0.0,0,265,206,56.26326963906582,43.73673036093418
FR,2013-04-23,56,535,1382.6915887850466,5.656854249492381,1863.0,1857.4,1868.6,56,0,0.0,0.0,0.0,0.0,0.0,0,222,270,45.1219512195122,54.87804878048781
FR,2013-04-24,67,360,1348.741666666666,8.958236433584458,1243.0,1234.1,1253.3,67,0,0.0,0.0,0.0,0.0,0.0,0,156,192,44.827586206896555,55.172413793103445
FR,2013-04-25,89,825,1397.2,5.043560250458004,1862.0,1855.4,1868.0,89,0,0.0,0.0,0.0,0.0,0.0,0,479,325,59.5771144278607,40.42288557213931
FR,2013-04-26,54,421,1362.1187648456057,2.5,1028.5,1026.5,1030.5,54,0,0.0,0.0,0.0,0.0,0.0,0,232,170,57.711442786069654,42.28855721393035
FR,2013-04-27,58,920,1371.7163043478256,4.357106264483344,1252.0,1248.1,1257.9,58,0,0.0,0.0,0.0,0.0,0.0,0,510,382,57.17488789237668,42.82511210762332
FR,2013-04-28,57,1169,1339.2677502138588,12.833324389106396,1239.0,1221.0,1248.0,57,0,0.0,0.0,0.0,0.0,0.0,0,659,508,56.46958011996573,43.53041988003427
FR,2013-04-29,73,892,1363.366591928252,11.695879616343529,1234.0,1218.8,1249.2,73,0,0.0,0.0,0.0,0.0,0.0,0,508,346,59.4847775175644,40.5152224824356
FR,2013-04-30,73,910,1327.2802197802198,10.041912168506554,1855.0,1845.3,1868.6,73,0,0.0,0.0,0.0,0.0,0.0,0,509,369,57.97266514806378,42.027334851936224
FR,2013-05-01,67,1163,1446.7987962166817,10.111772044715876,1873.0,1861.0,1882.0,67,0,0.0,0.0,0.0,0.0,0.0,0,686,437,61.086375779162964,38.91362422083704
FR,2013-05-02,47,308,1345.074675324675,7.694153624668538,1842.0,1833.2,1850.4,47,0,0.0,0.0,0.0,0.0,0.0,0,163,142,53.442622950819676,46.557377049180324
FR,2013-05-03,37,707,1322.2913719943426,4.068851871911234,1835.5,1831.0,1839.5,37,0,0.0,0.0,0.0,0.0,0.0,0,445,247,64.30635838150289,35.69364161849711
FR,2013-05-04,35,540,1357.3907407407407,9.96164519544839,1362.0,1349.0,1374.0,35,0,0.0,0.0,0.0,0.0,0.0,0,308,217,58.666666666666664,41.333333333333336
FR,2013-05-05,68,768,1460.578125000001,12.939471812861903,1842.0,1823.9,1854.5,68,7,79.43999999999998,0.0,0.0,0.0,0.0,7,370,361,50.6155950752394,49.3844049247606
FR,2013-05-06,63,1232,1381.9610389610398,14.621238396418342,1823.0,1799.1,1835.4,63,0,0.0,0.0,0.0,0.0,0.0,0,672,520,56.375838926174495,43.624161073825505
FR,2013-05-07,57,933,1372.0450160771709,8.90581885440388,1832.0,1823.2,1843.2,57,0,0.0,0.0,0.0,0.0,0.0,0,560,348,61.67400881057269,38.32599118942731
FR,2013-05-08,56,768,1391.7135416666672,11.141025490482994,1810.0,1799.6,1826.4,56,0,0.0,0.0,0.0,0.0,0.0,0,373,375,49.86631016042781,50.13368983957219
FR,2013-05-09,57,647,1424.522411128284,4.656984002549289,1399.5,1395.6,1405.5,57,0,0.0,0.0,0.0,0.0,0.0,0,381,259,59.53125,40.46875
FR,2013-05-10,69,748,1358.4411764705872,6.299801584177076,1416.0,1407.7,1420.8,69,0,0.0,0.0,0.0,0.0,0.0,0,419,313,57.240437158469945,42.759562841530055
FR,2013-05-11,84,1004,1409.1513944223111,0.0,1222.0,1222.0,1222.0,84,0,0.0,0.0,0.0,0.0,0.0,0,558,405,57.943925233644855,42.05607476635514
FR,2013-05-12,68,625,1423.0864,2.0,1228.0,1226.4,1229.6,68,0,0.0,0.0,0.0,0.0,0.0,0,335,282,54.29497568881686,45.705024311183145
FR,2013-05-13,62,735,1380.1700680272118,10.908712114635714,1415.0,1401.2,1428.1,62,0,0.0,0.0,0.0,0.0,0.0,0,449,263,63.06179775280899,36.93820224719101
FR,2013-05-14,75,872,1391.2717889908251,12.596295751794122,1821.5,1806.0,1835.5,75,0,0.0,0.0,0.0,0.0,0.0,0,482,344,58.35351089588377,41.64648910411623
FR,2013-05-15,89,1003,1378.3798604187432,9.617692030835672,1825.0,1814.7,1835.3,89,0,0.0,0.0,0.0,0.0,0.0,0,476,472,50.210970464135016,49.789029535864984
FR,2013-05-16,76,883,1347.3759909399776,3.0,1822.0,1819.6,1824.4,76,0,0.0,0.0,0.0,0.0,0.0,0,459,412,52.69804822043628,47.30195177956372
FR,2013-05-17,70,908,1383.092511013216,6.749149606295839,1831.0,1824.4,1839.8,70,0,0.0,0.0,0.0,0.0,0.0,0,512,381,57.33482642777156,42.66517357222844
FR,2013-05-18,82,1069,1391.4200187090742,4.027681991198191,1817.0,1816.2,1823.4,82,0,0.0,0.0,0.0,0.0,0.0,0,679,361,65.28846153846153,34.71153846153846
FR,2013-05-19,61,590,1487.5135593220336,24.27886195842423,1882.0,1841.4,1904.6,61,0,0.0,0.0,0.0,0.0,0.0,0,414,163,71.75043327556327,28.249566724436743
FR,2013-05-20,87,743,1461.8183041722737,3.741657386773941,1914.0,1909.2,1916.4,87,8,77.27,0.0,0.0,0.0,0.0,8,434,294,59.61538461538461,40.38461538461539
FR,2013-05-21,76,716,1412.406424581006,4.548351349665063,1924.5,1921.0,1931.6,76,0,0.0,0.0,0.0,0.0,0.0,0,331,346,48.89217134416543,51.10782865583457
FR,2013-05-22,59,476,1420.298319327731,5.178448274397674,1909.0,1903.4,1915.2,59,0,0.0,0.0,0.0,0.0,0.0,0,284,181,61.0752688172043,38.924731182795696
FR,2013-05-23,39,660,1443.0333333333338,5.024937810560445,1911.0,1906.5,1916.9,39,0,0.0,0.0,0.0,0.0,0.0,0,333,303,52.358490566037744,47.64150943396226
FR,2013-05-24,70,916,1444.100436681223,4.802262841105402,1406.0,1399.0,1410.2,70,0,0.0,0.0,0.0,0.0,0.0,0,464,426,52.13483146067416,47.86516853932584
FR,2013-05-25,56,639,1454.4381846635374,4.771313456351975,1910.0,1902.8,1913.8,56,0,0.0,0.0,0.0,0.0,0.0,0,371,248,59.935379644588046,40.064620355411954
FR,2013-05-26,67,696,1432.570402298851,14.811619865665698,1918.0,1895.2,1932.0,67,0,0.0,0.0,0.0,0.0,0.0,0,396,273,59.19282511210763,40.80717488789238
FR,2013-05-27,49,583,1428.3224699828472,3.720215047547655,1431.0,1428.8,1437.0,49,0,0.0,0.0,0.0,0.0,0.0,0,316,235,57.3502722323049,42.6497277676951
FR,2013-05-28,76,515,1442.6135922330102,4.716990566028302,1927.5,1923.5,1934.5,76,0,0.0,0.0,0.0,0.0,0.0,0,243,238,50.51975051975052,49.48024948024948
FR,2013-05-29,63,740,1480.613513513514,8.245974396637429,1916.5,1908.5,1928.0,63,0,0.0,0.0,0.0,0.0,0.0,0,331,376,46.81753889674682,53.18246110325319
FR,2013-05-30,49,594,1383.99494949495,4.842989309769892,1918.0,1910.0,1923.0,49,0,0.0,0.0,0.0,0.0,0.0,0,308,267,53.565217391304344,46.43478260869565
FR,2013-05-31,68,622,1427.6543408360135,0.0,1920.0,1920.0,1920.0,68,0,0.0,0.0,0.0,0.0,0.0,0,351,240,59.390862944162436,40.609137055837564
FR,2013-06-01,60,810,1437.7530864197536,7.168306312136458,1923.0,1913.6,1931.8,60,0,0.0,0.0,0.0,0.0,0.0,0,362,431,45.64943253467844,54.35056746532156
FR,2013-06-02,45,262,1508.4541984732823,8.252840420122032,1892.0,1884.0,1902.7,45,0,0.0,0.0,0.0,0.0,0.0,0,121,128,48.59437751004016,51.40562248995983
FR,2013-06-03,47,349,1438.6045845272208,4.0,1396.0,1392.8,1399.2,47,0,0.0,0.0,0.0,0.0,0.0,0,162,155,51.10410094637224,48.89589905362776
FR,2013-06-04,41,447,1399.9709172259509,9.466227731024714,1390.0,1382.2,1405.0,41,0,0.0,0.0,0.0,0.0,0.0,0,202,233,46.43678160919541,53.5632183908046
FR,2013-06-05,78,474,1430.759493670886,7.944140922717824,1891.5,1883.2,1901.1,78,0,0.0,0.0,0.0,0.0,0.0,0,243,222,52.25806451612903,47.74193548387097
FR,2013-06-06,45,362,1388.0773480662983,3.5,1899.5,1896.7,1902.3,45,0,0.0,0.0,0.0,0.0,0.0,0,227,124,64.67236467236467,35.32763532763533
FR,2013-06-07,61,662,1468.5589123867078,9.630680142129112,1899.0,1888.0,1908.6,61,0,0.0,0.0,0.0,0.0,0.0,0,346,292,54.2319749216301,45.76802507836991
FR,2013-06-08,58,817,1453.9510403916768,9.620810776644555,1470.0,1459.4,1481.2,58,1,96.68,0.0,0.0,0.0,0.0,1,445,340,56.68789808917197,43.31210191082803
FR,2013-06-09,59,387,1463.3410852713175,9.283722313813572,1904.0,1893.7,1913.6,59,0,0.0,0.0,0.0,0.0,0.0,0,172,189,47.64542936288089,52.35457063711911
FR,2013-06-10,47,368,1407.796195652174,0.0,1923.0,1923.0,1923.0,47,0,0.0,0.0,0.0,0.0,0.0,0,203,160,55.9228650137741,44.0771349862259
FR,2013-06-11,50,786,1415.4732824427483,0.0,1931.0,1931.0,1931.0,50,0,0.0,0.0,0.0,0.0,0.0,0,358,404,46.981627296587924,53.018372703412076
FR,2013-06-12,54,747,1391.871485943775,0.0,1252.0,1252.0,1252.0,54,0,0.0,0.0,0.0,0.0,0.0,0,447,283,61.23287671232877,38.76712328767123
FR,2013-06-13,63,542,1418.4095940959412,3.0,1329.0,1326.6,1331.4,63,0,0.0,0.0,0.0,0.0,0.0,0,286,242,54.166666666666664,45.83333333333333
FR,2013-06-14,45,603,1402.4494195688223,5.068283733178324,1915.0,1909.2,1920.1,45,1,72.46,0.0,0.0,0.0,0.0,1,309,279,52.55102040816326,47.44897959183674
FR,2013-06-15,74,590,1352.7271186440678,4.8218253804964775,1900.5,1894.1,1904.1,74,0,0.0,0.0,0.0,0.0,0.0,0,307,266,53.57766143106457,46.42233856893543
FR,2013-06-16,82,948,1411.0875527426165,6.490180966628885,1891.0,1884.2,1899.4,82,0,0.0,0.0,0.0,0.0,0.0,0,509,416,55.02702702702703,44.972972972972975
FR,2013-06-17,70,810,1389.4259259259263,7.562241731127087,1906.5,1899.6,1915.8,70,0,0.0,0.0,0.0,0.0,0.0,0,444,329,57.4385510996119,42.5614489003881
FR,2013-06-18,47,622,1385.7009646302247,3.958114029012639,1913.0,1910.0,1919.0,47,0,0.0,0.0,0.0,0.0,0.0,0,346,263,56.81444991789819,43.18555008210181
FR,2013-06-19,69,1105,1455.2624434389131,3.640054944640259,1906.0,1902.9,1910.5,69,0,0.0,0.0,0.0,0.0,0.0,0,613,481,56.03290676416819,43.96709323583181
FR,2013-06-20,41,596,1346.2567114093958,5.844655678480984,1901.0,1893.4,1906.2,41,0,0.0,0.0,0.0,0.0,0.0,0,293,289,50.34364261168385,49.65635738831615
FR,2013-06-21,53,729,1382.677640603567,6.905613658466566,1912.0,1903.7,1918.2,53,0,0.0,0.0,0.0,0.0,0.0,0,360,345,51.06382978723404,48.93617021276596
FR,2013-06-22,46,537,1411.3109869646185,8.773189735295132,1889.0,1880.8,1903.8,46,0,0.0,0.0,0.0,0.0,0.0,0,284,244,53.78787878787878,46.21212121212121
FR,2013-06-23,47,426,1255.8051643192491,0.0,1266.0,1266.0,1266.0,47,0,0.0,0.0,0.0,0.0,0.0,0,189,224,45.76271186440678,54.23728813559322
FR,2013-06-24,43,418,1327.8732057416262,4.496912521077347,1423.0,1419.0,1427.8,43,0,0.0,0.0,0.0,0.0,0.0,0,176,233,43.03178484107579,56.96821515892421
FR,2013-06-25,47,377,1329.045092838197,4.027681991198191,1309.0,1302.6,1309.8,47,0,0.0,0.0,0.0,0.0,0.0,0,192,181,51.474530831099194,48.525469168900806
FR,2013-06-26,63,435,1312.4137931034477,0.0,1266.0,1266.0,1266.0,63,0,0.0,0.0,0.0,0.0,0.0,0,168,250,40.19138755980861,59.80861244019139
FR,2013-06-27,72,675,1394.0637037037036,0.0,1266.0,1266.0,1266.0,72,0,0.0,0.0,0.0,0.0,0.0,0,427,235,64.50151057401813,35.49848942598187
FR,2013-06-28,49,745,1427.3530201342287,7.227935774172012,1875.0,1862.8,1882.8,49,0,0.0,0.0,0.0,0.0,0.0,0,386,332,53.760445682451255,46.239554317548745
FR,2013-06-29,71,598,1437.7926421404682,8.8068155425216,1882.0,1873.4,1892.7,71,0,0.0,0.0,0.0,0.0,0.0,0,343,228,60.07005253940455,39.92994746059544
FR,2013-06-30,72,605,1373.765289256197,6.994045086119096,1249.5,1246.0,1259.0,72,0,0.0,0.0,0.0,0.0,0.0,0,356,232,60.544217687074834,39.455782312925166
FR,2013-07-01,64,642,1393.3333333333333,5.5,1899.5,1895.1,1903.9,64,0,0.0,0.0,0.0,0.0,0.0,0,333,268,55.40765391014975,44.592346089850246
FR,2013-07-02,78,550,1421.4636363636355,7.634508123364221,1926.0,1916.6,1934.0,78,0,0.0,0.0,0.0,0.0,0.0,0,314,215,59.35727788279773,40.64272211720227
FR,2013-07-03,78,686,1397.612244897959,7.244610065421051,1927.0,1918.0,1936.5,78,0,0.0,0.0,0.0,0.0,0.0,0,353,295,54.4753086419753,45.5246913580247
FR,2013-07-04,82,380,1429.3473684210526,9.616247824501103,1901.0,1886.0,1907.5,82,0,0.0,0.0,0.0,0.0,0.0,0,172,187,47.910863509749305,52.089136490250695
FR,2013-07-05,51,480,1342.5958333333335,0.0,1252.0,1252.0,1252.0,51,0,0.0,0.0,0.0,0.0,0.0,0,275,183,60.043668122270745,39.956331877729255
FR,2013-07-06,62,524,1434.087786259542,0.0,1247.0,1247.0,1247.0,62,0,0.0,0.0,0.0,0.0,0.0,0,259,255,50.38910505836576,49.61089494163424
FR,2013-07-07,67,273,1390.2783882783883,5.0,1252.0,1248.0,1256.0,67,0,0.0,0.0,0.0,0.0,0.0,0,126,143,46.84014869888476,53.159851301115246
FR,2013-07-08,50,539,1380.3821892393323,5.871304984602846,1881.0,1875.5,1889.0,50,0,0.0,0.0,0.0,0.0,0.0,0,245,246,49.89816700610998,50.101832993890014
FR,2013-07-09,65,576,1336.4131944444437,12.51285053740468,1862.0,1850.0,1879.6,65,0,0.0,0.0,0.0,0.0,0.0,0,279,296,48.52173913043478,51.47826086956522
FR,2013-07-10,63,545,1351.466055045871,7.510536816054238,1852.0,1840.8,1856.2,63,0,0.0,0.0,0.0,0.0,0.0,0,272,255,51.61290322580645,48.38709677419355
FR,2013-07-11,61,468,1347.2799145299148,8.73155198117723,1865.0,1852.4,1871.2,61,0,0.0,0.0,0.0,0.0,0.0,0,227,238,48.817204301075265,51.182795698924735
FR,2013-07-12,46,206,1264.3495145631057,15.272012801199454,1260.5,1240.2,1277.4,46,0,0.0,0.0,0.0,0.0,0.0,0,135,68,66.50246305418719,33.497536945812804
FR,2013-07-13,68,774,1460.613695090439,23.42467834476187,1880.5,1843.7,1903.2,68,0,0.0,0.0,0.0,0.0,0.0,0,319,428,42.704149933065594,57.295850066934406
FR,2013-07-14,64,632,1478.237341772152,15.412837362262524,1933.0,1904.2,1942.2,64,0,0.0,0.0,0.0,0.0,0.0,0,353,268,56.84380032206119,43.15619967793881
FR,2013-07-15,58,565,1446.368141592921,5.560275772537426,1947.5,1941.5,1953.5,58,0,0.0,0.0,0.0,0.0,0.0,0,308,241,56.102003642987256,43.89799635701275
FR,2013-07-16,55,408,1349.3137254901956,3.370459909270543,1943.0,1939.4,1947.0,55,0,0.0,0.0,0.0,0.0,0.0,0,198,171,53.65853658536586,46.34146341463415
FR,2013-07-17,65,478,1367.148535564853,0.0,1277.0,1277.0,1277.0,65,0,0.0,0.0,0.0,0.0,0.0,0,265,203,56.623931623931625,43.376068376068375
FR,2013-07-18,77,614,1388.4136807817586,14.872373717735847,1939.0,1917.3,1952.4,77,0,0.0,0.0,0.0,0.0,0.0,0,315,277,53.20945945945946,46.79054054054054
FR,2013-07-19,59,605,1476.2512396694217,6.88839603971781,1905.5,1898.5,1913.6,59,0,0.0,0.0,0.0,0.0,0.0,0,327,244,57.26795096322241,42.73204903677758
FR,2013-07-20,67,461,1381.3947939262484,8.14376986747053,1931.0,1919.2,1938.2,67,0,0.0,0.0,0.0,0.0,0.0,0,234,216,52.0,48.0
FR,2013-07-21,53,594,1399.8973063973062,7.0,1284.0,1278.4,1289.6,53,0,0.0,0.0,0.0,0.0,0.0,0,286,273,51.162790697674424,48.837209302325576
FR,2013-07-22,51,270,1338.4888888888886,3.5,1941.5,1938.7,1944.3,51,0,0.0,0.0,0.0,0.0,0.0,0,117,135,46.42857142857143,53.57142857142857
FR,2013-07-23,43,697,1433.6585365853653,14.56784892227477,1943.0,1917.0,1953.0,43,0,0.0,0.0,0.0,0.0,0.0,0,373,307,54.852941176470594,45.14705882352941
FR,2013-07-24,54,811,1434.6251541307026,9.857110619131015,1362.0,1348.6,1371.8,54,6,73.79,0.0,0.0,0.0,0.0,6,417,365,53.32480818414322,46.67519181585678
FR,2013-07-25,47,318,1328.6540880503146,0.0,1291.0,1291.0,1291.0,47,0,0.0,0.0,0.0,0.0,0.0,0,164,138,54.3046357615894,45.6953642384106
FR,2013-07-26,74,623,1368.406099518459,0.0,1900.0,1900.0,1900.0,74,0,0.0,0.0,0.0,0.0,0.0,0,265,350,43.08943089430895,56.91056910569105
FR,2013-07-27,82,981,1465.8593272171252,12.686319731637436,1907.5,1890.3,1923.1,82,0,0.0,0.0,0.0,0.0,0.0,0,512,421,54.87674169346195,45.12325830653805
FR,2013-07-28,50,403,1329.3672456575678,0.0,1279.0,1279.0,1279.0,50,0,0.0,0.0,0.0,0.0,0.0,0,195,196,49.87212276214834,50.127877237851656
FR,2013-07-29,71,821,1321.5542021924473,0.0,1898.0,1898.0,1898.0,71,0,0.0,0.0,0.0,0.0,0.0,0,416,381,52.19573400250941,47.80426599749059
FR,2013-07-30,52,576,1367.092013888889,0.0,1279.0,1279.0,1279.0,52,0,0.0,0.0,0.0,0.0,0.0,0,265,283,48.35766423357664,51.64233576642335
FR,2013-07-31,62,419,1456.0190930787587,13.599816811304413,1915.0,1897.2,1931.8,62,0,0.0,0.0,0.0,0.0,0.0,0,210,195,51.85185185185185,48.148148148148145
FR,2013-08-01,55,392,1394.5382653061235,9.809292646374775,1952.0,1944.4,1968.2,55,0,0.0,0.0,0.0,0.0,0.0,0,224,155,59.10290237467019,40.89709762532981
FR,2013-08-02,52,445,1437.103370786517,8.378787599208675,1959.5,1948.2,1968.7,52,0,0.0,0.0,0.0,0.0,0.0,0,233,200,53.81062355658198,46.18937644341801
FR,2013-08-03,81,507,1461.514792899408,312.78995437122904,1945.0,1417.0,1950.6,81,0,0.0,0.0,0.0,0.0,0.0,0,280,208,57.377049180327866,42.62295081967213
FR,2013-08-04,64,522,1387.0478927203076,5.312459150169742,1962.0,1957.2,1967.6,64,0,0.0,0.0,0.0,0.0,0.0,0,286,225,55.96868884540117,44.031311154598825
FR,2013-08-05,72,455,1394.712087912088,156.0066376982632,1963.0,1933.8,1978.6,72,0,0.0,0.0,0.0,0.0,0.0,0,255,196,56.54101995565411,43.45898004434589
FR,2013-08-06,47,302,1509.9039735099338,10.315508820325938,1966.0,1954.2,1975.8,47,0,0.0,0.0,0.0,0.0,0.0,0,170,127,57.23905723905723,42.76094276094276
FR,2013-08-07,52,407,1416.859950859951,8.181923829456029,1954.5,1942.6,1961.7,52,0,0.0,0.0,0.0,0.0,0.0,0,225,172,56.67506297229219,43.32493702770781
FR,2013-08-08,54,297,1400.0572390572388,162.84591916418952,1946.0,1932.0,1952.0,54,1,64.03,0.0,0.0,0.0,0.0,1,136,145,48.39857651245551,51.60142348754449
FR,2013-08-09,61,370,1513.1081081081084,6.2048368229954285,1927.5,1921.4,1935.1,61,0,0.0,0.0,0.0,0.0,0.0,0,184,179,50.688705234159784,49.311294765840216
FR,2013-08-10,56,639,1437.7543035993742,6.869315832017043,1472.0,1462.8,1480.3,56,0,0.0,0.0,0.0,0.0,0.0,0,356,271,56.77830940988836,43.22169059011164
FR,2013-08-11,69,519,1412.485549132948,0.0,1914.0,1914.0,1914.0,69,0,0.0,0.0,0.0,0.0,0.0,0,264,249,51.461988304093566,48.53801169590643
FR,2013-08-12,55,405,1465.8172839506174,10.769749300703335,1938.5,1919.8,1946.5,55,0,0.0,0.0,0.0,0.0,0.0,0,216,180,54.54545454545454,45.45454545454545
FR,2013-08-13,57,318,1366.179245283019,192.2588677336425,1949.5,1689.0,1953.0,57,0,0.0,0.0,0.0,0.0,0.0,0,168,146,53.503184713375795,46.496815286624205
FR,2013-08-14,60,606,1369.7788778877891,7.261006970263988,1948.5,1939.5,1958.7,60,0,0.0,0.0,0.0,0.0,0.0,0,341,247,57.993197278911566,42.00680272108844
FR,2013-08-15,82,609,1433.9195402298851,7.23945593413084,1933.5,1925.1,1945.3,82,1,84.5,0.0,0.0,0.0,0.0,1,334,253,56.899488926746166,43.100511073253834
FR,2013-08-16,47,288,1365.166666666667,7.797791710193057,1909.0,1901.5,1920.0,47,0,0.0,0.0,0.0,0.0,0.0,0,158,119,57.03971119133574,42.96028880866426
FR,2013-08-17,60,360,1340.9861111111109,3.0,1892.0,1889.6,1894.4,60,0,0.0,0.0,0.0,0.0,0.0,0,170,174,49.41860465116279,50.58139534883721
FR,2013-08-18,37,358,1532.3715083798872,14.966629547095764,1322.0,1312.4,1341.2,37,0,0.0,0.0,0.0,0.0,0.0,0,203,136,59.882005899705014,40.117994100294986
FR,2013-08-19,59,450,1475.626666666667,11.440668201153676,1327.0,1316.6,1339.0,59,0,0.0,0.0,0.0,0.0,0.0,0,229,193,54.2654028436019,45.7345971563981
FR,2013-08-20,71,842,1491.32541567696,17.498214194597114,1331.5,1310.6,1347.5,71,0,0.0,0.0,0.0,0.0,0.0,0,415,400,50.920245398773,49.079754601226995
FR,2013-08-21,67,601,1468.0748752079876,12.5,1306.5,1296.5,1316.5,67,0,0.0,0.0,0.0,0.0,0.0,0,311,264,54.086956521739125,45.91304347826087
FR,2013-08-22,60,718,1404.7311977715872,8.518215775618742,1316.0,1306.0,1324.2,60,0,0.0,0.0,0.0,0.0,0.0,0,338,352,48.98550724637681,51.01449275362319
FR,2013-08-23,46,559,1295.737030411449,0.0,1304.0,1304.0,1304.0,46,0,0.0,0.0,0.0,0.0,0.0,0,277,272,50.45537340619308,49.544626593806925
FR,2013-08-24,50,488,1299.575819672131,0.0,1470.0,1470.0,1470.0,50,0,0.0,0.0,0.0,0.0,0.0,0,238,235,50.317124735729394,49.68287526427061
FR,2013-08-25,72,736,1280.6997282608704,12.462412623367184,1352.5,1336.9,1366.6,72,0,0.0,0.0,0.0,0.0,0.0,0,383,330,53.71669004207573,46.28330995792426
FR,2013-08-26,76,1096,1340.2509124087596,0.0,1286.0,1286.0,1286.0,76,0,0.0,0.0,0.0,0.0,0.0,0,640,409,61.010486177311726,38.989513822688274
FR,2013-08-27,67,1054,1352.755218216319,18.034122984962,1372.5,1337.1,1381.0,67,0,0.0,0.0,0.0,0.0,0.0,0,526,499,51.31707317073171,48.68292682926829
FR,2013-08-28,104,1848,1434.002164502164,0.0,1218.0,1218.0,1218.0,104,0,0.0,0.0,0.0,0.0,0.0,0,957,841,53.2258064516129,46.774193548387096
FR,2013-08-29,94,854,1375.170960187353,211.4060074832312,1881.5,1541.7,1892.3,94,0,0.0,0.0,0.0,0.0,0.0,0,418,395,51.41451414514145,48.585485854858554
FR,2013-08-30,63,636,1337.1556603773597,0.0,1232.0,1232.0,1232.0,63,0,0.0,0.0,0.0,0.0,0.0,0,323,300,51.84590690208668,48.154093097913325
FR,2013-08-31,97,962,1399.9999999999995,0.0,1516.0,1516.0,1516.0,97,0,0.0,0.0,0.0,0.0,0.0,0,517,432,54.478398314014754,45.521601685985246
FR,2013-09-01,76,1005,1341.8507462686564,45.0,1536.0,1500.0,1572.0,76,0,0.0,0.0,0.0,0.0,0.0,0,594,394,60.12145748987854,39.878542510121456
FR,2013-09-02,64,798,1357.9335839598994,6.057020719792859,1376.0,1369.4,1381.9,64,0,0.0,0.0,0.0,0.0,0.0,0,430,347,55.341055341055345,44.65894465894466
FR,2013-09-03,78,1193,1331.3562447611075,0.0,1243.0,1243.0,1243.0,78,0,0.0,0.0,0.0,0.0,0.0,0,635,528,54.600171969045576,45.399828030954424
FR,2013-09-04,83,1201,1372.4296419650295,23.56798676170708,1403.0,1356.9,1420.8,83,0,0.0,0.0,0.0,0.0,0.0,0,603,528,53.315649867374006,46.684350132625994
FR,2013-09-05,65,716,1436.5293296089376,0.0,1620.0,1620.0,1620.0,65,0,0.0,0.0,0.0,0.0,0.0,0,391,291,57.33137829912024,42.66862170087977
FR,2013-09-06,58,708,1397.022598870056,0.0,1655.0,1655.0,1655.0,58,0,0.0,0.0,0.0,0.0,0.0,0,352,337,51.088534107402026,48.91146589259797
FR,2013-09-07,83,880,1448.1750000000006,6.057020719792859,1368.0,1361.4,1373.9,83,0,0.0,0.0,0.0,0.0,0.0,0,452,379,54.392298435619736,45.607701564380264
FR,2013-09-08,87,660,1464.4590909090905,7.408703590297622,1273.0,1267.4,1281.8,87,0,0.0,0.0,0.0,0.0,0.0,0,376,265,58.65834633385335,41.34165366614664
FR,2013-09-09,89,888,1407.3412162162165,0.0,1243.0,1243.0,1243.0,89,0,0.0,0.0,0.0,0.0,0.0,0,488,367,57.07602339181287,42.92397660818714
FR,2013-09-10,74,588,1400.156462585035,0.0,1656.0,1656.0,1656.0,74,0,0.0,0.0,0.0,0.0,0.0,0,303,275,52.42214532871973,47.57785467128028
FR,2013-09-11,78,845,1435.766863905325,48.19433799603468,1351.0,1333.0,1465.0,78,0,0.0,0.0,0.0,0.0,0.0,0,501,324,60.72727272727273,39.27272727272727
FR,2013-09-12,93,961,1380.985431841831,0.0,1243.0,1243.0,1243.0,93,0,0.0,0.0,0.0,0.0,0.0,0,447,477,48.37662337662338,51.62337662337663
FR,2013-09-13,77,942,1355.006369426751,10.828203913853857,1263.0,1252.3,1275.1,77,0,0.0,0.0,0.0,0.0,0.0,0,500,419,54.4069640914037,45.5930359085963
FR,2013-09-14,76,867,1387.537485582469,0.0,1243.0,1243.0,1243.0,76,0,0.0,0.0,0.0,0.0,0.0,0,573,287,66.62790697674419,33.372093023255815
FR,2013-09-15,82,1128,1392.3856382978715,11.031205736455105,1236.0,1226.9,1248.6,82,0,0.0,0.0,0.0,0.0,0.0,0,611,474,56.313364055299544,43.686635944700456
FR,2013-09-16,76,805,1377.0360248447205,5.1536394906900505,1310.0,1305.2,1316.0,76,0,0.0,0.0,0.0,0.0,0.0,0,434,370,53.98009950248757,46.01990049751244
FR,2013-09-17,93,1014,1350.0946745562137,0.0,1200.0,1200.0,1200.0,93,0,0.0,0.0,0.0,0.0,0.0,0,519,468,52.58358662613982,47.41641337386018
FR,2013-09-18,81,1115,1373.3201793721971,8.537498983243799,1351.0,1338.5,1358.5,81,0,0.0,0.0,0.0,0.0,0.0,0,625,461,57.55064456721916,42.44935543278085
FR,2013-09-19,91,1135,1303.1286343612346,0.0,1215.0,1215.0,1215.0,91,0,0.0,0.0,0.0,0.0,0.0,0,569,524,52.05855443732845,47.94144556267155
FR,2013-09-20,95,895,1399.1307262569828,0.0,1205.0,1205.0,1205.0,95,0,0.0,0.0,0.0,0.0,0.0,0,551,323,63.04347826086957,36.95652173913043
FR,2013-09-21,89,1114,1434.4389587073608,6.128258770283411,1218.0,1218.0,1228.4,89,0,0.0,0.0,0.0,0.0,0.0,0,623,479,56.53357531760436,43.46642468239564
FR,2013-09-22,98,1299,1393.300230946882,0.0,1233.0,1233.0,1233.0,98,0,0.0,0.0,0.0,0.0,0.0,0,739,530,58.234830575256105,41.765169424743895
FR,2013-09-23,80,1018,1323.1591355599214,0.0,1233.0,1233.0,1233.0,80,0,0.0,0.0,0.0,0.0,0.0,0,479,520,47.94794794794795,52.052052052052055
FR,2013-09-24,81,906,1328.4017660044149,0.0,1233.0,1233.0,1233.0,81,0,0.0,0.0,0.0,0.0,0.0,0,476,408,53.84615384615385,46.15384615384615
FR,2013-09-25,64,933,1353.971061093247,4.642796092394706,1177.0,1174.6,1183.4,64,0,0.0,0.0,0.0,0.0,0.0,0,472,441,51.69769989047097,48.30230010952902
FR,2013-09-26,100,1088,1361.8207720588234,0.0,1200.0,1200.0,1200.0,100,0,0.0,0.0,0.0,0.0,0.0,0,552,517,51.637043966323674,48.36295603367633
FR,2013-09-27,85,1162,1471.9148020654045,0.0,1677.0,1677.0,1677.0,85,0,0.0,0.0,0.0,0.0,0.0,0,700,431,61.8921308576481,38.1078691423519
FR,2013-09-28,64,950,1455.1442105263152,0.0,1172.0,1172.0,1172.0,64,0,0.0,0.0,0.0,0.0,0.0,0,516,387,57.14285714285714,42.857142857142854
FR,2013-09-29,77,1026,1433.518518518518,0.0,1226.0,1226.0,1226.0,77,0,0.0,0.0,0.0,0.0,0.0,0,540,447,54.7112462006079,45.2887537993921
FR,2013-09-30,81,893,1457.4445688689807,0.0,1213.0,1213.0,1213.0,81,0,0.0,0.0,0.0,0.0,0.0,0,452,418,51.95402298850574,48.04597701149425
FR,2013-10-01,71,897,1416.5774804905243,2.0,1194.0,1192.4,1195.6,71,0,0.0,0.0,0.0,0.0,0.0,0,447,433,50.79545454545455,49.20454545454545
FR,2013-10-02,107,1031,1517.8603297769157,0.0,1198.0,1198.0,1198.0,107,0,0.0,0.0,0.0,0.0,0.0,0,596,391,60.385005065856134,39.61499493414387
FR,2013-10-03,96,991,1546.9717457114036,13.503400349084462,1872.0,1848.5,1883.5,96,0,0.0,0.0,0.0,0.0,0.0,0,530,434,54.9792531120332,45.02074688796681
FR,2013-10-04,83,1373,1493.7174071376542,7.382712094469245,1851.0,1840.5,1858.5,83,0,0.0,0.0,0.0,0.0,0.0,0,728,616,54.166666666666664,45.83333333333333
FR,2013-10-05,89,1153,1453.5420641803992,9.012184385668414,1823.0,1812.0,1833.8,89,0,0.0,0.0,0.0,0.0,0.0,0,617,511,54.698581560283685,45.301418439716315
FR,2013-10-06,92,904,1473.7134955752222,13.846818226581874,1836.5,1816.5,1850.5,92,0,0.0,0.0,0.0,0.0,0.0,0,518,352,59.54022988505747,40.45977011494253
FR,2013-10-07,101,1134,1527.052028218695,14.39682944474032,1876.0,1848.4,1885.4,101,0,0.0,0.0,0.0,0.0,0.0,0,577,506,53.277931671283476,46.722068328716524
FR,2013-10-08,89,1120,1474.7651785714286,37.43030189565668,1872.0,1862.8,1889.3,89,0,0.0,0.0,0.0,0.0,0.0,0,595,485,55.092592592592595,44.907407407407405
FR,2013-10-09,96,1298,1560.6987673343604,5.937171043518958,1857.5,1848.1,1862.2,96,0,0.0,0.0,0.0,0.0,0.0,0,696,562,55.325914149443555,44.67408585055644
FR,2013-10-10,92,1147,1527.760244115083,23.28573782248482,1871.5,1851.0,1908.7,92,0,0.0,0.0,0.0,0.0,0.0,0,640,470,57.65765765765766,42.34234234234234
FR,2013-10-11,82,950,1517.0863157894737,4.031128874149275,1883.5,1879.3,1887.7,82,0,0.0,0.0,0.0,0.0,0.0,0,571,355,61.66306695464363,38.33693304535637
FR,2013-10-12,85,1119,1569.6675603217166,69.1474482537136,1925.0,1879.2,1936.0,85,0,0.0,0.0,0.0,0.0,0.0,0,640,455,58.44748858447488,41.55251141552511
FR,2013-10-13,113,1384,1492.9783236994226,12.305775016854165,1945.0,1928.0,1958.2,113,0,0.0,0.0,0.0,0.0,0.0,0,697,625,52.7231467473525,47.276853252647506
FR,2013-10-14,103,1013,1461.159921026653,0.0,1950.0,1950.0,1950.0,103,0,0.0,0.0,0.0,0.0,0.0,0,587,384,60.45314109165808,39.54685890834192
FR,2013-10-15,92,1146,1468.8307155322864,3.953815000885157,1959.0,1955.4,1964.2,92,0,0.0,0.0,0.0,0.0,0.0,0,643,476,57.46201966041108,42.53798033958892
FR,2013-10-16,114,1374,1463.5480349344973,115.91307087641152,1753.0,1688.8,1943.0,114,0,0.0,0.0,0.0,0.0,0.0,0,722,639,53.049228508449666,46.95077149155033
FR,2013-10-17,114,1102,1474.5344827586205,75.04855571085771,1935.0,1823.5,1949.4,114,0,0.0,0.0,0.0,0.0,0.0,0,596,472,55.80524344569289,44.19475655430712
FR,2013-10-18,87,1108,1538.3962093862824,3.0,1466.0,1463.6,1468.4,87,0,0.0,0.0,0.0,0.0,0.0,0,656,421,60.90993500464252,39.09006499535748
FR,2013-10-19,104,996,1555.9598393574297,8.1475285959745,1943.0,1931.8,1952.0,104,0,0.0,0.0,0.0,0.0,0.0,0,595,394,60.16177957532861,39.838220424671384
FR,2013-10-20,106,1363,1427.4027879677187,39.70169835247613,1960.0,1947.0,1969.4,106,0,0.0,0.0,0.0,0.0,0.0,0,758,582,56.56716417910448,43.43283582089552
FR,2013-10-21,78,1465,1486.0081911262805,6.517071598672384,1953.0,1945.5,1960.0,78,0,0.0,0.0,0.0,0.0,0.0,0,782,651,54.57083042568039,45.42916957431961
FR,2013-10-22,98,1337,1496.238593866866,10.360836779696427,1911.0,1899.6,1923.4,98,0,0.0,0.0,0.0,0.0,0.0,0,723,557,56.484375,43.515625
FR,2013-10-23,75,1150,1548.0208695652173,12.202003478482084,1917.5,1903.0,1931.5,75,0,0.0,0.0,0.0,0.0,0.0,0,666,462,59.04255319148937,40.95744680851064
FR,2013-10-24,91,1362,1492.9882525697503,4.195235392680607,1944.0,1941.8,1951.0,91,0,0.0,0.0,0.0,0.0,0.0,0,691,620,52.707856598016775,47.29214340198322
FR,2013-10-25,101,1850,1516.190270270269,7.944250191875324,1955.0,1946.4,1964.4,101,0,0.0,0.0,0.0,0.0,0.0,0,1017,768,56.97478991596638,43.02521008403362
FR,2013-10-26,84,1442,1533.8730929264916,36.17072003229023,1935.0,1893.4,1953.4,84,1,93.48,0.0,0.0,0.0,0.0,1,819,570,58.963282937365015,41.03671706263499
FR,2013-10-27,95,1229,1336.577705451586,6.794115100585212,1892.0,1885.2,1900.2,95,0,0.0,0.0,0.0,0.0,0.0,0,642,555,53.63408521303258,46.365914786967416
FR,2013-10-28,91,1104,1399.22463768116,7.98783797754784,1395.5,1388.0,1405.7,91,0,0.0,0.0,0.0,0.0,0.0,0,557,519,51.765799256505574,48.234200743494426
FR,2013-10-29,106,1352,1384.9585798816563,181.0,1063.0,918.2,1207.8,106,0,0.0,0.0,0.0,0.0,0.0,0,757,569,57.088989441930615,42.91101055806938
FR,2013-10-30,121,1252,1480.3714057507975,10.599049190847262,1357.0,1340.5,1366.5,121,0,0.0,0.0,0.0,0.0,0.0,0,679,531,56.11570247933885,43.88429752066116
FR,2013-10-31,95,1401,1492.0556745182014,0.0,1845.0,1845.0,1845.0,95,0,0.0,0.0,0.0,0.0,0.0,0,763,590,56.393200295639325,43.60679970436068
FR,2013-11-01,95,1166,1574.7598627787302,4.949747468305833,1367.0,1362.1,1371.9,95,3,71.9,0.0,0.0,0.0,0.0,3,668,472,58.59649122807018,41.40350877192983
FR,2013-11-02,82,908,1563.6629955947149,6.210590034081188,1889.0,1881.4,1894.6,82,0,0.0,0.0,0.0,0.0,0.0,0,503,383,56.77200902934537,43.22799097065463
FR,2013-11-03,95,1215,1544.1835390946503,6.0,1265.0,1260.2,1269.8,95,0,0.0,0.0,0.0,0.0,0.0,0,640,540,54.23728813559322,45.76271186440678
FR,2013-11-04,102,1131,1495.9832007073378,2.6246692913372702,1261.0,1260.2,1265.0,102,0,0.0,0.0,0.0,0.0,0.0,0,620,471,56.82859761686526,43.17140238313474
FR,2013-11-05,71,984,1410.0457317073167,5.0,1272.0,1268.0,1276.0,71,0,0.0,0.0,0.0,0.0,0.0,0,517,447,53.63070539419087,46.36929460580913
FR,2013-11-06,89,909,1377.3190319031903,0.0,1894.0,1894.0,1894.0,89,0,0.0,0.0,0.0,0.0,0.0,0,459,412,52.69804822043628,47.30195177956372
FR,2013-11-07,84,1226,1496.4029363784668,7.477744758058185,1892.5,1884.0,1901.0,84,0,0.0,0.0,0.0,0.0,0.0,0,673,509,56.93739424703892,43.06260575296108
FR,2013-11-08,67,1009,1482.7066402378596,0.0,1128.0,1128.0,1128.0,67,0,0.0,0.0,0.0,0.0,0.0,0,565,415,57.6530612244898,42.3469387755102
FR,2013-11-09,92,1056,1458.460227272727,15.673317854302052,1868.0,1861.0,1892.0,92,0,0.0,0.0,0.0,0.0,0.0,0,502,517,49.2639842983317,50.7360157016683
FR,2013-11-10,77,1020,1403.5029411764708,0.0,1847.0,1847.0,1847.0,77,0,0.0,0.0,0.0,0.0,0.0,0,632,343,64.82051282051282,35.17948717948718
FR,2013-11-11,101,1439,1513.7025712300208,17.347661456942586,1907.5,1876.8,1919.6,101,7,90.73,0.0,0.0,0.0,0.0,7,807,587,57.890961262553795,42.1090387374462
FR,2013-11-12,96,993,1502.177240684794,8.181758763895953,1898.0,1889.6,1912.0,96,0,0.0,0.0,0.0,0.0,0.0,0,627,343,64.63917525773196,35.36082474226804
FR,2013-11-13,81,1488,1510.816532258064,4.109609335312651,1914.0,1910.8,1918.8,81,0,0.0,0.0,0.0,0.0,0.0,0,796,625,56.01688951442646,43.98311048557354
FR,2013-11-14,101,1641,1461.094454600853,0.0,1306.0,1306.0,1306.0,101,0,0.0,0.0,0.0,0.0,0.0,0,848,761,52.70354257302673,47.29645742697328
FR,2013-11-15,104,1756,1524.920842824601,6.487166818676188,1908.0,1900.1,1916.6,104,0,0.0,0.0,0.0,0.0,0.0,0,999,691,59.11242603550296,40.887573964497044
FR,2013-11-16,99,1315,1517.065399239543,9.507631762347293,1909.0,1896.8,1917.2,99,0,0.0,0.0,0.0,0.0,0.0,0,700,584,54.51713395638629,45.482866043613704
FR,2013-11-17,82,1298,1528.284283513097,6.896053621859067,1907.5,1900.0,1915.5,82,0,0.0,0.0,0.0,0.0,0.0,0,706,581,54.85625485625486,45.14374514374514
FR,2013-11-18,92,1159,1460.5642795513368,11.206087135520985,1483.0,1465.6,1493.4,92,0,0.0,0.0,0.0,0.0,0.0,0,645,478,57.43544078361532,42.56455921638469
FR,2013-11-19,69,779,1386.757381258023,3.5,1472.5,1469.7,1475.3,69,0,0.0,0.0,0.0,0.0,0.0,0,385,373,50.79155672823219,49.20844327176781
FR,2013-11-20,83,1388,1489.1268011527377,4.977500397195527,1892.0,1886.4,1897.4,83,0,0.0,0.0,0.0,0.0,0.0,0,724,606,54.4360902255639,45.56390977443609
FR,2013-11-21,87,1291,1500.11851278079,7.483314773547883,1895.0,1886.0,1904.4,87,0,0.0,0.0,0.0,0.0,0.0,0,672,580,53.674121405750796,46.325878594249204
FR,2013-11-22,80,1544,1516.232512953368,6.751314458205916,1927.0,1918.0,1934.6,80,4,87.81,0.0,87.81,87.81,87.81,4,951,553,63.2313829787234,36.7686170212766
FR,2013-11-23,102,769,1516.314694408322,3.5,1941.5,1938.7,1944.3,102,0,0.0,0.0,0.0,0.0,0.0,0,489,268,64.59709379128138,35.402906208718626
FR,2013-11-24,91,1148,1515.378919860627,9.183210819029778,1952.0,1939.4,1960.6,91,0,0.0,0.0,0.0,0.0,0.0,0,609,529,53.51493848857645,46.485061511423545
FR,2013-11-25,83,945,1546.9365079365089,6.531972647421808,1941.0,1934.6,1947.4,83,0,0.0,0.0,0.0,0.0,0.0,0,539,386,58.270270270270274,41.72972972972973
FR,2013-11-26,93,1236,1512.0825242718447,10.885052824860336,1934.0,1923.0,1949.5,93,0,0.0,0.0,0.0,0.0,0.0,0,667,544,55.078447563996704,44.9215524360033
FR,2013-11-27,89,1522,1536.5709592641272,15.827030610925844,1889.0,1872.0,1911.6,89,0,0.0,0.0,0.0,0.0,0.0,0,841,636,56.939742721733246,43.060257278266754
FR,2013-11-28,106,1288,1508.0574534161497,8.446999500060162,1875.0,1864.8,1885.6,106,0,0.0,0.0,0.0,0.0,0.0,0,706,520,57.58564437194127,42.41435562805872
FR,2013-11-29,106,1249,1499.886309047239,4.533823502911814,1881.5,1877.5,1888.0,106,0,0.0,0.0,0.0,0.0,0.0,0,714,490,59.30232558139535,40.69767441860465
FR,2013-11-30,73,1196,1513.826923076923,6.624952830020755,1500.5,1494.4,1508.4,73,0,0.0,0.0,0.0,0.0,0.0,0,630,528,54.40414507772021,45.59585492227979
FR,2013-12-01,61,817,1551.326805385557,0.0,1158.0,1158.0,1158.0,61,0,0.0,0.0,0.0,0.0,0.0,0,459,324,58.620689655172406,41.37931034482759
FR,2013-12-02,87,617,1523.98379254457,2.867441755680876,1876.0,1872.8,1878.4,87,0,0.0,0.0,0.0,0.0,0.0,0,382,225,62.932454695222404,37.067545304777596
FR,2013-12-03,92,964,1531.9377593360994,13.2328055550266,1865.0,1846.1,1879.2,92,0,0.0,0.0,0.0,0.0,0.0,0,528,395,57.20476706392199,42.79523293607801
FR,2013-12-04,79,1300,1535.6984615384613,13.375973484822204,1405.0,1393.0,1424.8,79,0,0.0,0.0,0.0,0.0,0.0,0,696,576,54.71698113207547,45.28301886792453
FR,2013-12-05,74,699,1467.6824034334752,11.494452965652252,1865.0,1850.2,1876.6,74,0,0.0,0.0,0.0,0.0,0.0,0,333,347,48.970588235294116,51.02941176470588
FR,2013-12-06,79,976,1493.0911885245896,11.40784330576507,1860.0,1848.5,1875.0,79,0,0.0,0.0,0.0,0.0,0.0,0,559,391,58.8421052631579,41.1578947368421
FR,2013-12-07,81,600,1430.9666666666672,4.027681991198191,1850.0,1843.6,1850.8,81,0,0.0,0.0,0.0,0.0,0.0,0,303,275,52.42214532871973,47.57785467128028
FR,2013-12-08,86,1252,1500.9416932907352,30.99974798284657,1892.5,1856.6,1934.0,86,0,0.0,0.0,0.0,0.0,0.0,0,699,527,57.01468189233279,42.98531810766721
FR,2013-12-09,96,1257,1509.8583929992042,8.954529231065138,1903.0,1889.0,1912.0,96,0,0.0,0.0,0.0,0.0,0.0,0,611,586,51.044277360066836,48.955722639933164
FR,2013-12-10,102,1053,1555.1358024691358,15.014111819185588,1919.5,1896.1,1934.6,102,0,0.0,0.0,0.0,0.0,0.0,0,541,483,52.83203125,47.16796875
FR,2013-12-11,85,1196,1606.6622073578596,8.935394218570877,1912.0,1897.0,1921.0,85,0,0.0,0.0,0.0,0.0,0.0,0,697,482,59.11789652247668,40.88210347752332
FR,2013-12-12,111,1085,1611.3907834101385,10.74871953511731,1900.0,1882.6,1911.8,111,0,0.0,0.0,0.0,0.0,0.0,0,609,441,57.99999999999999,42.0
FR,2013-12-13,68,898,1498.222717149221,6.094494002200441,1904.0,1896.0,1909.4,68,0,0.0,0.0,0.0,0.0,0.0,0,431,430,50.05807200929152,49.94192799070848
FR,2013-12-14,99,1327,1538.6631499623206,12.54152823843871,1881.0,1867.8,1900.8,99,0,0.0,0.0,0.0,0.0,0.0,0,758,546,58.12883435582822,41.87116564417178
FR,2013-12-15,97,1047,1425.7631327602676,4.0,1871.0,1867.8,1874.2,97,0,0.0,0.0,0.0,0.0,0.0,0,516,495,51.038575667655785,48.96142433234421
FR,2013-12-16,95,629,1544.1478537360897,11.50651989091402,1876.5,1863.2,1889.5,95,0,0.0,0.0,0.0,0.0,0.0,0,316,278,53.198653198653204,46.801346801346796
FR,2013-12-17,84,807,1427.444857496903,6.520153118924039,1889.0,1882.0,1895.0,84,0,0.0,0.0,0.0,0.0,0.0,0,439,331,57.01298701298702,42.98701298701298
FR,2013-12-18,98,977,1475.2681678607987,5.715476066494082,1893.0,1887.4,1898.6,98,0,0.0,0.0,0.0,0.0,0.0,0,540,424,56.016597510373444,43.983402489626556
FR,2013-12-19,79,848,1437.55070754717,4.5,1886.5,1882.9,1890.1,79,0,0.0,0.0,0.0,0.0,0.0,0,375,435,46.2962962962963,53.70370370370371
FR,2013-12-20,77,830,1510.797590361445,8.496322733983215,1897.0,1889.8,1907.7,77,0,0.0,0.0,0.0,0.0,0.0,0,481,310,60.80910240202275,39.19089759797724
FR,2013-12-21,87,541,1483.6284658040663,50.1752484354144,1352.0,1285.6,1381.6,87,0,0.0,0.0,0.0,0.0,0.0,0,320,212,60.150375939849624,39.849624060150376
FR,2013-12-22,91,704,1580.321022727273,4.0,1907.0,1903.8,1910.2,91,1,70.43,0.0,0.0,0.0,0.0,1,466,223,67.63425253991292,32.365747460087086
FR,2013-12-23,82,885,1609.7909604519773,8.875556895433753,1899.0,1889.6,1910.6,82,0,0.0,0.0,0.0,0.0,0.0,0,488,375,56.54692931633836,43.45307068366164
FR,2013-12-24,84,585,1554.0461538461543,11.92664655128103,1911.0,1899.8,1925.8,84,0,0.0,0.0,0.0,0.0,0.0,0,285,250,53.271028037383175,46.728971962616825
FR,2013-12-25,78,691,1399.056439942112,10.073342157507716,1907.0,1899.0,1921.5,78,0,0.0,0.0,0.0,0.0,0.0,0,344,328,51.19047619047619,48.80952380952381
FR,2013-12-26,96,1068,1573.5234082397012,5.006118705124352,1926.0,1919.8,1931.8,96,1,83.01,0.0,0.0,0.0,0.0,1,550,463,54.29417571569596,45.70582428430405
FR,2013-12-27,99,1122,1537.1720142602494,4.189935029992178,1925.0,1922.6,1930.6,99,6,79.26,0.0,0.0,0.0,0.0,6,671,437,60.559566787003604,39.44043321299639
FR,2013-12-28,80,924,1527.3614718614713,5.059644256269407,1922.0,1917.2,1926.8,80,0,0.0,0.0,0.0,0.0,0.0,0,479,387,55.311778290993075,44.68822170900693
FR,2013-12-29,69,1257,1587.4622116149562,13.559289008584273,1901.0,1887.0,1922.0,69,0,0.0,0.0,0.0,0.0,0.0,0,698,527,56.97959183673469,43.02040816326531
FR,2013-12-30,83,1043,1502.762224352828,8.228778716646463,1889.0,1882.0,1899.0,83,0,0.0,0.0,0.0,0.0,0.0,0,548,445,55.18630412890232,44.813695871097686
FR,2013-12-31,106,686,1393.275510204082,3.766629793329841,1878.5,1875.0,1882.7,106,0,0.0,0.0,0.0,0.0,0.0,0,398,246,61.80124223602485,38.19875776397515
FR,2014-01-01,98,1527,1533.127701375245,4.9180788932265,1881.5,1876.6,1887.1,98,0,0.0,0.0,0.0,0.0,0.0,0,847,629,57.38482384823848,42.61517615176152
FR,2014-01-02,111,1603,1461.4716157205237,14.443760667576234,1875.0,1859.0,1895.0,111,0,0.0,0.0,0.0,0.0,0.0,0,799,745,51.74870466321243,48.251295336787564
FR,2014-01-03,99,1083,1421.714681440443,13.488888515318258,1899.0,1890.0,1923.0,99,0,0.0,0.0,0.0,0.0,0.0,0,629,420,59.96186844613918,40.038131553860815
FR,2014-01-04,92,1164,1454.8032646048116,5.619905100029122,1905.5,1897.5,1910.5,92,0,0.0,0.0,0.0,0.0,0.0,0,497,610,44.896115627822944,55.103884372177056
FR,2014-01-05,125,1245,1469.6465863453825,4.806929993636149,1885.0,1881.0,1892.0,125,0,0.0,0.0,0.0,0.0,0.0,0,691,531,56.54664484451718,43.45335515548282
FR,2014-01-06,117,1169,1455.557741659538,9.283722313813572,1860.0,1850.4,1870.3,117,0,0.0,0.0,0.0,0.0,0.0,0,503,622,44.711111111111116,55.288888888888884
FR,2014-01-07,108,1249,1426.7021617293844,0.0,1405.0,1405.0,1405.0,108,0,0.0,0.0,0.0,0.0,0.0,0,645,567,53.21782178217822,46.78217821782179
FR,2014-01-08,131,1252,1443.714057507988,0.5,1858.5,1858.1,1858.9,131,0,0.0,0.0,0.0,0.0,0.0,0,674,546,55.24590163934426,44.75409836065574
FR,2014-01-09,105,964,1397.3475103734445,3.929058411375428,1848.5,1845.0,1854.3,105,0,0.0,0.0,0.0,0.0,0.0,0,493,449,52.33545647558386,47.66454352441614
FR,2014-01-10,111,1421,1438.396199859253,9.7581874455363,1856.5,1842.5,1865.0,111,0,0.0,0.0,0.0,0.0,0.0,0,710,667,51.56136528685549,48.438634713144516
FR,2014-01-11,86,1239,1428.964487489911,14.868512513357269,1896.0,1876.8,1914.2,86,0,0.0,0.0,0.0,0.0,0.0,0,611,599,50.49586776859504,49.50413223140496
FR,2014-01-12,87,1093,1417.815187557181,7.582875444051551,1905.5,1895.9,1910.9,87,0,0.0,0.0,0.0,0.0,0.0,0,540,536,50.18587360594795,49.814126394052046
FR,2014-01-13,94,905,1391.0,4.123105625617661,1894.0,1893.0,1900.6,94,0,0.0,0.0,0.0,0.0,0.0,0,562,314,64.15525114155251,35.84474885844749
FR,2014-01-14,103,1029,1497.058309037901,20.02966549895429,1880.0,1856.2,1898.9,103,0,0.0,0.0,0.0,0.0,0.0,0,550,461,54.40158259149357,45.59841740850643
FR,2014-01-15,79,1349,1537.0630096367677,4.109609335312651,1908.0,1904.8,1912.8,79,1,93.0,0.0,0.0,0.0,0.0,1,821,496,62.33864844343204,37.66135155656796
FR,2014-01-16,82,832,1484.162259615385,4.656984002549289,1896.0,1891.5,1901.2,82,0,0.0,0.0,0.0,0.0,0.0,0,415,406,50.548112058465286,49.451887941534714
FR,2014-01-17,111,1177,1453.11979609176,6.97614984548545,1886.0,1880.4,1894.0,111,0,0.0,0.0,0.0,0.0,0.0,0,577,581,49.82728842832469,50.1727115716753
FR,2014-01-18,102,801,1451.058676654182,10.708252269472672,1866.0,1859.2,1884.0,102,0,0.0,0.0,0.0,0.0,0.0,0,394,379,50.970245795601556,49.029754204398444
FR,2014-01-19,82,799,1507.9198998748438,8.12403840463596,1853.0,1845.8,1863.0,82,0,0.0,0.0,0.0,0.0,0.0,0,451,326,58.04375804375804,41.95624195624196
FR,2014-01-20,100,1250,1471.7904000000003,9.126274644612057,1856.0,1849.4,1871.4,100,0,0.0,0.0,0.0,0.0,0.0,0,633,574,52.44407622203811,47.55592377796189
FR,2014-01-21,95,1152,1400.2265624999998,0.0,1390.0,1390.0,1390.0,95,0,0.0,0.0,0.0,0.0,0.0,0,548,553,49.77293369663942,50.22706630336058
FR,2014-01-22,83,1167,1482.461868037704,12.5,1874.5,1864.5,1884.5,83,0,0.0,0.0,0.0,0.0,0.0,0,571,561,50.44169611307421,49.5583038869258
FR,2014-01-23,85,1450,1442.550344827586,7.636817901084258,1845.0,1835.4,1853.2,85,0,0.0,0.0,0.0,0.0,0.0,0,766,642,54.40340909090909,45.596590909090914
FR,2014-01-24,98,1438,1457.164812239222,9.100347604933136,1815.5,1807.0,1828.1,98,0,0.0,0.0,0.0,0.0,0.0,0,828,568,59.31232091690545,40.68767908309456
FR,2014-01-25,100,1537,1437.2556929082627,12.241514256017384,1839.0,1818.8,1847.0,100,1,77.76,0.0,0.0,0.0,0.0,1,883,601,59.50134770889488,40.49865229110512
FR,2014-01-26,73,1264,1523.5261075949372,7.518684209680438,1848.0,1839.0,1855.8,73,0,0.0,0.0,0.0,0.0,0.0,0,663,571,53.727714748784436,46.272285251215564
FR,2014-01-27,90,1220,1526.049180327869,0.0,1841.0,1841.0,1841.0,90,0,0.0,0.0,0.0,0.0,0.0,0,584,552,51.40845070422535,48.59154929577465
FR,2014-01-28,93,1190,1503.05462184874,17.02821188498663,1862.0,1836.4,1877.6,93,0,0.0,0.0,0.0,0.0,0.0,0,641,500,56.17879053461875,43.821209465381244
FR,2014-01-29,111,2015,1439.3429280397015,5.273097339852125,1872.5,1864.5,1876.5,111,0,0.0,0.0,0.0,0.0,0.0,0,989,995,49.84879032258064,50.15120967741935
FR,2014-01-30,85,1844,1471.848698481562,8.082415714808429,1875.0,1865.0,1887.4,85,0,0.0,0.0,0.0,0.0,0.0,0,868,935,48.14198557958957,51.85801442041043
FR,2014-01-31,107,1561,1492.3491351697633,4.5,1360.5,1356.9,1364.1,107,0,0.0,0.0,0.0,0.0,0.0,0,917,590,60.849369608493696,39.150630391506304
FR,2014-02-01,92,1367,1510.567666422823,7.079720967636496,1897.0,1888.2,1904.8,92,0,0.0,0.0,0.0,0.0,0.0,0,803,543,59.658246656760774,40.341753343239226
FR,2014-02-02,97,1239,1445.26392251816,17.374100696151153,1919.0,1900.0,1942.0,97,0,0.0,0.0,0.0,0.0,0.0,0,612,595,50.70422535211267,49.29577464788733
FR,2014-02-03,91,1309,1476.3376623376623,4.496912521077347,1357.0,1356.2,1364.2,91,0,0.0,0.0,0.0,0.0,0.0,0,634,623,50.43754972155927,49.562450278440735
FR,2014-02-04,83,1332,1452.9181681681684,4.949747468305833,1934.5,1928.1,1939.9,83,0,0.0,0.0,0.0,0.0,0.0,0,777,520,59.907478797224364,40.092521202775636
FR,2014-02-05,77,1045,1536.422966507177,3.0,1929.0,1926.6,1931.4,77,0,0.0,0.0,0.0,0.0,0.0,0,611,428,58.806544754571696,41.1934552454283
FR,2014-02-06,100,1300,1495.3146153846146,12.619429464123964,1917.5,1899.0,1927.0,100,0,0.0,0.0,0.0,0.0,0.0,0,697,578,54.666666666666664,45.33333333333333
FR,2014-02-07,100,1368,1496.7931286549715,7.878218487108127,1881.0,1873.0,1891.2,100,0,0.0,0.0,0.0,0.0,0.0,0,715,602,54.29005315110099,45.709946848899015
FR,2014-02-08,89,1595,1491.1793103448267,8.988514250406018,1898.0,1886.0,1905.0,89,0,0.0,0.0,0.0,0.0,0.0,0,812,737,52.42091672046482,47.57908327953518
FR,2014-02-09,124,1459,1526.5078821110349,5.661271941887264,1906.0,1898.9,1913.4,124,0,0.0,0.0,0.0,0.0,0.0,0,774,667,53.71269951422624,46.28730048577377
FR,2014-02-10,90,1376,1527.906976744186,6.193545026880809,1905.5,1897.0,1914.3,90,0,0.0,0.0,0.0,0.0,0.0,0,755,589,56.175595238095234,43.82440476190476
FR,2014-02-11,106,1173,1468.1943734015356,0.0,1895.0,1895.0,1895.0,106,0,0.0,0.0,0.0,0.0,0.0,0,586,558,51.22377622377622,48.77622377622377
FR,2014-02-12,102,1643,1507.632988435788,4.5,1882.5,1878.9,1886.1,102,0,0.0,0.0,0.0,0.0,0.0,0,948,638,59.77301387137452,40.22698612862548
FR,2014-02-13,81,1301,1475.935434281322,5.722761571129799,1869.0,1862.4,1874.2,81,0,0.0,0.0,0.0,0.0,0.0,0,682,574,54.29936305732485,45.70063694267516
FR,2014-02-14,89,1630,1476.2674846625769,3.39934634239519,1387.0,1382.2,1388.6,89,0,0.0,0.0,0.0,0.0,0.0,0,776,765,50.35691109669046,49.64308890330954
FR,2014-02-15,118,1127,1405.1801242236031,5.793099343184096,1865.0,1857.0,1873.1,118,0,0.0,0.0,0.0,0.0,0.0,0,573,518,52.52062328139322,47.47937671860678
FR,2014-02-16,120,1438,1524.036856745481,0.0,1858.0,1858.0,1858.0,120,0,0.0,0.0,0.0,0.0,0.0,0,684,689,49.817916970138384,50.182083029861616
FR,2014-02-17,66,1264,1488.8916139240507,8.784226190040046,1417.0,1407.0,1429.4,66,0,0.0,0.0,0.0,0.0,0.0,0,587,629,48.27302631578947,51.726973684210535
FR,2014-02-18,101,1610,1467.2937888198755,16.076159571688585,1865.0,1845.0,1884.8,101,0,0.0,0.0,0.0,0.0,0.0,0,865,693,55.519897304236196,44.480102695763804
FR,2014-02-19,91,1133,1429.114739629303,0.0,1903.0,1903.0,1903.0,91,0,0.0,0.0,0.0,0.0,0.0,0,693,409,62.885662431941924,37.114337568058076
FR,2014-02-20,100,1440,1431.495138888889,8.130114724411873,1910.0,1900.8,1919.6,100,0,0.0,0.0,0.0,0.0,0.0,0,771,620,55.427749820273185,44.572250179726815
FR,2014-02-21,81,1363,1525.074101247248,6.279498289308797,1887.0,1878.6,1895.4,81,0,0.0,0.0,0.0,0.0,0.0,0,686,655,51.1558538404176,48.8441461595824
FR,2014-02-22,95,959,1471.5026068821694,4.818944098266987,1873.0,1869.5,1880.5,95,0,0.0,0.0,0.0,0.0,0.0,0,527,399,56.91144708423326,43.08855291576673
FR,2014-02-23,95,1330,1481.8436090225557,6.912147117775907,1854.0,1844.4,1863.0,95,0,0.0,0.0,0.0,0.0,0.0,0,666,597,52.73159144893111,47.26840855106889
FR,2014-02-24,72,1228,1467.3615635179158,3.958114029012639,1838.0,1832.0,1841.0,72,0,0.0,0.0,0.0,0.0,0.0,0,614,564,52.12224108658744,47.87775891341256
FR,2014-02-25,103,1226,1459.5448613376836,12.734205903785284,1833.0,1813.0,1841.8,103,0,0.0,0.0,0.0,0.0,0.0,0,605,561,51.886792452830186,48.113207547169814
FR,2014-02-26,104,1178,1390.2835314091676,20.99612750585723,1823.0,1799.6,1851.6,104,0,0.0,0.0,0.0,0.0,0.0,0,560,578,49.209138840070295,50.790861159929705
FR,2014-02-27,116,974,1412.9425051334692,5.0,1830.0,1826.0,1834.0,116,0,0.0,0.0,0.0,0.0,0.0,0,533,416,56.16438356164384,43.83561643835616
FR,2014-02-28,95,876,1402.180365296805,3.771236166328253,1833.0,1826.6,1833.0,95,0,0.0,0.0,0.0,0.0,0.0,0,491,368,57.15948777648428,42.84051222351572
FR,2014-03-01,62,758,1481.806068601583,7.899883750113424,1360.0,1350.2,1368.8,62,0,0.0,0.0,0.0,0.0,0.0,0,421,317,57.04607046070461,42.953929539295395
FR,2014-03-02,94,1230,1457.740650406505,6.53405521487387,1068.0,1061.2,1076.2,94,0,0.0,0.0,0.0,0.0,0.0,0,702,486,59.09090909090909,40.909090909090914
FR,2014-03-03,103,1186,1497.3069139966274,5.0,1839.0,1835.0,1843.0,103,0,0.0,0.0,0.0,0.0,0.0,0,642,503,56.069868995633186,43.930131004366814
FR,2014-03-04,95,1039,1492.8383060635224,3.0,1844.0,1841.6,1846.4,95,0,0.0,0.0,0.0,0.0,0.0,0,625,350,64.1025641025641,35.8974358974359
FR,2014-03-05,99,1310,1459.5038167938935,5.893587617063142,1092.5,1085.7,1100.2,99,0,0.0,0.0,0.0,0.0,0.0,0,687,595,53.588143525741025,46.411856474258975
FR,2014-03-06,95,1062,1354.0574387947263,10.903618155864084,1079.0,1064.4,1088.8,95,0,0.0,0.0,0.0,0.0,0.0,0,566,463,55.00485908649174,44.99514091350826
FR,2014-03-07,101,1017,1405.5771878072765,5.842849380986034,1036.5,1032.0,1045.0,101,0,0.0,0.0,0.0,0.0,0.0,0,517,483,51.7,48.3
FR,2014-03-08,100,1290,1478.431007751939,0.0,1022.0,1022.0,1022.0,100,0,0.0,0.0,0.0,0.0,0.0,0,703,564,55.485398579321235,44.514601420678765
FR,2014-03-09,120,1411,1524.7441530829203,0.0,1012.0,1012.0,1012.0,120,0,0.0,0.0,0.0,0.0,0.0,0,773,599,56.34110787172012,43.65889212827989
FR,2014-03-10,101,1223,1404.0147179067867,0.0,1840.0,1840.0,1840.0,101,0,0.0,0.0,0.0,0.0,0.0,0,644,544,54.20875420875421,45.79124579124579
FR,2014-03-11,100,1442,1458.327323162274,7.4535599249993,1848.5,1839.0,1855.5,100,0,0.0,0.0,0.0,0.0,0.0,0,764,650,54.03111739745403,45.96888260254597
FR,2014-03-12,66,1146,1459.1500872600343,5.123475382979799,1008.5,1006.1,1015.2,66,0,0.0,0.0,0.0,0.0,0.0,0,572,527,52.047315741583255,47.952684258416745
FR,2014-03-13,103,1481,1461.2349763673192,6.7,1836.5,1828.4,1843.3,103,0,0.0,0.0,0.0,0.0,0.0,0,684,722,48.64864864864865,51.35135135135135
FR,2014-03-14,67,1316,1494.439969604864,6.305553108173779,988.0,983.2,997.4,67,0,0.0,0.0,0.0,0.0,0.0,0,784,472,62.42038216560509,37.57961783439491
FR,2014-03-15,75,859,1369.278230500582,3.5,1108.5,1105.7,1111.3,75,0,0.0,0.0,0.0,0.0,0.0,0,412,427,49.106078665077476,50.89392133492253
FR,2014-03-16,93,741,1442.987854251013,5.727613425813193,1844.0,1837.5,1851.0,93,0,0.0,0.0,0.0,0.0,0.0,0,424,299,58.64453665283541,41.35546334716459
FR,2014-03-17,95,968,1416.863636363637,4.527692569068709,1850.5,1843.8,1853.0,95,1,76.15,0.0,0.0,0.0,0.0,1,478,457,51.12299465240642,48.87700534759358
FR,2014-03-18,116,1449,1462.4334023464448,8.31479419283098,1863.0,1855.2,1874.4,116,0,0.0,0.0,0.0,0.0,0.0,0,752,645,53.82963493199714,46.17036506800286
FR,2014-03-19,85,1639,1472.9194630872487,0.0,1009.0,1009.0,1009.0,85,0,0.0,0.0,0.0,0.0,0.0,0,781,796,49.52441344324667,50.47558655675333
FR,2014-03-20,76,1190,1418.596638655462,9.078362554264215,1869.5,1858.5,1877.0,76,0,0.0,0.0,0.0,0.0,0.0,0,630,514,55.069930069930074,44.93006993006993
FR,2014-03-21,85,946,1450.8509513742065,11.947115300935234,1876.0,1864.0,1894.0,85,0,0.0,0.0,0.0,0.0,0.0,0,494,412,54.52538631346579,45.47461368653421
FR,2014-03-22,99,1259,1456.707704527402,5.673402858955108,1884.5,1878.4,1889.9,99,0,0.0,0.0,0.0,0.0,0.0,0,628,595,51.349141455437454,48.65085854456255
FR,2014-03-23,99,1224,1489.2246732026135,5.242554243877692,1887.0,1880.7,1892.8,99,1,83.81,0.0,0.0,0.0,0.0,1,698,490,58.75420875420876,41.245791245791246
FR,2014-03-24,104,1622,1521.719482120837,9.585869229698938,1867.0,1857.2,1881.7,104,0,0.0,0.0,0.0,0.0,0.0,0,905,665,57.64331210191082,42.35668789808918
FR,2014-03-25,99,926,1450.071274298056,260.8570646221131,1847.0,1233.4,1874.3,99,0,0.0,0.0,0.0,0.0,0.0,0,434,435,49.942462600690455,50.057537399309545
FR,2014-03-26,71,799,1487.2365456821021,0.0,1408.0,1408.0,1408.0,71,0,0.0,0.0,0.0,0.0,0.0,0,445,319,58.24607329842932,41.753926701570684
FR,2014-03-27,83,1332,1512.6081081081077,11.45115229524474,1846.0,1828.4,1857.2,83,0,0.0,0.0,0.0,0.0,0.0,0,684,613,52.73708558211256,47.26291441788743
FR,2014-03-28,74,1158,1525.5388601036263,148.23557307194162,1842.0,1522.0,1852.0,74,0,0.0,0.0,0.0,0.0,0.0,0,613,496,55.27502254283137,44.72497745716862
FR,2014-03-29,87,1082,1512.8937153419593,22.94252329191364,1913.0,1874.0,1930.5,87,0,0.0,0.0,0.0,0.0,0.0,0,649,422,60.59757236227824,39.40242763772176
FR,2014-03-30,88,1088,1520.1939338235295,9.051933495115836,1933.0,1920.2,1940.4,88,0,0.0,0.0,0.0,0.0,0.0,0,607,468,56.46511627906977,43.53488372093023
FR,2014-03-31,75,889,1520.5084364454444,7.189401922274203,1910.5,1904.1,1919.0,75,0,0.0,0.0,0.0,0.0,0.0,0,414,423,49.46236559139785,50.53763440860215
FR,2014-04-01,71,1058,1519.5812854442345,6.453681120105021,1909.0,1900.0,1918.1,71,0,0.0,0.0,0.0,0.0,0.0,0,622,384,61.82902584493042,38.17097415506958
FR,2014-04-02,138,1484,1527.654312668464,0.0,1395.0,1395.0,1395.0,138,0,0.0,0.0,0.0,0.0,0.0,0,808,626,56.34588563458857,43.65411436541143
FR,2014-04-03,105,1484,1539.867250673855,11.904404384512482,1297.0,1281.0,1309.5,105,0,0.0,0.0,0.0,0.0,0.0,0,769,675,53.25484764542936,46.745152354570635
FR,2014-04-04,103,1416,1575.583333333334,7.141117248411174,1927.0,1918.0,1936.8,103,0,0.0,0.0,0.0,0.0,0.0,0,722,652,52.54730713245998,47.45269286754003
FR,2014-04-05,96,1038,1490.9267822736028,0.0,1921.0,1921.0,1921.0,96,0,0.0,0.0,0.0,0.0,0.0,0,660,340,66.0,34.0
FR,2014-04-06,109,1263,1448.0847189231988,6.339361166552983,1909.0,1901.1,1917.6,109,0,0.0,0.0,0.0,0.0,0.0,0,629,590,51.59967186218212,48.40032813781788
FR,2014-04-07,106,1273,1566.8507462686568,4.816637831516919,1905.0,1899.6,1910.4,106,0,0.0,0.0,0.0,0.0,0.0,0,755,477,61.282467532467535,38.717532467532465
FR,2014-04-08,90,1187,1481.315080033698,5.814254514170802,1921.0,1914.0,1927.5,90,0,0.0,0.0,0.0,0.0,0.0,0,595,540,52.42290748898678,47.57709251101321
FR,2014-04-09,112,1364,1560.2148093841652,145.92356732207446,1355.5,1116.4,1463.2,112,0,0.0,0.0,0.0,0.0,0.0,0,750,556,57.42725880551301,42.57274119448699
FR,2014-04-10,112,1203,1522.2859517871982,7.002856560004639,1927.0,1919.8,1935.2,112,0,0.0,0.0,0.0,0.0,0.0,0,622,552,52.98126064735945,47.018739352640544
FR,2014-04-11,103,1334,1488.2856071964038,12.31868499475492,1320.5,1308.8,1338.7,103,0,0.0,0.0,0.0,0.0,0.0,0,716,563,55.98123534010946,44.01876465989054
FR,2014-04-12,99,1169,1513.685201026518,3.771236166328253,1919.0,1919.0,1925.4,99,0,0.0,0.0,0.0,0.0,0.0,0,669,488,57.82195332757131,42.17804667242869
FR,2014-04-13,110,1083,1527.68051708218,0.0,1009.0,1009.0,1009.0,110,0,0.0,0.0,0.0,0.0,0.0,0,560,492,53.2319391634981,46.7680608365019
FR,2014-04-14,108,1369,1577.8531775018257,44.89772327808567,1299.5,1268.0,1374.0,108,0,0.0,0.0,0.0,0.0,0.0,0,813,525,60.76233183856502,39.23766816143498
FR,2014-04-15,89,1213,1592.9810387469083,6.819090848492928,1911.5,1905.1,1919.3,89,0,0.0,0.0,0.0,0.0,0.0,0,716,474,60.168067226890756,39.831932773109244
FR,2014-04-16,103,1225,1529.4432653061222,8.938058451861282,1916.0,1901.8,1923.5,103,0,0.0,0.0,0.0,0.0,0.0,0,625,548,53.28218243819267,46.71781756180734
FR,2014-04-17,75,790,1487.6556962025322,188.3542761217099,1275.5,949.1,1446.3,75,0,0.0,0.0,0.0,0.0,0.0,0,376,381,49.66974900924703,50.330250990752965
FR,2014-04-18,95,1161,1537.4375538329025,12.038505714361346,1352.0,1338.0,1367.0,95,0,0.0,0.0,0.0,0.0,0.0,0,599,522,53.43443354148082,46.56556645851918
FR,2014-04-19,105,1004,1624.1693227091628,5.656854249492381,1892.0,1886.4,1897.6,105,0,0.0,0.0,0.0,0.0,0.0,0,510,459,52.63157894736842,47.368421052631575
FR,2014-04-20,75,811,1393.270036991369,0.0,1343.0,1343.0,1343.0,75,0,0.0,0.0,0.0,0.0,0.0,0,389,398,49.428208386277,50.57179161372299
FR,2014-04-21,125,907,1459.367144432194,7.559133274904511,1898.0,1890.0,1911.0,125,8,90.99,0.0,0.0,0.0,0.0,8,441,425,50.92378752886836,49.07621247113164
FR,2014-04-22,88,1151,1388.5881841876633,6.450581369148055,1345.5,1338.3,1352.2,88,0,0.0,0.0,0.0,0.0,0.0,0,556,559,49.865470852017935,50.134529147982065
FR,2014-04-23,116,1090,1410.8788990825688,8.926785535678562,1912.5,1900.9,1920.8,116,0,0.0,0.0,0.0,0.0,0.0,0,590,467,55.81835383159886,44.18164616840114
FR,2014-04-24,88,1401,1461.9471805852968,7.351190379795642,1920.5,1908.7,1928.1,88,0,0.0,0.0,0.0,0.0,0.0,0,771,577,57.195845697329375,42.804154302670625
FR,2014-04-25,115,1007,1455.210526315789,4.963869458396342,1902.0,1895.8,1906.4,115,0,0.0,0.0,0.0,0.0,0.0,0,577,410,58.459979736575484,41.54002026342452
FR,2014-04-26,96,1334,1543.9797601199396,81.26606204010487,1255.0,1174.6,1354.8,96,0,0.0,0.0,0.0,0.0,0.0,0,779,545,58.83685800604229,41.1631419939577
FR,2014-04-27,121,1080,1492.5166666666664,5.642694391866353,1919.0,1913.8,1926.2,121,0,0.0,0.0,0.0,0.0,0.0,0,592,474,55.53470919324578,44.46529080675422
FR,2014-04-28,85,1130,1431.4168141592916,5.579946457550987,1905.0,1901.0,1914.2,85,0,0.0,0.0,0.0,0.0,0.0,0,546,532,50.649350649350644,49.35064935064935
FR,2014-04-29,100,1303,1463.59171143515,6.97614984548545,1910.0,1902.0,1915.6,100,0,0.0,0.0,0.0,0.0,0.0,0,690,575,54.54545454545454,45.45454545454545
FR,2014-04-30,84,1145,1471.7004366812232,95.42643282462492,1453.0,1445.6,1566.8000000000002,84,0,0.0,0.0,0.0,0.0,0.0,0,623,507,55.13274336283186,44.86725663716814
FR,2014-05-01,123,1342,1476.6415797317436,9.578622030334008,1889.0,1877.0,1900.5,123,10,90.13,0.0,0.0,0.0,0.0,10,679,626,52.03065134099617,47.96934865900383
FR,2014-05-02,110,1735,1346.2853025936597,7.899982419108427,1890.5,1882.0,1900.6,110,0,0.0,0.0,0.0,0.0,0.0,0,778,900,46.36471990464839,53.63528009535161
FR,2014-05-03,111,957,1473.2852664576808,7.47356452214515,1900.5,1889.2,1907.9,111,0,0.0,0.0,0.0,0.0,0.0,0,546,388,58.45824411134903,41.54175588865097
FR,2014-05-04,111,1064,1431.5780075187963,10.762747543907064,1937.0,1920.2,1945.0,111,0,0.0,0.0,0.0,0.0,0.0,0,552,488,53.07692307692308,46.92307692307692
FR,2014-05-05,101,1116,1301.86917562724,4.816637831516919,1935.0,1929.6,1940.4,101,0,0.0,0.0,0.0,0.0,0.0,0,475,583,44.896030245746694,55.10396975425331
FR,2014-05-06,103,1113,1199.0305480682844,3.5,1918.5,1915.7,1921.3,103,0,0.0,0.0,0.0,0.0,0.0,0,552,541,50.503202195791395,49.4967978042086
FR,2014-05-07,91,1278,1444.87323943662,97.3341538207427,1183.0,959.0,1192.0,91,0,0.0,0.0,0.0,0.0,0.0,0,713,516,58.0146460537022,41.985353946297806
FR,2014-05-08,105,1619,1522.168004941322,4.496912521077347,1175.0,1171.0,1179.8,105,0,0.0,0.0,0.0,0.0,0.0,0,889,691,56.265822784810126,43.734177215189874
FR,2014-05-09,93,1267,1461.8389897395425,4.0,1170.0,1166.8,1173.2,93,0,0.0,0.0,0.0,0.0,0.0,0,741,505,59.47030497592295,40.52969502407704
FR,2014-05-10,106,1483,1404.1685772083615,69.43276669490487,1168.0,1163.0,1178.0,106,0,0.0,0.0,0.0,0.0,0.0,0,702,736,48.817802503477054,51.18219749652295
FR,2014-05-11,86,1197,1467.9131161236432,3.771236166328253,1174.0,1174.0,1180.4,86,0,0.0,0.0,0.0,0.0,0.0,0,642,494,56.51408450704225,43.485915492957744
FR,2014-05-12,97,1051,1460.044719314938,4.830458915396479,1913.0,1907.6,1917.2,97,1,87.91,0.0,0.0,0.0,0.0,1,561,466,54.62512171372931,45.37487828627069
FR,2014-05-13,97,1161,1441.780361757105,7.35934779718964,1909.0,1898.8,1914.8,97,0,0.0,0.0,0.0,0.0,0.0,0,578,565,50.568678915135614,49.43132108486439
FR,2014-05-14,97,1023,1459.1182795698935,9.392668535736917,1151.0,1144.5,1165.5,97,0,0.0,0.0,0.0,0.0,0.0,0,548,438,55.57809330628803,44.42190669371197
FR,2014-05-15,84,943,1487.2226935312838,12.636005660542198,1874.0,1864.6,1894.8,84,0,0.0,0.0,0.0,0.0,0.0,0,465,446,51.042810098792536,48.957189901207464
FR,2014-05-16,99,1419,1495.606060606061,6.944222218666553,1840.0,1832.8,1846.4,99,0,0.0,0.0,0.0,0.0,0.0,0,736,644,53.333333333333336,46.666666666666664
FR,2014-05-17,100,1186,1560.1905564924111,9.096458768673529,1824.0,1812.4,1832.8,100,0,0.0,0.0,0.0,0.0,0.0,0,661,512,56.351236146632566,43.648763853367434
FR,2014-05-18,117,1089,1457.8943985307624,7.388053419767167,1804.0,1796.0,1813.5,117,0,0.0,0.0,0.0,0.0,0.0,0,588,462,56.00000000000001,44.0
FR,2014-05-19,90,1472,1500.466711956522,6.725650526157303,1801.0,1791.8,1807.5,90,0,0.0,0.0,0.0,0.0,0.0,0,790,655,54.67128027681662,45.32871972318339
FR,2014-05-20,101,1209,1490.3349875930517,5.817215828899595,1800.0,1793.8,1806.6,101,0,0.0,0.0,0.0,0.0,0.0,0,622,539,53.574504737295435,46.425495262704565
FR,2014-05-21,111,1898,1481.4699683877773,0.0,1813.0,1813.0,1813.0,111,0,0.0,0.0,0.0,0.0,0.0,0,921,909,50.32786885245901,49.67213114754098
FR,2014-05-22,106,1308,1457.5894495412842,5.664803615307418,1820.0,1813.6,1828.1,106,0,0.0,0.0,0.0,0.0,0.0,0,729,547,57.13166144200626,42.86833855799373
FR,2014-05-23,106,1582,1500.3887484197226,3.559026084010437,1810.0,1804.4,1810.8,106,0,0.0,0.0,0.0,0.0,0.0,0,728,783,48.18001323626737,51.81998676373263
FR,2014-05-24,117,859,1343.441210710128,6.86309265683675,1797.0,1787.2,1802.4,117,0,0.0,0.0,0.0,0.0,0.0,0,357,468,43.27272727272727,56.72727272727273
FR,2014-05-25,106,1664,1531.349759615385,5.489889697333535,1804.5,1797.0,1810.0,106,0,0.0,0.0,0.0,0.0,0.0,0,897,730,55.132145052243395,44.867854947756605
FR,2014-05-26,150,1110,1444.5729729729733,9.622023349240706,1803.0,1791.0,1813.5,150,1,85.43,0.0,0.0,0.0,0.0,1,562,521,51.89289012003694,48.10710987996307
FR,2014-05-27,122,1158,1463.3091537132982,9.346657156438338,1818.0,1808.4,1829.6,122,0,0.0,0.0,0.0,0.0,0.0,0,617,501,55.18783542039356,44.81216457960644
FR,2014-05-28,102,956,1475.5460251046031,58.612178768580165,1174.5,1159.8,1185.6,102,0,0.0,0.0,0.0,0.0,0.0,0,519,388,57.22160970231533,42.77839029768467
FR,2014-05-29,120,1106,1444.3526220614822,5.696002496878354,1846.0,1841.2,1853.4,120,0,0.0,0.0,0.0,0.0,0.0,0,496,550,47.41873804971319,52.58126195028681
FR,2014-05-30,91,1219,1503.2821985233795,15.112595162458986,1858.0,1847.2,1882.4,91,0,0.0,0.0,0.0,0.0,0.0,0,621,517,54.569420035149385,45.430579964850615
FR,2014-05-31,113,1122,1446.0409982174683,5.817215828899594,1875.0,1868.2,1880.8,113,0,0.0,0.0,0.0,0.0,0.0,0,531,562,48.58188472095151,51.41811527904849
FR,2014-06-01,115,1056,1500.0018939393935,3.741657386773941,1873.0,1870.6,1877.8,115,0,0.0,0.0,0.0,0.0,0.0,0,521,484,51.840796019900495,48.159203980099505
FR,2014-06-02,103,908,1439.2709251101323,136.3679662612236,1401.5,1391.0,1589.5,103,0,0.0,0.0,0.0,0.0,0.0,0,465,411,53.082191780821915,46.917808219178085
FR,2014-06-03,115,1100,1469.5963636363645,0.0,988.0,988.0,988.0,115,0,0.0,0.0,0.0,0.0,0.0,0,619,443,58.28625235404896,41.71374764595104
FR,2014-06-04,105,1297,1476.9136468774095,5.0,1871.0,1867.0,1875.0,105,0,0.0,0.0,0.0,0.0,0.0,0,637,622,50.5957108816521,49.4042891183479
FR,2014-06-05,114,956,1453.9393305439326,5.774680837545068,1872.0,1865.6,1879.4,114,0,0.0,0.0,0.0,0.0,0.0,0,536,397,57.449088960342976,42.55091103965702
FR,2014-06-06,105,1060,1483.5745283018866,13.811227316933133,1897.0,1876.2,1908.4,105,0,0.0,0.0,0.0,0.0,0.0,0,588,442,57.0873786407767,42.9126213592233
FR,2014-06-07,103,760,1490.8500000000006,4.320493798938574,1896.0,1889.6,1897.6,103,0,0.0,0.0,0.0,0.0,0.0,0,392,342,53.40599455040872,46.59400544959128
FR,2014-06-08,94,811,1427.4808877928492,6.905613658466566,1886.0,1877.7,1892.2,94,0,0.0,0.0,0.0,0.0,0.0,0,390,402,49.24242424242424,50.75757575757576
FR,2014-06-09,108,1438,1428.8171070931846,16.183015788165072,1049.0,1028.1,1067.0,108,0,0.0,0.0,0.0,0.0,0.0,0,767,631,54.86409155937053,45.13590844062947
FR,2014-06-10,122,1276,1434.067398119122,9.321985211532128,1052.0,1038.4,1059.8,122,0,0.0,0.0,0.0,0.0,0.0,0,600,642,48.309178743961354,51.690821256038646
FR,2014-06-11,102,1204,1451.5282392026572,0.0,1882.0,1882.0,1882.0,102,0,0.0,0.0,0.0,0.0,0.0,0,627,530,54.191875540190146,45.808124459809854
FR,2014-06-12,97,1135,1552.4405286343604,3.0,1875.0,1872.6,1877.4,97,0,0.0,0.0,0.0,0.0,0.0,0,569,512,52.63644773358001,47.36355226641999
FR,2014-06-13,71,848,1607.5023584905657,6.020373573058708,1396.0,1390.2,1404.4,71,0,0.0,0.0,0.0,0.0,0.0,0,447,399,52.836879432624116,47.16312056737589
FR,2014-06-14,98,716,1510.7960893854745,5.354126134736337,1879.0,1875.0,1885.4,98,0,0.0,0.0,0.0,0.0,0.0,0,379,314,54.689754689754686,45.310245310245314
FR,2014-06-15,105,647,1586.4744976816082,9.720586192116572,1882.0,1870.8,1892.8,105,0,0.0,0.0,0.0,0.0,0.0,0,278,337,45.203252032520325,54.796747967479675
FR,2014-06-16,93,1131,1521.3059239610964,0.0,1891.0,1891.0,1891.0,93,0,0.0,0.0,0.0,0.0,0.0,0,572,532,51.81159420289855,48.188405797101446
FR,2014-06-17,90,860,1515.8837209302326,7.7781745930520225,1906.0,1897.3,1915.7,90,5,67.75,0.0,0.0,0.0,0.0,5,392,435,47.40024183796856,52.59975816203144
FR,2014-06-18,66,965,1479.9575129533682,7.519521918083837,1417.0,1407.0,1425.6,66,0,0.0,0.0,0.0,0.0,0.0,0,504,420,54.54545454545454,45.45454545454545
FR,2014-06-19,109,1055,1398.102369668247,0.0,1890.0,1890.0,1890.0,109,0,0.0,0.0,0.0,0.0,0.0,0,497,515,49.11067193675889,50.8893280632411
FR,2014-06-20,95,1020,1382.3362745098038,3.858612300930076,1440.0,1434.4,1441.6,95,0,0.0,0.0,0.0,0.0,0.0,0,413,571,41.97154471544716,58.02845528455285
FR,2014-06-21,112,754,1469.0450928381963,0.0,1789.0,1789.0,1789.0,112,0,0.0,0.0,0.0,0.0,0.0,0,382,351,52.11459754433834,47.88540245566166
FR,2014-06-22,103,905,1505.699447513812,0.0,986.0,986.0,986.0,103,0,0.0,0.0,0.0,0.0,0.0,0,506,333,60.30989272943981,39.69010727056019
FR,2014-06-23,103,1029,1494.664723032069,8.695365144719341,1893.5,1886.9,1906.1,103,0,0.0,0.0,0.0,0.0,0.0,0,504,479,51.271617497456766,48.728382502543234
FR,2014-06-24,98,944,1547.2394067796615,0.0,1461.0,1461.0,1461.0,98,0,0.0,0.0,0.0,0.0,0.0,0,511,395,56.40176600441501,43.59823399558499
FR,2014-06-25,103,1179,1578.714164546226,3.4641016151377544,1911.0,1911.0,1916.6,103,0,0.0,0.0,0.0,0.0,0.0,0,618,511,54.738706820194864,45.261293179805136
FR,2014-06-26,108,1062,1448.5659133709978,7.772594363563293,1934.0,1926.0,1942.0,108,0,0.0,0.0,0.0,0.0,0.0,0,617,434,58.705994291151285,41.294005708848715
FR,2014-06-27,70,1101,1473.880108991825,11.278481823771092,1453.0,1437.2,1465.8,70,0,0.0,0.0,0.0,0.0,0.0,0,552,517,51.637043966323674,48.36295603367633
FR,2014-06-28,77,748,1509.1363636363642,0.0,1138.0,1138.0,1138.0,77,0,0.0,0.0,0.0,0.0,0.0,0,396,316,55.61797752808989,44.38202247191011
FR,2014-06-29,73,837,1537.7252090800475,7.138627319029899,1899.0,1894.8,1910.2,73,0,0.0,0.0,0.0,0.0,0.0,0,428,357,54.52229299363057,45.47770700636943
FR,2014-06-30,96,1421,1492.0520760028144,0.0,1158.0,1158.0,1158.0,96,0,0.0,0.0,0.0,0.0,0.0,0,708,678,51.082251082251084,48.917748917748916
FR,2014-07-01,84,798,1484.6165413533838,0.0,1899.0,1899.0,1899.0,84,0,0.0,0.0,0.0,0.0,0.0,0,420,349,54.61638491547465,45.38361508452536
FR,2014-07-02,111,1374,1517.6040756914117,15.382112176160984,1885.5,1862.9,1899.7,111,18,52.23666666666667,0.0,0.0,0.0,0.0,6,724,596,54.848484848484844,45.151515151515156
FR,2014-07-03,88,1177,1559.481733220051,145.0,1706.0,1590.0,1822.0,88,0,0.0,0.0,0.0,0.0,0.0,0,760,370,67.2566371681416,32.743362831858406
FR,2014-07-04,86,985,1384.3269035533003,5.792715732327588,1852.0,1844.8,1856.0,86,0,0.0,0.0,0.0,0.0,0.0,0,426,541,44.05377456049638,55.946225439503614
FR,2014-07-05,85,809,1512.5092707045733,10.552631173852236,1444.0,1431.0,1457.8,85,0,0.0,0.0,0.0,0.0,0.0,0,406,382,51.52284263959391,48.47715736040609
FR,2014-07-06,81,625,1487.0784,7.252585745787498,1407.0,1402.3,1415.8,81,0,0.0,0.0,0.0,0.0,0.0,0,293,296,49.745331069609506,50.25466893039049
FR,2014-07-07,87,872,1477.9942660550464,5.024937810560445,1858.0,1852.1,1862.5,87,0,0.0,0.0,0.0,0.0,0.0,0,386,455,45.89774078478002,54.10225921521997
FR,2014-07-08,101,700,1591.5385714285717,6.531972647421808,1859.0,1852.6,1865.4,101,0,0.0,0.0,0.0,0.0,0.0,0,340,333,50.52005943536404,49.47994056463596
FR,2014-07-09,83,1161,1484.285960378984,4.13991411612474,1858.5,1852.5,1862.5,83,0,0.0,0.0,0.0,0.0,0.0,0,577,540,51.656222023276634,48.343777976723366
FR,2014-07-10,91,1009,1564.0019821605545,0.0,1844.0,1844.0,1844.0,91,0,0.0,0.0,0.0,0.0,0.0,0,506,470,51.84426229508197,48.15573770491803
FR,2014-07-11,77,1060,1548.8047169811323,5.715476066494082,1859.0,1853.4,1864.6,77,0,0.0,0.0,0.0,0.0,0.0,0,488,526,48.12623274161736,51.87376725838264
FR,2014-07-12,113,1096,1535.7874087591229,14.36043948569201,1879.0,1862.2,1898.2,113,0,0.0,0.0,0.0,0.0,0.0,0,574,491,53.89671361502347,46.10328638497653
FR,2014-07-13,102,1052,1481.9363117870732,9.336573120430009,1870.0,1859.4,1880.4,102,0,0.0,0.0,0.0,0.0,0.0,0,531,483,52.366863905325445,47.633136094674555
FR,2014-07-14,92,1169,1561.0641573994874,8.218942779224301,1872.5,1863.6,1883.0,92,0,0.0,0.0,0.0,0.0,0.0,0,614,489,55.6663644605621,44.3336355394379
FR,2014-07-15,103,1455,1502.7347079037804,7.130217387990355,1863.0,1855.1,1867.6,103,0,0.0,0.0,0.0,0.0,0.0,0,741,683,52.03651685393258,47.96348314606742
FR,2014-07-16,106,773,1529.614489003881,8.640987597877148,1830.5,1819.0,1837.5,106,0,0.0,0.0,0.0,0.0,0.0,0,380,345,52.41379310344828,47.58620689655172
FR,2014-07-17,98,1248,1621.3437500000005,4.223742416388575,1811.0,1803.4,1812.6,98,0,0.0,0.0,0.0,0.0,0.0,0,653,546,54.46205170975813,45.53794829024187
FR,2014-07-18,108,959,1530.8227320125125,5.220153254455275,1830.0,1822.0,1833.5,108,0,0.0,0.0,0.0,0.0,0.0,0,516,420,55.12820512820513,44.871794871794876
FR,2014-07-19,72,845,1583.0307692307697,6.599663291074443,1138.0,1130.0,1142.8,72,0,0.0,0.0,0.0,0.0,0.0,0,386,444,46.50602409638554,53.493975903614455
FR,2014-07-20,72,665,1497.9187969924806,0.0,1824.0,1824.0,1824.0,72,0,0.0,0.0,0.0,0.0,0.0,0,356,294,54.769230769230774,45.230769230769226
FR,2014-07-21,102,672,1501.892857142855,4.027681991198191,1816.0,1811.6,1821.2,102,0,0.0,0.0,0.0,0.0,0.0,0,310,335,48.06201550387597,51.93798449612403
FR,2014-07-22,129,806,1454.751861042184,5.39351462406472,1803.5,1796.8,1811.2,129,0,0.0,0.0,0.0,0.0,0.0,0,327,452,41.97689345314506,58.02310654685494
FR,2014-07-23,94,925,1438.101621621621,0.0,1364.0,1364.0,1364.0,94,0,0.0,0.0,0.0,0.0,0.0,0,428,442,49.195402298850574,50.804597701149426
FR,2014-07-24,114,959,1360.5140771637132,10.44695596280988,1254.5,1241.0,1269.3,114,0,0.0,0.0,0.0,0.0,0.0,0,459,476,49.09090909090909,50.90909090909091
FR,2014-07-25,80,794,1428.979848866498,0.0,1821.0,1821.0,1821.0,80,0,0.0,0.0,0.0,0.0,0.0,0,390,398,49.49238578680203,50.50761421319797
FR,2014-07-26,91,618,1341.5517799352756,21.893048110200542,1827.0,1818.1,1835.9,91,0,0.0,0.0,0.0,0.0,0.0,0,281,293,48.954703832752614,51.045296167247386
FR,2014-07-27,95,1071,1351.3221288515404,13.140268896284685,1839.0,1822.6,1854.6,95,0,0.0,0.0,0.0,0.0,0.0,0,495,530,48.292682926829265,51.707317073170735
FR,2014-07-28,92,1326,1373.3808446455498,7.55707450009592,1099.0,1089.0,1106.5,92,0,0.0,0.0,0.0,0.0,0.0,0,599,695,46.29057187017002,53.70942812982998
FR,2014-07-29,101,1084,1413.3985239852404,4.3985155195259,1097.0,1091.2,1101.2,101,0,0.0,0.0,0.0,0.0,0.0,0,555,507,52.259887005649716,47.740112994350284
FR,2014-07-30,84,850,1420.8470588235289,7.56042326857432,1121.0,1112.7,1129.7,84,6,92.7,0.0,0.0,0.0,0.0,6,380,431,46.8557336621455,53.144266337854496
FR,2014-07-31,84,726,1566.7603305785128,3.5,1848.5,1845.7,1851.3,84,0,0.0,0.0,0.0,0.0,0.0,0,329,377,46.60056657223796,53.39943342776204
FR,2014-08-01,90,713,1441.9144460028049,9.095843831113196,1856.0,1847.9,1867.7,90,0,0.0,0.0,0.0,0.0,0.0,0,384,304,55.81395348837209,44.18604651162791
FR,2014-08-02,99,934,1450.6573875802994,4.20883424647321,1862.0,1859.6,1869.4,99,0,0.0,0.0,0.0,0.0,0.0,0,466,427,52.183650615901456,47.816349384098544
FR,2014-08-03,87,743,1555.515477792732,104.6974260448086,1228.0,1215.8,1445.4,87,0,0.0,0.0,0.0,0.0,0.0,0,375,352,51.5818431911967,48.4181568088033
FR,2014-08-04,95,882,1493.6190476190477,4.109609335312651,1869.0,1865.8,1873.8,95,0,0.0,0.0,0.0,0.0,0.0,0,505,351,58.99532710280374,41.00467289719626
FR,2014-08-05,95,690,1521.9304347826094,8.27101700047958,1845.5,1837.1,1857.3,95,0,0.0,0.0,0.0,0.0,0.0,0,340,295,53.54330708661418,46.45669291338583
FR,2014-08-06,98,990,1584.0020202020205,16.90443728729235,1865.5,1847.2,1887.5,98,0,0.0,0.0,0.0,0.0,0.0,0,493,477,50.824742268041234,49.17525773195876
FR,2014-08-07,73,607,1377.0856672158154,7.993799249811131,1880.0,1872.0,1890.0,73,0,0.0,0.0,0.0,0.0,0.0,0,278,296,48.43205574912892,51.56794425087108
FR,2014-08-08,74,951,1415.9305993690843,13.303367687797504,1852.0,1832.2,1864.0,74,0,0.0,0.0,0.0,0.0,0.0,0,431,505,46.047008547008545,53.95299145299145
FR,2014-08-09,72,672,1292.403273809524,3.5,1838.5,1835.7,1841.3,72,0,0.0,0.0,0.0,0.0,0.0,0,325,323,50.15432098765432,49.84567901234568
FR,2014-08-10,91,676,1420.6937869822482,12.409673645990855,1258.0,1242.3,1271.7,91,0,0.0,0.0,0.0,0.0,0.0,0,308,333,48.049921996879874,51.950078003120126
FR,2014-08-11,92,558,1435.3548387096776,0.0,1849.0,1849.0,1849.0,92,0,0.0,0.0,0.0,0.0,0.0,0,234,307,43.253234750462106,56.74676524953789
FR,2014-08-12,82,851,1338.2585193889536,0.0,968.0,968.0,968.0,82,0,0.0,0.0,0.0,0.0,0.0,0,459,380,54.70798569725864,45.29201430274136
FR,2014-08-13,76,600,1323.051666666667,5.0,1835.0,1831.0,1839.0,76,0,0.0,0.0,0.0,0.0,0.0,0,312,268,53.79310344827586,46.206896551724135
FR,2014-08-14,74,935,1434.8106951871666,5.966573556070519,1844.0,1835.2,1848.2,74,0,0.0,0.0,0.0,0.0,0.0,0,529,356,59.774011299435024,40.225988700564976
FR,2014-08-15,67,463,1467.1619870410364,70.65541380531289,1374.5,1232.6,1385.6,67,0,0.0,0.0,0.0,0.0,0.0,0,259,189,57.8125,42.1875
FR,2014-08-16,69,470,1498.6234042553194,0.0,1842.0,1842.0,1842.0,69,0,0.0,0.0,0.0,0.0,0.0,0,178,280,38.864628820960704,61.135371179039296
FR,2014-08-17,74,465,1385.0817204301077,0.0,1415.0,1415.0,1415.0,74,0,0.0,0.0,0.0,0.0,0.0,0,207,247,45.59471365638766,54.40528634361234
FR,2014-08-18,74,513,1337.732943469786,0.0,1248.0,1248.0,1248.0,74,0,0.0,0.0,0.0,0.0,0.0,0,231,266,46.478873239436616,53.52112676056338
FR,2014-08-19,67,510,1240.074509803921,5.9907335852038095,1848.5,1842.0,1855.5,67,0,0.0,0.0,0.0,0.0,0.0,0,247,241,50.614754098360656,49.385245901639344
FR,2014-08-20,81,561,1290.552584670232,0.0,1828.0,1828.0,1828.0,81,0,0.0,0.0,0.0,0.0,0.0,0,272,266,50.55762081784386,49.44237918215613
FR,2014-08-21,80,780,1358.9320512820525,7.071067811865476,1835.0,1824.8,1840.2,80,0,0.0,0.0,0.0,0.0,0.0,0,373,377,49.733333333333334,50.26666666666667
FR,2014-08-22,75,665,1310.0872180451129,8.253632471802451,1100.0,1090.6,1109.4,75,0,0.0,0.0,0.0,0.0,0.0,0,344,286,54.6031746031746,45.3968253968254
FR,2014-08-23,72,539,1381.6808905380333,0.0,1338.0,1338.0,1338.0,72,0,0.0,0.0,0.0,0.0,0.0,0,307,215,58.81226053639846,41.18773946360153
FR,2014-08-24,59,510,1422.570588235294,7.340905181848413,1231.0,1223.5,1239.5,59,0,0.0,0.0,0.0,0.0,0.0,0,202,272,42.616033755274266,57.383966244725734
FR,2014-08-25,83,974,1363.3162217659146,7.725768570181222,1244.0,1236.1,1252.6,83,0,0.0,0.0,0.0,0.0,0.0,0,520,424,55.08474576271186,44.91525423728814
FR,2014-08-26,94,1026,1424.923976608187,6.718843437888484,1857.0,1849.2,1865.4,94,0,0.0,0.0,0.0,0.0,0.0,0,490,504,49.29577464788733,50.70422535211267
FR,2014-08-27,103,1074,1482.2048417132207,94.9383444989344,1837.0,1617.0,1848.0,103,0,0.0,0.0,0.0,0.0,0.0,0,514,521,49.66183574879227,50.33816425120773
FR,2014-08-28,89,884,1581.7952488687786,88.67669116264744,1661.5,1650.0,1843.5,89,0,0.0,0.0,0.0,0.0,0.0,0,452,394,53.42789598108747,46.57210401891253
FR,2014-08-29,108,1473,1507.784114052954,20.13976166691156,1881.5,1854.2,1904.6,108,0,0.0,0.0,0.0,0.0,0.0,0,738,679,52.081863091037405,47.9181369089626
FR,2014-08-30,75,726,1507.9256198347098,0.0,1301.0,1301.0,1301.0,75,0,0.0,0.0,0.0,0.0,0.0,0,352,353,49.9290780141844,50.070921985815595
FR,2014-08-31,106,1056,1547.803977272727,8.133879763065101,1277.0,1264.6,1282.2,106,0,0.0,0.0,0.0,0.0,0.0,0,473,548,46.32713026444662,53.67286973555338
FR,2014-09-01,103,704,1470.1576704545448,7.549016778428013,1923.0,1914.6,1931.8,103,0,0.0,0.0,0.0,0.0,0.0,0,303,378,44.49339207048458,55.50660792951542
FR,2014-09-02,118,948,1376.3649789029523,4.5,1915.5,1911.9,1919.1,118,0,0.0,0.0,0.0,0.0,0.0,0,466,451,50.81788440567067,49.18211559432933
FR,2014-09-03,81,800,1546.48625,8.399735445569435,1226.0,1217.5,1235.5,81,0,0.0,0.0,0.0,0.0,0.0,0,407,376,51.979565772669226,48.020434227330774
FR,2014-09-04,88,1061,1488.329877474082,103.68592781230043,1184.5,1168.6,1208.7,88,0,0.0,0.0,0.0,0.0,0.0,0,479,565,45.88122605363984,54.11877394636016
FR,2014-09-05,100,1061,1495.4410933082002,5.763872155263528,1925.0,1917.3,1931.9,100,0,0.0,0.0,0.0,0.0,0.0,0,530,496,51.656920077972714,48.343079922027286
FR,2014-09-06,105,1045,1556.4736842105278,7.839363577598321,1921.0,1912.2,1930.8,105,0,0.0,0.0,0.0,0.0,0.0,0,487,546,47.14424007744434,52.85575992255567
FR,2014-09-07,109,865,1545.972254335261,15.361966020011891,1915.0,1898.9,1936.4,109,0,0.0,0.0,0.0,0.0,0.0,0,490,344,58.752997601918466,41.247002398081534
FR,2014-09-08,95,696,1534.8433908045981,342.0296039818776,1466.5,1122.7,1810.3,95,0,0.0,0.0,0.0,0.0,0.0,0,355,323,52.359882005899706,47.640117994100294
FR,2014-09-09,95,620,1514.1290322580644,8.94427190999916,1131.0,1121.4,1140.6,95,0,0.0,0.0,0.0,0.0,0.0,0,276,338,44.951140065146575,55.048859934853425
FR,2014-09-10,83,841,1611.1605231866824,25.915620331426176,1240.0,1232.0,1252.8,83,0,0.0,0.0,0.0,0.0,0.0,0,388,433,47.259439707673565,52.740560292326435
FR,2014-09-11,86,702,1558.2792022792016,6.128258770283411,1170.0,1163.6,1175.6,86,0,0.0,0.0,0.0,0.0,0.0,0,333,350,48.75549048316252,51.244509516837475
FR,2014-09-12,113,711,1504.5822784810134,8.569568250501305,1904.5,1892.1,1913.9,113,0,0.0,0.0,0.0,0.0,0.0,0,352,357,49.647390691114246,50.352609308885754
FR,2014-09-13,86,939,1523.205537806177,9.48986828148842,1144.0,1134.4,1158.6,86,0,0.0,0.0,0.0,0.0,0.0,0,455,474,48.977395048439185,51.022604951560815
FR,2014-09-14,93,744,1666.948924731183,9.129916314010028,1864.0,1852.0,1872.0,93,0,0.0,0.0,0.0,0.0,0.0,0,355,343,50.85959885386819,49.14040114613181
FR,2014-09-15,77,536,1539.169776119403,4.784233364802441,955.0,953.4,962.2,77,0,0.0,0.0,0.0,0.0,0.0,0,270,263,50.65666041275797,49.34333958724203
FR,2014-09-16,94,958,1621.5699373695202,11.203682044287092,1884.0,1866.6,1895.2,94,0,0.0,0.0,0.0,0.0,0.0,0,495,438,53.054662379421224,46.94533762057878
FR,2014-09-17,69,897,1695.171683389075,0.0,1334.0,1334.0,1334.0,69,0,0.0,0.0,0.0,0.0,0.0,0,496,372,57.14285714285714,42.857142857142854
FR,2014-09-18,71,558,1543.3476702508965,9.96562137889332,1137.0,1125.0,1150.8,71,0,0.0,0.0,0.0,0.0,0.0,0,245,283,46.40151515151515,53.59848484848485
FR,2014-09-19,92,692,1504.760115606937,11.27199411105548,1893.0,1878.0,1906.0,92,0,0.0,0.0,0.0,0.0,0.0,0,339,340,49.92636229749632,50.07363770250368
FR,2014-09-20,100,600,1500.833333333333,5.5805785670356025,1873.0,1865.8,1877.8,100,0,0.0,0.0,0.0,0.0,0.0,0,314,258,54.89510489510489,45.10489510489511
FR,2014-09-21,84,728,1664.1813186813188,12.36868525753647,1861.0,1851.5,1879.5,84,0,0.0,0.0,0.0,0.0,0.0,0,326,387,45.72230014025245,54.27769985974754
FR,2014-09-22,83,893,1567.955207166854,5.782732917920384,1223.0,1215.4,1227.8,83,0,0.0,0.0,0.0,0.0,0.0,0,396,471,45.674740484429066,54.325259515570934
FR,2014-09-23,96,756,1514.333333333332,12.174654911833118,1870.0,1859.1,1889.1,96,0,0.0,0.0,0.0,0.0,0.0,0,320,394,44.81792717086835,55.182072829131656
FR,2014-09-24,94,885,1543.8237288135588,20.944927786936866,1191.0,1168.3,1218.6,94,0,0.0,0.0,0.0,0.0,0.0,0,417,450,48.09688581314879,51.903114186851205
FR,2014-09-25,83,538,1537.778810408922,0.0,937.0,937.0,937.0,83,0,0.0,0.0,0.0,0.0,0.0,0,284,211,57.37373737373738,42.62626262626263
FR,2014-09-26,87,654,1556.0244648318044,19.92474731472285,1879.0,1858.0,1908.0,87,0,0.0,0.0,0.0,0.0,0.0,0,268,364,42.405063291139236,57.59493670886076
FR,2014-09-27,101,1127,1518.8926353149957,7.6638355279846655,1890.0,1880.5,1901.0,101,0,0.0,0.0,0.0,0.0,0.0,0,606,476,56.007393715341955,43.992606284658045
FR,2014-09-28,98,1068,1488.5749063670416,6.137871731125953,1885.0,1878.6,1893.4,98,0,0.0,0.0,0.0,0.0,0.0,0,485,555,46.63461538461539,53.36538461538461
FR,2014-09-29,111,1397,1503.137437365784,12.828655208698526,982.0,965.6,997.4,111,0,0.0,0.0,0.0,0.0,0.0,0,747,618,54.72527472527473,45.27472527472528
FR,2014-09-30,59,458,1552.480349344978,8.302860952707807,1879.5,1867.9,1886.1,59,0,0.0,0.0,0.0,0.0,0.0,0,179,239,42.822966507177036,57.17703349282297
FR,2014-10-01,82,946,1524.507399577167,13.64249416561442,1105.0,1093.6,1127.4,82,0,0.0,0.0,0.0,0.0,0.0,0,427,489,46.61572052401747,53.38427947598253
FR,2014-10-02,87,673,1512.0683506686482,8.625257197811267,981.0,973.6,993.6,87,0,0.0,0.0,0.0,0.0,0.0,0,331,319,50.92307692307693,49.07692307692308
FR,2014-10-03,103,625,1518.3344000000002,11.382247385975914,1021.5,1004.0,1029.5,103,0,0.0,0.0,0.0,0.0,0.0,0,305,275,52.58620689655172,47.41379310344828
FR,2014-10-04,102,606,1577.282178217822,6.531972647421808,1882.0,1875.6,1888.4,102,0,0.0,0.0,0.0,0.0,0.0,0,322,271,54.300168634064086,45.699831365935914
FR,2014-10-05,57,713,1560.3702664796638,11.034491379306976,1880.0,1867.2,1892.2,57,0,0.0,0.0,0.0,0.0,0.0,0,401,300,57.203994293865904,42.796005706134096
FR,2014-10-06,92,621,1452.157809983898,3.5,1004.5,1001.7,1007.3,92,0,0.0,0.0,0.0,0.0,0.0,0,362,251,59.05383360522023,40.94616639477977
FR,2014-10-07,115,810,1472.4518518518523,0.0,999.0,999.0,999.0,115,0,0.0,0.0,0.0,0.0,0.0,0,472,301,61.0608020698577,38.939197930142306
FR,2014-10-08,97,1391,1438.641984184041,8.255147541837154,988.0,979.0,998.9,97,0,0.0,0.0,0.0,0.0,0.0,0,610,742,45.11834319526627,54.88165680473372
FR,2014-10-09,78,979,1457.3054136874368,5.291502622129181,976.0,968.4,981.4,78,0,0.0,0.0,0.0,0.0,0.0,0,487,455,51.69851380042463,48.30148619957537
FR,2014-10-10,94,970,1544.2824742268042,12.7765280660079,1897.0,1877.0,1908.0,94,0,0.0,0.0,0.0,0.0,0.0,0,453,494,47.83526927138332,52.16473072861668
FR,2014-10-11,97,919,1481.2448313384111,18.18481509391833,1917.0,1886.0,1930.0,97,0,0.0,0.0,0.0,0.0,0.0,0,428,453,48.58115777525539,51.41884222474461
FR,2014-10-12,97,732,1390.5765027322402,9.81885940422817,1933.5,1919.1,1938.9,97,0,0.0,0.0,0.0,0.0,0.0,0,301,402,42.81650071123755,57.18349928876245
FR,2014-10-13,86,1119,1449.026809651475,8.178562764256865,1166.0,1157.2,1173.2,86,2,66.215,0.0,0.0,0.0,0.0,1,574,517,52.61228230980751,47.38771769019248
FR,2014-10-14,114,1119,1445.3020554066131,3.5,924.5,921.7,927.3,114,0,0.0,0.0,0.0,0.0,0.0,0,566,496,53.29566854990584,46.70433145009416
FR,2014-10-15,97,1064,1558.557330827068,4.0,1224.0,1220.8,1227.2,97,0,0.0,0.0,0.0,0.0,0.0,0,527,513,50.67307692307692,49.32692307692308
FR,2014-10-16,102,1000,1466.9369999999997,0.0,1437.0,1437.0,1437.0,102,0,0.0,0.0,0.0,0.0,0.0,0,494,463,51.619644723092996,48.380355276907
FR,2014-10-17,121,1371,1491.2830051057606,10.612638652736354,1893.0,1883.0,1910.0,121,0,0.0,0.0,0.0,0.0,0.0,0,657,679,49.17664670658682,50.82335329341318
FR,2014-10-18,94,1020,1541.7833333333317,19.163812268968616,1890.0,1876.0,1924.0,94,0,0.0,0.0,0.0,0.0,0.0,0,527,489,51.870078740157474,48.12992125984252
FR,2014-10-19,66,914,1551.815098468272,3.39934634239519,922.0,920.4,926.8,66,0,0.0,0.0,0.0,0.0,0.0,0,496,412,54.62555066079295,45.37444933920705
FR,2014-10-20,123,1504,1521.3670212765967,7.724860476911871,1891.0,1880.8,1899.4,123,0,0.0,0.0,0.0,0.0,0.0,0,724,729,49.82794218857536,50.172057811424644
FR,2014-10-21,98,910,1399.8076923076922,18.320597630008177,1367.0,1339.0,1385.0,98,0,0.0,0.0,0.0,0.0,0.0,0,426,482,46.91629955947136,53.08370044052864
FR,2014-10-22,109,968,1379.8047520661155,11.513277359447027,953.0,935.0,961.0,109,0,0.0,0.0,0.0,0.0,0.0,0,521,412,55.841371918542336,44.158628081457664
FR,2014-10-23,118,1167,1413.6486718080553,6.977642868476432,946.5,938.1,954.2,118,0,0.0,0.0,0.0,0.0,0.0,0,564,553,50.49239033124441,49.5076096687556
FR,2014-10-24,107,1380,1447.7884057971012,17.951787283350555,1938.0,1908.8,1953.2,107,0,0.0,0.0,0.0,0.0,0.0,0,679,663,50.59612518628912,49.40387481371088
FR,2014-10-25,95,1294,1516.5610510046367,14.817407180595245,1955.0,1938.2,1976.8,95,0,0.0,0.0,0.0,0.0,0.0,0,644,630,50.54945054945055,49.45054945054945
FR,2014-10-26,102,1402,1474.3038516405136,13.27943862912545,1948.0,1933.6,1966.6,102,5,74.22,0.0,0.0,0.0,0.0,5,664,688,49.112426035502956,50.887573964497044
FR,2014-10-27,120,1243,1500.3934030571202,7.809459284802479,929.0,921.6,939.6,120,0,0.0,0.0,0.0,0.0,0.0,0,560,627,47.17775905644482,52.82224094355518
FR,2014-10-28,112,1066,1501.4981238273924,11.964133728263343,1912.5,1896.6,1927.4,112,0,0.0,0.0,0.0,0.0,0.0,0,563,478,54.082612872238236,45.917387127761764
FR,2014-10-29,96,920,1537.3413043478258,14.556403707265368,1868.0,1852.0,1886.0,96,0,0.0,0.0,0.0,0.0,0.0,0,475,422,52.95429208472687,47.045707915273134
FR,2014-10-30,125,1799,1474.4324624791554,6.565214453186318,1847.0,1838.6,1852.6,125,0,0.0,0.0,0.0,0.0,0.0,0,792,938,45.78034682080925,54.21965317919075
FR,2014-10-31,77,809,1549.8887515451177,5.885575587824865,1834.0,1827.2,1840.2,77,0,0.0,0.0,0.0,0.0,0.0,0,409,376,52.101910828025474,47.898089171974526
FR,2014-11-01,87,1267,1535.205998421468,6.794115100585212,1846.0,1835.8,1850.6,87,0,0.0,0.0,0.0,0.0,0.0,0,603,618,49.385749385749385,50.61425061425061
FR,2014-11-02,98,1516,1413.8924802110823,4.5,1832.5,1828.9,1836.1,98,0,0.0,0.0,0.0,0.0,0.0,0,644,851,43.07692307692308,56.92307692307692
FR,2014-11-03,81,833,1494.5822328931567,3.771236166328253,1315.0,1308.6,1315.0,81,0,0.0,0.0,0.0,0.0,0.0,0,375,448,45.56500607533414,54.434993924665854
FR,2014-11-04,107,941,1535.3698193411262,3.919183588453085,1009.0,1007.0,1015.6,107,0,0.0,0.0,0.0,0.0,0.0,0,410,513,44.42036836403034,55.57963163596966
FR,2014-11-05,122,1315,1481.6114068441066,4.189935029992178,1003.0,1000.6,1008.6,122,0,0.0,0.0,0.0,0.0,0.0,0,687,585,54.009433962264154,45.990566037735846
FR,2014-11-06,108,1106,1427.5207956600354,5.576920370269467,988.0,983.8,995.4,108,0,0.0,0.0,0.0,0.0,0.0,0,535,542,49.675023212627664,50.324976787372336
FR,2014-11-07,114,1458,1442.6131687242798,24.61754798185744,1857.0,1829.2,1890.0,114,0,0.0,0.0,0.0,0.0,0.0,0,700,722,49.226441631504926,50.773558368495074
FR,2014-11-08,110,1475,1489.8101694915254,4.546060565661952,1891.0,1885.4,1894.2,110,0,0.0,0.0,0.0,0.0,0.0,0,762,670,53.212290502793294,46.787709497206706
FR,2014-11-09,101,1282,1443.907956318253,5.540205551332948,1873.0,1869.0,1882.0,101,0,0.0,0.0,0.0,0.0,0.0,0,637,602,51.41242937853108,48.58757062146893
FR,2014-11-10,147,1243,1448.0611423974271,12.026637102698324,1006.0,993.2,1020.4,147,0,0.0,0.0,0.0,0.0,0.0,0,611,585,51.08695652173913,48.91304347826087
FR,2014-11-11,119,1557,1459.974309569685,9.11157688511343,1893.0,1884.1,1909.4,119,8,73.56,0.0,0.0,0.0,0.0,8,774,747,50.887573964497044,49.112426035502956
FR,2014-11-12,94,781,1535.2548015364926,12.20604990654174,1008.0,999.6,1026.8,94,0,0.0,0.0,0.0,0.0,0.0,0,355,407,46.58792650918635,53.41207349081365
FR,2014-11-13,102,1224,1525.611111111111,13.900129876587894,1044.0,1019.2,1053.0,102,0,0.0,0.0,0.0,0.0,0.0,0,596,566,51.29087779690189,48.709122203098104
FR,2014-11-14,96,1189,1508.6324642556765,12.30447073221762,1048.5,1028.2,1060.0,96,0,0.0,0.0,0.0,0.0,0.0,0,566,601,48.500428449014564,51.499571550985436
FR,2014-11-15,113,636,1454.9040880503148,8.84904263497219,1004.0,991.6,1014.7,113,0,0.0,0.0,0.0,0.0,0.0,0,290,340,46.03174603174603,53.96825396825397
FR,2014-11-16,97,760,1383.9171052631584,4.716449719776908,1884.0,1880.4,1891.4,97,0,0.0,0.0,0.0,0.0,0.0,0,395,347,53.23450134770889,46.76549865229111
FR,2014-11-17,115,899,1389.134593993327,7.946247991527646,997.0,987.2,1005.8,115,0,0.0,0.0,0.0,0.0,0.0,0,494,371,57.10982658959538,42.89017341040463
FR,2014-11-18,105,1364,1493.3071847507333,9.622997252653017,1905.0,1891.8,1915.0,105,0,0.0,0.0,0.0,0.0,0.0,0,641,688,48.23175319789315,51.768246802106844
FR,2014-11-19,98,1089,1507.1781450872363,9.918000286279437,1025.0,1015.0,1039.0,98,0,0.0,0.0,0.0,0.0,0.0,0,562,491,53.371320037986706,46.628679962013294
FR,2014-11-20,92,800,1553.3275000000003,7.6798171746946355,1000.0,988.8,1004.8,92,0,0.0,0.0,0.0,0.0,0.0,0,391,393,49.87244897959184,50.12755102040817
FR,2014-11-21,119,855,1524.9239766081869,5.0039984012787215,1913.0,1908.0,1919.2,119,0,0.0,0.0,0.0,0.0,0.0,0,397,426,48.23815309842041,51.76184690157959
FR,2014-11-22,84,698,1665.1819484240684,7.505553499465135,1211.0,1203.0,1219.0,84,0,0.0,0.0,0.0,0.0,0.0,0,334,343,49.33530280649926,50.66469719350074
FR,2014-11-23,121,908,1399.242290748899,6.531972647421808,1901.0,1894.6,1907.4,121,0,0.0,0.0,0.0,0.0,0.0,0,429,448,48.91676168757127,51.08323831242873
FR,2014-11-24,82,905,1499.7513812154705,6.213644260818284,1876.0,1869.2,1883.6,82,0,0.0,0.0,0.0,0.0,0.0,0,439,442,49.82973893303065,50.17026106696936
FR,2014-11-25,109,1115,1442.8618834080712,4.7784237289438165,1878.5,1871.1,1880.9,109,0,0.0,0.0,0.0,0.0,0.0,0,514,559,47.90307548928239,52.09692451071761
FR,2014-11-26,77,1296,1613.775462962963,4.992556442816721,1424.0,1416.0,1432.0,77,0,0.0,0.0,0.0,0.0,0.0,0,677,559,54.773462783171524,45.226537216828476
FR,2014-11-27,90,899,1426.9532814238048,12.120231020900553,1034.0,1018.0,1051.0,90,0,0.0,0.0,0.0,0.0,0.0,0,449,424,51.431844215349365,48.56815578465063
FR,2014-11-28,82,928,1485.1810344827582,8.514693182963201,1875.5,1867.1,1885.3,82,0,0.0,0.0,0.0,0.0,0.0,0,456,462,49.673202614379086,50.326797385620914
FR,2014-11-29,87,920,1412.6989130434777,3.766629793329841,1010.5,1007.0,1014.7,87,0,0.0,0.0,0.0,0.0,0.0,0,417,482,46.38487208008899,53.61512791991101
FR,2014-11-30,107,1389,1471.5457163426925,7.264675505766355,1864.0,1856.0,1873.8,107,0,0.0,0.0,0.0,0.0,0.0,0,681,679,50.0735294117647,49.9264705882353
FR,2014-12-01,103,1205,1458.5020746887965,0.0,998.0,998.0,998.0,103,0,0.0,0.0,0.0,0.0,0.0,0,623,553,52.976190476190474,47.023809523809526
FR,2014-12-02,101,814,1496.222358722359,0.0,1807.0,1807.0,1807.0,101,0,0.0,0.0,0.0,0.0,0.0,0,391,385,50.38659793814433,49.61340206185567
FR,2014-12-03,110,1315,1595.8053231939175,4.0,1002.0,998.8,1005.2,110,0,0.0,0.0,0.0,0.0,0.0,0,704,585,54.615981380915436,45.38401861908456
FR,2014-12-04,127,1250,1510.6567999999995,5.872801368884133,1004.0,998.4,1010.8,127,0,0.0,0.0,0.0,0.0,0.0,0,631,579,52.14876033057851,47.85123966942149
FR,2014-12-05,112,1418,1498.239069111425,10.890793129979102,1853.0,1842.2,1867.7,112,0,0.0,0.0,0.0,0.0,0.0,0,665,717,48.118668596237335,51.881331403762665
FR,2014-12-06,112,1473,1536.5885947046847,4.0,985.0,981.8,988.2,112,0,0.0,0.0,0.0,0.0,0.0,0,689,743,48.114525139664806,51.885474860335194
FR,2014-12-07,118,1904,1561.811449579831,8.749857141690944,1886.0,1879.8,1899.2,118,0,0.0,0.0,0.0,0.0,0.0,0,964,901,51.689008042895445,48.31099195710456
FR,2014-12-08,130,1373,1600.2243262927896,7.837863150465954,1904.0,1893.8,1911.2,130,0,0.0,0.0,0.0,0.0,0.0,0,711,646,52.39498894620487,47.60501105379514
FR,2014-12-09,116,916,1522.734716157205,0.0,1898.0,1898.0,1898.0,116,0,0.0,0.0,0.0,0.0,0.0,0,413,464,47.092360319270234,52.90763968072976
FR,2014-12-10,134,1792,1448.7154017857135,32.71966364266126,1016.5,979.6,1062.4,134,0,0.0,0.0,0.0,0.0,0.0,0,909,809,52.91036088474971,47.08963911525029
FR,2014-12-11,113,1137,1522.1952506596297,3.771236166328253,1070.0,1070.0,1076.4,113,0,0.0,0.0,0.0,0.0,0.0,0,491,582,45.75955265610438,54.24044734389562
FR,2014-12-12,119,1503,1479.103127079175,8.613216588476108,1051.0,1041.4,1059.9,119,0,0.0,0.0,0.0,0.0,0.0,0,730,739,49.69366916269571,50.306330837304294
FR,2014-12-13,122,1267,1487.0078926598255,9.752403549894764,1911.0,1896.3,1919.6,122,0,0.0,0.0,0.0,0.0,0.0,0,577,655,46.83441558441558,53.16558441558441
FR,2014-12-14,113,1401,1393.3483226266962,7.630348761506398,1911.0,1905.0,1919.8,113,0,0.0,0.0,0.0,0.0,0.0,0,625,718,46.53760238272524,53.46239761727476
FR,2014-12-15,107,1381,1447.7697320782052,16.918530857924175,1032.0,1005.2,1047.0,107,0,0.0,0.0,0.0,0.0,0.0,0,653,667,49.46969696969697,50.530303030303024
FR,2014-12-16,118,1505,1442.4325581395356,9.191844211038392,1015.5,1006.2,1024.7,118,0,0.0,0.0,0.0,0.0,0.0,0,693,750,48.024948024948024,51.975051975051976
FR,2014-12-17,114,1589,1451.0308370044047,12.223216630387778,1031.0,1014.5,1048.3,114,0,0.0,0.0,0.0,0.0,0.0,0,823,696,54.18038183015141,45.81961816984859
FR,2014-12-18,128,1030,1450.3757281553403,4.320493798938574,1020.0,1013.6,1021.6,128,0,0.0,0.0,0.0,0.0,0.0,0,504,503,50.04965243296922,49.95034756703078
FR,2014-12-19,109,945,1401.412698412699,25.809296892673824,1361.0,1337.4,1402.9,109,0,0.0,0.0,0.0,0.0,0.0,0,474,458,50.858369098712444,49.141630901287556
FR,2014-12-20,114,1532,1452.8936031331589,6.8102984728465605,1017.0,1011.0,1026.0,114,4,78.88,0.0,0.0,0.0,0.0,4,677,824,45.103264490339775,54.896735509660225
FR,2014-12-21,112,1489,1488.0094022834123,7.363574011458174,1033.0,1025.0,1039.4,112,0,0.0,0.0,0.0,0.0,0.0,0,737,721,50.548696844993145,49.45130315500686
FR,2014-12-22,102,865,1539.083236994219,64.68570166582411,1451.5,1295.1,1457.0,102,0,0.0,0.0,0.0,0.0,0.0,0,429,379,53.0940594059406,46.9059405940594
FR,2014-12-23,108,1486,1419.9448183041716,34.08055198597345,1465.0,1434.4,1486.0,108,0,0.0,0.0,0.0,0.0,0.0,0,808,648,55.494505494505496,44.505494505494504
FR,2014-12-24,80,801,1433.569288389513,6.881716696534232,1195.0,1192.6,1205.6,80,0,0.0,0.0,0.0,0.0,0.0,0,397,385,50.767263427109974,49.232736572890026
FR,2014-12-25,83,797,1436.6097867001254,0.0,1468.0,1468.0,1468.0,83,0,0.0,0.0,0.0,0.0,0.0,0,439,338,56.4993564993565,43.5006435006435
FR,2014-12-26,87,1163,1570.5726569217543,9.943364552049694,1460.5,1446.7,1472.3,87,0,0.0,0.0,0.0,0.0,0.0,0,562,566,49.822695035460995,50.177304964539005
FR,2014-12-27,107,1345,1558.319702602231,29.18549983662155,1395.0,1373.7,1447.9,107,0,0.0,0.0,0.0,0.0,0.0,0,672,638,51.29770992366412,48.70229007633588
FR,2014-12-28,98,822,1480.2676399026764,0.0,1017.0,1017.0,1017.0,98,0,0.0,0.0,0.0,0.0,0.0,0,447,347,56.297229219143574,43.702770780856426
FR,2014-12-29,127,1181,1499.7950889077058,4.955804677345547,1918.0,1912.6,1923.8,127,0,0.0,0.0,0.0,0.0,0.0,0,561,566,49.77817213842059,50.22182786157941
FR,2014-12-30,117,1008,1418.8432539682535,0.0,1013.0,1013.0,1013.0,117,0,0.0,0.0,0.0,0.0,0.0,0,523,460,53.20447609359105,46.79552390640895
FR,2014-12-31,112,1302,1378.6090629800317,11.790709619583264,1424.0,1409.0,1440.5,112,0,0.0,0.0,0.0,0.0,0.0,0,648,601,51.881505204163325,48.11849479583667
FR,2015-01-01,116,1040,1460.654807692307,0.0,1006.0,1006.0,1006.0,116,0,0.0,0.0,0.0,0.0,0.0,0,477,527,47.50996015936255,52.49003984063745
FR,2015-01-02,127,1738,1413.2278481012645,15.688290186619822,1941.0,1917.6,1954.4,127,0,0.0,0.0,0.0,0.0,0.0,0,885,792,52.772808586762075,47.227191413237925
FR,2015-01-03,131,1241,1463.4657534246574,6.986415389883427,1953.5,1943.9,1964.0,131,0,0.0,0.0,0.0,0.0,0.0,0,604,591,50.54393305439331,49.4560669456067
FR,2015-01-04,98,1705,1499.347214076246,7.442295015789203,972.0,963.2,980.8,98,0,0.0,0.0,0.0,0.0,0.0,0,864,834,50.8833922261484,49.11660777385159
FR,2015-01-05,75,650,1556.501538461538,139.80065172316696,1210.0,975.6,1215.6,75,0,0.0,0.0,0.0,0.0,0.0,0,270,355,43.2,56.8
FR,2015-01-06,82,991,1524.1947527749742,0.0,959.0,959.0,959.0,82,0,0.0,0.0,0.0,0.0,0.0,0,471,480,49.52681388012618,50.473186119873816
FR,2015-01-07,79,1209,1607.6319272125722,4.223742416388575,1432.0,1424.4,1433.6,79,0,0.0,0.0,0.0,0.0,0.0,0,567,590,49.00605012964564,50.99394987035436
FR,2015-01-08,108,1271,1408.25885129819,8.712366236780166,938.0,930.0,949.6,108,0,0.0,0.0,0.0,0.0,0.0,0,549,692,44.23851732473811,55.76148267526189
FR,2015-01-09,93,948,1519.732067510549,11.86144500265547,946.0,929.2,956.2,93,0,0.0,0.0,0.0,0.0,0.0,0,418,504,45.33622559652928,54.66377440347071
FR,2015-01-10,111,1395,1524.6867383512545,10.74277441893231,946.0,929.0,953.0,111,0,0.0,0.0,0.0,0.0,0.0,0,772,582,57.01624815361891,42.98375184638109
FR,2015-01-11,86,1059,1506.640226628895,5.686240703077327,954.5,949.0,961.5,86,0,0.0,0.0,0.0,0.0,0.0,0,494,532,48.148148148148145,51.85185185185185
FR,2015-01-12,121,1675,1905.266865671641,4.0,951.0,947.8,954.2,121,0,0.0,0.0,0.0,0.0,0.0,0,941,647,59.25692695214105,40.74307304785894
FR,2015-01-13,84,1097,1520.8331814038288,3.559026084010437,949.0,948.2,954.6,84,0,0.0,0.0,0.0,0.0,0.0,0,578,470,55.152671755725194,44.847328244274806
FR,2015-01-14,90,1292,1630.5294117647063,6.207303137828695,962.0,955.0,970.4,90,0,0.0,0.0,0.0,0.0,0.0,0,634,615,50.76060848678943,49.23939151321057
FR,2015-01-15,84,1105,1855.586425339366,0.0,832.0,832.0,832.0,84,0,0.0,0.0,0.0,0.0,0.0,0,629,448,58.40297121634169,41.59702878365831
FR,2015-01-16,103,988,1465.28947368421,3.771236166328253,958.0,958.0,964.4,103,0,0.0,0.0,0.0,0.0,0.0,0,522,452,53.59342915811089,46.40657084188911
FR,2015-01-17,106,1009,1416.0574826560944,5.521756597167912,958.0,950.0,964.4,106,0,0.0,0.0,0.0,0.0,0.0,0,449,532,45.769622833843016,54.230377166156984
FR,2015-01-18,75,892,1374.334080717488,6.557438524302,961.5,955.9,969.1,75,0,0.0,0.0,0.0,0.0,0.0,0,470,407,53.59179019384265,46.40820980615735
FR,2015-01-19,110,979,1416.6312563840654,0.0,951.0,951.0,951.0,110,0,0.0,0.0,0.0,0.0,0.0,0,443,480,47.99566630552546,52.00433369447454
FR,2015-01-20,92,1179,1855.8405428329115,15.805932430578084,1455.0,1455.0,1491.0,92,0,0.0,0.0,0.0,0.0,0.0,0,672,472,58.74125874125874,41.25874125874126
FR,2015-01-21,110,1241,1556.439161966155,15.121728296285006,1248.0,1242.4,1270.4,110,0,0.0,0.0,0.0,0.0,0.0,0,599,603,49.833610648918466,50.166389351081534
FR,2015-01-22,104,1202,1530.3793677204671,4.0,955.0,951.8,958.2,104,0,0.0,0.0,0.0,0.0,0.0,0,631,530,54.34969853574505,45.65030146425496
FR,2015-01-23,81,617,1450.0421393841168,5.219488054929866,1422.0,1416.3,1426.8,81,0,0.0,0.0,0.0,0.0,0.0,0,233,372,38.51239669421488,61.48760330578512
FR,2015-01-24,109,1087,1728.8610855565782,8.388049534903809,1431.5,1424.0,1443.4,109,0,0.0,0.0,0.0,0.0,0.0,0,587,477,55.169172932330824,44.83082706766917
FR,2015-01-25,117,1699,1864.0158917009992,3.5,1912.5,1909.7,1915.3,117,8,89.31,0.0,0.0,0.0,0.0,8,934,652,58.890290037831015,41.10970996216898
FR,2015-01-26,95,1427,1444.2669936930631,3.944053188733077,952.0,948.0,957.0,95,0,0.0,0.0,0.0,0.0,0.0,0,684,693,49.673202614379086,50.326797385620914
FR,2015-01-27,96,1491,1792.69885982562,34.09901839577725,1386.0,1331.4,1416.9,96,0,0.0,0.0,0.0,0.0,0.0,0,813,600,57.537154989384284,42.462845010615716
FR,2015-01-28,105,1353,1466.8972653362905,10.267177341195367,1415.5,1399.7,1424.3,105,0,0.0,0.0,0.0,0.0,0.0,0,679,621,52.23076923076923,47.76923076923077
FR,2015-01-29,101,1651,1750.32889158086,18.39414774328548,1383.0,1366.0,1416.0,101,0,0.0,0.0,0.0,0.0,0.0,0,791,787,50.126742712294046,49.87325728770596
FR,2015-01-30,130,911,1393.1877058177822,0.0,942.0,942.0,942.0,130,0,0.0,0.0,0.0,0.0,0.0,0,414,427,49.22711058263972,50.77288941736029
FR,2015-01-31,97,1083,1410.644506001846,5.715476066494082,943.0,937.4,948.6,97,0,0.0,0.0,0.0,0.0,0.0,0,544,484,52.918287937743195,47.081712062256805
FR,2015-02-01,85,1135,1467.5101321585914,4.5,1439.5,1435.9,1443.1,85,0,0.0,0.0,0.0,0.0,0.0,0,562,542,50.90579710144928,49.094202898550726
FR,2015-02-02,103,1109,1533.790802524797,0.0,929.0,929.0,929.0,103,0,0.0,0.0,0.0,0.0,0.0,0,574,505,53.19740500463392,46.80259499536608
FR,2015-02-03,99,927,1537.0172599784237,0.0,938.0,938.0,938.0,99,0,0.0,0.0,0.0,0.0,0.0,0,455,442,50.72463768115942,49.275362318840585
FR,2015-02-04,104,1146,1428.895287958116,5.678908345800274,949.0,944.3,956.6,104,0,0.0,0.0,0.0,0.0,0.0,0,585,504,53.71900826446281,46.28099173553719
FR,2015-02-05,107,1197,1467.9306599832917,6.425258797689316,951.0,942.2,959.0,107,0,0.0,0.0,0.0,0.0,0.0,0,597,566,51.33276010318143,48.66723989681857
FR,2015-02-06,118,1139,1540.0421422300278,16.451950239004088,949.0,931.6,972.6,118,0,0.0,0.0,0.0,0.0,0.0,0,530,565,48.401826484018265,51.598173515981735
FR,2015-02-07,99,1027,1519.9610516066218,8.161941187647537,990.0,984.8,1002.4,99,0,0.0,0.0,0.0,0.0,0.0,0,578,414,58.266129032258064,41.733870967741936
FR,2015-02-08,108,695,1585.7669064748209,5.5901699437494745,1942.5,1936.5,1948.5,108,0,0.0,0.0,0.0,0.0,0.0,0,298,370,44.61077844311377,55.38922155688623
FR,2015-02-09,95,1164,1586.8221649484526,4.17612260356422,963.0,959.4,968.0,95,0,0.0,0.0,0.0,0.0,0.0,0,537,598,47.31277533039648,52.68722466960353
FR,2015-02-10,85,1358,1517.4631811487488,30.779516924561616,1400.0,1357.3,1437.4,85,0,0.0,0.0,0.0,0.0,0.0,0,618,723,46.085011185682326,53.914988814317674
FR,2015-02-11,96,1540,1563.5551948051948,4.0,1923.0,1919.8,1926.2,96,0,0.0,0.0,0.0,0.0,0.0,0,691,809,46.06666666666667,53.93333333333333
FR,2015-02-12,118,1458,1443.4005486968445,5.734883511361751,948.0,941.6,952.8,118,0,0.0,0.0,0.0,0.0,0.0,0,693,724,48.90613973182781,51.0938602681722
FR,2015-02-13,98,1039,1387.574590952839,20.312482339081807,1431.0,1402.4,1454.6,98,0,0.0,0.0,0.0,0.0,0.0,0,529,437,54.761904761904766,45.23809523809524
FR,2015-02-14,104,963,1527.1775700934577,12.463400470584928,1434.0,1414.2,1443.0,104,0,0.0,0.0,0.0,0.0,0.0,0,442,510,46.42857142857143,53.57142857142857
FR,2015-02-15,103,915,1545.157377049181,3.1874754901018454,949.0,947.4,953.2,103,0,0.0,0.0,0.0,0.0,0.0,0,522,357,59.38566552901023,40.61433447098976
FR,2015-02-16,101,952,1333.663865546219,11.130538571376,960.0,943.5,968.5,101,0,0.0,0.0,0.0,0.0,0.0,0,419,499,45.64270152505447,54.35729847494554
FR,2015-02-17,96,862,1366.0684454756383,23.65830838322038,799.0,757.4,817.0,96,0,0.0,0.0,0.0,0.0,0.0,0,495,348,58.718861209964416,41.281138790035584
FR,2015-02-18,136,1347,1497.4758723088344,18.29443605396308,786.0,771.0,816.0,136,0,0.0,0.0,0.0,0.0,0.0,0,660,651,50.34324942791763,49.65675057208238
FR,2015-02-19,101,905,1505.76906077348,6.97614984548545,776.0,772.6,785.6,101,0,0.0,0.0,0.0,0.0,0.0,0,482,396,54.89749430523918,45.10250569476082
FR,2015-02-20,102,1571,1474.9751750477403,5.986651818838306,980.0,972.0,984.8,102,0,0.0,0.0,0.0,0.0,0.0,0,779,747,51.048492791612055,48.95150720838794
FR,2015-02-21,95,659,1370.9408194233697,0.0,980.0,980.0,980.0,95,0,0.0,0.0,0.0,0.0,0.0,0,298,349,46.05873261205564,53.94126738794436
FR,2015-02-22,102,1056,1319.9678030303028,5.315072906367325,988.5,981.0,992.1,102,0,0.0,0.0,0.0,0.0,0.0,0,496,523,48.67517173699706,51.32482826300294
FR,2015-02-23,137,1531,1418.7583278902684,14.103781998693352,993.5,977.0,1010.0,137,0,0.0,0.0,0.0,0.0,0.0,0,732,772,48.67021276595745,51.329787234042556
FR,2015-02-24,131,1588,1465.9754408060453,6.057020719792859,1030.0,1023.4,1035.9,131,0,0.0,0.0,0.0,0.0,0.0,0,828,703,54.082299150881774,45.917700849118226
FR,2015-02-25,128,1832,1499.7663755458518,5.356071321407137,1034.0,1028.8,1039.9,128,0,0.0,0.0,0.0,0.0,0.0,0,801,956,45.58907228229938,54.41092771770063
FR,2015-02-26,119,1412,1434.2549575070811,4.06201920231798,1033.5,1028.6,1037.0,119,0,0.0,0.0,0.0,0.0,0.0,0,606,766,44.16909620991253,55.83090379008746
FR,2015-02-27,128,1419,1536.8851303735028,17.128786551292045,1360.5,1345.5,1389.9,128,0,0.0,0.0,0.0,0.0,0.0,0,695,691,50.144300144300146,49.855699855699854
FR,2015-02-28,90,1214,1432.6367380560127,13.53961413847136,1364.0,1351.0,1383.8,90,0,0.0,0.0,0.0,0.0,0.0,0,551,634,46.49789029535865,53.502109704641356
FR,2015-03-01,98,1286,1427.5062208398133,0.5,1038.5,1038.1,1038.9,98,0,0.0,0.0,0.0,0.0,0.0,0,530,719,42.43394715772618,57.56605284227382
FR,2015-03-02,107,1209,1376.2440033085204,7.4565407529228995,1044.0,1032.2,1048.2,107,0,0.0,0.0,0.0,0.0,0.0,0,604,594,50.41736227045075,49.58263772954925
FR,2015-03-03,93,1302,1458.7242703533025,3.832427429188973,1031.0,1027.3,1035.4,93,0,0.0,0.0,0.0,0.0,0.0,0,715,580,55.21235521235521,44.78764478764479
FR,2015-03-04,93,921,1407.2334419109666,15.093709590559646,1045.0,1032.8,1069.4,93,0,0.0,0.0,0.0,0.0,0.0,0,524,375,58.28698553948832,41.71301446051168
FR,2015-03-05,110,1603,1374.7242669993773,12.939947745593448,1080.0,1066.0,1100.0,110,0,0.0,0.0,0.0,0.0,0.0,0,826,737,52.847088931541904,47.152911068458096
FR,2015-03-06,90,991,1528.3683148335017,7.547816179920691,1420.0,1411.8,1430.0,90,0,0.0,0.0,0.0,0.0,0.0,0,471,491,48.96049896049896,51.03950103950103
FR,2015-03-07,87,1185,1412.809282700422,6.791351042288408,1064.0,1054.0,1068.8,87,0,0.0,0.0,0.0,0.0,0.0,0,592,523,53.09417040358745,46.90582959641256
FR,2015-03-08,106,1263,1430.9208234362625,6.773794912798966,1048.0,1040.0,1055.0,106,0,0.0,0.0,0.0,0.0,0.0,0,705,523,57.41042345276873,42.589576547231275
FR,2015-03-09,127,1335,1406.212734082397,15.060422521649658,1056.5,1032.1,1067.7,127,0,0.0,0.0,0.0,0.0,0.0,0,693,589,54.05616224648986,45.94383775351014
FR,2015-03-10,116,1183,1442.7387996618772,9.237604307034012,1036.0,1028.1,1050.2,116,0,0.0,0.0,0.0,0.0,0.0,0,540,615,46.75324675324675,53.246753246753244
FR,2015-03-11,127,1216,1346.9457236842106,10.095462710888432,1009.0,998.4,1021.2,127,0,0.0,0.0,0.0,0.0,0.0,0,505,662,43.27335047129392,56.72664952870608
FR,2015-03-12,99,1268,1420.1206624605688,11.950402929504712,1013.0,993.5,1025.5,99,0,0.0,0.0,0.0,0.0,0.0,0,643,592,52.06477732793522,47.935222672064775
FR,2015-03-13,130,1040,1390.0173076923088,8.958236433584458,993.0,982.7,1001.9,130,0,0.0,0.0,0.0,0.0,0.0,0,514,460,52.772073921971256,47.227926078028744
FR,2015-03-14,112,910,1381.364835164836,4.0,968.0,964.8,971.2,112,0,0.0,0.0,0.0,0.0,0.0,0,420,455,48.0,52.0
FR,2015-03-15,99,811,1423.9284833538843,0.0,956.0,956.0,956.0,99,0,0.0,0.0,0.0,0.0,0.0,0,427,361,54.18781725888325,45.81218274111675
FR,2015-03-16,117,1448,1549.5966850828745,4.861342722049588,1369.0,1367.0,1377.0,117,0,0.0,0.0,0.0,0.0,0.0,0,674,729,48.03991446899501,51.960085531004985
FR,2015-03-17,98,1346,1503.95765230312,0.0,1502.0,1502.0,1502.0,98,0,0.0,0.0,0.0,0.0,0.0,0,651,653,49.923312883435585,50.07668711656442
FR,2015-03-18,111,1141,1530.1577563540743,5.924697529522206,842.0,836.6,850.4,111,0,0.0,0.0,0.0,0.0,0.0,0,524,582,47.377938517179025,52.62206148282098
FR,2015-03-19,115,1100,1523.086363636363,6.430158534243942,955.0,947.6,963.6,115,0,0.0,0.0,0.0,0.0,0.0,0,567,493,53.49056603773585,46.509433962264154
FR,2015-03-20,114,1168,1422.27140410959,0.0,958.0,958.0,958.0,114,0,0.0,0.0,0.0,0.0,0.0,0,444,667,39.96399639963996,60.03600360036003
FR,2015-03-21,114,1420,1455.1429577464785,2.6246692913372702,866.0,862.0,866.8,114,0,0.0,0.0,0.0,0.0,0.0,0,723,681,51.49572649572649,48.504273504273506
FR,2015-03-22,99,1347,1420.7030438010393,4.609772228646444,1361.5,1356.6,1366.4,99,0,0.0,0.0,0.0,0.0,0.0,0,681,629,51.98473282442748,48.01526717557252
FR,2015-03-23,130,1133,1400.8817299205643,7.980347762674453,983.0,975.0,994.0,130,0,0.0,0.0,0.0,0.0,0.0,0,460,609,43.03086997193639,56.96913002806361
FR,2015-03-24,117,1033,1386.1268151016454,9.860749210886564,979.0,964.9,986.7,117,0,0.0,0.0,0.0,0.0,0.0,0,482,506,48.78542510121457,51.21457489878543
FR,2015-03-25,117,1252,1451.939297124601,0.0,969.0,969.0,969.0,117,0,0.0,0.0,0.0,0.0,0.0,0,638,590,51.954397394136805,48.045602605863195
FR,2015-03-26,111,907,1414.3263506063956,5.138887356744271,953.0,946.0,959.4,111,0,0.0,0.0,0.0,0.0,0.0,0,467,411,53.18906605922551,46.81093394077448
FR,2015-03-27,107,939,1437.4483493077737,5.315072906367325,938.5,933.1,943.9,107,0,0.0,0.0,0.0,0.0,0.0,0,412,510,44.68546637744035,55.31453362255966
FR,2015-03-28,124,1050,1501.3199999999997,3.766629793329841,925.5,922.0,929.7,124,0,0.0,0.0,0.0,0.0,0.0,0,461,569,44.75728155339806,55.24271844660195
FR,2015-03-29,102,1103,1527.1876699909333,3.559026084010437,907.0,901.4,907.8,102,0,0.0,0.0,0.0,0.0,0.0,0,459,625,42.343173431734314,57.656826568265686
FR,2015-03-30,131,945,1397.1640211640206,6.363961030678928,931.0,924.7,937.3,131,1,91.4,0.0,0.0,0.0,0.0,1,445,476,48.31704668838219,51.68295331161781
FR,2015-03-31,124,1153,1482.465741543799,5.617029500382143,942.0,936.4,949.4,124,0,0.0,0.0,0.0,0.0,0.0,0,560,515,52.093023255813954,47.906976744186046
FR,2015-04-01,113,1017,1457.3156342182888,3.858612300930075,942.0,940.4,947.6,113,0,0.0,0.0,0.0,0.0,0.0,0,432,530,44.90644490644491,55.09355509355509
FR,2015-04-02,164,1086,1404.7965009208096,11.46472851837321,966.0,952.6,978.4,164,0,0.0,0.0,0.0,0.0,0.0,0,547,500,52.24450811843362,47.75549188156638
FR,2015-04-03,125,971,1370.9392378990722,5.576920370269467,982.0,973.6,985.4,125,0,0.0,0.0,0.0,0.0,0.0,0,458,481,48.77529286474974,51.22470713525027
FR,2015-04-04,143,1598,1452.359198998749,4.0,981.0,977.8,984.2,143,0,0.0,0.0,0.0,0.0,0.0,0,758,790,48.96640826873385,51.03359173126615
FR,2015-04-05,118,1338,1234.4357249626298,12.180461254141257,1004.0,994.0,1021.0,118,0,0.0,0.0,0.0,0.0,0.0,0,694,585,54.26114151681001,45.73885848318999
FR,2015-04-06,149,1411,1345.8618001417435,6.551081335677848,1035.5,1027.5,1043.5,149,0,0.0,0.0,0.0,0.0,0.0,0,802,557,59.01398086828551,40.9860191317145
FR,2015-04-07,127,898,1460.9231625835205,4.4,1036.0,1034.0,1043.6,127,0,0.0,0.0,0.0,0.0,0.0,0,471,388,54.83119906868452,45.16880093131548
FR,2015-04-08,109,1000,1444.7659999999998,3.265986323710904,1415.0,1411.8,1418.2,109,0,0.0,0.0,0.0,0.0,0.0,0,528,428,55.23012552301255,44.76987447698745
FR,2015-04-09,108,1097,1416.030993618961,9.26312882106017,1039.5,1026.5,1047.5,108,0,0.0,0.0,0.0,0.0,0.0,0,485,576,45.71159283694628,54.28840716305372
FR,2015-04-10,113,889,1379.1923509561304,6.015604707757983,1053.0,1047.4,1059.3,113,0,0.0,0.0,0.0,0.0,0.0,0,414,452,47.80600461893764,52.19399538106235
FR,2015-04-11,114,754,1365.769230769231,20.240081513027047,1398.0,1384.6,1434.6,114,0,0.0,0.0,0.0,0.0,0.0,0,333,390,46.058091286307054,53.941908713692946
FR,2015-04-12,107,1203,1403.8229426433916,7.510659092250161,1050.5,1040.8,1062.0,107,0,0.0,0.0,0.0,0.0,0.0,0,684,464,59.58188153310105,40.41811846689895
FR,2015-04-13,124,1422,1398.4620253164558,14.9208437746452,1087.0,1070.8,1106.4,124,0,0.0,0.0,0.0,0.0,0.0,0,750,618,54.824561403508774,45.17543859649123
FR,2015-04-14,107,1047,1475.7765042979934,5.398044913567215,1111.5,1103.5,1115.5,107,0,0.0,0.0,0.0,0.0,0.0,0,494,522,48.62204724409449,51.37795275590551
FR,2015-04-15,117,1161,1506.3936261843255,14.41604957008336,1121.0,1097.4,1133.2,117,0,0.0,0.0,0.0,0.0,0.0,0,585,551,51.49647887323944,48.50352112676056
FR,2015-04-16,99,1058,1350.6049149338369,15.73259237411042,1112.0,1096.1,1132.7,99,0,0.0,0.0,0.0,0.0,0.0,0,464,544,46.03174603174603,53.96825396825397
FR,2015-04-17,106,1066,1254.4859287054417,9.065516739270851,1130.0,1119.5,1142.0,106,0,0.0,0.0,0.0,0.0,0.0,0,479,550,46.55004859086492,53.44995140913509
FR,2015-04-18,118,958,1474.89248434238,9.065732182234372,1118.5,1108.4,1127.9,118,5,63.15999999999999,0.0,0.0,0.0,0.0,5,508,385,56.88689809630459,43.11310190369541
FR,2015-04-19,96,830,1335.6734939759026,9.429399781900944,1106.0,1094.1,1121.0,96,0,0.0,0.0,0.0,0.0,0.0,0,400,395,50.314465408805034,49.685534591194966
FR,2015-04-20,114,851,1461.0340775558168,71.31950800603032,1067.0,967.5,1082.0,114,0,0.0,0.0,0.0,0.0,0.0,0,364,468,43.75,56.25
FR,2015-04-21,124,1295,1504.5382239382232,17.00508275505217,1048.5,1025.4,1069.0,124,5,77.53,0.0,0.0,0.0,0.0,5,612,640,48.881789137380196,51.118210862619804
FR,2015-04-22,124,965,1357.5709844559567,11.216505694733987,1059.5,1039.8,1066.8,124,0,0.0,0.0,0.0,0.0,0.0,0,445,469,48.6870897155361,51.3129102844639
FR,2015-04-23,96,1306,1906.1784073506888,6.944222218666553,1066.0,1058.8,1072.4,96,0,0.0,0.0,0.0,0.0,0.0,0,775,465,62.5,37.5
FR,2015-04-24,88,622,1396.734726688103,0.0,1526.0,1526.0,1526.0,88,0,0.0,0.0,0.0,0.0,0.0,0,300,290,50.847457627118644,49.152542372881356
FR,2015-04-25,111,886,1338.404063205418,12.475281682640455,1066.0,1050.0,1081.0,111,0,0.0,0.0,0.0,0.0,0.0,0,422,424,49.881796690307326,50.11820330969267
FR,2015-04-26,137,1014,1426.716962524655,5.235429516498358,1084.0,1082.0,1091.0,137,0,0.0,0.0,0.0,0.0,0.0,0,450,543,45.31722054380665,54.68277945619335
FR,2015-04-27,131,1317,1442.3948367501894,4.833153732295301,1095.0,1090.8,1101.6,131,0,0.0,0.0,0.0,0.0,0.0,0,582,663,46.74698795180723,53.25301204819277
FR,2015-04-28,105,1102,1456.137931034482,8.13157112614726,1081.0,1073.2,1092.8,105,0,0.0,0.0,0.0,0.0,0.0,0,591,468,55.80736543909348,44.19263456090651
FR,2015-04-29,110,1062,1496.0630885122412,3.8972052315447856,1409.0,1404.0,1413.0,110,0,0.0,0.0,0.0,0.0,0.0,0,542,479,53.08521057786484,46.91478942213516
FR,2015-04-30,92,1361,1520.3820720058782,45.28247343067735,1440.0,1420.0,1525.0,92,0,0.0,0.0,0.0,0.0,0.0,0,734,581,55.81749049429657,44.18250950570342
FR,2015-05-01,110,1206,1551.5199004975125,39.367551057509466,1533.0,1452.0,1533.0,110,0,0.0,0.0,0.0,0.0,0.0,0,618,532,53.73913043478261,46.26086956521739
FR,2015-05-02,92,1220,1592.0524590163936,28.851127018433928,1533.0,1452.0,1533.0,92,0,0.0,0.0,0.0,0.0,0.0,0,586,594,49.66101694915254,50.33898305084745
FR,2015-05-03,106,1192,1540.0595637583883,0.0,1533.0,1533.0,1533.0,106,0,0.0,0.0,0.0,0.0,0.0,0,611,539,53.130434782608695,46.869565217391305
FR,2015-05-04,111,1122,1532.706773618538,30.87882332770804,1533.0,1452.0,1533.0,111,0,0.0,0.0,0.0,0.0,0.0,0,521,554,48.46511627906977,51.53488372093024
FR,2015-05-05,97,1251,1575.6714628297375,4.0,1091.0,1087.8,1094.2,97,0,0.0,0.0,0.0,0.0,0.0,0,588,607,49.20502092050209,50.79497907949791
FR,2015-05-06,113,1585,1496.054889589905,24.77620931470829,1533.0,1500.6,1533.0,113,0,0.0,0.0,0.0,0.0,0.0,0,847,703,54.645161290322584,45.354838709677416
FR,2015-05-07,106,967,1507.6380558428123,37.0,1370.0,1340.4,1399.6,106,0,0.0,0.0,0.0,0.0,0.0,0,493,426,53.64526659412405,46.354733405875955
FR,2015-05-08,98,1023,1565.9159335288373,0.0,1092.0,1092.0,1092.0,98,0,0.0,0.0,0.0,0.0,0.0,0,513,495,50.89285714285714,49.107142857142854
FR,2015-05-09,102,1456,1575.7390109890107,0.0,1084.0,1084.0,1084.0,102,0,0.0,0.0,0.0,0.0,0.0,0,805,606,57.051736357193484,42.94826364280652
FR,2015-05-10,112,1340,1518.917910447761,0.0,1092.0,1092.0,1092.0,112,0,0.0,0.0,0.0,0.0,0.0,0,666,620,51.788491446345255,48.21150855365474
FR,2015-05-11,99,1008,1488.3105158730166,9.17877987534291,1111.5,1101.7,1121.3,99,0,0.0,0.0,0.0,0.0,0.0,0,473,478,49.737118822292324,50.262881177707676
FR,2015-05-12,96,1027,1469.677702044792,7.504731018119236,1111.0,1101.6,1119.0,96,0,0.0,0.0,0.0,0.0,0.0,0,519,470,52.47724974721941,47.52275025278059
FR,2015-05-13,90,925,1470.263783783784,28.11110768006128,1537.0,1511.5,1537.0,90,0,0.0,0.0,0.0,0.0,0.0,0,444,424,51.1520737327189,48.8479262672811
FR,2015-05-14,136,1193,1512.3453478625306,0.0,1112.0,1112.0,1112.0,136,0,0.0,0.0,0.0,0.0,0.0,0,562,589,48.82710686359687,51.17289313640313
FR,2015-05-15,99,727,1450.9504814305362,6.531972647421808,1097.0,1090.6,1103.4,99,0,0.0,0.0,0.0,0.0,0.0,0,297,385,43.54838709677419,56.451612903225815
FR,2015-05-16,91,665,1554.351879699248,34.292856398964496,1529.0,1452.0,1529.0,91,0,0.0,0.0,0.0,0.0,0.0,0,300,350,46.15384615384615,53.84615384615385
FR,2015-05-17,92,1072,1541.285447761194,11.815667564721004,1080.5,1064.2,1095.0,92,0,0.0,0.0,0.0,0.0,0.0,0,524,519,50.23969319271333,49.760306807286675
FR,2015-05-18,130,902,1483.995565410199,19.58009615117496,1546.0,1546.0,1546.0,130,0,0.0,0.0,0.0,0.0,0.0,0,435,433,50.115207373271886,49.88479262672811
FR,2015-05-19,104,1002,1465.820359281437,0.0,1546.0,1546.0,1546.0,104,0,0.0,0.0,0.0,0.0,0.0,0,442,492,47.32334047109208,52.67665952890792
FR,2015-05-20,105,821,1449.0657734470158,8.766947872549489,874.5,862.3,882.3,105,0,0.0,0.0,0.0,0.0,0.0,0,390,390,50.0,50.0
FR,2015-05-21,91,785,1350.8458598726115,9.065732182234372,837.5,828.1,847.6,91,0,0.0,0.0,0.0,0.0,0.0,0,401,360,52.693823915900126,47.306176084099874
FR,2015-05-22,90,876,1439.4965753424658,5.734883511361751,841.0,834.6,845.8,90,0,0.0,0.0,0.0,0.0,0.0,0,398,468,45.95842956120092,54.04157043879908
FR,2015-05-23,88,846,1477.60401891253,10.18270592720815,1035.0,1024.4,1046.3,88,0,0.0,0.0,0.0,0.0,0.0,0,377,432,46.600741656365884,53.399258343634116
FR,2015-05-24,80,1054,1395.0066413662248,4.166533331199932,858.0,851.8,861.2,80,0,0.0,0.0,0.0,0.0,0.0,0,470,493,48.80581516095535,51.19418483904465
FR,2015-05-25,122,1658,1418.2334137515084,7.5,1893.5,1887.5,1899.5,122,0,0.0,0.0,0.0,0.0,0.0,0,786,815,49.09431605246721,50.905683947532786
FR,2015-05-26,123,1420,1394.99295774648,5.5,1903.5,1899.1,1907.9,123,7,89.56000000000002,0.0,0.0,0.0,0.0,7,696,649,51.74721189591078,48.25278810408922
FR,2015-05-27,102,749,1521.631508678237,11.191514642799696,1908.0,1895.3,1919.3,102,0,0.0,0.0,0.0,0.0,0.0,0,361,339,51.57142857142857,48.42857142857142
FR,2015-05-28,126,1547,1269.2424046541698,4.242640687119285,1009.0,1003.2,1012.4,126,0,0.0,0.0,0.0,0.0,0.0,0,702,775,47.52877454299255,52.47122545700744
FR,2015-05-29,121,955,1301.086910994764,6.944222218666553,1904.0,1897.6,1911.2,121,0,0.0,0.0,0.0,0.0,0.0,0,426,512,45.41577825159915,54.58422174840085
FR,2015-05-30,95,1213,1411.1236603462496,0.0,1884.0,1884.0,1884.0,95,0,0.0,0.0,0.0,0.0,0.0,0,623,554,52.93118096856415,47.06881903143586
FR,2015-05-31,94,812,1368.991379310345,20.19460874149886,1044.0,1021.4,1072.2,94,0,0.0,0.0,0.0,0.0,0.0,0,434,347,55.56978233034571,44.43021766965429
FR,2015-06-01,117,912,1354.583333333334,0.0,1077.0,1077.0,1077.0,117,0,0.0,0.0,0.0,0.0,0.0,0,422,461,47.7916194790487,52.2083805209513
FR,2015-06-02,107,1074,1190.4851024208565,8.532859343814058,1052.0,1042.6,1063.4,107,0,0.0,0.0,0.0,0.0,0.0,0,535,529,50.28195488721805,49.71804511278196
FR,2015-06-03,112,1153,1272.460537727668,6.057227088363123,1056.5,1048.9,1064.2,112,0,0.0,0.0,0.0,0.0,0.0,0,534,584,47.76386404293381,52.23613595706619
FR,2015-06-04,115,1193,1243.5892707460182,16.290726045883922,1033.0,1012.8,1052.2,115,0,0.0,0.0,0.0,0.0,0.0,0,510,641,44.30929626411816,55.69070373588184
FR,2015-06-05,110,1235,1199.2080971659925,4.0,1010.0,1006.8,1013.2,110,0,0.0,0.0,0.0,0.0,0.0,0,576,620,48.16053511705686,51.83946488294314
FR,2015-06-06,92,1191,1116.1780016792604,3.858612300930075,878.0,876.4,883.6,92,0,0.0,0.0,0.0,0.0,0.0,0,554,615,47.39093242087254,52.609067579127455
FR,2015-06-07,127,1787,1113.0833799664238,3.559026084010437,1014.0,1013.2,1019.6,127,0,0.0,0.0,0.0,0.0,0.0,0,909,831,52.241379310344826,47.758620689655174
FR,2015-06-08,134,1794,1117.984392419175,8.824313690634906,1040.0,1030.6,1051.8,134,0,0.0,0.0,0.0,0.0,0.0,0,869,852,50.49389889599071,49.506101104009296
FR,2015-06-09,113,1357,1173.5924834193072,5.734883511361751,896.0,891.2,902.4,113,0,0.0,0.0,0.0,0.0,0.0,0,583,728,44.4698703279939,55.5301296720061
FR,2015-06-10,123,1706,1165.1864009378671,11.518026330737204,1078.0,1057.2,1086.7,123,0,0.0,0.0,0.0,0.0,0.0,0,868,776,52.798053527980535,47.201946472019465
FR,2015-06-11,133,1279,1390.386239249412,9.256889326334198,1043.0,1030.8,1052.6,133,0,0.0,0.0,0.0,0.0,0.0,0,632,587,51.84577522559475,48.15422477440525
FR,2015-06-12,113,1045,1243.349282296651,5.020943790086668,1045.0,1038.0,1050.8,113,0,0.0,0.0,0.0,0.0,0.0,0,537,490,52.28821811100293,47.71178188899708
FR,2015-06-13,99,1170,1063.9726495726493,5.656854249492381,1242.0,1236.4,1247.6,99,0,0.0,0.0,0.0,0.0,0.0,0,613,533,53.49040139616056,46.50959860383944
FR,2015-06-14,97,1677,1152.1121049493147,0.0,870.0,870.0,870.0,97,0,0.0,0.0,0.0,0.0,0.0,0,806,850,48.671497584541065,51.328502415458935
FR,2015-06-15,129,1243,1341.4521319388575,0.0,1034.0,1034.0,1034.0,129,0,0.0,0.0,0.0,0.0,0.0,0,648,564,53.46534653465347,46.53465346534654
FR,2015-06-16,129,1723,1194.2826465467197,3.299831645537222,1043.0,1037.4,1043.0,129,0,0.0,0.0,0.0,0.0,0.0,0,773,858,47.39423666462293,52.60576333537706
FR,2015-06-17,120,1525,1282.7593442622958,255.26848610825425,1506.0,1074.0,1508.4,120,0,0.0,0.0,0.0,0.0,0.0,0,722,768,48.45637583892618,51.54362416107383
FR,2015-06-18,105,1422,1181.6997187060474,5.2493385826745405,1895.0,1893.4,1903.0,105,0,0.0,0.0,0.0,0.0,0.0,0,742,651,53.266331658291456,46.733668341708544
FR,2015-06-19,94,1302,1131.2127496159746,0.0,911.0,911.0,911.0,94,0,0.0,0.0,0.0,0.0,0.0,0,597,656,47.64565043894653,52.35434956105347
FR,2015-06-20,113,1292,1127.2708978328185,0.0,917.0,917.0,917.0,113,0,0.0,0.0,0.0,0.0,0.0,0,601,651,48.00319488817891,51.99680511182109
FR,2015-06-21,82,1306,1126.3698315467066,3.766629793329841,927.5,924.0,931.7,82,0,0.0,0.0,0.0,0.0,0.0,0,588,671,46.70373312152502,53.29626687847499
FR,2015-06-22,97,969,1082.982456140351,0.0,1035.0,1035.0,1035.0,97,0,0.0,0.0,0.0,0.0,0.0,0,493,444,52.61472785485593,47.38527214514407
FR,2015-06-23,98,1143,1184.8390201224854,8.731551981177228,910.0,897.2,916.6,98,0,0.0,0.0,0.0,0.0,0.0,0,520,578,47.35883424408014,52.64116575591985
FR,2015-06-24,98,1353,1188.7531411677755,5.5,1900.5,1896.1,1904.9,98,0,0.0,0.0,0.0,0.0,0.0,0,699,610,53.39954163483576,46.60045836516425
FR,2015-06-25,101,1352,1185.8158284023673,4.0,900.0,896.8,903.2,101,0,0.0,0.0,0.0,0.0,0.0,0,649,660,49.57983193277311,50.42016806722689
FR,2015-06-26,117,1366,1269.4370424597364,0.0,1893.0,1893.0,1893.0,117,0,0.0,0.0,0.0,0.0,0.0,0,636,645,49.64871194379391,50.35128805620609
FR,2015-06-27,85,1294,1258.1313755795993,84.52477447470653,1287.0,1278.0,1479.7,85,0,0.0,0.0,0.0,0.0,0.0,0,705,553,56.04133545310016,43.95866454689984
FR,2015-06-28,114,1392,1370.4813218390798,6.548960901462833,905.0,897.8,910.6,114,0,0.0,0.0,0.0,0.0,0.0,0,663,703,48.535871156661784,51.46412884333821
FR,2015-06-29,112,1242,1234.1658615136876,0.0,903.0,903.0,903.0,112,0,0.0,0.0,0.0,0.0,0.0,0,590,589,50.042408821034776,49.957591178965224
FR,2015-06-30,109,1428,1260.1778711484594,0.0,1452.0,1452.0,1452.0,109,0,0.0,0.0,0.0,0.0,0.0,0,655,720,47.63636363636364,52.36363636363637
FR,2015-07-01,129,1450,1315.7848275862077,5.0,1550.0,1546.0,1554.0,129,0,0.0,0.0,0.0,0.0,0.0,0,745,661,52.987197724039824,47.01280227596017
FR,2015-07-02,116,1867,1248.124799143009,0.0,1545.0,1545.0,1545.0,116,0,0.0,0.0,0.0,0.0,0.0,0,853,964,46.945514584479916,53.05448541552009
FR,2015-07-03,109,1763,1245.1395348837214,3.559026084010437,1026.0,1025.2,1031.6,109,0,0.0,0.0,0.0,0.0,0.0,0,814,861,48.59701492537313,51.40298507462686
FR,2015-07-04,102,1569,1204.095602294456,76.5956192539031,1269.0,1252.0,1374.0,102,0,0.0,0.0,0.0,0.0,0.0,0,736,728,50.27322404371585,49.72677595628415
FR,2015-07-05,94,1691,1114.8326434062676,0.0,1549.0,1549.0,1549.0,94,0,0.0,0.0,0.0,0.0,0.0,0,836,829,50.210210210210214,49.78978978978979
FR,2015-07-06,95,979,1268.089887640449,220.59389535222107,881.0,873.5,1182.5,95,0,0.0,0.0,0.0,0.0,0.0,0,439,491,47.204301075268816,52.795698924731184
FR,2015-07-07,91,1036,1147.9951737451734,0.0,1879.0,1879.0,1879.0,91,0,0.0,0.0,0.0,0.0,0.0,0,539,462,53.84615384615385,46.15384615384615
FR,2015-07-08,65,1369,1203.6669101533969,160.28236802593105,869.5,862.9,1021.9,65,4,91.33,0.0,91.33,91.33,91.33,4,667,678,49.5910780669145,50.4089219330855
FR,2015-07-09,88,948,1196.889240506329,253.9107864979352,879.0,875.0,1289.7,88,0,0.0,0.0,0.0,0.0,0.0,0,479,424,53.0454042081949,46.95459579180509
FR,2015-07-10,85,740,1292.6702702702696,217.18559651444048,889.5,882.5,1184.5,85,0,0.0,0.0,0.0,0.0,0.0,0,284,435,39.499304589707926,60.500695410292074
FR,2015-07-11,103,1016,1184.3051181102362,0.0,1866.0,1866.0,1866.0,103,0,0.0,0.0,0.0,0.0,0.0,0,519,449,53.61570247933884,46.38429752066116
FR,2015-07-12,90,1473,1252.133740665309,212.1690700496052,1241.0,895.2,1334.2,90,0,0.0,0.0,0.0,0.0,0.0,0,758,687,52.45674740484429,47.543252595155714
FR,2015-07-13,88,937,1301.6883671291357,0.0,901.0,901.0,901.0,88,0,0.0,0.0,0.0,0.0,0.0,0,467,440,51.48842337375965,48.511576626240355
FR,2015-07-14,84,1321,1310.730507191521,2.5,1533.5,1531.5,1535.5,84,0,0.0,0.0,0.0,0.0,0.0,0,663,615,51.87793427230047,48.12206572769953
FR,2015-07-15,95,939,1275.4014909478185,0.0,1025.0,1025.0,1025.0,95,0,0.0,0.0,0.0,0.0,0.0,0,410,498,45.15418502202643,54.845814977973575
FR,2015-07-16,88,448,1282.7812500000005,8.916277250063503,1875.5,1865.6,1884.0,88,0,0.0,0.0,0.0,0.0,0.0,0,210,202,50.970873786407765,49.029126213592235
FR,2015-07-17,108,1113,1120.0251572327047,8.736188393934794,1880.0,1870.0,1889.6,108,0,0.0,0.0,0.0,0.0,0.0,0,591,500,54.1704857928506,45.8295142071494
FR,2015-07-18,102,1052,1187.3032319391643,0.0,1022.0,1022.0,1022.0,102,0,0.0,0.0,0.0,0.0,0.0,0,511,514,49.853658536585364,50.146341463414636
FR,2015-07-19,77,956,1042.5188284518824,0.0,1015.0,1015.0,1015.0,77,0,0.0,0.0,0.0,0.0,0.0,0,433,490,46.91224268689058,53.08775731310943
FR,2015-07-20,92,1024,1029.1728515624998,112.57300088964746,1292.0,1265.4,1306.6,92,0,0.0,0.0,0.0,0.0,0.0,0,460,525,46.7005076142132,53.299492385786806
FR,2015-07-21,67,899,1072.2736373748603,92.29131865999098,1281.0,1259.5,1460.4,67,0,0.0,0.0,0.0,0.0,0.0,0,477,371,56.25,43.75
FR,2015-07-22,95,629,1302.131955484897,4.5,1880.5,1876.9,1884.1,95,0,0.0,0.0,0.0,0.0,0.0,0,301,314,48.94308943089431,51.056910569105696
FR,2015-07-23,91,1230,1031.828455284553,18.13597475315053,1041.0,1018.5,1063.1,91,0,0.0,0.0,0.0,0.0,0.0,0,613,571,51.77364864864865,48.22635135135135
FR,2015-07-24,97,977,1096.1811668372563,4.0,1047.0,1043.8,1050.2,97,0,0.0,0.0,0.0,0.0,0.0,0,437,524,45.473465140478666,54.526534859521334
FR,2015-07-25,98,1075,1085.5172093023257,204.17615146350045,929.0,913.0,1368.0,98,0,0.0,0.0,0.0,0.0,0.0,0,479,570,45.66253574833175,54.33746425166825
FR,2015-07-26,92,1235,1115.995141700405,202.62540698430576,919.0,907.0,1354.8,92,0,0.0,0.0,0.0,0.0,0.0,0,673,552,54.93877551020409,45.06122448979592
FR,2015-07-27,108,1640,1204.7256097560976,0.0,1034.0,1034.0,1034.0,108,0,0.0,0.0,0.0,0.0,0.0,0,820,782,51.186017478152316,48.81398252184769
FR,2015-07-28,112,1239,1402.044390637611,0.0,1041.0,1041.0,1041.0,112,0,0.0,0.0,0.0,0.0,0.0,0,623,579,51.83028286189683,48.16971713810317
FR,2015-07-29,112,1431,1157.5506638714187,5.315072906367325,1032.5,1027.1,1037.9,112,1,90.06,0.0,0.0,0.0,0.0,1,722,659,52.280955829109345,47.719044170890655
FR,2015-07-30,101,1413,1307.234253361642,162.36194135326173,1210.0,938.3,1249.0,101,0,0.0,0.0,0.0,0.0,0.0,0,689,680,50.32870708546384,49.67129291453616
FR,2015-07-31,97,1320,1270.052272727273,6.944222218666553,916.0,908.8,922.4,97,0,0.0,0.0,0.0,0.0,0.0,0,468,806,36.734693877551024,63.26530612244898
FR,2015-08-01,92,949,1184.2550052687047,0.0,1033.0,1033.0,1033.0,92,0,0.0,0.0,0.0,0.0,0.0,0,528,396,57.14285714285714,42.857142857142854
FR,2015-08-02,103,1065,1098.9605633802817,0.0,1026.0,1026.0,1026.0,103,0,0.0,0.0,0.0,0.0,0.0,0,525,508,50.82284607938045,49.17715392061955
FR,2015-08-03,106,1461,1233.5373032169746,4.0,1022.0,1018.8,1025.2,106,0,0.0,0.0,0.0,0.0,0.0,0,799,608,56.78749111584932,43.21250888415067
FR,2015-08-04,111,1684,1405.6710213776732,201.17030098898792,1067.5,891.1,1264.8,111,0,0.0,0.0,0.0,0.0,0.0,0,856,799,51.72205438066465,48.27794561933535
FR,2015-08-05,98,1660,1418.8457831325306,25.30612574061861,1522.0,1481.4,1528.4,98,0,0.0,0.0,0.0,0.0,0.0,0,961,668,58.99324739103745,41.00675260896256
FR,2015-08-06,103,1622,1274.480271270037,32.780699550780625,1455.5,1440.1,1532.0,103,0,0.0,0.0,0.0,0.0,0.0,0,789,766,50.739549839228296,49.260450160771704
FR,2015-08-07,86,1954,1369.4252814738995,20.51082342450006,1486.0,1440.8,1486.0,86,0,0.0,0.0,0.0,0.0,0.0,0,1004,867,53.661143773383216,46.338856226616784
FR,2015-08-08,118,1622,1519.535141800248,277.5684900464508,1423.0,872.0,1451.0,118,0,0.0,0.0,0.0,0.0,0.0,0,851,702,54.797166773985836,45.202833226014164
FR,2015-08-09,116,2042,1555.7595494613126,4.0,1021.0,1017.8,1024.2,116,0,0.0,0.0,0.0,0.0,0.0,0,991,962,50.742447516641064,49.257552483358936
FR,2015-08-10,131,1883,1442.338289962825,0.0,1018.0,1018.0,1018.0,131,0,0.0,0.0,0.0,0.0,0.0,0,967,838,53.57340720221606,46.42659279778393
FR,2015-08-11,133,1108,1490.3222021660658,3.5,1006.5,1003.7,1009.3,133,0,0.0,0.0,0.0,0.0,0.0,0,564,484,53.81679389312977,46.18320610687023
FR,2015-08-12,122,1224,1436.3839869281053,14.070803104300763,1462.5,1448.4,1475.0,122,0,0.0,0.0,0.0,0.0,0.0,0,599,593,50.251677852349,49.74832214765101
FR,2015-08-13,122,1419,1448.5891472868232,22.77269550908516,1456.0,1422.6,1475.0,122,0,0.0,0.0,0.0,0.0,0.0,0,660,696,48.67256637168141,51.32743362831859
FR,2015-08-14,125,1950,1287.048717948718,13.153196346961042,1439.0,1423.0,1459.4,125,0,0.0,0.0,0.0,0.0,0.0,0,824,1061,43.713527851458885,56.28647214854111
FR,2015-08-15,133,1304,1321.501533742332,3.5,997.5,994.7,1000.3,133,0,0.0,0.0,0.0,0.0,0.0,0,654,573,53.30073349633252,46.69926650366748
FR,2015-08-16,110,1550,1364.4445161290332,9.283722313813572,1890.0,1879.7,1899.6,110,0,0.0,0.0,0.0,0.0,0.0,0,813,680,54.454119223040856,45.545880776959144
FR,2015-08-17,126,1568,1363.48788265306,9.630680142129112,1904.0,1894.4,1915.0,126,0,0.0,0.0,0.0,0.0,0.0,0,788,659,54.457498272287495,45.54250172771251
FR,2015-08-18,106,2016,1380.0367063492065,5.715476066494082,1923.0,1917.4,1928.6,106,0,0.0,0.0,0.0,0.0,0.0,0,950,998,48.76796714579055,51.23203285420944
FR,2015-08-19,133,2313,1480.9208819714663,8.147937707720212,1103.0,1090.4,1110.4,133,0,0.0,0.0,0.0,0.0,0.0,0,1178,1066,52.49554367201426,47.504456327985736
FR,2015-08-20,127,1744,1367.8348623853217,21.15419580130618,1111.0,1092.5,1148.0,127,0,0.0,0.0,0.0,0.0,0.0,0,821,871,48.522458628841605,51.477541371158395
FR,2015-08-21,122,1783,1454.6713404374657,7.3484692283495345,1132.0,1124.8,1139.2,122,0,0.0,0.0,0.0,0.0,0.0,0,805,916,46.77513073794305,53.22486926205694
FR,2015-08-22,107,1966,1425.6154628687686,32.53765774602765,1516.0,1424.8,1520.2,107,0,0.0,0.0,0.0,0.0,0.0,0,953,960,49.8170412963931,50.18295870360689
FR,2015-08-23,91,1343,1293.0379746835447,24.425554247799063,1466.0,1421.0,1481.0,91,0,0.0,0.0,0.0,0.0,0.0,0,669,608,52.3884103367267,47.61158966327329
FR,2015-08-24,128,1948,1366.3593429158109,9.770988804733236,1928.5,1915.0,1938.0,128,0,0.0,0.0,0.0,0.0,0.0,0,952,976,49.37759336099585,50.62240663900415
FR,2015-08-25,136,2102,1380.8016175071366,10.106378623863687,1122.0,1113.0,1136.5,136,0,0.0,0.0,0.0,0.0,0.0,0,1020,994,50.645481628599796,49.3545183714002
FR,2015-08-26,120,2508,1416.2954545454538,4.0,1944.0,1940.8,1947.2,120,0,0.0,0.0,0.0,0.0,0.0,0,1208,1169,50.82036180058898,49.17963819941102
FR,2015-08-27,122,2310,1559.2341991341991,7.072540797572916,1441.0,1430.5,1445.5,122,4,49.16,0.0,0.0,0.0,0.0,4,1191,1005,54.23497267759563,45.76502732240437
FR,2015-08-28,122,1999,1592.1745872936474,0.0,1430.0,1430.0,1430.0,122,0,0.0,0.0,0.0,0.0,0.0,0,775,1172,39.80482794042116,60.19517205957884
FR,2015-08-29,99,1348,1448.1416913946566,0.0,1399.0,1399.0,1399.0,99,0,0.0,0.0,0.0,0.0,0.0,0,698,611,53.32314744079451,46.6768525592055
FR,2015-08-30,138,1924,1357.3232848232851,5.958705634574188,1130.0,1122.6,1134.0,138,0,0.0,0.0,0.0,0.0,0.0,0,984,902,52.17391304347826,47.82608695652174
FR,2015-08-31,152,2508,1329.384370015948,6.6932802122726045,1933.0,1928.2,1942.6,152,0,0.0,0.0,0.0,0.0,0.0,0,1147,1285,47.162828947368425,52.83717105263158
FR,2015-09-01,143,1739,1455.726854514087,8.989019364524836,1115.5,1105.2,1125.6,143,0,0.0,0.0,0.0,0.0,0.0,0,859,825,51.00950118764845,48.99049881235155
FR,2015-09-02,144,2294,1374.5732345248475,9.814954576223638,1955.5,1944.0,1965.5,144,0,0.0,0.0,0.0,0.0,0.0,0,1091,1129,49.14414414414414,50.85585585585586
FR,2015-09-03,130,1753,1521.0604677695374,7.496938150515386,1960.0,1951.6,1968.4,130,0,0.0,0.0,0.0,0.0,0.0,0,850,812,51.143200962695545,48.856799037304455
FR,2015-09-04,155,1908,1426.9198113207542,5.986651818838306,1957.0,1952.2,1965.0,155,0,0.0,0.0,0.0,0.0,0.0,0,977,862,53.12669929309407,46.87330070690593
FR,2015-09-05,151,2190,1466.5461187214607,6.123724356957945,1072.5,1066.8,1079.6,151,0,0.0,0.0,0.0,0.0,0.0,0,1090,1012,51.85537583254044,48.14462416745956
FR,2015-09-06,146,2403,1404.3649604660836,9.681023820971738,1106.0,1091.0,1115.0,146,0,0.0,0.0,0.0,0.0,0.0,0,1288,1049,55.11339323919555,44.88660676080445
FR,2015-09-07,158,2090,1415.728708133971,8.505646404668235,1102.0,1092.0,1116.0,158,0,0.0,0.0,0.0,0.0,0.0,0,974,1047,48.19396338446313,51.80603661553687
FR,2015-09-08,151,1786,1311.4417693169096,8.014985963805552,1083.0,1078.8,1096.2,151,0,0.0,0.0,0.0,0.0,0.0,0,894,848,51.320321469575205,48.679678530424795
FR,2015-09-09,132,1859,1314.081226465842,5.647418289212633,1116.0,1107.8,1121.6,132,0,0.0,0.0,0.0,0.0,0.0,0,852,968,46.81318681318681,53.18681318681319
FR,2015-09-10,125,1797,1330.098497495827,72.99556999042817,1366.0,1229.0,1415.2,125,0,0.0,0.0,0.0,0.0,0.0,0,899,837,51.78571428571429,48.214285714285715
FR,2015-09-11,116,1528,1182.0091623036649,6.548960901462833,1118.0,1110.8,1123.6,116,0,0.0,0.0,0.0,0.0,0.0,0,717,766,48.347943358058,51.65205664194201
FR,2015-09-12,111,1761,1336.079500283929,8.831760866327848,1118.0,1104.6,1123.8,111,0,0.0,0.0,0.0,0.0,0.0,0,881,846,51.01331789229878,48.98668210770122
FR,2015-09-13,133,1680,1264.5732142857144,27.35313815025009,1255.0,1214.8,1283.1,133,6,51.96,0.0,0.0,0.0,0.0,6,913,706,56.39283508338481,43.60716491661519
FR,2015-09-14,114,1172,1293.5742320819108,14.359930795680995,1325.0,1311.0,1346.8,114,0,0.0,0.0,0.0,0.0,0.0,0,558,593,48.47958297132928,51.52041702867072
FR,2015-09-15,106,1503,1295.0898203592803,24.020846159108093,1335.0,1299.6,1363.0,106,0,0.0,0.0,0.0,0.0,0.0,0,705,745,48.62068965517241,51.37931034482759
FR,2015-09-16,124,1181,1344.7612193056725,16.13775762527194,1336.0,1313.2,1351.0,124,0,0.0,0.0,0.0,0.0,0.0,0,567,578,49.519650655021834,50.48034934497817
FR,2015-09-17,140,1547,1204.758241758242,3.5,1107.5,1104.7,1110.3,140,0,0.0,0.0,0.0,0.0,0.0,0,770,704,52.23880597014925,47.76119402985074
FR,2015-09-18,108,1574,1297.142312579416,10.770329614269007,1112.0,1096.0,1122.6,108,0,0.0,0.0,0.0,0.0,0.0,0,703,827,45.947712418300654,54.052287581699346
FR,2015-09-19,97,1762,1367.769012485812,4.0,1100.0,1096.8,1103.2,97,0,0.0,0.0,0.0,0.0,0.0,0,903,818,52.46949447995352,47.53050552004648
FR,2015-09-20,101,1424,1446.4346910112365,0.0,1087.0,1087.0,1087.0,101,0,0.0,0.0,0.0,0.0,0.0,0,679,685,49.780058651026394,50.219941348973606
FR,2015-09-21,124,1641,1328.083485679465,5.12488661434742,1303.0,1299.0,1308.0,124,0,0.0,0.0,0.0,0.0,0.0,0,808,768,51.26903553299492,48.73096446700508
FR,2015-09-22,115,1491,1245.2575452716303,6.053098380168622,1087.0,1081.8,1095.0,115,0,0.0,0.0,0.0,0.0,0.0,0,688,726,48.656294200848656,51.34370579915134
FR,2015-09-23,138,1527,1367.7734119187942,4.264680527307995,1092.0,1088.0,1096.7,138,0,0.0,0.0,0.0,0.0,0.0,0,775,741,51.12137203166227,48.87862796833773
FR,2015-09-24,157,1411,1252.2062367115527,6.676183683170241,1954.0,1944.8,1958.2,157,8,98.64,0.0,0.0,0.0,0.0,8,703,686,50.61195104391649,49.388048956083516
FR,2015-09-25,126,1694,1358.6528925619843,9.89325746202314,1967.0,1951.4,1976.2,126,0,0.0,0.0,0.0,0.0,0.0,0,888,741,54.51197053406999,45.48802946593002
FR,2015-09-26,132,1336,1362.044161676648,6.531972647421808,1942.0,1935.6,1948.4,132,0,0.0,0.0,0.0,0.0,0.0,0,575,714,44.60822342901474,55.391776570985265
FR,2015-09-27,119,1430,1315.7139860139864,43.260678230833776,1292.0,1269.0,1382.0,119,0,0.0,0.0,0.0,0.0,0.0,0,767,609,55.741279069767444,44.258720930232556
FR,2015-09-28,138,1664,1435.938100961539,10.502604874090723,1385.0,1368.8,1395.0,138,0,0.0,0.0,0.0,0.0,0.0,0,769,843,47.70471464019851,52.29528535980149
FR,2015-09-29,88,1843,1248.3309820944116,24.58891472093041,1341.0,1311.0,1372.6,88,0,0.0,0.0,0.0,0.0,0.0,0,865,904,48.89768230638779,51.10231769361221
FR,2015-09-30,122,1531,1411.5858915741333,3.0,1101.0,1098.6,1103.4,122,0,0.0,0.0,0.0,0.0,0.0,0,694,792,46.70255720053836,53.29744279946165
FR,2015-10-01,128,1691,1369.141336487285,12.490757581919258,1294.0,1273.4,1307.0,128,0,0.0,0.0,0.0,0.0,0.0,0,848,813,51.05358217940999,48.94641782059001
FR,2015-10-02,114,1958,1391.44075587334,12.59895090925593,1314.0,1306.0,1336.2,114,0,0.0,0.0,0.0,0.0,0.0,0,1040,886,53.99792315680166,46.00207684319834
FR,2015-10-03,153,1785,1356.4117647058831,0.0,1942.0,1942.0,1942.0,153,0,0.0,0.0,0.0,0.0,0.0,0,912,744,55.072463768115945,44.927536231884055
FR,2015-10-04,139,1886,1490.9745493107105,9.537295214053092,1108.0,1093.6,1114.4,139,0,0.0,0.0,0.0,0.0,0.0,0,1030,789,56.62451896646509,43.37548103353491
FR,2015-10-05,161,2076,1333.528901734104,11.067131740368762,1414.0,1400.6,1427.6,161,0,0.0,0.0,0.0,0.0,0.0,0,1013,973,51.00704934541792,48.992950654582074
FR,2015-10-06,176,2022,1451.023244312562,12.273063968445438,1108.0,1090.0,1117.0,176,0,0.0,0.0,0.0,0.0,0.0,0,957,983,49.329896907216494,50.670103092783506
FR,2015-10-07,166,2463,1419.6447421843293,0.0,1076.0,1076.0,1076.0,166,0,0.0,0.0,0.0,0.0,0.0,0,1179,1166,50.2771855010661,49.72281449893391
FR,2015-10-08,146,1779,1470.8128161888692,14.49164895884354,1351.0,1330.6,1366.2,146,0,0.0,0.0,0.0,0.0,0.0,0,916,785,53.850676072898295,46.149323927101705
FR,2015-10-09,139,2085,1487.7750599520389,6.553157830467722,1378.0,1370.0,1383.8,139,0,0.0,0.0,0.0,0.0,0.0,0,1022,967,51.38260432378079,48.6173956762192
FR,2015-10-10,143,1867,1391.9898232458484,5.57773351022717,1392.0,1385.6,1400.2,143,0,0.0,0.0,0.0,0.0,0.0,0,984,825,54.39469320066335,45.605306799336645
FR,2015-10-11,176,1982,1403.41725529768,12.864195596486836,1401.0,1394.2,1431.0,176,0,0.0,0.0,0.0,0.0,0.0,0,1043,896,53.79061371841155,46.20938628158845
FR,2015-10-12,185,1765,1430.5348441926344,5.356071321407137,1069.0,1063.8,1074.9,185,0,0.0,0.0,0.0,0.0,0.0,0,898,788,53.26215895610913,46.73784104389087
FR,2015-10-13,159,1826,1482.09748083242,8.481610475786765,1416.0,1416.0,1435.0,159,0,0.0,0.0,0.0,0.0,0.0,0,898,854,51.25570776255708,48.74429223744292
FR,2015-10-14,168,1795,1382.7125348189418,10.560342481820054,1414.0,1402.4,1431.4,168,0,0.0,0.0,0.0,0.0,0.0,0,830,897,48.06022003474233,51.93977996525767
FR,2015-10-15,144,1710,1495.5368421052642,11.064797877327706,1417.0,1408.0,1435.0,144,0,0.0,0.0,0.0,0.0,0.0,0,796,804,49.75,50.24999999999999
FR,2015-10-16,161,1162,1528.0421686746986,4.069397989875161,1443.0,1436.0,1444.8,161,7,77.14999999999999,0.0,0.0,0.0,0.0,7,517,594,46.53465346534654,53.46534653465347
FR,2015-10-17,140,2271,1341.208718626156,29.60524277894036,1477.0,1429.9,1502.0,140,0,0.0,0.0,0.0,0.0,0.0,0,1129,1090,50.8787742226228,49.1212257773772
FR,2015-10-18,178,1963,1408.5364238410598,6.531972647421808,1061.0,1054.6,1067.4,178,0,0.0,0.0,0.0,0.0,0.0,0,941,973,49.164054336468126,50.83594566353187
FR,2015-10-19,166,2011,1468.1198408751866,34.09177157158144,1502.0,1422.6,1505.0,166,0,0.0,0.0,0.0,0.0,0.0,0,1048,879,54.38505448884277,45.61494551115724
FR,2015-10-20,150,1731,1298.7169266320043,3.5,1057.5,1054.7,1060.3,150,0,0.0,0.0,0.0,0.0,0.0,0,856,824,50.95238095238095,49.047619047619044
FR,2015-10-21,172,2222,1347.458595859585,0.0,1509.0,1509.0,1509.0,172,0,0.0,0.0,0.0,0.0,0.0,0,1035,1110,48.25174825174825,51.74825174825175
FR,2015-10-22,173,1756,1319.3240318906617,0.0,1509.0,1509.0,1509.0,173,0,0.0,0.0,0.0,0.0,0.0,0,869,849,50.58207217694994,49.41792782305006
FR,2015-10-23,165,1932,1444.4394409937893,3.5,1057.5,1054.7,1060.3,165,0,0.0,0.0,0.0,0.0,0.0,0,1011,812,55.45803620405925,44.54196379594076
FR,2015-10-24,180,2001,1388.7751124437782,0.0,1068.0,1068.0,1068.0,180,0,0.0,0.0,0.0,0.0,0.0,0,1032,909,53.16846986089645,46.831530139103556
FR,2015-10-25,137,1671,1408.740275284261,61.66746332595376,1533.0,1408.0,1542.0,137,0,0.0,0.0,0.0,0.0,0.0,0,812,808,50.123456790123456,49.876543209876544
FR,2015-10-26,167,2044,1347.583659491194,0.0,1060.0,1060.0,1060.0,167,0,0.0,0.0,0.0,0.0,0.0,0,996,987,50.22692889561271,49.77307110438729
FR,2015-10-27,155,2524,1323.4175911251978,16.327042613390816,1085.0,1061.0,1100.0,155,1,81.57,0.0,0.0,0.0,0.0,1,1184,1278,48.090982940698616,51.90901705930138
FR,2015-10-28,173,2075,1321.1749397590354,12.180767371147024,1037.5,1025.0,1055.5,173,0,0.0,0.0,0.0,0.0,0.0,0,983,1035,48.71159563924678,51.288404360753226
FR,2015-10-29,157,1898,1447.8746048472078,4.06201920231798,1041.5,1038.0,1046.4,157,7,92.40999999999998,0.0,0.0,0.0,0.0,7,948,865,52.28902371759515,47.71097628240486
FR,2015-10-30,152,2074,1363.9493731919,10.58878883440367,1040.0,1028.2,1051.2,152,0,0.0,0.0,0.0,0.0,0.0,0,1088,913,54.3728135932034,45.627186406796596
FR,2015-10-31,150,1365,1540.0131868131875,0.0,1040.0,1040.0,1040.0,150,0,0.0,0.0,0.0,0.0,0.0,0,589,708,45.41249036237471,54.58750963762529
FR,2015-11-01,163,2354,1429.3122344944777,275.54597115948224,1200.0,872.4,1561.8,163,0,0.0,0.0,0.0,0.0,0.0,0,1211,1094,52.53796095444685,47.46203904555315
FR,2015-11-02,156,1658,1449.7551266586254,0.0,1033.0,1033.0,1033.0,156,0,0.0,0.0,0.0,0.0,0.0,0,774,829,48.284466625077975,51.71553337492202
FR,2015-11-03,170,1342,1386.9396423248888,4.0,1036.0,1032.8,1039.2,170,0,0.0,0.0,0.0,0.0,0.0,0,646,623,50.90622537431047,49.09377462568952
FR,2015-11-04,171,2587,1373.2694240432934,7.23934826246853,1946.0,1936.4,1951.4,171,0,0.0,0.0,0.0,0.0,0.0,0,1304,1194,52.2017614091273,47.7982385908727
FR,2015-11-05,145,1843,1531.08735756918,241.5721475937877,1245.0,888.0,1563.4,145,0,0.0,0.0,0.0,0.0,0.0,0,923,854,51.941474395047834,48.058525604952166
FR,2015-11-06,179,1873,1304.6001067805655,6.020797289396148,1045.5,1039.4,1051.6,179,0,0.0,0.0,0.0,0.0,0.0,0,921,926,49.864645370871685,50.135354629128315
FR,2015-11-07,163,2236,1498.1753130590337,0.0,1557.0,1557.0,1557.0,163,6,78.69,0.0,0.0,0.0,0.0,6,1160,973,54.38349742147211,45.61650257852789
FR,2015-11-08,130,1507,1311.743861977439,4.0,1942.0,1938.8,1945.2,130,0,0.0,0.0,0.0,0.0,0.0,0,730,749,49.35767410412441,50.642325895875594
FR,2015-11-09,162,1891,1338.6451612903236,11.1292126855407,999.0,989.5,1015.5,162,0,0.0,0.0,0.0,0.0,0.0,0,908,914,49.83534577387486,50.16465422612514
FR,2015-11-10,166,1593,1407.1092278719386,10.024968827881713,1023.0,1012.6,1034.8,166,0,0.0,0.0,0.0,0.0,0.0,0,796,714,52.71523178807948,47.28476821192053
FR,2015-11-11,201,1821,1453.2158154859974,5.763872155263528,1037.0,1032.5,1045.5,201,0,0.0,0.0,0.0,0.0,0.0,0,949,831,53.31460674157304,46.68539325842696
FR,2015-11-12,158,1749,1463.7484276729551,9.910712498212336,1048.5,1034.0,1056.5,158,0,0.0,0.0,0.0,0.0,0.0,0,865,833,50.94228504122496,49.05771495877503
FR,2015-11-13,151,1484,1439.051212938006,11.05260150371848,1262.0,1249.4,1274.4,151,0,0.0,0.0,0.0,0.0,0.0,0,781,616,55.90551181102362,44.09448818897638
FR,2015-11-14,136,1557,1560.452793834297,3.5,1044.5,1041.7,1047.3,136,0,0.0,0.0,0.0,0.0,0.0,0,800,679,54.090601757944555,45.909398242055445
FR,2015-11-15,158,2600,1348.00653846154,10.268830940710286,1070.0,1055.4,1079.0,158,0,0.0,0.0,0.0,0.0,0.0,0,1351,1170,53.58984529948433,46.41015470051567
FR,2015-11-16,158,2141,1435.602055114433,190.04357395081792,1280.0,1063.8,1426.6,158,0,0.0,0.0,0.0,0.0,0.0,0,1060,1023,50.88814210273643,49.11185789726356
FR,2015-11-17,172,1780,1450.8814606741564,8.077747210701755,1088.0,1080.1,1097.3,172,0,0.0,0.0,0.0,0.0,0.0,0,875,829,51.34976525821596,48.65023474178404
FR,2015-11-18,162,2217,1456.536310329274,5.418486873657627,1111.0,1104.0,1116.0,162,0,0.0,0.0,0.0,0.0,0.0,0,1211,957,55.85793357933579,44.14206642066421
FR,2015-11-19,157,1910,1415.494240837697,0.0,1952.0,1952.0,1952.0,157,0,0.0,0.0,0.0,0.0,0.0,0,870,975,47.15447154471545,52.84552845528455
FR,2015-11-20,179,2356,1388.138794567063,8.920700022357488,1271.5,1261.9,1286.0,179,0,0.0,0.0,0.0,0.0,0.0,0,1249,1055,54.21006944444444,45.78993055555556
FR,2015-11-21,162,2234,1425.2475380483452,4.0,1114.0,1110.8,1117.2,162,0,0.0,0.0,0.0,0.0,0.0,0,1117,1031,52.001862197392924,47.998137802607076
FR,2015-11-22,173,2721,1511.7151782432925,7.703696435835864,1111.0,1102.6,1120.8,173,0,0.0,0.0,0.0,0.0,0.0,0,1323,1270,51.02198225993059,48.97801774006942
FR,2015-11-23,181,2269,1493.9735566328768,8.94427190999916,1099.0,1089.4,1108.6,181,0,0.0,0.0,0.0,0.0,0.0,0,1026,1148,47.19411223551057,52.80588776448943
FR,2015-11-24,164,2346,1460.785166240409,4.0,1075.0,1071.8,1078.2,164,0,0.0,0.0,0.0,0.0,0.0,0,1155,1086,51.53949129852744,48.460508701472556
FR,2015-11-25,170,1976,1483.063765182187,6.057020719792859,1080.0,1074.1,1086.6,170,0,0.0,0.0,0.0,0.0,0.0,0,856,1011,45.84895554365292,54.15104445634709
FR,2015-11-26,189,2039,1462.6871015203542,5.329930887479323,1948.0,1943.6,1956.0,189,0,0.0,0.0,0.0,0.0,0.0,0,867,1064,44.899016053858105,55.10098394614189
FR,2015-11-27,170,1961,1477.8026517083122,4.0,1077.0,1073.8,1080.2,170,0,0.0,0.0,0.0,0.0,0.0,0,949,929,50.53248136315229,49.467518636847714
FR,2015-11-28,174,2358,1429.1857506361316,11.796098041050817,1271.0,1258.2,1288.4,174,0,0.0,0.0,0.0,0.0,0.0,0,1209,1051,53.49557522123894,46.50442477876106
FR,2015-11-29,176,2044,1576.4941291585117,11.246768243294042,1237.0,1227.6,1254.4,176,0,0.0,0.0,0.0,0.0,0.0,0,1033,946,52.19807983830217,47.80192016169782
FR,2015-11-30,204,2367,1499.1161808196036,8.985755485928413,1086.0,1072.0,1095.0,204,0,0.0,0.0,0.0,0.0,0.0,0,1121,1162,49.102058694699956,50.897941305300044
FR,2015-12-01,51,140,1505.95,199.6602670092931,1537.0,1201.0,1542.6,51,0,0.0,0.0,0.0,0.0,0.0,0,78,44,63.934426229508205,36.0655737704918
FR,2015-12-02,1,1,1559.0,0.0,1559.0,1559.0,1559.0,1,0,0.0,0.0,0.0,0.0,0.0,0,0,0,0.0,0.0
FR,2015-12-03,15,52,1470.4807692307695,1.5,1374.5,1373.3,1375.7,15,0,0.0,0.0,0.0,0.0,0.0,0,22,18,55.00000000000001,45.0
FR,2015-12-04,13,37,1580.8648648648646,9.0,1521.0,1518.0,1535.2,13,0,0.0,0.0,0.0,0.0,0.0,0,19,18,51.35135135135135,48.64864864864865
FR,2015-12-05,13,13,1444.615384615385,0.0,1374.0,1374.0,1374.0,13,0,0.0,0.0,0.0,0.0,0.0,0,13,0,100.0,0.0
FR,2015-12-06,25,25,1740.84,0.0,1512.0,1512.0,1512.0,25,0,0.0,0.0,0.0,0.0,0.0,0,11,7,61.111111111111114,38.88888888888889
FR,2015-12-07,29,49,1478.3061224489795,4.96655480858378,1325.0,1317.0,1325.8,29,0,0.0,0.0,0.0,0.0,0.0,0,29,20,59.183673469387756,40.816326530612244
FR,2015-12-08,29,39,1587.7692307692305,6.0,1334.0,1329.2,1338.8,29,0,0.0,0.0,0.0,0.0,0.0,0,33,6,84.61538461538461,15.384615384615385
FR,2015-12-09,18,24,1574.75,0.0,1558.0,1558.0,1558.0,18,0,0.0,0.0,0.0,0.0,0.0,0,12,12,50.0,50.0
FR,2015-12-10,11,11,1493.5454545454545,0.0,1340.0,1340.0,1340.0,11,0,0.0,0.0,0.0,0.0,0.0,0,10,0,100.0,0.0
FR,2015-12-11,24,30,1612.0000000000002,0.0,1558.0,1558.0,1558.0,24,0,0.0,0.0,0.0,0.0,0.0,0,12,18,40.0,60.0
FR,2015-12-12,20,21,1548.6666666666667,0.0,1395.0,1395.0,1395.0,20,0,0.0,0.0,0.0,0.0,0.0,0,7,13,35.0,65.0
FR,2015-12-13,28,40,1597.1000000000004,0.0,1358.0,1358.0,1358.0,28,0,0.0,0.0,0.0,0.0,0.0,0,28,12,70.0,30.0
FR,2015-12-14,13,38,1620.6315789473686,2.3570226039551585,1524.0,1524.0,1528.0,13,0,0.0,0.0,0.0,0.0,0.0,0,26,12,68.42105263157895,31.57894736842105
FR,2015-12-15,17,23,1559.3913043478256,0.0,1350.0,1350.0,1350.0,17,0,0.0,0.0,0.0,0.0,0.0,0,12,5,70.58823529411765,29.411764705882355
FR,2015-12-16,8,8,1572.75,0.0,1536.0,1536.0,1536.0,8,0,0.0,0.0,0.0,0.0,0.0,0,0,1,0.0,100.0
FR,2015-12-17,29,41,1501.121951219512,0.0,1343.0,1343.0,1343.0,29,0,0.0,0.0,0.0,0.0,0.0,0,34,7,82.92682926829268,17.073170731707318
FR,2015-12-18,6,72,1542.1666666666667,15.55545634889,1548.0,1519.4,1555.9,6,0,0.0,0.0,0.0,0.0,0.0,0,24,42,36.36363636363637,63.63636363636363
FR,2015-12-19,12,24,1565.0,0.0,1752.0,1752.0,1752.0,12,0,0.0,0.0,0.0,0.0,0.0,0,12,12,50.0,50.0
FR,2015-12-20,14,33,1461.8484848484848,4.0,1408.0,1404.8,1411.2,14,0,0.0,0.0,0.0,0.0,0.0,0,20,13,60.60606060606061,39.39393939393939
FR,2015-12-21,13,13,1489.2307692307693,0.0,1551.0,1551.0,1551.0,13,0,0.0,0.0,0.0,0.0,0.0,0,0,7,0.0,100.0
FR,2015-12-22,6,12,1685.5,1.5,1685.5,1684.3,1686.7,6,0,0.0,0.0,0.0,0.0,0.0,0,6,6,50.0,50.0
FR,2015-12-23,12,18,1619.6666666666667,0.0,1501.0,1501.0,1501.0,12,0,0.0,0.0,0.0,0.0,0.0,0,6,12,33.33333333333333,66.66666666666666
FR,2015-12-24,13,25,1536.1600000000003,0.0,1559.0,1559.0,1559.0,13,0,0.0,0.0,0.0,0.0,0.0,0,25,0,100.0,0.0
FR,2015-12-25,1,1,1583.0,0.0,1583.0,1583.0,1583.0,1,0,0.0,0.0,0.0,0.0,0.0,0,0,1,0.0,100.0
FR,2015-12-26,9,9,2002.0,0.0,2084.0,2084.0,2084.0,9,0,0.0,0.0,0.0,0.0,0.0,0,1,8,11.11111111111111,88.88888888888889
FR,2015-12-27,7,7,1404.0,0.0,1404.0,1404.0,1404.0,7,0,0.0,0.0,0.0,0.0,0.0,0,0,7,0.0,100.0
FR,2015-12-28,2,2,1847.5,0.0,1898.0,1898.0,1898.0,2,0,0.0,0.0,0.0,0.0,0.0,0,0,2,0.0,100.0
FR,2015-12-29,7,13,1690.8461538461538,6.5,1673.5,1668.3,1678.7,7,0,0.0,0.0,0.0,0.0,0.0,0,0,12,0.0,100.0
FR,2015-12-31,7,21,1393.6666666666667,2.494438257849294,1393.0,1391.4,1396.2,7,0,0.0,0.0,0.0,0.0,0.0,0,0,21,0.0,100.0
FR,2016-01-01,150,2296,1385.47256097561,0.0,1050.0,1050.0,1050.0,150,0,0.0,0.0,0.0,0.0,0.0,0,997,1253,44.31111111111111,55.68888888888889
FR,2016-01-02,191,2660,1377.5687969924809,20.459472133953017,1084.5,1065.2,1113.7,191,0,0.0,0.0,0.0,0.0,0.0,0,1287,1267,50.39154267815192,49.60845732184808
FR,2016-01-03,183,2475,1368.2266666666671,8.38637948978852,1102.0,1093.0,1109.8,183,0,0.0,0.0,0.0,0.0,0.0,0,1307,1108,54.120082815734996,45.87991718426501
FR,2016-01-04,190,2088,1341.052681992338,5.656854249492381,1084.0,1078.4,1089.6,190,0,0.0,0.0,0.0,0.0,0.0,0,900,1098,45.04504504504504,54.95495495495496
FR,2016-01-05,188,2299,1455.7890387124826,12.331362455138525,1107.0,1088.0,1120.5,188,0,0.0,0.0,0.0,0.0,0.0,0,1246,929,57.28735632183908,42.71264367816092
FR,2016-01-06,198,2565,1351.3169590643274,8.404704233608571,1118.5,1109.5,1128.5,198,0,0.0,0.0,0.0,0.0,0.0,0,1336,1190,52.88994457640538,47.110055423594616
FR,2016-01-07,183,2154,1433.2372330547803,7.3484692283495345,1111.0,1103.8,1118.2,183,0,0.0,0.0,0.0,0.0,0.0,0,1156,921,55.65719788155994,44.342802118440055
FR,2016-01-08,176,2025,1400.9466666666667,5.678908345800274,1109.0,1104.1,1115.3,176,0,0.0,0.0,0.0,0.0,0.0,0,936,1007,48.17292846114256,51.82707153885744
FR,2016-01-09,180,1804,1474.6829268292677,3.771236166328253,1109.0,1109.0,1115.4,180,0,0.0,0.0,0.0,0.0,0.0,0,977,788,55.35410764872522,44.64589235127478
FR,2016-01-10,150,2317,1410.1186879585664,0.0,1568.0,1568.0,1568.0,150,0,0.0,0.0,0.0,0.0,0.0,0,1214,1018,54.39068100358423,45.60931899641577
FR,2016-01-11,180,1784,1352.3402466367709,0.0,1568.0,1568.0,1568.0,180,0,0.0,0.0,0.0,0.0,0.0,0,862,857,50.145433391506685,49.854566608493315
FR,2016-01-12,182,2005,1476.5251870324205,0.0,1568.0,1568.0,1568.0,182,0,0.0,0.0,0.0,0.0,0.0,0,895,1001,47.20464135021097,52.79535864978902
FR,2016-01-13,192,1670,1441.643712574851,5.024937810560445,1121.0,1116.5,1126.9,192,0,0.0,0.0,0.0,0.0,0.0,0,807,806,50.03099814011159,49.96900185988841
FR,2016-01-14,179,1735,1482.531412103745,0.0,1568.0,1568.0,1568.0,179,0,0.0,0.0,0.0,0.0,0.0,0,764,888,46.246973365617436,53.753026634382564
FR,2016-01-15,199,1852,1452.0421166306696,4.0,1124.0,1120.8,1127.2,199,0,0.0,0.0,0.0,0.0,0.0,0,821,976,45.68725653867557,54.31274346132443
FR,2016-01-16,173,2024,1485.1576086956532,9.91766101457395,1149.5,1136.3,1160.2,173,0,0.0,0.0,0.0,0.0,0.0,0,1101,873,55.77507598784195,44.224924012158056
FR,2016-01-17,199,1862,1466.1294307196572,18.1299313681818,1158.0,1122.6,1168.2,199,0,0.0,0.0,0.0,0.0,0.0,0,857,881,49.309551208285384,50.690448791714616
FR,2016-01-18,177,1436,1371.5961002785518,8.842369591913696,1121.5,1111.7,1130.6,177,0,0.0,0.0,0.0,0.0,0.0,0,758,637,54.33691756272402,45.66308243727599
FR,2016-01-19,205,1826,1380.92935377875,15.126466871017833,1180.5,1152.3,1192.0,205,0,0.0,0.0,0.0,0.0,0.0,0,843,897,48.44827586206897,51.55172413793103
FR,2016-01-20,214,2286,1441.2952755905524,4.027681991198191,1157.0,1150.6,1157.8,214,3,62.669999999999995,0.0,0.0,0.0,0.0,3,1098,1104,49.863760217983646,50.13623978201635
FR,2016-01-21,207,2602,1485.2801691006916,4.0,1153.0,1149.8,1156.2,207,0,0.0,0.0,0.0,0.0,0.0,0,1338,1134,54.12621359223301,45.87378640776699
FR,2016-01-22,192,2257,1499.7824545857336,11.50912144966808,1148.5,1131.2,1164.0,192,0,0.0,0.0,0.0,0.0,0.0,0,1009,1091,48.04761904761905,51.95238095238095
FR,2016-01-23,158,1863,1519.814814814814,59.28976845958272,1528.0,1517.1,1563.0,158,0,0.0,0.0,0.0,0.0,0.0,0,868,893,49.290176036342984,50.70982396365701
FR,2016-01-24,223,2258,1457.8742249778545,3.5,1114.5,1111.7,1117.3,223,0,0.0,0.0,0.0,0.0,0.0,0,1090,1007,51.9790176442537,48.020982355746305
FR,2016-01-25,211,2509,1368.6377042646468,8.822698000045111,1086.0,1079.8,1099.0,211,0,0.0,0.0,0.0,0.0,0.0,0,1284,1143,52.90482076637824,47.09517923362176
FR,2016-01-26,180,1997,1331.412618928392,0.0,1512.0,1512.0,1512.0,180,1,94.03,0.0,0.0,0.0,0.0,1,953,903,51.34698275862068,48.65301724137931
FR,2016-01-27,203,3307,1443.503477472029,6.015604707757983,1067.0,1061.4,1073.3,203,0,0.0,0.0,0.0,0.0,0.0,0,1640,1553,51.36235515189477,48.63764484810523
FR,2016-01-28,193,2030,1443.71330049261,2.9933259094191533,1543.0,1543.0,1549.0,193,0,0.0,0.0,0.0,0.0,0.0,0,1035,951,52.11480362537765,47.88519637462236
FR,2016-01-29,189,2036,1326.42583497053,0.0,1549.0,1549.0,1549.0,189,0,0.0,0.0,0.0,0.0,0.0,0,1050,917,53.380782918149464,46.619217081850536
FR,2016-01-30,165,2194,1481.515952597996,20.980645843252777,1541.5,1512.8,1571.0,165,0,0.0,0.0,0.0,0.0,0.0,0,974,1164,45.55659494855004,54.44340505144996
FR,2016-01-31,181,2553,1340.2483352918157,4.029888335921977,1059.0,1058.0,1066.6,181,0,0.0,0.0,0.0,0.0,0.0,0,1209,1236,49.4478527607362,50.5521472392638
FR,2016-02-01,208,2576,1403.102872670809,64.9519052838329,1600.0,1450.0,1600.0,208,6,84.48,0.0,84.48,84.48,84.48,6,1334,1163,53.42410893071686,46.57589106928314
FR,2016-02-02,200,1767,1375.8143746462922,0.0,1050.0,1050.0,1050.0,200,0,0.0,0.0,0.0,0.0,0.0,0,868,840,50.81967213114754,49.18032786885246
FR,2016-02-03,192,2277,1367.9934123847156,0.0,1600.0,1600.0,1600.0,192,1,80.21,0.0,0.0,0.0,0.0,1,1211,985,55.14571948998178,44.854280510018214
FR,2016-02-04,183,1917,1382.075639019301,33.30999182761166,1718.0,1678.8,1743.6,183,0,0.0,0.0,0.0,0.0,0.0,0,848,1010,45.64047362755651,54.35952637244349
FR,2016-02-05,178,1883,1445.3744025491228,0.0,1600.0,1600.0,1600.0,178,0,0.0,0.0,0.0,0.0,0.0,0,1034,763,57.5403450194769,42.45965498052309
FR,2016-02-06,151,1387,1381.5277577505406,6.944222218666553,1143.0,1135.8,1149.4,151,0,0.0,0.0,0.0,0.0,0.0,0,638,721,46.946284032376745,53.05371596762325
FR,2016-02-07,174,2028,1518.3925049309664,222.46248123123044,956.5,952.0,1258.5,174,0,0.0,0.0,0.0,0.0,0.0,0,927,1019,47.63617677286742,52.36382322713258
FR,2016-02-08,166,1781,1526.066816395284,4.5,1061.5,1057.9,1065.1,166,0,0.0,0.0,0.0,0.0,0.0,0,841,861,49.412455934195066,50.587544065804934
FR,2016-02-09,171,1573,1454.2269548633187,250.2385528517405,952.5,937.5,1461.0,171,0,0.0,0.0,0.0,0.0,0.0,0,810,677,54.47209145931405,45.52790854068595
FR,2016-02-10,187,1514,1457.9326287978863,4.0,1070.0,1066.8,1073.2,187,0,0.0,0.0,0.0,0.0,0.0,0,725,691,51.20056497175142,48.79943502824859
FR,2016-02-11,210,2134,1508.1335520149964,8.845903006477066,1999.5,1990.6,2008.4,210,0,0.0,0.0,0.0,0.0,0.0,0,956,1047,47.72840738891663,52.27159261108337
FR,2016-02-12,207,1693,1380.19019492026,7.95989949685296,1033.0,1019.6,1036.6,207,0,0.0,0.0,0.0,0.0,0.0,0,772,838,47.95031055900621,52.04968944099379
FR,2016-02-13,167,1243,1527.1560740144812,291.8085757786416,909.0,895.4,1541.8,167,0,0.0,0.0,0.0,0.0,0.0,0,673,502,57.27659574468085,42.723404255319146
FR,2016-02-14,220,1996,1424.8792585170352,6.944222218666553,1034.0,1026.8,1040.4,220,0,0.0,0.0,0.0,0.0,0.0,0,1000,937,51.62622612287042,48.37377387712959
FR,2016-02-15,228,1580,1555.2537974683553,0.0,2010.0,2010.0,2010.0,228,0,0.0,0.0,0.0,0.0,0.0,0,740,738,50.06765899864683,49.93234100135318
FR,2016-02-16,168,1692,1371.1430260047275,17.60662033397594,1048.0,1030.2,1074.8,168,0,0.0,0.0,0.0,0.0,0.0,0,928,705,56.82792406613595,43.17207593386405
FR,2016-02-17,187,1779,1383.9325463743685,7.363574011458174,1079.0,1070.6,1087.6,187,0,0.0,0.0,0.0,0.0,0.0,0,851,852,49.97064004697592,50.02935995302408
FR,2016-02-18,209,2390,1541.3962343096223,0.0,1086.0,1086.0,1086.0,209,0,0.0,0.0,0.0,0.0,0.0,0,1239,1035,54.485488126649074,45.51451187335092
FR,2016-02-19,170,1612,1430.722084367246,7.515982969645422,1094.0,1085.8,1102.8,170,0,0.0,0.0,0.0,0.0,0.0,0,819,712,53.4944480731548,46.5055519268452
FR,2016-02-20,164,1575,1542.9034920634924,3.6996621467371855,1110.0,1104.1,1111.0,164,4,71.01,0.0,0.0,0.0,0.0,4,688,793,46.45509790681972,53.54490209318028
FR,2016-02-21,159,1236,1446.716019417477,8.034647195462632,1122.5,1113.5,1131.0,159,0,0.0,0.0,0.0,0.0,0.0,0,606,568,51.618398637137986,48.38160136286201
FR,2016-02-22,192,2033,1566.937038858829,6.794115100585212,1129.0,1120.8,1135.8,192,0,0.0,0.0,0.0,0.0,0.0,0,933,976,48.87375589313777,51.12624410686223
FR,2016-02-23,170,2000,1550.8305000000014,0.0,1130.0,1130.0,1130.0,170,0,0.0,0.0,0.0,0.0,0.0,0,956,957,49.97386304234187,50.02613695765813
FR,2016-02-24,172,2461,1584.129622104835,0.0,2000.0,2000.0,2000.0,172,0,0.0,0.0,0.0,0.0,0.0,0,1317,1110,54.26452410383189,45.73547589616811
FR,2016-02-25,184,1766,1588.1625141562845,0.0,1989.0,1989.0,1989.0,184,0,0.0,0.0,0.0,0.0,0.0,0,818,892,47.83625730994152,52.16374269005848
FR,2016-02-26,186,2249,1573.9364161849712,8.687050348075577,1197.0,1187.5,1210.0,186,0,0.0,0.0,0.0,0.0,0.0,0,1142,1011,53.04226660473758,46.95773339526242
FR,2016-02-27,184,2298,1498.5800696257606,366.8564944225466,1608.0,940.6,1739.1,184,0,0.0,0.0,0.0,0.0,0.0,0,1080,1106,49.40530649588289,50.5946935041171
FR,2016-02-28,156,2312,1501.8429930795864,0.0,1977.0,1977.0,1977.0,156,0,0.0,0.0,0.0,0.0,0.0,0,1080,1167,48.06408544726302,51.93591455273698
FR,2016-02-29,185,2382,1568.935768261965,9.776317757156264,1128.0,1120.0,1143.0,185,0,0.0,0.0,0.0,0.0,0.0,0,1204,1048,53.46358792184724,46.53641207815276
FR,2016-03-01,187,2017,1542.7773921665844,6.734983296193095,1135.0,1126.0,1140.4,187,0,0.0,0.0,0.0,0.0,0.0,0,918,962,48.829787234042556,51.170212765957444
FR,2016-03-02,217,2280,1593.544736842106,25.97749500844106,1967.0,1941.4,2003.7,217,0,0.0,0.0,0.0,0.0,0.0,0,1160,1014,53.35786568537259,46.64213431462741
FR,2016-03-03,223,2395,1439.493528183718,4.604345773288535,1953.0,1948.0,1958.0,223,0,0.0,0.0,0.0,0.0,0.0,0,1247,1086,53.45049292756108,46.54950707243892
FR,2016-03-04,188,2313,1549.5123216601812,11.335784048754634,1223.0,1207.7,1232.7,188,0,0.0,0.0,0.0,0.0,0.0,0,1229,994,55.28565002249213,44.71434997750787
FR,2016-03-05,192,2555,1532.0234833659486,6.015604707757983,1246.0,1240.4,1252.3,192,0,0.0,0.0,0.0,0.0,0.0,0,1268,1215,51.06725734997987,48.93274265002014
FR,2016-03-06,193,2928,1591.334016393442,3.5,1252.5,1249.7,1255.3,193,0,0.0,0.0,0.0,0.0,0.0,0,1581,1211,56.626074498567334,43.373925501432666
FR,2016-03-07,198,2588,1571.759273570324,3.766629793329841,1118.5,1114.3,1122.0,198,8,78.85000000000001,0.0,0.0,0.0,0.0,8,1274,1178,51.95758564437194,48.04241435562806
FR,2016-03-08,208,2170,1465.789861751153,4.5,1117.5,1113.9,1121.1,208,0,0.0,0.0,0.0,0.0,0.0,0,1052,1026,50.62560153994225,49.37439846005775
FR,2016-03-09,202,1930,1592.5808290155433,4.0,1234.0,1230.8,1237.2,202,0,0.0,0.0,0.0,0.0,0.0,0,920,937,49.54227248249865,50.45772751750135
FR,2016-03-10,208,2005,1516.5346633416473,7.013380069552769,1206.5,1200.1,1213.9,208,0,0.0,0.0,0.0,0.0,0.0,0,950,969,49.504950495049506,50.495049504950494
FR,2016-03-11,193,1871,1597.1544628540885,8.178562764256865,1211.0,1200.0,1218.0,193,0,0.0,0.0,0.0,0.0,0.0,0,982,824,54.37430786267996,45.625692137320044
FR,2016-03-12,165,1982,1484.2219979818371,4.716990566028302,1225.5,1220.5,1230.5,165,1,52.94,0.0,0.0,0.0,0.0,1,976,936,51.04602510460251,48.95397489539749
FR,2016-03-13,179,1952,1533.0276639344256,27.838322906062825,1166.5,1127.9,1196.9,179,0,0.0,0.0,0.0,0.0,0.0,0,1030,834,55.257510729613735,44.742489270386265
FR,2016-03-14,196,1916,1604.4963465553242,9.584057943620056,1223.0,1214.1,1232.9,196,4,90.32,0.0,0.0,0.0,0.0,4,921,905,50.438116100766706,49.561883899233294
FR,2016-03-15,187,1445,1472.3882352941177,14.134602302453391,1184.0,1168.0,1203.6,187,0,0.0,0.0,0.0,0.0,0.0,0,669,750,47.14587737843552,52.85412262156448
FR,2016-03-16,242,2757,1535.2912586144373,7.099870651308102,1167.0,1158.8,1173.2,242,0,0.0,0.0,0.0,0.0,0.0,0,1433,1204,54.34205536594615,45.65794463405385
FR,2016-03-17,205,2305,1513.8039045553153,0.0,1179.0,1179.0,1179.0,205,0,0.0,0.0,0.0,0.0,0.0,0,1059,1165,47.61690647482014,52.38309352517986
FR,2016-03-18,191,2357,1602.557064064489,5.580223014261069,1166.0,1160.0,1172.5,191,0,0.0,0.0,0.0,0.0,0.0,0,1117,1162,49.01272487933304,50.987275120666965
FR,2016-03-19,188,2251,1562.1248334073746,4.0,1156.0,1152.8,1159.2,188,0,0.0,0.0,0.0,0.0,0.0,0,1146,1018,52.957486136783736,47.042513863216264
FR,2016-03-20,234,2445,1503.0049079754604,4.242640687119285,1144.0,1144.0,1151.2,234,0,0.0,0.0,0.0,0.0,0.0,0,1160,1122,50.83260297984224,49.16739702015776
FR,2016-03-21,200,2190,1442.0584474885852,2.165063509461097,1610.0,1610.0,1615.0,200,0,0.0,0.0,0.0,0.0,0.0,0,1037,1058,49.498806682577566,50.501193317422434
FR,2016-03-22,213,2627,1502.1929958127128,4.5,1147.5,1143.9,1151.1,213,0,0.0,0.0,0.0,0.0,0.0,0,1366,1182,53.610675039246466,46.389324960753534
FR,2016-03-23,204,2914,1574.5432395332891,6.97614984548545,1947.0,1941.4,1955.0,204,0,0.0,0.0,0.0,0.0,0.0,0,1415,1422,49.87663024321466,50.123369756785344
FR,2016-03-24,186,2367,1457.5361216730023,2.584879107424562,1617.0,1617.0,1617.0,186,0,0.0,0.0,0.0,0.0,0.0,0,1093,1199,47.68760907504363,52.31239092495636
FR,2016-03-25,215,2434,1468.7370583401812,4.5,1155.5,1151.9,1159.1,215,0,0.0,0.0,0.0,0.0,0.0,0,1231,1084,53.17494600431966,46.82505399568034
FR,2016-03-26,220,2178,1619.2488521579426,3.5,1154.5,1151.7,1157.3,220,0,0.0,0.0,0.0,0.0,0.0,0,1108,990,52.81220209723546,47.18779790276454
FR,2016-03-27,209,2577,1486.0811020566543,9.885053652574967,1152.0,1139.8,1162.2,209,0,0.0,0.0,0.0,0.0,0.0,0,1171,1300,47.389720760825575,52.61027923917442
FR,2016-03-28,209,3094,1478.488687782805,0.0,1141.0,1141.0,1141.0,209,0,0.0,0.0,0.0,0.0,0.0,0,1561,1434,52.12020033388982,47.87979966611019
FR,2016-03-29,189,1913,1480.92211186618,10.225241100118646,1168.0,1153.0,1176.0,189,0,0.0,0.0,0.0,0.0,0.0,0,913,907,50.16483516483517,49.83516483516483
FR,2016-03-30,221,2340,1639.8004273504268,5.1613951602255765,1964.0,1959.4,1970.2,221,0,0.0,0.0,0.0,0.0,0.0,0,1140,1064,51.724137931034484,48.275862068965516
FR,2016-03-31,233,1864,1442.719420600858,10.044346115546244,1989.0,1975.0,1998.0,233,5,83.6,0.0,0.0,0.0,0.0,5,971,808,54.581225407532315,45.418774592467685
FR,2016-04-01,243,2665,1552.4086303939976,3.771236166328253,1173.0,1173.0,1179.4,243,0,0.0,0.0,0.0,0.0,0.0,0,1231,1323,48.198903680501175,51.80109631949883
FR,2016-04-02,217,2239,1499.829388119697,5.924697529522207,1992.0,1985.2,2000.4,217,0,0.0,0.0,0.0,0.0,0.0,0,1057,1059,49.95274102079395,50.04725897920604
FR,2016-04-03,184,1558,1451.1258023106552,224.32911318063057,913.0,909.8,1382.6,184,0,0.0,0.0,0.0,0.0,0.0,0,684,796,46.21621621621622,53.783783783783775
FR,2016-04-04,195,2282,1486.269500438212,7.145713714514171,1147.0,1135.8,1150.2,195,0,0.0,0.0,0.0,0.0,0.0,0,1161,1033,52.91704649042844,47.08295350957156
FR,2016-04-05,221,2453,1434.247859763554,13.350988311315716,1169.0,1147.8,1181.6,221,0,0.0,0.0,0.0,0.0,0.0,0,1237,1137,52.106149957877,47.893850042123
FR,2016-04-06,218,2435,1499.525256673512,0.0,1158.0,1158.0,1158.0,218,0,0.0,0.0,0.0,0.0,0.0,0,1099,1246,46.865671641791046,53.13432835820896
FR,2016-04-07,196,2178,1546.202020202021,6.944222218666553,1982.0,1975.6,1989.2,196,0,0.0,0.0,0.0,0.0,0.0,0,1129,968,53.83881735813066,46.16118264186934
FR,2016-04-08,223,2416,1528.924668874172,3.0,1967.0,1964.6,1969.4,223,0,0.0,0.0,0.0,0.0,0.0,0,1277,1073,54.340425531914896,45.659574468085104
FR,2016-04-09,220,2564,1451.3919656786263,0.0,1145.0,1145.0,1145.0,220,0,0.0,0.0,0.0,0.0,0.0,0,1223,1240,49.654892407632964,50.345107592367036
FR,2016-04-10,236,2614,1522.3351185921967,0.5,1136.5,1136.1,1136.9,236,0,0.0,0.0,0.0,0.0,0.0,0,1273,1261,50.23677979479084,49.76322020520916
FR,2016-04-11,209,2426,1500.0284418796366,3.5,1963.5,1960.7,1966.3,209,0,0.0,0.0,0.0,0.0,0.0,0,1193,1164,50.615188799321174,49.38481120067883
FR,2016-04-12,226,2510,1528.704780876495,8.37615663654877,1994.0,1981.0,1998.8,226,0,0.0,0.0,0.0,0.0,0.0,0,1170,1248,48.38709677419355,51.61290322580645
FR,2016-04-13,193,2265,1529.2114790286992,16.79893096695897,1155.0,1135.4,1175.8,193,0,0.0,0.0,0.0,0.0,0.0,0,1175,1013,53.702010968921385,46.297989031078615
FR,2016-04-14,196,2306,1461.6088464874224,0.0,1180.0,1180.0,1180.0,196,0,0.0,0.0,0.0,0.0,0.0,0,1142,1111,50.68797159343098,49.31202840656902
FR,2016-04-15,203,2003,1469.3349975037452,8.146126380065558,1170.0,1159.4,1180.6,203,0,0.0,0.0,0.0,0.0,0.0,0,986,894,52.4468085106383,47.5531914893617
FR,2016-04-16,172,1718,1465.3952270081495,160.0958697156176,911.5,908.0,1170.5,172,6,59.34000000000001,0.0,0.0,0.0,0.0,6,825,814,50.33557046979866,49.664429530201346
FR,2016-04-17,169,1548,1534.3107235142134,4.0,904.0,900.8,907.2,169,0,0.0,0.0,0.0,0.0,0.0,0,694,784,46.9553450608931,53.044654939106906
FR,2016-04-18,164,2195,1435.6350797266516,5.338539126015656,1150.5,1145.8,1156.6,164,0,0.0,0.0,0.0,0.0,0.0,0,983,1153,46.02059925093633,53.979400749063664
FR,2016-04-19,207,2277,1540.5884936319717,11.359577456930342,1136.0,1122.4,1147.8,207,0,0.0,0.0,0.0,0.0,0.0,0,1216,923,56.848994857410005,43.151005142589995
FR,2016-04-20,212,2422,1506.6820809248557,3.858612300930076,2002.0,2000.4,2007.6,212,0,0.0,0.0,0.0,0.0,0.0,0,1188,1117,51.54013015184382,48.45986984815618
FR,2016-04-21,185,2307,1528.9072388383197,7.671986379028576,1116.5,1106.6,1125.0,185,0,0.0,0.0,0.0,0.0,0.0,0,1136,1054,51.87214611872146,48.12785388127854
FR,2016-04-22,209,2077,1464.346653827636,6.784210359657315,1131.0,1121.5,1139.8,209,0,0.0,0.0,0.0,0.0,0.0,0,1047,936,52.79878971255674,47.20121028744327
FR,2016-04-23,195,2443,1530.870650839131,7.735631842325487,1110.0,1098.4,1115.6,195,0,0.0,0.0,0.0,0.0,0.0,0,1206,1159,50.99365750528542,49.00634249471459
FR,2016-04-24,193,2415,1535.7929606625253,7.453858061433689,1987.5,1980.4,1995.7,193,0,0.0,0.0,0.0,0.0,0.0,0,1121,1171,48.909249563699824,51.09075043630017
FR,2016-04-25,188,2456,1522.543566775243,5.0,1988.0,1984.0,1992.0,188,0,0.0,0.0,0.0,0.0,0.0,0,1152,1221,48.54614412136536,51.453855878634634
FR,2016-04-26,174,1913,1432.396236278098,9.35867378887122,1138.0,1128.0,1151.8,174,0,0.0,0.0,0.0,0.0,0.0,0,798,1025,43.773998902907294,56.226001097092706
FR,2016-04-27,172,1684,1343.670427553444,6.944222218666553,1973.0,1966.6,1980.2,172,0,0.0,0.0,0.0,0.0,0.0,0,815,811,50.1230012300123,49.8769987699877
FR,2016-04-28,239,2725,1362.9588990825682,8.926911598784923,1134.0,1122.6,1143.2,239,0,0.0,0.0,0.0,0.0,0.0,0,1429,1171,54.96153846153846,45.03846153846154
FR,2016-04-29,171,2474,1392.1030719482628,6.531972647421808,1146.0,1139.6,1152.4,171,0,0.0,0.0,0.0,0.0,0.0,0,1142,1242,47.90268456375839,52.09731543624161
FR,2016-04-30,190,2197,1528.470641784252,4.546060565661952,1147.0,1143.8,1152.6,190,6,25.710000000000004,0.0,0.0,0.0,0.0,6,1022,1085,48.50498338870432,51.49501661129568
FR,2016-05-01,172,1978,1471.0894843276037,3.559026084010437,1135.0,1129.4,1135.8,172,0,0.0,0.0,0.0,0.0,0.0,0,1015,912,52.67254800207577,47.327451997924236
FR,2016-05-02,210,2858,1488.4205738278522,5.0,1976.0,1972.0,1980.0,210,0,0.0,0.0,0.0,0.0,0.0,0,1436,1297,52.542993047932676,47.457006952067324
FR,2016-05-03,185,1962,1362.8888888888907,8.13557004763649,1110.0,1100.7,1120.8,185,0,0.0,0.0,0.0,0.0,0.0,0,904,981,47.95755968169762,52.04244031830238
FR,2016-05-04,212,2473,1388.941771128183,6.870944370551247,1110.0,1106.0,1120.4,212,0,0.0,0.0,0.0,0.0,0.0,0,1157,1219,48.695286195286194,51.304713804713806
FR,2016-05-05,194,2593,1362.1438488237573,4.06201920231798,1970.5,1967.0,1975.4,194,0,0.0,0.0,0.0,0.0,0.0,0,1285,1200,51.710261569416495,48.2897384305835
FR,2016-05-06,213,2442,1398.7538902538909,19.2743801483681,1084.0,1056.2,1103.4,213,0,0.0,0.0,0.0,0.0,0.0,0,1211,1128,51.77426250534416,48.22573749465583
FR,2016-05-07,208,2132,1481.6519699812382,2.0,1051.0,1049.4,1052.6,208,0,0.0,0.0,0.0,0.0,0.0,0,1029,1023,50.14619883040936,49.853801169590646
FR,2016-05-08,182,1899,1523.166403370195,6.370504951205464,1059.0,1051.0,1066.6,182,0,0.0,0.0,0.0,0.0,0.0,0,948,876,51.973684210526315,48.026315789473685
FR,2016-05-09,223,1620,1543.1925925925946,0.0,1067.0,1067.0,1067.0,223,0,0.0,0.0,0.0,0.0,0.0,0,721,823,46.696891191709845,53.303108808290155
FR,2016-05-10,169,1964,1440.673116089612,202.5344515919024,948.0,935.4,1283.0000000000002,169,0,0.0,0.0,0.0,0.0,0.0,0,991,913,52.04831932773109,47.95168067226891
FR,2016-05-11,196,1963,1520.008150789608,8.166241485530538,1968.5,1960.1,1977.6,196,0,0.0,0.0,0.0,0.0,0.0,0,980,899,52.155401809473126,47.844598190526874
FR,2016-05-12,209,1602,1589.2927590511854,11.05298002110466,1954.5,1944.5,1970.7,209,0,0.0,0.0,0.0,0.0,0.0,0,737,784,48.45496383957922,51.54503616042078
FR,2016-05-13,168,1560,1565.920512820515,223.7430669316929,951.0,938.2,1287.2,168,0,0.0,0.0,0.0,0.0,0.0,0,729,763,48.86058981233244,51.13941018766756
FR,2016-05-14,173,1469,1655.2688904016331,16.429774800647756,1988.5,1973.9,2012.7,173,0,0.0,0.0,0.0,0.0,0.0,0,769,630,54.96783416726233,45.03216583273767
FR,2016-05-15,143,1428,1580.5784313725496,6.764613810115105,926.0,918.0,932.8,143,0,0.0,0.0,0.0,0.0,0.0,0,579,731,44.19847328244275,55.80152671755725
FR,2016-05-16,173,1746,1477.266323024055,5.796286636762385,2016.5,2009.3,2023.0,173,0,0.0,0.0,0.0,0.0,0.0,0,862,812,51.493428912783756,48.50657108721625
FR,2016-05-17,190,2138,1488.5776426566897,5.673402858955108,2016.5,2010.4,2021.9,190,0,0.0,0.0,0.0,0.0,0.0,0,991,1020,49.278965688712084,50.721034311287916
FR,2016-05-18,213,2522,1554.325931800159,9.706813185707356,2030.0,2018.4,2039.6,213,0,0.0,0.0,0.0,0.0,0.0,0,1174,1240,48.63297431648716,51.36702568351284
FR,2016-05-19,181,2874,1476.5034794711205,216.76963899238493,1283.0,878.7,1498.5,181,24,80.30666666666667,0.0,0.0,0.0,0.0,8,1423,1294,52.37394184762606,47.62605815237394
FR,2016-05-20,200,2688,1441.5978422619064,6.5383484153110105,1023.0,1015.4,1029.2,200,0,0.0,0.0,0.0,0.0,0.0,0,1204,1374,46.702870442203256,53.297129557796744
FR,2016-05-21,195,2356,1665.47325976231,5.610010893235611,1217.0,1210.5,1223.0,195,0,0.0,0.0,0.0,0.0,0.0,0,1168,1077,52.02672605790646,47.97327394209354
FR,2016-05-22,171,2215,1592.0275395033866,4.027681991198191,921.0,914.6,921.8,171,0,0.0,0.0,0.0,0.0,0.0,0,1062,1061,50.02355157795573,49.97644842204428
FR,2016-05-23,206,3618,1787.849917081259,207.65355763867856,923.5,911.6,1232.0,206,16,83.14999999999999,0.0,0.0,0.0,0.0,8,1846,1579,53.8978102189781,46.1021897810219
FR,2016-05-24,182,3673,1733.7669479989097,164.4405287634408,1099.5,943.1,1280.4,182,0,0.0,0.0,0.0,0.0,0.0,0,1856,1644,53.028571428571425,46.97142857142857
FR,2016-05-25,203,1892,1384.8768498942904,8.189091798838009,1019.0,1008.6,1027.4,203,0,0.0,0.0,0.0,0.0,0.0,0,971,826,54.03450194769059,45.96549805230941
FR,2016-05-26,150,1906,1567.7528856243443,0.0,2005.0,2005.0,2005.0,150,0,0.0,0.0,0.0,0.0,0.0,0,826,996,45.334796926454445,54.665203073545555
FR,2016-05-27,163,2508,1531.9812599681004,0.0,1013.0,1013.0,1013.0,163,0,0.0,0.0,0.0,0.0,0.0,0,1342,1086,55.271828665568364,44.728171334431636
FR,2016-05-28,155,2769,1720.1180931744311,237.4433704415996,936.0,923.1,1493.5,155,0,0.0,0.0,0.0,0.0,0.0,0,1381,1268,52.13288033220083,47.867119667799166
FR,2016-05-29,175,2835,1957.5361552028205,100.54372183284244,1310.5,1301.2,1523.8,175,0,0.0,0.0,0.0,0.0,0.0,0,1481,1250,54.22922006590992,45.77077993409008
FR,2016-05-30,198,2125,1380.0018823529404,4.968651728587948,1012.5,1007.8,1017.9,198,0,0.0,0.0,0.0,0.0,0.0,0,1071,985,52.09143968871596,47.90856031128405
FR,2016-05-31,189,2762,1618.0615496017383,4.0,1010.0,1006.8,1013.2,189,0,0.0,0.0,0.0,0.0,0.0,0,1309,1335,49.508320726172464,50.491679273827536
FR,2016-06-01,232,3159,1539.3871478315923,8.5,1004.5,995.4,1013.6,232,1,82.46,0.0,0.0,0.0,0.0,1,1617,1415,53.331134564643804,46.668865435356196
FR,2016-06-02,214,3387,1598.8514909949815,4.775516260631467,1996.0,1990.5,2002.0,214,5,75.388,0.0,0.0,0.0,0.0,5,1623,1625,49.9692118226601,50.0307881773399
FR,2016-06-03,188,3382,1672.8607332939098,4.980517599161312,992.0,985.0,996.5,188,0,0.0,0.0,0.0,0.0,0.0,0,1648,1592,50.864197530864196,49.135802469135804
FR,2016-06-04,158,2825,1597.6743362831864,170.5407238877422,1320.0,985.2,1337.2,158,0,0.0,0.0,0.0,0.0,0.0,0,1421,1243,53.34084084084084,46.65915915915916
FR,2016-06-05,173,3619,1950.8648798010508,170.46586168497197,966.0,953.0,1034.4,173,0,0.0,0.0,0.0,0.0,0.0,0,1724,1734,49.85540775014459,50.144592249855414
FR,2016-06-06,157,3451,1872.2436974789928,203.18946622222688,964.0,953.0,1199.6,157,0,0.0,0.0,0.0,0.0,0.0,0,1587,1648,49.057187017001546,50.942812982998454
FR,2016-06-07,171,2264,1485.5424028268558,243.76724377118936,947.0,938.8,1530.6,171,0,0.0,0.0,0.0,0.0,0.0,0,1089,1130,49.07616043262731,50.92383956737269
FR,2016-06-08,210,2850,1614.0417543859662,175.39289229232372,945.0,938.6,1239.4,210,0,0.0,0.0,0.0,0.0,0.0,0,1408,1340,51.2372634643377,48.7627365356623
FR,2016-06-09,169,2982,1651.2672702883965,10.338708279513884,2015.0,2007.0,2030.0,169,0,0.0,0.0,0.0,0.0,0.0,0,1549,1315,54.08519553072626,45.91480446927375
FR,2016-06-10,142,2025,1541.0503703703696,205.5651964706088,921.0,913.3,1341.6,142,0,0.0,0.0,0.0,0.0,0.0,0,986,968,50.46059365404298,49.53940634595701
FR,2016-06-11,172,1653,1480.1742286751346,10.894494022211404,1143.5,1130.2,1153.7,172,0,0.0,0.0,0.0,0.0,0.0,0,782,776,50.19255455712452,49.80744544287548
FR,2016-06-12,130,1652,1570.9412832929786,94.87722329410784,1332.0,1318.7,1523.2,130,0,0.0,0.0,0.0,0.0,0.0,0,934,660,58.59473023839398,41.40526976160602
FR,2016-06-13,193,2155,1534.055220417633,0.0,1148.0,1148.0,1148.0,193,16,79.58500000000001,0.0,0.0,0.0,0.0,4,972,1086,47.23032069970846,52.76967930029155
FR,2016-06-14,175,2141,1508.6160672582898,4.0,1340.0,1336.8,1343.2,175,0,0.0,0.0,0.0,0.0,0.0,0,1040,1001,50.955414012738856,49.044585987261144
FR,2016-06-15,160,1628,1547.993857493858,8.0,2035.0,2026.0,2045.2,160,0,0.0,0.0,0.0,0.0,0.0,0,804,763,51.30823229100191,48.691767708998086
FR,2016-06-16,185,1762,1581.897843359818,4.714045207910316,1144.0,1136.0,1144.0,185,0,0.0,0.0,0.0,0.0,0.0,0,845,833,50.35756853396901,49.64243146603099
FR,2016-06-17,206,3250,1698.148615384615,0.0,1152.0,1152.0,1152.0,206,7,48.88,0.0,0.0,0.0,0.0,7,1523,1609,48.627075351213286,51.37292464878672
FR,2016-06-18,203,1466,1488.9038199181452,83.33066662399864,1340.0,1330.4,1472.8,203,7,66.39,0.0,0.0,0.0,0.0,7,784,605,56.4434845212383,43.556515478761696
FR,2016-06-19,145,2557,1453.4520922956594,0.0,1539.0,1539.0,1539.0,145,0,0.0,0.0,0.0,0.0,0.0,0,1366,1107,55.23655479175091,44.763445208249095
FR,2016-06-20,176,2170,1517.271889400922,0.0,1145.0,1145.0,1145.0,176,0,0.0,0.0,0.0,0.0,0.0,0,1063,1035,50.66730219256434,49.33269780743566
FR,2016-06-21,170,2170,1366.6626728110607,4.949747468305833,1138.0,1133.1,1142.9,170,0,0.0,0.0,0.0,0.0,0.0,0,1091,970,52.93546821931101,47.06453178068898
FR,2016-06-22,177,2454,1605.066422167889,4.0,1128.0,1124.8,1131.2,177,0,0.0,0.0,0.0,0.0,0.0,0,1139,1164,49.45722970039079,50.54277029960921
FR,2016-06-23,201,2755,1456.4083484573507,4.89064079103534,1121.0,1113.8,1125.0,201,0,0.0,0.0,0.0,0.0,0.0,0,1365,1280,51.60680529300568,48.39319470699433
FR,2016-06-24,188,1833,1505.389525368248,3.5,1005.5,1002.7,1008.3,188,0,0.0,0.0,0.0,0.0,0.0,0,880,865,50.429799426934096,49.570200573065904
FR,2016-06-25,172,1507,1603.506967485069,126.91434119121448,1559.0,1384.5,1625.7,172,0,0.0,0.0,0.0,0.0,0.0,0,722,717,50.173731758165395,49.82626824183461
FR,2016-06-26,191,2458,1550.2599674532134,36.5,829.5,800.3,858.7,191,0,0.0,0.0,0.0,0.0,0.0,0,1247,1093,53.29059829059829,46.70940170940171
FR,2016-06-27,204,2274,1436.9837291116964,0.0,1014.0,1014.0,1014.0,204,0,0.0,0.0,0.0,0.0,0.0,0,1172,985,54.33472415391748,45.66527584608252
FR,2016-06-28,184,2013,1312.3422752111271,14.836524154248252,1046.0,1025.0,1059.4,184,0,0.0,0.0,0.0,0.0,0.0,0,1034,896,53.575129533678755,46.424870466321245
FR,2016-06-29,180,2092,1264.9899617590834,56.79919682821738,830.5,780.1,915.3,180,0,0.0,0.0,0.0,0.0,0.0,0,1041,1005,50.879765395894424,49.120234604105576
FR,2016-06-30,205,1933,1461.2126228660102,7.1145824860365,1082.0,1072.4,1089.2,205,0,0.0,0.0,0.0,0.0,0.0,0,894,919,49.31053502482074,50.68946497517926
FR,2016-07-01,171,2087,1558.339722089124,168.63881522354217,798.0,779.4,1160.7,171,0,0.0,0.0,0.0,0.0,0.0,0,1095,911,54.586241276171485,45.413758723828515
FR,2016-07-02,171,2924,1635.1785225718202,6.422616289332565,1153.0,1145.7,1158.9,171,0,0.0,0.0,0.0,0.0,0.0,0,1579,1279,55.2484254723583,44.75157452764171
FR,2016-07-03,137,2447,1637.5921536575397,133.1099169859256,1153.5,1148.9,1368.1,137,0,0.0,0.0,0.0,0.0,0.0,0,1259,1131,52.67782426778243,47.32217573221757
FR,2016-07-04,187,2029,1518.8452439625437,7.647862179613813,1147.0,1140.2,1157.2,187,16,78.645,0.0,0.0,0.0,0.0,4,1058,891,54.28424833247819,45.7157516675218
FR,2016-07-05,186,3692,1756.4163055254608,5.4594464513864,1237.5,1233.5,1245.5,186,0,0.0,0.0,0.0,0.0,0.0,0,1996,1585,55.738620497067856,44.261379502932144
FR,2016-07-06,203,3445,1898.1973875181425,15.628400864459772,1183.0,1158.8,1197.4,203,0,0.0,0.0,0.0,0.0,0.0,0,2119,1168,64.46607849102524,35.53392150897475
FR,2016-07-07,195,3042,1714.3297172912569,266.47936130214663,918.0,910.7,1346.7,195,0,0.0,0.0,0.0,0.0,0.0,0,1641,1236,57.0385818561001,42.96141814389989
FR,2016-07-08,197,4745,2024.116965226557,88.69716737303396,845.5,774.8,960.3,197,7,81.96000000000001,0.0,0.0,0.0,0.0,7,2718,1842,59.60526315789474,40.39473684210526
FR,2016-07-09,202,3143,1707.9904549793207,6.548960901462833,1096.0,1088.8,1101.6,202,0,0.0,0.0,0.0,0.0,0.0,0,1680,1344,55.55555555555556,44.44444444444444
FR,2016-07-10,180,2467,1559.096878800161,6.020373573058707,1187.0,1181.6,1195.0,180,0,0.0,0.0,0.0,0.0,0.0,0,1311,1063,55.223251895534965,44.776748104465035
FR,2016-07-11,206,4059,1899.877063316088,6.128258770283411,1195.0,1188.6,1200.6,206,0,0.0,0.0,0.0,0.0,0.0,0,2209,1697,56.55401945724526,43.44598054275474
FR,2016-07-12,198,3001,1676.888037320893,3.0,1108.0,1105.6,1110.4,198,0,0.0,0.0,0.0,0.0,0.0,0,1561,1305,54.466154919748774,45.533845080251226
FR,2016-07-13,157,2122,1808.1564561734208,4.654746681256314,1226.5,1220.5,1231.0,157,0,0.0,0.0,0.0,0.0,0.0,0,1119,909,55.17751479289941,44.82248520710059
FR,2016-07-14,159,2269,1774.8034376377254,6.548960901462833,1246.0,1240.4,1253.2,159,0,0.0,0.0,0.0,0.0,0.0,0,1281,906,58.57338820301783,41.426611796982165
FR,2016-07-15,141,1798,1665.5978865406014,6.128258770283411,902.0,896.4,908.4,141,0,0.0,0.0,0.0,0.0,0.0,0,891,837,51.5625,48.4375
FR,2016-07-16,153,3302,1797.8146577831617,117.2512659846366,895.5,878.9,1006.3,153,0,0.0,0.0,0.0,0.0,0.0,0,1863,1359,57.821229050279335,42.17877094972067
FR,2016-07-17,159,2373,1744.4201432785503,27.74086436208424,827.0,789.4,842.2,159,0,0.0,0.0,0.0,0.0,0.0,0,1189,1104,51.853467073702575,48.146532926297425
FR,2016-07-18,188,2650,1557.5679245283018,4.0,1091.0,1087.8,1094.2,188,0,0.0,0.0,0.0,0.0,0.0,0,1306,1216,51.78429817605076,48.215701823949246
FR,2016-07-19,167,1941,1681.5584750128803,10.024459881627903,848.0,836.8,859.8,167,0,0.0,0.0,0.0,0.0,0.0,0,1048,797,56.802168021680224,43.19783197831978
FR,2016-07-20,189,2998,1890.0010006671137,3.5,1076.5,1073.7,1079.3,189,0,0.0,0.0,0.0,0.0,0.0,0,1617,1267,56.067961165048544,43.932038834951456
FR,2016-07-21,197,3505,1792.3395149786015,3.5,1077.5,1074.7,1080.3,197,1,80.75,0.0,0.0,0.0,0.0,1,1981,1370,59.116681587585795,40.883318412414205
FR,2016-07-22,161,3415,1693.5361639824298,208.1575258201239,1270.0,920.4,1277.2,161,0,0.0,0.0,0.0,0.0,0.0,0,1771,1494,54.241960183767226,45.758039816232774
FR,2016-07-23,144,2579,1690.9139201240805,6.531972647421808,1279.0,1272.6,1285.4,144,0,0.0,0.0,0.0,0.0,0.0,0,1437,1040,58.013726281792486,41.98627371820751
FR,2016-07-24,166,2856,1776.5896358543407,0.0,1068.0,1068.0,1068.0,166,0,0.0,0.0,0.0,0.0,0.0,0,1455,1205,54.699248120300744,45.30075187969925
FR,2016-07-25,165,2340,1853.4008547008543,19.13739794224909,853.0,829.4,872.6,165,0,0.0,0.0,0.0,0.0,0.0,0,1214,1026,54.19642857142857,45.80357142857142
FR,2016-07-26,172,2457,1843.755392755396,6.867313885355759,1254.5,1247.2,1262.1,172,7,82.34000000000002,0.0,0.0,0.0,0.0,7,1215,1148,51.41768937790944,48.58231062209056
FR,2016-07-27,164,2666,1899.3589647411875,6.919653170499227,1247.0,1237.4,1254.6,164,0,0.0,0.0,0.0,0.0,0.0,0,1540,1000,60.629921259842526,39.37007874015748
FR,2016-07-28,176,2913,1939.610024030213,60.5,826.5,778.1,874.9,176,0,0.0,0.0,0.0,0.0,0.0,0,1602,1228,56.6077738515901,43.3922261484099
FR,2016-07-29,163,2017,1758.438770451165,3.872983346207417,1259.5,1253.8,1264.0,163,0,0.0,0.0,0.0,0.0,0.0,0,1077,850,55.88998443175921,44.11001556824079
FR,2016-07-30,143,1749,1664.919382504289,93.41648676759364,771.0,761.4,908.8,143,0,0.0,0.0,0.0,0.0,0.0,0,874,843,50.90273733255678,49.09726266744322
FR,2016-07-31,181,1656,1631.540458937198,4.865538961693257,776.0,770.8,782.2,181,0,0.0,0.0,0.0,0.0,0.0,0,869,716,54.82649842271293,45.17350157728707
FR,2016-08-01,192,2231,1632.565217391303,6.123724356957945,1068.5,1061.4,1074.2,192,0,0.0,0.0,0.0,0.0,0.0,0,1247,886,58.46225972808251,41.53774027191749
FR,2016-08-02,178,1998,1549.6216216216214,97.4919868502022,777.5,771.5,934.0,178,0,0.0,0.0,0.0,0.0,0.0,0,1097,823,57.13541666666667,42.864583333333336
FR,2016-08-03,210,1826,1507.932639649507,6.086049621881176,1073.0,1064.8,1078.2,210,0,0.0,0.0,0.0,0.0,0.0,0,892,864,50.79726651480638,49.202733485193626
FR,2016-08-04,188,1715,1544.4641399416898,6.0,790.0,785.2,794.8,188,0,0.0,0.0,0.0,0.0,0.0,0,792,851,48.204503956177724,51.795496043822276
FR,2016-08-05,175,1669,1399.8496105452373,6.0,782.0,777.2,786.8,175,0,0.0,0.0,0.0,0.0,0.0,0,881,721,54.993757802746565,45.006242197253435
FR,2016-08-06,149,1303,1440.2210283960098,40.5791407827552,790.0,782.0,846.0,149,0,0.0,0.0,0.0,0.0,0.0,0,725,536,57.49405233941316,42.505947660586834
FR,2016-08-07,135,1286,1437.946345256609,6.5,793.5,788.3,798.7,135,0,0.0,0.0,0.0,0.0,0.0,0,647,561,53.55960264900662,46.44039735099338
FR,2016-08-08,155,1791,1445.2328308207711,11.440106339446816,1158.0,1141.8,1170.4,155,0,0.0,0.0,0.0,0.0,0.0,0,811,918,46.905725853094275,53.09427414690573
FR,2016-08-09,175,2184,1533.455128205127,6.5,1069.0,1060.1,1073.7,175,0,0.0,0.0,0.0,0.0,0.0,0,1030,1060,49.282296650717704,50.717703349282296
FR,2016-08-10,181,2111,1511.0530554239692,4.027681991198191,1049.0,1042.6,1049.8,181,0,0.0,0.0,0.0,0.0,0.0,0,1016,1008,50.19762845849802,49.80237154150198
FR,2016-08-11,171,1721,1506.2266124346315,0.0,792.0,792.0,792.0,171,0,0.0,0.0,0.0,0.0,0.0,0,824,846,49.34131736526946,50.65868263473053
FR,2016-08-12,145,1641,1641.7501523461308,4.5,822.5,818.9,826.1,145,0,0.0,0.0,0.0,0.0,0.0,0,773,791,49.424552429667514,50.57544757033248
FR,2016-08-13,136,1476,1477.6029810298105,0.0,1131.0,1131.0,1131.0,136,0,0.0,0.0,0.0,0.0,0.0,0,742,666,52.69886363636363,47.30113636363637
FR,2016-08-14,133,947,1398.687434002111,9.632004474878617,772.0,764.2,786.2,133,0,0.0,0.0,0.0,0.0,0.0,0,481,436,52.453653217012,47.546346782988
FR,2016-08-15,184,828,1473.2838164251216,15.96524001977073,765.0,756.2,786.6,184,0,0.0,0.0,0.0,0.0,0.0,0,426,391,52.141982864137084,47.858017135862916
FR,2016-08-16,129,1324,1504.2250755287016,12.480384609458156,850.0,838.2,866.4,129,0,0.0,0.0,0.0,0.0,0.0,0,705,574,55.12118842845973,44.87881157154027
FR,2016-08-17,138,1489,1525.2021490933512,7.071067811865476,2041.0,2034.0,2048.0,138,0,0.0,0.0,0.0,0.0,0.0,0,782,656,54.381084840055635,45.618915159944365
FR,2016-08-18,158,2371,1548.1552087726704,0.0,792.0,792.0,792.0,158,0,0.0,0.0,0.0,0.0,0.0,0,1175,1114,51.33245958934032,48.667540410659676
FR,2016-08-19,175,2097,1506.7567954220324,4.47213595499958,774.0,769.2,778.8,175,0,0.0,0.0,0.0,0.0,0.0,0,1070,934,53.39321357285429,46.60678642714571
FR,2016-08-20,163,1858,1620.552206673843,0.0,1035.0,1035.0,1035.0,163,0,0.0,0.0,0.0,0.0,0.0,0,823,944,46.576117713638936,53.42388228636107
FR,2016-08-21,156,1372,1591.1093294460632,10.658186467477018,772.0,756.3,782.0,156,0,0.0,0.0,0.0,0.0,0.0,0,686,639,51.77358490566037,48.22641509433963
FR,2016-08-22,198,2022,1426.3798219584571,10.43882216844711,1075.0,1059.4,1083.9,198,0,0.0,0.0,0.0,0.0,0.0,0,981,931,51.30753138075313,48.69246861924686
FR,2016-08-23,204,1965,1518.1002544529258,6.128258770283411,1064.0,1058.4,1070.4,204,0,0.0,0.0,0.0,0.0,0.0,0,948,948,50.0,50.0
FR,2016-08-24,174,2291,1428.2221737232635,7.439552323595164,1067.0,1062.2,1077.8,174,0,0.0,0.0,0.0,0.0,0.0,0,1130,1073,51.29369042215161,48.70630957784839
FR,2016-08-25,178,2454,1576.2705786471065,5.878397362849466,1075.5,1068.0,1080.5,178,0,0.0,0.0,0.0,0.0,0.0,0,1234,1103,52.802738553701325,47.19726144629867
FR,2016-08-26,177,2051,1529.0438810336425,7.665861471404595,1062.0,1050.8,1069.4,177,0,0.0,0.0,0.0,0.0,0.0,0,1061,932,53.23632714500752,46.76367285499247
FR,2016-08-27,161,1586,1321.3675914249677,5.962467644202631,764.0,756.8,770.8,161,0,0.0,0.0,0.0,0.0,0.0,0,762,751,50.36351619299405,49.63648380700595
FR,2016-08-28,159,2179,1458.2859109683343,121.18638078962871,768.0,764.0,934.5,159,0,0.0,0.0,0.0,0.0,0.0,0,1106,1004,52.41706161137441,47.58293838862559
FR,2016-08-29,211,2300,1586.5113043478257,4.0,1073.0,1069.8,1076.2,211,0,0.0,0.0,0.0,0.0,0.0,0,1097,1126,49.347728295096715,50.652271704903285
FR,2016-08-30,202,2727,1512.9977997799774,7.687785169756406,1086.0,1076.2,1093.4,202,0,0.0,0.0,0.0,0.0,0.0,0,1328,1321,50.13212533031333,49.86787466968667
FR,2016-08-31,205,2616,1445.6766055045875,12.109867418303503,1078.0,1061.4,1091.2,205,0,0.0,0.0,0.0,0.0,0.0,0,1205,1332,47.49704375246354,52.50295624753646
FR,2016-09-01,190,2357,1457.8701739499352,13.9522996909709,1063.0,1045.6,1083.4,190,0,0.0,0.0,0.0,0.0,0.0,0,1181,1058,52.746761947297905,47.2532380527021
FR,2016-09-02,211,2134,1363.3683223992516,28.29818294776301,1144.0,1106.8,1182.2,211,8,69.69,0.0,0.0,0.0,0.0,8,1096,984,52.69230769230769,47.30769230769231
FR,2016-09-03,175,2005,1342.046882793016,10.405960968052833,1202.5,1187.0,1216.0,175,0,0.0,0.0,0.0,0.0,0.0,0,900,1047,46.22496147919877,53.77503852080123
FR,2016-09-04,196,2580,1470.5410852713176,8.158431221748456,1183.0,1170.2,1187.8,196,0,0.0,0.0,0.0,0.0,0.0,0,1243,1208,50.7139942880457,49.2860057119543
FR,2016-09-05,202,2507,1520.0606302353417,18.28844225683002,1181.0,1158.0,1201.0,202,0,0.0,0.0,0.0,0.0,0.0,0,1268,1173,51.9459238017206,48.0540761982794
FR,2016-09-06,195,1949,1411.3889173935352,6.734013571081529,1184.0,1178.4,1192.8,195,0,0.0,0.0,0.0,0.0,0.0,0,931,928,50.080688542227,49.919311457773
FR,2016-09-07,208,2031,1461.4446085672082,11.451588924201255,1200.5,1183.5,1209.5,208,0,0.0,0.0,0.0,0.0,0.0,0,1050,920,53.299492385786806,46.7005076142132
FR,2016-09-08,192,2868,1453.0439330543927,17.76324660269852,1262.0,1233.2,1281.8,192,1,81.31,0.0,0.0,0.0,0.0,1,1481,1257,54.090577063550036,45.909422936449964
FR,2016-09-09,185,1934,1553.957083764219,0.0,763.0,763.0,763.0,185,0,0.0,0.0,0.0,0.0,0.0,0,872,956,47.70240700218819,52.29759299781181
FR,2016-09-10,195,1353,1491.4737620103467,66.0,893.0,840.2,945.8,195,0,0.0,0.0,0.0,0.0,0.0,0,638,658,49.2283950617284,50.77160493827161
FR,2016-09-11,208,2055,1415.8360097323596,7.009913614937696,1262.5,1255.0,1271.0,208,0,0.0,0.0,0.0,0.0,0.0,0,878,1057,45.37467700258398,54.62532299741603
FR,2016-09-12,181,1557,1538.780346820809,9.273618495495704,1244.0,1231.4,1252.2,181,0,0.0,0.0,0.0,0.0,0.0,0,714,763,48.34123222748815,51.65876777251185
FR,2016-09-13,184,2017,1430.7109568666344,6.409086431691251,1232.0,1223.2,1234.0,184,0,0.0,0.0,0.0,0.0,0.0,0,1069,858,55.47483134405812,44.525168655941876
FR,2016-09-14,182,2291,1485.1702313400258,8.613216588476108,1222.0,1212.4,1230.9,182,0,0.0,0.0,0.0,0.0,0.0,0,1154,1073,51.81859003143242,48.18140996856758
FR,2016-09-15,167,1561,1479.2043561819341,7.795982539103073,1223.0,1215.0,1232.5,167,0,0.0,0.0,0.0,0.0,0.0,0,789,684,53.56415478615071,46.435845213849284
FR,2016-09-16,199,1708,1602.1235362997663,15.733050844921618,1285.0,1256.6,1294.0,199,0,0.0,0.0,0.0,0.0,0.0,0,871,724,54.60815047021944,45.391849529780565
FR,2016-09-17,194,1924,1570.7629937629931,8.402938474129154,1273.0,1260.7,1280.4,194,0,0.0,0.0,0.0,0.0,0.0,0,957,875,52.23799126637555,47.762008733624455
FR,2016-09-18,190,1941,1741.685729005667,6.944222218666553,1261.0,1253.8,1267.4,190,0,0.0,0.0,0.0,0.0,0.0,0,967,889,52.10129310344828,47.89870689655172
FR,2016-09-19,197,2010,1562.12487562189,6.96419413859206,1265.0,1257.6,1271.1,197,0,0.0,0.0,0.0,0.0,0.0,0,1031,886,53.78195096504955,46.21804903495044
FR,2016-09-20,185,1819,1544.7036833424972,8.514693182963201,1271.5,1263.1,1281.3,185,0,0.0,0.0,0.0,0.0,0.0,0,904,851,51.50997150997151,48.49002849002849
FR,2016-09-21,174,2119,1486.523360075507,7.44983221287567,2073.5,2065.3,2080.3,174,0,0.0,0.0,0.0,0.0,0.0,0,1012,1024,49.70530451866404,50.29469548133595
FR,2016-09-22,172,2039,1461.062285434036,17.448147025465158,1251.0,1225.0,1270.0,172,0,0.0,0.0,0.0,0.0,0.0,0,963,1007,48.88324873096447,51.11675126903553
FR,2016-09-23,157,1782,1642.24579124579,10.480458005259122,1221.0,1209.8,1233.4,157,0,0.0,0.0,0.0,0.0,0.0,0,857,797,51.81378476420798,48.18621523579202
FR,2016-09-24,176,2156,1492.4410946196665,0.0,1199.0,1199.0,1199.0,176,0,0.0,0.0,0.0,0.0,0.0,0,1118,974,53.441682600382414,46.558317399617586
FR,2016-09-25,150,2370,1630.3852320675114,2.943920288775949,1191.0,1189.4,1195.0,150,0,0.0,0.0,0.0,0.0,0.0,0,1175,1080,52.106430155210646,47.893569844789354
FR,2016-09-26,162,2339,1575.0128259940154,4.127953488110059,1205.0,1197.2,1206.0,162,0,0.0,0.0,0.0,0.0,0.0,0,1105,1154,48.91544931385569,51.08455068614431
FR,2016-09-27,183,2493,1528.734857601284,9.604324836007764,2055.5,2042.7,2067.4,183,0,0.0,0.0,0.0,0.0,0.0,0,1209,1118,51.955307262569825,48.04469273743017
FR,2016-09-28,231,2747,1668.062977793956,4.714045207910316,2048.0,2041.5,2052.5,231,0,0.0,0.0,0.0,0.0,0.0,0,1382,1289,51.74092100336952,48.25907899663048
FR,2016-09-29,162,2017,1586.1859196826963,3.0,725.0,722.6,727.4,162,0,0.0,0.0,0.0,0.0,0.0,0,996,859,53.69272237196766,46.307277628032345
FR,2016-09-30,170,2253,1669.7003994673769,0.0,734.0,734.0,734.0,170,0,0.0,0.0,0.0,0.0,0.0,0,1172,1007,53.78614043139055,46.21385956860946
FR,2016-10-01,193,1964,1424.249490835031,4.09878030638384,1164.0,1163.4,1172.0,193,0,0.0,0.0,0.0,0.0,0.0,0,947,912,50.941366325981704,49.05863367401829
FR,2016-10-02,194,1885,1676.4270557029172,0.0,1155.0,1155.0,1155.0,194,0,0.0,0.0,0.0,0.0,0.0,0,915,842,52.0774046670461,47.9225953329539
FR,2016-10-03,180,1585,1492.0246056782355,0.0,1145.0,1145.0,1145.0,180,0,0.0,0.0,0.0,0.0,0.0,0,714,812,46.788990825688074,53.21100917431193
FR,2016-10-04,187,3124,1818.424455825862,9.424241429983224,1159.0,1147.8,1168.2,187,0,0.0,0.0,0.0,0.0,0.0,0,1585,1363,53.765264586160114,46.234735413839886
FR,2016-10-05,215,2502,1577.2665867306143,5.489889697333535,1152.0,1144.0,1156.5,215,0,0.0,0.0,0.0,0.0,0.0,0,1281,1100,53.80092398152036,46.19907601847963
FR,2016-10-06,186,2415,1873.399585921328,6.0835844697020525,1124.0,1115.9,1131.5,186,0,0.0,0.0,0.0,0.0,0.0,0,1280,1015,55.773420479302835,44.226579520697165
FR,2016-10-07,172,2807,1971.2593516209429,0.0,1117.0,1117.0,1117.0,172,0,0.0,0.0,0.0,0.0,0.0,0,1402,1226,53.34855403348554,46.65144596651446
FR,2016-10-08,180,1733,1481.1257934218124,4.029888335921977,1123.0,1115.4,1124.0,180,0,0.0,0.0,0.0,0.0,0.0,0,899,762,54.12402167369055,45.87597832630945
FR,2016-10-09,161,1970,1389.6852791878184,16.969777056088077,2053.0,2024.6,2066.8,161,0,0.0,0.0,0.0,0.0,0.0,0,872,1050,45.369406867845996,54.630593132154004
FR,2016-10-10,187,2122,1659.0471253534386,8.246211251235321,2018.0,2005.2,2023.2,187,0,0.0,0.0,0.0,0.0,0.0,0,1032,1014,50.43988269794721,49.56011730205279
FR,2016-10-11,222,2805,1713.2506238859182,7.559026980299044,2001.0,1993.5,2011.0,222,0,0.0,0.0,0.0,0.0,0.0,0,1486,1169,55.96986817325801,44.030131826742
FR,2016-10-12,215,3184,1808.309987437182,12.783253647788127,1996.0,1983.2,2013.8,215,7,90.09000000000002,0.0,0.0,0.0,0.0,7,1639,1409,53.77296587926509,46.227034120734906
FR,2016-10-13,166,2132,1689.7148217636015,8.527180235468586,2011.0,1999.6,2022.4,166,0,0.0,0.0,0.0,0.0,0.0,0,1134,921,55.18248175182482,44.81751824817518
FR,2016-10-14,169,2135,1536.8903981264634,8.757139944068497,1997.5,1988.7,2010.4,169,0,0.0,0.0,0.0,0.0,0.0,0,1089,982,52.58329309512313,47.41670690487687
FR,2016-10-15,180,2130,1592.1028169014094,3.265986323710904,767.0,763.8,770.2,180,0,0.0,0.0,0.0,0.0,0.0,0,1106,956,53.63724539282251,46.3627546071775
FR,2016-10-16,203,3092,1597.711190168175,0.0,775.0,775.0,775.0,203,0,0.0,0.0,0.0,0.0,0.0,0,1495,1437,50.989085948158255,49.010914051841745
FR,2016-10-17,194,2190,1635.2433789954346,0.0,771.0,771.0,771.0,194,0,0.0,0.0,0.0,0.0,0.0,0,1099,975,52.9893924783028,47.0106075216972
FR,2016-10-18,203,2421,1530.2143742255269,11.399964196148574,1217.0,1206.2,1232.6,203,0,0.0,0.0,0.0,0.0,0.0,0,1176,1107,51.51116951379764,48.48883048620237
FR,2016-10-19,232,2395,1516.1553235908143,5.338539126015656,1072.5,1067.8,1078.6,232,0,0.0,0.0,0.0,0.0,0.0,0,1111,1219,47.682403433476395,52.317596566523605
FR,2016-10-20,208,2407,1528.8462816784383,19.08520101961684,1234.0,1196.2,1238.8,208,24,75.79,0.0,0.0,0.0,0.0,8,1188,1118,51.517779705117086,48.482220294882914
FR,2016-10-21,195,1922,1500.1035379812697,4.496912521077347,1054.0,1053.2,1061.2,195,0,0.0,0.0,0.0,0.0,0.0,0,967,837,53.60310421286031,46.39689578713969
FR,2016-10-22,181,2346,1469.3955669224226,2.0,777.0,775.4,778.6,181,0,0.0,0.0,0.0,0.0,0.0,0,1170,1059,52.48990578734859,47.51009421265142
FR,2016-10-23,157,1683,1503.563874034461,9.518895681747962,1046.5,1034.9,1056.1,157,0,0.0,0.0,0.0,0.0,0.0,0,849,779,52.149877149877156,47.85012285012285
FR,2016-10-24,172,1977,1429.2867981790582,2.0,776.0,774.4,777.6,172,0,0.0,0.0,0.0,0.0,0.0,0,960,958,50.05213764337852,49.94786235662148
FR,2016-10-25,188,2245,1546.9376391982182,0.0,2009.0,2009.0,2009.0,188,0,0.0,0.0,0.0,0.0,0.0,0,1113,1061,51.195952161913524,48.804047838086476
FR,2016-10-26,150,2474,1500.6018593371066,5.864204028586394,2016.0,2008.0,2024.5,150,0,0.0,0.0,0.0,0.0,0.0,0,1280,1120,53.333333333333336,46.666666666666664
FR,2016-10-27,195,2481,1543.1922611850068,6.057020719792859,1018.0,1012.1,1024.6,195,0,0.0,0.0,0.0,0.0,0.0,0,1214,1154,51.266891891891895,48.733108108108105
FR,2016-10-28,192,2506,1666.7430167597763,0.0,1001.0,1001.0,1001.0,192,0,0.0,0.0,0.0,0.0,0.0,0,1196,1198,49.95822890559732,50.04177109440268
FR,2016-10-29,206,2134,1522.853327085285,7.0522602759682655,2035.5,2027.9,2044.6,206,0,0.0,0.0,0.0,0.0,0.0,0,1088,989,52.383245064997595,47.61675493500241
FR,2016-10-30,173,1807,1660.5379081350316,8.47381587925744,1229.5,1217.5,1237.5,173,0,0.0,0.0,0.0,0.0,0.0,0,927,820,53.06239267315398,46.93760732684602
FR,2016-10-31,214,2710,1446.1055350553502,3.5,998.5,995.7,1001.3,214,0,0.0,0.0,0.0,0.0,0.0,0,1388,1186,53.923853923853926,46.076146076146074
FR,2016-11-01,199,2770,1532.3133574007225,9.480975102218594,2051.0,2038.0,2060.0,199,0,0.0,0.0,0.0,0.0,0.0,0,1412,1285,52.35446792732667,47.64553207267334
FR,2016-11-02,188,1949,1457.3719856336593,8.633111388421787,2052.0,2044.2,2064.4,188,0,0.0,0.0,0.0,0.0,0.0,0,767,1145,40.11506276150627,59.88493723849372
FR,2016-11-03,187,1174,1494.2112436115829,6.97614984548545,2027.0,2021.4,2035.0,187,0,0.0,0.0,0.0,0.0,0.0,0,594,523,53.178155774395705,46.821844225604295
FR,2016-11-04,170,1708,1448.5971896955498,4.968651728587948,2028.5,2023.8,2033.9,170,6,98.21,0.0,0.0,0.0,0.0,6,835,780,51.702786377708975,48.297213622291025
FR,2016-11-05,171,2059,1426.2569208353575,0.0,1048.0,1048.0,1048.0,171,0,0.0,0.0,0.0,0.0,0.0,0,1072,948,53.069306930693074,46.930693069306926
FR,2016-11-06,182,1944,1444.0324074074083,9.492595798831845,2049.5,2035.9,2057.4,182,0,0.0,0.0,0.0,0.0,0.0,0,965,910,51.46666666666667,48.53333333333333
FR,2016-11-07,162,1970,1494.6081218274114,49.07816894166557,801.0,790.6,878.6,162,0,0.0,0.0,0.0,0.0,0.0,0,1035,873,54.24528301886793,45.75471698113208
FR,2016-11-08,196,1785,1374.9775910364149,4.031128874149275,1061.5,1057.3,1065.7,196,0,0.0,0.0,0.0,0.0,0.0,0,916,788,53.755868544600936,46.244131455399064
FR,2016-11-09,183,1195,1449.3874476987462,4.498263553861645,2044.0,2037.7,2048.2,183,0,0.0,0.0,0.0,0.0,0.0,0,620,525,54.14847161572053,45.851528384279476
FR,2016-11-10,177,1596,1314.956140350877,0.0,1093.0,1093.0,1093.0,177,0,0.0,0.0,0.0,0.0,0.0,0,785,754,51.00714749837557,48.99285250162443
FR,2016-11-11,161,1836,1401.9400871459695,5.475799028452378,1163.5,1156.4,1169.6,161,0,0.0,0.0,0.0,0.0,0.0,0,871,890,49.46053378762067,50.539466212379324
FR,2016-11-12,149,2359,1523.2602797795676,107.524484620478,1365.0,1354.2,1579.4,149,0,0.0,0.0,0.0,0.0,0.0,0,1134,1117,50.377609951132825,49.622390048867175
FR,2016-11-13,180,2518,1645.7644956314543,6.057020719792859,1176.0,1169.0,1180.9,180,0,0.0,0.0,0.0,0.0,0.0,0,1327,1091,54.88006617038875,45.11993382961125
FR,2016-11-14,177,1701,1399.7213403880082,9.730750228014282,1188.5,1178.4,1199.3,177,0,0.0,0.0,0.0,0.0,0.0,0,870,751,53.670573719925976,46.329426280074024
FR,2016-11-15,203,1580,1482.5943037974678,0.0,2052.0,2052.0,2052.0,203,0,0.0,0.0,0.0,0.0,0.0,0,759,771,49.6078431372549,50.3921568627451
FR,2016-11-16,165,1104,1490.2273550724626,0.0,803.0,803.0,803.0,165,0,0.0,0.0,0.0,0.0,0.0,0,516,542,48.77126654064272,51.22873345935728
FR,2016-11-17,208,2232,1530.1205197132608,12.551143012740951,2074.0,2060.0,2094.0,208,0,0.0,0.0,0.0,0.0,0.0,0,1052,1103,48.816705336426914,51.183294663573086
FR,2016-11-18,165,1824,1374.3591008771937,254.2513443302709,1338.5,880.0,1468.5,165,6,74.19,0.0,0.0,0.0,0.0,6,874,855,50.54945054945055,49.45054945054945
FR,2016-11-19,206,2012,1490.9746520874755,75.02332970483248,1183.5,1175.7,1257.8,206,0,0.0,0.0,0.0,0.0,0.0,0,913,1027,47.06185567010309,52.93814432989691
FR,2016-11-20,179,1831,1407.0447842708916,0.0,863.0,863.0,863.0,179,0,0.0,0.0,0.0,0.0,0.0,0,915,796,53.477498538866165,46.52250146113384
FR,2016-11-21,185,1926,1395.6593977154712,0.0,806.0,806.0,806.0,185,0,0.0,0.0,0.0,0.0,0.0,0,966,876,52.44299674267101,47.55700325732899
FR,2016-11-22,205,1502,1421.3921438082557,16.41424686057816,1175.0,1154.7,1198.3,205,0,0.0,0.0,0.0,0.0,0.0,0,743,677,52.323943661971825,47.67605633802817
FR,2016-11-23,219,2236,1394.778622540248,5.851495535331117,2042.0,2035.4,2047.8,219,0,0.0,0.0,0.0,0.0,0.0,0,1123,980,53.3999048977651,46.6000951022349
FR,2016-11-24,210,1428,1505.662464985995,8.551405920073991,2044.0,2033.2,2054.2,210,0,0.0,0.0,0.0,0.0,0.0,0,709,662,51.714077315827865,48.28592268417214
FR,2016-11-25,195,1488,1552.885752688171,11.934822998268556,2048.0,2028.2,2058.2,195,0,0.0,0.0,0.0,0.0,0.0,0,751,663,53.111739745403106,46.88826025459689
FR,2016-11-26,212,2384,1512.6015100671138,0.0,1085.0,1085.0,1085.0,212,0,0.0,0.0,0.0,0.0,0.0,0,1162,1150,50.259515570934255,49.740484429065745
FR,2016-11-27,207,2153,1461.9112865768698,4.0,2034.0,2030.8,2037.2,207,0,0.0,0.0,0.0,0.0,0.0,0,1066,1008,51.39826422372228,48.60173577627773
FR,2016-11-28,209,2297,1383.5446234218534,0.0,787.0,787.0,787.0,209,0,0.0,0.0,0.0,0.0,0.0,0,1291,909,58.68181818181818,41.31818181818182
FR,2016-11-29,229,2761,1391.183991307499,0.0,791.0,791.0,791.0,229,0,0.0,0.0,0.0,0.0,0.0,0,1259,1363,48.01678108314264,51.98321891685737
FR,2016-11-30,220,2415,1551.856728778468,8.417367225321536,2038.0,2030.2,2048.6,220,0,0.0,0.0,0.0,0.0,0.0,0,1120,1137,49.62339388568896,50.37660611431103
FR,2016-12-01,225,1568,1418.4693877551013,6.128258770283411,2033.0,2026.6,2038.6,225,0,0.0,0.0,0.0,0.0,0.0,0,731,784,48.25082508250825,51.74917491749175
FR,2016-12-02,219,1747,1531.914138523181,5.966573556070519,2024.0,2017.8,2030.8,219,0,0.0,0.0,0.0,0.0,0.0,0,922,742,55.40865384615385,44.59134615384615
FR,2016-12-03,188,1830,1468.2639344262277,7.293833011524188,2032.0,2028.0,2043.8,188,0,0.0,0.0,0.0,0.0,0.0,0,913,807,53.08139534883721,46.918604651162795
FR,2016-12-04,204,2073,1422.0057887120115,9.092121131323903,2042.5,2032.0,2051.5,204,0,0.0,0.0,0.0,0.0,0.0,0,987,1002,49.62292609351433,50.37707390648567
FR,2016-12-05,216,1744,1418.601490825689,4.5,2029.5,2025.9,2033.1,216,0,0.0,0.0,0.0,0.0,0.0,0,826,856,49.10820451843044,50.89179548156956
FR,2016-12-06,197,1547,1481.954751131224,3.5,2027.5,2024.7,2030.3,197,0,0.0,0.0,0.0,0.0,0.0,0,634,851,42.69360269360269,57.30639730639731
FR,2016-12-07,210,1878,1439.7140575079868,9.387355803398092,2038.0,2027.8,2047.8,210,0,0.0,0.0,0.0,0.0,0.0,0,939,870,51.90713101160862,48.09286898839137
FR,2016-12-08,201,2351,1537.050191407912,7.261241187480722,1178.0,1167.0,1185.0,201,0,0.0,0.0,0.0,0.0,0.0,0,1160,1103,51.25939019001326,48.74060980998674
FR,2016-12-09,223,2223,1502.8286099865045,11.42122779934121,2020.0,2002.8,2030.6,223,0,0.0,0.0,0.0,0.0,0.0,0,1158,993,53.835425383542535,46.16457461645746
FR,2016-12-10,191,1415,1472.7349823321547,5.5,763.5,759.1,767.9,191,0,0.0,0.0,0.0,0.0,0.0,0,610,707,46.31738800303721,53.68261199696279
FR,2016-12-11,171,1730,1517.5040462427737,0.0,763.0,763.0,763.0,171,0,0.0,0.0,0.0,0.0,0.0,0,855,824,50.92316855270994,49.076831447290054
FR,2016-12-12,201,2060,1572.706796116506,0.0,768.0,768.0,768.0,201,0,0.0,0.0,0.0,0.0,0.0,0,1056,915,53.57686453576864,46.42313546423135
FR,2016-12-13,198,1749,1584.8456260720418,6.531972647421808,1079.0,1072.6,1085.4,198,0,0.0,0.0,0.0,0.0,0.0,0,908,753,54.665863937387115,45.334136062612885
FR,2016-12-14,237,1979,1529.165740272867,5.298207802376174,1993.0,1986.0,2000.6,237,0,0.0,0.0,0.0,0.0,0.0,0,951,905,51.23922413793104,48.76077586206897
FR,2016-12-15,208,1709,1462.11761263897,4.0,1998.0,1994.8,2001.2,208,7,85.42999999999999,0.0,0.0,0.0,0.0,7,872,767,53.20317266625991,46.79682733374009
FR,2016-12-16,212,1629,1497.375076734193,11.402914760198614,1178.0,1168.0,1197.0,212,0,0.0,0.0,0.0,0.0,0.0,0,793,795,49.93702770780856,50.06297229219143
FR,2016-12-17,199,1586,1548.2786885245894,3.559026084010437,1103.0,1097.4,1103.8,199,0,0.0,0.0,0.0,0.0,0.0,0,776,711,52.18560860793544,47.81439139206456
FR,2016-12-18,181,1811,1473.2644947542794,3.771236166328253,1111.0,1104.6,1111.0,181,0,0.0,0.0,0.0,0.0,0.0,0,881,859,50.63218390804598,49.367816091954026
FR,2016-12-19,186,1944,1496.495370370371,7.32575365861197,2013.5,2006.5,2022.0,186,0,0.0,0.0,0.0,0.0,0.0,0,916,947,49.16800858829845,50.83199141170156
FR,2016-12-20,168,1571,1518.3819223424573,14.321562165390436,2022.5,2015.3,2049.7,168,0,0.0,0.0,0.0,0.0,0.0,0,727,760,48.89038332212509,51.10961667787491
FR,2016-12-21,182,1612,1530.174937965259,6.164414002968976,2059.0,2051.8,2063.8,182,0,0.0,0.0,0.0,0.0,0.0,0,682,872,43.886743886743886,56.113256113256114
FR,2016-12-22,179,2261,1636.4816452896948,88.11038531296978,847.0,733.6,949.6,179,0,0.0,0.0,0.0,0.0,0.0,0,1220,965,55.83524027459954,44.16475972540046
FR,2016-12-23,220,1969,1783.3544946673417,0.0,792.0,792.0,792.0,220,0,0.0,0.0,0.0,0.0,0.0,0,988,891,52.581160191591266,47.418839808408734
FR,2016-12-24,206,1370,1739.465693430659,37.06302186853766,1162.0,1151.4,1255.4,206,7,93.17999999999999,0.0,0.0,0.0,0.0,7,747,601,55.41543026706231,44.58456973293769
FR,2016-12-25,139,1049,1700.4890371782649,44.26049859115,1172.0,1156.6,1261.3,139,0,0.0,0.0,0.0,0.0,0.0,0,484,533,47.590953785644054,52.409046214355946
FR,2016-12-26,173,1144,1559.203671328671,6.493073232299171,1253.0,1242.8,1260.2,173,0,0.0,0.0,0.0,0.0,0.0,0,568,487,53.838862559241704,46.161137440758296
FR,2016-12-27,205,1753,1474.6411865373632,40.5586834441293,1264.0,1156.0,1271.0,205,0,0.0,0.0,0.0,0.0,0.0,0,876,814,51.83431952662721,48.16568047337278
FR,2016-12-28,197,1190,1527.3647058823524,4.0,2052.0,2048.8,2055.2,197,0,0.0,0.0,0.0,0.0,0.0,0,556,541,50.683682771194164,49.316317228805836
FR,2016-12-29,188,2073,1554.0135069946923,3.5,729.5,726.7,732.3,188,0,0.0,0.0,0.0,0.0,0.0,0,1044,904,53.59342915811089,46.40657084188911
FR,2016-12-30,203,1997,1454.2879318978478,51.22472679611,1111.0,1065.0,1164.0,203,6,32.48,0.0,0.0,0.0,0.0,6,967,933,50.89473684210526,49.10526315789473
FR,2016-12-31,195,1675,1539.3725373134314,15.359070338619674,1145.5,1123.7,1165.8,195,0,0.0,0.0,0.0,0.0,0.0,0,787,835,48.520345252774355,51.479654747225645
FR,2017-01-01,178,1228,1525.1131921824094,26.428959362497466,1077.0,1052.8,1121.0,178,0,0.0,0.0,0.0,0.0,0.0,0,512,653,43.94849785407725,56.05150214592275
FR,2017-01-02,187,2069,1804.363943934267,17.381892230559735,1037.0,1014.0,1055.0,187,7,83.24,0.0,0.0,0.0,0.0,7,1095,844,56.47240845796803,43.52759154203197
FR,2017-01-03,159,1516,1866.514511873352,0.0,2057.0,2057.0,2057.0,159,0,0.0,0.0,0.0,0.0,0.0,0,842,607,58.10904071773637,41.89095928226363
FR,2017-01-04,188,2254,1720.740905057675,23.78248094711736,1007.0,998.0,1020.6,188,0,0.0,0.0,0.0,0.0,0.0,0,1137,954,54.375896700143464,45.62410329985653
FR,2017-01-05,220,2290,2040.9890829694364,44.79834781282678,1064.0,976.8,1082.0,220,0,0.0,0.0,0.0,0.0,0.0,0,1268,886,58.867223769730735,41.13277623026927
FR,2017-01-06,198,1798,1800.4499443826444,35.5,764.5,736.1,792.9,198,1,82.83,0.0,0.0,0.0,0.0,1,865,816,51.45746579417013,48.54253420582986
FR,2017-01-07,198,2000,1546.3054999999993,14.02275846978906,952.5,944.0,981.6,198,0,0.0,0.0,0.0,0.0,0.0,0,991,902,52.35076597992604,47.649234020073955
FR,2017-01-08,177,2372,1924.9683811129853,51.387417396349726,951.0,937.0,1052.0,177,8,92.89,0.0,0.0,0.0,0.0,8,1206,1036,53.791257805530776,46.208742194469224
FR,2017-01-09,208,1910,1639.4230366492145,0.0,1161.0,1161.0,1161.0,208,0,0.0,0.0,0.0,0.0,0.0,0,1075,762,58.519324986390856,41.480675013609144
FR,2017-01-10,200,2461,2049.855749695248,62.05193717019956,1046.0,932.0,1086.2,200,0,0.0,0.0,0.0,0.0,0.0,0,1402,926,60.2233676975945,39.776632302405496
FR,2017-01-11,194,1926,1658.6677050882656,13.128291618345722,1081.5,1066.2,1094.2,194,0,0.0,0.0,0.0,0.0,0.0,0,1062,768,58.032786885245905,41.967213114754095
FR,2017-01-12,210,2266,1694.904677846426,112.66455420915634,1145.0,907.0,1198.4,210,0,0.0,0.0,0.0,0.0,0.0,0,1012,1126,47.33395696913003,52.66604303086997
FR,2017-01-13,205,2321,1691.1671693235678,4.0,1077.0,1073.8,1080.2,205,7,87.56000000000002,0.0,0.0,0.0,0.0,7,1274,940,57.54290876242095,42.45709123757904
FR,2017-01-14,196,1754,1615.3084378563278,96.91933772313634,1197.0,1035.2,1211.4,196,0,0.0,0.0,0.0,0.0,0.0,0,856,830,50.77105575326216,49.228944246737846
FR,2017-01-15,229,1749,1422.9308176100642,152.01499925994145,903.0,893.3,1211.2,229,0,0.0,0.0,0.0,0.0,0.0,0,900,766,54.021608643457384,45.978391356542616
FR,2017-01-16,180,1611,1478.363749224084,109.1760504872749,1317.5,1098.4,1326.7,180,0,0.0,0.0,0.0,0.0,0.0,0,832,731,53.23096609085093,46.76903390914907
FR,2017-01-17,225,1832,1479.9606986899566,6.015604707757983,918.0,911.7,923.6,225,0,0.0,0.0,0.0,0.0,0.0,0,903,820,52.40858966918166,47.59141033081834
FR,2017-01-18,235,2067,1440.0546686018367,79.53221013513702,937.0,929.3,1058.9,235,0,0.0,0.0,0.0,0.0,0.0,0,1143,793,59.03925619834711,40.960743801652896
FR,2017-01-19,196,1829,1431.911427009295,13.698645646996766,2083.0,2071.0,2104.0,196,0,0.0,0.0,0.0,0.0,0.0,0,852,911,48.32671582529779,51.67328417470222
FR,2017-01-20,186,1829,1550.5948605795527,58.568250784874905,944.0,935.8,1058.6,186,0,0.0,0.0,0.0,0.0,0.0,0,964,812,54.27927927927928,45.72072072072072
FR,2017-01-21,205,1304,1452.3059815950924,3.0,2086.0,2083.6,2088.4,205,6,94.76,0.0,0.0,0.0,0.0,6,586,667,46.76775738228252,53.232242617717475
FR,2017-01-22,174,1338,1478.3976083707023,7.381353195722313,937.0,926.9,944.3,174,0,0.0,0.0,0.0,0.0,0.0,0,648,638,50.38880248833593,49.61119751166407
FR,2017-01-23,214,1962,1606.063200815495,8.059776671843954,946.5,937.3,953.7,214,0,0.0,0.0,0.0,0.0,0.0,0,1056,844,55.57894736842105,44.42105263157895
FR,2017-01-24,197,1713,1358.64389959136,5.2329803214786415,957.0,950.0,965.0,197,0,0.0,0.0,0.0,0.0,0.0,0,803,856,48.402652200120556,51.597347799879444
FR,2017-01-25,222,1870,1472.7267379679136,44.90754390968181,965.0,944.6,1057.1,222,0,0.0,0.0,0.0,0.0,0.0,0,934,833,52.85795132993775,47.14204867006225
FR,2017-01-26,170,2018,1483.0302279484642,13.040490788310075,978.0,952.0,985.6,170,7,98.85,0.0,0.0,0.0,0.0,7,978,944,50.884495317377734,49.115504682622266
FR,2017-01-27,212,1978,1472.951466127401,36.93490896157726,963.5,959.3,1023.0,212,0,0.0,0.0,0.0,0.0,0.0,0,1006,897,52.86389910667367,47.13610089332633
FR,2017-01-28,194,1589,1351.8691000629333,25.29708283577377,987.0,951.0,1015.8,194,0,0.0,0.0,0.0,0.0,0.0,0,795,694,53.39153794492948,46.60846205507052
FR,2017-01-29,162,1890,1433.927513227512,73.39689480261863,975.0,949.6,1128.1999999999998,162,0,0.0,0.0,0.0,0.0,0.0,0,845,952,47.022815804117975,52.97718419588202
FR,2017-01-30,209,2004,1477.6726546906184,14.55376687244628,975.0,964.5,984.0,209,0,0.0,0.0,0.0,0.0,0.0,0,945,933,50.319488817891376,49.680511182108624
FR,2017-01-31,201,2799,1598.535905680599,0.0,1830.0,1830.0,1830.0,201,0,0.0,0.0,0.0,0.0,0.0,0,1420,1332,51.59883720930233,48.401162790697676
FR,2017-02-01,213,2425,1517.552164948454,0.0,2075.0,2075.0,2075.0,213,7,94.32000000000001,0.0,0.0,0.0,0.0,7,1191,1138,51.137827393731214,48.862172606268786
FR,2017-02-02,205,2140,1436.639719626168,15.641211589899294,1021.5,1009.3,1043.9,205,0,0.0,0.0,0.0,0.0,0.0,0,1065,971,52.30844793713163,47.69155206286837
FR,2017-02-03,199,1928,1459.7733402489644,21.005649511154363,1052.0,1040.2,1097.2,199,0,0.0,0.0,0.0,0.0,0.0,0,963,842,53.35180055401661,46.64819944598338
FR,2017-02-04,218,1941,1383.7310664605875,3.5,1090.5,1087.7,1093.3,218,0,0.0,0.0,0.0,0.0,0.0,0,835,1032,44.72415640064275,55.27584359935725
FR,2017-02-05,227,2789,1426.325206167085,12.71306132158386,1057.0,1042.8,1076.6,227,0,0.0,0.0,0.0,0.0,0.0,0,1440,1268,53.17577548005909,46.82422451994091
FR,2017-02-06,199,2233,1485.7993730407536,6.887670143089027,1050.0,1042.6,1057.6,199,14,88.265,0.0,0.0,0.0,0.0,7,1077,1013,51.53110047846889,48.4688995215311
FR,2017-02-07,218,2495,1529.0581162324645,14.400462955521023,1050.5,1034.8,1073.0,218,35,85.55599999999997,0.0,0.0,0.0,0.0,7,1204,1194,50.20850708924104,49.79149291075897
FR,2017-02-08,206,2021,1582.1009401286478,0.0,2066.0,2066.0,2066.0,206,0,0.0,0.0,0.0,0.0,0.0,0,949,1033,47.88092835519677,52.11907164480323
FR,2017-02-09,188,1882,1492.7353878852293,7.275816105427624,1061.5,1051.1,1070.0,188,0,0.0,0.0,0.0,0.0,0.0,0,929,863,51.84151785714286,48.158482142857146
FR,2017-02-10,207,2191,1488.0597900502069,12.36482466066094,1040.0,1022.4,1049.6,207,0,0.0,0.0,0.0,0.0,0.0,0,1034,1061,49.35560859188544,50.64439140811455
FR,2017-02-11,236,1940,1373.723711340207,12.928505499823922,1031.0,1012.0,1049.0,236,10,29.23,0.0,0.0,0.0,0.0,5,859,983,46.63409337676438,53.36590662323562
FR,2017-02-12,220,2456,1377.125814332248,20.07566243545209,1046.5,1013.9,1064.0,220,0,0.0,0.0,0.0,0.0,0.0,0,1184,1156,50.598290598290596,49.401709401709404
FR,2017-02-13,218,2113,1430.7193563653575,36.212003142571845,1002.0,992.5,1031.5,218,0,0.0,0.0,0.0,0.0,0.0,0,1023,1006,50.418925579103,49.58107442089699
FR,2017-02-14,219,2229,1440.8384925975763,15.3739207106232,972.5,954.0,991.0,219,5,19.08,0.0,0.0,0.0,0.0,5,1127,1050,51.76848874598071,48.231511254019296
FR,2017-02-15,218,2055,1358.1596107055964,23.5966099260042,983.0,961.2,1008.7,218,0,0.0,0.0,0.0,0.0,0.0,0,1009,921,52.27979274611398,47.72020725388601
FR,2017-02-16,186,1989,1363.1995977878328,9.380877626954907,997.0,982.0,1006.0,186,5,89.46,0.0,0.0,0.0,0.0,5,926,903,50.62875888463642,49.37124111536358
FR,2017-02-17,215,2025,1418.2503703703717,10.10491835691907,1012.0,996.9,1019.4,215,0,0.0,0.0,0.0,0.0,0.0,0,1014,906,52.81249999999999,47.1875
FR,2017-02-18,171,1508,1512.0649867373993,7.709734106958553,1000.0,994.8,1011.4,171,1,100.0,0.0,0.0,0.0,0.0,1,769,682,52.997932460372155,47.002067539627845
FR,2017-02-19,166,2171,1436.4753569783527,112.21668028120122,1305.0,1036.0,1313.9,166,0,0.0,0.0,0.0,0.0,0.0,0,1111,965,53.516377649325634,46.48362235067437
FR,2017-02-20,210,2274,1419.479771328057,149.4378582200232,1186.0,1001.2,1326.2,210,1,71.44,0.0,0.0,0.0,0.0,1,1099,1073,50.59852670349908,49.40147329650092
FR,2017-02-21,182,1915,1475.8073107049609,189.15190838171432,1317.0,1008.6,1537.4,182,0,0.0,0.0,0.0,0.0,0.0,0,857,977,46.728462377317335,53.271537622682665
FR,2017-02-22,198,2252,1459.8863232682056,3.0,2070.0,2067.6,2072.4,198,0,0.0,0.0,0.0,0.0,0.0,0,1169,968,54.70285446888161,45.29714553111839
FR,2017-02-23,187,1903,1391.089332632685,0.0,1034.0,1034.0,1034.0,187,0,0.0,0.0,0.0,0.0,0.0,0,865,997,46.45542427497315,53.54457572502685
FR,2017-02-24,200,2160,1359.39212962963,4.5,1214.5,1210.9,1218.1,200,7,91.37,0.0,0.0,0.0,0.0,7,1058,1032,50.622009569377994,49.377990430622006
FR,2017-02-25,165,1673,1333.390914524806,0.0,1019.0,1019.0,1019.0,165,0,0.0,0.0,0.0,0.0,0.0,0,817,794,50.71384233395406,49.28615766604593
FR,2017-02-26,183,2085,1374.4762589928068,0.0,749.0,749.0,749.0,183,0,0.0,0.0,0.0,0.0,0.0,0,1047,944,52.586639879457564,47.41336012054244
FR,2017-02-27,204,2429,1389.541786743518,3.299831645537222,1032.0,1032.0,1037.6,204,0,0.0,0.0,0.0,0.0,0.0,0,1429,937,60.39729501267963,39.60270498732037
FR,2017-02-28,192,2321,1417.2240413614825,0.0,1024.0,1024.0,1024.0,192,0,0.0,0.0,0.0,0.0,0.0,0,1018,1206,45.773381294964025,54.22661870503597
FR,2017-03-01,208,2038,1442.9106967615307,3.858612300930075,1026.0,1024.4,1031.6,208,0,0.0,0.0,0.0,0.0,0.0,0,957,1015,48.529411764705884,51.470588235294116
FR,2017-03-02,202,2164,1736.1178373382638,0.0,1096.0,1096.0,1096.0,202,0,0.0,0.0,0.0,0.0,0.0,0,1265,839,60.12357414448669,39.87642585551331
FR,2017-03-03,165,1926,1766.185358255451,4.816637831516919,2059.0,2053.6,2064.4,165,0,0.0,0.0,0.0,0.0,0.0,0,990,875,53.08310991957105,46.91689008042895
FR,2017-03-04,171,1830,1550.4912568306006,4.784233364802441,2061.0,2059.4,2068.2,171,0,0.0,0.0,0.0,0.0,0.0,0,911,858,51.49802148106275,48.50197851893726
FR,2017-03-05,233,2570,1714.677431906617,0.5,2067.5,2067.1,2067.9,233,29,84.66896551724136,0.0,0.0,0.0,0.0,15,1118,1286,46.50582362728785,53.49417637271215
FR,2017-03-06,207,2119,1738.1675318546477,0.0,1063.0,1063.0,1063.0,207,0,0.0,0.0,0.0,0.0,0.0,0,972,1019,48.81968859869412,51.18031140130588
FR,2017-03-07,225,1755,1609.6968660968669,5.711154344842843,1028.0,1020.8,1036.2,225,0,0.0,0.0,0.0,0.0,0.0,0,750,905,45.31722054380665,54.68277945619335
FR,2017-03-08,223,2564,1740.5468018720744,5.338539126015656,1034.5,1029.8,1040.6,223,42,83.12833333333333,0.0,0.0,0.0,0.0,7,1394,1069,56.597645148193266,43.40235485180674
FR,2017-03-09,215,2211,1618.2161917684316,5.314132102234569,2077.0,2070.4,2082.2,215,0,0.0,0.0,0.0,0.0,0.0,0,1146,947,54.75394171046345,45.24605828953655
FR,2017-03-10,220,1825,1395.4745205479453,11.49128307791865,1003.0,994.1,1018.0,220,0,0.0,0.0,0.0,0.0,0.0,0,971,782,55.3907586993725,44.609241300627495
FR,2017-03-11,168,1728,1296.484375,17.322595476705757,1063.0,1038.6,1084.7,168,0,0.0,0.0,0.0,0.0,0.0,0,877,801,52.264600715137064,47.735399284862936
FR,2017-03-12,217,1640,1411.3298780487796,15.626795754796635,1101.5,1075.0,1115.5,217,0,0.0,0.0,0.0,0.0,0.0,0,865,699,55.30690537084399,44.69309462915601
FR,2017-03-13,181,1981,1400.8924785461893,14.10815120969277,1119.5,1101.0,1135.9,181,0,0.0,0.0,0.0,0.0,0.0,0,960,932,50.7399577167019,49.2600422832981
FR,2017-03-14,185,1777,1431.1468767585825,7.2280632232420094,2076.0,2066.8,2081.6,185,0,0.0,0.0,0.0,0.0,0.0,0,922,782,54.10798122065727,45.89201877934273
FR,2017-03-15,204,1830,1487.5147540983612,48.64103840671938,1171.0,1134.8,1181.6,204,0,0.0,0.0,0.0,0.0,0.0,0,912,831,52.323580034423415,47.67641996557659
FR,2017-03-16,203,1819,1416.632765255635,5.692099788303083,2071.0,2064.6,2076.6,203,0,0.0,0.0,0.0,0.0,0.0,0,807,932,46.40598044853364,53.59401955146637
FR,2017-03-17,214,2374,1480.639427127211,27.6019651605755,1115.0,1088.0,1158.0,214,0,0.0,0.0,0.0,0.0,0.0,0,1196,1106,51.95482189400521,48.045178105994786
FR,2017-03-18,168,1582,1300.46776232617,17.693959893494174,1056.0,1038.4,1079.8,168,0,0.0,0.0,0.0,0.0,0.0,0,865,659,56.75853018372703,43.24146981627297
FR,2017-03-19,226,1719,1504.109365910413,4.0,1045.0,1041.8,1048.2,226,7,92.14,0.0,0.0,0.0,0.0,7,873,781,52.78113663845224,47.21886336154776
FR,2017-03-20,245,1645,1492.6097264437692,5.774680837545068,1031.0,1023.8,1036.8,245,6,73.43,0.0,0.0,0.0,0.0,6,855,691,55.30401034928849,44.69598965071152
FR,2017-03-21,229,2783,1567.756018684874,12.596374043876851,1020.5,1005.5,1033.5,229,49,78.74428571428572,0.0,0.0,0.0,0.0,7,1298,1371,48.632446609216935,51.36755339078306
FR,2017-03-22,256,2786,1463.2060301507536,29.64523570491556,1043.5,980.2,1057.7,256,0,0.0,0.0,0.0,0.0,0.0,0,1364,1334,50.555967383246845,49.444032616753155
FR,2017-03-23,242,1985,1420.0921914357675,4.496912521077348,2067.0,2059.8,2067.8,242,0,0.0,0.0,0.0,0.0,0.0,0,1055,840,55.67282321899736,44.327176781002635
FR,2017-03-24,220,1717,1532.7955736750146,9.630680142129112,1055.0,1044.0,1064.6,220,0,0.0,0.0,0.0,0.0,0.0,0,983,654,60.04886988393403,39.951130116065976
FR,2017-03-25,238,2636,1429.7621396054624,4.5,1072.5,1068.9,1076.1,238,0,0.0,0.0,0.0,0.0,0.0,0,1219,1222,49.93854977468251,50.06145022531749
FR,2017-03-26,212,2198,1674.9858962693352,0.0,633.0,633.0,633.0,212,63,83.08777777777777,0.0,0.0,0.0,0.0,7,1030,1012,50.44074436826641,49.55925563173359
FR,2017-03-27,226,2279,1517.2237823606856,187.5278312677881,976.5,703.5,1048.6,226,0,0.0,0.0,0.0,0.0,0.0,0,1050,1126,48.25367647058824,51.74632352941176
FR,2017-03-28,248,2439,1575.6059860598602,0.0,1071.0,1071.0,1071.0,248,0,0.0,0.0,0.0,0.0,0.0,0,1205,1157,51.01608806096528,48.98391193903472
FR,2017-03-29,239,3412,1763.4610199296576,4.242640687119285,2065.0,2065.0,2072.2,239,0,0.0,0.0,0.0,0.0,0.0,0,1759,1497,54.02334152334153,45.97665847665848
FR,2017-03-30,220,2344,1453.1638225255972,6.015604707757983,1104.0,1097.7,1109.6,220,0,0.0,0.0,0.0,0.0,0.0,0,1133,1007,52.94392523364486,47.05607476635514
FR,2017-03-31,222,2141,1450.6819243344244,0.0,955.0,955.0,955.0,222,0,0.0,0.0,0.0,0.0,0.0,0,1132,899,55.73609059576563,44.26390940423437
FR,2017-04-01,233,2411,1433.9921194525098,0.0,815.0,815.0,815.0,233,0,0.0,0.0,0.0,0.0,0.0,0,1235,1078,53.3938607868569,46.6061392131431
FR,2017-04-02,224,1973,1480.7065382665987,574.3915802829982,1546.0,877.1,2061.6,224,0,0.0,0.0,0.0,0.0,0.0,0,1020,843,54.750402576489535,45.249597423510465
FR,2017-04-03,236,2705,1371.0373382624766,0.0,888.0,888.0,888.0,236,0,0.0,0.0,0.0,0.0,0.0,0,1279,1332,48.98506319417847,51.01493680582152
FR,2017-04-04,221,2142,1445.3744164332402,17.377196038163362,1054.0,1045.0,1066.0,221,0,0.0,0.0,0.0,0.0,0.0,0,1076,988,52.13178294573644,47.86821705426357
FR,2017-04-05,204,1950,1449.0282051282045,0.0,2064.0,2064.0,2064.0,204,0,0.0,0.0,0.0,0.0,0.0,0,1016,860,54.15778251599147,45.84221748400853
FR,2017-04-06,204,2118,1560.920679886685,5.112620550059322,2082.0,2074.5,2086.0,204,0,0.0,0.0,0.0,0.0,0.0,0,1150,867,57.015369360436296,42.98463063956371
FR,2017-04-07,227,1944,1621.8940329218103,3.5,2072.5,2069.7,2075.3,227,0,0.0,0.0,0.0,0.0,0.0,0,1088,804,57.505285412262154,42.49471458773784
FR,2017-04-08,179,1930,1634.9906735751294,88.47975286282544,874.0,820.4,990.0,179,0,0.0,0.0,0.0,0.0,0.0,0,904,909,49.862107004964145,50.13789299503585
FR,2017-04-09,173,2142,1772.122315592903,0.0,882.0,882.0,882.0,173,0,0.0,0.0,0.0,0.0,0.0,0,1151,894,56.28361858190709,43.71638141809291
FR,2017-04-10,198,2081,1718.980297933685,0.0,1110.0,1110.0,1110.0,198,0,0.0,0.0,0.0,0.0,0.0,0,975,1056,48.005908419497786,51.994091580502214
FR,2017-04-11,165,2248,1520.732651245552,428.9851072266055,2056.0,1330.4,2060.8,165,0,0.0,0.0,0.0,0.0,0.0,0,1046,1111,48.49327770050997,51.506722299490036
FR,2017-04-12,203,1906,1462.0445960125935,4.0,2044.0,2040.0,2048.0,203,0,0.0,0.0,0.0,0.0,0.0,0,897,915,49.503311258278146,50.496688741721854
FR,2017-04-13,202,1675,1485.5564179104474,505.2325097308059,2038.0,986.0,2047.0,202,16,70.59000000000002,0.0,0.0,0.0,0.0,8,816,780,51.127819548872175,48.87218045112782
FR,2017-04-14,182,1472,1422.7982336956522,21.0,911.0,894.2,927.8,182,0,0.0,0.0,0.0,0.0,0.0,0,659,756,46.572438162544174,53.427561837455826
FR,2017-04-15,178,1144,1353.472027972028,453.75127792902384,2011.0,932.0,2021.8,178,0,0.0,0.0,0.0,0.0,0.0,0,527,560,48.482060717571294,51.517939282428706
FR,2017-04-16,186,1827,1542.7411056376577,0.0,902.0,902.0,902.0,186,0,0.0,0.0,0.0,0.0,0.0,0,977,796,55.1043429216018,44.895657078398195
FR,2017-04-17,195,2115,1477.9205673758863,0.0,1149.0,1149.0,1149.0,195,0,0.0,0.0,0.0,0.0,0.0,0,1059,978,51.98821796759942,48.01178203240059
FR,2017-04-18,224,2313,1409.6649373108507,63.56443581123017,1002.5,911.8,1054.5,224,0,0.0,0.0,0.0,0.0,0.0,0,1088,1135,48.942869995501574,51.05713000449843
FR,2017-04-19,227,2154,1583.0766016713092,35.18186057628942,840.0,811.8,893.0,227,14,83.515,0.0,0.0,0.0,0.0,7,1053,996,51.3909224011713,48.6090775988287
FR,2017-04-20,255,2174,1334.305887764491,35.99525195446347,847.5,795.6,885.7,255,7,87.98,0.0,0.0,0.0,0.0,7,1049,1043,50.1434034416826,49.8565965583174
FR,2017-04-21,207,2092,1351.005258126195,22.643101801025352,1099.0,1081.0,1112.4,207,0,0.0,0.0,0.0,0.0,0.0,0,1057,925,53.32996972754793,46.67003027245207
FR,2017-04-22,199,1547,1341.923076923077,0.0,936.0,936.0,936.0,199,0,0.0,0.0,0.0,0.0,0.0,0,794,688,53.57624831309041,46.42375168690958
FR,2017-04-23,226,2178,1513.4435261707986,389.2340969419588,2006.0,1076.2,2019.6,226,0,0.0,0.0,0.0,0.0,0.0,0,1114,915,54.90389354361754,45.09610645638246
FR,2017-04-24,243,2618,1494.4614209320102,327.25095492603225,1990.0,1462.7,1998.6,243,0,0.0,0.0,0.0,0.0,0.0,0,1240,1167,51.516410469464056,48.48358953053594
FR,2017-04-25,231,2598,1492.8225558121642,0.0,1196.0,1196.0,1196.0,231,0,0.0,0.0,0.0,0.0,0.0,0,1303,1174,52.6039563988696,47.3960436011304
FR,2017-04-26,255,2512,1508.068073248408,17.52537842355733,781.5,766.5,806.5,255,0,0.0,0.0,0.0,0.0,0.0,0,1284,1133,53.12370707488622,46.87629292511378
FR,2017-04-27,254,2498,1512.3622898318665,5.5,756.5,752.1,760.9,254,14,96.67999999999999,0.0,0.0,0.0,0.0,7,1154,1211,48.79492600422833,51.20507399577166
FR,2017-04-28,210,2871,1531.8220132358067,143.5,1062.5,947.7,1177.3,210,0,0.0,0.0,0.0,0.0,0.0,0,1428,1333,51.720391162622235,48.279608837377765
FR,2017-04-29,229,1980,1613.9090909090914,33.89840764425855,1093.0,1079.8,1154.2,229,0,0.0,0.0,0.0,0.0,0.0,0,943,901,51.138828633405645,48.861171366594355
FR,2017-04-30,220,2045,1543.19413202934,18.662529303392933,772.0,740.9,789.7,220,0,0.0,0.0,0.0,0.0,0.0,0,1061,797,57.10441334768568,42.895586652314314
FR,2017-05-01,243,3110,1484.5961414791,16.59986613065164,837.0,810.6,849.8,243,0,0.0,0.0,0.0,0.0,0.0,0,1686,1248,57.46421267893661,42.535787321063395
FR,2017-05-02,218,2054,1502.5477117818893,7.896795236043543,841.5,831.3,849.0,218,0,0.0,0.0,0.0,0.0,0.0,0,1111,839,56.97435897435897,43.02564102564103
FR,2017-05-03,232,2805,1580.4306595365422,3.0912061651652345,818.0,813.2,818.8,232,0,0.0,0.0,0.0,0.0,0.0,0,1321,1366,49.162634908820245,50.837365091179755
FR,2017-05-04,186,2779,1601.1482547679038,3.7712361663282534,830.0,825.0,834.0,186,0,0.0,0.0,0.0,0.0,0.0,0,1388,1161,54.45272655943507,45.54727344056493
FR,2017-05-05,223,2520,1531.0281746031758,6.829348431585549,817.0,806.4,821.2,223,0,0.0,0.0,0.0,0.0,0.0,0,1243,1177,51.36363636363637,48.63636363636364
FR,2017-05-06,233,2044,1507.5831702544035,124.40935455181815,914.5,904.3,1113.0,233,0,0.0,0.0,0.0,0.0,0.0,0,1040,877,54.25143453312467,45.74856546687533
FR,2017-05-07,237,2696,1514.2533382789318,3.559026084010437,792.0,786.4,792.8,237,8,81.15999999999998,0.0,0.0,0.0,0.0,8,1373,1138,54.679410593389086,45.320589406610914
FR,2017-05-08,240,2670,1383.970786516854,6.020797289396148,784.5,778.4,790.6,240,6,90.52,0.0,0.0,0.0,0.0,6,1281,1209,51.445783132530124,48.554216867469876
FR,2017-05-09,202,2117,1675.588096362778,319.7642686417605,1940.0,1425.0,1950.3,202,0,0.0,0.0,0.0,0.0,0.0,0,1051,940,52.787543947764945,47.212456052235055
FR,2017-05-10,207,2163,1422.746185852982,0.0,1000.0,1000.0,1000.0,207,0,0.0,0.0,0.0,0.0,0.0,0,1016,1028,49.706457925636,50.293542074364
FR,2017-05-11,253,2187,1501.58573388203,372.35835637478334,1947.0,1124.6,1956.4,253,7,63.38,0.0,0.0,0.0,0.0,7,1006,1120,47.318908748824086,52.681091251175914
FR,2017-05-12,269,2530,1581.4798418972337,6.7993679822964195,804.0,797.0,811.0,269,1,66.55,0.0,0.0,0.0,0.0,1,1204,1221,49.649484536082475,50.350515463917525
FR,2017-05-13,205,1683,1595.7023172905526,0.0,912.0,912.0,912.0,205,0,0.0,0.0,0.0,0.0,0.0,0,926,652,58.681875792141945,41.31812420785805
FR,2017-05-14,226,2526,1402.6516231195574,161.0,1066.0,937.2,1194.8,226,6,42.07999999999999,0.0,0.0,0.0,0.0,6,1279,1117,53.38063439065108,46.61936560934892
FR,2017-05-15,254,2245,1398.0075723830737,6.223694642252301,794.5,786.4,803.3,254,0,0.0,0.0,0.0,0.0,0.0,0,1059,1107,48.89196675900277,51.10803324099723
FR,2017-05-16,261,2000,1483.0405000000003,4.5,817.5,813.9,821.1,261,0,0.0,0.0,0.0,0.0,0.0,0,1086,812,57.218124341412015,42.781875658587985
FR,2017-05-17,239,1901,1356.819568648081,8.774074025217704,848.0,835.6,856.3,239,0,0.0,0.0,0.0,0.0,0.0,0,957,846,53.07820299500832,46.92179700499168
FR,2017-05-18,252,2402,1349.784762697752,4.0276819911981905,846.0,845.2,852.4,252,6,59.13999999999999,0.0,0.0,0.0,0.0,6,1195,1099,52.0924149956408,47.9075850043592
FR,2017-05-19,240,2471,1398.5123431808977,8.958236433584458,850.0,839.7,858.9,240,5,51.71,0.0,0.0,0.0,0.0,5,1152,1214,48.68977176669485,51.31022823330515
FR,2017-05-20,200,1268,1403.687697160882,60.39183350188176,1053.0,966.0,1133.0,200,0,0.0,0.0,0.0,0.0,0.0,0,658,529,55.43386689132266,44.566133108677334
FR,2017-05-21,224,2051,1337.451974646514,6.164414002968976,844.0,838.2,851.6,224,0,0.0,0.0,0.0,0.0,0.0,0,941,1007,48.30595482546201,51.69404517453798
FR,2017-05-22,256,2637,1367.9192263936282,2.5,846.5,844.5,848.5,256,0,0.0,0.0,0.0,0.0,0.0,0,1355,1158,53.91961798647036,46.08038201352965
FR,2017-05-23,234,1963,1453.2256749872645,6.583839212458807,2002.0,2002.0,2017.0,234,0,0.0,0.0,0.0,0.0,0.0,0,975,899,52.02774813233725,47.97225186766275
FR,2017-05-24,246,2612,1394.878254211335,5.166611805721464,849.0,844.2,856.0,246,0,0.0,0.0,0.0,0.0,0.0,0,1210,1231,49.569848422777554,50.430151577222446
FR,2017-05-25,200,1662,1288.8935018050547,7.632033404296494,840.0,833.0,852.0,200,0,0.0,0.0,0.0,0.0,0.0,0,860,728,54.15617128463476,45.843828715365234
FR,2017-05-26,211,2045,1400.647921760391,4.496912521077347,861.0,860.2,868.2,211,0,0.0,0.0,0.0,0.0,0.0,0,935,994,48.470710212545356,51.52928978745464
FR,2017-05-27,190,2075,1328.0265060240954,34.227272354651724,855.0,845.4,883.2,190,0,0.0,0.0,0.0,0.0,0.0,0,1014,950,51.62932790224033,48.37067209775967
FR,2017-05-28,222,2506,1446.3455706304862,18.14337957003111,858.0,836.8,882.6,222,15,91.60533333333332,0.0,0.0,0.0,0.0,15,1229,1112,52.49893208030756,47.50106791969244
FR,2017-05-29,231,2270,1364.2524229074893,3.858612300930075,951.0,949.4,956.6,231,0,0.0,0.0,0.0,0.0,0.0,0,1051,1099,48.88372093023256,51.116279069767444
FR,2017-05-30,235,2740,1398.8405109489038,12.236355464832181,820.0,809.4,836.4,235,7,28.73,0.0,0.0,0.0,0.0,7,1344,1225,52.31607629427793,47.68392370572207
FR,2017-05-31,253,2694,1500.0363771343727,3.8477987935383986,788.5,785.0,793.0,253,0,0.0,0.0,0.0,0.0,0.0,0,1353,1194,53.121319199057716,46.878680800942284
FR,2017-06-01,225,2336,1425.8882705479464,5.185449728701348,917.5,910.0,921.5,225,1,86.1,0.0,0.0,0.0,0.0,1,1146,1124,50.48458149779735,49.51541850220264
FR,2017-06-02,262,2846,1432.6398453970473,7.35934779718964,774.0,763.8,779.8,262,0,0.0,0.0,0.0,0.0,0.0,0,1435,1309,52.295918367346935,47.704081632653065
FR,2017-06-03,231,1786,1355.6774916013462,5.948760803902005,775.0,766.8,782.0,231,0,0.0,0.0,0.0,0.0,0.0,0,759,925,45.07125890736342,54.92874109263658
FR,2017-06-04,248,2760,1394.6518115942015,7.845734863959881,967.0,957.4,972.6,248,0,0.0,0.0,0.0,0.0,0.0,0,1373,1311,51.154992548435175,48.84500745156483
FR,2017-06-05,261,3134,1345.9770261646456,10.63014581273465,779.0,768.2,792.4,261,5,10.05,0.0,0.0,0.0,0.0,5,1622,1369,54.22935473085925,45.77064526914076
FR,2017-06-06,269,3651,1417.612708846891,69.0,1199.0,1143.8,1254.2,269,0,0.0,0.0,0.0,0.0,0.0,0,1807,1667,52.014968336211865,47.98503166378814
FR,2017-06-07,274,3015,1448.6786069651725,11.343133018115703,789.0,779.6,805.6,274,0,0.0,0.0,0.0,0.0,0.0,0,1370,1518,47.43767313019391,52.5623268698061
FR,2017-06-08,258,2541,1373.7233372687922,6.3,826.0,819.6,833.6,258,0,0.0,0.0,0.0,0.0,0.0,0,1349,1051,56.208333333333336,43.791666666666664
FR,2017-06-09,259,2628,1347.6000761035023,8.560957890329796,803.5,794.5,817.0,259,0,0.0,0.0,0.0,0.0,0.0,0,1221,1261,49.1941982272361,50.8058017727639
FR,2017-06-10,209,2988,1354.4591700133865,15.505160431288672,1192.0,1172.2,1209.7,209,7,75.68999999999998,0.0,0.0,0.0,0.0,7,1363,1459,48.299078667611624,51.700921332388376
FR,2017-06-11,187,1836,1321.8818082788682,2.943920288775949,783.0,781.4,787.0,187,0,0.0,0.0,0.0,0.0,0.0,0,940,804,53.899082568807344,46.10091743119266
FR,2017-06-12,247,2240,1406.7879464285704,0.0,797.0,797.0,797.0,247,0,0.0,0.0,0.0,0.0,0.0,0,1166,959,54.870588235294115,45.129411764705885
FR,2017-06-13,226,2752,1319.2928779069778,8.236305888799757,805.0,796.6,816.8,226,0,0.0,0.0,0.0,0.0,0.0,0,1337,1296,50.7785795670338,49.2214204329662
FR,2017-06-14,214,2689,1394.6608404611382,11.188722000300123,842.0,823.9,851.0,214,0,0.0,0.0,0.0,0.0,0.0,0,1427,1135,55.69867291178766,44.30132708821233
FR,2017-06-15,193,2130,1267.8530516431933,11.234866364235144,837.5,827.5,853.0,193,0,0.0,0.0,0.0,0.0,0.0,0,1085,954,53.21235899950957,46.78764100049044
FR,2017-06-16,242,3140,1341.9831210191103,9.286246550679127,842.5,829.5,852.0,242,0,0.0,0.0,0.0,0.0,0.0,0,1495,1489,50.10053619302949,49.89946380697051
FR,2017-06-17,240,1915,1293.878328981723,3.5,853.5,850.7,856.3,240,7,89.27999999999999,0.0,0.0,0.0,0.0,7,889,891,49.9438202247191,50.056179775280896
FR,2017-06-18,223,2741,1338.0167821962796,11.463798895702388,869.0,857.2,885.6,223,0,0.0,0.0,0.0,0.0,0.0,0,1333,1244,51.726814124951495,48.273185875048505
FR,2017-06-19,245,2297,1366.9899869394856,3.5,849.5,846.7,852.3,245,0,0.0,0.0,0.0,0.0,0.0,0,1156,1042,52.593266606005464,47.406733393994536
FR,2017-06-20,256,2478,1346.2288135593233,6.531972647421808,855.0,848.6,861.4,256,0,0.0,0.0,0.0,0.0,0.0,0,1135,1275,47.0954356846473,52.9045643153527
FR,2017-06-21,227,2407,1323.4802658911506,7.79807668595276,838.5,830.9,848.7,227,0,0.0,0.0,0.0,0.0,0.0,0,1268,1054,54.608096468561584,45.391903531438416
FR,2017-06-22,240,3089,1453.1392036257707,16.292775867068983,852.0,824.0,866.0,240,3,77.95,0.0,0.0,0.0,0.0,3,1318,1630,44.708276797829036,55.291723202170964
FR,2017-06-23,195,2327,1322.3059733562525,3.559026084010437,841.0,840.2,846.6,195,0,0.0,0.0,0.0,0.0,0.0,0,1144,1024,52.767527675276746,47.23247232472325
FR,2017-06-24,197,2514,1317.0743834526652,7.309000451724284,2039.0,2029.0,2048.0,197,0,0.0,0.0,0.0,0.0,0.0,0,1272,1128,53.0,47.0
FR,2017-06-25,239,2870,1339.008013937282,5.722761571129799,2039.0,2032.4,2044.2,239,0,0.0,0.0,0.0,0.0,0.0,0,1473,1254,54.015401540154016,45.984598459845984
FR,2017-06-26,261,2873,1431.3654716324418,3.5,853.5,850.7,856.3,261,0,0.0,0.0,0.0,0.0,0.0,0,1506,1221,55.22552255225522,44.77447744774478
FR,2017-06-27,209,2881,1346.53939604304,7.760297817881877,1990.0,1983.6,2004.4,209,0,0.0,0.0,0.0,0.0,0.0,0,1428,1408,50.352609308885754,49.647390691114246
FR,2017-06-28,267,2545,1439.3599214145374,4.636809247747852,863.5,858.1,867.5,267,0,0.0,0.0,0.0,0.0,0.0,0,1256,1170,51.7724649629019,48.2275350370981
FR,2017-06-29,271,3107,1358.4258126810428,6.91641053537726,860.0,855.2,869.8,271,0,0.0,0.0,0.0,0.0,0.0,0,1504,1444,51.01763907734057,48.98236092265943
FR,2017-06-30,250,2489,1367.0100441944564,10.603655030224248,889.0,872.6,897.3,250,0,0.0,0.0,0.0,0.0,0.0,0,1278,1114,53.42809364548495,46.57190635451505
FR,2017-07-01,232,2513,1407.0724233983276,5.0039984012787215,884.0,879.0,890.2,232,0,0.0,0.0,0.0,0.0,0.0,0,1400,1000,58.333333333333336,41.66666666666667
FR,2017-07-02,245,2678,1436.438013442867,386.4151750384552,1133.5,1126.5,1757.2000000000005,245,1,53.86,0.0,0.0,0.0,0.0,1,1340,1211,52.52842022736181,47.47157977263819
FR,2017-07-03,241,2292,1364.5497382198953,4.5,1136.5,1132.9,1140.1,241,0,0.0,0.0,0.0,0.0,0.0,0,1176,1047,52.90148448043185,47.09851551956815
FR,2017-07-04,212,2178,1451.860422405876,3.0,1131.0,1128.6,1133.4,212,1,58.29,0.0,0.0,0.0,0.0,1,1093,975,52.85299806576403,47.14700193423597
FR,2017-07-05,233,2725,1500.5805504587172,3.0,1117.0,1114.6,1119.4,233,0,0.0,0.0,0.0,0.0,0.0,0,1306,1288,50.34695451040864,49.65304548959136
FR,2017-07-06,227,2309,1385.255954958856,0.0,1122.0,1122.0,1122.0,227,0,0.0,0.0,0.0,0.0,0.0,0,1130,1044,51.97792088316467,48.02207911683533
FR,2017-07-07,269,2303,1363.6335214937042,3.0912061651652345,882.0,877.2,882.8,269,0,0.0,0.0,0.0,0.0,0.0,0,1093,1155,48.620996441281136,51.379003558718864
FR,2017-07-08,174,2048,1378.1118164062507,4.586937976471886,875.0,874.4,884.0,174,0,0.0,0.0,0.0,0.0,0.0,0,998,964,50.8664627930683,49.133537206931706
FR,2017-07-09,230,2295,1324.3747276688462,9.457801012920498,861.5,849.9,876.1,230,0,0.0,0.0,0.0,0.0,0.0,0,1091,1118,49.38886373924853,50.611136260751465
FR,2017-07-10,284,2564,1358.4871294851787,21.057104787929926,894.0,861.6,915.4,284,0,0.0,0.0,0.0,0.0,0.0,0,1221,1255,49.31340872374798,50.686591276252024
FR,2017-07-11,223,2997,1356.8271604938282,11.136756428601641,939.5,928.0,956.5,223,0,0.0,0.0,0.0,0.0,0.0,0,1323,1618,44.98469908194492,55.01530091805509
FR,2017-07-12,267,2639,1334.866237211064,12.261314927445587,917.5,903.0,935.0,267,0,0.0,0.0,0.0,0.0,0.0,0,1375,1148,54.49861276258422,45.50138723741578
FR,2017-07-13,225,2386,1356.261944677284,4.0,913.0,909.8,916.2,225,0,0.0,0.0,0.0,0.0,0.0,0,1113,1183,48.47560975609756,51.52439024390244
FR,2017-07-14,213,2273,1398.7307523097222,9.630680142129112,1180.0,1169.0,1189.6,213,0,0.0,0.0,0.0,0.0,0.0,0,1193,1036,53.52175863615971,46.47824136384029
FR,2017-07-15,213,2541,1484.7005116096022,8.556998435328957,935.5,923.5,944.0,213,0,0.0,0.0,0.0,0.0,0.0,0,1315,1095,54.56431535269709,45.43568464730291
FR,2017-07-16,203,2229,1323.2274562584118,3.0,944.0,941.6,946.4,203,0,0.0,0.0,0.0,0.0,0.0,0,1116,964,53.65384615384615,46.34615384615385
FR,2017-07-17,226,2530,1320.234387351779,8.94427190999916,919.0,909.4,928.6,226,0,0.0,0.0,0.0,0.0,0.0,0,1411,1058,57.148643175374644,42.851356824625356
FR,2017-07-18,216,2651,1321.466993587326,6.161168720299745,909.5,901.8,916.5,216,0,0.0,0.0,0.0,0.0,0.0,0,1345,1158,53.73551737914502,46.26448262085498
FR,2017-07-19,219,2334,1337.0287060839762,5.673402858955108,936.5,930.4,941.9,219,0,0.0,0.0,0.0,0.0,0.0,0,1140,1120,50.442477876106196,49.557522123893804
FR,2017-07-20,256,2739,1356.966411098942,0.5,947.5,947.1,947.9,256,0,0.0,0.0,0.0,0.0,0.0,0,1293,1274,50.37008180755747,49.62991819244254
FR,2017-07-21,227,2486,1331.5768302493962,0.0,1189.0,1189.0,1189.0,227,6,67.23,0.0,0.0,0.0,0.0,6,1196,1222,49.46236559139785,50.53763440860215
FR,2017-07-22,229,1918,1312.3826903023996,1.0,940.0,939.2,940.8,229,0,0.0,0.0,0.0,0.0,0.0,0,1025,829,55.285868392664504,44.71413160733549
FR,2017-07-23,229,2994,1405.3994655978631,411.2089613777348,1982.0,1196.0,2000.0,229,0,0.0,0.0,0.0,0.0,0.0,0,1531,1361,52.93914246196404,47.06085753803596
FR,2017-07-24,245,2527,1525.7411950929957,278.1159330606972,1965.5,1593.0,1973.0,245,5,61.83,0.0,0.0,0.0,0.0,5,1206,1178,50.58724832214765,49.41275167785235
FR,2017-07-25,244,3081,1379.4076598506954,3.5,1218.5,1215.7,1221.3,244,0,0.0,0.0,0.0,0.0,0.0,0,1634,1311,55.483870967741936,44.516129032258064
FR,2017-07-26,252,2916,1325.2455418381348,0.0,949.0,949.0,949.0,252,0,0.0,0.0,0.0,0.0,0.0,0,1489,1343,52.577683615819204,47.42231638418079
FR,2017-07-27,253,3077,1332.886577835554,4.0,952.0,948.8,955.2,253,0,0.0,0.0,0.0,0.0,0.0,0,1381,1555,47.036784741144416,52.96321525885559
FR,2017-07-28,212,2745,1410.9202185792337,4.5,934.5,930.9,938.1,212,0,0.0,0.0,0.0,0.0,0.0,0,1318,1306,50.22865853658537,49.771341463414636
FR,2017-07-29,219,2214,1365.372628726287,5.0,925.0,921.0,929.0,219,0,0.0,0.0,0.0,0.0,0.0,0,1062,1049,50.30791094268119,49.6920890573188
FR,2017-07-30,227,2633,1292.2206608431454,7.866949147470631,935.0,926.0,943.0,227,0,0.0,0.0,0.0,0.0,0.0,0,1355,1169,53.68462757527733,46.31537242472266
FR,2017-07-31,283,2776,1328.7831412103767,10.613199329137279,906.0,894.8,918.8,283,0,0.0,0.0,0.0,0.0,0.0,0,1326,1355,49.45915703095859,50.5408429690414
FR,2017-08-01,289,3614,1302.5863309352524,5.71314274283428,882.0,875.6,886.8,289,0,0.0,0.0,0.0,0.0,0.0,0,1769,1724,50.644145433724596,49.35585456627541
FR,2017-08-02,243,3393,1285.2640730916603,121.79319904384371,874.5,869.5,1122.5,243,0,0.0,0.0,0.0,0.0,0.0,0,1610,1661,49.22042188933048,50.77957811066952
FR,2017-08-03,240,2564,1339.410296411853,0.0,868.0,868.0,868.0,240,0,0.0,0.0,0.0,0.0,0.0,0,1202,1213,49.772256728778466,50.227743271221534
FR,2017-08-04,217,2504,1208.3869808306702,0.0,859.0,859.0,859.0,217,0,0.0,0.0,0.0,0.0,0.0,0,1308,1108,54.13907284768212,45.860927152317885
FR,2017-08-05,237,1894,1229.5110876451963,403.5,1603.5,1280.7,1926.3,237,6,88.01,0.0,88.01,88.01,88.01,6,904,907,49.91717283268912,50.082827167310874
FR,2017-08-06,234,2212,1339.220162748643,248.0793443862489,2000.0,1756.0000000000002,2025.6,234,15,14.689999999999998,0.0,0.0,0.0,0.0,15,1095,1047,51.120448179271705,48.87955182072829
FR,2017-08-07,205,3028,1410.809114927345,134.89406274282535,2007.0,1848.6,2015.2,205,0,0.0,0.0,0.0,0.0,0.0,0,1574,1316,54.463667820069205,45.536332179930795
FR,2017-08-08,279,2522,1438.9155432196667,4.0,1221.0,1217.8,1224.2,279,0,0.0,0.0,0.0,0.0,0.0,0,1146,1262,47.59136212624585,52.40863787375415
FR,2017-08-09,300,2897,1389.3952364515033,0.0,858.0,858.0,858.0,300,0,0.0,0.0,0.0,0.0,0.0,0,1424,1288,52.50737463126843,47.49262536873156
FR,2017-08-10,262,2673,1407.7702955480731,0.0,1202.0,1202.0,1202.0,262,0,0.0,0.0,0.0,0.0,0.0,0,1351,1192,53.126228863546984,46.87377113645301
FR,2017-08-11,239,2255,1395.2305986696226,385.6414915436356,2004.0,1217.4,2012.2,239,0,0.0,0.0,0.0,0.0,0.0,0,1114,1044,51.62187210379982,48.37812789620018
FR,2017-08-12,280,2274,1382.344327176782,5.345224838248488,1026.0,1022.6,1034.0,280,0,0.0,0.0,0.0,0.0,0.0,0,1115,1047,51.57261794634598,48.42738205365402
FR,2017-08-13,251,2361,1341.3210504023714,0.0,850.0,850.0,850.0,251,0,0.0,0.0,0.0,0.0,0.0,0,1170,1058,52.51346499102334,47.48653500897666
FR,2017-08-14,253,2090,1357.3602870813393,4.0,1207.0,1203.8,1210.2,253,0,0.0,0.0,0.0,0.0,0.0,0,887,1147,43.6086529006883,56.39134709931171
FR,2017-08-15,228,2072,1297.5690154440165,3.832427429188973,955.0,950.6,958.7,228,0,0.0,0.0,0.0,0.0,0.0,0,936,1061,46.87030545818728,53.129694541812725
FR,2017-08-16,242,1991,1262.3681567051722,5.122499389946279,860.0,854.4,864.8,242,0,0.0,0.0,0.0,0.0,0.0,0,972,957,50.38880248833593,49.61119751166407
FR,2017-08-17,217,1769,1315.1701526286038,0.0,1220.0,1220.0,1220.0,217,0,0.0,0.0,0.0,0.0,0.0,0,799,909,46.77985948477752,53.22014051522248
FR,2017-08-18,200,1563,1375.4638515674962,6.128258770283411,859.0,852.6,864.6,200,0,0.0,0.0,0.0,0.0,0.0,0,774,734,51.326259946949605,48.673740053050395
FR,2017-08-19,205,2205,1438.7628117913835,5.656854249492381,856.0,850.4,861.6,205,0,0.0,0.0,0.0,0.0,0.0,0,1044,987,51.40324963072378,48.59675036927622
FR,2017-08-20,196,1970,1391.2416243654825,15.208608586847415,893.0,861.0,902.6,196,0,0.0,0.0,0.0,0.0,0.0,0,973,839,53.69757174392936,46.30242825607064
FR,2017-08-21,213,2171,1344.4444956241364,5.670978751503131,894.0,889.8,902.0,213,0,0.0,0.0,0.0,0.0,0.0,0,1050,986,51.57170923379175,48.42829076620826
FR,2017-08-22,238,2542,1352.2899291896156,4.0,882.0,878.8,885.2,238,0,0.0,0.0,0.0,0.0,0.0,0,1236,1208,50.57283142389526,49.42716857610475
FR,2017-08-23,246,2647,1375.136003022288,4.2233558568841385,873.0,865.4,875.0,246,0,0.0,0.0,0.0,0.0,0.0,0,1407,1125,55.56872037914692,44.43127962085308
FR,2017-08-24,209,2095,1397.575656324581,6.041522986797286,884.5,879.1,891.3,209,0,0.0,0.0,0.0,0.0,0.0,0,1134,882,56.25,43.75
FR,2017-08-25,248,2162,1392.8163737280308,5.436502143433364,886.0,877.5,889.5,248,0,0.0,0.0,0.0,0.0,0.0,0,1066,1026,50.956022944550675,49.043977055449325
FR,2017-08-26,191,1814,1367.0909592061741,15.128025081190964,914.0,892.0,928.4,191,0,0.0,0.0,0.0,0.0,0.0,0,924,798,53.65853658536586,46.34146341463415
FR,2017-08-27,221,1951,1413.8093285494608,8.695401083331348,958.0,942.5,965.1,221,0,0.0,0.0,0.0,0.0,0.0,0,940,894,51.25408942202835,48.74591057797165
FR,2017-08-28,250,2798,1430.858112937814,9.822921964383477,987.0,975.8,998.4,250,0,0.0,0.0,0.0,0.0,0.0,0,1377,1298,51.47663551401869,48.523364485981304
FR,2017-08-29,251,2968,1442.428234501348,7.673071944003342,1009.0,1000.0,1017.0,251,0,0.0,0.0,0.0,0.0,0.0,0,1424,1369,50.98460436806301,49.01539563193699
FR,2017-08-30,257,2525,1472.1639603960382,5.656854249492381,1010.0,1004.4,1015.6,257,0,0.0,0.0,0.0,0.0,0.0,0,1314,1078,54.93311036789298,45.06688963210702
FR,2017-08-31,253,3456,1507.8833912037053,4.5,1006.5,1002.0,1011.0,253,0,0.0,0.0,0.0,0.0,0.0,0,1746,1554,52.90909090909091,47.090909090909086
FR,2017-09-01,253,2593,1485.9926725800215,4.031128874149275,996.5,992.3,1000.7,253,0,0.0,0.0,0.0,0.0,0.0,0,1282,1187,51.92385581206966,48.07614418793034
FR,2017-09-02,225,2357,1478.3050487908365,9.192388155425116,962.5,952.0,971.6,225,0,0.0,0.0,0.0,0.0,0.0,0,1121,1033,52.042711234911785,47.95728876508821
FR,2017-09-03,251,2938,1413.5326752893127,15.247950681976906,1983.0,1973.5,2011.0,251,0,0.0,0.0,0.0,0.0,0.0,0,1435,1361,51.32331902718169,48.67668097281831
FR,2017-09-04,275,2431,1391.0156314273968,7.08801805866774,2035.0,2026.6,2042.6,275,1,57.44,0.0,0.0,0.0,0.0,1,1245,1062,53.966189856957094,46.03381014304291
FR,2017-09-05,295,2982,1430.1941649899397,5.678908345800274,987.0,980.7,991.9,295,0,0.0,0.0,0.0,0.0,0.0,0,1525,1368,52.713446249567916,47.28655375043208
FR,2017-09-06,280,2985,1452.39028475712,8.893115314668982,2075.0,2062.6,2082.5,280,4,92.5,0.0,92.5,92.5,92.5,4,1573,1308,54.599097535577926,45.400902464422074
FR,2017-09-07,279,2372,1573.1361720067446,3.858612300930076,2064.0,2058.4,2065.6,279,0,0.0,0.0,0.0,0.0,0.0,0,1290,957,57.409879839786385,42.590120160213615
FR,2017-09-08,274,2079,1482.479557479557,4.290473547908916,2052.0,2047.2,2056.8,274,0,0.0,0.0,0.0,0.0,0.0,0,1210,789,60.530265132566285,39.469734867433715
FR,2017-09-09,245,1735,1430.650720461095,12.256517540566822,1018.5,1000.0,1027.5,245,0,0.0,0.0,0.0,0.0,0.0,0,957,671,58.78378378378378,41.21621621621622
FR,2017-09-10,259,1511,1412.0330906684298,3.5,2036.5,2033.7,2039.3,259,0,0.0,0.0,0.0,0.0,0.0,0,701,757,48.079561042524006,51.92043895747599
FR,2017-09-11,265,2207,1417.173991844131,9.646185198765828,1009.0,1001.0,1020.6,265,25,24.6948,0.0,0.0,0.0,0.0,9,953,1141,45.510983763132764,54.489016236867236
FR,2017-09-12,239,1930,1452.772020725389,7.709571972554637,986.0,975.6,993.6,239,0,0.0,0.0,0.0,0.0,0.0,0,950,889,51.65851005981512,48.341489940184886
FR,2017-09-13,216,2498,1379.3242594075273,4.0,974.0,970.8,977.2,216,6,51.92000000000001,0.0,0.0,0.0,0.0,6,1112,1325,45.62987279441937,54.37012720558063
FR,2017-09-14,225,2650,1520.9626415094344,2.5,2040.5,2038.5,2042.5,225,0,0.0,0.0,0.0,0.0,0.0,0,1395,1204,53.67449018853405,46.32550981146595
FR,2017-09-15,215,2432,1678.4962993421057,10.443262344452606,2038.0,2028.6,2050.8,215,21,82.40333333333334,0.0,0.0,0.0,0.0,7,1232,1089,53.08056872037915,46.91943127962085
FR,2017-09-16,238,2024,1503.198616600789,183.97991568375065,1380.5,953.6,1390.5,238,0,0.0,0.0,0.0,0.0,0.0,0,985,946,51.00983946141895,48.990160538581044
FR,2017-09-17,235,1830,1389.6153005464491,6.722164829874376,2054.0,2047.7,2061.0,235,0,0.0,0.0,0.0,0.0,0.0,0,971,774,55.644699140401144,44.355300859598856
FR,2017-09-18,233,2259,1458.5440460380696,10.499757042864548,2046.0,2033.4,2057.2,233,0,0.0,0.0,0.0,0.0,0.0,0,1084,1038,51.083883129123464,48.91611687087653
FR,2017-09-19,211,1896,1504.699894514769,10.452272480183437,2056.5,2041.9,2066.5,211,0,0.0,0.0,0.0,0.0,0.0,0,921,877,51.22358175750834,48.77641824249166
FR,2017-09-20,270,2339,1522.8760153911942,0.0,862.0,862.0,862.0,270,0,0.0,0.0,0.0,0.0,0.0,0,1128,1108,50.44722719141323,49.55277280858677
FR,2017-09-21,233,1621,1451.998149290563,8.484078726457852,1145.0,1137.3,1157.2,233,0,0.0,0.0,0.0,0.0,0.0,0,813,696,53.87673956262425,46.12326043737575
FR,2017-09-22,248,2352,1469.0599489795927,0.0,2065.0,2065.0,2065.0,248,0,0.0,0.0,0.0,0.0,0.0,0,1195,1056,53.08751665926255,46.912483340737445
FR,2017-09-23,194,2155,1442.2375870069604,7.3345453543867025,2059.0,2051.4,2066.0,194,0,0.0,0.0,0.0,0.0,0.0,0,1175,898,56.68113844669561,43.31886155330439
FR,2017-09-24,229,2007,1484.3926258096658,6.944222218666553,2024.0,2017.6,2031.2,229,0,0.0,0.0,0.0,0.0,0.0,0,945,917,50.75187969924813,49.24812030075188
FR,2017-09-25,273,2956,1469.4607577807842,7.973915809270458,985.0,975.5,993.0,273,0,0.0,0.0,0.0,0.0,0.0,0,1546,1287,54.571126014825275,45.428873985174725
FR,2017-09-26,284,2957,1421.9276293540745,7.311261550139309,997.0,988.0,1000.0,284,0,0.0,0.0,0.0,0.0,0.0,0,1375,1474,48.26254826254826,51.737451737451735
FR,2017-09-27,293,2719,1467.9121000367802,4.83045891539648,1005.0,998.0,1012.0,293,0,0.0,0.0,0.0,0.0,0.0,0,1295,1274,50.40871934604905,49.59128065395095
FR,2017-09-28,281,2624,1447.8620426829268,23.305793271201907,1009.5,994.9,1029.9,281,0,0.0,0.0,0.0,0.0,0.0,0,1295,1179,52.344381568310425,47.655618431689575
FR,2017-09-29,270,2061,1414.5550703541987,8.794710840926506,1022.0,1012.1,1036.2,270,0,0.0,0.0,0.0,0.0,0.0,0,948,1049,47.47120681021532,52.52879318978467
FR,2017-09-30,239,2179,1425.156493804496,7.310095758606723,1041.0,1033.7,1051.1,239,0,0.0,0.0,0.0,0.0,0.0,0,1184,925,56.14035087719298,43.859649122807014
FR,2017-10-01,243,2707,1478.1518285925367,23.94057312736407,1103.5,1065.1,1131.3,243,6,75.83,0.0,0.0,0.0,0.0,6,1447,1159,55.52570990023023,44.47429009976977
FR,2017-10-02,264,2934,1430.1782549420577,11.889491158161478,1112.5,1096.2,1126.2,264,0,0.0,0.0,0.0,0.0,0.0,0,1388,1451,48.890454385346956,51.10954561465305
FR,2017-10-03,230,2807,1432.659422871393,21.053947327305202,1043.0,1016.6,1066.6,230,0,0.0,0.0,0.0,0.0,0.0,0,1407,1253,52.89473684210526,47.10526315789474
FR,2017-10-04,265,3309,1463.3632517376855,5.5641710972974225,994.5,986.9,1002.1,265,0,0.0,0.0,0.0,0.0,0.0,0,1668,1468,53.18877551020408,46.81122448979592
FR,2017-10-05,300,2488,1489.3685691318306,5.467073155618908,1005.5,999.5,1012.0,300,0,0.0,0.0,0.0,0.0,0.0,0,1271,1137,52.78239202657807,47.21760797342193
FR,2017-10-06,270,3433,1446.2703175065537,3.5,1009.5,1006.7,1012.3,270,0,0.0,0.0,0.0,0.0,0.0,0,1620,1708,48.67788461538461,51.32211538461539
FR,2017-10-07,232,2304,1385.103298611112,10.507251959956038,991.0,978.5,1003.5,232,0,0.0,0.0,0.0,0.0,0.0,0,1124,1101,50.51685393258427,49.48314606741573
FR,2017-10-08,235,2732,1353.5852855051244,21.627671461336426,1004.5,992.7,1043.1,235,0,0.0,0.0,0.0,0.0,0.0,0,1390,1271,52.23600150319429,47.76399849680571
FR,2017-10-09,263,2653,1423.2551828119101,6.020797289396148,1048.5,1042.4,1054.6,263,0,0.0,0.0,0.0,0.0,0.0,0,1322,1222,51.965408805031444,48.03459119496855
FR,2017-10-10,276,3160,1404.8189873417737,94.5380532887128,916.0,827.6,1053.4,276,0,0.0,0.0,0.0,0.0,0.0,0,1607,1442,52.7058051820269,47.29419481797311
FR,2017-10-11,245,2380,1450.1617647058815,3.559026084010437,1031.0,1025.4,1031.8,245,1,96.78,0.0,0.0,0.0,0.0,1,1239,1060,53.892996955197916,46.107003044802084
FR,2017-10-12,289,2427,1480.3275648949314,10.410944006286885,1022.5,1009.0,1031.7,289,0,0.0,0.0,0.0,0.0,0.0,0,1102,1224,47.3774720550301,52.62252794496991
FR,2017-10-13,244,2642,1464.2384557153664,3.858612300930075,1015.0,1013.4,1020.6,244,0,0.0,0.0,0.0,0.0,0.0,0,1367,1182,53.628874068262064,46.371125931737936
FR,2017-10-14,182,1905,1450.3448818897639,86.08094381969153,845.0,815.4,1006.4,182,0,0.0,0.0,0.0,0.0,0.0,0,933,894,51.06732348111659,48.93267651888342
FR,2017-10-15,234,2715,1404.6961325966859,8.783907148495391,954.0,945.0,971.0,234,0,0.0,0.0,0.0,0.0,0.0,0,1422,1184,54.5663852647736,45.4336147352264
FR,2017-10-16,251,3289,1433.9823654606257,6.5659052011974035,964.0,961.4,973.4,251,0,0.0,0.0,0.0,0.0,0.0,0,1608,1590,50.28142589118198,49.71857410881801
FR,2017-10-17,205,2621,1494.764593666538,18.454711834349755,1009.0,983.8,1033.4,205,0,0.0,0.0,0.0,0.0,0.0,0,1392,1135,55.08508112386229,44.91491887613771
FR,2017-10-18,241,3001,1463.8403865378223,8.31030832699942,1024.0,1016.0,1034.6,241,0,0.0,0.0,0.0,0.0,0.0,0,1439,1410,50.50895050895051,49.491049491049495
FR,2017-10-19,249,2625,1398.5001904761905,0.0,1049.0,1049.0,1049.0,249,0,0.0,0.0,0.0,0.0,0.0,0,1306,1237,51.35666535587888,48.64333464412112
FR,2017-10-20,247,2942,1493.7464309993195,104.67610758907689,1058.0,827.9,1075.0,247,0,0.0,0.0,0.0,0.0,0.0,0,1388,1436,49.15014164305949,50.849858356940516
FR,2017-10-21,223,3197,1394.2668126368478,11.180141124134149,1094.0,1078.4,1107.0,223,0,0.0,0.0,0.0,0.0,0.0,0,1594,1477,51.90491696515793,48.09508303484208
FR,2017-10-22,229,2867,1404.625741192886,14.124210892412124,1103.0,1091.0,1124.6,229,0,0.0,0.0,0.0,0.0,0.0,0,1477,1256,54.043175997072815,45.956824002927185
FR,2017-10-23,289,3302,1409.7595396729253,9.486832980505138,1131.0,1119.6,1142.8,289,0,0.0,0.0,0.0,0.0,0.0,0,1569,1598,49.54215345753079,50.45784654246921
FR,2017-10-24,302,3312,1427.5295893719822,6.273754856543249,1124.0,1119.2,1132.8,302,0,0.0,0.0,0.0,0.0,0.0,0,1654,1495,52.52461098761512,47.47538901238488
FR,2017-10-25,269,3404,1377.0032314923603,17.701977290687047,1105.0,1071.8,1119.8,269,0,0.0,0.0,0.0,0.0,0.0,0,1646,1653,49.893907244619584,50.106092755380416
FR,2017-10-26,220,2359,1435.9529461636305,14.810538167680692,1058.0,1037.7,1071.7,220,0,0.0,0.0,0.0,0.0,0.0,0,1152,1109,50.95090667846086,49.04909332153915
FR,2017-10-27,227,2435,1438.3823408624223,4.784233364802441,1035.5,1029.0,1039.5,227,0,0.0,0.0,0.0,0.0,0.0,0,1286,1074,54.49152542372882,45.50847457627118
FR,2017-10-28,219,2219,1414.932401982873,70.62011045021099,1014.0,908.0,1020.8,219,0,0.0,0.0,0.0,0.0,0.0,0,1150,1006,53.33951762523191,46.66048237476809
FR,2017-10-29,203,3518,1416.425810119384,7.0710678118654755,1030.0,1020.0,1035.8,203,0,0.0,0.0,0.0,0.0,0.0,0,1707,1673,50.50295857988165,49.49704142011834
FR,2017-10-30,255,3121,1339.5168215315623,8.239092975639036,1013.5,1005.3,1022.0,255,0,0.0,0.0,0.0,0.0,0.0,0,1468,1540,48.8031914893617,51.196808510638306
FR,2017-10-31,238,2985,1505.8077051926289,89.54110490414791,1036.0,842.2,1072.4,238,1,54.74,0.0,0.0,0.0,0.0,1,1349,1504,47.28356116368735,52.71643883631265
FR,2017-11-01,259,3503,1337.2717670568093,10.434983894999018,1086.0,1073.2,1097.4,259,1,98.16,0.0,0.0,0.0,0.0,1,1743,1600,52.13879748728687,47.86120251271313
FR,2017-11-02,257,2651,1461.873632591476,5.916079783099616,1061.5,1057.6,1069.6,257,0,0.0,0.0,0.0,0.0,0.0,0,1285,1274,50.21492770613521,49.78507229386479
FR,2017-11-03,240,2992,1359.4672459893045,6.868773937294927,1079.0,1070.8,1089.0,240,0,0.0,0.0,0.0,0.0,0.0,0,1432,1422,50.175192711983186,49.82480728801682
FR,2017-11-04,243,2889,1362.9750778816192,6.103277807866851,1052.5,1046.1,1058.9,243,0,0.0,0.0,0.0,0.0,0.0,0,1330,1397,48.77154382104877,51.228456178951234
FR,2017-11-05,263,3591,1289.0373155110005,3.559026084010437,1060.0,1054.4,1060.8,263,6,90.15000000000002,0.0,0.0,0.0,0.0,6,1686,1754,49.01162790697675,50.98837209302326
FR,2017-11-06,289,3530,1350.5974504249307,10.157581926237922,1070.0,1054.0,1080.8,289,0,0.0,0.0,0.0,0.0,0.0,0,1712,1661,50.756003557663796,49.243996442336204
FR,2017-11-07,264,2919,1481.3110654333673,6.053098380168622,1087.0,1079.8,1093.2,264,9,91.89666666666666,0.0,0.0,0.0,0.0,9,1499,1275,54.03749098774333,45.96250901225667
FR,2017-11-08,350,3315,1419.1788838612372,6.438167441127949,1081.5,1073.0,1088.7,350,0,0.0,0.0,0.0,0.0,0.0,0,1656,1559,51.508553654743395,48.49144634525661
FR,2017-11-09,302,3200,1374.857500000001,0.0,1070.0,1070.0,1070.0,302,0,0.0,0.0,0.0,0.0,0.0,0,1544,1489,50.90669304319157,49.09330695680844
FR,2017-11-10,300,2689,1398.9977686872437,11.53167775463461,1075.0,1065.8,1093.6,300,0,0.0,0.0,0.0,0.0,0.0,0,1389,1203,53.58796296296296,46.41203703703704
FR,2017-11-11,266,2866,1356.6919050942092,12.06320162035491,1099.0,1084.0,1115.3,266,0,0.0,0.0,0.0,0.0,0.0,0,1463,1283,53.27749453750911,46.72250546249089
FR,2017-11-12,253,2301,1383.8183398522378,7.814249804043892,1075.0,1062.5,1081.5,253,7,69.08142857142857,0.0,0.0,0.0,0.0,7,1131,1096,50.78581050740907,49.21418949259093
FR,2017-11-13,288,3049,1409.1436536569377,7.298816840606927,1087.0,1079.0,1095.0,288,0,0.0,0.0,0.0,0.0,0.0,0,1368,1481,48.016848016848016,51.983151983151984
FR,2017-11-14,261,2748,1431.876637554586,11.407122730101216,1075.0,1056.4,1083.8,261,0,0.0,0.0,0.0,0.0,0.0,0,1502,1136,56.93707354056103,43.06292645943897
FR,2017-11-15,233,2227,1354.5684777727874,0.0,1058.0,1058.0,1058.0,233,8,67.79,0.0,0.0,0.0,0.0,8,1205,948,55.9684161634928,44.031583836507195
FR,2017-11-16,259,2318,1351.6000862812784,0.0,879.0,879.0,879.0,259,0,0.0,0.0,0.0,0.0,0.0,0,1186,1011,53.9827036868457,46.0172963131543
FR,2017-11-17,244,2358,1383.6484308736233,0.0,889.0,889.0,889.0,244,0,0.0,0.0,0.0,0.0,0.0,0,1275,948,57.3549257759784,42.6450742240216
FR,2017-11-18,273,2662,1377.049962434259,18.669642619920598,1084.5,1053.7,1098.0,273,8,78.59000000000002,0.0,0.0,0.0,0.0,8,1264,1232,50.641025641025635,49.358974358974365
FR,2017-11-19,254,3118,1304.1587556125717,12.251293108300231,1140.0,1119.4,1150.0,254,0,0.0,0.0,0.0,0.0,0.0,0,1531,1457,51.23828647925034,48.761713520749666
FR,2017-11-20,284,3174,1324.6039697542533,10.87114613009218,1125.0,1108.0,1134.0,284,0,0.0,0.0,0.0,0.0,0.0,0,1561,1478,51.36558078315235,48.63441921684765
FR,2017-11-21,283,3036,1335.2167325428177,86.89217456134931,1100.5,1016.4,1107.6,283,0,0.0,0.0,0.0,0.0,0.0,0,1366,1433,48.80314397999285,51.19685602000714
FR,2017-11-22,269,3453,1431.990443092963,15.7721273137139,1071.0,1057.0,1096.3,269,0,0.0,0.0,0.0,0.0,0.0,0,1657,1682,49.62563641808925,50.37436358191075
FR,2017-11-23,297,3060,1396.9810457516326,5.539629951540085,1058.5,1051.4,1066.3,297,0,0.0,0.0,0.0,0.0,0.0,0,1531,1288,54.31003902092941,45.68996097907059
FR,2017-11-24,278,3122,1269.751441383729,13.233899450825376,1084.0,1066.2,1097.0,278,0,0.0,0.0,0.0,0.0,0.0,0,1540,1452,51.470588235294116,48.529411764705884
FR,2017-11-25,257,2985,1284.3661641541028,9.934158243152764,1082.0,1071.9,1096.0,257,0,0.0,0.0,0.0,0.0,0.0,0,1516,1351,52.87757237530519,47.1224276246948
FR,2017-11-26,273,3406,1260.0863182618898,6.899954709996291,1086.0,1079.3,1092.8,273,0,0.0,0.0,0.0,0.0,0.0,0,1470,1741,45.78013080037371,54.21986919962628
FR,2017-11-27,256,2834,1384.3856739590685,13.971653466634361,1045.0,1029.2,1063.4,256,0,0.0,0.0,0.0,0.0,0.0,0,1415,1260,52.89719626168225,47.10280373831775
FR,2017-11-28,264,2521,1467.5271717572373,7.75806032459145,2029.0,2021.8,2038.3,264,14,74.49,0.0,0.0,0.0,0.0,7,1165,1252,48.20024824162184,51.79975175837816
FR,2017-11-29,313,2487,1378.9252110977077,14.863966496194749,1075.5,1057.9,1090.7,313,7,84.22000000000001,0.0,0.0,0.0,0.0,7,1295,1118,53.667633651056775,46.332366348943225
FR,2017-11-30,254,3044,1251.8101182654405,16.87053521524298,1117.0,1092.4,1136.4,254,0,0.0,0.0,0.0,0.0,0.0,0,1450,1373,51.363797378675166,48.636202621324834
FR,2017-12-01,242,2422,1235.875309661436,11.320777358467925,1126.0,1112.2,1137.8,242,0,0.0,0.0,0.0,0.0,0.0,0,1145,1108,50.82112738570794,49.17887261429206
FR,2017-12-02,253,2880,1371.1402777777787,14.062005546862792,1100.5,1077.3,1111.1,253,0,0.0,0.0,0.0,0.0,0.0,0,1400,1225,53.333333333333336,46.666666666666664
FR,2017-12-03,296,2433,1346.87011919441,0.0,2034.0,2034.0,2034.0,296,8,45.0325,0.0,0.0,0.0,0.0,8,1248,1006,55.368234250221825,44.631765749778175
FR,2017-12-04,309,2539,1245.411185506104,4.261455150532504,1134.0,1133.0,1142.0,309,21,69.25904761904764,0.0,0.0,0.0,0.0,21,1319,1104,54.43664878250103,45.56335121749897
FR,2017-12-05,328,2518,1312.4451945988862,6.832825184358224,1125.0,1116.9,1133.3,328,0,0.0,0.0,0.0,0.0,0.0,0,1280,1087,54.07689057879171,45.92310942120828
FR,2017-12-06,330,3293,1305.4211964773767,8.755950357709132,1136.5,1128.5,1149.0,330,0,0.0,0.0,0.0,0.0,0.0,0,1801,1332,57.48483881263964,42.515161187360356
FR,2017-12-07,272,2732,1282.481332357247,27.260032556840425,1152.5,1099.1,1170.8,272,0,0.0,0.0,0.0,0.0,0.0,0,1358,1199,53.10911224090731,46.890887759092685
FR,2017-12-08,276,2767,1262.569569931334,3.858612300930076,1163.0,1157.4,1164.6,276,0,0.0,0.0,0.0,0.0,0.0,0,1407,1193,54.11538461538462,45.88461538461539
FR,2017-12-09,274,3147,1301.669208770257,0.0,1160.0,1160.0,1160.0,274,0,0.0,0.0,0.0,0.0,0.0,0,1453,1541,48.530394121576485,51.46960587842352
FR,2017-12-10,282,3406,1295.8925425719333,0.0,1154.0,1154.0,1154.0,282,0,0.0,0.0,0.0,0.0,0.0,0,1599,1561,50.60126582278481,49.39873417721519
FR,2017-12-11,335,2837,1328.4705675008825,148.99554848849598,1144.0,816.2,1148.4,335,4,38.06,0.0,0.0,0.0,0.0,4,1386,1285,51.89067764882067,48.10932235117934
FR,2017-12-12,290,2454,1466.9873675631602,11.743497018444812,2056.5,2045.0,2071.0,290,0,0.0,0.0,0.0,0.0,0.0,0,1102,1172,48.4608619173263,51.53913808267371
FR,2017-12-13,318,2414,1399.7518641259321,3.39934634239519,1133.0,1128.2,1134.6,318,0,0.0,0.0,0.0,0.0,0.0,0,1239,1044,54.270696452036795,45.729303547963205
FR,2017-12-14,284,2954,1366.521665538254,4.0276819911981905,1142.0,1141.2,1148.4,284,0,0.0,0.0,0.0,0.0,0.0,0,1488,1321,52.97258810964755,47.02741189035244
FR,2017-12-15,312,2576,1333.6564440993798,0.0,1135.0,1135.0,1135.0,312,0,0.0,0.0,0.0,0.0,0.0,0,1184,1203,49.602010892333475,50.39798910766653
FR,2017-12-16,281,2814,1326.2260127931777,3.8586123009300755,1143.0,1137.4,1144.6,281,0,0.0,0.0,0.0,0.0,0.0,0,1366,1324,50.78066914498142,49.21933085501859
FR,2017-12-17,298,3814,1313.0550603041438,4.153311931459037,1147.0,1143.3,1152.1,298,0,0.0,0.0,0.0,0.0,0.0,0,1873,1769,51.4277869302581,48.5722130697419
FR,2017-12-18,325,4144,1398.1665057915081,6.015604707757983,1142.0,1136.4,1148.3,325,0,0.0,0.0,0.0,0.0,0.0,0,2123,1884,52.98228100823559,47.01771899176441
FR,2017-12-19,348,3485,1448.7299856527968,16.703293088490067,1137.5,1113.3,1152.1,348,0,0.0,0.0,0.0,0.0,0.0,0,1813,1524,54.330236739586454,45.669763260413546
FR,2017-12-20,293,2984,1459.6933646112598,3.7712361663282534,1095.0,1095.0,1101.4,293,7,85.10000000000001,0.0,0.0,0.0,0.0,7,1475,1382,51.62758137906896,48.37241862093104
FR,2017-12-21,264,2571,1434.2014780241127,5.388877434122992,1104.0,1098.2,1108.8,264,0,0.0,0.0,0.0,0.0,0.0,0,1254,1171,51.71134020618556,48.28865979381443
FR,2017-12-22,313,2783,1441.3977721882861,5.07991688470939,1096.5,1090.0,1101.0,313,0,0.0,0.0,0.0,0.0,0.0,0,1426,1238,53.52852852852853,46.47147147147147
FR,2017-12-23,284,3047,1347.3665900886122,3.5,1100.5,1097.7,1103.3,284,0,0.0,0.0,0.0,0.0,0.0,0,1567,1373,53.29931972789116,46.70068027210884
FR,2017-12-24,255,2304,1377.1809895833342,0.0,1094.0,1094.0,1094.0,255,0,0.0,0.0,0.0,0.0,0.0,0,1118,1025,52.16985534297714,47.83014465702286
FR,2017-12-25,269,3281,1332.1968911917088,0.0,2020.0,2020.0,2020.0,269,0,0.0,0.0,0.0,0.0,0.0,0,1592,1570,50.347881087919035,49.65211891208096
FR,2017-12-26,313,3336,1338.608213429256,0.0,1084.0,1084.0,1084.0,313,1,37.27,0.0,0.0,0.0,0.0,1,1491,1716,46.49204864359214,53.50795135640786
FR,2017-12-27,356,3889,1310.86886088969,20.337974776095077,1111.0,1075.2,1129.2,356,0,0.0,0.0,0.0,0.0,0.0,0,1882,1800,51.11352525801195,48.88647474198805
FR,2017-12-28,293,3115,1386.0051364365968,9.482798605251253,1165.0,1151.5,1172.7,293,0,0.0,0.0,0.0,0.0,0.0,0,1558,1421,52.299429338704265,47.700570661295735
FR,2017-12-29,312,3955,1491.3183312262954,11.14657318416741,1183.0,1173.0,1201.0,312,0,0.0,0.0,0.0,0.0,0.0,0,1944,1845,51.306413301662715,48.69358669833729
FR,2017-12-30,261,3000,1318.839666666666,12.448293055676348,1222.0,1208.2,1236.4,261,1,74.99,0.0,0.0,0.0,0.0,1,1424,1447,49.599442702890975,50.40055729710902
FR,2017-12-31,247,3499,1334.3769648470995,0.0,1962.0,1962.0,1962.0,247,0,0.0,0.0,0.0,0.0,0.0,0,1912,1468,56.5680473372781,43.4319526627219
FR,2018-01-01,239,3397,1314.695908154254,208.97429767520904,1412.0,973.0,1440.0,239,0,0.0,0.0,0.0,0.0,0.0,0,1636,1628,50.122549019607845,49.877450980392155
FR,2018-01-02,295,4166,1330.533365338454,6.033241251599343,2059.0,2053.4,2063.8,295,0,0.0,0.0,0.0,0.0,0.0,0,2193,1808,54.81129717570607,45.18870282429393
FR,2018-01-03,344,4118,1404.477901894123,9.730750228014282,2042.5,2031.7,2052.6,344,0,0.0,0.0,0.0,0.0,0.0,0,2118,1808,53.948038716250636,46.051961283749364
FR,2018-01-04,317,4552,1436.3912565905114,6.2801273872430325,1226.0,1219.6,1233.0,317,0,0.0,0.0,0.0,0.0,0.0,0,2224,2122,51.17349286700414,48.82650713299586
FR,2018-01-05,344,4869,1394.6890531936747,6.413960468297952,1218.0,1209.5,1223.0,344,0,0.0,0.0,0.0,0.0,0.0,0,2355,2269,50.92993079584775,49.07006920415225
FR,2018-01-06,297,4072,1304.5503438113942,12.82873294167779,1209.0,1197.5,1232.3,297,0,0.0,0.0,0.0,0.0,0.0,0,1926,2000,49.05756495160469,50.94243504839532
FR,2018-01-07,330,3823,1345.8550876275176,7.44983221287567,1251.5,1241.0,1258.4,330,0,0.0,0.0,0.0,0.0,0.0,0,1782,1854,49.00990099009901,50.99009900990099
FR,2018-01-08,337,3751,1372.681951479605,4.0,1243.0,1239.8,1246.2,337,0,0.0,0.0,0.0,0.0,0.0,0,1758,1801,49.395897724079795,50.604102275920205
FR,2018-01-09,343,4295,1345.1096623981382,5.122499389946279,1231.0,1226.4,1236.8,343,8,86.68,0.0,0.0,0.0,0.0,8,2147,1955,52.34032179424671,47.659678205753295
FR,2018-01-10,307,3498,1428.3136077758727,13.571029419545624,1221.0,1206.8,1239.6,307,6,66.13,0.0,0.0,0.0,0.0,6,1799,1534,53.97539753975398,46.02460246024602
FR,2018-01-11,307,3814,1352.2063450445708,13.765536676788159,1202.0,1191.3,1221.8,307,0,0.0,0.0,0.0,0.0,0.0,0,1885,1769,51.587301587301596,48.41269841269841
FR,2018-01-12,307,4852,1204.4771228359418,0.0,1195.0,1195.0,1195.0,307,0,0.0,0.0,0.0,0.0,0.0,0,2105,2612,44.62582149671401,55.37417850328599
FR,2018-01-13,284,3080,1362.9646103896118,7.950471684120383,1200.5,1191.5,1210.5,284,0,0.0,0.0,0.0,0.0,0.0,0,1465,1521,49.06229068988613,50.93770931011387
FR,2018-01-14,294,3228,1315.5966542750928,8.9,1181.5,1172.2,1190.6,294,0,0.0,0.0,0.0,0.0,0.0,0,1609,1472,52.22330412203829,47.7766958779617
FR,2018-01-15,306,3655,1270.8295485636122,6.881814804250402,1167.5,1159.6,1175.6,306,0,0.0,0.0,0.0,0.0,0.0,0,1778,1757,50.2970297029703,49.7029702970297
FR,2018-01-16,307,3384,1359.9370567375886,3.559026084010437,1154.0,1153.2,1159.6,307,4,73.3,0.0,0.0,0.0,0.0,4,1728,1540,52.876376988984084,47.123623011015916
FR,2018-01-17,325,3717,1352.6182405165457,8.29993306532582,2070.0,2060.4,2079.6,325,0,0.0,0.0,0.0,0.0,0.0,0,1730,1825,48.66385372714487,51.33614627285513
FR,2018-01-18,329,2616,1346.4965596330283,3.7712361663282534,1144.0,1137.6,1144.0,329,0,0.0,0.0,0.0,0.0,0.0,0,1324,1144,53.64667747163695,46.353322528363044
FR,2018-01-19,300,2910,1390.0340206185558,8.811923740024081,1155.5,1143.9,1168.2,300,0,0.0,0.0,0.0,0.0,0.0,0,1368,1461,48.35630965005302,51.64369034994698
FR,2018-01-20,310,3560,1363.0283707865176,113.56772472482467,1136.5,849.4,1152.7,310,0,0.0,0.0,0.0,0.0,0.0,0,1693,1731,49.445093457943926,50.554906542056074
FR,2018-01-21,315,3713,1372.7366011311615,3.559026084010437,1177.0,1171.4,1177.8,315,0,0.0,0.0,0.0,0.0,0.0,0,1873,1748,51.72604252968793,48.27395747031207
FR,2018-01-22,341,4139,1372.3684464846592,8.768630958643937,2098.0,2089.0,2106.6,341,0,0.0,0.0,0.0,0.0,0.0,0,2095,1906,52.36190952261934,47.63809047738066
FR,2018-01-23,315,4300,1416.8420930232555,11.738867935544862,1102.0,1086.1,1114.7,315,0,0.0,0.0,0.0,0.0,0.0,0,2113,2058,50.65931431311436,49.340685686885635
FR,2018-01-24,321,3779,1396.699391373379,3.5,2107.5,2104.7,2110.3,321,0,0.0,0.0,0.0,0.0,0.0,0,1891,1751,51.922020867655135,48.077979132344865
FR,2018-01-25,342,3037,1394.5070793546265,4.5,2096.5,2092.9,2100.1,342,0,0.0,0.0,0.0,0.0,0.0,0,1473,1498,49.57926624032312,50.42073375967687
FR,2018-01-26,332,3699,1387.3038659097056,6.118823416311343,1179.0,1172.4,1186.0,332,1,34.5,0.0,0.0,0.0,0.0,1,1890,1667,53.13466404273264,46.86533595726736
FR,2018-01-27,273,2828,1309.9596888260264,14.501582618373073,1083.5,1072.0,1111.2,273,0,0.0,0.0,0.0,0.0,0.0,0,1298,1457,47.114337568058076,52.885662431941924
FR,2018-01-28,314,3184,1304.823178391959,14.253152063666478,1103.5,1088.1,1121.3,314,0,0.0,0.0,0.0,0.0,0.0,0,1503,1557,49.11764705882353,50.882352941176464
FR,2018-01-29,308,3436,1395.1717112921997,10.81277484151236,2086.0,2072.0,2100.0,308,0,0.0,0.0,0.0,0.0,0.0,0,1791,1547,53.654883163571,46.345116836429
FR,2018-01-30,348,4106,1379.066731612274,6.928702650224277,1188.0,1180.6,1195.8,348,0,0.0,0.0,0.0,0.0,0.0,0,1997,1894,51.32356720637369,48.67643279362632
FR,2018-01-31,320,3116,1440.5856867779214,6.684870978560469,1204.0,1196.1,1210.4,320,0,0.0,0.0,0.0,0.0,0.0,0,1393,1541,47.47784594410361,52.52215405589639
FR,2018-02-01,288,2817,1386.219737309195,10.02723563827312,1196.0,1181.0,1207.0,288,8,79.24,0.0,0.0,0.0,0.0,8,1260,1412,47.1556886227545,52.84431137724551
FR,2018-02-02,312,3682,1338.5836501901135,5.3091901453988255,1195.5,1188.8,1200.1,312,0,0.0,0.0,0.0,0.0,0.0,0,1814,1715,51.4026636440918,48.59733635590819
FR,2018-02-03,322,3184,1352.6824748743709,0.0,1209.0,1209.0,1209.0,322,0,0.0,0.0,0.0,0.0,0.0,0,1600,1466,52.18525766470972,47.814742335290276
FR,2018-02-04,320,3417,1374.912788996197,9.714945459921852,1202.0,1188.0,1211.0,320,13,78.8107692307692,0.0,0.0,0.0,0.0,12,1684,1631,50.79939668174962,49.20060331825037
FR,2018-02-05,324,4312,1325.2038497217075,9.177266598624136,1203.5,1195.5,1217.0,324,0,0.0,0.0,0.0,0.0,0.0,0,2234,1928,53.67611725132148,46.32388274867852
FR,2018-02-06,332,3985,1342.9779171894597,4.242640687119285,1212.0,1204.8,1212.0,332,0,0.0,0.0,0.0,0.0,0.0,0,1995,1839,52.03442879499217,47.96557120500783
FR,2018-02-07,368,3964,1409.3183652875878,8.396427811873332,1216.5,1205.6,1224.5,368,0,0.0,0.0,0.0,0.0,0.0,0,1971,1859,51.46214099216711,48.5378590078329
FR,2018-02-08,370,3888,1352.7975823045276,17.162295263111655,1218.0,1205.4,1247.6,370,0,0.0,0.0,0.0,0.0,0.0,0,1936,1792,51.931330472103,48.06866952789699
FR,2018-02-09,362,3901,1387.5695975390927,9.046886417224096,1250.0,1236.2,1257.4,362,0,0.0,0.0,0.0,0.0,0.0,0,1990,1788,52.67337215457915,47.32662784542086
FR,2018-02-10,299,3313,1263.8813763960177,4.716990566028302,2071.5,2067.4,2077.9,299,0,0.0,0.0,0.0,0.0,0.0,0,1645,1534,51.74583202264863,48.25416797735137
FR,2018-02-11,340,3767,1385.1980355720748,6.184245949118103,1242.0,1234.0,1247.2,340,0,0.0,0.0,0.0,0.0,0.0,0,1923,1661,53.65513392857143,46.34486607142857
FR,2018-02-12,340,3798,1338.3646656134815,4.865538961693257,2086.0,2079.0,2090.4,340,12,81.63333333333331,0.0,0.0,0.0,0.0,12,1925,1778,51.98487712665406,48.01512287334593
FR,2018-02-13,388,3970,1339.4680100755677,6.046119049072351,1248.5,1241.5,1255.0,388,0,0.0,0.0,0.0,0.0,0.0,0,2049,1790,53.37327429017974,46.62672570982026
FR,2018-02-14,336,3667,1424.8461958003825,5.413460589637239,1248.0,1241.0,1254.9,336,0,0.0,0.0,0.0,0.0,0.0,0,1862,1653,52.972972972972975,47.02702702702703
FR,2018-02-15,329,3838,1357.245700885878,10.074720839804943,1273.5,1260.9,1284.1,329,0,0.0,0.0,0.0,0.0,0.0,0,1900,1844,50.74786324786324,49.25213675213676
FR,2018-02-16,298,3839,1393.8549101328454,5.354126134736337,1264.0,1258.0,1270.0,298,6,83.05,0.0,0.0,0.0,0.0,5,1988,1722,53.58490566037736,46.41509433962264
FR,2018-02-17,317,3223,1390.775674837108,6.406940680924781,1243.0,1234.4,1250.2,317,0,0.0,0.0,0.0,0.0,0.0,0,1694,1416,54.46945337620579,45.53054662379421
FR,2018-02-18,324,2766,1374.5535068691267,13.883803513446882,1231.5,1212.3,1243.5,324,0,0.0,0.0,0.0,0.0,0.0,0,1392,1256,52.567975830815705,47.43202416918429
FR,2018-02-19,350,3680,1397.955163043479,20.339463164369526,1215.0,1188.2,1243.4,350,0,0.0,0.0,0.0,0.0,0.0,0,1842,1679,52.314683328599834,47.685316671400166
FR,2018-02-20,339,4209,1444.1465906391054,11.287746592677204,1202.0,1191.3,1221.5,339,0,0.0,0.0,0.0,0.0,0.0,0,2221,1779,55.525000000000006,44.474999999999994
FR,2018-02-21,345,3532,1399.6509060022659,11.307028296103665,1187.0,1171.4,1196.6,345,0,0.0,0.0,0.0,0.0,0.0,0,1567,1740,47.38433625642576,52.61566374357424
FR,2018-02-22,304,3171,1387.816146326082,6.697714162309407,1195.0,1191.6,1204.4,304,0,0.0,0.0,0.0,0.0,0.0,0,1501,1546,49.26156875615359,50.73843124384641
FR,2018-02-23,280,3949,1298.5925550772356,7.28285658241325,1186.0,1175.8,1192.0,280,0,0.0,0.0,0.0,0.0,0.0,0,1796,1973,47.65189705492173,52.34810294507827
FR,2018-02-24,286,4003,1332.41768673495,83.21874788772058,649.0,641.4,814.8,286,0,0.0,0.0,0.0,0.0,0.0,0,1945,1934,50.141789120907454,49.85821087909255
FR,2018-02-25,238,4081,1286.532222494487,6.128258770283411,1187.0,1181.4,1193.4,238,0,0.0,0.0,0.0,0.0,0.0,0,2029,1865,52.10580380071905,47.89419619928095
FR,2018-02-26,326,4386,1296.7539899680814,17.388483976471324,1190.5,1166.6,1208.1,326,0,0.0,0.0,0.0,0.0,0.0,0,2102,2132,49.64572508266415,50.35427491733585
FR,2018-02-27,363,4035,1310.9392812887222,5.914354726995557,1162.0,1154.2,1169.4,363,6,87.52999999999999,0.0,0.0,0.0,0.0,6,1947,1870,51.008645533141205,48.99135446685879
FR,2018-02-28,338,4123,1263.1617754062584,4.5,2052.5,2048.9,2056.1,338,0,0.0,0.0,0.0,0.0,0.0,0,2035,1928,51.349987383295485,48.650012616704515
FR,2018-03-01,403,5092,1301.994304791832,5.356071321407137,1168.0,1162.8,1173.9,403,12,86.15249999999999,0.0,0.0,0.0,0.0,12,2526,2373,51.56154317207593,48.438456827924064
FR,2018-03-02,327,3831,1277.2991386061074,5.582114294781145,2044.0,2039.5,2050.6,327,0,0.0,0.0,0.0,0.0,0.0,0,1884,1821,50.850202429149796,49.149797570850204
FR,2018-03-03,344,3918,1267.1636038795295,0.0,2035.0,2035.0,2035.0,344,0,0.0,0.0,0.0,0.0,0.0,0,2015,1746,53.57617654879021,46.423823451209785
FR,2018-03-04,340,4537,1264.6834912938066,0.0,2030.0,2030.0,2030.0,340,0,0.0,0.0,0.0,0.0,0.0,0,2122,2199,49.109002545707014,50.890997454292986
FR,2018-03-05,351,4088,1296.7928082191768,12.835887191776033,2049.0,2033.3,2063.5,351,0,0.0,0.0,0.0,0.0,0.0,0,2214,1737,56.03644646924829,43.96355353075171
FR,2018-03-06,369,4519,1299.9030759017485,0.0,2047.0,2047.0,2047.0,369,0,0.0,0.0,0.0,0.0,0.0,0,2164,2121,50.50175029171528,49.49824970828472
FR,2018-03-07,343,3890,1277.5264781491005,5.402545696243577,1154.5,1148.5,1161.6,343,8,52.94,0.0,0.0,0.0,0.0,8,2185,1577,58.080808080808076,41.91919191919192
FR,2018-03-08,357,3506,1350.0901312036497,5.185449728701348,1154.5,1147.0,1158.5,357,0,0.0,0.0,0.0,0.0,0.0,0,1665,1656,50.135501355013545,49.86449864498645
FR,2018-03-09,340,3483,1279.6281940855588,6.368673331236264,1164.0,1158.2,1172.0,340,0,0.0,0.0,0.0,0.0,0.0,0,1703,1646,50.851000298596595,49.148999701403405
FR,2018-03-10,316,2911,1317.001374098247,2.8284271247461903,2021.0,2021.0,2025.8,316,0,0.0,0.0,0.0,0.0,0.0,0,1337,1426,48.38943177705393,51.61056822294607
FR,2018-03-11,303,3200,1313.1125000000018,5.715476066494082,1156.0,1150.4,1161.6,303,0,0.0,0.0,0.0,0.0,0.0,0,1604,1480,52.01037613488976,47.98962386511025
FR,2018-03-12,365,3360,1312.4940476190482,11.858671897542056,1157.0,1141.0,1170.0,365,0,0.0,0.0,0.0,0.0,0.0,0,1578,1694,48.22738386308069,51.77261613691931
FR,2018-03-13,361,3682,1354.6034763715375,6.531972647421808,1158.0,1151.6,1164.4,361,0,0.0,0.0,0.0,0.0,0.0,0,1819,1705,51.61748013620885,48.382519863791146
FR,2018-03-14,373,3075,1328.7668292682933,5.597618541248888,1165.5,1157.0,1169.5,373,1,66.96,0.0,0.0,0.0,0.0,1,1546,1391,52.63874702076949,47.36125297923051
FR,2018-03-15,365,3018,1289.011928429425,8.407965125464091,1159.0,1149.2,1169.8,365,0,0.0,0.0,0.0,0.0,0.0,0,1517,1393,52.13058419243987,47.86941580756014
FR,2018-03-16,357,4245,1322.1938751472323,4.0,1178.0,1174.8,1181.2,357,0,0.0,0.0,0.0,0.0,0.0,0,2220,1891,54.001459498905376,45.998540501094624
FR,2018-03-17,351,3835,1335.3311603650584,4.0,1171.0,1167.8,1174.2,351,7,77.77999999999999,0.0,0.0,0.0,0.0,7,2037,1656,55.15840779853778,44.84159220146223
FR,2018-03-18,333,3597,1316.5290519877663,4.2196629670573875,1187.5,1182.5,1191.5,333,7,82.81000000000002,0.0,0.0,0.0,0.0,7,1800,1668,51.903114186851205,48.09688581314879
FR,2018-03-19,337,4536,1359.4993386243402,0.0,1199.0,1199.0,1199.0,337,0,0.0,0.0,0.0,0.0,0.0,0,2292,2066,52.5929325378614,47.4070674621386
FR,2018-03-20,386,4115,1317.639368165248,6.568322247184371,1202.0,1193.2,1206.6,386,8,66.94,0.0,0.0,0.0,0.0,8,1957,1942,50.19235701461914,49.807642985380866
FR,2018-03-21,359,3477,1296.2447512223198,7.760297817881877,1221.0,1213.0,1228.2,359,0,0.0,0.0,0.0,0.0,0.0,0,1699,1622,51.15928937067148,48.84071062932851
FR,2018-03-22,350,3793,1265.7276562088095,3.2998316455372216,2031.0,2028.6,2035.0,350,0,0.0,0.0,0.0,0.0,0.0,0,1730,1911,47.514419115627575,52.48558088437243
FR,2018-03-23,361,3755,1275.5115845539285,3.0,1236.0,1233.6,1238.4,361,9,47.7,0.0,0.0,0.0,0.0,9,1788,1806,49.74958263772955,50.25041736227045
FR,2018-03-24,322,3847,1301.5188458539117,0.0,1225.0,1225.0,1225.0,322,0,0.0,0.0,0.0,0.0,0.0,0,1777,1899,48.340587595212185,51.65941240478781
FR,2018-03-25,309,2973,1338.563067608476,557.2918333333084,1466.0,902.4,2021.9,309,0,0.0,0.0,0.0,0.0,0.0,0,1465,1395,51.22377622377622,48.77622377622377
FR,2018-03-26,326,4097,1277.5726141078828,0.0,2007.0,2007.0,2007.0,326,0,0.0,0.0,0.0,0.0,0.0,0,2076,1874,52.55696202531646,47.44303797468354
FR,2018-03-27,321,3583,1376.4638571029852,559.5,1442.5,994.9,1890.1,321,0,0.0,0.0,0.0,0.0,0.0,0,1824,1591,53.411420204978036,46.588579795021964
FR,2018-03-28,340,3020,1420.379139072847,5.9066817155564495,1208.0,1204.0,1217.0,340,0,0.0,0.0,0.0,0.0,0.0,0,1509,1401,51.85567010309279,48.144329896907216
FR,2018-03-29,349,2948,1390.4470827679777,545.1868181336254,2025.0,1102.6,2030.6,349,0,0.0,0.0,0.0,0.0,0.0,0,1386,1417,49.4470210488762,50.5529789511238
FR,2018-03-30,363,3411,1341.2245675754907,3.5,1202.5,1199.7,1205.3,363,0,0.0,0.0,0.0,0.0,0.0,0,1697,1511,52.89900249376559,47.100997506234414
FR,2018-03-31,297,2737,1315.6974789915955,572.0,1460.0,1002.4,1917.6,297,0,0.0,0.0,0.0,0.0,0.0,0,1527,1088,58.393881453154876,41.606118546845124
FR,2018-04-01,313,3205,1388.710452418097,7.386173268720113,2037.0,2025.0,2041.0,313,0,0.0,0.0,0.0,0.0,0.0,0,1517,1510,50.115626032375296,49.88437396762471
FR,2018-04-02,375,4182,1319.252032520327,4.5,1203.5,1199.9,1207.1,375,0,0.0,0.0,0.0,0.0,0.0,0,2074,1850,52.854230377166154,47.145769622833846
FR,2018-04-03,372,3559,1408.9831413318345,4.5,1201.5,1197.9,1205.1,372,0,0.0,0.0,0.0,0.0,0.0,0,1876,1516,55.306603773584904,44.693396226415096
FR,2018-04-04,347,3455,1380.0133140376265,0.0,1198.0,1198.0,1198.0,347,0,0.0,0.0,0.0,0.0,0.0,0,1574,1723,47.74037003336367,52.25962996663633
FR,2018-04-05,367,3641,1354.9206262015946,3.5,1193.5,1190.7,1196.3,367,0,0.0,0.0,0.0,0.0,0.0,0,1792,1763,50.40787623066104,49.59212376933896
FR,2018-04-06,325,2691,1425.7844667409893,6.422616289332565,2000.0,1992.7,2005.9,325,6,58.45000000000001,0.0,0.0,0.0,0.0,6,1333,1228,52.04998047637641,47.95001952362358
FR,2018-04-07,328,3324,1340.5057160048116,9.858372076565177,1990.0,1977.0,1998.8,328,0,0.0,0.0,0.0,0.0,0.0,0,1671,1477,53.08132147395172,46.91867852604828
FR,2018-04-08,337,3660,1322.267759562842,0.0,905.0,905.0,905.0,337,0,0.0,0.0,0.0,0.0,0.0,0,1789,1722,50.95414411848477,49.04585588151524
FR,2018-04-09,309,3749,1371.1859162443316,8.79249444000442,1985.0,1973.2,1995.8,309,0,0.0,0.0,0.0,0.0,0.0,0,1866,1737,51.7901748542881,48.2098251457119
FR,2018-04-10,329,2984,1361.881702412869,7.104380495315706,1961.0,1952.1,1968.0,329,0,0.0,0.0,0.0,0.0,0.0,0,1517,1378,52.4006908462867,47.5993091537133
FR,2018-04-11,382,3579,1417.0768371053346,9.321420969406375,1981.0,1970.4,1991.8,382,0,0.0,0.0,0.0,0.0,0.0,0,1665,1675,49.8502994011976,50.1497005988024
FR,2018-04-12,354,3090,1362.5025889967644,322.9291718008765,1995.0,1878.6,2005.7,354,0,0.0,0.0,0.0,0.0,0.0,0,1482,1490,49.86541049798115,50.13458950201885
FR,2018-04-13,312,2804,1358.344507845935,0.0,935.0,935.0,935.0,312,0,0.0,0.0,0.0,0.0,0.0,0,1259,1395,47.4378296910324,52.562170308967595
FR,2018-04-14,306,2778,1317.3596112311038,3.858612300930076,509.0,503.4,510.6,306,0,0.0,0.0,0.0,0.0,0.0,0,1335,1312,50.43445409897998,49.56554590102002
FR,2018-04-15,337,2843,1307.70242701372,8.5,960.5,953.7,967.3,337,6,100.0,0.0,0.0,0.0,0.0,6,1360,1328,50.595238095238095,49.404761904761905
FR,2018-04-16,338,3815,1323.8138925294888,492.9035571657671,2006.0,965.5,2016.0,338,0,0.0,0.0,0.0,0.0,0.0,0,1802,1830,49.61453744493392,50.38546255506608
FR,2018-04-17,334,3817,1358.48257794079,4.189935029992178,1991.0,1985.4,1993.4,334,0,0.0,0.0,0.0,0.0,0.0,0,2153,1513,58.72885979268958,41.27114020731042
FR,2018-04-18,313,3755,1329.8854860186411,0.0,1189.0,1189.0,1189.0,313,0,0.0,0.0,0.0,0.0,0.0,0,2011,1491,57.42432895488292,42.575671045117076
FR,2018-04-19,332,3375,1369.1277037037034,5.535341001239218,1996.0,1991.4,2003.6,332,0,0.0,0.0,0.0,0.0,0.0,0,1637,1583,50.838509316770185,49.161490683229815
FR,2018-04-20,298,3093,1322.238603297769,7.0,977.0,971.4,982.6,298,0,0.0,0.0,0.0,0.0,0.0,0,1652,1297,56.018989487962024,43.981010512037976
FR,2018-04-21,333,2808,1351.4978632478621,0.0,1182.0,1182.0,1182.0,333,0,0.0,0.0,0.0,0.0,0.0,0,1424,1270,52.85820341499628,47.14179658500372
FR,2018-04-22,308,3511,1257.4616918256904,5.455272678794342,515.0,510.4,522.4,308,0,0.0,0.0,0.0,0.0,0.0,0,1625,1682,49.1381917145449,50.86180828545509
FR,2018-04-23,379,4162,1324.245795290726,0.0,1173.0,1173.0,1173.0,379,0,0.0,0.0,0.0,0.0,0.0,0,2116,1888,52.84715284715284,47.15284715284716
FR,2018-04-24,374,4538,1310.7201410312894,4.5,526.5,522.9,530.1,374,0,0.0,0.0,0.0,0.0,0.0,0,2179,2181,49.977064220183486,50.022935779816514
FR,2018-04-25,321,3407,1316.9923686527732,8.827138117585948,531.0,523.6,542.6,321,0,0.0,0.0,0.0,0.0,0.0,0,1567,1648,48.740279937791605,51.2597200622084
FR,2018-04-26,341,3101,1344.7610448242503,0.0,1182.0,1182.0,1182.0,341,0,0.0,0.0,0.0,0.0,0.0,0,1541,1420,52.04322863897332,47.95677136102668
FR,2018-04-27,350,3802,1343.0936349289848,3.5,1169.5,1166.7,1172.3,350,0,0.0,0.0,0.0,0.0,0.0,0,1902,1743,52.181069958847736,47.818930041152264
FR,2018-04-28,319,3279,1381.580359865811,5.0,978.0,974.0,982.0,319,0,0.0,0.0,0.0,0.0,0.0,0,1436,1686,45.99615631005766,54.00384368994234
FR,2018-04-29,337,3705,1293.2823211875848,0.0,985.0,985.0,985.0,337,0,0.0,0.0,0.0,0.0,0.0,0,1688,1897,47.08507670850767,52.914923291492336
FR,2018-04-30,312,3878,1334.7681794739551,496.7682432482978,1493.5,994.7,1991.6,312,0,0.0,0.0,0.0,0.0,0.0,0,1903,1779,51.68386746333514,48.31613253666486
FR,2018-05-01,370,3579,1434.1690416317426,5.354126134736337,565.0,561.0,571.4,370,33,69.53606060606059,0.0,0.0,0.0,0.0,19,1769,1659,51.6044340723454,48.39556592765461
FR,2018-05-02,370,4224,1396.3974905303032,8.149430847641806,1964.0,1956.0,1972.0,370,0,0.0,0.0,0.0,0.0,0.0,0,2037,1974,50.78534031413613,49.21465968586388
FR,2018-05-03,318,4183,1322.224240975375,6.659892391523054,1951.0,1942.3,1958.9,318,0,0.0,0.0,0.0,0.0,0.0,0,2115,1851,53.32829046898638,46.67170953101362
FR,2018-05-04,337,3660,1334.1948087431704,4.487637339278753,1953.0,1949.5,1960.0,337,0,0.0,0.0,0.0,0.0,0.0,0,1819,1679,52.00114351057748,47.99885648942252
FR,2018-05-05,301,3385,1373.641949778435,0.0,583.0,583.0,583.0,301,0,0.0,0.0,0.0,0.0,0.0,0,1751,1516,53.59657177838996,46.403428221610035
FR,2018-05-06,300,3309,1369.5161680265949,447.85290243809095,1013.0,1005.0,1769.0,300,0,0.0,0.0,0.0,0.0,0.0,0,1525,1592,48.925248636509465,51.074751363490535
FR,2018-05-07,333,2982,1294.7863849765258,15.090672452270915,1982.0,1962.4,1999.2,333,0,0.0,0.0,0.0,0.0,0.0,0,1497,1339,52.78561354019746,47.21438645980254
FR,2018-05-08,323,3392,1303.8440448113222,0.0,1156.0,1156.0,1156.0,323,0,0.0,0.0,0.0,0.0,0.0,0,1681,1601,51.2187690432663,48.7812309567337
FR,2018-05-09,334,3639,1416.7040395713118,0.0,2029.0,2029.0,2029.0,334,1,97.75,0.0,0.0,0.0,0.0,1,1943,1557,55.51428571428572,44.48571428571428
FR,2018-05-10,317,3998,1344.0717858929472,4.5,1153.5,1149.9,1157.1,317,8,81.85000000000001,0.0,0.0,0.0,0.0,8,1882,1963,48.94668400520156,51.053315994798446
FR,2018-05-11,314,2647,1383.680392897621,0.0,586.0,586.0,586.0,314,0,0.0,0.0,0.0,0.0,0.0,0,1357,1189,53.299293008641,46.70070699135899
FR,2018-05-12,350,2748,1370.4283114992731,6.531972647421808,1173.0,1166.6,1179.4,350,0,0.0,0.0,0.0,0.0,0.0,0,1387,1277,52.06456456456456,47.93543543543544
FR,2018-05-13,354,3423,1360.2936021034182,4.0,2032.0,2028.8,2035.2,354,0,0.0,0.0,0.0,0.0,0.0,0,1655,1646,50.13632232656771,49.86367767343229
FR,2018-05-14,379,4149,1433.3306820920711,0.5,2042.5,2042.1,2042.9,379,0,0.0,0.0,0.0,0.0,0.0,0,2172,1771,55.084960689830076,44.915039310169924
FR,2018-05-15,332,3000,1462.7920000000006,486.606871009422,2050.0,1018.0,2056.8,332,0,0.0,0.0,0.0,0.0,0.0,0,1441,1422,50.33181976947259,49.66818023052742
FR,2018-05-16,355,3536,1465.7813914027154,4.5,591.5,587.9,595.1,355,0,0.0,0.0,0.0,0.0,0.0,0,1666,1686,49.70167064439141,50.298329355608594
FR,2018-05-17,325,3436,1426.8408032596053,4.0,1195.0,1191.8,1198.2,325,0,0.0,0.0,0.0,0.0,0.0,0,1593,1657,49.01538461538462,50.98461538461538
FR,2018-05-18,361,3637,1343.8669232884254,0.0,586.0,586.0,586.0,361,0,0.0,0.0,0.0,0.0,0.0,0,1727,1822,48.661594815440964,51.338405184559036
FR,2018-05-19,303,3220,1432.9403726708072,12.698425099200294,930.5,914.9,946.1,303,7,83.54999999999998,0.0,0.0,0.0,0.0,7,1655,1426,53.7163258682246,46.2836741317754
FR,2018-05-20,333,3311,1344.7475083056486,5.0,993.0,989.0,997.0,333,0,0.0,0.0,0.0,0.0,0.0,0,1679,1515,52.56731371321227,47.43268628678773
FR,2018-05-21,362,4321,1380.974080074058,6.855654600401044,943.0,936.2,950.8,362,0,0.0,0.0,0.0,0.0,0.0,0,2047,2073,49.68446601941748,50.31553398058253
FR,2018-05-22,361,3770,1429.670822281166,486.1248684804162,2064.0,992.8,2073.2,361,0,0.0,0.0,0.0,0.0,0.0,0,2037,1597,56.05393505778756,43.94606494221244
FR,2018-05-23,349,3506,1362.8839132915004,443.66907365014777,2051.0,990.4,2060.6,349,0,0.0,0.0,0.0,0.0,0.0,0,1678,1711,49.513130717025675,50.48686928297433
FR,2018-05-24,363,3787,1372.1394243464476,0.0,1207.0,1207.0,1207.0,363,0,0.0,0.0,0.0,0.0,0.0,0,1849,1712,51.923616961527664,48.076383038472336
FR,2018-05-25,304,3995,1382.5329161451823,189.5,1010.5,858.9,1162.1,304,0,0.0,0.0,0.0,0.0,0.0,0,1949,1803,51.9456289978678,48.05437100213219
FR,2018-05-26,347,2845,1274.5205623901572,0.0,604.0,604.0,604.0,347,0,0.0,0.0,0.0,0.0,0.0,0,1357,1336,50.38989974006684,49.61010025993316
FR,2018-05-27,257,2673,1314.9573512906838,0.0,2030.0,2030.0,2030.0,257,0,0.0,0.0,0.0,0.0,0.0,0,1333,1194,52.75029679461812,47.24970320538188
FR,2018-05-28,311,3666,1364.6691216584838,0.0,1192.0,1192.0,1192.0,311,3,77.57,0.0,0.0,0.0,0.0,3,1889,1569,54.626951995373055,45.37304800462695
FR,2018-05-29,336,3588,1368.5596432552943,4.6696419087073,1207.0,1201.5,1212.0,336,0,0.0,0.0,0.0,0.0,0.0,0,1600,1791,47.18372161604247,52.81627838395754
FR,2018-05-30,341,3625,1389.0455172413783,4.0,2034.0,2030.8,2037.2,341,0,0.0,0.0,0.0,0.0,0.0,0,1795,1625,52.48538011695907,47.514619883040936
FR,2018-05-31,348,3324,1384.1916365824309,3.5,1208.5,1205.7,1211.3,348,1,73.13,0.0,0.0,0.0,0.0,1,1500,1672,47.28877679697352,52.71122320302648
FR,2018-06-01,365,3306,1397.6639443436175,3.832427429188973,1222.0,1217.6,1225.7,365,6,10.14,0.0,0.0,0.0,0.0,6,1623,1500,51.96926032660903,48.03073967339097
FR,2018-06-02,239,2439,1376.674866748668,3.0,898.0,895.6,900.4,239,0,0.0,0.0,0.0,0.0,0.0,0,1292,1050,55.16652433817251,44.8334756618275
FR,2018-06-03,292,2548,1345.874411302983,4.06201920231798,1214.5,1209.6,1218.0,292,0,0.0,0.0,0.0,0.0,0.0,0,1302,1150,53.099510603588904,46.900489396411096
FR,2018-06-04,344,2993,1342.2335449381894,3.5,585.5,582.7,588.3,344,1,95.34,0.0,0.0,0.0,0.0,1,1459,1410,50.85395608225862,49.14604391774137
FR,2018-06-05,339,3071,1270.1491370888978,0.0,589.0,589.0,589.0,339,7,47.580000000000005,0.0,0.0,0.0,0.0,7,1626,1309,55.40034071550256,44.59965928449744
FR,2018-06-06,346,3470,1389.7322766570624,3.031088913245535,1218.0,1218.0,1222.9,346,0,0.0,0.0,0.0,0.0,0.0,0,1689,1630,50.88882193431756,49.11117806568244
FR,2018-06-07,332,4152,1300.114402697493,3.5,1212.5,1209.7,1215.3,332,0,0.0,0.0,0.0,0.0,0.0,0,1955,1943,50.15392508978963,49.84607491021036
FR,2018-06-08,319,3843,1371.5107988550596,5.0,588.0,584.0,592.0,319,0,0.0,0.0,0.0,0.0,0.0,0,1830,1779,50.70656691604323,49.29343308395677
FR,2018-06-09,310,3187,1430.8220897395652,9.604165762834374,980.0,967.4,988.6,310,0,0.0,0.0,0.0,0.0,0.0,0,1614,1438,52.88335517693316,47.11664482306684
FR,2018-06-10,272,2451,1394.319869441045,0.0,1207.0,1207.0,1207.0,272,7,75.95000000000002,0.0,0.0,0.0,0.0,7,1201,1127,51.58934707903781,48.4106529209622
FR,2018-06-11,308,4539,1370.6424322537996,4.0,1201.0,1197.8,1204.2,308,0,0.0,0.0,0.0,0.0,0.0,0,2321,2072,52.83405417709993,47.16594582290007
FR,2018-06-12,339,3921,1390.4713083397105,5.670978751503131,1198.0,1193.8,1206.0,339,0,0.0,0.0,0.0,0.0,0.0,0,1887,1879,50.10621348911312,49.89378651088688
FR,2018-06-13,356,4671,1433.2046670948412,503.7231779459825,2005.0,981.2,2013.6,356,0,0.0,0.0,0.0,0.0,0.0,0,2467,2022,54.95656048117621,45.04343951882379
FR,2018-06-14,333,3156,1493.302281368821,8.166241485530538,2016.5,2008.1,2025.6,333,0,0.0,0.0,0.0,0.0,0.0,0,1555,1401,52.60487144790257,47.395128552097425
FR,2018-06-15,346,3869,1353.9198759369344,8.334999833366659,2029.0,2020.0,2038.5,346,0,0.0,0.0,0.0,0.0,0.0,0,1972,1665,54.22051141050316,45.779488589496836
FR,2018-06-16,286,2983,1339.685216225279,5.743487992586705,2013.0,2005.4,2017.4,286,6,95.94,0.0,0.0,0.0,0.0,6,1481,1344,52.42477876106195,47.575221238938056
FR,2018-06-17,297,2557,1335.2025811497845,0.0,1199.0,1199.0,1199.0,297,1,23.33,0.0,0.0,0.0,0.0,1,1291,1192,51.99355618203786,48.00644381796214
FR,2018-06-18,319,3601,1401.734795890029,5.535341001239218,1079.0,1073.6,1086.0,319,2,65.795,0.0,0.0,0.0,0.0,2,1785,1641,52.1015761821366,47.8984238178634
FR,2018-06-19,346,3330,1350.7198198198187,6.057020719792859,1191.0,1184.4,1196.9,346,0,0.0,0.0,0.0,0.0,0.0,0,1688,1519,52.63486124103524,47.36513875896476
FR,2018-06-20,327,3805,1331.2394218134034,3.5,1186.5,1183.7,1189.3,327,0,0.0,0.0,0.0,0.0,0.0,0,1760,1834,48.970506399554814,51.029493600445186
FR,2018-06-21,302,3019,1350.8539251407738,5.89915248150105,1027.0,1018.4,1031.2,302,0,0.0,0.0,0.0,0.0,0.0,0,1484,1420,51.10192837465565,48.89807162534435
FR,2018-06-22,302,3797,1304.8509349486446,4.320493798938574,1176.0,1174.4,1182.4,302,0,0.0,0.0,0.0,0.0,0.0,0,1852,1763,51.23098201936376,48.769017980636235
FR,2018-06-23,285,3563,1334.2163906820088,5.715476066494082,951.0,945.4,956.6,285,0,0.0,0.0,0.0,0.0,0.0,0,1589,1751,47.5748502994012,52.42514970059881
FR,2018-06-24,287,3201,1233.2755388940952,3.299831645537222,2007.0,2007.0,2012.6,287,3,75.56,0.0,0.0,0.0,0.0,3,1475,1627,47.54996776273372,52.45003223726628
FR,2018-06-25,368,3599,1325.2842456237856,12.715738279785407,2034.0,2012.9,2046.2,368,0,0.0,0.0,0.0,0.0,0.0,0,1892,1613,53.98002853067047,46.019971469329526
FR,2018-06-26,351,3930,1239.6539440203576,5.495824017620384,2025.0,2017.8,2030.4,351,0,0.0,0.0,0.0,0.0,0.0,0,1994,1828,52.1716378859236,47.8283621140764
FR,2018-06-27,357,3732,1283.5340300107157,4.261455150532504,2030.0,2022.0,2031.0,357,6,86.42,0.0,0.0,0.0,0.0,6,1865,1731,51.863181312569516,48.13681868743048
FR,2018-06-28,348,4118,1294.2804759592032,6.128258770283411,1189.0,1183.4,1195.4,348,0,0.0,0.0,0.0,0.0,0.0,0,2184,1746,55.57251908396946,44.42748091603053
FR,2018-06-29,366,3343,1332.1489679928216,9.657396446374612,988.0,975.8,998.0,366,1,82.02,0.0,0.0,0.0,0.0,1,1555,1626,48.8839987425338,51.1160012574662
FR,2018-06-30,312,2664,1321.3536036036028,4.0,1196.0,1192.8,1199.2,312,0,0.0,0.0,0.0,0.0,0.0,0,1335,1215,52.352941176470594,47.647058823529406
FR,2018-07-01,291,3251,1256.935096893263,0.0,1090.0,1090.0,1090.0,291,0,0.0,0.0,0.0,0.0,0.0,0,1603,1459,52.3514043109079,47.6485956890921
FR,2018-07-02,338,3093,1254.621726479147,5.539629951540085,1199.5,1192.4,1207.3,338,0,0.0,0.0,0.0,0.0,0.0,0,1552,1393,52.69949066213921,47.30050933786078
FR,2018-07-03,364,3784,1375.3615221987295,5.821022034029863,1096.0,1088.0,1104.0,364,3,71.54333333333334,0.0,0.0,0.0,0.0,1,1839,1783,50.77305356156819,49.22694643843181
FR,2018-07-04,351,4531,1346.3893180313405,24.675030756964475,1149.0,1115.0,1176.0,351,0,0.0,0.0,0.0,0.0,0.0,0,2309,2043,53.05606617647059,46.94393382352941
FR,2018-07-05,320,4424,1379.8736437613022,24.11477744764569,1224.0,1189.6,1249.4,320,0,0.0,0.0,0.0,0.0,0.0,0,2301,1904,54.7205707491082,45.279429250891795
FR,2018-07-06,306,2770,1430.2592057761724,3.858612300930075,1264.0,1262.4,1269.6,306,0,0.0,0.0,0.0,0.0,0.0,0,1262,1358,48.16793893129771,51.832061068702295
FR,2018-07-07,288,2685,1387.7865921787702,8.498365855987974,1057.0,1043.5,1062.5,288,5,90.41,0.0,0.0,0.0,0.0,5,1378,1167,54.145383104125735,45.85461689587426
FR,2018-07-08,324,3370,1303.2694362017808,13.302183914147824,2040.0,2022.0,2054.8,324,0,0.0,0.0,0.0,0.0,0.0,0,1680,1573,51.64463572087305,48.35536427912696
FR,2018-07-09,361,3934,1345.9056939501781,4.0276819911981905,1215.0,1214.2,1221.4,361,0,0.0,0.0,0.0,0.0,0.0,0,1954,1773,52.428226455594306,47.57177354440569
FR,2018-07-10,325,3415,1422.002635431918,8.890444308357148,1230.0,1216.0,1235.2,325,0,0.0,0.0,0.0,0.0,0.0,0,1562,1603,49.3522906793049,50.6477093206951
FR,2018-07-11,301,3465,1372.8822510822504,0.0,989.0,989.0,989.0,301,0,0.0,0.0,0.0,0.0,0.0,0,1699,1589,51.67274939172749,48.32725060827251
FR,2018-07-12,331,3817,1274.9198323290525,0.0,997.0,997.0,997.0,331,0,0.0,0.0,0.0,0.0,0.0,0,1751,1813,49.13019079685746,50.86980920314254
FR,2018-07-13,319,3204,1320.6657303370798,8.907689867497083,2041.0,2031.2,2051.2,319,0,0.0,0.0,0.0,0.0,0.0,0,1680,1410,54.36893203883495,45.63106796116505
FR,2018-07-14,311,2654,1303.7234363225325,139.62330273513325,1025.5,916.5,1214.0,311,5,56.42,0.0,0.0,0.0,0.0,5,1323,1245,51.518691588785046,48.481308411214954
FR,2018-07-15,225,1712,1332.921728971962,318.52659278531,1123.0,942.6,1563.4000000000003,225,0,0.0,0.0,0.0,0.0,0.0,0,814,791,50.716510903426794,49.283489096573206
FR,2018-07-16,306,3134,1320.3034460753026,70.3117173734222,1019.0,988.8,1149.8,306,6,73.49,0.0,0.0,0.0,0.0,6,1453,1535,48.62784471218206,51.37215528781793
FR,2018-07-17,337,3897,1326.4387990762125,399.1498846116425,1024.0,934.2,2007.8,337,0,0.0,0.0,0.0,0.0,0.0,0,1863,1856,50.09411132024738,49.90588867975262
FR,2018-07-18,340,3678,1295.626699293095,534.2852007135614,889.0,854.5,2044.0,340,0,0.0,0.0,0.0,0.0,0.0,0,1790,1769,50.29502669289126,49.70497330710874
FR,2018-07-19,320,2680,1289.0727611940306,373.4691361999862,900.0,874.0,2045.0,320,5,20.02,0.0,0.0,0.0,0.0,5,1325,1206,52.350849466613994,47.64915053338601
FR,2018-07-20,304,3259,1367.6753605400438,19.573717960127265,860.0,847.0,900.6,304,3,82.35,0.0,0.0,0.0,0.0,3,1635,1451,52.98120544394037,47.018794556059625
FR,2018-07-21,275,4234,1268.3901747756272,14.630295812305215,840.0,816.6,854.3,275,8,55.5,0.0,0.0,0.0,0.0,8,2156,1964,52.33009708737863,47.66990291262136
FR,2018-07-22,290,4266,1281.643225503985,0.0,1206.0,1206.0,1206.0,290,0,0.0,0.0,0.0,0.0,0.0,0,2055,2067,49.85443959243086,50.14556040756914
FR,2018-07-23,299,3554,1247.0410804727076,22.395810333619984,825.0,797.0,856.1,299,8,98.51,0.0,0.0,0.0,0.0,8,1717,1648,51.02526002971768,48.974739970282315
FR,2018-07-24,304,3726,1258.3467525496517,16.281507915423557,847.5,825.8,871.1,304,10,90.29999999999998,0.0,0.0,0.0,0.0,10,1698,1918,46.957964601769916,53.04203539823009
FR,2018-07-25,293,2885,1250.9119584055447,15.839667349044772,817.0,791.0,831.5,293,0,0.0,0.0,0.0,0.0,0.0,0,1356,1440,48.497854077253216,51.50214592274678
FR,2018-07-26,295,3137,1277.0911699075564,16.520916958450908,808.0,788.0,830.8,295,0,0.0,0.0,0.0,0.0,0.0,0,1547,1444,51.72183216315614,48.27816783684386
FR,2018-07-27,317,2559,1290.2016412661185,10.58752394402516,826.5,810.7,838.6,317,0,0.0,0.0,0.0,0.0,0.0,0,1177,1274,48.021215830273356,51.978784169726644
FR,2018-07-28,336,3762,1300.8027644869735,498.05140915782806,828.0,781.0,2052.8,336,0,0.0,0.0,0.0,0.0,0.0,0,1734,1805,48.99689177733823,51.003108222661766
FR,2018-07-29,260,2864,1332.986033519554,341.1781109645819,884.0,857.0,905.0,260,0,0.0,0.0,0.0,0.0,0.0,0,1406,1350,51.01596516690856,48.98403483309144
FR,2018-07-30,366,3506,1301.2042213348543,13.89462637470856,878.0,860.0,895.4,366,0,0.0,0.0,0.0,0.0,0.0,0,1699,1669,50.44536817102138,49.55463182897862
FR,2018-07-31,297,2771,1345.746300974378,12.525348447907412,878.0,861.0,896.0,297,0,0.0,0.0,0.0,0.0,0.0,0,1337,1330,50.13123359580053,49.86876640419948
FR,2018-08-01,311,2619,1319.5021000381832,30.121858987932484,837.5,787.3,864.7,311,10,44.885000000000005,0.0,0.0,0.0,0.0,5,1148,1347,46.012024048096194,53.98797595190381
FR,2018-08-02,249,2787,1254.081449587371,32.40968781655338,786.0,765.0,803.0,249,0,0.0,0.0,0.0,0.0,0.0,0,1327,1295,50.610221205186875,49.389778794813125
FR,2018-08-03,289,2971,1249.0932346011448,18.1653662230142,802.0,776.6,815.8,289,0,0.0,0.0,0.0,0.0,0.0,0,1425,1376,50.874687611567296,49.125312388432704
FR,2018-08-04,276,3954,1223.0794132524022,28.5704439984798,850.0,830.0,868.0,276,5,60.57000000000001,0.0,0.0,0.0,0.0,5,1804,1970,47.80074191838898,52.19925808161102
FR,2018-08-05,302,3392,1206.7712264150937,592.3666570630052,913.5,878.2,2093.1,302,0,0.0,0.0,0.0,0.0,0.0,0,1669,1567,51.57601977750309,48.42398022249691
FR,2018-08-06,347,3726,1293.388620504561,13.221195104830729,929.5,915.2,944.7,347,0,0.0,0.0,0.0,0.0,0.0,0,1664,1905,46.62370411880079,53.37629588119922
FR,2018-08-07,343,4059,1356.7427937915736,0.0,1199.0,1199.0,1199.0,343,7,90.49,0.0,0.0,0.0,0.0,7,2015,1846,52.18855218855219,47.81144781144781
FR,2018-08-08,338,4161,1220.8707041576547,120.32741790631094,1154.5,1036.9,1295.2,338,0,0.0,0.0,0.0,0.0,0.0,0,1977,2018,49.486858573216516,50.513141426783484
FR,2018-08-09,331,4709,1242.959014652793,8.842369591913696,906.5,896.7,915.6,331,0,0.0,0.0,0.0,0.0,0.0,0,2279,2262,50.187183439770976,49.812816560229024
FR,2018-08-10,341,3690,1310.8967479674782,10.36463243614226,903.0,888.0,912.0,341,0,0.0,0.0,0.0,0.0,0.0,0,1763,1766,49.95749504108813,50.04250495891187
FR,2018-08-11,341,3756,1302.5383386581482,10.871906323522015,934.0,917.0,941.0,341,0,0.0,0.0,0.0,0.0,0.0,0,1913,1634,53.93290104313504,46.06709895686495
FR,2018-08-12,334,3798,1236.2122169562929,14.456063702743489,926.0,909.0,945.6,334,0,0.0,0.0,0.0,0.0,0.0,0,1945,1716,53.12756077574433,46.87243922425567
FR,2018-08-13,305,3638,1285.277075316107,12.15732098427689,891.0,878.0,910.0,305,0,0.0,0.0,0.0,0.0,0.0,0,1785,1716,50.98543273350471,49.014567266495284
FR,2018-08-14,359,4113,1289.658886457573,11.241828064191877,884.0,869.2,896.8,359,0,0.0,0.0,0.0,0.0,0.0,0,1965,2003,49.52116935483871,50.47883064516129
FR,2018-08-15,327,3479,1324.6352400114963,29.0530001472877,824.0,797.2,853.2,327,0,0.0,0.0,0.0,0.0,0.0,0,1689,1677,50.17825311942959,49.82174688057041
FR,2018-08-16,346,4062,1251.8599212210725,0.0,1068.0,1068.0,1068.0,346,0,0.0,0.0,0.0,0.0,0.0,0,2062,1836,52.89892252437147,47.10107747562853
FR,2018-08-17,360,3983,1223.3457193070549,5.7638721552635275,1191.5,1186.5,1199.0,360,0,0.0,0.0,0.0,0.0,0.0,0,2005,1822,52.39090671544291,47.6090932845571
FR,2018-08-18,332,3284,1264.4680267965898,5.844655678480984,1197.0,1189.4,1202.2,332,0,0.0,0.0,0.0,0.0,0.0,0,1463,1641,47.13273195876289,52.86726804123711
FR,2018-08-19,348,3829,1243.2110211543488,4.322904116447646,1194.5,1189.6,1198.7,348,0,0.0,0.0,0.0,0.0,0.0,0,1891,1807,51.135749053542455,48.864250946457545
FR,2018-08-20,390,4769,1299.5099601593624,13.045210415815433,858.0,845.0,877.6,390,0,0.0,0.0,0.0,0.0,0.0,0,2413,2187,52.45652173913044,47.54347826086956
FR,2018-08-21,414,4403,1282.2239382239368,4.0,1186.0,1182.8,1189.2,414,0,0.0,0.0,0.0,0.0,0.0,0,2083,2180,48.8623035421065,51.1376964578935
FR,2018-08-22,396,4410,1296.9653061224471,552.2674210451185,2052.0,855.4,2068.6,396,0,0.0,0.0,0.0,0.0,0.0,0,2118,2114,50.04725897920604,49.95274102079395
FR,2018-08-23,374,4184,1271.2002868068842,0.0,1198.0,1198.0,1198.0,374,0,0.0,0.0,0.0,0.0,0.0,0,2007,1986,50.26296018031555,49.73703981968445
FR,2018-08-24,363,3506,1317.884768967484,17.358599818370173,883.0,866.0,910.1,363,0,0.0,0.0,0.0,0.0,0.0,0,1740,1606,52.00239091452481,47.9976090854752
FR,2018-08-25,319,3434,1240.085323238205,3.5,1188.5,1185.7,1191.3,319,6,92.02,0.0,0.0,0.0,0.0,6,1669,1577,51.41712877387554,48.58287122612446
FR,2018-08-26,387,4660,1204.5987124463504,6.433331570970116,1169.0,1161.0,1178.0,387,0,0.0,0.0,0.0,0.0,0.0,0,2178,2229,49.4213750850919,50.5786249149081
FR,2018-08-27,409,4798,1249.271988328472,6.5508457657705215,1170.0,1166.6,1178.6,409,0,0.0,0.0,0.0,0.0,0.0,0,2301,2283,50.19633507853403,49.803664921465966
FR,2018-08-28,390,4747,1221.9355382346744,8.123076695439973,1161.0,1150.6,1169.6,390,0,0.0,0.0,0.0,0.0,0.0,0,2349,2155,52.15364120781527,47.84635879218472
FR,2018-08-29,409,4384,1304.7333485401452,130.84011541751687,1168.0,1158.6,1257.2,409,0,0.0,0.0,0.0,0.0,0.0,0,2272,1913,54.28912783751494,45.71087216248507
FR,2018-08-30,422,4077,1314.536914397841,96.49985607358293,1179.0,980.0,1188.0,422,0,0.0,0.0,0.0,0.0,0.0,0,2022,1899,51.56847742922723,48.43152257077276
FR,2018-08-31,433,3938,1241.6622651091907,99.69175633417106,1007.0,966.0,1191.0,433,6,86.83,0.0,0.0,0.0,0.0,6,1937,1891,50.60083594566353,49.39916405433647
FR,2018-09-01,428,4528,1259.2665636042418,45.0,1815.0,1779.0,1851.0,428,0,0.0,0.0,0.0,0.0,0.0,0,2195,2156,50.44817283383131,49.5518271661687
FR,2018-09-02,355,3654,1309.5114942528744,4.5,1211.5,1207.9,1215.1,355,0,0.0,0.0,0.0,0.0,0.0,0,1881,1667,53.01578354002254,46.98421645997745
FR,2018-09-03,417,4861,1363.502777206335,3.570714214271425,1227.5,1223.7,1231.3,417,0,0.0,0.0,0.0,0.0,0.0,0,2254,2307,49.4189870642403,50.58101293575971
FR,2018-09-04,398,4103,1374.805508164757,4.031128874149275,1241.5,1237.3,1245.7,398,0,0.0,0.0,0.0,0.0,0.0,0,2009,1838,52.22251104756953,47.77748895243047
FR,2018-09-05,417,3663,1367.5184275184267,0.0,1253.0,1253.0,1253.0,417,0,0.0,0.0,0.0,0.0,0.0,0,1746,1715,50.44784744293557,49.55215255706443
FR,2018-09-06,415,4199,1389.1805191712344,527.8395431694497,2037.0,959.4,2054.9,415,0,0.0,0.0,0.0,0.0,0.0,0,2055,1864,52.436846134217916,47.563153865782084
FR,2018-09-07,449,4600,1291.19695652174,500.643300450245,940.0,928.8,2042.8,449,21,79.29142857142858,0.0,0.0,0.0,0.0,15,2312,2053,52.9667812142039,47.0332187857961
FR,2018-09-08,365,4387,1315.0816047412814,25.083859352181037,890.0,855.0,910.0,365,0,0.0,0.0,0.0,0.0,0.0,0,2196,2082,51.332398316970554,48.66760168302945
FR,2018-09-09,383,4571,1285.9083351564213,0.0,1246.0,1246.0,1246.0,383,0,0.0,0.0,0.0,0.0,0.0,0,2093,2223,48.493975903614455,51.50602409638554
FR,2018-09-10,442,5690,1354.2936731107216,0.0,1255.0,1255.0,1255.0,442,0,0.0,0.0,0.0,0.0,0.0,0,2820,2573,52.29000556276655,47.70999443723345
FR,2018-09-11,442,4568,1304.542688266199,505.8109079055265,941.0,911.6,2026.2,442,0,0.0,0.0,0.0,0.0,0.0,0,2165,2110,50.64327485380117,49.35672514619883
FR,2018-09-12,433,4007,1320.0529074120284,0.0,1247.0,1247.0,1247.0,433,0,0.0,0.0,0.0,0.0,0.0,0,1940,1871,50.905274206245075,49.09472579375492
FR,2018-09-13,465,4135,1333.6292623941952,3.766629793329841,877.5,873.3,881.0,465,0,0.0,0.0,0.0,0.0,0.0,0,2109,1893,52.69865067466267,47.301349325337334
FR,2018-09-14,387,4402,1342.5533848250784,16.819829567111157,928.0,894.2,937.0,387,6,79.39999999999999,0.0,0.0,0.0,0.0,6,2125,2101,50.28395646000946,49.71604353999054
FR,2018-09-15,392,3476,1300.6524741081705,9.58331884056875,945.5,937.2,956.7,392,8,76.54999999999998,0.0,0.0,0.0,0.0,8,1649,1728,48.830322771690845,51.169677228309155
FR,2018-09-16,407,4604,1240.428974804517,11.712979021197828,988.5,975.8,997.6,407,0,0.0,0.0,0.0,0.0,0.0,0,2217,2215,50.022563176895304,49.977436823104696
FR,2018-09-17,465,4137,1324.4626540971701,0.0,1255.0,1255.0,1255.0,465,0,0.0,0.0,0.0,0.0,0.0,0,2004,1967,50.46587761269201,49.53412238730798
FR,2018-09-18,488,4396,1260.9513193812577,5.927806414592913,976.0,970.5,984.0,488,0,0.0,0.0,0.0,0.0,0.0,0,2030,2124,48.86856042368801,51.13143957631199
FR,2018-09-19,484,4447,1313.4911176073754,5.024937810560445,965.0,959.1,969.5,484,0,0.0,0.0,0.0,0.0,0.0,0,2233,2051,52.12418300653595,47.875816993464056
FR,2018-09-20,500,4472,1356.3486135957069,469.3020231033411,1993.5,962.0,2004.0,500,7,100.0,0.0,0.0,0.0,0.0,7,2249,2015,52.743902439024396,47.256097560975604
FR,2018-09-21,503,5299,1365.953198716738,389.27647352428863,1987.5,948.6,1998.9,503,0,0.0,0.0,0.0,0.0,0.0,0,2703,2373,53.25059101654846,46.74940898345154
FR,2018-09-22,382,4854,1259.7095179233638,11.004637241469004,975.0,961.0,991.0,382,0,0.0,0.0,0.0,0.0,0.0,0,2404,2198,52.23815732290309,47.761842677096915
FR,2018-09-23,452,5884,1322.495751189667,508.418360793389,989.0,968.4,2002.2,452,0,0.0,0.0,0.0,0.0,0.0,0,2923,2698,52.00142323429995,47.99857676570005
FR,2018-09-24,440,4818,1338.6361560813602,9.287087810503357,954.0,941.7,966.3,440,0,0.0,0.0,0.0,0.0,0.0,0,2400,2279,51.29301132720667,48.70698867279334
FR,2018-09-25,438,4620,1347.0424242424237,0.0,1264.0,1264.0,1264.0,438,0,0.0,0.0,0.0,0.0,0.0,0,2392,2029,54.1054060167383,45.89459398326171
FR,2018-09-26,401,4337,1355.0456536776578,8.113983897807387,929.0,919.6,938.8,401,0,0.0,0.0,0.0,0.0,0.0,0,1936,2188,46.9447138700291,53.0552861299709
FR,2018-09-27,420,3565,1319.490603085553,0.0,1264.0,1264.0,1264.0,420,0,0.0,0.0,0.0,0.0,0.0,0,1821,1562,53.82796334614248,46.172036653857525
FR,2018-09-28,423,4527,1305.0826154185995,404.1936674829696,962.0,953.1,1930.5000000000005,423,5,89.52,0.0,0.0,0.0,0.0,5,2176,2124,50.604651162790695,49.395348837209305
FR,2018-09-29,381,4284,1367.873716153128,4.120630029101703,1271.0,1268.6,1278.4,381,0,0.0,0.0,0.0,0.0,0.0,0,2157,1918,52.93251533742331,47.06748466257669
FR,2018-09-30,431,4949,1307.3582541927665,486.8911422227765,2015.0,966.5,2030.5,431,1,68.41,0.0,0.0,0.0,0.0,1,2508,2234,52.88907633909743,47.11092366090257
FR,2018-10-01,437,4865,1341.484069886945,5.715476066494082,1268.0,1262.4,1273.6,437,0,0.0,0.0,0.0,0.0,0.0,0,2327,2340,49.86072423398329,50.13927576601671
FR,2018-10-02,469,4646,1286.51571244081,4.758150901348127,918.0,912.8,922.2,469,0,0.0,0.0,0.0,0.0,0.0,0,2414,2068,53.85988398036591,46.14011601963409
FR,2018-10-03,447,4384,1312.497718978104,7.762087348130012,1179.0,1170.0,1186.5,447,0,0.0,0.0,0.0,0.0,0.0,0,2047,2097,49.39671814671815,50.60328185328186
FR,2018-10-04,420,3772,1264.5320784729588,0.0,1282.0,1282.0,1282.0,420,18,46.07000000000001,0.0,0.0,0.0,0.0,18,1794,1813,49.73662323260327,50.26337676739673
FR,2018-10-05,405,4391,1350.4333864723294,6.128258770283411,1299.0,1293.4,1305.4,405,0,0.0,0.0,0.0,0.0,0.0,0,2238,1967,53.22235434007134,46.77764565992866
FR,2018-10-06,447,5577,1198.4384077461011,14.34290794310773,1286.0,1271.0,1307.0,447,0,0.0,0.0,0.0,0.0,0.0,0,2699,2682,50.15796320386545,49.84203679613455
FR,2018-10-07,416,4694,1328.8887942053675,0.0,1287.0,1287.0,1287.0,416,0,0.0,0.0,0.0,0.0,0.0,0,2309,2190,51.32251611469215,48.67748388530785
FR,2018-10-08,453,5299,1350.527646725798,0.0,1295.0,1295.0,1295.0,453,6,56.4,0.0,0.0,0.0,0.0,6,2697,2364,53.28986366330765,46.71013633669235
FR,2018-10-09,445,4732,1308.552409129331,4.968651728587948,943.5,938.1,948.2,445,0,0.0,0.0,0.0,0.0,0.0,0,2289,2212,50.85536547433903,49.14463452566096
FR,2018-10-10,477,4241,1246.0693232728124,13.379088160259652,1278.0,1266.9,1298.4,477,16,84.51437500000002,0.0,0.0,0.0,0.0,16,2237,1829,55.017215937038856,44.98278406296114
FR,2018-10-11,447,4380,1367.8468036529694,16.935652527452618,1261.0,1241.2,1282.2,447,0,0.0,0.0,0.0,0.0,0.0,0,2184,2006,52.124105011933175,47.875894988066825
FR,2018-10-12,456,4878,1344.332308323085,12.727922061357855,1256.0,1241.6,1270.4,456,1,85.5,0.0,0.0,0.0,0.0,1,2509,2168,53.64549925165705,46.35450074834295
FR,2018-10-13,405,4406,1519.6722650930544,8.073877630977572,1277.5,1266.0,1282.7,405,0,0.0,0.0,0.0,0.0,0.0,0,2305,1925,54.49172576832151,45.508274231678485
FR,2018-10-14,427,4662,1338.2539682539677,4.189935029992178,1251.0,1245.4,1253.4,427,0,0.0,0.0,0.0,0.0,0.0,0,2287,2186,51.12899619941873,48.87100380058126
FR,2018-10-15,451,4434,1344.9003157419927,5.7638721552635275,1259.5,1252.0,1264.5,451,0,0.0,0.0,0.0,0.0,0.0,0,2105,2153,49.43635509628933,50.56364490371066
FR,2018-10-16,503,4798,1342.388495206335,10.858944086174617,1257.0,1241.0,1265.5,503,0,0.0,0.0,0.0,0.0,0.0,0,2538,2119,54.49860425166416,45.50139574833584
FR,2018-10-17,464,5589,1257.9307568437996,4.0,1224.0,1220.8,1227.2,464,10,87.45000000000002,0.0,0.0,0.0,0.0,10,2769,2582,51.74733694636517,48.25266305363483
FR,2018-10-18,414,4762,1314.7776144477111,5.338539126015656,1228.5,1223.8,1234.6,414,0,0.0,0.0,0.0,0.0,0.0,0,2323,2245,50.853765323992995,49.146234676007005
FR,2018-10-19,425,4551,1335.1272247857603,3.0,1232.0,1229.6,1234.4,425,10,64.21000000000001,0.0,0.0,0.0,0.0,10,2306,2089,52.46871444823663,47.53128555176337
FR,2018-10-20,408,4885,1288.6708290685772,3.771236166328253,1143.0,1136.6,1143.0,408,0,0.0,0.0,0.0,0.0,0.0,0,2552,2144,54.34412265758092,45.65587734241908
FR,2018-10-21,389,4163,1265.0170550084088,524.8191950567357,1996.0,945.9,2043.6,389,0,0.0,0.0,0.0,0.0,0.0,0,2058,1885,52.19376109561248,47.80623890438752
FR,2018-10-22,461,5053,1312.3002176924604,0.0,1227.0,1227.0,1227.0,461,2,63.18,0.0,0.0,0.0,0.0,2,2427,2425,50.02061005770816,49.97938994229184
FR,2018-10-23,430,5676,1358.387244538407,3.5,1229.5,1226.7,1232.3,430,0,0.0,0.0,0.0,0.0,0.0,0,3012,2456,55.08412582297001,44.91587417702999
FR,2018-10-24,369,3670,1357.0479564032712,8.613216588476108,1238.0,1228.4,1246.9,369,0,0.0,0.0,0.0,0.0,0.0,0,1828,1672,52.22857142857143,47.77142857142857
FR,2018-10-25,401,4919,1326.3027038015848,0.0,1258.0,1258.0,1258.0,401,0,0.0,0.0,0.0,0.0,0.0,0,2413,2260,51.63706398459234,48.36293601540766
FR,2018-10-26,444,4775,1315.4504712041894,186.4766890406293,1250.0,937.2,1257.2,444,2,85.72999999999999,0.0,0.0,0.0,0.0,2,2364,2191,51.899012074643245,48.100987925356755
FR,2018-10-27,389,3836,1397.7713764337857,0.0,1266.0,1266.0,1266.0,389,0,0.0,0.0,0.0,0.0,0.0,0,1842,1815,50.36915504511895,49.63084495488105
FR,2018-10-28,413,3876,1321.3250773993796,5.580223014261069,1249.0,1244.5,1257.0,413,0,0.0,0.0,0.0,0.0,0.0,0,1857,1892,49.53320885569485,50.46679114430515
FR,2018-10-29,432,5011,1334.0415086809023,17.62428394617451,1209.0,1186.6,1232.4,432,5,1.24,0.0,0.0,0.0,0.0,5,2368,2452,49.12863070539419,50.871369294605806
FR,2018-10-30,450,5019,1330.074915321778,9.092121131323903,1184.5,1171.5,1193.0,450,0,0.0,0.0,0.0,0.0,0.0,0,2421,2279,51.51063829787233,48.48936170212766
FR,2018-10-31,439,4411,1344.799365223307,0.0,1203.0,1203.0,1203.0,439,0,0.0,0.0,0.0,0.0,0.0,0,2175,2084,51.068325898098145,48.931674101901855
FR,2018-11-01,410,5070,1344.6998027613436,412.55670094434186,2055.0,888.8,2076.0,410,0,0.0,0.0,0.0,0.0,0.0,0,2418,2478,49.38725490196079,50.61274509803921
FR,2018-11-02,389,4285,1386.8870478413078,464.2735383018797,2100.0,896.7,2133.9,389,7,94.54,0.0,0.0,0.0,0.0,7,2148,1964,52.237354085603116,47.76264591439689
FR,2018-11-03,424,4735,1371.9288278775068,501.0538869218074,2101.5,906.3,2128.4,424,0,0.0,0.0,0.0,0.0,0.0,0,2490,2127,53.9311241065627,46.068875893437294
FR,2018-11-04,400,5107,1307.5733307225378,200.37129115965607,2119.5,2103.5,2139.5,400,1,73.36,0.0,0.0,0.0,0.0,1,2478,2490,49.8792270531401,50.1207729468599
FR,2018-11-05,423,4665,1335.6192926045005,8.958236433584458,1225.0,1214.7,1233.9,423,3,88.26,0.0,0.0,0.0,0.0,3,2357,2121,52.63510495757034,47.36489504242966
FR,2018-11-06,421,5404,1332.5573649148776,6.967456820494444,1228.0,1220.0,1234.0,421,0,0.0,0.0,0.0,0.0,0.0,0,2641,2551,50.86671802773498,49.133281972265024
FR,2018-11-07,450,4809,1271.8679559159907,5.535341001239218,1216.0,1208.4,1220.6,450,0,0.0,0.0,0.0,0.0,0.0,0,2415,2151,52.890932982917214,47.109067017082786
FR,2018-11-08,407,3654,1278.8730158730161,4.949747468305833,1208.0,1203.1,1212.9,407,0,0.0,0.0,0.0,0.0,0.0,0,1808,1689,51.70145839290821,48.29854160709179
FR,2018-11-09,410,5130,1277.478752436646,541.7233993609584,2007.0,906.0,2043.0,410,10,62.69000000000001,0.0,0.0,0.0,0.0,10,2578,2382,51.975806451612904,48.024193548387096
FR,2018-11-10,454,4545,1269.876127612759,6.164414002968976,1230.0,1222.4,1235.8,454,1,100.0,0.0,0.0,0.0,0.0,1,2171,2226,49.374573572890604,50.62542642710939
FR,2018-11-11,456,4655,1314.0891514500538,8.613216588476108,1228.0,1218.4,1236.9,456,0,0.0,0.0,0.0,0.0,0.0,0,2400,2069,53.70328932647125,46.29671067352875
FR,2018-11-12,490,5548,1372.7981254506112,7.928249671720919,1240.0,1230.2,1249.0,490,8,61.175,0.0,0.0,0.0,0.0,4,2711,2590,51.141294095453695,48.85870590454631
FR,2018-11-13,474,5378,1228.8514317590175,5.670978751503131,1233.0,1225.0,1237.2,474,1,83.06,0.0,0.0,0.0,0.0,1,2824,2357,54.50685195908126,45.49314804091874
FR,2018-11-14,493,4832,1333.8197433774844,13.685038429489666,1252.0,1234.2,1268.8,493,7,85.10000000000001,0.0,0.0,0.0,0.0,7,2293,2320,49.707348796878385,50.29265120312161
FR,2018-11-15,425,4447,1323.4634585113558,13.143439428094915,1224.5,1213.7,1245.7,425,7,78.68999999999998,0.0,0.0,0.0,0.0,7,2250,1993,53.028517558331366,46.971482441668634
FR,2018-11-16,427,4155,1313.7427196149215,5.964594612284132,1265.0,1257.0,1266.0,427,0,0.0,0.0,0.0,0.0,0.0,0,2050,1926,51.559356136820924,48.44064386317907
FR,2018-11-17,418,4984,1306.0688202247175,8.06225774829855,1271.5,1260.2,1278.1,418,0,0.0,0.0,0.0,0.0,0.0,0,2405,2425,49.79296066252588,50.20703933747412
FR,2018-11-18,405,4357,1300.5214597199908,4.5,1285.5,1281.9,1289.1,405,0,0.0,0.0,0.0,0.0,0.0,0,2120,2028,51.10896817743491,48.89103182256509
FR,2018-11-19,404,4092,1358.7050342131006,16.463952392881296,1265.0,1238.4,1280.2,404,1,14.14,0.0,0.0,0.0,0.0,1,1961,1927,50.43724279835391,49.56275720164609
FR,2018-11-20,437,5328,1340.269144144145,6.417748826496718,1224.5,1219.1,1232.0,437,0,0.0,0.0,0.0,0.0,0.0,0,2487,2602,48.870112006288075,51.12988799371193
FR,2018-11-21,439,4420,1340.3420814479625,9.109755996786504,1259.0,1249.6,1269.6,439,1,28.05,0.0,0.0,0.0,0.0,1,2203,2060,51.677222613183204,48.322777386816796
FR,2018-11-22,436,4596,1315.1242384682357,8.39270516579726,1280.5,1269.0,1291.3,436,7,38.2,0.0,0.0,0.0,0.0,7,2242,2174,50.76992753623188,49.23007246376812
FR,2018-11-23,429,4840,1347.2626033057852,8.8,1281.0,1268.2,1287.4,429,0,0.0,0.0,0.0,0.0,0.0,0,2314,2291,50.249728555917486,49.750271444082514
FR,2018-11-24,375,3255,1318.3695852534568,586.0940230515487,2088.0,870.2,2102.4,375,0,0.0,0.0,0.0,0.0,0.0,0,1549,1584,49.44142993935525,50.55857006064475
FR,2018-11-25,442,4812,1277.3196176226086,20.0,1492.0,1476.0,1508.0,442,0,0.0,0.0,0.0,0.0,0.0,0,2410,2221,52.04059598358886,47.95940401641114
FR,2018-11-26,437,4278,1384.0603085553983,6.2801273872430325,1264.0,1257.0,1270.4,437,8,68.95,0.0,0.0,0.0,0.0,8,2070,1997,50.89746742070322,49.102532579296785
FR,2018-11-27,460,4256,1257.5836466165422,6.529858593755142,1289.0,1281.2,1296.0,460,0,0.0,0.0,0.0,0.0,0.0,0,2035,1996,50.48375093029025,49.51624906970975
FR,2018-11-28,454,4647,1324.582741553689,18.83259585576738,1432.0,1411.2,1448.0,454,0,0.0,0.0,0.0,0.0,0.0,0,2233,2201,50.36084799278304,49.63915200721696
FR,2018-11-29,460,4662,1325.702917202917,11.297738220054885,1303.0,1283.7,1310.9,460,14,81.78714285714285,0.0,0.0,0.0,0.0,14,2280,2168,51.2589928057554,48.74100719424461
FR,2018-11-30,448,5146,1348.6255343956477,13.887666612884155,1278.0,1260.2,1294.3,448,14,80.48,0.0,0.0,0.0,0.0,7,2604,2337,52.701882210078935,47.298117789921065
FR,2018-12-01,400,4913,1280.5546509261148,5.829611908180509,1300.0,1293.6,1305.3,400,10,40.42000000000001,0.0,0.0,0.0,0.0,10,2249,2376,48.627027027027026,51.372972972972974
FR,2018-12-02,445,5098,1243.9639074146714,7.8864158878133965,1297.0,1285.0,1306.2,445,0,0.0,0.0,0.0,0.0,0.0,0,2366,2492,48.70317002881844,51.29682997118156
FR,2018-12-03,476,4669,1325.0490469051188,5.062870041905528,1289.0,1283.0,1293.8,476,1,61.07,0.0,0.0,0.0,0.0,1,2216,2225,49.89867147038955,50.10132852961044
FR,2018-12-04,503,4641,1324.3374272786054,6.944222218666553,1300.0,1293.6,1307.2,503,28,81.8125,0.0,0.0,0.0,0.0,7,2262,2157,51.18805159538356,48.81194840461643
FR,2018-12-05,515,4107,1258.259069880692,4.0,1313.0,1309.8,1316.2,515,7,71.28571428571428,0.0,0.0,0.0,0.0,7,1997,1887,51.41606591143152,48.58393408856848
FR,2018-12-06,425,3694,1286.122902003249,5.522680508593631,1321.5,1317.0,1328.8,425,0,0.0,0.0,0.0,0.0,0.0,0,1769,1722,50.673159553136635,49.326840446863365
FR,2018-12-07,386,3922,1250.1208567057622,4.968651728587948,1323.5,1318.8,1328.9,386,0,0.0,0.0,0.0,0.0,0.0,0,1932,1878,50.70866141732283,49.29133858267716
FR,2018-12-08,440,4409,1254.6393740077103,6.849574196011505,1331.0,1322.1,1338.9,440,0,0.0,0.0,0.0,0.0,0.0,0,2213,2015,52.34153263954588,47.65846736045412
FR,2018-12-09,450,4085,1260.928274173805,11.331813623599711,1365.5,1346.3,1374.0,450,0,0.0,0.0,0.0,0.0,0.0,0,1908,1981,49.061455386988946,50.93854461301106
FR,2018-12-10,453,4359,1308.3881624225735,9.241601712693882,985.0,971.6,995.0,453,0,0.0,0.0,0.0,0.0,0.0,0,2173,1933,52.92255236239649,47.07744763760351
FR,2018-12-11,518,4666,1300.3651950278618,8.184398267435427,1368.5,1360.0,1379.4,518,0,0.0,0.0,0.0,0.0,0.0,0,2259,2156,51.166477916194786,48.83352208380521
FR,2018-12-12,451,4168,1257.376199616122,6.963476143421474,1383.5,1373.7,1392.1,451,0,0.0,0.0,0.0,0.0,0.0,0,2147,1856,53.63477391956033,46.36522608043967
FR,2018-12-13,500,5682,1301.3627243928202,11.848451479798353,1373.5,1358.7,1390.3,500,8,82.28999999999999,0.0,0.0,0.0,0.0,8,2783,2650,51.224001472482975,48.775998527517025
FR,2018-12-14,458,5237,1251.0370441092239,72.79551840601178,1361.0,1245.0,1369.9,458,0,0.0,0.0,0.0,0.0,0.0,0,2485,2536,49.49213304122685,50.50786695877315
FR,2018-12-15,443,4859,1246.62214447417,0.0,1348.0,1348.0,1348.0,443,1,51.71,0.0,0.0,0.0,0.0,1,2234,2382,48.396880415944544,51.603119584055456
FR,2018-12-16,475,3713,1280.464853218422,0.0,1356.0,1356.0,1356.0,475,6,19.54,0.0,0.0,0.0,0.0,6,1824,1746,51.09243697478991,48.90756302521008
FR,2018-12-17,451,3917,1323.7967832524887,572.7098492505357,902.0,893.6,2167.4,451,0,0.0,0.0,0.0,0.0,0.0,0,1754,1919,47.7538796624013,52.24612033759869
FR,2018-12-18,533,4298,1271.1044671940433,4.5,1368.5,1364.9,1372.1,533,0,0.0,0.0,0.0,0.0,0.0,0,2164,1891,53.36621454993835,46.63378545006165
FR,2018-12-19,517,4723,1296.6963794198605,11.078980172059728,1347.0,1333.0,1357.0,517,0,0.0,0.0,0.0,0.0,0.0,0,2202,2326,48.630742049469966,51.369257950530034
FR,2018-12-20,497,4267,1356.093039606281,8.48436061232666,1347.5,1338.5,1360.5,497,10,91.25,0.0,0.0,0.0,0.0,10,2286,1766,56.41658440276407,43.58341559723593
FR,2018-12-21,465,4433,1384.4554477780284,9.591663046625438,1369.0,1354.6,1375.4,465,0,0.0,0.0,0.0,0.0,0.0,0,2199,2029,52.010406811731315,47.989593188268685
FR,2018-12-22,441,3835,1328.8581486310281,12.579124572083703,1364.0,1342.0,1374.0,441,7,90.33,0.0,0.0,0.0,0.0,7,1862,1784,51.069665386725184,48.93033461327482
FR,2018-12-23,468,4132,1349.1568247821863,8.275856204548708,1347.0,1339.2,1358.8,468,0,0.0,0.0,0.0,0.0,0.0,0,2020,1915,51.334180432020325,48.66581956797967
FR,2018-12-24,436,3351,1342.9585198448237,12.818774810968518,1368.0,1354.4,1385.4,436,0,0.0,0.0,0.0,0.0,0.0,0,1632,1528,51.64556962025316,48.35443037974684
FR,2018-12-25,339,2875,1443.637217391305,605.4456540433666,1513.0,899.5,2118.9,339,7,68.27999999999999,0.0,0.0,0.0,0.0,7,1464,1305,52.87107258938245,47.12892741061755
FR,2018-12-26,431,5080,1473.0468503937013,4.968651728587948,1376.5,1371.1,1381.2,431,0,0.0,0.0,0.0,0.0,0.0,0,2450,2390,50.6198347107438,49.3801652892562
FR,2018-12-27,493,3876,1368.0626934984532,4.320493798938574,1384.0,1377.6,1385.6,493,6,56.32999999999999,0.0,0.0,0.0,0.0,6,1931,1716,52.94762818755141,47.05237181244859
FR,2018-12-28,486,4903,1276.2235366102393,11.78599687010913,1369.0,1361.1,1388.2,486,0,0.0,0.0,0.0,0.0,0.0,0,2326,2311,50.16174250593056,49.838257494069445
FR,2018-12-29,398,4577,1306.1153594057243,3.8586123009300755,1384.0,1382.4,1389.6,398,0,0.0,0.0,0.0,0.0,0.0,0,2179,2178,50.01147578609135,49.988524213908654
FR,2018-12-30,402,5099,1365.2069033143748,7.361215932167728,1391.0,1384.0,1401.4,402,0,0.0,0.0,0.0,0.0,0.0,0,2523,2349,51.78571428571429,48.214285714285715
FR,2018-12-31,410,4195,1337.966626936828,6.531972647421808,1401.0,1394.6,1407.4,410,17,79.68235294117648,0.0,0.0,0.0,0.0,10,1878,2108,47.11490215755143,52.88509784244857
FR,2019-01-01,404,4408,1274.9051724137948,0.0,913.0,913.0,913.0,404,0,0.0,0.0,0.0,0.0,0.0,0,2305,1960,54.04454865181712,45.95545134818288
FR,2019-01-02,464,4911,1314.3374058236627,6.651683843898752,930.0,922.2,939.4,464,0,0.0,0.0,0.0,0.0,0.0,0,2423,2269,51.64109121909634,48.35890878090366
FR,2019-01-03,430,4989,1322.4044898777313,557.9270384619422,952.5,937.9,2129.8,430,0,0.0,0.0,0.0,0.0,0.0,0,2450,2327,51.28741888214361,48.712581117856395
FR,2019-01-04,474,4327,1339.445574300902,23.568606755103943,924.0,885.4,946.2,474,9,84.57,0.0,0.0,0.0,0.0,9,2247,1842,54.9523110785033,45.0476889214967
FR,2019-01-05,424,5006,1310.7069516580116,6.298687910013887,1387.0,1383.2,1396.4,424,0,0.0,0.0,0.0,0.0,0.0,0,2321,2419,48.96624472573839,51.03375527426161
FR,2019-01-06,437,5095,1298.6836113837096,27.873941185670574,1334.5,1303.5,1376.7,437,1,86.06,0.0,0.0,0.0,0.0,1,2611,2265,53.54799015586546,46.45200984413454
FR,2019-01-07,462,4743,1403.1790006325084,5.394630739571202,1325.0,1318.2,1329.2,462,7,67.20714285714284,0.0,0.0,0.0,0.0,6,2339,2135,52.27983907018328,47.72016092981672
FR,2019-01-08,470,4941,1378.3041894353369,0.0,1341.0,1341.0,1341.0,470,8,80.57,0.0,0.0,0.0,0.0,8,2418,2350,50.713087248322154,49.28691275167785
FR,2019-01-09,428,4506,1378.6023080337316,5.844655678480984,1341.0,1335.8,1348.6,428,0,0.0,0.0,0.0,0.0,0.0,0,2254,2097,51.804182946449096,48.19581705355091
FR,2019-01-10,381,3877,1364.8375032241418,4.264680527307995,1352.0,1347.3,1356.0,381,6,78.44,0.0,0.0,0.0,0.0,5,1920,1738,52.487698195735376,47.512301804264624
FR,2019-01-11,447,4237,1461.2121784281328,0.0,1354.0,1354.0,1354.0,447,41,70.6412195121951,0.0,0.0,0.0,0.0,13,2046,2038,50.097943192948094,49.902056807051906
FR,2019-01-12,478,4381,1327.2074868751424,14.389779148570582,1341.0,1322.6,1358.8,478,1,97.67,0.0,0.0,0.0,0.0,1,2022,2111,48.92330026615049,51.07669973384951
FR,2019-01-13,446,4325,1349.5271676300579,8.359152620089644,1337.0,1327.2,1345.0,446,4,80.07249999999999,0.0,0.0,0.0,0.0,3,2063,2042,50.2557856272838,49.7442143727162
FR,2019-01-14,446,4931,1410.273372541067,9.966610925150702,1337.5,1330.0,1352.5,446,7,74.65999999999998,0.0,0.0,0.0,0.0,7,2461,2165,53.19930825767402,46.80069174232598
FR,2019-01-15,479,5677,1388.4298044741947,16.57829906836042,1357.0,1335.2,1375.0,479,7,94.92999999999999,0.0,0.0,0.0,0.0,7,2854,2504,53.266144083613284,46.733855916386716
FR,2019-01-16,438,4323,1290.5521628498716,7.610300037887249,1354.0,1346.5,1363.0,438,0,0.0,0.0,0.0,0.0,0.0,0,2019,2115,48.8388969521045,51.161103047895494
FR,2019-01-17,440,3948,1257.4944275582573,6.0,1366.5,1359.1,1374.6,440,1,14.18,0.0,0.0,0.0,0.0,1,1951,1859,51.207349081364825,48.792650918635175
FR,2019-01-18,443,4380,1368.5659817351604,15.527296570089405,1346.5,1337.0,1376.4,443,6,39.02,0.0,0.0,0.0,0.0,6,2193,2015,52.11501901140685,47.884980988593156
FR,2019-01-19,457,5077,1410.29781366949,11.343133018115703,1345.5,1335.0,1363.3,457,0,0.0,0.0,0.0,0.0,0.0,0,2544,2255,53.01104396749323,46.98895603250677
FR,2019-01-20,420,3771,1359.983823919385,10.185582641655802,1364.5,1353.0,1376.5,420,0,0.0,0.0,0.0,0.0,0.0,0,1941,1668,53.78221113881961,46.21778886118038
FR,2019-01-21,450,4037,1299.519445132524,10.73996921669286,1060.0,1045.8,1070.8,450,0,0.0,0.0,0.0,0.0,0.0,0,1818,2060,46.87983496647757,53.12016503352244
FR,2019-01-22,416,3370,1341.7451038575657,8.458783624621407,1381.0,1371.6,1391.8,416,6,68.19,0.0,0.0,0.0,0.0,6,1664,1560,51.61290322580645,48.38709677419355
FR,2019-01-23,476,4213,1315.28079753145,3.559026084010437,1381.0,1380.2,1386.6,476,4,61.13,0.0,0.0,0.0,0.0,4,2059,1944,51.43642268298776,48.56357731701224
FR,2019-01-24,433,3488,1306.6336009174313,2.5,1037.5,1035.5,1039.5,433,0,0.0,0.0,0.0,0.0,0.0,0,1779,1584,52.899197145405886,47.100802854594114
FR,2019-01-25,453,4437,1327.481631733154,0.0,1374.0,1374.0,1374.0,453,7,76.80857142857143,0.0,0.0,0.0,0.0,7,2162,2093,50.810810810810814,49.18918918918919
FR,2019-01-26,401,3932,1273.004069175991,8.865390894334134,1046.0,1035.2,1054.4,401,6,22.0,0.0,0.0,0.0,0.0,6,1957,1745,52.863317125877906,47.1366828741221
FR,2019-01-27,428,4699,1280.8306022557992,58.12241257681928,1059.5,1034.0,1087.0,428,8,90.17,0.0,0.0,0.0,0.0,8,2287,2227,50.664599025254766,49.335400974745234
FR,2019-01-28,459,4156,1288.531520692975,10.796295661012625,1065.0,1048.4,1073.0,459,10,57.710000000000015,0.0,0.0,0.0,0.0,10,1959,1959,50.0,50.0
FR,2019-01-29,472,4640,1348.4043103448287,0.0,1383.0,1383.0,1383.0,472,0,0.0,0.0,0.0,0.0,0.0,0,2268,2149,51.347068145800314,48.652931854199686
FR,2019-01-30,431,3869,1335.2496769191018,10.270832488167647,1349.0,1340.9,1366.0,431,0,0.0,0.0,0.0,0.0,0.0,0,1883,1792,51.23809523809524,48.76190476190476
FR,2019-01-31,474,4416,1354.3675271739137,9.600435789428456,1325.5,1314.9,1339.8,474,0,0.0,0.0,0.0,0.0,0.0,0,2196,1973,52.674502278723914,47.325497721276086
FR,2019-02-01,436,4523,1351.9504753482195,24.278253515234574,1362.0,1334.5,1396.0,436,0,0.0,0.0,0.0,0.0,0.0,0,2228,2081,51.7057321884428,48.294267811557205
FR,2019-02-02,479,4752,1273.8200757575742,4.0,1393.0,1389.8,1396.2,479,4,97.33,0.0,0.0,0.0,0.0,4,2216,2370,48.320976886175316,51.679023113824684
FR,2019-02-03,425,5013,1277.6381408338325,5.149325737954005,1394.0,1386.0,1400.2,425,4,74.39,0.0,0.0,0.0,0.0,4,2505,2262,52.54877281309,47.45122718691
FR,2019-02-04,521,5290,1324.0739130434793,6.531972647421808,1377.0,1370.6,1383.4,521,4,47.27,0.0,0.0,0.0,0.0,4,2623,2416,52.05397896408017,47.94602103591983
FR,2019-02-05,469,5551,1325.561700594487,9.342871945946124,1363.0,1349.0,1372.0,469,0,0.0,0.0,0.0,0.0,0.0,0,2913,2383,55.00377643504532,44.99622356495468
FR,2019-02-06,501,4808,1307.939059900166,10.592642806809502,1364.0,1359.2,1383.2,501,1,72.27,0.0,0.0,0.0,0.0,1,2343,2277,50.71428571428571,49.28571428571429
FR,2019-02-07,484,4573,1306.4279466433422,8.816370855501054,1380.0,1370.6,1389.6,484,15,66.73133333333335,0.0,0.0,0.0,0.0,15,2224,2160,50.72992700729927,49.27007299270073
FR,2019-02-08,487,5176,1298.0880989180819,5.0039984012787215,1396.0,1391.0,1402.2,487,0,0.0,0.0,0.0,0.0,0.0,0,2527,2411,51.17456460105306,48.825435398946944
FR,2019-02-09,471,5046,1280.685493460168,6.834784979374678,1383.5,1375.3,1391.2,471,12,74.86333333333334,0.0,0.0,0.0,0.0,12,2513,2263,52.617252931323286,47.382747068676714
FR,2019-02-10,458,4611,1250.2864888310569,7.521456910039889,1356.0,1343.6,1364.0,458,8,98.56,0.0,0.0,0.0,0.0,8,2223,2178,50.511247443762784,49.48875255623722
FR,2019-02-11,482,5507,1359.4174686762283,10.350869329083842,1354.0,1350.0,1370.0,482,1,80.58,0.0,0.0,0.0,0.0,1,2777,2555,52.081770442610654,47.918229557389346
FR,2019-02-12,493,5003,1361.9986008394956,8.566963122533979,1410.5,1398.6,1418.7,493,11,95.19818181818182,0.0,0.0,0.0,0.0,11,2341,2336,50.05345306820611,49.94654693179388
FR,2019-02-13,530,5317,1331.4476208388198,18.349338539905766,1437.0,1413.0,1458.4,530,4,87.43,0.0,0.0,0.0,0.0,4,2767,2325,54.340141398271804,45.6598586017282
FR,2019-02-14,471,4409,1376.1567248809251,5.912586378730581,1470.0,1461.0,1477.0,471,0,0.0,0.0,0.0,0.0,0.0,0,2337,1896,55.20907158043941,44.79092841956059
FR,2019-02-15,504,5167,1311.9645829301346,9.558242516278817,1453.0,1437.4,1457.8,504,4,75.47749999999999,0.0,0.0,0.0,0.0,4,2785,2167,56.23990306946688,43.760096930533116
FR,2019-02-16,497,4452,1267.341194968553,3.0912061651652345,1439.0,1434.2,1439.8,497,0,0.0,0.0,0.0,0.0,0.0,0,2183,2011,52.050548402479734,47.949451597520266
FR,2019-02-17,493,4949,1287.1212366134575,3.299831645537222,1430.0,1430.0,1435.6,493,33,57.958787878787874,0.0,0.0,0.0,0.0,9,2408,2318,50.95217943292425,49.04782056707575
FR,2019-02-18,488,4797,1302.7902855951645,7.1145824860364995,1437.0,1426.6,1439.6,488,8,79.46000000000001,0.0,0.0,0.0,0.0,8,2239,2329,49.01488616462347,50.98511383537653
FR,2019-02-19,485,4954,1273.2305207912802,5.354126134736337,1422.0,1417.5,1429.5,485,0,0.0,0.0,0.0,0.0,0.0,0,2508,2196,53.316326530612244,46.683673469387756
FR,2019-02-20,455,4093,1298.4634742242845,9.071147352221454,1451.5,1438.1,1460.0,455,24,54.71250000000001,0.0,0.0,0.0,0.0,12,2019,1850,52.18402688033083,47.81597311966917
FR,2019-02-21,500,4164,1232.0453890489905,12.206965224821444,1423.0,1405.3,1436.1,500,21,61.02809523809525,0.0,0.0,0.0,0.0,11,2070,1922,51.853707414829664,48.14629258517034
FR,2019-02-22,469,4994,1251.652382859431,15.313392831113555,1455.0,1432.9,1469.1,469,16,58.09125,0.0,0.0,0.0,0.0,16,2473,2246,52.40517058698877,47.59482941301123
FR,2019-02-23,480,4157,1349.8931922059187,3.905124837953327,1478.5,1473.0,1482.3,480,9,83.94999999999999,0.0,0.0,0.0,0.0,9,2065,1914,51.89746167378738,48.10253832621262
FR,2019-02-24,478,4655,1266.9664876476909,8.274794391537606,1484.0,1475.5,1493.0,478,0,0.0,0.0,0.0,0.0,0.0,0,2267,2142,51.41755500113404,48.58244499886595
FR,2019-02-25,507,5598,1359.1271882815272,5.782732917920384,1464.0,1459.2,1471.6,507,24,92.00333333333327,0.0,0.0,0.0,0.0,20,2748,2563,51.74166823573715,48.25833176426285
FR,2019-02-26,498,6324,1326.6654016445289,6.531972647421808,1472.0,1465.6,1478.4,498,0,0.0,0.0,0.0,0.0,0.0,0,3220,2815,53.35542667771334,46.64457332228666
FR,2019-02-27,465,4836,1329.7907361455752,7.84573486395988,1442.5,1434.5,1451.0,465,15,83.02666666666666,0.0,0.0,0.0,0.0,15,2434,2186,52.68398268398269,47.316017316017316
FR,2019-02-28,450,4980,1295.2026104417685,3.0,1428.0,1425.6,1430.4,450,13,88.63384615384618,0.0,0.0,0.0,0.0,13,2445,2285,51.69133192389006,48.30866807610993
FR,2019-03-01,475,5196,1303.8775981524261,6.128258770283411,1447.0,1440.6,1452.6,475,0,0.0,0.0,0.0,0.0,0.0,0,2664,2293,53.74218277183781,46.257817228162196
FR,2019-03-02,405,3717,1331.323379069142,21.66491220966823,1409.0,1390.8,1445.6,405,0,0.0,0.0,0.0,0.0,0.0,0,1781,1764,50.23977433004231,49.760225669957684
FR,2019-03-03,404,3524,1330.0539160045391,10.404159619888667,1392.0,1377.0,1404.6,404,0,0.0,0.0,0.0,0.0,0.0,0,1804,1542,53.915122534369395,46.084877465630605
FR,2019-03-04,448,4612,1285.227666955766,27.346842521914066,1406.0,1364.6,1434.6,448,6,35.84,0.0,0.0,0.0,0.0,6,2334,2063,53.081646577211735,46.918353422788265
FR,2019-03-05,515,4429,1354.2034319259399,4.029888335921977,1469.0,1461.4,1470.0,515,25,80.75399999999999,0.0,0.0,0.0,0.0,17,2268,1918,54.18060200668896,45.819397993311036
FR,2019-03-06,478,4931,1317.756033258973,7.363574011458174,1487.0,1479.0,1493.4,478,0,0.0,0.0,0.0,0.0,0.0,0,2410,2238,51.85025817555938,48.14974182444062
FR,2019-03-07,479,5972,1317.5634628265254,8.217596296295461,1483.0,1472.4,1494.2,479,7,79.29999999999998,0.0,0.0,0.0,0.0,7,2888,2788,50.88090204369274,49.11909795630726
FR,2019-03-08,496,4641,1325.5434173669466,14.49209554665347,1487.0,1465.8,1499.8,496,7,74.18999999999998,0.0,0.0,0.0,0.0,7,2453,1955,55.64882032667876,44.351179673321234
FR,2019-03-09,409,3220,1340.6680124223587,9.12414379544733,1453.0,1438.0,1461.0,409,8,90.07,0.0,0.0,0.0,0.0,8,1414,1629,46.467302004600725,53.53269799539928
FR,2019-03-10,417,4286,1308.1957536164264,18.232249739282192,1404.0,1380.8,1428.0,417,6,62.96,0.0,0.0,0.0,0.0,6,2071,1988,51.02241931510224,48.97758068489776
FR,2019-03-11,476,3800,1315.4323684210526,0.0,1387.0,1387.0,1387.0,476,22,65.73181818181817,0.0,0.0,0.0,0.0,15,1794,1865,49.02978955998907,50.97021044001093
FR,2019-03-12,488,4664,1329.2890222984558,5.398044913567215,1393.5,1385.5,1397.5,488,6,68.67,0.0,0.0,0.0,0.0,6,2311,2094,52.46311010215664,47.53688989784336
FR,2019-03-13,503,4527,1302.6003976143152,6.944222218666553,1392.0,1385.6,1399.2,503,0,0.0,0.0,0.0,0.0,0.0,0,2192,2069,51.44332316357663,48.55667683642337
FR,2019-03-14,543,4461,1285.0551445864169,15.828556784386352,1375.0,1351.2,1391.0,543,32,64.27500000000002,0.0,0.0,0.0,0.0,16,2322,1918,54.76415094339623,45.23584905660377
FR,2019-03-15,496,4693,1254.011719582355,8.590402426569755,1365.0,1351.4,1375.0,496,27,59.55814814814816,0.0,0.0,0.0,0.0,19,2388,2121,52.96074517631404,47.03925482368596
FR,2019-03-16,489,3955,1262.3845764854634,14.580461026661673,1415.0,1387.5,1426.0,489,0,0.0,0.0,0.0,0.0,0.0,0,2038,1682,54.784946236559136,45.215053763440864
FR,2019-03-17,555,4733,1270.2795267272338,8.997704023024452,1426.0,1418.0,1437.0,555,23,58.41260869565218,0.0,0.0,0.0,0.0,15,2182,2262,49.0999099909991,50.9000900090009
FR,2019-03-18,511,4299,1311.2440102349408,589.210142608051,1073.0,573.0,2055.2,511,8,63.95375000000001,0.0,0.0,0.0,0.0,8,2178,1929,53.03140978816655,46.96859021183346
FR,2019-03-19,450,4200,1375.9788095238086,7.238784428341543,1404.0,1395.2,1412.1,450,25,78.42479999999999,0.0,0.0,0.0,0.0,25,2094,1899,52.44177310293012,47.55822689706987
FR,2019-03-20,511,4246,1303.953603391427,8.719155270956772,1427.0,1418.0,1435.8,511,168,51.74047619047625,0.0,75.34,75.34,75.34,113,2046,1978,50.84493041749503,49.155069582504964
FR,2019-03-21,470,3810,1274.483727034119,10.426543184016747,1443.0,1427.6,1456.8,470,174,73.43160919540227,0.0,0.0,0.0,0.0,67,1789,1719,50.99771949828963,49.00228050171037
FR,2019-03-22,508,5318,1270.6489281684837,13.212115651930995,1465.0,1454.4,1483.7,508,79,61.43189873417724,0.0,0.0,0.0,0.0,58,2617,2340,52.79402864635868,47.20597135364131
FR,2019-03-23,503,4037,1282.182313599206,5.0709255283711,1477.0,1468.0,1479.2,503,131,59.257022900763324,0.0,0.0,0.0,0.0,68,1982,1838,51.8848167539267,48.1151832460733
FR,2019-03-24,486,4147,1283.077887629614,10.171879277089444,1488.0,1475.4,1499.8,486,27,71.92666666666668,0.0,0.0,0.0,0.0,24,2196,1783,55.189746167378736,44.810253832621264
FR,2019-03-25,542,4641,1282.865115276882,9.945530666933443,1477.0,1465.1,1491.3,542,113,61.76654867256644,0.0,0.0,0.0,0.0,66,2122,2285,48.150669389607444,51.84933061039255
FR,2019-03-26,484,4667,1275.1343475466056,7.418894796396564,1514.0,1502.8,1518.8,484,156,71.45782051282055,0.0,0.0,0.0,0.0,51,2320,2108,52.39385727190605,47.60614272809395
FR,2019-03-27,537,4352,1323.583869485293,5.872801368884133,1498.0,1490.0,1505.4,537,145,69.65558620689653,0.0,0.0,0.0,0.0,64,2162,1931,52.82189103347178,47.17810896652822
FR,2019-03-28,555,4828,1320.301367025682,7.39509972887452,1491.5,1484.6,1499.1,555,148,77.48378378378384,0.0,0.0,0.0,0.0,71,2263,2271,49.91177767975298,50.08822232024702
FR,2019-03-29,496,5205,1349.4747358309323,5.325752187591567,1485.0,1477.0,1487.0,496,52,70.64192307692309,0.0,0.0,0.0,0.0,34,2540,2450,50.901803607214426,49.09819639278557
FR,2019-03-30,496,3956,1255.7535389282098,13.498971154211056,977.5,963.0,994.5,496,89,71.54955056179774,0.0,0.0,0.0,0.0,42,1895,1784,51.508562109268816,48.49143789073118
FR,2019-03-31,501,3870,1242.7906976744182,275.5507616070444,1462.0,997.2,1467.6,501,156,58.928012820512826,0.0,0.0,0.0,0.0,50,1895,1719,52.434975096845605,47.5650249031544
FR,2019-04-01,492,4866,1278.342786683109,8.881941729649485,1453.0,1439.0,1462.0,492,56,60.40017857142857,0.0,0.0,0.0,0.0,39,2404,2213,52.068442711717566,47.931557288282434
FR,2019-04-02,552,5171,1295.9361825565645,7.581043610362773,1449.5,1442.0,1458.0,552,107,61.62859813084111,0.0,0.0,0.0,0.0,89,2582,2271,53.20420358541108,46.795796414588914
FR,2019-04-03,531,5491,1413.759242396648,7.3484692283495345,1455.0,1447.8,1462.2,531,74,58.83594594594595,0.0,0.0,0.0,0.0,45,2765,2470,52.81757402101241,47.18242597898759
FR,2019-04-04,499,4695,1414.1318423855196,6.422616289332565,1454.0,1446.7,1459.9,499,57,72.18000000000002,0.0,0.0,0.0,0.0,36,2186,2316,48.55619724566859,51.443802754331415
FR,2019-04-05,432,4115,1250.9965978128798,5.656854249492381,1453.0,1447.4,1458.6,432,36,62.87305555555557,0.0,0.0,0.0,0.0,20,1883,2016,48.29443447037702,51.70556552962297
FR,2019-04-06,475,4467,1284.7092008059105,3.5,1455.5,1452.7,1458.3,475,55,85.62690909090904,0.0,0.0,0.0,0.0,42,2336,1852,55.778414517669525,44.22158548233047
FR,2019-04-07,432,4820,1277.11182572614,20.800344251662143,1496.5,1456.7,1509.3,432,98,70.67489795918367,0.0,0.0,0.0,0.0,46,2440,2122,53.48531345900921,46.514686540990795
FR,2019-04-08,465,5714,1229.385369268464,9.508586810903914,1467.0,1457.0,1477.0,465,105,67.84057142857141,0.0,0.0,0.0,0.0,61,2686,2673,50.12129128568763,49.87870871431237
FR,2019-04-09,549,5536,1253.5451589595368,6.974775982065661,1465.0,1456.0,1473.2,549,103,63.15320388349513,0.0,0.0,0.0,0.0,37,2628,2690,49.41707408800301,50.58292591199699
FR,2019-04-10,549,5215,1300.555321188877,9.062143729802118,1441.0,1431.2,1451.8,549,152,69.16210526315786,0.0,0.0,0.0,0.0,81,2571,2387,51.85558693021379,48.144413069786204
FR,2019-04-11,546,5513,1230.8516234355138,9.104394543296111,1412.5,1399.3,1418.8,546,167,66.05940119760483,0.0,0.0,0.0,0.0,65,2730,2493,52.268811028144746,47.731188971855254
FR,2019-04-12,513,6271,1156.3168553659698,29.477400831201415,1469.0,1418.0,1488.0,513,255,53.412901960784275,0.0,49.8,49.8,49.8,138,3148,2880,52.222959522229594,47.777040477770406
FR,2019-04-13,531,5335,1223.5979381443296,10.776012666083492,1493.5,1480.2,1505.0,531,188,62.09143617021279,0.0,35.81,35.81,35.81,133,2520,2536,49.84177215189873,50.15822784810127
FR,2019-04-14,544,5101,1273.8027837678887,10.776981642989533,1487.0,1475.9,1505.0,544,173,68.37589595375724,1.5700000000000003,72.9,71.644,74.156,129,2467,2209,52.75876817792986,47.24123182207015
FR,2019-04-15,540,5284,1254.90821347464,14.082100537759116,1481.5,1460.3,1493.9,540,158,62.04816455696205,0.0,36.56,36.56,36.56,100,2556,2452,51.03833865814696,48.96166134185304
FR,2019-04-16,540,5677,1237.7370089836177,562.5322074112735,2082.0,931.5,2112.5,540,118,52.972457627118665,0.0,0.0,0.0,0.0,78,2598,2683,49.19522817648173,50.804771823518266
FR,2019-04-17,546,5119,1274.7788630591938,4.621474298463427,1452.0,1449.6,1460.0,546,225,56.335422222222306,29.964999999999996,62.635,38.663000000000004,86.607,127,2498,2362,51.3991769547325,48.60082304526749
FR,2019-04-18,537,5642,1296.2142857142842,532.7085786356985,2150.0,955.0,2152.0,537,209,53.61598086124405,0.0,0.0,0.0,0.0,112,2979,2402,55.361456978256825,44.638543021743175
FR,2019-04-19,498,4461,1234.450123290743,10.484114968211035,1441.0,1433.0,1456.5,498,286,55.47972027972038,0.0,0.0,0.0,0.0,163,2113,2053,50.72011521843495,49.27988478156505
FR,2019-04-20,474,4066,1254.1416625676343,4.932603624091104,1427.0,1420.0,1434.0,474,195,66.33753846153844,0.0,77.62,77.62,77.62,125,1867,1985,48.468328141225335,51.531671858774665
FR,2019-04-21,463,4446,1258.3834907782275,4.5,1428.5,1424.9,1432.1,463,127,65.60094488188972,0.0,0.0,0.0,0.0,88,2158,1981,52.13819763227833,47.86180236772167
FR,2019-04-22,465,4098,1240.552220595414,16.99653944016771,1001.0,972.0,1017.7,465,104,53.63528846153851,0.0,81.62,81.62,81.62,84,1933,1893,50.522739153162576,49.47726084683743
FR,2019-04-23,544,5308,1369.2970987189171,12.730922546653439,1411.5,1400.7,1432.0,544,233,64.63296137339053,0.0,89.27,89.27,89.27,143,2639,2318,53.23784547105104,46.76215452894896
FR,2019-04-24,548,5589,1295.12631955627,10.95258798976157,1472.0,1453.2,1480.0,548,274,68.64178832116787,0.0,0.0,0.0,0.0,110,2798,2442,53.396946564885496,46.603053435114504
FR,2019-04-25,565,6229,1369.873334403595,7.963039620647383,1480.5,1471.9,1489.8,565,273,73.70688644688643,0.0,89.96,89.96,89.96,154,3145,2732,53.51369746469287,46.486302535307125
FR,2019-04-26,547,5521,1351.4386886433606,13.365543576751408,1498.0,1479.0,1512.9,547,237,68.99025316455698,0.0,44.83,44.83,44.83,126,2688,2413,52.69554989217801,47.30445010782199
FR,2019-04-27,492,5220,1316.7923371647498,6.378675411086537,1497.5,1490.7,1503.6,492,220,67.31754545454551,0.0,0.0,0.0,0.0,92,2542,2403,51.40546006066734,48.59453993933266
FR,2019-04-28,492,4980,1264.9534136546174,8.89333529910923,1480.0,1468.8,1488.2,492,234,69.64717948717951,0.0,88.66,88.66,88.66,138,2205,2379,48.102094240837694,51.8979057591623
FR,2019-04-29,493,5278,1340.8273967411917,14.354675571918971,1492.0,1476.2,1513.6,493,244,74.70442622950819,0.0,0.0,0.0,0.0,139,2635,2378,52.56333532814682,47.43666467185318
FR,2019-04-30,531,5761,1254.2048255511183,11.166528467912102,1458.0,1450.0,1478.2,531,276,67.96572463768116,0.0,98.55,98.55,98.55,157,2845,2507,53.157698056801195,46.842301943198805
FR,2019-05-01,518,5242,1198.0980541777965,9.168769084812435,1457.0,1447.6,1470.2,518,233,66.9669957081545,0.0,73.91,73.91,73.91,132,2528,2420,51.091350040420366,48.908649959579634
FR,2019-05-02,578,5961,1250.0348934742494,7.709734106958553,1479.0,1473.8,1490.4,578,318,73.94311320754719,0.0,86.74,86.74,86.74,176,2811,2874,49.445910290237464,50.55408970976253
FR,2019-05-03,579,5176,1223.9775888717138,6.515081042606879,1487.0,1480.0,1494.0,579,162,68.8218518518519,0.0,0.0,0.0,0.0,131,2545,2365,51.83299389002036,48.16700610997963
FR,2019-05-04,530,5200,1268.1053846153832,14.770753343042044,915.5,902.0,940.0,530,157,55.47178343949049,0.0,0.0,0.0,0.0,111,2626,2196,54.45873081708834,45.541269182911655
FR,2019-05-05,535,6368,1308.1151067839203,6.865048352989867,1477.0,1468.4,1483.6,535,152,70.26217105263159,0.0,0.0,0.0,0.0,79,3254,2681,54.827295703454084,45.17270429654591
FR,2019-05-06,575,5981,1303.4935629493398,11.671427600007732,1458.5,1443.0,1470.5,575,223,70.91726457399098,0.0,0.0,0.0,0.0,151,2923,2795,51.11927247289262,48.88072752710738
FR,2019-05-07,556,6641,1278.1630778497208,13.544002362669612,1446.0,1427.6,1460.0,556,203,58.343793103448334,0.0,0.0,0.0,0.0,140,3254,3106,51.163522012578625,48.83647798742138
FR,2019-05-08,559,6434,1339.0808206403497,12.48359870735961,1404.5,1387.0,1420.0,559,222,62.52148648648653,0.0,0.0,0.0,0.0,150,3328,2766,54.611092878240896,45.38890712175911
FR,2019-05-09,551,5755,1281.3933970460478,15.591729885305432,1418.0,1400.2,1437.6,551,251,62.58219123505974,28.749999999999996,55.849999999999994,32.85,78.85,124,2798,2626,51.58554572271387,48.41445427728613
FR,2019-05-10,505,6300,1298.3596825396824,6.0293400282676535,1428.0,1419.0,1435.8,505,146,54.94308219178081,0.0,0.0,0.0,0.0,93,3081,2888,51.61668621209583,48.38331378790417
FR,2019-05-11,453,5927,1306.8336426522683,6.800735254367722,1413.5,1409.3,1423.3,453,217,72.48225806451615,0.0,0.0,0.0,0.0,121,2975,2634,53.03975753253699,46.960242467463004
FR,2019-05-12,576,5771,1290.4773869346732,9.4215408558667,1419.0,1407.4,1428.4,576,273,73.48582417582418,0.0,82.27,82.27,82.27,124,2833,2591,52.23082595870206,47.76917404129794
FR,2019-05-13,493,6107,1283.5207139348297,15.49462272316862,1430.0,1410.2,1450.3,493,258,67.46558139534885,0.0,88.38,88.38,88.38,137,2913,2896,50.14632466861766,49.853675331382334
FR,2019-05-14,603,5880,1255.4056122448974,11.285229345657227,1459.0,1440.6,1469.4,603,163,62.83570552147241,0.0,50.37,50.37,50.37,111,2795,2729,50.597393193338156,49.402606806661844
FR,2019-05-15,576,6075,1279.4503703703706,21.546403412170672,1516.0,1480.2,1533.6,576,269,62.06613382899634,0.0,0.0,0.0,0.0,179,3111,2579,54.67486818980668,45.32513181019332
FR,2019-05-16,538,5525,1276.3554751131232,10.2101877497085,1514.0,1498.0,1523.0,538,192,68.20276041666669,0.0,0.0,0.0,0.0,135,2603,2666,49.40216359840577,50.59783640159423
FR,2019-05-17,537,6194,1261.0981595092007,7.7949500110482095,1496.0,1487.0,1505.0,537,205,65.89521951219518,0.0,0.0,0.0,0.0,139,3089,2842,52.08227954813691,47.9177204518631
FR,2019-05-18,535,5817,1271.1686436307393,4.0276819911981905,1496.0,1489.6,1496.8,535,141,63.12659574468089,0.0,0.0,0.0,0.0,123,2693,2837,48.698010849909586,51.30198915009042
FR,2019-05-19,506,4953,1256.9442761962437,295.25920815446216,951.0,871.3,1504.6,506,110,55.35172727272729,0.0,0.0,0.0,0.0,90,2507,2166,53.64861973036593,46.35138026963407
FR,2019-05-20,533,5937,1284.8155634158668,4.0,1500.0,1496.8,1503.2,533,337,68.99195845697328,0.0,0.0,0.0,0.0,151,2780,2849,49.38710250488542,50.61289749511458
FR,2019-05-21,560,5892,1344.1104887983695,2.943920288775949,1496.0,1492.0,1497.6,560,296,66.98121621621627,0.0,0.0,0.0,0.0,153,2871,2717,51.37795275590551,48.62204724409449
FR,2019-05-22,546,6991,1340.34186811615,182.30888791346652,1510.0,1300.0,1517.4,546,141,77.97560283687942,0.0,0.0,0.0,0.0,46,3323,3408,49.3685930768088,50.6314069231912
FR,2019-05-23,590,6004,1279.768321119255,248.8972413159573,1526.0,1021.4,1534.0,590,253,67.04470355731223,0.0,0.0,0.0,0.0,176,3050,2686,53.17294281729428,46.827057182705715
FR,2019-05-24,587,6413,1299.1585841259957,9.14062472745508,1535.0,1522.8,1544.0,587,264,62.88416666666666,0.0,45.16,45.16,45.16,182,3246,2917,52.66915463248418,47.33084536751582
FR,2019-05-25,546,5490,1205.6145719489955,6.128258770283411,1527.0,1521.4,1533.4,546,140,50.103500000000025,0.0,0.0,0.0,0.0,119,2773,2385,53.761147731678946,46.238852268321054
FR,2019-05-26,487,4732,1320.1164412510586,7.725768570181222,1504.0,1495.4,1511.9,487,237,70.86464135021099,0.0,0.0,0.0,0.0,141,2187,2293,48.816964285714285,51.183035714285715
FR,2019-05-27,576,5444,1358.582659808965,11.591184389679754,1488.0,1473.0,1501.6,576,137,68.77802919708029,0.0,0.0,0.0,0.0,104,2690,2455,52.28377065111759,47.71622934888241
FR,2019-05-28,536,4919,1321.0532628583044,9.983660119803513,1500.0,1486.8,1509.4,536,152,59.495657894736816,0.0,0.0,0.0,0.0,123,2275,2350,49.18918918918919,50.810810810810814
FR,2019-05-29,545,5037,1345.16517768513,5.732309743899051,1526.0,1519.9,1533.0,545,152,51.483552631578945,0.0,96.22,96.22,96.22,93,2436,2270,51.76370590735232,48.23629409264768
FR,2019-05-30,535,6541,1290.9706466901068,18.2822318112423,1522.0,1500.7,1546.0,535,204,69.36676470588235,0.0,0.0,0.0,0.0,158,3400,2745,55.32953620829944,44.67046379170057
FR,2019-05-31,479,4794,1303.9806007509394,5.912586378730581,1506.0,1499.0,1513.0,479,256,63.14445312500007,0.0,93.02,93.02,93.02,168,2496,2068,54.688869412795796,45.311130587204204
FR,2019-06-01,484,4036,1312.6028245787913,3.0912061651652345,1502.0,1497.2,1502.8,484,149,76.19832214765103,0.0,0.0,0.0,0.0,117,1990,1694,54.017372421281216,45.982627578718784
FR,2019-06-02,513,4926,1297.9681282988229,5.699579554720832,1506.0,1501.0,1512.6,513,72,62.642083333333325,0.0,96.02,96.02,96.02,71,2536,2031,55.528793518721265,44.47120648127874
FR,2019-06-03,570,4695,1370.7090521831753,10.368083933941104,1513.0,1498.8,1524.0,570,125,73.22624000000003,0.0,0.0,0.0,0.0,80,2497,1918,56.55719139297848,43.44280860702152
FR,2019-06-04,488,4798,1318.2853272196755,5.885384872889862,1508.5,1503.3,1514.7,488,225,68.5203555555555,0.0,0.0,0.0,0.0,128,2439,2079,53.98406374501992,46.015936254980076
FR,2019-06-05,557,5614,1284.811186319915,11.04581368664165,1505.5,1492.3,1517.5,557,246,68.90723577235772,0.0,94.19,94.19,94.19,162,2717,2567,51.41937925813777,48.58062074186223
FR,2019-06-06,532,5373,1261.217010980829,4.0276819911981905,1516.0,1509.6,1516.8,532,208,58.83100961538466,0.0,0.0,0.0,0.0,106,2509,2541,49.68316831683168,50.31683168316832
FR,2019-06-07,542,4737,1341.7631412286253,12.34386867031564,1531.0,1511.5,1540.0,542,207,71.68154589371983,0.0,63.47,63.47,63.47,129,2312,2105,52.343219379669456,47.656780620330544
FR,2019-06-08,540,5711,1333.3043249868672,19.326378769022693,1505.0,1475.6,1525.2,540,209,70.52669856459325,0.0,0.0,0.0,0.0,138,2722,2601,51.13657711816645,48.86342288183355
FR,2019-06-09,479,4862,1311.6733854380918,10.00694203485205,1526.0,1516.5,1539.0,479,153,60.71895424836604,0.0,80.95,80.95,80.95,100,2386,2124,52.90465631929047,47.09534368070953
FR,2019-06-10,529,6085,1336.481676253081,12.63260727007332,1545.0,1530.0,1562.0,529,217,58.77299539170514,0.0,0.0,0.0,0.0,169,3047,2643,53.55008787346222,46.44991212653778
FR,2019-06-11,568,5739,1349.981704129638,8.192746410697698,1567.0,1559.0,1580.0,568,164,62.52719512195128,0.0,93.6,93.6,93.6,110,2728,2710,50.1655020228025,49.8344979771975
FR,2019-06-12,569,5653,1373.7901998938626,16.984827788352757,1616.0,1592.0,1633.1,569,241,68.52402489626553,0.0,0.0,0.0,0.0,125,2884,2459,53.977166385925514,46.022833614074486
FR,2019-06-13,514,5225,1341.0937799043052,4.127953488110059,1619.0,1614.8,1624.2,514,191,55.6466492146597,0.0,0.0,0.0,0.0,138,2546,2402,51.45513338722716,48.544866612772836
FR,2019-06-14,520,5636,1384.5118878637336,9.912113800799505,1633.0,1618.7,1642.8,520,223,60.10865470852021,0.0,71.29,71.29,71.29,162,3025,2278,57.04318310390345,42.95681689609655
FR,2019-06-15,480,4096,1329.5930175781232,13.807163180829033,1662.0,1644.3,1677.4,480,160,65.35718750000004,0.0,0.0,0.0,0.0,87,1959,1882,51.00234313980734,48.997656860192656
FR,2019-06-16,513,5314,1332.2856605193838,9.663544020957461,1694.0,1684.6,1707.8,513,159,67.59962264150943,0.0,55.65,55.65,55.65,133,2554,2422,51.32636655948553,48.67363344051447
FR,2019-06-17,511,5322,1349.2784667418302,3.5,1707.5,1704.7,1710.3,511,216,56.97555555555559,0.0,0.0,0.0,0.0,125,2482,2561,49.21673606979972,50.78326393020027
FR,2019-06-18,604,6223,1310.24859392576,14.573091641789672,1694.0,1672.0,1706.0,604,195,54.67430769230768,0.0,79.6,79.6,79.6,150,2884,3003,48.989298454221164,51.010701545778836
FR,2019-06-19,567,5524,1310.6560463432304,16.19804714470047,1610.0,1597.4,1637.0,567,186,64.04887096774195,0.0,0.0,0.0,0.0,89,2712,2529,51.74585002862049,48.254149971379505
FR,2019-06-20,530,5773,1323.9688203706896,5.312459150169742,1602.0,1597.2,1607.6,530,228,62.01219298245614,0.0,0.0,0.0,0.0,138,2852,2613,52.18664226898445,47.81335773101556
FR,2019-06-21,545,5769,1278.2683307332309,11.672450203363473,1606.0,1585.0,1615.0,545,241,68.51892116182576,0.0,0.0,0.0,0.0,134,2771,2672,50.90942494947639,49.09057505052361
FR,2019-06-22,532,5236,1326.7196333078696,16.43707744074047,1544.0,1525.6,1566.4,532,161,60.88453416149069,0.0,0.0,0.0,0.0,92,2436,2483,49.52226062207766,50.47773937792234
FR,2019-06-23,511,5451,1297.7937993028786,6.98212002188447,1549.0,1542.2,1557.2,511,170,66.89970588235295,0.0,0.0,0.0,0.0,119,2599,2640,49.608703951135716,50.391296048864284
FR,2019-06-24,631,7089,1344.6115107913674,11.033723558053987,1546.0,1531.5,1556.0,631,247,68.83858299595137,0.0,0.0,0.0,0.0,159,3440,3251,51.41234494096547,48.587655059034525
FR,2019-06-25,548,6450,1262.141860465116,3.9698866482558417,1554.0,1552.4,1561.0,548,198,56.06323232323237,0.0,0.0,0.0,0.0,133,3141,2820,52.69250125817816,47.30749874182184
FR,2019-06-26,554,6112,1309.9213023560199,6.053098380168622,1539.0,1533.8,1547.0,554,208,65.4586057692307,0.0,0.0,0.0,0.0,114,3213,2548,55.77156743620899,44.22843256379101
FR,2019-06-27,492,5682,1379.17617036255,13.674794331177344,1534.5,1514.7,1547.9,492,298,64.79604026845641,0.0,0.0,0.0,0.0,152,2777,2610,51.55002784481159,48.44997215518841
FR,2019-06-28,569,6460,1387.287306501547,4.89064079103534,1515.0,1507.0,1518.4,569,235,66.28591489361703,0.0,0.0,0.0,0.0,172,3151,2916,51.936706774353055,48.063293225646945
FR,2019-06-29,547,5565,1309.874393530998,6.548960901462833,1520.0,1514.4,1527.2,547,150,70.43566666666668,0.0,0.0,0.0,0.0,106,2681,2643,50.35687453042825,49.64312546957175
FR,2019-06-30,533,5968,1323.214979892762,13.13163772334023,1504.0,1485.0,1519.0,533,230,67.56452173913047,0.0,97.78,97.78,97.78,164,2880,2858,50.19170442662949,49.808295573370515
FR,2019-07-01,584,6929,1329.0863039399615,16.067301057281092,1531.0,1515.5,1554.7,584,325,66.79378461538455,0.0,0.0,0.0,0.0,177,3543,3068,53.592497352896686,46.40750264710331
FR,2019-07-02,554,6217,1364.4640501849772,12.960878635339505,1604.5,1584.6,1616.0,554,276,74.78094202898555,26.735000000000003,65.415,44.027,86.80300000000001,196,3099,2780,52.713046436468794,47.28695356353121
FR,2019-07-03,598,6354,1355.2491344035266,4.153311931459037,1586.5,1581.4,1592.3,598,190,63.369263157894736,0.0,0.0,0.0,0.0,119,3072,2981,50.75169337518586,49.24830662481414
FR,2019-07-04,500,4538,1308.8164389598949,3.6551333764994136,1596.0,1593.0,1600.8,500,119,60.12042016806724,0.0,0.0,0.0,0.0,100,2170,2178,49.90800367985281,50.09199632014719
FR,2019-07-05,588,4951,1346.3419511209852,0.0,1605.0,1605.0,1605.0,588,156,70.30089743589744,0.0,0.0,0.0,0.0,120,2298,2400,48.91443167305236,51.08556832694764
FR,2019-07-06,538,4578,1330.0214067278266,8.881941729649485,1596.5,1587.5,1606.0,538,120,63.99658333333332,0.0,0.0,0.0,0.0,78,2216,2140,50.872359963269055,49.127640036730945
FR,2019-07-07,490,4673,1349.351380269634,17.815689403650246,1008.5,992.6,1034.0,490,119,68.2374789915967,0.0,0.0,0.0,0.0,62,2316,2074,52.75626423690205,47.24373576309795
FR,2019-07-08,498,5075,1305.8959605911343,5.123475382979799,1601.0,1596.3,1607.1,498,147,67.9158503401361,0.0,0.0,0.0,0.0,114,2456,2360,50.99667774086378,49.00332225913621
FR,2019-07-09,563,5760,1289.5779513888888,4.527692569068709,974.0,969.3,978.7,563,241,65.14074688796687,0.0,0.0,0.0,0.0,147,2827,2687,51.269495828799414,48.73050417120058
FR,2019-07-10,500,5779,1340.8283440041555,6.164414002968976,1594.0,1589.2,1601.2,500,215,70.36027906976743,0.0,0.0,0.0,0.0,140,2978,2534,54.02757619738752,45.97242380261248
FR,2019-07-11,559,5959,1265.7256251048834,6.041522986797286,1591.5,1584.7,1596.9,559,277,68.28129963898913,0.0,0.0,0.0,0.0,138,3153,2591,54.89206128133704,45.10793871866296
FR,2019-07-12,556,5174,1379.8409354464632,19.19791655362633,947.0,936.8,979.4,556,216,68.69837962962963,0.0,0.0,0.0,0.0,136,2611,2256,53.64701047873434,46.35298952126566
FR,2019-07-13,492,5084,1342.6331628638861,10.25372561018135,1598.0,1584.5,1608.0,492,122,61.637213114754125,0.0,0.0,0.0,0.0,102,2436,2426,50.10283833813246,49.89716166186754
FR,2019-07-14,498,5744,1244.8753481894153,561.7395815126583,2065.5,940.3,2078.6,498,133,60.716015037593976,0.0,98.56,98.56,98.56,109,2683,2677,50.05597014925374,49.94402985074627
FR,2019-07-15,521,6002,1372.2622459180266,7.0,949.5,937.6,952.3,521,217,62.93894009216583,0.0,0.0,0.0,0.0,137,3008,2737,52.3585726718886,47.641427328111405
FR,2019-07-16,544,4577,1326.5086301070571,549.202549156502,2073.0,959.8,2086.0,544,162,61.78493827160495,0.0,97.28,97.28,97.28,104,2191,2209,49.79545454545454,50.20454545454546
FR,2019-07-17,517,4940,1342.0417004048584,12.599603168354152,973.0,956.4,982.6,517,96,71.21343750000001,0.0,0.0,0.0,0.0,80,2419,2218,52.16734957946948,47.83265042053051
FR,2019-07-18,502,4430,1299.5352144469523,16.5,960.5,947.3,973.7,502,218,60.35811926605511,0.0,0.0,0.0,0.0,101,2171,1930,52.938307729822,47.06169227017801
FR,2019-07-19,493,4943,1276.6987659316196,7.316852614337041,799.0,792.0,812.4,493,201,56.481144278606976,0.0,0.0,0.0,0.0,133,2394,2286,51.153846153846146,48.84615384615385
FR,2019-07-20,431,3294,1329.3986035215548,4.5,966.5,962.9,970.1,431,174,56.81787356321845,0.0,0.0,0.0,0.0,132,1640,1417,53.64736669937847,46.35263330062153
FR,2019-07-21,502,4790,1288.9561586638854,3.832427429188973,950.0,945.6,953.7,502,154,53.96889610389612,0.0,0.0,0.0,0.0,120,2372,2213,51.733914940021805,48.266085059978195
FR,2019-07-22,586,4620,1219.523376623377,2.0548046676563256,1612.0,1609.6,1613.6,586,195,62.0665128205128,0.0,0.0,0.0,0.0,137,2154,2160,49.93045897079277,50.06954102920723
FR,2019-07-23,567,4806,1223.1206824802316,17.693964758891347,966.5,951.7,982.0,567,272,71.30981617647063,0.0,0.0,0.0,0.0,132,2349,2094,52.86968264686023,47.13031735313977
FR,2019-07-24,538,5576,1285.7887374461973,3.832427429188973,1621.0,1616.6,1624.7,538,268,62.477873134328384,0.0,0.0,0.0,0.0,142,2730,2502,52.178899082568805,47.821100917431195
FR,2019-07-25,572,5217,1303.0852980640207,15.62287022522027,1601.0,1578.4,1616.0,572,281,61.64516014234882,6.939999999999998,71.86,66.308,77.41199999999999,189,2520,2370,51.533742331288344,48.466257668711656
FR,2019-07-26,577,5015,1300.3948155533387,19.199416657804996,1596.0,1570.8,1624.2,577,221,61.31438914027152,0.0,0.0,0.0,0.0,129,2479,2199,52.9927319367251,47.00726806327491
FR,2019-07-27,476,3903,1264.3089930822448,8.032891369239348,1560.0,1549.2,1569.9,476,170,63.987705882352905,0.0,69.16,69.16,69.16,78,1805,1744,50.85939701324317,49.14060298675683
FR,2019-07-28,586,5495,1287.966696997272,9.733642774053946,1579.5,1567.0,1590.8,586,267,66.52599250936323,0.0,0.0,0.0,0.0,149,2762,2422,53.27932098765432,46.72067901234568
FR,2019-07-29,596,4628,1276.0600691443362,6.819090848492928,1576.5,1570.1,1584.3,596,249,61.7552208835342,0.0,0.0,0.0,0.0,136,2263,2104,51.82047171971605,48.17952828028395
FR,2019-07-30,594,5542,1252.4261999278235,11.327885400829274,1577.0,1569.0,1597.2,594,216,67.14356481481478,0.0,0.0,0.0,0.0,108,2710,2539,51.628881691750806,48.37111830824919
FR,2019-07-31,505,4293,1294.8159795015138,6.7370434986009125,1564.0,1555.0,1569.0,505,89,70.54865168539322,0.0,0.0,0.0,0.0,77,1917,2115,47.544642857142854,52.45535714285714
FR,2019-08-01,570,5143,1274.7874781256075,4.578209256903839,1553.0,1548.0,1558.2,570,181,55.26955801104973,0.0,0.0,0.0,0.0,106,2575,2298,52.84219166837677,47.15780833162323
FR,2019-08-02,597,5031,1287.8002385211664,5.177408189003022,1555.0,1547.5,1560.0,597,143,67.53125874125875,0.0,0.0,0.0,0.0,96,2316,2399,49.11983032873807,50.88016967126193
FR,2019-08-03,519,4649,1219.5915250591522,3.0,1539.0,1536.6,1541.4,519,151,66.0399337748344,0.0,0.0,0.0,0.0,119,2178,2180,49.97705369435521,50.02294630564479
FR,2019-08-04,529,5463,1227.9291598023049,4.5,1539.5,1535.9,1543.1,529,270,55.83585185185188,0.0,0.0,0.0,0.0,153,2707,2534,51.65044838771227,48.34955161228773
FR,2019-08-05,533,5679,1235.1007219580918,0.0,1530.0,1530.0,1530.0,533,209,59.667081339712965,0.0,0.0,0.0,0.0,149,2745,2683,50.57111274871039,49.42888725128961
FR,2019-08-06,572,5520,1296.240579710146,0.0,1538.0,1538.0,1538.0,572,162,55.74172839506177,0.0,0.0,0.0,0.0,138,2742,2484,52.46842709529277,47.53157290470723
FR,2019-08-07,573,6179,1265.161514808222,528.0709576260454,2128.0,1038.4,2142.4,573,136,61.8598529411765,0.0,0.0,0.0,0.0,111,2945,2974,49.755026186855886,50.244973813144114
FR,2019-08-08,561,5320,1267.5949248120298,418.1594592178124,2137.5,1577.0,2144.5,561,113,56.06672566371686,0.0,0.0,0.0,0.0,95,2640,2338,53.03334672559261,46.96665327440739
FR,2019-08-09,632,5967,1262.0603318250373,3.299831645537222,1527.0,1523.0,1529.4,632,146,63.92410958904112,0.0,0.0,0.0,0.0,119,2735,2806,49.359321422125966,50.640678577874034
FR,2019-08-10,538,4199,1244.7861395570364,0.0,1532.0,1532.0,1532.0,538,138,73.23333333333333,0.0,0.0,0.0,0.0,49,1904,2076,47.83919597989949,52.16080402010051
FR,2019-08-11,558,5832,1217.654835390947,0.0,1525.0,1525.0,1525.0,558,293,70.26546075085328,0.0,0.0,0.0,0.0,101,2832,2753,50.70725156669651,49.29274843330349
FR,2019-08-12,520,4444,1242.4846984698486,5.192301994298868,1510.0,1505.0,1516.6,520,132,60.786515151515175,0.0,0.0,0.0,0.0,104,2111,2097,50.166349809885936,49.83365019011407
FR,2019-08-13,577,5467,1260.7351381013361,4.793703353017862,1530.0,1525.2,1536.0,577,120,75.19966666666673,0.0,0.0,0.0,0.0,108,2638,2538,50.9659969088099,49.03400309119011
FR,2019-08-14,578,5618,1333.258454966179,287.8840521807347,1547.0,758.8,1555.2,578,155,59.24283870967743,0.0,0.0,0.0,0.0,107,2889,2459,54.02019446522064,45.97980553477935
FR,2019-08-15,529,4800,1317.8354166666659,6.97614984548545,1544.0,1538.4,1552.0,529,204,68.87490196078427,0.0,0.0,0.0,0.0,97,2519,2035,55.31400966183575,44.68599033816425
FR,2019-08-16,536,4375,1254.98582857143,7.498147919467995,951.0,940.8,958.4,536,231,61.44489177489177,0.0,0.0,0.0,0.0,130,2172,1955,52.62902834989096,47.37097165010904
FR,2019-08-17,539,4634,1337.56495468278,38.32049009260581,922.0,868.5,972.7,539,239,70.48242677824264,0.0,0.0,0.0,0.0,116,2289,2028,53.02293259207783,46.97706740792217
FR,2019-08-18,548,5685,1333.4270888302563,0.0,1562.0,1562.0,1562.0,548,251,73.32996015936261,0.0,0.0,0.0,0.0,155,2838,2498,53.185907046476764,46.81409295352324
FR,2019-08-19,562,5522,1322.8511408909815,255.65471506180623,1563.0,1110.8000000000002,1576.8,562,293,60.18112627986352,0.0,0.0,0.0,0.0,167,2716,2536,51.713632901751716,48.286367098248284
FR,2019-08-20,546,5325,1293.1759624413162,45.33386993533212,905.0,863.2,974.8000000000001,546,218,74.18275229357802,0.0,39.16,39.16,39.16,119,2725,2346,53.73693551567739,46.26306448432262
FR,2019-08-21,566,5000,1265.1062000000004,116.88520264292599,1068.0,1014.2,1114.6,566,234,66.86495726495725,0.0,0.0,0.0,0.0,122,2455,2267,51.99068191444304,48.00931808555697
FR,2019-08-22,589,4813,1340.290878869726,4.498888751680797,1132.0,1127.4,1137.2,589,219,68.6244292237443,0.0,0.0,0.0,0.0,136,2370,2190,51.973684210526315,48.026315789473685
FR,2019-08-23,565,4631,1307.9028287626863,181.76358271116908,1529.0,1224.2,1536.2,565,167,64.28233532934131,0.0,0.0,0.0,0.0,115,2284,2125,51.80312996144251,48.19687003855749
FR,2019-08-24,538,4929,1296.1081355244485,13.519533193782165,1165.0,1154.7,1188.4,538,196,69.69367346938773,0.0,0.0,0.0,0.0,127,2439,2205,52.51937984496124,47.480620155038764
FR,2019-08-25,575,4093,1268.692401661374,5.561080815337136,1199.0,1195.0,1204.0,575,204,66.23078431372552,0.0,0.0,0.0,0.0,86,2058,1862,52.5,47.5
FR,2019-08-26,624,5323,1279.8160811572438,151.10306351119797,1210.0,1197.1,1543.5,624,226,70.7210619469027,0.0,0.0,0.0,0.0,133,2583,2437,51.454183266932276,48.54581673306773
FR,2019-08-27,564,5215,1291.151677852348,152.5571486156909,1252.5,1217.4,1554.3,564,194,65.15701030927826,0.0,96.84,96.84,96.84,124,2611,2365,52.47186495176849,47.52813504823151
FR,2019-08-28,561,5358,1346.971444568868,107.29433934323859,1509.5,1270.9,1531.9,561,202,71.83801980198021,0.0,0.0,0.0,0.0,119,2678,2376,52.98773248911753,47.012267510882474
FR,2019-08-29,490,5484,1298.927972283006,8.244377129493055,1504.0,1491.2,1513.2,490,234,57.11905982905986,0.0,0.0,0.0,0.0,136,2638,2610,50.266768292682926,49.733231707317074
FR,2019-08-30,561,5274,1313.098976109215,8.425417160057277,1503.5,1491.8,1513.6,561,220,57.77813636363634,0.0,0.0,0.0,0.0,104,2553,2438,51.1520737327189,48.8479262672811
FR,2019-08-31,533,5547,1285.7431043807474,113.84523371698796,1476.5,1259.5,1514.5,533,207,67.04874396135267,0.0,78.99,78.99,78.99,127,2668,2585,50.790024747763184,49.209975252236816
FR,2019-09-01,554,5519,1322.0449356767524,8.11932690484594,1534.0,1524.3,1545.8,554,191,70.42821989528791,0.0,0.0,0.0,0.0,127,2686,2453,52.26697801128625,47.73302198871376
FR,2019-09-02,560,5702,1307.7848123465446,106.38099767659008,1523.5,1286.7,1540.9,560,158,66.14354430379731,0.0,0.0,0.0,0.0,138,2864,2481,53.58278765201122,46.41721234798877
FR,2019-09-03,590,5004,1277.7496003197439,70.22185824228806,1478.0,1408.7,1487.1,590,165,69.99278787878785,0.0,0.0,0.0,0.0,109,2372,2312,50.640478223740395,49.359521776259605
FR,2019-09-04,521,5958,1255.3368580060435,5.235429516498358,1478.0,1471.4,1483.0,521,270,66.53037037037043,0.0,0.0,0.0,0.0,125,2847,2818,50.25595763459842,49.74404236540158
FR,2019-09-05,585,5087,1289.0344014153732,86.24492738706434,1468.0,1273.6,1475.0,585,264,66.06909090909093,0.0,0.0,0.0,0.0,143,2576,2290,52.93875873407317,47.06124126592684
FR,2019-09-06,605,4971,1305.3454033393684,7.28285658241325,1471.0,1463.2,1479.4,605,310,58.99980645161284,0.0,0.0,0.0,0.0,161,2330,2381,49.458713648906816,50.541286351093184
FR,2019-09-07,619,5318,1259.1581421587052,3.5,1477.5,1474.7,1480.3,619,120,67.496,0.0,0.0,0.0,0.0,91,2635,2451,51.808887141171844,48.191112858828156
FR,2019-09-08,558,4998,1237.3173269307747,0.0,1474.0,1474.0,1474.0,558,255,63.68231372549021,0.0,0.0,0.0,0.0,118,2534,2235,53.13482910463409,46.86517089536591
FR,2019-09-09,628,6224,1271.1079691516723,7.865073108369686,1452.5,1444.6,1461.8,628,276,69.34840579710142,0.0,0.0,0.0,0.0,147,3148,2815,52.79221868187154,47.20778131812846
FR,2019-09-10,623,5985,1281.9854636591497,18.187033171548084,1490.0,1468.6,1515.4,623,248,67.21508064516132,0.0,0.0,0.0,0.0,136,2767,2831,49.428367274026435,50.57163272597356
FR,2019-09-11,648,6246,1257.7598463016334,21.19653286910568,1495.0,1481.0,1533.4,648,242,62.81586776859504,0.0,0.0,0.0,0.0,152,2860,3016,48.67256637168141,51.32743362831859
FR,2019-09-12,628,5764,1254.500173490633,5.979966555090422,1504.0,1495.4,1508.6,628,189,72.77888888888889,0.0,80.29,80.29,80.29,143,2924,2625,52.694179131375016,47.30582086862498
FR,2019-09-13,633,5462,1277.8057488099603,15.83793662969992,1529.0,1503.0,1540.8,633,276,63.53525362318851,0.0,48.18,48.18,48.18,150,2640,2511,51.2521840419336,48.74781595806639
FR,2019-09-14,593,5487,1270.229451430653,7.243680979130971,1554.0,1545.8,1563.0,593,148,58.82033783783788,0.0,0.0,0.0,0.0,76,2755,2447,52.960399846212994,47.039600153787006
FR,2019-09-15,633,6517,1302.7241061838256,8.757046936966905,1576.0,1565.2,1587.8,633,316,74.77670886075947,0.0,0.0,0.0,0.0,126,3214,2956,52.09076175040519,47.909238249594814
FR,2019-09-16,640,6194,1266.4137875363258,4.06201920231798,1565.5,1562.0,1570.4,640,352,65.80028409090907,0.0,0.0,0.0,0.0,133,3047,2901,51.22730329522529,48.77269670477472
FR,2019-09-17,644,6118,1266.7976462896406,10.152654278014637,1559.5,1542.8,1568.7,644,239,66.89443514644356,0.0,81.66,81.66,81.66,142,2808,3014,48.230848505668156,51.769151494331844
FR,2019-09-18,621,5806,1289.7526696520852,16.885693769113313,1551.0,1537.2,1580.6,621,202,54.1730693069307,0.0,0.0,0.0,0.0,144,2873,2555,52.92925571112749,47.07074428887251
FR,2019-09-19,575,4616,1270.5669410745227,82.37323837266568,1568.0,1543.8,1577.2,575,178,68.43803370786516,0.0,73.3,73.3,73.3,109,2265,2062,52.345736075803096,47.654263924196904
FR,2019-09-20,604,5045,1335.5242814667993,18.422691322267646,1609.0,1578.4,1625.6,604,167,68.55832335329337,0.0,0.0,0.0,0.0,122,2536,2259,52.88842544316997,47.111574556830035
FR,2019-09-21,543,5293,1343.6000377857547,266.0459088306684,919.0,887.5,1017.7,543,181,61.77121546961327,0.0,0.0,0.0,0.0,124,2753,2314,54.33195184527334,45.66804815472666
FR,2019-09-22,586,5888,1264.1545516304336,4.5,1631.5,1627.9,1635.1,586,237,60.05147679324897,0.0,0.0,0.0,0.0,178,2838,2767,50.63336306868867,49.366636931311334
FR,2019-09-23,617,5483,1316.2531460879081,14.029851556373556,1598.5,1590.3,1622.7,617,229,61.754104803493526,0.0,42.75,42.75,42.75,151,2637,2456,51.77694875319065,48.22305124680935
FR,2019-09-24,685,6438,1229.4375582479008,12.334159391270788,1602.0,1582.8,1614.4,685,224,63.98607142857151,0.0,50.94,50.94,50.94,151,3035,3046,49.90955434961355,50.09044565038645
FR,2019-09-25,625,6474,1224.8509422304621,9.973518655929075,1572.0,1558.0,1584.0,625,246,65.43463414634151,0.0,0.0,0.0,0.0,146,3268,2915,52.85460132621704,47.14539867378295
FR,2019-09-26,598,5447,1280.3100789425362,6.580695674133212,1572.0,1563.5,1577.9,598,208,61.163990384615424,0.0,0.0,0.0,0.0,143,2466,2686,47.86490683229814,52.13509316770186
FR,2019-09-27,644,6428,1233.1029869321728,6.177378084592201,1567.0,1560.6,1573.6,644,278,54.03093525179869,0.0,0.0,0.0,0.0,175,3079,2943,51.12919295914978,48.87080704085022
FR,2019-09-28,559,5888,1321.587126358693,14.364211726105847,1597.0,1573.0,1607.0,559,238,66.00256302521004,0.0,2.36,2.36,2.36,143,3073,2491,55.23005032350827,44.769949676491734
FR,2019-09-29,613,5286,1242.4373817631486,82.99564653492375,1604.0,1585.5,1614.5,613,202,63.24014851485152,0.0,63.08,63.08,63.08,116,2435,2536,48.98410782538725,51.01589217461275
FR,2019-09-30,617,6379,1307.0954695093258,12.262708650110708,1572.5,1558.0,1587.0,617,222,63.677027027027066,0.0,0.0,0.0,0.0,158,3204,2752,53.79449294828744,46.20550705171256
FR,2019-10-01,673,6035,1313.603148301574,11.673173337980838,1585.0,1573.0,1602.4,673,192,63.97619791666668,0.0,71.5,71.5,71.5,121,2960,2758,51.76635187128367,48.23364812871633
FR,2019-10-02,615,5388,1305.0014847809937,11.495597432520787,1586.0,1574.0,1602.0,615,184,63.389836956521776,0.0,0.0,0.0,0.0,124,2604,2467,51.35081837901795,48.649181620982056
FR,2019-10-03,603,4768,1279.3571728187908,4.96655480858378,1608.0,1600.0,1608.8,603,147,58.12564625850341,0.0,0.0,0.0,0.0,112,2412,2076,53.7433155080214,46.25668449197861
FR,2019-10-04,594,4441,1261.0752082864235,18.577166390790364,1629.0,1606.6,1652.0,594,176,65.39,0.0,0.0,0.0,0.0,98,2049,2143,48.87881679389313,51.12118320610687
FR,2019-10-05,602,5818,1264.857854932965,185.8105739052544,1658.0,1279.5,1676.1,602,216,66.91828703703703,0.0,0.0,0.0,0.0,119,2717,2841,48.88449082403742,51.11550917596258
FR,2019-10-06,595,6266,1286.9958506224061,78.76648456614711,1639.5,1622.8,1663.8,595,204,63.251862745098094,35.465,50.305,21.933,78.67699999999999,152,2907,3011,49.12132477188239,50.87867522811761
FR,2019-10-07,649,5888,1294.7668138586926,172.07193104093082,1624.0,1276.0,1656.0,649,232,58.73443965517237,0.0,0.0,0.0,0.0,108,3017,2475,54.93445010924982,45.065549890750184
FR,2019-10-08,612,5923,1237.499409083235,3.0,1661.0,1658.6,1663.4,612,144,59.70645833333333,0.0,0.0,0.0,0.0,121,3002,2625,53.34992002843434,46.65007997156567
FR,2019-10-09,613,6114,1273.6717369970581,3.39934634239519,1674.0,1672.4,1678.8,613,202,59.74643564356441,0.0,0.0,0.0,0.0,134,3094,2726,53.16151202749141,46.83848797250859
FR,2019-10-10,614,5083,1255.255557741491,572.8023082835823,2132.0,939.5,2152.5,614,197,61.46314720812185,0.0,0.0,0.0,0.0,142,2488,2332,51.6182572614108,48.38174273858921
FR,2019-10-11,623,6062,1284.18525239195,209.5622374402095,1667.0,1252.4,1698.0,623,174,50.12247126436781,10.39,10.93,2.6180000000000003,19.242,124,2961,2785,51.53150017403411,48.468499825965885
FR,2019-10-12,548,4720,1303.8919491525414,215.65553078573595,1650.5,1233.0,1681.1,548,195,64.79676923076924,0.0,0.0,0.0,0.0,102,2328,2149,51.999106544561094,48.000893455438906
FR,2019-10-13,613,5414,1317.2648688585139,10.764956921449391,1668.0,1658.0,1682.0,613,339,64.64047197640119,0.0,0.0,0.0,0.0,170,2653,2463,51.85691946833464,48.14308053166536
FR,2019-10-14,623,6191,1330.370699402356,2.494438257849294,1650.0,1646.8,1651.6,623,186,63.38752688172047,0.0,0.0,0.0,0.0,134,3077,2895,51.52377762893503,48.47622237106497
FR,2019-10-15,619,4994,1278.6882258710468,8.197809563087757,1625.0,1618.3,1634.7,619,206,61.558592233009726,0.0,0.0,0.0,0.0,148,2499,2286,52.225705329153605,47.774294670846395
FR,2019-10-16,586,4530,1271.570198675496,14.63394491413713,1640.5,1616.5,1652.0,586,192,60.87192708333336,0.0,0.0,0.0,0.0,134,2142,2117,50.293496125851135,49.70650387414886
FR,2019-10-17,574,4161,1247.4893054554198,193.88777035832234,1617.0,1251.6,1636.4,574,194,53.57242268041235,0.0,95.52,95.52,95.52,147,1901,1987,48.8940329218107,51.105967078189295
FR,2019-10-18,574,4564,1324.5219106047339,6.0332412515993425,1619.0,1611.6,1624.4,574,122,60.76106557377052,0.0,0.0,0.0,0.0,81,2309,2004,53.535821933688844,46.46417806631115
FR,2019-10-19,624,4974,1322.1093687173307,169.83993323906645,1646.0,1297.0,1667.0,624,224,73.36705357142854,0.0,0.0,0.0,0.0,133,2452,2255,52.09262800084979,47.9073719991502
FR,2019-10-20,582,4729,1274.933389722985,187.26428439108403,1301.0,1278.0,1672.4,582,217,66.37857142857138,0.0,0.0,0.0,0.0,100,2304,2149,51.740399730518746,48.259600269481254
FR,2019-10-21,537,4706,1308.2932426689317,7.408703590297622,1676.0,1667.2,1681.6,537,151,67.15125827814578,0.0,0.0,0.0,0.0,123,2338,2107,52.59842519685039,47.40157480314961
FR,2019-10-22,519,5530,1298.7363471971082,171.79600626497415,1634.0,1300.4,1659.0,519,177,57.55988700564973,0.0,78.44,78.44,78.44,142,2731,2535,51.86099506266616,48.13900493733384
FR,2019-10-23,598,5108,1329.570086139389,4.669047011971501,1638.5,1632.8,1644.3,598,156,62.28942307692305,0.0,0.0,0.0,0.0,105,2539,2290,52.57817353489336,47.42182646510665
FR,2019-10-24,585,4896,1262.94464869281,0.0,1643.0,1643.0,1643.0,585,187,65.61561497326205,0.0,0.0,0.0,0.0,127,2278,2322,49.52173913043478,50.47826086956522
FR,2019-10-25,590,4869,1335.9233928938183,12.06355717708114,1632.0,1614.2,1645.2,590,208,58.19682692307693,0.0,0.0,0.0,0.0,129,2538,2082,54.935064935064936,45.064935064935064
FR,2019-10-26,550,4041,1289.8812175204168,7.136218875196497,1623.0,1615.0,1632.0,550,181,64.20718232044196,0.0,0.0,0.0,0.0,108,2008,1792,52.84210526315789,47.1578947368421
FR,2019-10-27,564,5124,1310.653786104605,4.0,1617.0,1613.8,1620.2,564,209,58.27000000000006,0.0,0.0,0.0,0.0,166,2334,2534,47.945768282662286,52.054231717337714
FR,2019-10-28,632,6116,1276.293982995423,7.756287771866127,966.0,955.2,972.2,632,205,65.98053658536584,0.0,43.91,43.91,43.91,142,2973,2885,50.75110959371799,49.24889040628201
FR,2019-10-29,596,5565,1369.3680143755607,13.179388490811537,1576.0,1567.1,1598.7,596,131,67.4369465648855,0.0,50.36,50.36,50.36,114,2789,2471,53.022813688212935,46.97718631178707
FR,2019-10-30,578,5466,1310.5799487742413,17.950805133995456,1631.0,1616.0,1661.0,578,203,56.12083743842363,0.0,0.0,0.0,0.0,156,2743,2389,53.448947778643806,46.5510522213562
FR,2019-10-31,554,4768,1335.2875419463085,11.321467212102444,1647.0,1633.0,1660.7,554,202,65.63237623762375,0.0,75.89,75.89,75.89,142,2330,2258,50.7846556233653,49.215344376634704
FR,2019-11-01,593,5819,1348.933150025777,0.0,1649.0,1649.0,1649.0,593,211,66.05402843601891,0.0,0.0,0.0,0.0,145,2992,2586,53.63929723915382,46.36070276084618
FR,2019-11-02,597,5507,1348.5903395678204,17.427535920618922,927.0,926.0,935.0,597,191,60.0550261780105,0.0,0.0,0.0,0.0,140,2636,2572,50.614439324116745,49.385560675883255
FR,2019-11-03,590,5284,1358.6845193035567,6.6000000000000005,920.0,914.2,925.6,590,293,63.92163822525599,0.0,0.0,0.0,0.0,144,2790,2258,55.269413629160056,44.73058637083994
FR,2019-11-04,574,5057,1419.8617757563782,12.265579661982732,1672.0,1660.4,1690.8,574,213,59.162159624413206,0.0,0.0,0.0,0.0,150,2726,2088,56.62650602409639,43.373493975903614
FR,2019-11-05,618,5653,1340.1993631699986,18.16694270325541,1629.0,1614.2,1663.0,618,228,58.90232456140355,0.0,0.0,0.0,0.0,131,2970,2417,55.13272693521441,44.86727306478559
FR,2019-11-06,600,4633,1335.946039283401,6.972087205421343,1648.0,1642.3,1655.6,600,238,68.99957983193283,0.0,0.0,0.0,0.0,141,2346,2037,53.52498288843258,46.47501711156742
FR,2019-11-07,595,4185,1316.783990442055,10.697184305513096,1657.0,1647.0,1670.0,595,208,64.31711538461539,0.0,0.0,0.0,0.0,147,1996,1964,50.40404040404041,49.59595959595959
FR,2019-11-08,622,5455,1301.282859761687,168.77466561987922,1637.5,1309.1,1672.3,622,206,67.08834951456322,33.375,54.325,27.625,81.025,138,2847,2392,54.3424317617866,45.6575682382134
FR,2019-11-09,586,4772,1288.817267393128,192.09667354155633,1279.0,1252.8,1675.2,586,340,67.15264705882359,0.0,74.03,74.03,74.03,209,2321,2183,51.53197158081705,48.46802841918294
FR,2019-11-10,603,5234,1304.596102407335,13.120314827766071,1704.0,1682.4,1715.0,603,226,61.26743362831863,0.0,89.5,89.5,89.5,155,2597,2423,51.73306772908367,48.266932270916335
FR,2019-11-11,603,5777,1344.4041890254466,210.062543596478,1656.0,1244.5,1677.5,603,234,64.28918803418804,14.52,74.15,62.534000000000006,85.766,143,2881,2618,52.39134388070559,47.608656119294416
FR,2019-11-12,597,5234,1332.963698891861,3.7416573867739413,1683.0,1680.6,1687.8,597,277,66.71801444043324,0.0,40.83,40.83,40.83,177,2628,2305,53.27386985607136,46.72613014392864
FR,2019-11-13,570,5097,1321.5165783794391,5.80409338312195,1685.5,1678.4,1690.5,570,300,65.33416666666668,0.0,85.68,85.68,85.68,172,2398,2417,49.80269989615784,50.19730010384216
FR,2019-11-14,591,5039,1301.4385790831523,3.947573094109004,1670.0,1666.0,1675.5,591,178,59.91219101123597,0.0,41.33,41.33,41.33,132,2471,2335,51.414898044111524,48.58510195588847
FR,2019-11-15,548,4878,1344.9323493234924,11.44668802172343,1678.0,1665.6,1694.2,548,178,56.06370786516861,0.0,38.5,38.5,38.5,142,2226,2356,48.58140549978175,51.41859450021824
FR,2019-11-16,560,4576,1358.7843094405614,4.0,1064.0,1060.8,1067.2,560,251,69.18697211155379,0.0,0.0,0.0,0.0,124,2328,2046,53.223593964334704,46.776406035665296
FR,2019-11-17,557,5003,1376.3316010393764,196.68581187708992,1659.5,1256.6,1674.0,557,255,62.87384313725491,0.0,51.48,51.48,51.48,174,2347,2373,49.724576271186436,50.275423728813564
FR,2019-11-18,583,4819,1281.8412533720675,13.281380264430164,1700.0,1681.2,1712.8,583,199,63.548793969849285,0.0,0.0,0.0,0.0,139,2357,2251,51.150173611111114,48.84982638888889
FR,2019-11-19,630,5877,1353.1163859111798,17.955521606003746,1680.0,1660.4,1704.6,630,274,65.17098540145987,0.0,0.0,0.0,0.0,199,2808,2650,51.44741663613045,48.55258336386955
FR,2019-11-20,654,4617,1276.1609270088798,8.925369584629099,1653.0,1643.4,1667.0,654,221,59.86769230769228,0.0,60.2,60.2,60.2,176,2106,2321,47.57171899706347,52.42828100293653
FR,2019-11-21,644,5722,1277.625480601188,23.387936111498927,1632.0,1600.0,1658.6,644,250,63.00551999999999,0.0,0.0,0.0,0.0,163,2808,2601,51.9134775374376,48.0865224625624
FR,2019-11-22,603,5343,1297.155156279244,14.932661350208141,1595.5,1578.5,1615.5,603,219,64.19543378995434,0.0,0.0,0.0,0.0,133,2603,2438,51.636580043642134,48.363419956357866
FR,2019-11-23,654,5437,1287.5046900864436,11.33571879988469,1596.5,1584.0,1613.5,654,270,60.030814814814825,0.0,0.0,0.0,0.0,149,2750,2438,53.00693909020817,46.99306090979183
FR,2019-11-24,685,6690,1316.5022421524666,16.188344572562077,1588.5,1556.8,1600.8,685,295,66.14989830508476,0.0,0.0,0.0,0.0,166,3274,3105,51.32465903746669,48.67534096253331
FR,2019-11-25,660,5497,1257.8715663088958,8.449289666461235,1583.0,1573.3,1592.0,660,202,63.12163366336636,0.0,0.0,0.0,0.0,139,2611,2556,50.532223727501446,49.46777627249855
FR,2019-11-26,673,5060,1254.8272727272736,19.326406805197905,1604.0,1578.3,1623.7,673,198,56.37166666666674,0.0,92.54,92.54,92.54,154,2352,2366,49.85163204747774,50.14836795252226
FR,2019-11-27,650,4865,1273.340596094552,24.46469991539061,1655.0,1631.0,1695.0,650,139,60.44431654676264,0.0,97.22,97.22,97.22,125,2260,2231,50.322867958138495,49.6771320418615
FR,2019-11-28,635,5033,1301.9668189946344,201.5975470774739,1703.5,1296.0,1721.3,635,263,61.832395437262406,0.0,90.32,90.32,90.32,159,2492,2272,52.308984047019315,47.691015952980685
FR,2019-11-29,636,6154,1286.01429964251,10.491729547071298,1680.5,1672.1,1696.2,636,249,59.09815261044182,0.0,52.41,52.41,52.41,165,3021,2882,51.177367440284605,48.8226325597154
FR,2019-11-30,614,5561,1263.9012767487845,7.942921376924237,1664.0,1655.1,1673.1,614,218,58.133761467889975,0.0,98.25,98.25,98.25,141,2741,2528,52.02125640539001,47.97874359460999
FR,2019-12-01,708,6180,1255.0491909385112,16.972901787410017,1671.0,1632.6,1679.8,708,251,57.750318725099596,36.60438316194751,67.36,21.36,92.024,135,3033,2737,52.56499133448873,47.43500866551126
FR,2019-12-02,626,6349,1308.7210584343993,6.136311676215145,1625.0,1617.7,1633.3,626,281,56.77964412811395,0.0,0.0,0.0,0.0,203,3154,2892,52.16672179953689,47.83327820046311
FR,2019-12-03,729,6067,1287.2478984671181,7.602338821412498,1635.0,1625.4,1644.2,729,322,67.18077639751553,0.0,0.0,0.0,0.0,223,2988,2718,52.36593059936908,47.63406940063091
FR,2019-12-04,722,5950,1271.4521008403347,9.084358249419987,1638.0,1630.0,1651.4,722,279,63.03132616487465,32.550000000000004,64.78,38.739999999999995,90.82,184,2802,2782,50.17908309455588,49.82091690544412
FR,2019-12-05,663,6210,1326.9442834138501,142.7596987851341,1329.0,1290.7,1601.1000000000001,663,256,66.23578125000002,0.0,0.0,0.0,0.0,170,3037,2835,51.7200272479564,48.2799727520436
FR,2019-12-06,676,5666,1269.2269678785738,6.31042221815851,1581.0,1573.8,1588.0,676,263,57.832623574144506,0.0,0.0,0.0,0.0,190,2714,2595,51.120738368807686,48.879261631192314
FR,2019-12-07,630,6088,1330.167706964521,24.07168849765586,1000.0,958.0,1022.0,630,247,58.47777327935227,0.0,0.0,0.0,0.0,157,2940,2768,51.50665732305536,48.49334267694464
FR,2019-12-08,645,7019,1299.4687277389946,12.883020694783587,999.0,982.5,1015.0,645,322,63.82835403726716,0.0,0.0,0.0,0.0,163,3391,3288,50.7710735139991,49.228926486000894
FR,2019-12-09,683,5875,1304.8742127659575,21.81452681693815,1600.0,1577.0,1635.6,683,339,69.00247787610621,0.0,57.57,57.57,57.57,181,2846,2678,51.520637219406225,48.479362780593775
FR,2019-12-10,661,7101,1245.8812843261524,121.47092489796833,1294.0,1272.0,1584.6,661,416,62.43584134615388,3.404999999999994,94.91499999999999,92.191,97.639,214,3208,3559,47.406531697945915,52.59346830205408
FR,2019-12-11,674,6788,1260.1800235710054,14.745578956603639,1607.0,1590.2,1627.4,674,406,53.945123152709364,0.0,77.58,77.58,77.58,191,3478,2931,54.26743641753784,45.73256358246216
FR,2019-12-12,657,6231,1251.3028406355322,7.839808918469656,1636.0,1624.8,1646.8,657,291,63.01422680412377,0.0,65.32,65.32,65.32,183,3107,2775,52.82216933015981,47.17783066984019
FR,2019-12-13,637,7021,1219.8802164933768,25.810608284191986,1036.5,997.3,1045.6,637,294,62.24989795918373,0.0,0.0,0.0,0.0,182,3586,3054,54.00602409638554,45.99397590361446
FR,2019-12-14,625,6484,1262.0197409006787,5.378254348272378,1642.0,1640.0,1650.0,625,251,64.39270916334665,0.0,0.0,0.0,0.0,175,3365,2737,55.145853818420186,44.854146181579814
FR,2019-12-15,641,6594,1321.6198058841348,17.49349767592233,1621.0,1599.1,1642.9,641,387,61.9830232558141,0.0,0.0,0.0,0.0,203,3233,3039,51.54655612244898,48.453443877551024
FR,2019-12-16,654,6056,1295.581241743723,27.747927850562103,1660.0,1621.2,1688.1,654,269,66.86951672862455,0.0,0.0,0.0,0.0,195,2931,2795,51.18756549074398,48.81243450925602
FR,2019-12-17,639,7331,1368.8442231619176,5.314592925068079,1686.0,1678.6,1690.8,639,253,67.50122529644275,0.0,0.0,0.0,0.0,189,3816,3147,54.80396380870315,45.196036191296855
FR,2019-12-18,648,5350,1325.753644859812,133.30293871249708,1033.0,757.8,1041.8,648,307,51.75078175895775,0.0,72.09,72.09,72.09,230,2630,2428,51.996836694345596,48.00316330565441
FR,2019-12-19,687,6307,1319.2620897415572,9.659839543180828,1673.5,1665.5,1688.0,687,331,59.80613293051361,0.0,0.0,0.0,0.0,214,2985,2950,50.29486099410278,49.70513900589722
FR,2019-12-20,656,5384,1260.6368870728088,158.5170754939054,1020.0,702.0,1034.4,656,281,59.721245551601505,0.0,6.48,6.48,6.48,182,2582,2510,50.7069913589945,49.2930086410055
FR,2019-12-21,666,5786,1306.5504666436218,492.2664341741501,1029.0,1017.2,2183.6,666,333,61.961201201201206,0.0,0.0,0.0,0.0,179,2824,2684,51.27087872185911,48.72912127814089
FR,2019-12-22,621,5964,1286.2241784037574,13.486857187810942,1004.0,989.0,1026.0,621,332,72.4875903614458,0.0,0.0,0.0,0.0,182,2756,2895,48.77012918067599,51.229870819324006
FR,2019-12-23,663,6352,1266.9452141057936,9.476051685990086,1018.0,1014.4,1035.8,663,279,62.82709677419359,0.0,0.0,0.0,0.0,173,2969,2982,49.89077465972105,50.10922534027894
FR,2019-12-24,579,5221,1309.3047308944642,204.52215777120725,1305.0,1292.6,1715.6,579,168,60.74875000000007,15.93,50.85,38.106,63.594,143,2477,2498,49.78894472361809,50.21105527638191
FR,2019-12-25,547,4933,1321.01662274478,22.315098945656167,1018.0,993.0,1048.4,547,212,64.14466981132068,0.0,18.59,18.59,18.59,135,2312,2318,49.93520518358531,50.06479481641468
FR,2019-12-26,611,5750,1346.9735652173915,5.656854249492381,1681.0,1675.4,1686.6,611,281,59.32074733096092,0.0,0.0,0.0,0.0,171,2819,2648,51.56392902871776,48.43607097128224
FR,2019-12-27,636,5118,1357.7928878468151,11.327694675734628,1700.5,1686.8,1715.3,636,264,58.794318181818305,0.0,98.84,98.84,98.84,183,2454,2428,50.26628430970913,49.733715690290865
FR,2019-12-28,640,6708,1275.1627906976778,10.672622693069993,1700.0,1687.4,1714.2,640,312,56.85419871794878,0.0,66.58,66.58,66.58,179,3287,3076,51.65802294515166,48.34197705484834
FR,2019-12-29,628,5720,1262.8083916083904,33.238326142968226,1608.0,1580.0,1664.2,628,240,59.01308333333339,0.0,0.0,0.0,0.0,159,2797,2654,51.3116859291873,48.688314070812694
FR,2019-12-30,728,7091,1286.1133831617553,13.027069718649143,1642.0,1625.1,1656.0,728,296,51.414932432432494,0.0,46.22,46.22,46.22,209,3630,3000,54.75113122171946,45.248868778280546
FR,2019-12-31,628,5779,1272.2791140335685,8.053531833922307,1644.5,1633.3,1652.0,628,284,59.368028169014096,0.0,63.14,63.14,63.14,172,2833,2608,52.06763462598787,47.93236537401213
FR,2020-01-01,606,6666,1328.2152715271538,9.773467202432553,1002.0,996.0,1018.0,606,379,65.50947229551453,0.0,0.0,0.0,0.0,193,3190,3123,50.53065103754159,49.46934896245842
FR,2020-01-02,760,6542,1277.5955365331706,11.90952285752362,1002.0,993.6,1022.8,760,330,64.12981818181817,0.0,73.01,73.01,73.01,218,3137,3064,50.58861473955814,49.41138526044186
FR,2020-01-03,717,7144,1296.936030235163,17.24013405464767,985.5,978.0,1007.5,717,234,59.91239316239319,0.0,0.0,0.0,0.0,180,3525,3201,52.408563782337204,47.5914362176628
FR,2020-01-04,627,6223,1289.4658524827253,49.4031038161234,1315.0,1267.8,1364.6,627,281,60.00220640569404,0.0,0.0,0.0,0.0,200,3102,2845,52.16075332100218,47.83924667899782
FR,2020-01-05,636,6596,1310.3778047301396,22.423021972687664,983.0,948.8,1006.4,636,190,61.122473684210526,0.0,0.0,0.0,0.0,148,3227,3053,51.38535031847133,48.61464968152866
FR,2020-01-06,688,6600,1292.4539393939397,4.031128874149275,1639.5,1635.3,1643.7,688,357,60.61375350140063,0.0,0.0,0.0,0.0,226,3238,3013,51.799712046072635,48.20028795392737
FR,2020-01-07,697,5929,1323.588800809579,13.400152298860377,1635.0,1613.0,1651.0,697,326,63.22095092024545,0.0,0.0,0.0,0.0,230,2869,2728,51.259603358942286,48.74039664105771
FR,2020-01-08,656,5126,1274.5856418259843,10.641609668311615,1620.0,1605.2,1632.2,656,291,57.62432989690727,0.0,0.0,0.0,0.0,211,2300,2543,47.49122444765641,52.50877555234359
FR,2020-01-09,627,5912,1265.8853179972944,151.42667367409217,1621.5,1331.9,1685.8,627,291,59.27199312714768,0.0,89.82,89.82,89.82,209,2898,2629,52.4335082323141,47.5664917676859
FR,2020-01-10,661,6968,1237.9813432835822,17.55698066088249,1708.0,1679.0,1724.0,661,348,63.41683908045982,6.926328191922634,83.55,75.438,88.918,232,3481,3102,52.878626765912195,47.121373234087805
FR,2020-01-11,644,6325,1320.7448221343857,25.61733658841796,1666.0,1638.0,1701.0,644,309,65.77977346278324,0.0,58.41,58.41,58.41,187,3163,2734,53.6374427675089,46.3625572324911
FR,2020-01-12,616,5969,1296.025799966495,12.21501523626648,1661.5,1647.0,1679.2,616,252,60.57682539682541,0.0,0.0,0.0,0.0,177,2948,2711,52.09400954232196,47.90599045767803
FR,2020-01-13,679,7597,1307.537975516651,17.713673664541684,1628.0,1608.0,1656.5,679,373,55.87013404825746,0.0,55.14,55.14,55.14,252,3627,3576,50.35401915868388,49.64598084131612
FR,2020-01-14,697,6628,1277.331925165961,133.52599114561434,1575.0,1336.0,1651.0,697,307,58.68423452768725,0.0,91.57,91.57,91.57,214,3197,3143,50.42586750788644,49.57413249211356
FR,2020-01-15,680,6820,1228.125806451614,8.49696105130758,1637.0,1627.0,1644.0,680,211,68.83203791469194,0.0,0.0,0.0,0.0,183,3260,3123,51.073163089456365,48.92683691054363
FR,2020-01-16,718,6275,1218.1678087649395,7.930321557162737,1629.5,1618.9,1640.3,718,226,58.4730088495576,0.0,0.0,0.0,0.0,163,2973,3044,49.41000498587336,50.58999501412664
FR,2020-01-17,704,6424,1213.195983810709,5.629387178015028,1646.5,1638.9,1654.2,704,235,63.63272340425528,0.0,95.77,95.77,95.77,192,3275,2776,54.12328540737068,45.87671459262932
FR,2020-01-18,729,6318,1216.2731877176311,9.232533207169505,1652.0,1638.0,1660.0,729,315,61.40853968253971,0.0,0.0,0.0,0.0,222,3063,2851,51.79235711870138,48.20764288129861
FR,2020-01-19,681,7198,1228.7866073909404,10.41633332799983,1652.0,1640.3,1662.4,681,406,63.536354679803,0.0,94.12,94.12,94.12,259,3273,3451,48.67638310529447,51.32361689470554
FR,2020-01-20,659,6832,1229.2911299765806,7.429670248402684,1660.0,1651.2,1668.0,659,362,61.27770718232052,0.0,0.0,0.0,0.0,213,3280,3196,50.6485484867202,49.351451513279805
FR,2020-01-21,708,5981,1199.4745025915404,9.283722313813572,1639.0,1628.7,1648.6,708,181,57.82635359116022,0.0,0.0,0.0,0.0,148,2805,2820,49.86666666666667,50.13333333333333
FR,2020-01-22,673,6742,1238.1819934737466,5.161395160225576,1641.5,1633.9,1643.7,673,388,56.55317010309276,0.0,0.0,0.0,0.0,226,3385,3005,52.973395931142406,47.026604068857594
FR,2020-01-23,707,6322,1260.7244542866192,5.0635955604688645,1633.5,1625.9,1635.6,707,277,62.21440433212996,33.629999999999995,61.75,34.846000000000004,88.654,175,3005,3005,50.0,50.0
FR,2020-01-24,690,6539,1296.258449304174,7.526619427073485,1626.5,1617.3,1635.1,690,239,60.15225941422594,0.0,0.0,0.0,0.0,175,3119,3034,50.69071997399642,49.30928002600358
FR,2020-01-25,642,6698,1239.50895789788,6.128258770283411,1627.0,1620.6,1632.6,642,282,66.64372340425533,0.0,0.0,0.0,0.0,193,3216,3183,50.25785278949836,49.74214721050164
FR,2020-01-26,591,5391,1259.249118901874,9.98044963916957,1006.0,998.0,1021.5,591,272,56.32014705882353,0.0,0.0,0.0,0.0,165,2555,2537,50.17674783974863,49.82325216025137
FR,2020-01-27,679,6509,1182.1997234598257,7.659416862050705,1003.0,995.0,1011.0,679,301,58.65392026578082,0.0,0.0,0.0,0.0,230,3048,3037,50.090386195562864,49.90961380443714
FR,2020-01-28,659,6129,1170.621145374451,8.515421110797451,1633.0,1621.0,1641.0,659,312,61.23532051282054,0.0,0.0,0.0,0.0,206,3007,2737,52.350278551532035,47.64972144846797
FR,2020-01-29,680,6544,1182.4808985330083,9.941350503175594,1629.0,1620.2,1644.0,680,232,56.87676724137936,0.0,0.0,0.0,0.0,180,3119,3095,50.19311232700354,49.80688767299646
FR,2020-01-30,709,7045,1224.397161107169,12.039878640831494,1004.0,994.0,1022.0,709,410,59.42858536585367,10.224999999999998,70.355,62.175,78.535,274,3619,3051,54.257871064467764,45.742128935532236
FR,2020-01-31,690,6434,1185.7084239975109,8.613216588476108,1013.0,1004.1,1022.6,690,226,54.70446902654868,0.0,0.0,0.0,0.0,197,2946,3132,48.46989141164857,51.53010858835143
FR,2020-02-01,686,5743,1212.8492077311498,13.483414594819909,994.0,982.6,1017.4,686,210,64.76228571428578,0.0,0.0,0.0,0.0,182,2685,2675,50.093283582089555,49.906716417910445
FR,2020-02-02,664,5659,1214.7725746598337,10.89933739066534,1016.0,1000.0,1032.1,664,269,62.396877323420085,0.0,0.0,0.0,0.0,205,2671,2595,50.721610330421576,49.278389669578424
FR,2020-02-03,688,6532,1293.7056031843254,7.748233603018314,1016.5,1006.3,1026.9,688,318,61.26084905660388,0.0,65.92,65.92,65.92,228,3288,2851,53.55921159798013,46.44078840201987
FR,2020-02-04,684,6046,1246.2907707575248,3.0,1011.0,1008.6,1013.4,684,338,56.78650887573972,0.0,0.0,0.0,0.0,234,2973,2704,52.36920908930773,47.63079091069227
FR,2020-02-05,693,5866,1279.0975110808042,3.5,1003.5,1000.7,1006.3,693,339,62.401563421828925,0.0,0.0,0.0,0.0,222,2824,2735,50.800503687713615,49.199496312286385
FR,2020-02-06,706,6374,1283.246626921868,7.74069553379661,992.0,988.2,1004.2,706,235,55.65446808510639,0.0,0.0,0.0,0.0,189,3193,2832,52.995850622406635,47.004149377593365
FR,2020-02-07,684,7046,1256.0929605449912,21.09777739330615,1664.0,1639.6,1695.2,684,408,59.47100490196083,33.684999999999995,55.894999999999996,28.947000000000003,82.843,263,3375,3268,50.80535902453711,49.194640975462896
FR,2020-02-08,646,5629,1270.0030200746132,24.51629949304594,1714.0,1687.0,1753.4,646,272,58.57882352941177,0.0,0.0,0.0,0.0,187,2820,2503,52.97764418560962,47.02235581439038
FR,2020-02-09,733,6945,1248.6692584593216,34.39760255785853,1747.0,1701.0,1794.8,733,455,65.614,0.0,0.0,0.0,0.0,269,3341,3251,50.682645631067956,49.31735436893204
FR,2020-02-10,753,8458,1215.9050602979441,7.049113419430844,1704.5,1694.3,1707.7,753,496,58.66542338709683,0.0,0.0,0.0,0.0,322,4062,4008,50.33457249070632,49.66542750929368
FR,2020-02-11,695,7011,1193.56111824276,13.383025513717982,1674.5,1659.0,1691.0,695,386,60.67730569948184,0.0,0.0,0.0,0.0,245,3381,3175,51.57107992678463,48.42892007321537
FR,2020-02-12,675,6236,1224.896889031429,5.749195981863013,1653.0,1651.0,1660.8,675,304,61.279111842105415,0.0,0.0,0.0,0.0,254,3121,2737,53.27756913622397,46.72243086377603
FR,2020-02-13,694,5697,1242.8407934000368,12.246931231180264,1645.0,1626.6,1657.2,694,321,56.30049844236759,0.0,0.0,0.0,0.0,236,2603,2780,48.35593535203418,51.64406464796581
FR,2020-02-14,645,6321,1218.5057744027845,12.51388642657286,1614.0,1604.2,1632.4,645,327,64.62006116207957,0.0,0.0,0.0,0.0,230,3185,2763,53.54741089441829,46.45258910558171
FR,2020-02-15,609,6190,1189.1087237479776,125.35855201225161,1380.0,1335.6,1640.8,609,397,57.47413098236786,0.0,54.31,54.31,54.31,189,3126,2648,54.13924489089019,45.8607551091098
FR,2020-02-16,641,6058,1209.7485968966646,128.20719619255215,1687.0,1422.0,1709.8,641,372,62.50024193548392,0.0,0.0,0.0,0.0,210,2895,2732,51.44837391149814,48.55162608850186
FR,2020-02-17,735,6549,1244.7940143533388,9.722539677356826,1693.0,1678.5,1703.0,735,361,60.2602493074792,0.0,79.18,79.18,79.18,249,3175,3003,51.39203625768857,48.607963742311426
FR,2020-02-18,639,6421,1235.5326273166165,6.12686392361227,1698.0,1696.2,1706.0,639,354,54.06423728813567,0.0,0.0,0.0,0.0,205,2965,3113,48.78249424152682,51.21750575847318
FR,2020-02-19,748,7279,1243.6838851490575,12.91183069517357,1662.0,1648.0,1682.0,748,484,60.26597107438014,32.964999999999996,45.105,18.733,71.47699999999999,289,3550,3282,51.96135831381733,48.03864168618267
FR,2020-02-20,714,5751,1189.3792383933217,590.9077762223137,2140.5,923.7,2152.0,714,373,51.30426273458446,0.0,0.0,0.0,0.0,251,2777,2754,50.207919001988785,49.792080998011215
FR,2020-02-21,664,6817,1215.9345753263917,12.120846940521755,1665.5,1644.1,1674.0,664,509,59.91976424361493,0.0,0.0,0.0,0.0,270,3412,3004,53.17955112219451,46.82044887780549
FR,2020-02-22,584,5423,1163.8777429467088,20.34466331605876,998.0,974.6,1013.8,584,370,57.23854054054053,0.0,0.0,0.0,0.0,187,2632,2470,51.58761270090161,48.41238729909839
FR,2020-02-23,661,5865,1214.7379369138964,9.794000085416082,1038.0,1025.0,1050.0,661,368,65.75951086956518,0.0,0.0,0.0,0.0,192,2846,2680,51.50199058993847,48.49800941006153
FR,2020-02-24,702,6657,1277.198888388162,10.493301434724916,1635.0,1626.0,1651.0,702,309,55.06715210355992,0.0,0.0,0.0,0.0,230,3411,2889,54.142857142857146,45.857142857142854
FR,2020-02-25,716,6934,1216.3758292471891,16.15549442140351,1655.5,1627.0,1671.6,716,345,59.67492753623189,0.0,91.44,91.44,91.44,274,3477,3086,52.97882066128295,47.02117933871705
FR,2020-02-26,694,6471,1186.1471179106763,3.40587727318528,1658.0,1651.8,1659.2,694,326,58.52199386503072,0.0,0.0,0.0,0.0,217,3195,2918,52.26566334042205,47.73433665957795
FR,2020-02-27,644,6351,1262.4832309872434,107.04474237284481,1664.0,1436.0,1706.0,644,405,57.41822222222226,0.0,0.0,0.0,0.0,245,3145,2759,53.26897018970189,46.731029810298104
FR,2020-02-28,590,5918,1250.1383913484271,20.351596988934308,1667.0,1635.0,1687.0,590,285,63.484140350877176,0.0,85.25,85.25,85.25,194,2897,2737,51.41995030173943,48.58004969826057
FR,2020-02-29,653,5781,1225.1015395260304,16.79072362943301,1626.5,1599.9,1642.1,653,397,63.17549118387916,0.0,0.0,0.0,0.0,264,2863,2580,52.59966930001837,47.40033069998163
FR,2020-03-01,634,6621,1205.3550823138503,108.73317108560325,965.0,932.0,1002.0,634,471,59.69498938428876,0.0,0.0,0.0,0.0,268,3055,3211,48.7551867219917,51.244813278008294
FR,2020-03-02,683,7274,1254.2088259554578,23.88436748595369,1633.0,1617.5,1679.0,683,471,59.04352441613589,0.0,57.43,57.43,57.43,279,3563,3299,51.9236374234917,48.07636257650831
FR,2020-03-03,689,7569,1250.8945699564006,16.590183261139185,1693.0,1665.2,1709.6,689,315,56.83996825396828,4.795,36.705,32.869,40.541,235,3609,3564,50.31367628607277,49.68632371392723
FR,2020-03-04,685,6692,1273.2157800358661,28.836182544310777,1672.0,1632.0,1706.2,685,408,64.07500000000006,0.0,0.0,0.0,0.0,298,3263,3115,51.16023831922233,48.83976168077767
FR,2020-03-05,715,6585,1215.8144267274113,15.581732894643007,1624.0,1597.4,1639.0,715,417,62.367745803357344,0.0,0.0,0.0,0.0,269,3046,3274,48.19620253164557,51.80379746835443
FR,2020-03-06,658,6485,1229.899614494987,24.42382416171802,1579.0,1561.0,1622.2,658,370,69.01186486486482,0.0,89.94,89.94,89.94,243,3285,2855,53.501628664495115,46.498371335504885
FR,2020-03-07,547,4751,1202.0806146074506,12.309763475250408,1558.5,1546.0,1576.1,547,337,54.28086053412466,7.099999999999998,44.019999999999996,38.34,49.699999999999996,191,2398,2061,53.77887418703745,46.22112581296255
FR,2020-03-08,717,5806,1285.5080950740626,19.587480057424436,1586.0,1552.2,1605.0,717,393,64.74852417302799,0.0,0.0,0.0,0.0,244,2827,2724,50.927760763826335,49.072239236173665
FR,2020-03-09,682,6374,1251.1482585503607,25.96316944828681,1665.0,1613.0,1682.0,682,351,67.60715099715095,0.0,84.4,84.4,84.4,216,3125,2925,51.652892561983464,48.34710743801653
FR,2020-03-10,712,6682,1248.5416043100875,16.17608569441387,1707.0,1679.4,1720.8,712,350,63.03405714285716,0.0,92.28,92.28,92.28,236,3073,3243,48.65421152628246,51.34578847371755
FR,2020-03-11,713,6229,1251.9760796275482,16.00095660405646,1682.5,1668.0,1706.3,713,425,58.75129411764708,0.0,70.19,70.19,70.19,235,2917,2985,49.42392409352762,50.57607590647238
FR,2020-03-12,681,5784,1263.195539419088,19.207254854696295,1670.5,1646.5,1697.5,681,302,55.16466887417228,0.0,0.0,0.0,0.0,201,2727,2748,49.80821917808219,50.19178082191781
FR,2020-03-13,748,6796,1287.098440258976,17.825941682367564,1710.0,1692.0,1735.0,748,419,56.62596658711219,0.0,0.0,0.0,0.0,269,3412,3004,53.17955112219451,46.82044887780549
FR,2020-03-14,710,7057,1243.104718719003,10.271619776817392,1675.0,1658.6,1684.4,710,454,65.48786343612325,9.75046248903097,71.905,60.45,81.337,277,3548,3132,53.11377245508982,46.88622754491018
FR,2020-03-15,756,7064,1243.3917044167613,10.93008081702357,1664.0,1651.0,1677.2,756,476,56.65039915966385,0.0,0.0,0.0,0.0,290,3530,3203,52.42833803653646,47.571661963463534
FR,2020-03-16,684,7736,1290.9485522233695,19.02252688066493,1687.0,1659.6,1710.6,684,442,63.227262443438946,42.465,55.055,21.083,89.027,240,3834,3469,52.498973024784334,47.501026975215666
FR,2020-03-17,728,8571,1302.6972348617412,15.428505474070874,1684.0,1669.0,1710.4,728,403,61.11617866004972,0.0,0.0,0.0,0.0,278,4183,3861,52.001491795126796,47.9985082048732
FR,2020-03-18,771,7305,1254.2640657084196,26.54299554015895,1755.0,1704.0,1773.0,771,455,56.50068131868132,0.0,0.0,0.0,0.0,292,3581,3350,51.66642620112538,48.333573798874625
FR,2020-03-19,742,7984,1320.2740480961916,22.17212080917093,1727.0,1707.4,1765.0,742,440,61.13797727272728,0.0,0.0,0.0,0.0,290,3635,3900,48.2415394824154,51.7584605175846
FR,2020-03-20,763,8126,1297.7237263106076,15.063421479420493,1719.0,1697.0,1737.1,763,511,68.14066536203528,0.0,0.0,0.0,0.0,301,3978,3753,51.45518044237486,48.544819557625146
FR,2020-03-21,768,8466,1281.9042050555165,9.438186535524984,1720.0,1707.0,1731.0,768,503,58.82932405566613,0.0,0.0,0.0,0.0,249,4169,3829,52.125531382845715,47.874468617154285
FR,2020-03-22,790,9122,1270.7298837974138,9.143849152532157,1714.0,1702.0,1727.0,790,658,58.94203647416419,0.0,10.86,10.86,10.86,317,4479,4184,51.702643426064874,48.297356573935126
FR,2020-03-23,757,8594,1294.9350709797552,11.514992024413827,1724.0,1709.0,1733.0,757,637,58.78009419152286,0.0,0.0,0.0,0.0,277,4113,3946,51.03610869834967,48.96389130165033
FR,2020-03-24,766,7785,1290.8580603725097,9.774452954286268,1780.5,1764.9,1788.0,766,558,57.43238351254479,0.0,0.0,0.0,0.0,278,3973,3431,53.66018368449487,46.33981631550513
FR,2020-03-25,824,8096,1295.267168972331,10.827883244455286,1755.0,1743.0,1766.9,824,375,54.76520000000007,0.0,0.0,0.0,0.0,217,3765,3877,49.2672075372939,50.7327924627061
FR,2020-03-26,825,7751,1271.1229518771772,18.17470770053813,1747.0,1736.2,1783.2,825,493,58.78484787018261,0.0,0.0,0.0,0.0,319,3829,3498,52.25876893680906,47.74123106319094
FR,2020-03-27,746,8577,1374.5131164742897,19.325467244300363,1756.0,1721.6,1770.2,746,465,60.26950537634408,0.0,94.7,94.7,94.7,289,4165,4028,50.83607958012938,49.16392041987062
FR,2020-03-28,807,8699,1320.2873893551002,16.22726911832514,1745.0,1721.0,1761.0,807,601,62.93128119800331,0.0,0.0,0.0,0.0,316,4220,3900,51.970443349753694,48.029556650246306
FR,2020-03-29,739,8936,1325.6451432408242,142.89013862396638,1757.5,1423.0,1776.5,739,653,54.231592649310855,0.0,0.0,0.0,0.0,310,4257,4099,50.945428434657735,49.05457156534227
FR,2020-03-30,741,7960,1316.3467336683402,9.163635862594182,1728.5,1715.8,1739.0,741,575,56.70426086956533,0.0,0.0,0.0,0.0,248,3675,3805,49.13101604278075,50.86898395721925
FR,2020-03-31,751,8809,1321.5219661709607,10.900375306299404,1723.5,1711.2,1740.6,751,488,58.121864754098446,0.0,0.0,0.0,0.0,300,4249,4155,50.55925749643028,49.44074250356973
FR,2020-04-01,739,7611,1333.3526474839043,12.18236316562468,1748.0,1731.8,1762.4,739,494,56.85807692307698,0.0,73.06,73.06,73.06,255,3583,3659,49.47528307097487,50.524716929025125
FR,2020-04-02,760,7279,1321.327242753126,14.24400160182008,1768.5,1750.7,1791.4,760,445,56.65748314606742,0.0,92.24,92.24,92.24,260,3442,3423,50.13838310269483,49.86161689730517
FR,2020-04-03,757,6426,1320.703703703704,10.813942760376133,1767.0,1756.7,1783.1,757,458,60.69838427947603,0.0,0.0,0.0,0.0,265,3205,2848,52.94895093342144,47.05104906657856
FR,2020-04-04,733,7161,1311.6550761066887,15.066389539302374,1772.0,1750.1,1788.8,733,417,58.67820143884893,0.0,0.0,0.0,0.0,244,3368,3450,49.398650630683484,50.601349369316516
FR,2020-04-05,716,7700,1256.4994805194806,20.51224991789577,1736.0,1714.0,1769.0,716,577,59.08993067590989,0.0,43.83,43.83,43.83,262,3725,3569,51.06937208664656,48.93062791335344
FR,2020-04-06,780,9583,1253.1521444224134,8.941961624048183,1725.0,1715.2,1737.0,780,461,61.475075921909,0.0,0.0,0.0,0.0,316,4432,4686,48.607150690941,51.39284930905901
FR,2020-04-07,687,7480,1227.332219251337,10.793335617407623,1757.0,1739.0,1765.5,687,480,62.173062500000036,0.0,97.83,97.83,97.83,284,3571,3573,49.98600223964166,50.01399776035834
FR,2020-04-08,699,8575,1249.7764431486873,10.404284451517888,1741.0,1723.0,1749.0,699,586,61.21851535836174,0.0,47.96,47.96,47.96,304,4235,3937,51.82329906999511,48.1767009300049
FR,2020-04-09,770,8223,1288.1121245287588,23.904148745482765,1681.0,1662.6,1721.4,770,728,58.90528846153843,0.0,81.26,81.26,81.26,335,3719,4100,47.56362706228418,52.436372937715824
FR,2020-04-10,700,6835,1265.837600585224,23.69967806710524,1671.0,1653.3,1712.4,700,535,63.937046728972085,0.0,72.81,72.81,72.81,247,3473,3010,53.57087768008638,46.42912231991362
FR,2020-04-11,709,9197,1263.9568337501364,9.202927661946518,1686.0,1672.8,1694.4,709,724,59.08715469613264,0.0,0.0,0.0,0.0,330,4419,4314,50.60116798351082,49.39883201648918
FR,2020-04-12,736,8868,1219.5897609382055,10.514467015521928,1691.0,1679.8,1704.8,736,750,59.138666666666815,0.0,0.0,0.0,0.0,343,4323,4196,50.74539265171969,49.25460734828032
FR,2020-04-13,792,8776,1287.9518003646285,127.03757156752515,1738.0,1704.0,1752.4,792,890,62.69204494382036,0.0,0.0,0.0,0.0,388,4105,4204,49.40426044048622,50.595739559513774
FR,2020-04-14,759,8471,1241.4189588006134,7.564830908002283,1717.0,1708.4,1725.4,759,663,59.04968325791862,0.0,77.07,77.07,77.07,314,4401,3654,54.63687150837989,45.36312849162012
FR,2020-04-15,771,7795,1204.8615779345712,14.451643505151932,1711.5,1697.0,1733.1,771,740,55.89567567567566,0.0,0.0,0.0,0.0,409,3718,3759,49.72582586598903,50.27417413401096
FR,2020-04-16,753,8943,1290.590741361959,10.457533169921097,1742.0,1732.3,1757.3,753,581,62.3795697074012,0.0,0.0,0.0,0.0,330,4196,4344,49.133489461358316,50.866510538641684
FR,2020-04-17,763,8312,1304.6627767083726,7.752339352227736,1756.0,1748.0,1766.6,763,749,65.07698264352473,0.0,44.74,44.74,44.74,329,4223,3669,53.50988342625443,46.49011657374557
FR,2020-04-18,645,6302,1319.2121548714706,9.964381008817803,1746.0,1734.4,1759.0,645,550,61.62901818181826,0.0,0.0,0.0,0.0,306,3079,2894,51.54863552653608,48.45136447346392
FR,2020-04-19,797,8329,1339.228478808982,7.6681158050723255,1762.5,1753.3,1771.1,797,812,61.97443349753708,0.0,0.0,0.0,0.0,385,4238,3604,54.04233613874012,45.95766386125988
FR,2020-04-20,750,9085,1261.314364336818,13.573871960498227,1756.0,1738.8,1771.8,750,769,61.985097529258894,0.0,0.0,0.0,0.0,343,4365,4278,50.50329746615758,49.49670253384242
FR,2020-04-21,777,7906,1294.2044017202102,8.91697624612521,1733.0,1721.0,1742.4,777,755,56.85569536423844,0.0,0.0,0.0,0.0,362,3610,3871,48.255580804705254,51.744419195294746
FR,2020-04-22,770,8191,1259.5501159809526,6.594694837519018,1739.0,1729.3,1740.7,770,695,61.53382733812965,0.0,0.0,0.0,0.0,389,3910,3856,50.3476693278393,49.6523306721607
FR,2020-04-23,750,9268,1259.5190979715142,13.704148579199849,1751.0,1735.0,1769.0,750,716,60.29717877094977,38.88190605860263,44.75,7.5600000000000005,88.569,353,4603,4227,52.1291053227633,47.87089467723669
FR,2020-04-24,761,7927,1336.3319036205396,18.944099153392436,1747.5,1710.3,1760.7,761,870,62.12218390804605,0.0,47.22,47.22,47.22,371,3986,3570,52.752779248279516,47.247220751720484
FR,2020-04-25,746,9053,1355.8752899591288,17.4834842700825,1706.5,1674.9,1723.1,746,966,59.760279503105636,30.62661043384767,11.56,7.856,61.584,363,4516,3997,53.048279102549046,46.951720897450954
FR,2020-04-26,776,8059,1312.1183769698457,6.935931289822792,1719.5,1710.1,1729.2,776,991,60.60637739656919,0.0,48.29,48.29,48.29,447,3894,3724,51.11577841953269,48.88422158046731
FR,2020-04-27,719,7809,1339.6057113586892,19.657382796616094,1719.0,1699.0,1751.0,719,851,59.95694477085781,0.0,0.0,0.0,0.0,346,3756,3621,50.91500610004067,49.084993899959336
FR,2020-04-28,786,9836,1312.5496136640904,13.763348141572083,1761.5,1741.1,1773.9,786,804,62.76796019900504,0.0,0.0,0.0,0.0,406,4703,4658,50.240358936011106,49.759641063988894
FR,2020-04-29,732,8979,1345.084530571334,10.388146141006757,1727.5,1715.6,1737.1,732,656,56.65788109756103,0.0,0.0,0.0,0.0,352,4284,4187,50.57254161256049,49.4274583874395
FR,2020-04-30,747,9268,1299.6000215796284,7.953949089757175,1716.0,1705.2,1724.0,747,664,61.8776656626506,0.0,0.0,0.0,0.0,381,4512,4394,50.66247473613294,49.33752526386706
FR,2020-05-01,752,9113,1314.271041369476,8.66307617933081,1732.0,1723.0,1744.2,752,796,63.66723618090461,0.0,16.84,16.84,16.84,402,4636,4066,53.275109170305676,46.724890829694324
FR,2020-05-02,748,8792,1335.7890127388516,8.027053864899624,1710.0,1698.5,1718.5,748,823,59.17215066828679,0.0,0.0,0.0,0.0,377,4304,4131,51.025489033787785,48.97451096621221
FR,2020-05-03,759,7775,1300.624180064309,14.224392195567912,1699.5,1679.8,1713.0,759,882,63.67534013605453,0.0,0.0,0.0,0.0,446,3774,3469,52.10548115421787,47.89451884578214
FR,2020-05-04,677,7926,1254.6213726974527,5.27280467453541,1678.0,1670.8,1685.0,677,803,60.6224906600251,0.0,0.0,0.0,0.0,382,3917,3645,51.79846601428194,48.201533985718065
FR,2020-05-05,699,7833,1227.2555853440556,8.827041784576908,1708.0,1695.5,1716.0,699,775,57.67203870967745,0.0,0.0,0.0,0.0,365,3703,3693,50.06760411032991,49.93239588967009
FR,2020-05-06,689,7951,1240.3145516287266,27.126944054758546,1731.0,1713.0,1780.0,689,623,56.58182985553784,0.0,0.0,0.0,0.0,337,3659,3801,49.048257372654156,50.951742627345844
FR,2020-05-07,762,7663,1240.6684066292582,30.678878727880523,1701.0,1685.0,1763.2,762,769,60.45786736020805,0.0,24.55,24.55,24.55,395,3811,3493,52.17688937568455,47.82311062431545
FR,2020-05-08,755,8130,1290.9765067650662,15.367438409354572,1708.0,1696.2,1735.1,755,783,53.25094508301416,0.0,0.0,0.0,0.0,389,3932,3862,50.44906338208879,49.55093661791121
FR,2020-05-09,740,7616,1290.8563550420167,15.799767500226848,1724.0,1705.8,1743.6,740,922,57.67419739696323,0.0,0.0,0.0,0.0,391,3566,3694,49.11845730027548,50.88154269972451
FR,2020-05-10,776,8253,1295.671271052952,20.27383425471175,1656.0,1641.0,1692.4,776,818,60.63146699266514,0.0,0.0,0.0,0.0,400,4009,3806,51.29878438899552,48.70121561100448
FR,2020-05-11,773,7952,1237.7206991951693,14.76857485758527,1668.0,1659.8,1694.6,773,741,61.85124156545206,13.214999999999996,66.775,56.203,77.347,389,3826,3692,50.89119446661346,49.10880553338654
FR,2020-05-12,734,9081,1285.0112322431457,18.940284448761588,1664.0,1653.0,1700.7,734,848,64.2382193396227,0.0,0.0,0.0,0.0,343,4265,4343,49.54693308550186,50.453066914498145
FR,2020-05-13,692,6921,1269.5242017049557,16.844416730774622,1636.0,1615.0,1660.0,692,805,62.819217391304406,0.0,67.18,67.18,67.18,365,3473,3093,52.893694791349375,47.106305208650625
FR,2020-05-14,727,8151,1267.0230646546438,8.692269873603532,1612.0,1602.6,1622.0,727,749,60.91271028037384,0.0,0.0,0.0,0.0,331,3888,3830,50.37574501166105,49.62425498833895
FR,2020-05-15,743,9110,1256.0911086717879,8.945824600213095,1613.0,1604.4,1627.0,743,822,58.94246958637468,0.0,0.0,0.0,0.0,349,4600,4025,53.333333333333336,46.666666666666664
FR,2020-05-16,680,7753,1303.131046046693,11.67327315376664,1661.0,1643.0,1670.0,680,608,62.23745065789476,0.0,0.0,0.0,0.0,322,3933,3373,53.83246646591843,46.16753353408158
FR,2020-05-17,673,7970,1321.0383939774165,16.025012337223433,1691.5,1671.3,1710.3,673,812,63.29145320197052,0.0,0.0,0.0,0.0,359,3882,3571,52.08640815778881,47.91359184221119
FR,2020-05-18,742,9057,1285.953737440654,8.291476480737543,1742.0,1730.0,1750.8,742,995,59.11143718592966,0.0,0.0,0.0,0.0,398,4515,4219,51.69452713533318,48.30547286466682
FR,2020-05-19,678,7254,1325.2502067824641,18.25353222703422,1768.0,1740.8,1786.2,678,713,63.34762973352042,0.0,39.49,39.49,39.49,306,3690,3128,54.12144323848636,45.878556761513636
FR,2020-05-20,716,7157,1289.4493502864323,5.3091901453988255,1772.0,1767.1,1777.6,716,746,66.72380697050927,0.0,0.0,0.0,0.0,330,3397,3307,50.671241050119335,49.328758949880665
FR,2020-05-21,647,6800,1280.5041176470606,0.0,1757.0,1757.0,1757.0,647,561,56.58085561497332,0.0,0.0,0.0,0.0,291,3414,2977,53.41887028634017,46.581129713659834
FR,2020-05-22,677,7497,1278.2251567293565,543.2353638297,1046.0,1023.0,2150.0,677,792,58.188106060606046,33.79759166670217,80.22,13.42,92.564,382,3515,3590,49.47220267417312,50.52779732582688
FR,2020-05-23,685,8212,1275.4039210910855,479.85552825394,1026.5,990.9,2126.1,685,745,60.17665771812087,29.54797539595564,36.46,11.721,74.303,371,3949,3790,51.02726450445794,48.97273549554206
FR,2020-05-24,635,6767,1295.8531106842022,568.1125164206255,1567.5,989.0,2145.0,635,621,64.27233494363934,14.77318685998387,65.315,48.128,78.37200000000001,294,3443,2886,54.40037920682572,45.59962079317428
FR,2020-05-25,642,7342,1249.863933533097,12.675435561221027,1208.0,1196.8,1221.6,642,599,58.97517529215367,0.0,0.0,0.0,0.0,289,3275,3722,46.805773903101326,53.19422609689867
FR,2020-05-26,687,7996,1298.7113556778406,4.0,1762.0,1758.8,1765.2,687,617,65.56090761750407,0.0,32.79,32.79,32.79,347,3963,3585,52.50397456279809,47.49602543720191
FR,2020-05-27,692,7293,1272.621829151243,17.323358953508375,1767.0,1749.6,1789.8,692,717,59.93923291492338,0.0,0.0,0.0,0.0,306,3505,3483,50.15741270749857,49.842587292501435
FR,2020-05-28,662,8292,1302.9881813796414,17.439626990539704,1768.0,1741.0,1786.0,662,647,65.88602782071092,0.0,0.0,0.0,0.0,278,3978,3985,49.956046716061785,50.043953283938215
FR,2020-05-29,702,8743,1298.0172709596252,12.527838822483716,1739.0,1724.2,1753.4,702,302,64.08185430463577,0.0,0.0,0.0,0.0,173,4419,3901,53.11298076923077,46.88701923076923
FR,2020-05-30,743,9168,1256.7839223385688,0.0,1247.0,1247.0,1247.0,743,495,61.19266666666675,0.0,0.0,0.0,0.0,232,4434,4182,51.46239554317549,48.53760445682451
FR,2020-05-31,705,8379,1272.3283208020052,570.362846605302,1092.0,1013.0,2124.8,705,606,63.352392739274,17.360450742996278,90.245,63.384,94.524,288,4210,3779,52.69745900613343,47.302540993866565
FR,2020-06-01,684,8712,1270.356749311294,0.0,1772.0,1772.0,1772.0,684,709,59.9485895627646,0.0,0.0,0.0,0.0,323,4277,3941,52.0442930153322,47.9557069846678
FR,2020-06-02,699,9565,1336.7841087297438,12.25681817751796,1778.5,1762.7,1792.0,699,883,64.69774631936599,0.0,0.0,0.0,0.0,405,4523,4572,49.7306212204508,50.2693787795492
FR,2020-06-03,679,9190,1322.4700761697534,8.57713133432608,1762.0,1752.8,1770.8,679,688,65.70313953488363,2.939620511222493,89.445,87.712,93.649,287,4537,4104,52.50549704895266,47.49450295104734
FR,2020-06-04,719,9973,1238.7064072997082,22.73359466803726,1748.0,1703.6,1760.3,719,838,61.00251789976138,0.0,0.0,0.0,0.0,388,4876,4672,51.06828655215752,48.931713447842476
FR,2020-06-05,719,8045,1232.577750155376,7.180219742846006,1690.0,1681.8,1699.0,719,683,60.89573938506591,0.0,0.0,0.0,0.0,347,3809,3858,49.680448676144515,50.319551323855485
FR,2020-06-06,689,7620,1292.5272965879255,14.847367980133718,1023.0,1009.1,1046.0,689,833,61.12188475390168,21.0910056893372,64.19,31.15,87.70599999999999,339,3777,3406,52.582486426284284,47.417513573715716
FR,2020-06-07,666,8680,1322.5723502304122,11.108272504866214,1724.0,1713.2,1741.0,666,873,60.67227949599093,0.0,0.0,0.0,0.0,371,4332,3906,52.585579024034956,47.41442097596504
FR,2020-06-08,757,9077,1339.8121626087911,27.208348224178472,1675.0,1623.6,1693.0,757,945,63.03411640211648,0.0,51.35,51.35,51.35,384,4867,3813,56.07142857142857,43.92857142857143
FR,2020-06-09,722,8715,1303.971313826734,9.68891118753805,1640.0,1631.0,1652.0,722,809,57.999962917181705,15.665,82.055,69.523,94.587,391,4361,3876,52.944033021731215,47.055966978268785
FR,2020-06-10,730,9451,1305.2092900222203,19.49381960443061,1682.0,1656.7,1712.0,730,1000,57.13075000000005,0.0,95.18,95.18,95.18,401,4626,4412,51.18389024120381,48.816109758796195
FR,2020-06-11,759,9144,1297.7146762904629,23.61111667113736,1686.0,1647.0,1705.0,759,873,62.48226804123722,0.0,0.0,0.0,0.0,410,4543,4164,52.17640978523027,47.82359021476972
FR,2020-06-12,762,8696,1235.264489420422,7.052875694038253,1635.0,1631.0,1646.4,762,770,56.38177922077933,0.0,0.0,0.0,0.0,332,4377,3838,53.280584297017654,46.719415702982346
FR,2020-06-13,703,8361,1288.6627197703613,13.358050007392546,1682.5,1660.9,1694.3,703,654,63.69707951070338,0.0,0.0,0.0,0.0,321,3994,3899,50.60179906246041,49.39820093753959
FR,2020-06-14,723,8195,1256.1657107992687,7.835682731927865,1693.0,1682.2,1703.0,723,868,59.30967741935489,0.0,61.52,61.52,61.52,345,3879,3956,49.508615188257814,50.49138481174218
FR,2020-06-15,748,9024,1272.694592198581,7.029224708315989,1663.5,1656.0,1672.8,748,1007,56.62047666335658,0.0,0.0,0.0,0.0,370,4279,4254,50.14649009726943,49.85350990273057
FR,2020-06-16,737,9411,1254.1608755711407,11.48835273312541,1684.5,1668.5,1697.0,737,737,59.068046132971595,1.7749999999999986,70.42500000000001,69.00500000000001,71.845,315,4602,4314,51.61507402422612,48.38492597577389
FR,2020-06-17,674,8498,1268.664626971051,4.905224203825542,1695.5,1689.0,1703.0,674,890,64.45658426966295,0.0,0.0,0.0,0.0,363,4174,3950,51.378631216149685,48.62136878385032
FR,2020-06-18,749,9409,1224.2678286746725,13.489254181261641,1698.0,1682.8,1718.0,749,930,61.99470967741944,8.14,83.4,76.888,89.912,416,4756,4179,53.228875209848916,46.77112479015109
FR,2020-06-19,732,7991,1230.6763859341754,9.620810776644555,1423.0,1410.2,1431.2,732,756,60.6296031746032,0.0,0.0,0.0,0.0,341,3813,3748,50.42983732310541,49.57016267689459
FR,2020-06-20,702,8222,1261.4830941376804,7.403077438170937,1676.0,1668.0,1683.5,702,784,64.79730867346939,0.0,0.0,0.0,0.0,323,4000,3769,51.48667782211353,48.51332217788647
FR,2020-06-21,717,7363,1217.9891348635056,15.727535468115354,1658.0,1633.0,1673.0,717,692,59.18432080924863,0.0,33.59,33.59,33.59,341,3615,3422,51.3713230069632,48.628676993036805
FR,2020-06-22,708,7219,1296.2246848594004,9.713925030911698,1648.5,1633.0,1657.0,708,786,63.53970737913495,0.0,47.91,47.91,47.91,380,3681,3175,53.690198366394405,46.3098016336056
FR,2020-06-23,678,8590,1278.9420256111753,16.911125307605943,1699.0,1665.2,1707.0,678,746,62.38455764075074,0.0,0.0,0.0,0.0,340,4247,3866,52.34808332306176,47.65191667693825
FR,2020-06-24,712,8551,1260.2823061630208,11.229370660553457,1688.0,1673.8,1701.4,712,671,57.77017883755595,0.0,0.0,0.0,0.0,388,4218,4000,51.32635677780482,48.67364322219518
FR,2020-06-25,687,7676,1318.7532569046386,18.92244584920511,1639.0,1623.0,1669.0,687,584,59.9916952054796,0.0,0.0,0.0,0.0,315,3715,3563,51.04424292388019,48.955757076119816
FR,2020-06-26,695,8134,1281.3477993607091,471.532531434144,1076.5,1053.3,2102.7,695,673,58.7329866270431,19.696965925407564,70.02,46.132,84.332,323,4001,3746,51.645798373563956,48.35420162643604
FR,2020-06-27,662,7531,1269.0638693400622,18.73455092703052,1648.0,1627.1,1674.6,662,679,61.84932253313704,0.0,0.0,0.0,0.0,317,3808,3322,53.408134642356245,46.591865357643755
FR,2020-06-28,684,7296,1187.9621710526326,9.62491835053357,1656.0,1646.2,1672.2,684,570,65.63012280701754,0.0,78.61,78.61,78.61,280,3465,3474,49.93514915693904,50.06485084306096
FR,2020-06-29,730,9692,1251.5367313248041,18.671837081551455,1635.5,1620.9,1669.8,730,858,61.739592074592196,0.0,43.99,43.99,43.99,368,4625,4639,49.924438687392055,50.07556131260794
FR,2020-06-30,736,8468,1232.9357581483243,5.66911711723165,1620.0,1612.0,1628.0,736,766,60.48711488250661,0.0,68.71,68.71,68.71,329,4097,3936,51.00211627038467,48.99788372961534
FR,2020-07-01,719,9646,1241.857142857142,11.157397315828547,1628.0,1619.0,1650.0,719,711,58.586483825597924,0.0,46.28,46.28,46.28,414,4813,4405,52.21306140160556,47.78693859839444
FR,2020-07-02,702,8884,1318.9021837010353,19.71564727329144,1586.0,1560.0,1611.4,702,925,63.70912432432448,0.0,65.34,65.34,65.34,380,4246,4095,50.90516724613355,49.09483275386644
FR,2020-07-03,655,7673,1316.7655415091872,10.065669790596814,1583.0,1572.6,1598.2,655,788,61.291598984771575,0.0,96.39,96.39,96.39,362,3669,3639,50.20525451559934,49.79474548440066
FR,2020-07-04,665,6254,1291.0765909817726,29.080927714194274,1032.0,965.6,1042.2,665,667,60.78154422788604,33.573593194652254,87.26,31.302,98.712,334,3165,2771,53.31873315363881,46.68126684636118
FR,2020-07-05,679,7249,1234.5363498413546,20.814564462174076,1590.5,1565.1,1614.0,679,640,56.90601562500003,0.0,0.0,0.0,0.0,298,3580,3299,52.042448030236955,47.957551969763045
FR,2020-07-06,762,8768,1280.2503421532858,392.75387887963626,1609.5,752.7,1616.4,762,661,62.5021180030258,0.0,0.0,0.0,0.0,318,4386,3926,52.767083734359964,47.23291626564004
FR,2020-07-07,773,8301,1300.39910854114,251.7923527212232,1598.0,1583.0,1610.2,773,668,62.95444610778454,0.0,0.0,0.0,0.0,343,3971,3943,50.17690169320193,49.82309830679808
FR,2020-07-08,683,8856,1308.2886178861802,364.2842983165758,1628.0,727.4,1636.0,683,664,59.29317771084346,0.0,85.95,85.95,85.95,347,4400,4017,52.27515741950813,47.72484258049186
FR,2020-07-09,685,6961,1287.4235023703502,76.35571724210018,1635.0,1505.2,1654.2,685,725,58.01139310344829,0.0,94.55,94.55,94.55,275,3469,3187,52.11838942307693,47.88161057692308
FR,2020-07-10,646,6308,1253.9594166138224,5.71046189025021,1641.0,1633.4,1648.6,646,574,59.458501742160315,0.0,0.0,0.0,0.0,283,3186,2863,52.66986278723756,47.33013721276244
FR,2020-07-11,596,5949,1337.376870062196,400.2072919665631,1618.0,669.6,1621.2,596,535,63.44639252336447,0.0,0.0,0.0,0.0,275,2587,2965,46.595821325648416,53.404178674351584
FR,2020-07-12,570,5659,1303.1855451493188,11.275588183721899,1590.0,1581.5,1607.0,570,712,64.3879915730337,0.0,0.0,0.0,0.0,228,2821,2538,52.64041798843068,47.35958201156932
FR,2020-07-13,614,6783,1353.5616983635555,232.20501365678334,1574.5,1562.3,1583.2,614,806,59.63740694789094,0.0,0.0,0.0,0.0,364,3206,3290,49.353448275862064,50.646551724137936
FR,2020-07-14,666,7327,1341.2333833765526,413.4979361615685,1582.0,702.6,1593.3,666,695,61.55279136690654,0.0,64.04,64.04,64.04,307,3757,3190,54.080898229451556,45.91910177054844
FR,2020-07-15,670,6217,1310.3453434132211,0.0,705.0,705.0,705.0,670,830,56.44184337349405,0.0,0.0,0.0,0.0,329,3077,2768,52.643284858853725,47.356715141146275
FR,2020-07-16,675,6295,1324.7992057188264,241.5522751656297,1785.0,1233.8000000000002,1850.0,675,698,63.40497134670485,1.9800000000000004,31.9,30.316000000000003,33.484,356,2938,2981,49.63676296671735,50.36323703328265
FR,2020-07-17,699,7717,1263.7099909291173,464.41273399854146,1593.0,592.2,1601.3,699,763,62.20241153342078,12.52,21.52,11.504,31.536,349,3644,3681,49.74744027303754,50.25255972696245
FR,2020-07-18,652,7677,1246.4820893578233,12.0,686.0,676.4,695.6,652,851,62.96837837837853,0.0,0.0,0.0,0.0,395,3884,3379,53.47652485198954,46.52347514801046
FR,2020-07-19,634,7259,1297.2540294806458,0.0,655.0,655.0,655.0,634,701,61.14459343794582,0.0,55.49,55.49,55.49,301,3681,3196,53.526246909989815,46.47375309001018
FR,2020-07-20,696,7088,1275.863007900676,121.5,512.5,415.3,609.7,696,624,60.080256410256425,0.0,20.91,20.91,20.91,288,3230,3412,48.629930743751885,51.370069256248115
FR,2020-07-21,737,6606,1245.3792007266097,9.5,640.5,632.9,648.1,737,657,59.15843226788443,0.0,0.0,0.0,0.0,340,3191,3131,50.47453337551408,49.52546662448592
FR,2020-07-22,703,7690,1246.4139141742523,119.9147845578499,601.0,404.2,613.8,703,851,58.305981198589976,4.765000000000002,33.325,29.512999999999998,37.137,375,3655,3626,50.19914846861695,49.80085153138305
FR,2020-07-23,700,7307,1237.0120432462024,0.0,351.0,351.0,351.0,700,697,63.16360114777621,0.0,0.0,0.0,0.0,347,3543,3375,51.21422376409367,48.78577623590633
FR,2020-07-24,722,7563,1239.067830226101,553.0729306941957,609.0,301.5,1597.5,722,755,57.41336423841066,36.335,42.165,13.097000000000001,71.233,370,3730,3481,51.72652891415892,48.273471085841074
FR,2020-07-25,609,7093,1279.9257013957438,0.0,589.0,589.0,589.0,609,665,66.63705263157883,0.0,0.0,0.0,0.0,303,3574,3155,53.11338980532025,46.88661019467975
FR,2020-07-26,646,6381,1259.5265632346038,516.5,1091.5,678.3,1504.7,646,678,63.20356932153398,0.0,0.0,0.0,0.0,298,3375,2807,54.59398252992559,45.40601747007441
FR,2020-07-27,664,7035,1300.9203980099505,158.86542173242805,227.0,225.4,495.8,664,842,64.86418052256525,7.520000000000001,31.5,25.484,37.516000000000005,355,3331,3355,49.82052049057732,50.17947950942268
FR,2020-07-28,610,7494,1239.8553509474257,96.12613783461812,598.0,432.0,636.0,610,963,63.23834890965741,0.0,26.92,26.92,26.92,310,3259,3822,46.024572800451914,53.975427199548086
FR,2020-07-29,602,6456,1205.7778810408936,145.33265375308324,955.0,651.8,972.2,602,683,64.30259150805263,0.0,0.0,0.0,0.0,283,3195,3008,51.50733516040626,48.49266483959374
FR,2020-07-30,635,6398,1246.9893716786485,258.42456237337393,1022.0,650.2,1260.8,635,749,63.001375166889154,0.0,0.0,0.0,0.0,302,3139,2988,51.232250693651046,48.76774930634895
FR,2020-07-31,615,6847,1247.2351394771451,482.5,1133.5,747.5,1519.5,615,788,58.96444162436557,0.0,0.0,0.0,0.0,367,3464,3044,53.22679778733866,46.77320221266134
FR,2020-08-01,604,5557,1268.6204786755447,3.7712361663282534,1609.0,1602.6,1609.0,604,639,64.9919874804383,0.0,0.0,0.0,0.0,291,2724,2491,52.23394055608821,47.76605944391179
FR,2020-08-02,667,6030,1352.9844112769485,479.37869946421273,1612.0,658.5,1620.5,667,802,65.75210723192014,0.0,0.0,0.0,0.0,306,2945,2726,51.93087638864397,48.06912361135603
FR,2020-08-03,649,7076,1263.5431034482774,154.95367049540968,662.5,322.8,672.2,649,904,60.05835176991162,0.0,64.87,64.87,64.87,380,3484,3229,51.899299865931766,48.10070013406823
FR,2020-08-04,710,7987,1310.9452860898975,66.9394419523265,526.0,526.0,639.6,710,960,60.841385416666725,0.0,0.0,0.0,0.0,378,4041,3568,53.1081613878302,46.8918386121698
FR,2020-08-05,680,6718,1290.8091693956528,68.14853059474007,526.0,522.0,639.6,680,745,61.787073825503356,0.0,0.0,0.0,0.0,333,3302,3064,51.86930568645931,48.13069431354069
FR,2020-08-06,721,7247,1230.76748999586,8.347903928532,684.0,678.1,694.8,721,751,66.57653794940084,0.0,0.0,0.0,0.0,362,3297,3653,47.43884892086331,52.56115107913669
FR,2020-08-07,625,7629,1190.3220605583947,8.0,675.0,668.6,681.4,625,848,61.358455188679315,0.0,27.85,27.85,27.85,323,3667,3614,50.36396099436891,49.63603900563109
FR,2020-08-08,639,6699,1226.300343334827,471.0354638063522,674.0,660.8,1617.8,639,822,60.72838199513389,2.094999999999999,24.265,22.589000000000002,25.941,342,3199,3190,50.07043355767726,49.929566442322745
FR,2020-08-09,676,8108,1346.0293537247169,251.6152715912911,1617.5,1602.1,1631.7,676,1064,67.56986842105263,0.0,0.0,0.0,0.0,358,3961,3728,51.515151515151516,48.484848484848484
FR,2020-08-10,651,7581,1391.8066218177023,0.0,781.0,781.0,781.0,651,874,65.28092677345549,0.0,0.0,0.0,0.0,359,3684,3408,51.945854483925544,48.05414551607445
FR,2020-08-11,636,6336,1273.085700757577,73.17103251970687,913.0,807.4,944.2,636,932,63.72424892703867,0.0,95.69,95.69,95.69,319,3060,2950,50.91514143094842,49.08485856905158
FR,2020-08-12,630,6769,1298.416014182302,255.70962046821782,1626.5,1531.2,1638.9,630,1032,62.06140503875978,0.0,0.0,0.0,0.0,352,3216,3233,49.86819661963095,50.13180338036904
FR,2020-08-13,687,6596,1270.3355063674956,299.059567644976,1688.0,1008.2,1706.0,687,828,56.39592995169088,13.990000000000002,77.21000000000001,66.018,88.402,304,3226,3098,51.012017710309934,48.987982289690066
FR,2020-08-14,647,6825,1265.0587545787541,124.64428575295253,1709.5,1669.6,1759.9,647,646,64.25226006191949,0.0,0.0,0.0,0.0,299,3247,3285,49.7091243110839,50.2908756889161
FR,2020-08-15,660,6162,1217.66682895164,146.0,900.0,783.2,1016.8,660,797,61.88628607277299,0.0,0.0,0.0,0.0,319,2898,3023,48.944435061644995,51.055564938355005
FR,2020-08-16,627,6257,1292.0337222311005,451.14594829906946,1707.0,944.6,1713.4,627,749,59.10670226969295,0.0,0.0,0.0,0.0,301,3147,2694,53.87776065742167,46.122239342578325
FR,2020-08-17,675,6341,1227.6055827156574,176.89935798962884,1747.0,1718.4,1797.0,675,816,59.70078431372559,6.8799999999999955,90.06,84.55600000000001,95.564,325,3180,2793,53.23957810145655,46.76042189854345
FR,2020-08-18,656,6731,1214.7007874015753,5.656854249492381,1828.0,1822.4,1833.6,656,842,61.191698337292145,0.0,0.0,0.0,0.0,335,3362,2934,53.3989834815756,46.6010165184244
FR,2020-08-19,694,6717,1249.3373529849628,0.0,789.0,789.0,789.0,694,687,56.67125181950514,0.0,0.0,0.0,0.0,364,3386,3068,52.463588472265265,47.53641152773474
FR,2020-08-20,686,7323,1199.6013928717728,154.66278281761547,1828.0,1465.3,1843.2,686,688,60.78155523255823,0.0,0.0,0.0,0.0,351,3519,3443,50.54582016661878,49.45417983338121
FR,2020-08-21,652,7060,1190.6856940509913,0.0,773.0,773.0,773.0,652,767,61.53113428943939,0.0,0.0,0.0,0.0,332,3569,3172,52.94466696335856,47.05533303664145
FR,2020-08-22,663,6201,1180.9159812933415,0.0,676.0,676.0,676.0,663,624,62.30277243589753,0.0,0.0,0.0,0.0,291,3056,2830,51.91980971797485,48.08019028202514
FR,2020-08-23,673,6182,1189.7969912649644,74.80790213755644,677.0,669.8,800.2,673,623,63.78796147672555,0.0,0.0,0.0,0.0,271,2926,3014,49.25925925925926,50.74074074074074
FR,2020-08-24,684,8128,1226.1576033464548,295.9703763348962,1787.0,1412.8000000000002,1816.8,684,709,60.486050775740644,0.0,55.85,55.85,55.85,355,3924,3852,50.46296296296296,49.53703703703704
FR,2020-08-25,705,7519,1244.100279292458,216.29785019736096,1736.5,1413.0,1776.1,705,832,57.42243990384623,18.34,33.2,18.528,47.872,401,3843,3310,53.72570949252062,46.274290507479385
FR,2020-08-26,680,7213,1271.7289615971151,182.14366252939442,1741.0,1717.2,1767.8,680,774,64.95739018087865,0.0,0.0,0.0,0.0,327,3360,3454,49.310243616084534,50.689756383915466
FR,2020-08-27,718,7757,1243.5610416398124,167.9777357932361,1416.0,1328.9,1775.6000000000001,718,787,58.9754510800509,0.0,79.6,79.6,79.6,367,3768,3581,51.27228194312151,48.72771805687849
FR,2020-08-28,678,8439,1258.5133309633845,140.38866320397224,1466.0,1446.3,1743.8,678,935,61.94911229946532,17.790000000000006,81.89,67.658,96.122,279,4220,3802,52.605335327848415,47.394664672151585
FR,2020-08-29,710,6708,1289.1526535480027,9.116280818607928,1706.0,1696.0,1720.0,710,775,64.79076129032256,0.0,0.0,0.0,0.0,360,3258,3081,51.3961192617132,48.6038807382868
FR,2020-08-30,728,6951,1248.8105308588692,25.70248237038594,1743.0,1699.2,1766.6,728,752,60.67196808510647,0.0,85.64,85.64,85.64,379,3109,3457,47.34998477002741,52.65001522997259
FR,2020-08-31,732,7251,1238.7419666252913,215.8713608713403,1741.0,1435.6,1758.3,732,972,60.5828703703704,8.659999999999997,90.36,83.432,97.288,419,3483,3439,50.31782721756718,49.68217278243282
FR,2020-09-01,763,6677,1238.8939643552487,119.72948170324356,1694.0,1436.2,1709.0,763,688,59.10161337209309,0.0,0.0,0.0,0.0,361,3210,3124,50.67887590779918,49.32112409220082
FR,2020-09-02,708,7960,1225.5986180904545,201.13604685028628,1732.0,1695.8,1760.0,708,667,63.65446776611703,0.0,0.0,0.0,0.0,365,3967,3590,52.494376075162094,47.5056239248379
FR,2020-09-03,647,7241,1201.970307968514,115.0028338160164,1546.0,1451.0,1778.5,647,583,60.592024013722195,0.0,68.62,68.62,68.62,342,3600,3246,52.58545135845749,47.41454864154251
FR,2020-09-04,764,6755,1201.7498149518854,0.0,858.0,858.0,858.0,764,668,61.51860778443121,0.0,0.0,0.0,0.0,343,3251,3172,50.614977424879335,49.385022575120665
FR,2020-09-05,718,7568,1246.1102008456658,271.381078927769,1759.0,1659.8,1767.7,718,727,58.8221733149932,0.0,0.0,0.0,0.0,328,3824,3387,53.03009291360422,46.969907086395786
FR,2020-09-06,702,7166,1241.6706670387935,336.02449315488894,1761.5,834.2,1792.0,702,712,62.9814606741574,0.0,0.0,0.0,0.0,306,3498,3296,51.48660582867236,48.51339417132764
FR,2020-09-07,731,7883,1219.3790435113544,244.75197893158344,1782.0,1569.5,1802.0,731,657,60.00942161339427,0.0,98.24,98.24,98.24,355,3693,3807,49.24,50.760000000000005
FR,2020-09-08,685,7190,1262.621557719056,69.17746535733956,1643.0,1595.0,1773.9,685,663,59.52001508295638,0.0,54.66,54.66,54.66,339,3688,3129,54.10004400762799,45.89995599237201
FR,2020-09-09,725,9057,1316.3230650325706,105.39501858858998,1538.0,1499.8,1759.6,725,693,62.75574314574327,18.834136266069887,38.97,17.738,54.498000000000005,353,4430,4183,51.43387902008592,48.56612097991408
FR,2020-09-10,780,8315,1329.3290438965719,109.04288364676405,1737.0,1486.0,1770.4,780,754,59.90164456233432,0.0,95.56,95.56,95.56,364,4097,3851,51.54755913437342,48.45244086562657
FR,2020-09-11,755,7457,1327.40284296634,145.1046884588176,1762.0,1747.0,1772.0,755,732,63.77107923497266,37.48265287658635,80.59,26.006,95.86200000000001,329,3764,3402,52.525816355009766,47.474183644990234
FR,2020-09-12,646,6115,1321.3875715453817,73.5307737709731,1634.5,1609.0,1771.0,646,660,64.25465151515145,0.0,0.0,0.0,0.0,308,3045,2758,52.47285886610374,47.52714113389626
FR,2020-09-13,642,6072,1290.0739459815559,15.367915912906762,1780.0,1756.8,1797.2,642,855,63.68573099415198,0.0,0.0,0.0,0.0,325,2931,2839,50.79722703639514,49.20277296360485
FR,2020-09-14,744,7719,1307.8444098976518,299.2939190828975,1804.0,1686.2,1809.7,744,1179,65.98185750636144,0.0,35.69,35.69,35.69,383,3901,3454,53.038749150237926,46.96125084976207
FR,2020-09-15,730,7719,1339.1255343956475,8.041509432909468,1791.0,1781.8,1800.0,730,825,61.13372121212133,0.0,60.81,60.81,60.81,390,3677,3654,50.15686809439367,49.84313190560633
FR,2020-09-16,749,8171,1311.775302900503,291.96305640244094,1779.0,1756.0,1795.0,749,986,62.99507099391482,0.0,87.18,87.18,87.18,375,4110,3706,52.58444216990789,47.41555783009212
FR,2020-09-17,716,7800,1332.508461538461,149.91943759920437,1650.0,1625.0,1759.4,716,706,64.04567988668556,0.0,47.94,47.94,47.94,368,3990,3484,53.38506823655339,46.61493176344661
FR,2020-09-18,813,9107,1338.4455913033937,117.44819599397033,1652.0,1609.2,1793.0,813,829,62.94132689987937,28.667289094017942,32.9,11.878,71.138,412,4466,4212,51.46347084581701,48.536529154182986
FR,2020-09-19,711,6091,1405.6938105401434,10.661058261978786,1797.5,1787.1,1812.7,711,607,65.7181878088962,0.0,54.61,54.61,54.61,316,2901,2933,49.725745629070964,50.274254370929036
FR,2020-09-20,681,6571,1301.7578755136196,199.45671107244482,1781.0,1740.0,1790.0,681,796,62.15105527638199,0.0,0.0,0.0,0.0,356,3477,2804,55.35742716128005,44.64257283871995
FR,2020-09-21,742,8918,1356.347275173805,92.5725620015844,1724.0,1621.0,1801.4,742,855,59.496397660818836,0.0,70.63,70.63,70.63,421,4277,4227,50.29397930385701,49.70602069614299
FR,2020-09-22,754,8867,1353.2763054020534,263.8560725209349,1852.5,1629.5,1868.5,754,977,60.07266120777899,0.0,69.11,69.11,69.11,394,4460,4015,52.62536873156343,47.37463126843658
FR,2020-09-23,702,6838,1360.3793506873358,2.0,845.0,843.4,846.6,702,638,64.5892006269593,0.0,0.0,0.0,0.0,309,3356,3180,51.34638922888617,48.65361077111383
FR,2020-09-24,791,7059,1347.7056240260697,238.37663200305752,1843.0,1822.4,1858.0,791,594,62.90395622895631,0.0,83.01,83.01,83.01,343,3275,3392,49.12254387280636,50.877456127193646
FR,2020-09-25,706,7831,1357.5598263312484,221.13639736919524,1796.5,1743.4,1815.0,706,385,59.53387012987015,0.0,59.33,59.33,59.33,247,3828,3565,51.77870959015285,48.22129040984715
FR,2020-09-26,668,6178,1323.8504370346402,62.108446825833276,1813.0,1662.2,1831.4,668,265,67.71709433962278,0.0,0.0,0.0,0.0,189,2996,2867,51.10011939280233,48.89988060719768
FR,2020-09-27,672,6373,1364.2811862545109,22.853534161451684,1762.0,1745.0,1780.0,672,261,67.15777777777772,41.705,55.355000000000004,21.991,88.71900000000001,197,3035,3055,49.835796387520524,50.164203612479476
FR,2020-09-28,734,7082,1347.677068624684,75.26509768696558,1759.0,1743.6,1783.0,734,871,57.9202411021814,0.0,81.25,81.25,81.25,348,3230,3455,48.317127898279736,51.682872101720264
FR,2020-09-29,762,8054,1346.02892972436,171.83103583214714,1773.0,1757.8,1785.0,762,878,59.13832574031896,0.0,0.0,0.0,0.0,404,3980,3648,52.17619297325642,47.82380702674357
FR,2020-09-30,730,7256,1338.3107772877627,0.0,832.0,832.0,832.0,730,1021,62.27836434867776,0.0,0.0,0.0,0.0,377,3524,3374,51.087271672948674,48.91272832705132
FR,2020-10-01,720,8188,1369.35552027357,52.546275901448155,1783.0,1671.8,1822.0,720,887,63.610157835400244,0.0,81.96,81.96,81.96,348,4195,3562,54.08018563877788,45.91981436122212
FR,2020-10-02,695,7372,1378.7354856212676,10.886074419049725,1811.0,1801.2,1827.4,695,657,62.51269406392692,0.0,0.0,0.0,0.0,328,3510,3495,50.107066381156315,49.892933618843685
FR,2020-10-03,695,6926,1323.762344787755,10.371962205870208,1790.0,1776.6,1799.2,695,590,62.29647457627123,0.0,0.0,0.0,0.0,305,3238,3298,49.54100367197062,50.45899632802937
FR,2020-10-04,705,7244,1328.613059083379,40.56093521108121,1790.0,1682.0,1810.0,705,783,57.27819923371651,0.0,0.0,0.0,0.0,286,3412,3512,49.27787406123628,50.72212593876372
FR,2020-10-05,698,7506,1341.2515321076448,16.888741570547367,1804.0,1785.1,1829.6,698,670,62.46229850746274,0.0,98.06,98.06,98.06,304,3668,3413,51.80059313656263,48.19940686343737
FR,2020-10-06,744,7845,1369.3762906309744,78.96682847879862,1860.0,1689.0,1872.1,744,712,62.386095505618165,0.0,86.37,86.37,86.37,347,3490,3847,47.56712552814502,52.43287447185499
FR,2020-10-07,741,6542,1309.776673800061,192.81014911046566,1792.5,1777.9,1853.0,741,647,63.064729520865576,31.135,34.565000000000005,9.657,59.473000000000006,317,3102,3062,50.32446463335496,49.675535366645036
FR,2020-10-08,690,7026,1336.2499288357528,42.07865396890342,1774.0,1689.3,1799.7,690,562,62.4850889679716,14.720752547188464,73.2,62.16,90.76,279,3320,3394,49.4489127196902,50.5510872803098
FR,2020-10-09,704,6466,1336.7946180018553,23.04102621171394,1045.0,1039.4,1081.0,704,480,59.84441666666668,28.615,45.005,22.113,67.897,262,3014,3084,49.4260413250246,50.57395867497541
FR,2020-10-10,691,6296,1278.945203303686,19.57809845358256,1794.0,1770.4,1817.2,691,604,63.783509933774845,0.0,95.35,95.35,95.35,293,3102,2912,51.579647489191885,48.420352510808115
FR,2020-10-11,694,5949,1277.65221045554,77.0,1750.0,1688.4,1811.6,694,555,62.71091891891898,0.0,0.0,0.0,0.0,298,3079,2602,54.19820454145396,45.80179545854603
FR,2020-10-12,708,6875,1356.5864727272733,20.516073278284132,1778.0,1752.5,1810.0,708,578,61.24991349480976,0.0,38.92,38.92,38.92,321,3336,3232,50.79171741778319,49.20828258221681
FR,2020-10-13,705,7152,1374.506711409397,71.91095316560047,1831.5,1682.6,1857.7,705,512,65.02623046875009,3.7699999999999996,57.41,54.394,60.426,320,3604,3217,52.83682744465621,47.16317255534379
FR,2020-10-14,728,7022,1344.804898889204,7.592101158440923,1834.0,1824.3,1841.4,728,553,57.354285714285794,0.0,0.0,0.0,0.0,338,3541,3125,53.12031203120312,46.87968796879688
FR,2020-10-15,693,6439,1329.1293679142716,228.67249506663455,1825.0,1803.0,1947.3,693,589,60.47103565365035,36.285,59.845,30.817,88.87299999999999,331,2992,3116,48.9849377865095,51.0150622134905
FR,2020-10-16,697,6804,1335.1535861258074,423.0428465297575,1956.0,1380.0,1969.5,697,535,61.57171962616825,37.305,49.904999999999994,20.061,79.749,341,3169,3228,49.538846334219166,50.461153665780834
FR,2020-10-17,677,6619,1289.4290678350196,6.531972647421808,1804.0,1797.6,1810.4,677,617,65.54158833063208,0.0,93.91,93.91,93.91,292,3458,2778,55.452212957023725,44.54778704297627
FR,2020-10-18,691,6000,1293.3469999999995,51.654963886519624,1791.0,1674.6,1804.4,691,587,68.53425894378192,0.0,62.46,62.46,62.46,283,2959,2736,51.95785776997366,48.04214223002634
FR,2020-10-19,726,7729,1393.0870746539003,419.85843968533015,1784.0,818.0,1791.1,726,640,62.6158437500001,0.0,0.0,0.0,0.0,349,3834,3559,51.85986744217503,48.14013255782497
FR,2020-10-20,668,7058,1354.4288750354224,317.31547295239164,1756.0,1463.2,1772.7,668,621,60.66508856682768,0.0,0.0,0.0,0.0,346,3342,3391,49.636120600029706,50.36387939997029
FR,2020-10-21,734,7465,1373.3654387139989,397.1371672357046,1659.0,800.4,1763.6,734,619,63.76841680129245,0.0,60.32,60.32,60.32,327,3626,3491,50.94843332864971,49.05156667135029
FR,2020-10-22,689,6991,1381.8877127735673,224.32540162261782,1757.5,1666.3,1788.6,689,697,64.56017216642763,0.0,93.04,93.04,93.04,364,3495,3250,51.81616011860638,48.183839881393624
FR,2020-10-23,718,7829,1356.9190190318047,26.40126190044182,1808.0,1796.0,1825.0,718,676,59.00254437869831,0.0,0.0,0.0,0.0,395,3657,3758,49.318948078219826,50.681051921780174
FR,2020-10-24,653,5377,1308.8088153245303,8.693468173800886,1093.5,1082.0,1104.4,653,512,65.46751953125003,0.0,84.61,84.61,84.61,278,2703,2383,53.145890680298855,46.854109319701145
FR,2020-10-25,783,6249,1290.1955512882075,172.2848577856517,1780.5,1768.3,1790.7,783,520,65.28690384615378,0.0,97.73,97.73,97.73,302,3090,2769,52.73937532002048,47.26062467997952
FR,2020-10-26,693,7062,1325.0338431039359,278.39300498560215,1794.5,1677.1,1830.2,693,635,62.57770078740162,0.0,90.3,90.3,90.3,354,3415,3249,51.245498199279716,48.75450180072029
FR,2020-10-27,745,7684,1328.381572097866,190.98774829815656,1803.0,1790.4,1816.0,745,634,63.43865930599372,0.0,89.87,89.87,89.87,364,3822,3506,52.156113537117896,47.8438864628821
FR,2020-10-28,709,6814,1396.8357792779557,208.22093838918667,577.0,545.2,1020.2,709,900,64.58491111111123,0.0,65.4,65.4,65.4,328,3242,3209,50.255774298558364,49.744225701441636
FR,2020-10-29,734,7825,1359.208945686899,262.74081216095834,1778.0,1419.0,1794.5,734,699,64.87210300429179,3.6599999999999966,90.03,87.102,92.958,326,3804,3665,50.93051278618289,49.06948721381711
FR,2020-10-30,783,7545,1352.452485089463,198.30230306944622,1793.0,1777.0,1817.6,783,849,57.368763250883404,41.535000000000004,56.855000000000004,23.627000000000002,90.083,382,3637,3517,50.83869164103998,49.16130835896002
FR,2020-10-31,800,7754,1303.4998710343045,369.69174127104037,1170.5,990.8,1824.9,800,838,60.305883054892696,21.66794457769869,65.77,38.106,79.83399999999999,356,3728,3599,50.88030571857514,49.11969428142487
FR,2020-11-01,799,7222,1339.48947659928,20.0,962.0,946.0,978.0,799,796,59.77280150753769,0.0,0.0,0.0,0.0,367,3416,3472,49.59349593495935,50.40650406504065
FR,2020-11-02,767,7549,1302.0083454762212,337.37858927323765,1119.5,1050.0,1797.5,767,810,61.170358024691474,0.0,5.43,5.43,5.43,408,3699,3523,51.21849903073941,48.78150096926059
FR,2020-11-03,787,8040,1354.3574626865682,258.8634480227408,1697.0,1129.4,1760.0,787,852,65.16388497652588,0.0,79.43,79.43,79.43,395,3983,3629,52.32527588018917,47.674724119810826
FR,2020-11-04,809,7466,1353.1015269220484,253.39566073937158,1670.0,1185.2,1723.2,809,719,57.8086509040334,4.625,84.455,80.755,88.155,393,3718,3327,52.7750177430802,47.2249822569198
FR,2020-11-05,756,8870,1383.1602029312285,302.5977400613716,1684.5,933.8,1717.0,756,767,61.06797913950464,21.794143453893497,59.89,42.17,84.682,382,4472,3933,53.206424747174296,46.7935752528257
FR,2020-11-06,840,8979,1351.8292682926804,238.9687542550366,1730.5,1281.7,1776.1,840,989,60.973276036400485,0.8300000000000054,90.71000000000001,90.04599999999999,91.37400000000001,437,4378,4201,51.031588763259116,48.96841123674088
FR,2020-11-07,862,9303,1277.7998495109098,238.6879432518124,1777.0,1350.8,1788.8,862,882,56.93468253968257,0.0,80.15,80.15,80.15,399,4555,4346,51.174025390405575,48.82597460959443
FR,2020-11-08,854,7927,1371.2080232118049,169.67754919090765,1809.0,1354.0,1839.0,854,656,57.91814024390252,0.0,97.26,97.26,97.26,393,3603,3877,48.168449197860966,51.831550802139034
FR,2020-11-09,855,9604,1328.1608704706375,190.18015089887368,1334.0,1310.2,1348.6,855,985,59.383411167512776,0.0,28.12,28.12,28.12,427,5006,4229,54.206821873308066,45.79317812669193
FR,2020-11-10,909,9421,1315.822630294024,136.90251934409878,1326.0,1315.0,1351.2,909,927,60.44209277238408,0.0,52.86,52.86,52.86,424,4627,4348,51.55431754874652,48.44568245125348
FR,2020-11-11,911,10949,1319.2127134898142,245.9762460076176,1811.0,1315.6,1827.6,911,1102,64.03988203266803,3.8299999999999983,53.65,50.586,56.714,501,5721,4692,54.94093921060214,45.05906078939787
FR,2020-11-12,912,9463,1328.2388248969685,195.09994874422702,1316.0,1295.9,1795.8,912,816,60.72843137254908,0.0,0.0,0.0,0.0,448,4989,3965,55.7181148090239,44.2818851909761
FR,2020-11-13,940,10013,1323.000599221013,241.478416103359,1355.0,950.3,1785.2,940,1029,55.967191448007824,42.805,52.385,18.141,86.629,521,4836,4672,50.86243163651661,49.13756836348338
FR,2020-11-14,890,9499,1287.1111695967984,149.65949257838898,1338.0,1321.0,1366.0,890,886,59.68950338600463,34.375,57.614999999999995,30.115,85.115,403,4436,4482,49.74209464005382,50.25790535994618
FR,2020-11-15,843,10337,1305.2921543968268,67.0,897.0,843.4,950.6,843,1055,62.471687203791504,0.0,0.0,0.0,0.0,458,4996,4880,50.587282300526525,49.41271769947347
FR,2020-11-16,884,10710,1351.6260504201682,116.82382272274587,1359.0,1335.3,1374.2,884,1147,60.206931124673005,0.0,89.5,89.5,89.5,466,5238,4867,51.83572488866898,48.16427511133102
FR,2020-11-17,937,12332,1317.7881122283477,207.7139624038663,1334.0,1310.0,1785.2,937,1038,61.54105009633911,20.02799575316734,39.480000000000004,13.84,60.05499999999999,429,6284,5542,53.13715542026044,46.86284457973955
FR,2020-11-18,1004,11564,1344.7935835351084,285.0879973008091,1328.0,1084.5,1785.9,1004,1243,61.06255028157695,28.95571280421188,70.49,25.636000000000003,90.628,539,5834,5173,53.002634687017355,46.997365312982645
FR,2020-11-19,946,9880,1310.9079959514165,198.13159137300642,1291.0,915.7,1329.1,946,953,61.50881427072411,0.0,66.11,66.11,66.11,501,5109,4389,53.79027163613392,46.20972836386608
FR,2020-11-20,968,10258,1343.4554494053416,266.62614658134396,1333.0,1304.0,1819.0,968,1176,59.23409863945591,7.189976046938928,23.51,22.526,35.19,510,4864,4819,50.23236600227202,49.76763399772798
FR,2020-11-21,964,10503,1327.2182233647527,319.3221070090378,1364.0,856.5,1811.6,964,1208,66.2289403973509,0.0,51.83,51.83,51.83,540,5275,4698,52.89281058858919,47.10718941141081
FR,2020-11-22,928,9083,1303.6179676318388,409.3787976923084,1783.0,842.7,1790.1,928,1160,63.80909482758625,0.0,0.0,0.0,0.0,506,4397,4237,50.92656937688209,49.07343062311791
FR,2020-11-23,922,9364,1322.3909653994015,248.50242868775328,1788.0,1363.4,1803.2,922,1238,61.967487883683525,0.0,0.0,0.0,0.0,520,4705,4128,53.266160987207066,46.73383901279294
FR,2020-11-24,934,9496,1311.7597935973008,3.559026084010437,1348.0,1342.4,1348.8,934,924,56.41508658008667,0.0,0.0,0.0,0.0,498,4396,4669,48.49420849420849,51.50579150579151
FR,2020-11-25,924,8031,1373.1610011206599,16.359637988110887,1372.0,1356.6,1396.6,924,795,62.42242767295601,0.0,96.8,96.8,96.8,439,4136,3514,54.06535947712419,45.93464052287582
FR,2020-11-26,968,9893,1312.3476195289602,3.39934634239519,844.0,842.4,848.8,968,903,61.45119601328918,0.0,0.0,0.0,0.0,498,4906,4506,52.124946876328096,47.875053123671904
FR,2020-11-27,985,10384,1341.5828197226526,246.4278545538227,1405.5,1008.9000000000001,1413.6,985,1110,57.520855855855864,0.0,10.88,10.88,10.88,501,4995,4877,50.59764991896273,49.40235008103728
FR,2020-11-28,964,10147,1309.408790775598,266.11621521433074,1423.0,849.8,1432.6,964,1130,61.51063716814171,12.970000000000002,45.269999999999996,34.894,55.646,510,4969,4603,51.911826159632255,48.08817384036774
FR,2020-11-29,970,10411,1283.8587071366821,240.40535429769446,1397.5,852.5,1420.7,970,868,61.30381336405536,0.0,85.2,85.2,85.2,486,5218,4691,52.65919870824503,47.34080129175497
FR,2020-11-30,942,10109,1293.6717776239016,212.67505794546958,1344.0,854.0,1373.0,942,1019,62.134946025515255,29.17,56.97,33.634,80.306,480,4906,4658,51.29652864910079,48.70347135089921
FR,2020-12-01,1000,11281,1300.4512897792738,85.15711582128648,1339.0,1325.0,1355.5,1000,1269,60.395311268715716,0.0,85.71,85.71,85.71,522,5808,4890,54.29052159282109,45.70947840717891
FR,2020-12-02,986,9798,1313.8802816901414,49.45957945636012,1347.5,1267.7,1351.7,986,1012,58.73557312252964,0.0,0.0,0.0,0.0,464,4798,4515,51.5193815097176,48.4806184902824
FR,2020-12-03,1021,9873,1268.8666058948656,213.0968017441375,1357.0,851.8,1366.4,1021,1237,56.120202101859434,2.269999999999996,82.72,80.904,84.536,596,4657,4782,49.33785358618498,50.66214641381502
FR,2020-12-04,985,10392,1265.2897421093146,222.25810821355125,1371.0,840.0,1381.4,985,1012,62.74177865612658,0.0,0.0,0.0,0.0,489,5189,4689,52.53087669568739,47.46912330431262
FR,2020-12-05,992,10472,1238.0394385026734,11.002221997800667,1361.0,1346.0,1370.6,992,1012,59.226561264822344,14.079999999999998,33.08,21.816,44.343999999999994,545,5382,4564,54.11220591192439,45.88779408807561
FR,2020-12-06,1047,11658,1211.3801681248929,145.17893603890252,1383.5,1371.3,1409.8,1047,1476,58.699857723577345,0.0,89.98,89.98,89.98,612,5935,5121,53.681259044862514,46.318740955137486
FR,2020-12-07,972,10662,1234.271618833243,15.441246671348532,1418.0,1397.4,1435.6,972,1280,61.281000000000105,5.328516574891074,95.95,87.63,97.254,492,5491,4690,53.93379825164523,46.06620174835478
FR,2020-12-08,1092,11128,1292.370686556435,272.7797950893661,1435.0,835.6,1443.8,1092,1518,60.288043478260924,7.75,44.67,38.47,50.870000000000005,667,5571,5028,52.56156241154826,47.43843758845174
FR,2020-12-09,955,9744,1251.621613300494,323.1482884474721,1437.0,753.4,1441.8,955,1226,58.96498368678649,26.910000000000004,41.82,20.292,63.348000000000006,520,4697,4525,50.93255259162871,49.06744740837129
FR,2020-12-10,994,9137,1261.2238152566472,245.21712827614633,825.0,821.0,1193.4,994,984,53.59537601626021,16.385,53.875,40.767,66.983,483,4563,4138,52.44224801746926,47.557751982530746
FR,2020-12-11,1010,11144,1254.6340631730081,216.60695147795101,819.0,819.0,1160.0000000000002,1010,1252,59.663562300319605,0.0,89.23,89.23,89.23,516,5446,5138,51.455026455026456,48.544973544973544
FR,2020-12-12,1016,10072,1221.5718824463881,311.46123681899223,1431.0,814.0,1451.5,1016,1215,57.84892181069963,8.254999999999999,14.985,8.381,21.589,558,4981,4523,52.409511784511785,47.590488215488215
FR,2020-12-13,1055,10324,1250.7637543587757,264.88272758902195,1434.5,827.7,1447.8,1055,1303,56.34783576362242,0.0,27.88,27.88,27.88,639,5088,4621,52.40498506540323,47.59501493459676
FR,2020-12-14,1090,12675,1251.3892702169621,10.573668669662506,1469.0,1450.6,1477.4,1090,1262,62.98152139461188,0.0,0.0,0.0,0.0,541,6199,5798,51.671251146119864,48.328748853880136
FR,2020-12-15,1091,10065,1304.9382016890193,200.01117252744277,1462.0,1326.6,1465.2,1091,1342,59.83439642324892,30.3850844256776,72.91,29.39,86.342,600,4907,4653,51.32845188284519,48.67154811715481
FR,2020-12-16,1083,10015,1258.9172241637552,222.5024468246927,1463.0,885.3000000000001,1475.8,1083,1158,59.378756476684,0.0,0.0,0.0,0.0,563,4983,4506,52.513436610812526,47.48656338918748
FR,2020-12-17,1036,9925,1211.3671536523925,222.54844978116563,1478.0,1132.5,1498.0,1036,1084,56.911614391144006,0.0,95.86,95.86,95.86,570,4503,4861,48.08842375053396,51.91157624946604
FR,2020-12-18,997,8920,1280.5904708520163,213.5,1021.5,808.0,1235.0,997,921,59.59078175895769,0.0,90.71,90.71,90.71,482,4345,4075,51.60332541567696,48.39667458432304
FR,2020-12-19,966,10825,1228.8783371824466,0.0,808.0,808.0,808.0,966,1151,62.07376194613388,0.0,0.0,0.0,0.0,535,5466,4706,53.7357451828549,46.26425481714511
FR,2020-12-20,943,9842,1241.1951839057106,2.0,813.0,811.4,814.6,943,970,61.318134020618665,0.0,0.0,0.0,0.0,440,4750,4570,50.96566523605151,49.0343347639485
FR,2020-12-21,1003,11664,1189.297753772293,2.0,806.0,804.4,807.6,1003,1002,62.37219560878251,0.0,0.0,0.0,0.0,464,5535,5433,50.46498905908096,49.53501094091904
FR,2020-12-22,996,11481,1277.3133002351722,306.1505961124361,810.0,805.5,1303.8000000000002,996,1200,60.58018333333334,28.78,49.11,26.086,72.134,549,5692,5198,52.268135904499545,47.73186409550046
FR,2020-12-23,986,10369,1293.5525122962688,1.0,807.0,806.2,807.8,986,1066,63.61730769230776,0.0,0.0,0.0,0.0,524,5435,4488,54.771742416607886,45.228257583392114
FR,2020-12-24,886,8991,1326.5518852185533,178.61017516144432,827.5,631.6,1056.9,886,858,60.11311188811201,26.45187768491778,41.27,15.07,92.07,431,4521,4037,52.82776349614395,47.17223650385604
FR,2020-12-25,904,10640,1196.8735902255617,6.599663291074444,804.0,804.0,815.2,904,967,59.88010341261643,0.0,0.0,0.0,0.0,439,5363,4697,53.31013916500994,46.68986083499006
FR,2020-12-26,946,10465,1226.2004777830873,3.491060010942235,813.0,809.6,817.1,946,956,63.12946652719669,0.0,0.0,0.0,0.0,474,5105,4823,51.420225624496375,48.579774375503625
FR,2020-12-27,982,10917,1265.8420811578287,462.9694014367112,812.0,482.4,1379.2,982,1315,60.86616730038021,0.0,80.37,80.37,80.37,479,5379,4948,52.08676285465286,47.913237145347146
FR,2020-12-28,997,10785,1210.6910523875733,0.816496580927726,812.0,811.2,812.8,997,1368,60.47631578947362,0.0,0.0,0.0,0.0,518,5205,5058,50.716164864074834,49.283835135925166
FR,2020-12-29,1047,11654,1283.3976317144347,1.0,810.0,809.2,810.8,1047,1170,58.24567521367531,0.0,0.0,0.0,0.0,502,5601,5414,50.84884248751702,49.15115751248298
FR,2020-12-30,992,12256,1258.4617330287188,1.699673171197595,802.0,801.2,804.4,992,1117,59.73130707251579,0.0,22.2,22.2,22.2,520,6118,5474,52.77777777777778,47.22222222222222
FR,2020-12-31,999,10931,1278.7357972738052,4.320493798938574,809.0,802.6,810.6,999,1035,58.75433816425129,0.0,0.0,0.0,0.0,490,5461,4768,53.3874279010656,46.6125720989344
FR,2021-01-01,929,8853,1272.1707895628583,2.5,815.5,813.5,817.5,929,1213,62.3026545754329,0.0,0.0,0.0,0.0,484,4256,4167,50.528315327080605,49.47168467291939
FR,2021-01-02,1014,11740,1291.537478705282,351.112517578055,813.0,804.4,1524.6,1014,1725,59.76311884057977,0.0,87.94,87.94,87.94,653,5815,5233,52.63396089790007,47.366039102099926
FR,2021-01-03,1075,11145,1312.9056976222544,362.0,1169.0,879.4,1458.6,1075,1753,61.850610382202056,0.0,0.0,0.0,0.0,562,5656,4819,53.995226730310264,46.004773269689736
FR,2021-01-04,1029,11273,1283.666193559832,85.8294028322028,1012.0,812.4,1029.8,1029,1598,66.06956821026289,1.7500000000000036,65.51,64.11,66.91000000000001,607,5570,5086,52.27102102102103,47.72897897897898
FR,2021-01-05,1073,10591,1294.1922386932304,61.48458478892629,1039.5,1025.3,1050.7,1073,1142,59.209500875656765,0.0,1.27,1.27,1.27,536,5154,4870,51.41660015961692,48.58339984038308
FR,2021-01-06,1042,10974,1272.1667577911435,78.22507673219494,1062.0,952.6,1071.0,1042,1101,60.85970027247959,0.0,72.7,72.7,72.7,490,5545,4846,53.36348763352902,46.63651236647098
FR,2021-01-07,1051,11225,1289.430289532293,243.43994314236883,1054.0,820.0,1440.0000000000002,1051,1304,64.38301380368105,0.0,34.22,34.22,34.22,567,5749,4847,54.25632314080785,45.74367685919215
FR,2021-01-08,1065,9934,1323.067344473524,234.1665806642784,1507.5,1055.9,1532.7,1065,1151,60.34383145091231,0.0,38.72,38.72,38.72,545,4943,4480,52.456754749018366,47.54324525098164
FR,2021-01-09,1024,10352,1300.3022604327673,1.5,823.5,822.3,824.7,1024,1300,64.35835384615388,0.0,0.0,0.0,0.0,546,5131,4668,52.36248596795592,47.63751403204409
FR,2021-01-10,1058,11098,1318.9637772571623,4.369314487526514,818.0,813.0,824.0,1058,1150,61.03773913043499,0.0,2.26,2.26,2.26,548,5451,4965,52.33294930875576,47.66705069124424
FR,2021-01-11,1148,12124,1291.496535796768,126.5,944.5,843.3,1045.7,1148,1184,59.812457770270406,0.0,27.51,27.51,27.51,542,5805,5724,50.35128805620609,49.64871194379391
FR,2021-01-12,1092,11050,1320.127420814481,270.8273250615602,1073.0,665.6,1085.8,1092,1500,60.88675333333335,0.0,0.0,0.0,0.0,521,5288,5109,50.860825238049436,49.139174761950564
FR,2021-01-13,1158,12099,1265.800066121165,217.49801781878853,1078.5,831.1,1492.1,1158,1207,60.43289975144996,5.915000000000001,36.215,31.483,40.947,597,6020,5343,52.978966822142034,47.021033177857966
FR,2021-01-14,1131,13040,1241.1203987730055,298.75546252560616,1443.5,839.3,1482.9,1131,1355,59.324833948339524,19.13794827038677,52.66,28.372,71.602,581,6340,5962,51.53633555519428,48.46366444480572
FR,2021-01-15,1109,12116,1283.2553648068633,256.4439896912604,1096.0,830.0,1447.2,1109,1316,61.28273556231009,0.0,0.0,0.0,0.0,560,6165,5271,53.9087093389297,46.0912906610703
FR,2021-01-16,1124,12846,1218.841273548189,219.52901139053412,1078.0,1048.0,1444.3,1124,1493,60.401011386470245,15.678679791359986,69.36,50.275999999999996,85.708,572,6415,5784,52.586277563734726,47.41372243626527
FR,2021-01-17,1145,12221,1217.8669503313959,265.93885649168277,1085.0,648.8,1395.6000000000001,1145,1477,62.34320243737309,0.0,0.0,0.0,0.0,580,6236,5294,54.08499566348656,45.91500433651344
FR,2021-01-18,1150,13046,1202.4608309060256,268.6659305200833,1416.0,813.6,1438.2,1150,1285,57.09157198443593,25.129163668269317,41.82,36.5,81.556,613,6290,6126,50.6604381443299,49.339561855670105
FR,2021-01-19,1080,12856,1220.6670815183547,73.787881374827,849.0,787.0,910.4000000000001,1080,1085,61.71796313364059,7.649999999999999,25.04,18.92,31.159999999999997,523,6606,5623,54.01913484340503,45.98086515659498
FR,2021-01-20,1197,12410,1213.1451248992719,221.52566736560158,1100.0,832.0,1406.4,1197,1192,60.84228187919466,0.0,95.8,95.8,95.8,518,6185,5632,52.33984936955234,47.66015063044766
FR,2021-01-21,1059,10843,1209.9832149774024,198.57934391548378,1092.0,925.4,1416.0,1059,1132,57.25920494699652,27.923063384055837,47.685,18.548000000000002,78.173,553,5240,5027,51.037303983636896,48.962696016363104
FR,2021-01-22,1141,12613,1238.3828589550462,242.67515482477964,1402.0,830.0,1425.0,1141,1209,59.144491315136456,6.568466335454571,27.509999999999998,20.743,34.697,559,6390,5633,53.14813274557098,46.85186725442902
FR,2021-01-23,1114,12287,1226.7183201757953,3.858612300930075,821.0,815.4,822.6,1114,1260,56.84804761904767,0.0,0.0,0.0,0.0,531,6271,5330,54.055684854753906,45.9443151452461
FR,2021-01-24,1070,10539,1233.1723123636027,108.26202781523476,751.0,596.6,799.8,1070,1224,60.37988562091509,0.0,0.0,0.0,0.0,564,5071,4879,50.96482412060301,49.03517587939699
FR,2021-01-25,1150,11396,1279.8811863811857,283.447040647933,820.0,729.2,1407.6,1150,1192,61.821199664429635,14.35,40.51,29.03,51.99,551,5801,5060,53.411288095018875,46.588711904981125
FR,2021-01-26,1204,12727,1269.869097194939,260.6036539705649,826.0,817.0,1425.0,1204,2076,61.79525048169562,0.0,27.87,27.87,27.87,669,6316,5839,51.96215549156725,48.03784450843274
FR,2021-01-27,1163,11499,1254.0533089833868,52.0,762.0,720.4,803.6,1163,1846,62.0189003250272,0.0,0.0,0.0,0.0,683,5909,5020,54.06716076493733,45.93283923506268
FR,2021-01-28,1195,11477,1224.176701228542,16.048537489614297,820.0,796.0,825.6,1195,1683,61.59998811645874,0.0,0.0,0.0,0.0,644,5822,5103,53.29061784897026,46.70938215102975
FR,2021-01-29,1113,11029,1235.2846132922286,2.0548046676563256,823.0,820.6,824.6,1113,1659,58.026853526220734,0.0,42.63,42.63,42.63,637,5395,5131,51.25403762112863,48.74596237887137
FR,2021-01-30,1111,11497,1253.2564147168812,168.43687123618966,1098.0,1026.2,1412.2,1111,1661,58.07369656833237,0.0,0.0,0.0,0.0,637,5432,5410,50.1014572957019,49.8985427042981
FR,2021-01-31,1169,12006,1206.9596035315685,294.3611047675966,1402.5,915.2,1416.0,1169,1735,56.85228818443812,5.012333676930225,92.72,84.328,92.944,659,5599,5770,49.2479549652564,50.752045034743595
FR,2021-02-01,1181,12663,1205.4699518281611,166.56659254504223,1404.0,1397.0,1412.0,1181,1806,58.172115171650184,33.21299519766322,48.225,10.447000000000001,78.905,746,6277,5746,52.20826748731597,47.79173251268402
FR,2021-02-02,1263,13425,1250.6411173184356,188.85885382122456,1042.5,913.1,1405.8,1263,1820,60.20329670329685,19.24571178788205,28.66,21.156000000000002,56.916,701,6580,6174,51.591657519209654,48.40834248079034
FR,2021-02-03,1261,12834,1214.1894187314927,231.82497316255248,1408.5,835.9,1438.2,1261,1881,59.28622541201499,2.3882536623138586,63.25,60.906,65.586,729,6441,5785,52.68280713234091,47.31719286765909
FR,2021-02-04,1246,12849,1237.4463382364384,158.90714773099415,1079.0,1050.4,1402.0,1246,1835,61.52896457765675,0.3299999999999983,88.26,87.99600000000001,88.524,700,6351,5698,52.70976844551415,47.29023155448585
FR,2021-02-05,1246,13352,1303.400913720792,109.21961616021096,1394.0,1381.4,1407.8,1246,1999,62.60005002501265,24.584999999999997,51.015,31.347,70.68299999999999,715,6413,6093,51.27938589477051,48.72061410522949
FR,2021-02-06,1197,11579,1236.368339234822,278.4492772481193,1383.0,817.4,1388.8,1197,1884,63.407452229299416,0.0,55.8,55.8,55.8,744,5974,4911,54.88286632981166,45.11713367018833
FR,2021-02-07,1149,11514,1266.1449539690798,189.8188669980701,1344.0,872.8000000000001,1381.0,1149,1776,61.62393018018032,27.303378708300716,64.25,26.074,77.626,725,5430,5496,49.69796814936848,50.30203185063152
FR,2021-02-08,1205,13834,1275.2977446870004,153.0053593832582,1331.0,1265.6,1339.2,1205,1956,61.155158486707705,0.0,72.33,72.33,72.33,722,6865,6290,52.185480805777274,47.814519194222726
FR,2021-02-09,1155,13347,1243.6139207312472,225.29861840593097,1341.0,818.6,1372.2,1155,1905,62.59745406824156,0.0,0.0,0.0,0.0,697,6508,6119,51.54035004355746,48.45964995644255
FR,2021-02-10,1203,11808,1201.514566395664,2.494438257849294,827.0,823.8,828.6,1203,1462,59.22556771545835,0.0,0.0,0.0,0.0,667,5830,5323,52.27293104994172,47.72706895005828
FR,2021-02-11,1172,13053,1230.9204780510227,222.4450549442172,1364.0,831.8,1372.0,1172,1680,60.24239880952393,9.920000000000002,79.64,71.704,87.57600000000001,676,6431,5889,52.19967532467532,47.800324675324674
FR,2021-02-12,1112,12352,1225.8225388601047,3.7712361663282534,1380.0,1373.6,1380.0,1112,1583,61.26518635502224,0.0,0.0,0.0,0.0,648,6141,5631,52.16615698267074,47.83384301732926
FR,2021-02-13,1082,10879,1249.5370898060485,264.9305988786917,828.0,826.4,1276.8,1082,1495,59.611638795986764,1.1550000000000011,60.365,59.441,61.289,629,5360,4857,52.46158363511794,47.53841636488206
FR,2021-02-14,1115,11576,1269.5952833448544,0.0,1248.0,1248.0,1248.0,1115,1652,59.78303268765145,0.0,82.5,82.5,82.5,646,5509,5428,50.37030264240651,49.629697357593486
FR,2021-02-15,1178,12942,1236.1904651522186,101.67548807430742,1380.0,1369.4,1388.0,1178,1895,59.34330343007926,26.997242895654033,65.31,18.28,93.52,780,6088,6054,50.140009883050574,49.85999011694943
FR,2021-02-16,1210,13858,1246.548058882955,348.58501914301235,1650.0,820.2,1861.6,1210,1817,57.95205283434239,34.97617726396068,46.14,7.414,86.68,704,6715,6420,51.12295393985535,48.87704606014465
FR,2021-02-17,1165,13471,1246.0956127978627,152.86018858048556,1729.0,1388.0,1780.0,1165,2100,61.87022857142862,20.843371981413075,84.66,46.775,89.86500000000001,710,6638,6090,52.15273412947832,47.84726587052168
FR,2021-02-18,1161,13494,1232.3920260856648,218.88924139847532,1386.5,829.5,1395.0,1161,1910,60.02033507853408,16.50651756798575,71.91499999999999,57.045,94.92,702,6498,6338,50.62324711748209,49.37675288251791
FR,2021-02-19,1174,12246,1237.2203168381507,246.72998905686353,1400.0,1002.6,1408.9,1174,1695,60.598814159291955,12.404999999999998,69.66499999999999,59.741,79.589,617,6268,5358,53.91364183726131,46.08635816273869
FR,2021-02-20,1203,13542,1208.6985674198781,125.45094862774151,1065.0,1037.0,1374.0,1203,2243,59.84689255461454,18.192718570900833,64.62,38.647999999999996,89.26599999999999,725,6582,6269,51.21780406194071,48.782195938059296
FR,2021-02-21,1160,12357,1190.6616492676208,195.37248967606013,1364.0,875.5,1371.9,1160,1897,59.6888877174486,11.388135931749321,89.98,70.476,95.574,704,5975,5719,51.094578416281855,48.905421583718145
FR,2021-02-22,1198,13165,1237.7586783137094,227.58829845523692,1139.0,836.5,1356.0,1198,1956,62.42792944785279,18.674065010061415,68.84,46.836,88.268,726,6484,6037,51.78500119798738,48.21499880201262
FR,2021-02-23,1123,13928,1229.2859707064908,10.37725879025863,1341.5,1327.9,1353.0,1123,2149,59.00714285714307,38.312652682313136,97.08,32.608000000000004,98.16000000000001,715,6728,6555,50.65120831137544,49.34879168862456
FR,2021-02-24,1200,13057,1237.324576855325,212.05341046276263,1353.0,826.2,1363.6,1200,643,60.0716640746501,15.736380269935015,69.54,54.424,89.352,314,6460,5735,52.97252972529726,47.02747027470275
FR,2021-02-25,1134,12548,1262.268648390185,0.0,1364.0,1364.0,1364.0,1134,314,58.550796178344,0.0,0.0,0.0,0.0,209,5811,5979,49.287531806615775,50.71246819338422
FR,2021-02-26,1215,12434,1267.4976676853769,211.6165878349653,1385.0,824.0,1396.3,1215,504,61.401210317460325,0.0,65.15,65.15,65.15,299,5939,5801,50.58773424190801,49.412265758092
FR,2021-02-27,1205,11030,1239.0660924750662,159.66207314199576,1129.0,1109.2,1414.2,1205,414,60.47050724637683,0.0,45.8,45.8,45.8,224,5558,4871,53.29370025889347,46.70629974110653
FR,2021-02-28,1128,11850,1288.1550210970433,222.7718339467537,1403.0,853.7,1408.8,1128,1526,61.90577981651382,29.412964639574994,79.79,33.326,86.09400000000001,559,5800,5361,51.96666965325688,48.03333034674313
FR,2021-03-01,1229,13305,1255.304472003004,210.8407489755513,1412.5,926.8,1433.0,1229,2235,60.23517673378084,24.66966833988653,82.525,57.18600000000001,95.185,763,6331,6252,50.31391560041326,49.68608439958675
FR,2021-03-02,1200,12892,1258.6004498914044,194.49558573904017,1107.0,1033.8,1438.6,1200,2009,59.84064708810364,24.680699316469944,56.815,34.866,84.455,739,6288,5842,51.838417147568016,48.16158285243199
FR,2021-03-03,1163,12858,1213.9825789391844,240.22768125879085,943.0,852.0,1460.0,1163,1860,57.19402688172053,32.65,58.8,32.68,84.92,680,6443,5821,52.53587736464449,47.46412263535551
FR,2021-03-04,1167,10835,1252.087586525149,250.76644512374457,1478.0,856.9,1496.1,1167,1782,60.6634343434344,14.271076810575064,71.985,55.19,86.095,673,5381,4823,52.73422187377499,47.26577812622501
FR,2021-03-05,1152,11452,1266.2829200139734,304.9987249517975,856.0,856.0,1373.6,1152,1986,58.67764853977844,0.0,74.28,74.28,74.28,683,5519,5334,50.85229890352898,49.14770109647102
FR,2021-03-06,1065,11516,1291.425494963528,60.90716113330715,990.0,944.4,1088.6,1065,1545,60.64516504854383,0.0,0.0,0.0,0.0,665,5700,5240,52.10237659963437,47.89762340036563
FR,2021-03-07,1074,11676,1299.3397567660163,0.5,852.5,852.1,852.9,1074,1475,61.96172203389845,0.0,10.03,10.03,10.03,588,5819,5214,52.74177467597209,47.25822532402791
FR,2021-03-08,1244,12205,1326.5707496927482,2.5,845.5,843.5,847.5,1244,1890,62.149439153439154,0.0,0.0,0.0,0.0,707,5907,5736,50.734346817830456,49.265653182169544
FR,2021-03-09,1137,12102,1251.8296975706498,3.0,846.0,843.6,848.4,1137,1775,60.492501408450806,0.0,71.78,71.78,71.78,675,5900,5536,51.591465547394186,48.40853445260581
FR,2021-03-10,1092,12297,1263.6091729690174,109.36889665510738,837.0,835.4,1021.8,1092,1893,61.35537242472282,0.0,82.73,82.73,82.73,643,5944,5709,51.00832403672874,48.991675963271256
FR,2021-03-11,1108,11327,1212.3667343515506,10.275375094532235,850.5,843.0,867.0,1108,1566,57.70091315453387,0.0,0.0,0.0,0.0,603,5844,4798,54.91448975756437,45.08551024243563
FR,2021-03-12,1139,12259,1213.0081572722079,74.4811385519851,1053.0,873.1,1062.6,1139,1789,58.8278535494692,15.57064117712134,34.79,24.27,54.334,683,5884,5719,50.71102301129018,49.28897698870981
FR,2021-03-13,1060,11262,1221.5422660273491,73.70210309075311,890.0,877.2,1032.8,1060,1621,60.577458359037664,1.0150000000000006,52.765,51.953,53.577,606,5379,5323,50.26163333956269,49.7383666604373
FR,2021-03-14,1095,11245,1237.0273010226765,8.460693430998036,1365.5,1357.0,1377.0,1095,1342,61.4291728763041,11.579275548246626,61.0,46.704,69.112,654,5757,4862,54.214144458046896,45.785855541953104
FR,2021-03-15,1189,12808,1216.789116177391,4.5,883.5,879.9,887.1,1189,1618,63.40692830655138,0.0,0.0,0.0,0.0,647,6165,6022,50.58669073603019,49.4133092639698
FR,2021-03-16,1154,13663,1239.6891605064782,20.58367071248469,1189.5,1163.0,1212.7,1154,1738,58.692462600690575,0.0,0.0,0.0,0.0,662,6659,6357,51.16011063306699,48.839889366933
FR,2021-03-17,1136,13767,1244.3544708360557,0.0,877.0,877.0,877.0,1136,1648,61.37277912621359,0.0,92.9,92.9,92.9,657,6586,6462,50.47516860821582,49.52483139178418
FR,2021-03-18,1096,11187,1229.9164208456236,0.0,872.0,872.0,872.0,1096,1578,59.86688212927774,0.0,15.36,15.36,15.36,673,5853,4826,54.80850266878922,45.19149733121079
FR,2021-03-19,1079,11365,1265.5214254289488,79.64358103450648,1372.5,1342.2,1539.6,1079,1510,58.02600662251665,34.41750426745089,77.67,26.814,90.606,632,5353,5525,49.20941349512778,50.790586504872216
FR,2021-03-20,1028,10572,1239.483730609156,4.0,1023.0,1019.8,1026.2,1028,1312,63.03932926829285,0.0,88.11,88.11,88.11,629,5081,4927,50.769384492406076,49.230615507593924
FR,2021-03-21,1086,10439,1244.067152026058,0.0,1411.0,1411.0,1411.0,1086,1483,58.453492919757394,0.0,0.0,0.0,0.0,611,5043,4745,51.52227217000409,48.477727829995914
FR,2021-03-22,1138,11623,1245.926697066162,0.0,877.0,877.0,877.0,1138,1244,62.75555466237955,0.0,0.0,0.0,0.0,608,5659,5357,51.37073347857661,48.62926652142339
FR,2021-03-23,1145,12531,1283.8650546644326,0.0,873.0,873.0,873.0,1145,1379,57.29473531544602,0.0,47.2,47.2,47.2,684,6122,5737,51.62323973353571,48.37676026646429
FR,2021-03-24,1082,11241,1209.8808824837633,213.4171710263466,872.0,788.0,1184.8,1082,1414,57.57126591230562,0.0,94.68,94.68,94.68,659,5478,5055,52.00797493591569,47.9920250640843
FR,2021-03-25,1062,10171,1243.4361419722707,4.0,863.0,859.8,866.2,1062,1356,60.07636430678472,0.0,0.0,0.0,0.0,580,4703,4905,48.94879267277269,51.05120732722731
FR,2021-03-26,1104,11868,1236.5141557128427,131.02391119991208,1019.0,864.0,1135.8000000000002,1104,1495,61.69949832775926,0.0,91.11,91.11,91.11,685,5822,5354,52.093772369362924,47.906227630637076
FR,2021-03-27,1055,12089,1317.7103151625429,230.29015514249747,1358.0,969.2,1362.0,1055,1540,61.41573376623383,3.8600000000000065,92.07,88.982,95.158,580,5722,5563,50.70447496677005,49.29552503322995
FR,2021-03-28,1027,11385,1252.2251207729464,15.400387056022726,1425.0,1398.0,1437.0,1027,1363,61.40961115187095,21.2322095173266,72.7,44.024,91.034,583,5645,5130,52.38979118329466,47.61020881670534
FR,2021-03-29,1159,11384,1263.8761419536224,229.66320449736827,865.0,859.5,1235.2,1159,1480,63.24158108108117,47.705,51.254999999999995,13.091000000000001,89.419,621,5639,5081,52.6026119402985,47.3973880597015
FR,2021-03-30,1088,11197,1262.6625881932684,234.0079792977154,937.5,827.8,1399.3,1088,1409,62.26332150461324,33.480188503385435,65.0,25.32,90.408,605,5531,5006,52.49122141026857,47.50877858973142
FR,2021-03-31,1130,11087,1249.320465409941,233.47201592958038,1004.0,986.0,1491.2,1130,1466,62.13135743519799,6.0795686981524835,94.07,85.046,96.294,695,5225,5247,49.89495798319328,50.10504201680672
FR,2021-04-01,1060,12033,1266.6951716114042,249.56497061128795,997.5,974.0,1476.0,1060,1378,61.05628447024679,25.907877875271836,82.5,33.106,88.468,609,5772,5570,50.89049550343855,49.10950449656145
FR,2021-04-02,992,11897,1237.8237370765762,205.64589272863952,1010.0,975.0,1468.0,992,1459,61.28057573680614,33.017479816568375,92.345,19.630000000000003,98.06099999999999,605,5606,5520,50.386482113967276,49.61351788603272
FR,2021-04-03,987,11916,1282.2611614635796,247.8503630603268,1423.0,853.8,1445.8,987,1607,60.59690105787205,15.607735973619693,51.27,47.526,75.686,684,5889,5489,51.75777816839515,48.24222183160485
FR,2021-04-04,1022,10632,1273.040161775771,257.8226134379993,832.0,796.9,1247.9,1022,1175,61.345378723404345,0.0,16.32,16.32,16.32,618,5086,4894,50.96192384769539,49.03807615230461
FR,2021-04-05,1104,14534,1317.4959405531856,282.581846550694,1136.0,856.9,1426.3,1104,1519,59.267472021066595,10.31,26.369999999999997,18.122,34.618,662,6930,6942,49.95674740484429,50.04325259515571
FR,2021-04-06,1129,13117,1277.1354730502412,230.14955208848573,1440.0,1181.8000000000002,1471.0,1129,1377,58.59204066811921,5.524134924734065,91.55,85.422,96.214,586,6407,6059,51.395796566661325,48.60420343333868
FR,2021-04-07,1098,13849,1278.8387609213682,322.5,1177.5,919.5,1435.5,1098,1190,57.718756302521065,42.739999999999995,54.47,20.278,88.66199999999999,607,6846,6346,51.89508793208005,48.104912067919955
FR,2021-04-08,1124,13695,1240.7989777290982,326.0,1180.0,919.2,1440.8,1124,1601,59.4023235477828,21.765000000000004,77.495,60.083,94.90700000000001,635,6668,6365,51.16243382183687,48.83756617816312
FR,2021-04-09,1155,13308,1276.5235196874032,0.0,1506.0,1506.0,1506.0,1155,1364,61.35063782991208,0.0,69.64,69.64,69.64,703,6465,5983,51.936053984575835,48.063946015424165
FR,2021-04-10,1126,12336,1258.969033722439,44.0,1490.0,1454.8,1525.2,1126,1559,58.946581141757605,0.0,99.04,99.04,99.04,710,5844,5741,50.44454035390591,49.555459646094086
FR,2021-04-11,1121,11935,1256.7496439044858,0.0,1453.0,1453.0,1453.0,1121,1286,61.968506998444866,0.0,0.0,0.0,0.0,578,5685,5487,50.88614393125671,49.11385606874329
FR,2021-04-12,1131,12176,1270.063896189224,318.6788700592216,873.0,868.2,1411.4,1131,1412,64.26257790368267,0.0,94.58,94.58,94.58,657,6175,5354,53.56058634747159,46.43941365252841
FR,2021-04-13,1109,13202,1265.689895470383,0.0,1460.0,1460.0,1460.0,1109,1318,59.62029590288326,0.0,80.02,80.02,80.02,607,6315,6210,50.41916167664671,49.58083832335329
FR,2021-04-14,1098,11984,1276.1486982643528,27.251421981247145,855.0,817.4,865.6,1098,1209,61.320355665839536,0.0,80.75,80.75,80.75,513,5630,5718,49.612266478674655,50.38773352132534
FR,2021-04-15,1124,13728,1295.3343531468533,287.5213035585363,1454.5,989.9000000000001,1455.7,1124,1312,62.70149390243916,0.0,0.0,0.0,0.0,620,6810,6132,52.619378766805745,47.380621233194255
FR,2021-04-16,1064,12061,1266.087057457922,0.0,873.0,873.0,873.0,1064,1456,59.21740384615389,0.0,0.0,0.0,0.0,573,5584,5808,49.01685393258427,50.98314606741573
FR,2021-04-17,1070,10936,1237.0543160204834,41.34677200889515,789.0,783.4,856.2,1070,1248,60.078758012820686,0.0,40.77,40.77,40.77,584,5320,5018,51.4606306829174,48.53936931708261
FR,2021-04-18,1046,10534,1234.5707233719397,0.0,873.0,873.0,873.0,1046,1081,61.7690286771509,0.0,0.0,0.0,0.0,534,5243,4722,52.61414952333167,47.38585047666834
FR,2021-04-19,1194,13473,1235.8052401098496,48.4632592795821,876.0,799.7,881.6,1194,1649,59.26335961188615,0.0,0.0,0.0,0.0,641,6698,6052,52.53333333333333,47.46666666666667
FR,2021-04-20,1116,13496,1271.1160343805564,6.97614984548545,889.0,883.4,897.0,1116,1381,58.94254163649535,0.0,0.0,0.0,0.0,575,6549,6193,51.396954952126826,48.60304504787318
FR,2021-04-21,1136,13742,1248.7653180032005,3.0,903.0,900.6,905.4,1136,117,63.32623931623931,0.0,0.0,0.0,0.0,78,6984,6085,53.439436835259016,46.56056316474099
FR,2021-04-22,1147,13309,1272.5043203847035,261.7534887807398,1441.0,893.0,1457.4,1147,29,76.87517241379311,0.0,0.0,0.0,0.0,22,6716,5850,53.44580614356199,46.55419385643801
FR,2021-04-23,1082,12608,1262.8994289340112,12.118253628552145,1468.0,1460.0,1487.8,1082,5,68.98,0.0,0.0,0.0,0.0,5,6179,5819,51.50025004167361,48.49974995832639
FR,2021-04-24,1108,12868,1288.7880789555502,46.64465990358018,1521.0,1422.9,1554.1,1108,28,57.14392857142857,0.0,37.98,37.98,37.98,27,6457,5818,52.60285132382892,47.39714867617108
FR,2021-04-25,1091,11774,1304.8633429590614,4.179978734661484,1429.0,1425.0,1433.5,1091,34,77.72294117647057,0.0,0.0,0.0,0.0,20,5750,5362,51.74586033117351,48.2541396688265
FR,2021-04-26,1125,13461,1305.726171904021,0.5,883.5,883.1,883.9,1125,28,55.47428571428571,0.0,0.0,0.0,0.0,27,6542,6161,51.49964575297174,48.50035424702826
FR,2021-04-27,1201,15056,1316.318809776833,3.082207001484488,877.5,873.6,880.0,1201,14,64.72785714285715,0.0,0.0,0.0,0.0,14,7420,6870,51.924422673198045,48.07557732680196
FR,2021-04-28,1118,12294,1299.5089474540384,1.632993161855452,880.0,878.4,881.6,1118,21,68.58333333333331,0.0,0.0,0.0,0.0,10,5957,5693,51.13304721030043,48.86695278969957
FR,2021-04-29,1044,13919,1320.330555355988,6.652067347825035,1431.5,1424.9,1438.1,1044,14,78.09,0.0,0.0,0.0,0.0,9,6845,6410,51.640890230101846,48.359109769898154
FR,2021-04-30,1112,12416,1326.8224065721668,0.5,877.5,877.1,877.9,1112,1341,61.79291573452666,4.7,17.39,13.629999999999999,21.15,562,5863,5966,49.56462930087074,50.43537069912926
FR,2021-05-01,1000,11713,1309.046444121913,202.5187645626943,1420.0,1020.4,1443.7,1000,1101,56.98036330608539,22.349722503870154,59.46,35.624,85.41,496,5549,5566,49.92352676563203,50.07647323436797
FR,2021-05-02,1004,12646,1313.8489640993212,72.86760254049807,940.0,868.2,1016.7,1004,1325,60.28585660377368,18.510869479548738,45.52,45.112,76.72800000000001,497,6125,5777,51.461939169887415,48.538060830112585
FR,2021-05-03,1083,13543,1310.4968618474481,96.81941953967706,876.0,787.2,976.8,1083,1357,60.65621960206354,0.0,0.0,0.0,0.0,567,6452,6338,50.445660672400315,49.55433932759969
FR,2021-05-04,1112,14241,1344.541886103507,0.0,888.0,888.0,888.0,1112,1529,63.089326357096226,0.0,7.39,7.39,7.39,597,7195,6315,53.256846780162846,46.74315321983716
FR,2021-05-05,1066,12291,1349.8034334065574,0.0,879.0,879.0,879.0,1066,1213,62.78401483924158,0.0,0.0,0.0,0.0,544,5736,5776,49.82626824183461,50.173731758165395
FR,2021-05-06,1055,11680,1298.0893835616444,6.83852557930183,1461.0,1451.6,1467.4,1055,1244,60.70566720257246,12.435,57.895,47.947,67.843,578,5737,5316,51.90446032751289,48.09553967248711
FR,2021-05-07,1046,11806,1273.2519058106052,3.858612300930075,1010.0,1008.4,1015.6,1046,1338,61.8340433482811,0.0,92.71,92.71,92.71,618,5801,5443,51.591960156527925,48.408039843472075
FR,2021-05-08,1039,11083,1288.5799873680417,5.366658216074811,1441.0,1434.0,1448.7,1039,1131,62.13555260831133,12.73598009141381,64.945,49.925,78.71000000000001,578,5464,5048,51.978691019786915,48.02130898021309
FR,2021-05-09,974,10861,1337.5949728385967,8.613216588476108,1413.0,1404.1,1422.6,974,1247,61.38825982357669,26.905,50.795,29.271,72.319,526,5232,4952,51.374705420267084,48.625294579732916
FR,2021-05-10,1032,12928,1334.5342667079226,219.1158210982392,1008.0,574.1,1027.3,1032,1396,59.20569484240696,0.0,0.0,0.0,0.0,535,6474,5781,52.827417380660954,47.172582619339046
FR,2021-05-11,1096,14104,1323.1064237095836,0.0,892.0,892.0,892.0,1096,1630,62.80313496932528,0.0,0.0,0.0,0.0,609,6771,6623,50.552486187845304,49.447513812154696
FR,2021-05-12,1138,11882,1295.4787914492492,0.0,887.0,887.0,887.0,1138,1325,61.17344905660394,0.0,0.0,0.0,0.0,661,5831,5245,52.64535933550019,47.35464066449982
FR,2021-05-13,1100,11544,1286.956081081081,0.0,893.0,893.0,893.0,1100,1210,63.33206611570258,0.0,0.0,0.0,0.0,581,5583,5248,51.54648693564767,48.45351306435232
FR,2021-05-14,1018,11948,1263.7702544358876,7.337574531137657,1443.0,1433.2,1449.2,1018,1186,61.90810286677923,5.390000000000001,70.54,66.22800000000001,74.852,566,5706,5487,50.97829000268025,49.02170999731975
FR,2021-05-15,956,12785,1290.811967149002,0.0,904.0,904.0,904.0,956,1451,61.99282563749147,0.0,0.0,0.0,0.0,529,6059,5959,50.41604260276252,49.58395739723748
FR,2021-05-16,1021,11978,1303.3484721990303,0.0,1456.0,1456.0,1456.0,1021,1421,61.6658691062632,0.0,0.0,0.0,0.0,564,6198,5052,55.09333333333334,44.906666666666666
FR,2021-05-17,1102,12185,1348.5873615100545,6.041522986797286,1433.5,1426.7,1438.9,1102,1255,60.43651792828693,4.229999999999997,84.97999999999999,81.596,88.36399999999999,540,5960,5473,52.12979970261523,47.87020029738476
FR,2021-05-18,1067,12337,1338.702196644244,165.2854056053421,1006.0,902.2,1183.0000000000002,1067,1245,63.84033734939767,18.55,67.32000000000001,52.480000000000004,82.16000000000001,531,5864,5755,50.46905929942336,49.53094070057664
FR,2021-05-19,1016,10794,1320.0012043727977,0.0,900.0,900.0,900.0,1016,1025,59.388234146341496,0.0,0.0,0.0,0.0,494,5236,4975,51.27803349329155,48.721966506708455
FR,2021-05-20,1035,12340,1315.1821717990274,4.0276819911981905,1415.0,1408.6,1415.8,1035,1131,63.470309460654285,16.040000000000003,79.77,66.938,92.602,561,5887,5858,50.123456790123456,49.876543209876544
FR,2021-05-21,978,10518,1285.6231222665867,242.32393379294766,1415.0,1007.0,1421.4,978,1158,62.55254749568224,0.0,0.0,0.0,0.0,471,5097,4885,51.061911440593065,48.938088559406935
FR,2021-05-22,913,9352,1271.8868691189073,161.17695244668204,1445.0,1377.5,1445.2,913,1111,63.80701170117017,14.881985620205388,73.56,63.092,96.52799999999999,487,4630,4328,51.6856441169904,48.314355883009604
FR,2021-05-23,973,10209,1303.8836320893315,8.034836261555053,1444.5,1437.0,1456.5,973,1188,59.306531986532086,30.664700772019607,49.595,15.671,93.307,521,4934,4734,51.034340091021924,48.96565990897807
FR,2021-05-24,1029,11535,1311.8846120502824,191.11925970077277,1451.0,1229.0,1455.8,1029,1446,63.827282157676436,4.100000000000001,67.27000000000001,63.99,70.55000000000001,578,5612,5301,51.42490607532301,48.57509392467699
FR,2021-05-25,1091,12813,1282.6771247951303,230.50084598543233,1443.0,1119.0,1508.4,1091,1559,58.661122514432414,28.00739016759684,46.72,17.858,80.776,580,6281,5944,51.378323108384464,48.621676891615536
FR,2021-05-26,1082,12077,1252.3237558996423,5.315072906367325,1449.5,1444.1,1454.9,1082,1388,63.53582132564847,13.330249643407116,91.07,69.78999999999999,93.55,508,5932,5517,51.81238536116691,48.18761463883309
FR,2021-05-27,1006,11182,1320.8829368628153,17.81038017770836,1471.0,1452.8,1496.8,1006,1321,62.46434519303566,5.70428786089903,69.68,65.752,77.584,479,5316,5171,50.6913321254887,49.3086678745113
FR,2021-05-28,1039,10459,1272.058418586863,4.0,1468.0,1464.8,1471.2,1039,1128,59.99269503546109,0.0,86.0,86.0,86.0,525,5140,4736,52.04536249493722,47.95463750506278
FR,2021-05-29,916,9943,1258.7445439002304,21.258454200623337,1520.0,1505.1,1560.0,916,1222,64.48152209492635,20.12197346186501,86.46,57.68600000000001,94.84,474,4853,4587,51.40889830508475,48.59110169491526
FR,2021-05-30,945,10856,1257.966285924836,9.47068516798127,1496.5,1486.0,1511.9,945,1173,61.5903154305201,12.291398415151956,48.68,29.356,51.638,436,5304,4874,52.11239929259186,47.88760070740813
FR,2021-05-31,1081,11851,1294.1826850054847,0.0,1021.0,1021.0,1021.0,1081,1255,61.93035059760971,0.0,0.0,0.0,0.0,512,5648,5609,50.17322554854757,49.82677445145243
FR,2021-06-01,1066,11667,1317.772520785119,0.0,1512.0,1512.0,1512.0,1066,1269,63.78599684791175,0.0,0.0,0.0,0.0,530,5781,5308,52.13274416088015,47.86725583911985
FR,2021-06-02,1027,11705,1320.1897479709537,133.2750328268577,992.5,980.0,1265.9,1027,1088,65.9654319852941,0.0,53.98,53.98,53.98,484,5589,5483,50.47868497109826,49.52131502890174
FR,2021-06-03,1030,12573,1366.4847689493358,10.382945418115014,1504.5,1490.5,1514.5,1030,1229,65.6124003254679,7.080123978826614,85.32,76.592,90.296,582,6256,5662,52.49202886390334,47.50797113609666
FR,2021-06-04,1044,10250,1330.287804878053,9.116434335857411,1005.5,995.4,1016.7,1044,1149,61.95355961705836,0.0,0.0,0.0,0.0,589,4937,4641,51.545207767801216,48.45479223219879
FR,2021-06-05,971,9239,1325.9496698776943,0.0,1561.0,1561.0,1561.0,971,1067,65.69231490159319,0.0,98.76,98.76,98.76,499,4480,4246,51.340820536328216,48.659179463671784
FR,2021-06-06,854,9499,1298.6238551426459,0.0,901.0,901.0,901.0,854,991,60.64428859737648,0.0,0.0,0.0,0.0,458,4593,4367,51.261160714285715,48.738839285714285
FR,2021-06-07,1045,10921,1326.2844977566174,0.0,1465.0,1465.0,1465.0,1045,1339,64.33579536967889,0.0,13.21,13.21,13.21,569,5333,4895,52.14118107156824,47.85881892843176
FR,2021-06-08,999,11739,1343.412045319021,4.749736834815167,1450.0,1445.8,1454.8,999,1153,60.99079791847358,0.0,0.0,0.0,0.0,526,5711,5377,51.50613275613276,48.49386724386724
FR,2021-06-09,990,10863,1318.0118751725995,0.0,910.0,910.0,910.0,990,995,57.00168844221117,0.0,0.0,0.0,0.0,485,5055,5099,49.78333661611188,50.216663383888125
FR,2021-06-10,1048,10445,1302.78975586405,0.0,1474.0,1474.0,1474.0,1048,1096,60.511587591241,0.0,0.0,0.0,0.0,562,4877,4923,49.76530612244898,50.23469387755102
FR,2021-06-11,979,8121,1300.8064277798292,0.0,910.0,910.0,910.0,979,912,62.64211622807028,0.0,0.0,0.0,0.0,480,3950,3587,52.40811994162134,47.59188005837866
FR,2021-06-12,899,8364,1264.7028933524646,4.320493798938574,1465.0,1463.4,1471.4,899,933,62.31606645230451,0.0,74.18,74.18,74.18,432,4142,3728,52.63024142312579,47.369758576874204
FR,2021-06-13,917,8176,1300.2842465753424,9.436630754670864,1480.0,1469.0,1492.7,917,955,60.75151832460732,8.326552708053915,84.71,71.91799999999999,87.976,411,4016,3631,52.51732705636197,47.48267294363803
FR,2021-06-14,940,8945,1300.0158747903845,15.561129789657903,1035.0,1015.0,1054.0,940,987,62.07497467071945,16.06703526548138,68.75,62.254000000000005,92.182,447,4324,4199,50.733309867417574,49.266690132582426
FR,2021-06-15,950,10230,1333.1597262952093,11.493422703098444,1076.0,1059.6,1086.2,950,940,62.6628936170213,3.799999999999997,83.17,80.13000000000001,86.21,499,5024,4711,51.60760143810992,48.39239856189009
FR,2021-06-16,988,10174,1246.143601336739,6.128258770283411,1468.0,1462.4,1474.4,988,1106,56.35113924050639,2.710000000000001,52.0,49.832,54.168,502,4847,4813,50.175983436853,49.824016563147
FR,2021-06-17,1006,10148,1299.4632439889617,214.85313242331546,1094.0,964.6,1456.0,1006,1043,64.61715244487057,29.014529501996446,86.22,27.35,89.73,486,4918,4727,50.99015033696216,49.00984966303784
FR,2021-06-18,945,10187,1296.6545597329903,37.52112352720533,990.0,966.9,1062.4,945,799,58.441489361702175,22.63013643352598,41.05,10.930000000000001,58.416000000000004,449,4842,4636,51.08672715762819,48.91327284237181
FR,2021-06-19,840,9082,1310.4580488879087,7.434063903575821,1445.0,1439.6,1455.8,840,1048,65.7585209923664,0.0,0.0,0.0,0.0,418,4461,4158,51.75774451792551,48.24225548207448
FR,2021-06-20,878,10285,1335.2142926592128,52.96640444659237,1015.0,913.2,1025.6,878,1169,61.92569717707445,24.435000000000002,38.805,19.256999999999998,58.353,427,5094,4636,52.3535457348407,47.6464542651593
FR,2021-06-21,1056,10858,1337.665039602134,4.0,1471.0,1467.8,1474.2,1056,1503,64.82785096473724,0.0,0.0,0.0,0.0,548,5330,4858,52.31645072634472,47.68354927365528
FR,2021-06-22,956,9904,1286.9457794830364,3.559026084010437,1004.0,998.4,1004.8,956,1098,59.3179052823316,0.0,0.0,0.0,0.0,490,4863,4584,51.476659256906956,48.523340743093044
FR,2021-06-23,897,9253,1361.1147735869445,0.0,921.0,921.0,921.0,897,1083,63.2476269621423,0.0,0.0,0.0,0.0,448,4480,4255,51.287922152261025,48.71207784773898
FR,2021-06-24,975,8803,1315.6971486993084,51.957247382396574,1022.0,937.2,1028.4,975,1083,63.69759002770098,0.0,0.0,0.0,0.0,453,4275,3995,51.692865779927445,48.30713422007255
FR,2021-06-25,963,10543,1280.1674096556962,14.606780093208702,1023.0,1000.4,1039.0,963,1159,63.2928559102676,27.006195932600356,74.915,35.949000000000005,88.212,506,4916,4960,49.77723774807614,50.22276225192386
FR,2021-06-26,836,8478,1312.5773767397984,8.995307418624199,1039.0,1031.0,1051.4,836,1217,61.72971240755974,16.991854666280545,68.22999999999999,47.955,83.395,431,4052,4007,50.279190966621165,49.720809033378835
FR,2021-06-27,884,9591,1280.5826295485365,10.894047554001384,1085.0,1065.0,1093.0,884,1117,60.1440644583707,10.547514813926549,80.14500000000001,63.942,84.595,487,4673,4297,52.095875139353396,47.904124860646604
FR,2021-06-28,943,9283,1336.335344177529,167.34022230175268,955.5,837.6,1049.0,943,987,62.67123606889568,0.0,6.33,6.33,6.33,477,4622,4104,52.96814118725648,47.03185881274353
FR,2021-06-29,909,10647,1331.39748285902,5.673402858955108,940.5,935.1,946.6,909,1101,64.51835603996373,0.0,11.71,11.71,11.71,490,5346,4685,53.29478616289502,46.70521383710498
FR,2021-06-30,907,9715,1280.376839938238,9.745747371891737,956.0,945.2,967.2,907,1167,60.52673521850906,0.0,0.0,0.0,0.0,533,4754,4286,52.58849557522124,47.41150442477876
FR,2021-07-01,932,8382,1303.8470532092576,11.91189881309161,974.0,955.4,983.0,932,957,61.62207941483802,0.0,0.0,0.0,0.0,438,3950,3910,50.25445292620865,49.74554707379134
FR,2021-07-02,867,9524,1305.4290214195726,5.0,1075.0,1071.0,1079.0,867,766,60.365469973890384,44.69,47.53,11.778,83.282,384,4609,4371,51.32516703786192,48.67483296213809
FR,2021-07-03,865,8351,1256.7526044785086,5.899623340142619,1468.5,1460.0,1473.0,865,747,59.94871485943785,0.0,0.0,0.0,0.0,420,4067,3836,51.461470327723646,48.53852967227635
FR,2021-07-04,891,9541,1276.3732313174726,0.0,927.0,927.0,927.0,891,1023,63.52434017595312,0.0,0.0,0.0,0.0,438,4819,4247,53.15464372380322,46.84535627619678
FR,2021-07-05,982,10736,1306.1113077496273,181.68981121680983,1453.0,1192.1,1529.8,982,1187,62.81610783487802,1.6099999999999994,92.55,91.262,93.838,509,5036,5001,50.1743548869184,49.8256451130816
FR,2021-07-06,946,10633,1314.9799680240774,6.531972647421808,1440.0,1433.6,1446.4,946,1056,60.23933712121214,19.549902528884612,23.31,11.062,48.622,474,5086,4998,50.43633478778262,49.56366521221737
FR,2021-07-07,874,10850,1289.8557603686654,94.55950507484692,947.5,944.0,1037.0,874,1037,61.5639054966249,0.0,0.0,0.0,0.0,402,5191,5149,50.20309477756286,49.79690522243714
FR,2021-07-08,978,8839,1313.8643511709492,49.751884386422994,955.5,949.9,1003.2,978,1033,63.94415295256537,29.96,50.65,26.682,74.618,494,4144,4266,49.27467300832342,50.72532699167658
FR,2021-07-09,944,9537,1245.779700115341,8.742854225022855,950.0,937.6,957.5,944,1229,66.35807973962565,0.0,22.99,22.99,22.99,493,4796,4211,53.247474186743645,46.752525813256355
FR,2021-07-10,868,8525,1302.1738416422263,10.913321754441968,927.0,917.2,941.8,868,846,65.24426713947994,0.0,37.61,37.61,37.61,399,4250,3834,52.57298367144978,47.42701632855022
FR,2021-07-11,775,7241,1305.8530589697564,9.587406706035726,1431.0,1417.4,1438.0,775,956,63.92739539748945,23.71210384487214,45.69,18.883,69.74600000000001,376,3511,3286,51.65514197440048,48.34485802559953
FR,2021-07-12,963,9814,1329.2785816180972,4.5,1084.5,1080.9,1088.1,963,1065,63.9081502347419,0.0,0.0,0.0,0.0,439,4648,4517,50.714675395526456,49.28532460447354
FR,2021-07-13,970,11001,1328.9137351149898,235.72488672650206,1423.0,1026.2,1429.4,970,984,61.43366869918702,0.0,61.67,61.67,61.67,420,5280,5112,50.80831408775982,49.19168591224018
FR,2021-07-14,955,11343,1303.6952305386574,11.36949014346945,1410.0,1398.8,1423.8,955,1135,64.10289867841404,0.0,88.76,88.76,88.76,520,5629,5102,52.455502749044825,47.544497250955175
FR,2021-07-15,957,10357,1304.8782465965041,159.14144651849813,1421.0,1154.6,1428.2,957,1007,65.40624627606759,0.0,44.84,44.84,44.84,474,4871,4857,50.0719572368421,49.92804276315789
FR,2021-07-16,921,9023,1274.4905242158934,0.0,941.0,941.0,941.0,921,951,60.40672975814937,0.0,0.0,0.0,0.0,423,4194,4297,49.39347544458839,50.60652455541161
FR,2021-07-17,807,8183,1250.6553831113283,9.572329371841766,954.0,941.0,963.6,807,810,65.15511111111108,6.114999999999999,17.245,12.353000000000002,22.137,421,4423,3370,56.75606313358143,43.24393686641858
FR,2021-07-18,928,7672,1323.9730187695523,242.5,1195.5,1001.5,1389.5,928,951,64.3844479495268,0.0,0.0,0.0,0.0,490,3687,3427,51.82738262580826,48.17261737419173
FR,2021-07-19,922,8703,1332.0490635413094,13.692820503217492,957.0,938.8,974.0,922,959,66.63497393117834,0.0,29.66,29.66,29.66,457,4493,3750,54.50685430061871,45.493145699381294
FR,2021-07-20,840,8440,1294.5112559241693,83.71847001840288,1428.0,1418.4,1440.0,840,1091,65.00772685609525,21.392985581698632,68.84,37.089999999999996,93.44,461,4027,3921,50.6668344237544,49.3331655762456
FR,2021-07-21,888,9263,1312.8037352909405,49.86782529848279,1086.0,1008.6,1092.8,888,999,65.56824824824827,0.0,0.0,0.0,0.0,463,4530,4096,52.51565035937862,47.484349640621375
FR,2021-07-22,833,7778,1320.259192594497,153.6890081446614,1062.0,1047.3,1428.2,833,1030,68.46867961165046,30.690759014545222,69.81,23.978,80.618,464,3842,3521,52.17981800896374,47.820181991036264
FR,2021-07-23,874,7859,1327.210713831274,174.0992031698557,1430.0,1057.2,1444.8,874,885,63.92388700564967,16.72,37.910000000000004,24.534000000000002,51.286,426,3769,3628,50.95308909017169,49.046910909828306
FR,2021-07-24,851,8410,1301.4173602853755,120.75197720948506,1037.5,1029.4,1089.6999999999998,851,984,67.38950203252027,3.509999999999998,90.6,87.792,93.408,467,3813,4105,48.1561000252589,51.84389997474109
FR,2021-07-25,843,9280,1292.9868534482762,257.2842977652216,1011.0,986.0,1421.4,843,961,67.51877211238293,14.771279089418764,73.14500000000001,54.143,86.16399999999999,425,4821,4098,54.05314497140935,45.94685502859065
FR,2021-07-26,907,10004,1328.033786485405,202.74398252224304,1408.5,992.5,1427.0,907,1012,65.46127470355734,0.0,22.16,22.16,22.16,441,4935,4563,51.95830701200252,48.04169298799748
FR,2021-07-27,936,9884,1310.262039660055,125.45700409520072,962.0,940.5,1014.0,936,967,69.75102378490168,8.115000000000002,90.935,84.443,97.42699999999999,451,4980,4412,53.02385008517888,46.97614991482112
FR,2021-07-28,901,9809,1306.2481394637573,218.4256519553021,1447.5,1003.9,1468.2,901,972,63.90316872427994,33.06754184147198,75.78999999999999,13.252000000000002,95.35900000000001,481,4675,4593,50.442382391022875,49.557617608977125
FR,2021-07-29,911,8987,1313.8515633693123,37.65579880540937,1007.0,935.4,1024.8,911,982,62.5850305498983,0.7449999999999973,97.42500000000001,96.82900000000001,98.021,451,4325,4157,50.99033246875737,49.00966753124263
FR,2021-07-30,916,8907,1293.1852475580988,200.60985469219085,1012.0,941.0,1454.6,916,875,64.92260571428568,22.69634493563887,69.91,37.522000000000006,88.51700000000001,432,4300,4099,51.19657102035957,48.80342897964044
FR,2021-07-31,892,7874,1257.8590297180558,41.444766123761084,1442.0,1428.0,1470.4,892,945,67.21687830687833,7.457977205650341,92.29,80.722,97.16600000000001,458,3853,3573,51.885267977376785,48.114732022623215
FR,2021-08-01,839,8835,1265.293265421617,250.66228325560584,996.0,987.6,1502.4,839,1035,63.68480193236712,9.510000000000005,88.33,80.722,95.938,449,4319,3997,51.936026936026934,48.063973063973066
FR,2021-08-02,869,9735,1277.4771443246045,243.14672644004978,978.0,960.0,1470.0,869,1275,64.88926274509802,13.140082524474495,75.705,60.503,88.75800000000001,483,4696,4392,51.6725352112676,48.32746478873239
FR,2021-08-03,860,9629,1302.2912036556247,106.66492957957674,1456.0,1448.0,1468.0,860,1027,63.08127555988322,18.194032661556808,78.1,51.076,91.712,445,4566,4653,49.528148389196225,50.471851610803775
FR,2021-08-04,888,9900,1287.9538383838383,11.572080343579579,1443.0,1425.0,1456.8,888,1074,66.5885381750466,23.804501266683904,71.66,29.58,84.045,483,5109,4366,53.92084432717677,46.07915567282322
FR,2021-08-05,861,8142,1293.1671579464517,8.2878278660479,1455.0,1446.0,1464.8,861,1056,64.9144696969695,11.65379954135131,82.72,71.66000000000001,99.426,449,3874,3861,50.08403361344538,49.91596638655462
FR,2021-08-06,910,9831,1303.1276574102296,218.98604724705385,1455.0,1086.2,1460.6,910,1098,68.84832422586526,0.0,77.22,77.22,77.22,480,4915,4395,52.79269602577873,47.20730397422127
FR,2021-08-07,886,8393,1291.4213034671754,126.99234447617523,969.5,958.6,989.7,886,909,65.71174917491757,22.80270305614373,48.0,39.088,81.464,427,4129,3723,52.58532857870606,47.41467142129394
FR,2021-08-08,862,8872,1255.4752028854823,124.2060686923147,1043.5,1022.0,1061.0,862,864,66.72003472222221,0.0,87.36,87.36,87.36,456,4165,4263,49.41860465116279,50.58139534883721
FR,2021-08-09,927,8936,1316.1162712623116,6.901641330960664,1061.0,1051.4,1066.8,927,1018,64.08860510805488,0.0,40.28,40.28,40.28,471,4485,3988,52.93284550926472,47.06715449073528
FR,2021-08-10,887,8335,1342.5440911817648,100.13521470736353,1063.0,1046.3,1083.3,887,1013,64.51521224086869,0.0,0.0,0.0,0.0,479,4178,3724,52.87269045811187,47.12730954188813
FR,2021-08-11,843,8336,1306.691938579653,39.2626483512709,1008.0,1001.6,1071.2,843,823,64.9612150668286,0.0,83.45,83.45,83.45,442,4114,3842,51.70940170940172,48.29059829059829
FR,2021-08-12,853,8793,1304.5046059365416,49.66582202632934,1067.0,1007.2,1076.0,853,909,64.22745874587461,0.0,37.48,37.48,37.48,455,4330,4030,51.794258373205736,48.20574162679426
FR,2021-08-13,856,8908,1283.1055231252776,220.6977340072126,1080.0,932.6,1439.7,856,1206,67.84350746268653,7.701467392646678,81.89,73.422,89.714,517,4455,3952,52.99155465683359,47.00844534316641
FR,2021-08-14,883,8380,1278.5887828162286,164.861549727377,1086.5,1068.0,1432.0,883,1093,68.19462031107054,23.52730209777568,74.27,37.124,89.464,428,4194,3828,52.281226626776366,47.718773373223634
FR,2021-08-15,853,8454,1312.806127277029,187.6345479905891,1409.0,1046.2,1435.6,853,1179,67.04796437659029,18.36487610373551,81.36500000000001,43.885,90.03,377,4012,3975,50.23162639288844,49.768373607111556
FR,2021-08-16,836,9257,1301.1354650534752,178.25644273069065,1074.0,1060.5,1424.0,836,1156,66.92482698961942,19.735284320785,57.730000000000004,42.055,88.94,425,4483,4373,50.62104787714544,49.378952122854564
FR,2021-08-17,862,9790,1280.5063329928516,277.11775475418386,1383.0,1126.3000000000002,1392.3,862,1093,65.07152790484906,9.935909062027937,63.19,48.942,67.558,459,4572,4606,49.81477446066681,50.18522553933319
FR,2021-08-18,872,8535,1294.0575278265972,15.083103128998356,1387.0,1372.9,1409.1,872,860,61.13229069767446,16.320806352628534,71.64,58.114000000000004,94.984,435,4384,3667,54.4528629983853,45.54713700161471
FR,2021-08-19,837,9439,1315.7852526750728,49.17485338042351,1392.0,1378.8,1417.4,837,899,66.04877641824253,18.596762487056715,77.47999999999999,51.911,92.326,402,4487,4443,50.24636058230683,49.753639417693165
FR,2021-08-20,826,8770,1288.2387685290776,111.29041088771105,1384.5,1376.0,1392.0,826,787,68.28181702668343,15.25061872281159,72.41,49.336,85.348,404,4322,3967,52.14139220653878,47.85860779346122
FR,2021-08-21,841,9045,1278.5001658374802,131.5560941847992,665.0,647.4,941.6,841,1039,66.7909913378248,0.0,83.75,83.75,83.75,436,4147,4387,48.59385985469885,51.40614014530115
FR,2021-08-22,874,10124,1303.886704859737,0.0,1386.0,1386.0,1386.0,874,943,64.10376458112412,0.0,68.57,68.57,68.57,472,4948,4630,51.66005429108373,48.33994570891627
FR,2021-08-23,902,9953,1245.239324826686,7.125693664765672,1487.0,1476.2,1494.4,902,973,59.033278520041165,0.0,80.07,80.07,80.07,462,4965,4485,52.539682539682545,47.460317460317455
FR,2021-08-24,893,9895,1294.6587165234962,0.0,1392.0,1392.0,1392.0,893,1013,64.49919052319846,0.0,90.0,90.0,90.0,499,4918,4506,52.18590831918506,47.81409168081494
FR,2021-08-25,949,10015,1287.484772840739,120.55381463156702,1381.5,1215.0,1395.5,949,1035,67.22083091787451,5.012639025503434,82.155,75.177,85.283,488,4858,4562,51.57112526539278,48.42887473460722
FR,2021-08-26,918,10298,1315.2392697611172,8.341662504161466,1468.0,1461.5,1480.3,918,996,62.40309236947802,29.69970868544,72.92,23.23,88.964,470,4838,4823,50.077631715143355,49.92236828485664
FR,2021-08-27,919,11220,1294.0311051693402,3.155817433482074,1485.0,1480.2,1488.0,919,1162,62.24228915662651,12.095,83.015,73.339,92.691,519,5438,5169,51.26803054586594,48.73196945413406
FR,2021-08-28,794,8182,1278.706917624053,7.051836290054414,1481.0,1472.8,1491.0,794,823,62.1452855407048,0.0,29.21,29.21,29.21,433,3898,3764,50.87444531453929,49.12555468546071
FR,2021-08-29,864,9336,1317.3878534704359,0.0,979.0,979.0,979.0,864,883,59.44483578708949,0.0,6.12,6.12,6.12,440,4207,4597,47.785097682871424,52.214902317128576
FR,2021-08-30,858,10273,1264.2563029300102,46.0,1025.0,988.2,1061.8,858,1041,65.43770413064358,0.0,96.11,96.11,96.11,460,5243,4522,53.691756272401435,46.308243727598565
FR,2021-08-31,901,10003,1292.0162951114646,6.280127387243033,1350.0,1344.8,1358.6,901,1110,64.3652882882884,11.11,75.05,66.16199999999999,83.938,481,4780,4714,50.34758795028439,49.65241204971561
FR,2021-09-01,972,10451,1265.6685484642587,190.95239282745482,1071.0,1063.0,1293.4,972,1212,63.883300330033144,25.427007786996878,65.035,39.051,93.28699999999999,569,4965,4890,50.38051750380518,49.61948249619482
FR,2021-09-02,878,9176,1333.7678727114228,12.159559008592652,1487.0,1465.0,1496.0,878,972,63.64981481481483,2.138478171244422,92.31,89.326,93.366,411,4573,4125,52.57530466773971,47.42469533226029
FR,2021-09-03,974,9510,1333.050473186118,131.56082243586044,1214.5,1081.4,1347.6,974,885,60.32781920903964,0.0,62.29,62.29,62.29,412,4551,4335,51.215395003376095,48.784604996623905
FR,2021-09-04,870,8826,1271.3136188533892,6.810449487531805,1516.0,1507.4,1526.0,870,1049,65.08779790276448,27.73323998381725,51.04,20.508000000000003,79.976,423,4293,4078,51.28419543662645,48.71580456337355
FR,2021-09-05,862,9528,1286.3678631402233,0.0,1079.0,1079.0,1079.0,862,1134,66.81530864197538,0.0,69.39,69.39,69.39,445,4855,4182,53.723580834347686,46.276419165652314
FR,2021-09-06,985,9883,1328.519376707481,4.031128874149275,1084.5,1080.3,1088.7,985,1295,64.0616911196912,0.0,90.1,90.1,90.1,546,4848,4544,51.618398637137986,48.38160136286201
FR,2021-09-07,919,9253,1338.7279801145576,7.013380069552769,1538.0,1527.7,1542.0,919,1039,64.07971126082771,0.0,88.11,88.11,88.11,459,4489,4259,51.31458619112939,48.6854138088706
FR,2021-09-08,851,8256,1282.4217538759704,113.44406355361022,898.5,757.0,950.5,851,839,63.09449344457696,0.0,0.0,0.0,0.0,373,3827,3882,49.643274095213386,50.356725904786614
FR,2021-09-09,979,9182,1267.6360270093671,0.0,1087.0,1087.0,1087.0,979,828,64.42623188405803,0.0,0.0,0.0,0.0,473,4543,4032,52.9795918367347,47.0204081632653
FR,2021-09-10,908,9566,1278.270959648755,0.0,1510.0,1510.0,1510.0,908,888,62.55161036036045,0.0,0.0,0.0,0.0,432,4655,4389,51.470588235294116,48.529411764705884
FR,2021-09-11,859,9751,1261.770074864114,0.0,1078.0,1078.0,1078.0,859,991,61.90902119071659,0.0,0.0,0.0,0.0,409,4620,4644,49.870466321243526,50.129533678756474
FR,2021-09-12,881,9249,1285.8876635311929,7.071067811865476,1502.0,1496.8,1512.2,881,996,65.44693775100403,0.0,0.0,0.0,0.0,388,4645,4152,52.80209162214391,47.19790837785609
FR,2021-09-13,929,9733,1304.2437069762668,4.0,1490.0,1486.8,1493.2,929,918,66.69741830065367,0.0,0.0,0.0,0.0,426,4561,4678,49.36681459032363,50.63318540967637
FR,2021-09-14,968,11254,1302.575795272792,7.099870651308102,1077.0,1069.6,1086.8,968,1364,65.49684750733137,7.886308811266947,68.08,63.36,78.464,572,5519,5243,51.28228953726073,48.71771046273927
FR,2021-09-15,943,11007,1334.2305805396554,14.534968390830748,1118.0,1106.0,1139.0,943,1180,66.13407627118637,3.9992999387392834,94.48,89.488,97.21600000000001,422,5257,5152,50.50437121721587,49.49562878278413
FR,2021-09-16,934,9153,1317.9309516005692,130.6205511972053,1154.0,1111.8,1358.6,934,938,65.17158848614076,7.31051084056374,80.47999999999999,74.181,89.684,457,4238,4340,49.40545581720681,50.594544182793186
FR,2021-09-17,928,9489,1315.2558752239438,5.715476066494082,1363.0,1357.4,1368.6,928,1005,65.4482288557213,0.0,0.0,0.0,0.0,434,4798,4195,53.35260758367619,46.64739241632381
FR,2021-09-18,873,8709,1325.6094844413808,17.84389061087755,1485.0,1456.1,1503.3,873,1173,63.4789087809038,26.67565601817507,67.11500000000001,20.009,87.232,479,4157,4115,50.25386847195358,49.74613152804642
FR,2021-09-19,914,9908,1341.3485062575714,0.0,1362.0,1362.0,1362.0,914,1234,65.81757698541335,0.0,0.0,0.0,0.0,497,4790,4658,50.69856054191363,49.301439458086364
FR,2021-09-20,985,10420,1373.2002879078714,9.021516230769683,1367.0,1357.2,1377.2,985,1290,69.63486821705428,0.0,72.05,72.05,72.05,522,5045,4646,52.058611082447634,47.941388917552366
FR,2021-09-21,901,8518,1323.1388823667523,122.18908641734815,1369.0,1282.8,1377.2,901,961,64.43219562955251,18.690000000000005,48.24,33.288000000000004,63.19200000000001,471,4059,4054,50.03081474177247,49.96918525822754
FR,2021-09-22,971,9177,1334.8740329083562,70.96965096451223,1400.0,1383.8,1457.0,971,1021,68.08383937316358,12.446056604402857,89.13499999999999,70.686,94.84400000000001,502,4708,3924,54.54124189063948,45.45875810936052
FR,2021-09-23,930,10265,1308.8518265952237,0.0,1425.0,1425.0,1425.0,930,966,62.90366459627335,0.0,0.0,0.0,0.0,403,5045,4704,51.748897322802335,48.25110267719766
FR,2021-09-24,928,9466,1332.2129727445597,4.5,1139.5,1135.9,1143.1,928,1143,67.28163604549431,0.0,0.0,0.0,0.0,473,4624,4438,51.0262635179872,48.973736482012804
FR,2021-09-25,927,10010,1283.4612387612408,0.0,854.0,854.0,854.0,927,779,64.50668806161745,0.0,0.0,0.0,0.0,405,4930,4626,51.59062369192131,48.40937630807869
FR,2021-09-26,838,9465,1304.0163761225583,62.45459461792134,1038.5,912.1,1052.3,838,1046,68.41383365200754,0.0,0.0,0.0,0.0,446,4623,4360,51.463876210620064,48.53612378937994
FR,2021-09-27,923,8740,1307.168764302061,0.0,982.0,982.0,982.0,923,1180,63.26377118644073,0.0,0.0,0.0,0.0,473,4334,3971,52.185430463576154,47.81456953642384
FR,2021-09-28,896,8041,1271.8857107324966,0.0,998.0,998.0,998.0,896,875,65.32076571428576,0.0,0.0,0.0,0.0,395,3820,3736,50.5558496559026,49.4441503440974
FR,2021-09-29,970,9015,1350.016306156405,311.0,1312.0,1063.2,1560.8,970,1121,67.31512042818912,0.0,95.47,95.47,95.47,439,4292,4253,50.228203627852544,49.771796372147456
FR,2021-09-30,963,9025,1274.5391689750652,5.402545696243577,1451.5,1447.6,1458.9,963,979,65.40338100102142,0.0,0.0,0.0,0.0,433,4359,4235,50.72143355829648,49.27856644170351
FR,2021-10-01,876,8800,1307.4363636363591,6.128258770283411,1462.0,1455.6,1467.6,876,814,64.95627764127758,0.0,0.0,0.0,0.0,394,4165,4087,50.472612699951526,49.527387300048474
FR,2021-10-02,950,9050,1278.7911602209958,9.717895862788405,1492.0,1481.9,1503.1,950,983,66.1060732451679,36.94,59.63,30.078000000000003,89.18199999999999,457,4374,4250,50.718923933209645,49.281076066790355
FR,2021-10-03,991,9359,1283.760230793889,0.0,1126.0,1126.0,1126.0,991,1064,61.550648496240726,0.0,75.41,75.41,75.41,491,4590,4309,51.57882908191932,48.42117091808068
FR,2021-10-04,975,10448,1281.0736983154652,8.945652092386819,1533.0,1522.6,1543.6,975,1232,65.6498295454545,26.973965573307904,61.655,33.816,89.92099999999999,457,4846,4978,49.328175895765476,50.67182410423453
FR,2021-10-05,954,10956,1318.396038700255,0.0,1000.0,1000.0,1000.0,954,1144,64.4733479020978,0.0,0.0,0.0,0.0,468,5476,4869,52.93378443692605,47.066215563073946
FR,2021-10-06,894,9293,1305.3525234047117,313.0,1312.0,1061.6,1562.4,894,828,63.51071256038652,0.0,84.45,84.45,84.45,485,4524,4235,51.64973170453248,48.35026829546752
FR,2021-10-07,950,9779,1272.3584211064508,4.261455150532504,950.0,949.0,958.0,950,981,60.66903160040786,0.0,0.0,0.0,0.0,503,4543,4668,49.3214634675931,50.6785365324069
FR,2021-10-08,865,8655,1309.4573079144996,0.0,997.0,997.0,997.0,865,863,63.42954808806501,0.0,0.0,0.0,0.0,418,4139,4055,50.51257017329753,49.48742982670247
FR,2021-10-09,805,8205,1310.9012797074931,4.0,1550.0,1546.8,1553.2,805,781,69.48323943661963,0.0,88.79,88.79,88.79,385,4157,3601,53.58339778293375,46.416602217066256
FR,2021-10-10,930,8391,1250.1588606840644,12.986285019816751,1540.0,1529.0,1562.0,930,1071,67.8508496732026,31.218730530524457,57.760000000000005,20.47,94.148,457,4245,3704,53.40294376651151,46.59705623348849
FR,2021-10-11,895,8961,1333.4520700814635,8.686195945291587,938.0,929.3,945.9,895,1066,66.0984896810507,0.0,0.0,0.0,0.0,427,4437,4025,52.43441266839991,47.56558733160009
FR,2021-10-12,921,7856,1328.8191191446022,6.034337009191305,1530.0,1522.0,1538.0,921,1115,67.91825112107628,5.005000000000003,73.965,69.961,77.969,441,3738,3713,50.1677627164139,49.832237283586096
FR,2021-10-13,856,9033,1363.312963577992,9.283722313813572,1520.0,1510.4,1530.3,856,915,67.83581420765032,0.0,41.47,41.47,41.47,383,4295,4239,50.32809936723693,49.67190063276307
FR,2021-10-14,928,7950,1299.4705660377329,32.14059351473289,964.0,944.2,988.6,928,941,65.04903294367703,0.0,0.0,0.0,0.0,445,3817,3727,50.5965005302227,49.40349946977731
FR,2021-10-15,926,8837,1286.8517596469403,3.858612300930076,1501.0,1495.4,1502.6,926,978,65.55931492842531,0.0,87.11,87.11,87.11,468,4356,3987,52.21143473570658,47.78856526429342
FR,2021-10-16,830,8722,1298.396927310249,6.887670143089026,1504.0,1499.2,1514.2,830,1019,67.11043179587828,25.81679083249676,52.88,36.112,85.832,446,4394,3849,53.30583525415504,46.69416474584496
FR,2021-10-17,910,7459,1234.626089288107,0.0,1426.0,1426.0,1426.0,910,908,67.19653083700446,0.0,79.83,79.83,79.83,508,3542,3475,50.477411999429954,49.522588000570046
FR,2021-10-18,996,9853,1297.931695930174,4.5,1525.5,1521.9,1529.1,996,1123,67.8949866429208,0.0,0.0,0.0,0.0,507,4823,4456,51.97758379135683,48.02241620864317
FR,2021-10-19,950,10391,1301.1573477047446,1.0,992.0,991.2,992.8,950,1143,64.82516185476815,0.0,41.22,41.22,41.22,458,4979,4901,50.39473684210526,49.60526315789473
FR,2021-10-20,947,10201,1279.9394177041488,5.927806414592913,1540.0,1534.5,1548.0,947,1110,66.98191891891888,0.0,6.73,6.73,6.73,507,5131,4636,52.5340432067165,47.4659567932835
FR,2021-10-21,983,10900,1323.7238532110086,0.0,1625.0,1625.0,1625.0,983,1098,68.84862477231336,0.0,96.84,96.84,96.84,480,5421,4908,52.48329944815568,47.51670055184432
FR,2021-10-22,925,9696,1294.1811056105637,56.4921317242106,993.0,859.8,994.0,925,787,59.87823379923768,0.0,63.61,63.61,63.61,441,4644,4603,50.22169352222342,49.778306477776574
FR,2021-10-23,919,9567,1313.0235183443085,7.864477096412704,1520.5,1512.9,1530.9,919,956,65.92198744769884,19.36,39.93,24.442,55.418,450,4748,4386,51.98160718195752,48.01839281804248
FR,2021-10-24,879,8205,1305.7996343692885,312.5,1312.5,1062.5,1562.5,879,1073,67.5116868592731,0.0,93.71,93.71,93.71,419,3965,3960,50.031545741324926,49.968454258675074
FR,2021-10-25,934,10139,1358.437617122004,9.11919751478218,1555.0,1543.0,1565.5,934,1039,62.08359961501442,17.869583751097846,68.14,50.649,94.913,452,4831,4709,50.63941299790356,49.36058700209644
FR,2021-10-26,962,9534,1345.411999160898,0.0,1013.0,1013.0,1013.0,962,1116,66.46836917562727,0.0,0.0,0.0,0.0,461,5000,4117,54.84260173302622,45.157398266973786
FR,2021-10-27,987,8969,1320.0829523915709,6.064281507654608,1525.0,1517.0,1529.6,987,967,68.01986556359871,0.0,76.71,76.71,76.71,443,4427,4070,52.10074143815464,47.89925856184536
FR,2021-10-28,968,8738,1269.5276951247406,0.0,1013.0,1013.0,1013.0,968,1037,65.00305689488917,0.0,0.0,0.0,0.0,511,4080,4108,49.82901807523204,50.17098192476796
FR,2021-10-29,909,8927,1280.872857622942,1.5,994.5,993.3,995.7,909,1132,68.2242049469965,0.0,0.0,0.0,0.0,510,4485,3965,53.07692307692308,46.92307692307692
FR,2021-10-30,878,7422,1341.1420102398267,7.405403432629448,1527.5,1521.2,1533.9,878,1064,72.98699248120288,23.78,50.6,31.576,69.624,448,3620,3343,51.98908516444062,48.01091483555939
FR,2021-10-31,881,8654,1385.7499422232495,0.0,1521.0,1521.0,1521.0,881,994,71.29096579476858,0.0,0.0,0.0,0.0,460,4499,3708,54.81905690264408,45.180943097355915
FR,2021-11-01,916,9802,1322.619159355232,6.304760106459246,1511.5,1505.0,1519.0,916,1309,72.6323911382734,3.250000000000004,62.790000000000006,60.19,65.39,469,4799,4461,51.82505399568035,48.17494600431965
FR,2021-11-02,895,8720,1354.7199541284415,0.0,1529.0,1529.0,1529.0,895,1215,73.3002057613168,0.0,0.0,0.0,0.0,448,4253,3862,52.409118915588415,47.590881084411585
FR,2021-11-03,940,9571,1344.185142618327,317.0,1308.0,1054.4,1561.6,940,1269,76.2462726556343,0.0,99.45,99.45,99.45,538,4850,4242,53.34359876814783,46.65640123185218
FR,2021-11-04,876,8467,1372.809023266801,5.904182839309772,1531.5,1523.7,1539.3,876,820,70.74239024390246,16.825000000000003,67.735,54.275,81.19500000000001,450,4127,3771,52.253735122815904,47.746264877184096
FR,2021-11-05,931,10184,1373.7429300864094,0.0,592.0,592.0,592.0,931,914,73.77113785557974,0.0,0.0,0.0,0.0,385,4934,4729,51.060747179964814,48.939252820035186
FR,2021-11-06,865,9725,1319.8735218508996,0.0,1006.0,1006.0,1006.0,865,1088,71.3750827205882,0.0,0.0,0.0,0.0,404,4678,4475,51.10892603517973,48.89107396482027
FR,2021-11-07,907,7959,1288.9552707626583,9.507247503985624,1559.0,1547.1,1573.2,907,1039,72.83179018286803,14.409999999999997,61.61,50.082,73.13799999999999,473,3977,3543,52.88563829787234,47.11436170212766
FR,2021-11-08,913,9540,1354.832599580711,8.16496580927726,1526.0,1518.0,1534.0,913,896,72.36858258928586,0.0,0.0,0.0,0.0,472,4809,4312,52.72448196469686,47.27551803530315
FR,2021-11-09,949,10015,1360.469495756368,0.0,1023.0,1023.0,1023.0,949,1066,73.22242026266412,0.0,0.0,0.0,0.0,464,4835,4645,51.00210970464135,48.99789029535865
FR,2021-11-10,936,8993,1299.7989547425784,4.0,1503.0,1499.8,1506.2,936,903,70.27817275747502,0.0,0.0,0.0,0.0,426,4264,4311,49.72594752186589,50.27405247813411
FR,2021-11-11,910,9219,1251.9439201648756,7.892964518410613,1504.0,1490.9,1511.1,910,929,67.18486544671686,9.025038434821203,72.94999999999999,62.265,81.598,486,4492,4348,50.81447963800905,49.185520361990946
FR,2021-11-12,890,10142,1338.230427923486,9.004156258749223,1520.0,1508.0,1532.0,890,1177,69.77963466440113,8.325899350820904,62.1,61.644,75.996,436,4889,4717,50.895273787216325,49.104726212783675
FR,2021-11-13,862,8266,1310.0316961045232,0.0,1022.0,1022.0,1022.0,862,1066,72.75808630394005,0.0,0.0,0.0,0.0,424,4028,3913,50.724090164966626,49.275909835033374
FR,2021-11-14,874,8663,1314.9442456423862,0.0,1025.0,1025.0,1025.0,874,1072,71.03523320895518,0.0,0.0,0.0,0.0,391,4219,4082,50.825201782917716,49.17479821708228
FR,2021-11-15,894,10157,1376.4946342423923,15.659879754009436,1539.0,1529.0,1567.6,894,1160,74.46711206896549,7.437099382301021,75.75999999999999,66.095,81.32,461,5209,4402,54.19831443138071,45.80168556861929
FR,2021-11-16,995,9888,1321.7501011326838,18.54946480705304,1583.5,1564.5,1608.6,995,1116,71.2056541218638,11.364999999999997,78.845,69.753,87.937,520,4868,4456,52.20935220935221,47.79064779064779
FR,2021-11-17,1001,8460,1340.8495271867653,10.86631573065586,1604.0,1588.8,1614.4,1001,853,73.66797186400917,9.840000000000003,74.5,66.628,82.372,414,4192,3908,51.75308641975309,48.24691358024691
FR,2021-11-18,1055,11482,1398.5457237415087,6.944222218666553,1445.0,1437.8,1451.4,1055,1344,74.14900297619052,0.6649999999999991,76.445,75.913,76.977,529,5567,5269,51.375046142488,48.624953857512
FR,2021-11-19,999,9652,1362.6532324906766,0.0,1460.0,1460.0,1460.0,999,946,72.34994714587742,0.0,0.0,0.0,0.0,496,4679,4535,50.78141957890168,49.21858042109833
FR,2021-11-20,942,9181,1336.4059470645923,0.0,1466.0,1466.0,1466.0,942,1029,72.074091350826,0.0,69.81,69.81,69.81,510,4328,4336,49.953831948291786,50.046168051708214
FR,2021-11-21,919,8637,1317.752691906913,5.220153254455275,1482.0,1474.0,1485.5,919,1249,74.45698959167338,12.657962799053498,74.34,55.452,78.82,438,4203,3997,51.25609756097561,48.74390243902439
FR,2021-11-22,1017,9988,1321.7073488185847,117.4519476211442,1117.5,1101.2,1170.4999999999998,1017,1232,73.04448863636352,9.309999999999995,83.93,76.482,91.378,584,4934,4437,52.651798100522896,47.34820189947711
FR,2021-11-23,1010,10173,1359.8054654477542,172.9247939857093,1495.5,1099.6,1503.3,1010,1253,73.21438946528329,0.9100000000000037,76.6,75.872,77.328,554,4892,4720,50.894714939658755,49.105285060341245
FR,2021-11-24,968,7908,1360.2310318664618,194.74655894834757,1501.5,1093.0,1510.5,968,916,75.6043340611353,0.0,84.99,84.99,84.99,455,3838,3571,51.8018625995411,48.198137400458904
FR,2021-11-25,997,8997,1338.912526397685,216.9854545816378,1293.0,1056.0,1499.9,997,1005,72.45044776119393,0.0,0.0,0.0,0.0,465,4243,4198,50.266556095249385,49.73344390475062
FR,2021-11-26,934,8666,1327.1680129240733,0.0,1060.0,1060.0,1060.0,934,979,73.66475995914196,0.0,60.51,60.51,60.51,471,4416,3794,53.788063337393424,46.211936662606576
FR,2021-11-27,996,8909,1263.4327084970253,0.0,1070.0,1070.0,1070.0,996,1177,70.34761257434153,0.0,0.0,0.0,0.0,531,4281,4145,50.807025872300024,49.192974127699976
FR,2021-11-28,969,10382,1329.2131573877875,139.38525747007824,1489.5,1360.5,1496.4,969,1435,73.71901045296174,9.80305167905496,70.82,64.196,83.124,556,5350,4483,54.408624021153265,45.59137597884674
FR,2021-11-29,1007,11637,1312.011429062474,167.97904631233027,1500.0,1246.8,1507.2,1007,1095,73.7410684931507,1.6649999999999991,67.555,66.223,68.887,515,5610,5285,51.49150986691142,48.50849013308857
FR,2021-11-30,1015,10211,1392.7445891685443,6.531972647421808,1081.0,1074.6,1087.4,1015,1085,75.57564976958514,0.0,0.0,0.0,0.0,515,5029,4553,52.483823836359846,47.51617616364016
FR,2021-12-01,984,11737,1342.9147141518263,4.5,1497.5,1493.9,1501.1,984,945,73.85804232804226,0.0,0.0,0.0,0.0,491,5645,5403,51.095220854453295,48.904779145546705
FR,2021-12-02,1021,10676,1324.2621768452605,62.34580980306536,910.5,880.7,987.9,1021,1109,74.15540126239846,0.0,82.51,82.51,82.51,528,5267,4895,51.830348356622714,48.169651643377286
FR,2021-12-03,1029,11774,1256.7565822999866,3.5,1499.5,1496.7,1502.3,1029,1293,74.26839907192577,6.789999999999999,83.03,77.598,88.46199999999999,549,5496,5614,49.468946894689466,50.531053105310534
FR,2021-12-04,1002,10360,1274.0025096525062,210.0,1300.0,1132.0,1468.0,1002,1127,72.41355811889984,0.0,82.71,82.71,82.71,509,5069,4693,51.92583486990371,48.07416513009629
FR,2021-12-05,926,10582,1308.0539595539606,169.16069237192784,893.0,869.0,1104.5,926,934,71.7834475374732,3.835000000000001,74.285,71.217,77.35300000000001,456,5255,4873,51.88586097946287,48.114139020537124
FR,2021-12-06,1059,10569,1347.875390292362,90.11362185457868,899.0,890.0,1103.5,1059,1067,73.81805998125586,0.0,0.0,0.0,0.0,493,5148,4767,51.92133131618759,48.0786686838124
FR,2021-12-07,1047,11070,1326.5538392050607,12.814921857827391,1099.0,1080.6,1104.6,1047,929,72.23544671689986,0.0,0.0,0.0,0.0,547,5395,5091,51.44955178333015,48.55044821666984
FR,2021-12-08,1028,10870,1283.6673413063484,6.548960901462833,1544.0,1538.4,1551.2,1028,1167,72.89490145672666,0.884999999999998,58.335,57.627,59.043,550,5438,4833,52.94518547366371,47.05481452633629
FR,2021-12-09,1023,10799,1297.8044263357704,0.0,1092.0,1092.0,1092.0,1023,1099,74.27912647861682,0.0,0.0,0.0,0.0,521,5406,4877,52.57220655450744,47.42779344549256
FR,2021-12-10,1074,10640,1282.170112781955,4.774934554525329,1520.0,1515.4,1524.8,1074,1156,72.11442041522496,0.0,0.0,0.0,0.0,570,5143,4812,51.6624811652436,48.3375188347564
FR,2021-12-11,917,9783,1302.8500459981606,7.443229275647869,1531.0,1522.0,1538.2,917,896,72.5926004464287,3.6000000000000014,72.44999999999999,69.57,75.33,393,4978,4309,53.60180898029504,46.39819101970497
FR,2021-12-12,984,11134,1253.8702173522545,8.380595145930867,1528.0,1518.5,1537.4,984,1128,74.1998670212765,0.0,88.02,88.02,88.02,496,5532,5079,52.13457732541702,47.86542267458298
FR,2021-12-13,981,11153,1306.255088317042,0.0,1074.0,1074.0,1074.0,981,1179,73.3725275657338,0.0,54.47,54.47,54.47,565,5394,5142,51.195899772209565,48.80410022779043
FR,2021-12-14,1009,11937,1315.4132529111141,6.094494002200441,1091.0,1083.2,1098.8,1009,1218,74.70181444991789,0.0,86.7,86.7,86.7,545,5960,5432,52.31741573033708,47.68258426966292
FR,2021-12-15,971,11062,1308.0499909600446,5.673402858955108,1107.5,1101.4,1112.9,971,1237,70.77003233629748,0.0,67.72,67.72,67.72,554,4992,5482,47.66087454649608,52.33912545350391
FR,2021-12-16,1002,10797,1290.1477262202463,344.13905256451204,1308.5,1085.0,1795.9,1002,1066,70.4285834896811,3.810269748397821,90.45,85.54599999999999,92.87400000000001,504,5268,4922,51.697742885181555,48.302257114818445
FR,2021-12-17,1049,10617,1263.7341998681354,81.99192288720586,877.0,856.0,1083.8,1049,1142,71.74049036777582,0.0,82.7,82.7,82.7,585,4912,5086,49.12982596519304,50.87017403480696
FR,2021-12-18,936,10062,1304.9746571258204,5.592202363356254,1499.0,1490.0,1507.0,936,873,74.9196334478809,0.0,0.0,0.0,0.0,519,4851,4612,51.26281306139702,48.737186938602974
FR,2021-12-19,964,11447,1286.6022538656425,0.0,1533.0,1533.0,1533.0,964,1266,72.6195576619273,0.0,0.0,0.0,0.0,548,5292,5533,48.88683602771363,51.11316397228638
FR,2021-12-20,1055,11720,1291.4680887372,8.514693182963201,1534.5,1526.1,1544.3,1055,1224,73.9693709150327,0.0,52.39,52.39,52.39,584,5806,5234,52.59057971014492,47.40942028985507
FR,2021-12-21,1003,10568,1305.10134367903,0.0,1625.0,1625.0,1625.0,1003,1286,73.77360808709174,0.0,85.82,85.82,85.82,585,5140,4934,51.022433988485204,48.97756601151479
FR,2021-12-22,982,11413,1334.1940769298176,11.77096238867305,1102.0,1086.2,1112.9,982,1085,72.21834101382491,4.814999999999998,62.675,58.823,66.527,468,5645,5024,52.91030087168432,47.08969912831568
FR,2021-12-23,986,10667,1343.0836223867987,6.433331570970116,1091.0,1082.4,1098.4,986,1097,73.37957155879671,7.330876861300804,77.18,74.964,88.364,514,5053,5027,50.12896825396825,49.87103174603175
FR,2021-12-24,868,8999,1299.5830647849778,5.734883511361751,1093.0,1088.2,1099.4,868,1162,73.90722891566264,0.0,0.0,0.0,0.0,468,4375,4163,51.241508550011716,48.75849144998829
FR,2021-12-25,861,9100,1322.591428571429,6.901641330960665,1101.0,1090.6,1105.8,861,1010,74.31083168316837,0.0,0.0,0.0,0.0,470,4494,4120,52.17088460645461,47.82911539354539
FR,2021-12-26,933,10067,1309.8344094566414,7.402222599211944,1089.0,1081.0,1097.8,933,1102,71.95419237749547,7.520000000000003,83.1,77.084,89.116,485,4887,4673,51.11924686192468,48.88075313807531
FR,2021-12-27,1005,11541,1329.7173555151219,8.702549913674726,1094.0,1084.5,1106.5,1005,1354,72.94809453471198,8.282380394548419,75.98,71.681,88.161,550,5727,5083,52.97872340425533,47.02127659574468
FR,2021-12-28,1038,14022,1320.3806874910847,5.091008480344417,1097.0,1093.8,1105.0,1038,1365,72.06171428571429,0.0,65.77,65.77,65.77,569,6833,6502,51.24109486314211,48.75890513685789
FR,2021-12-29,1065,14419,1330.4355364449668,185.26113326869185,1117.0,1108.1,1415.0,1065,1563,74.76362763915543,0.0,96.89,96.89,96.89,565,6919,6762,50.573788465755435,49.42621153424457
FR,2021-12-30,1058,12600,1345.0420634920636,40.74757518432134,1570.0,1489.0,1583.0,1058,1362,72.09247430249637,12.071432628908871,73.11,64.724,94.346,536,5933,6167,49.03305785123967,50.96694214876033
FR,2021-12-31,964,11832,1324.2405341446922,3.5,1116.5,1113.7,1119.3,964,1501,73.03075949367091,0.0,82.07,82.07,82.07,551,5770,5477,51.302569574108645,48.69743042589135
FR,2022-01-01,947,9774,1337.416410886025,0.0,1625.0,1625.0,1625.0,947,1486,75.32559892328402,0.0,84.75,84.75,84.75,512,4796,4499,51.59763313609468,48.40236686390533
FR,2022-01-02,978,10771,1356.3294958685337,9.360021367496977,1126.0,1117.2,1140.0,978,1376,73.91438226744185,11.334999999999997,69.795,60.727000000000004,78.863,548,5395,4819,52.81965929116899,47.18034070883101
FR,2022-01-03,1063,13317,1300.5731020500116,15.8254158549546,1495.0,1476.0,1517.5,1063,1394,77.15847202295548,0.0,0.0,0.0,0.0,504,6469,6133,51.333121726710054,48.66687827328995
FR,2022-01-04,1059,13854,1265.5900822867052,28.12516435938134,1542.0,1487.7,1566.3,1059,1480,72.14383108108123,0.0,78.03,78.03,78.03,542,6643,6534,50.413599453593385,49.586400546406615
FR,2022-01-05,1121,12018,1243.9049758695276,4.242640687119285,1123.0,1123.0,1130.2,1121,1467,72.35722563053852,0.0,0.0,0.0,0.0,655,5855,5517,51.48610622581779,48.51389377418221
FR,2022-01-06,1094,11225,1264.007483296212,23.598516902551314,1116.0,1100.9,1132.1,1094,1419,71.87957011980262,2.9335761026433276,75.39,71.523,77.696,621,5289,5284,50.023645133831465,49.97635486616854
FR,2022-01-07,1001,11045,1313.2344047080098,171.88705525231856,1120.0,1112.4,1523.0,1001,1318,73.68340667678305,10.13076841853568,75.05000000000001,71.869,90.908,468,5433,5063,51.76257621951219,48.2374237804878
FR,2022-01-08,1084,11349,1255.9925103533335,9.869143833180262,1139.5,1127.2,1150.2,1084,1348,72.39862759643925,3.0529584922752453,74.62,74.5,79.74,622,5687,5088,52.77958236658933,47.22041763341067
FR,2022-01-09,1119,10457,1249.5200344267007,30.62134331910778,1149.5,1107.5,1160.0,1119,1528,74.03213350785346,0.0,84.49,84.49,84.49,625,5149,4765,51.93665523502118,48.063344764978815
FR,2022-01-10,1113,12862,1267.2326232312241,6.548960901462833,1164.0,1158.4,1171.2,1113,1192,75.19635067114095,9.3,62.120000000000005,54.68,69.56,528,6605,5629,53.988883439594574,46.011116560405426
FR,2022-01-11,1075,13661,1300.6064709757704,3.7712361663282534,1164.0,1164.0,1170.4,1075,1462,72.31474008207935,0.0,0.0,0.0,0.0,548,6555,6336,50.84942983476844,49.15057016523156
FR,2022-01-12,1108,11606,1275.3165603997948,39.102429592034305,1167.5,1110.5,1175.0,1108,1379,73.4287889775201,1.6600000000000037,65.24000000000001,63.912,66.56800000000001,584,5691,5318,51.694068489417745,48.30593151058225
FR,2022-01-13,1069,11363,1305.669629499249,5.0,1191.0,1187.0,1195.0,1069,1209,74.27454921422668,0.0,0.0,0.0,0.0,521,5379,5404,49.88407678753594,50.11592321246406
FR,2022-01-14,1097,11457,1263.707427773415,3.0912061651652345,1182.0,1181.2,1186.8,1097,1299,73.52534257120854,0.0,49.22,49.22,49.22,548,5538,5318,51.0132645541636,48.9867354458364
FR,2022-01-15,1030,10384,1283.6749807395984,6.015604707757983,1173.0,1166.7,1178.6,1030,1233,74.43785077047852,0.0,0.0,0.0,0.0,530,5210,4673,52.71678640089041,47.28321359910958
FR,2022-01-16,991,10715,1297.6316378908066,4.0,1160.0,1156.8,1163.2,991,1354,74.14098227474153,0.0,51.5,51.5,51.5,498,5244,4873,51.8335474943165,48.1664525056835
FR,2022-01-17,1099,10353,1328.276441611125,152.11220348472895,858.0,840.8,1157.0,1099,1080,73.9858148148148,0.0,0.0,0.0,0.0,447,5180,4596,52.98690671031097,47.01309328968903
FR,2022-01-18,1061,11801,1315.5037708668794,0.0,1147.0,1147.0,1147.0,1061,1279,73.88249413604376,0.0,74.36,74.36,74.36,572,5643,5435,50.938797616898356,49.061202383101644
FR,2022-01-19,1066,11334,1300.5610552320488,0.0,1156.0,1156.0,1156.0,1066,1253,73.38861133280135,0.0,0.0,0.0,0.0,526,5289,5402,49.471518099335896,50.52848190066411
FR,2022-01-20,1094,11630,1319.3145313843506,8.681068295179006,1167.0,1156.0,1174.8,1094,1327,74.82532780708365,0.0,82.79,82.79,82.79,589,5806,5235,52.58581650212844,47.41418349787157
FR,2022-01-21,1004,10597,1324.565159950931,7.464200272921789,1170.0,1158.8,1174.4,1004,1383,72.95866232827194,8.871371089070733,71.955,66.942,84.83600000000001,582,5302,4736,52.8192867105001,47.1807132894999
FR,2022-01-22,1014,10927,1276.3484945547718,3.5,1177.5,1174.7,1180.3,1014,1046,76.20135755258124,0.0,82.9,82.9,82.9,532,5156,5145,50.053392874478206,49.946607125521794
FR,2022-01-23,1035,11680,1320.6813356164362,7.434063903575821,1186.0,1180.0,1196.2,1035,1257,74.73466189339689,3.229999999999997,73.59,71.006,76.17399999999999,513,5645,5433,50.95685141722333,49.04314858277667
FR,2022-01-24,1095,13026,1308.1565330876708,6.548960901462833,1168.0,1160.8,1173.6,1095,1472,72.78439538043473,0.0,0.0,0.0,0.0,571,6176,6258,49.6702589673476,50.32974103265241
FR,2022-01-25,1074,13345,1277.5450730610698,5.205962045225313,1141.5,1134.6,1148.0,1074,1456,74.110679945055,9.359075215473421,69.14,68.15599999999999,84.508,564,6200,6425,49.10891089108911,50.89108910891089
FR,2022-01-26,1061,11147,1251.9973086929244,5.673402858955108,1150.5,1145.1,1156.6,1061,1448,73.22406767955802,0.0,0.0,0.0,0.0,627,5418,5096,51.53129161118508,48.46870838881491
FR,2022-01-27,1046,10456,1277.0728768171386,0.0,734.0,734.0,734.0,1046,1312,73.46622713414634,0.0,71.26,71.26,71.26,444,4993,4917,50.38345105953582,49.61654894046418
FR,2022-01-28,977,9645,1305.9385173665123,8.94427190999916,1506.0,1496.4,1515.6,977,1239,71.91887005649718,0.0,0.0,0.0,0.0,546,4681,4531,50.81415544941381,49.1858445505862
FR,2022-01-29,977,10423,1260.507915187566,32.4521082177934,1493.0,1444.0,1540.8,977,1176,74.90318877551013,1.0510560165852256,68.865,68.149,70.274,524,5166,4741,52.14494801655395,47.85505198344605
FR,2022-01-30,975,8764,1252.9465997261511,94.56864745216981,875.0,836.8,1091.0000000000002,975,997,73.21790371113347,0.0,83.19,83.19,83.19,465,4203,4121,50.4925516578568,49.5074483421432
FR,2022-01-31,1044,11401,1278.506709937725,9.213576938409968,1142.0,1128.1,1151.0,1044,1201,73.35832639467107,9.850000000000005,70.58,62.699999999999996,78.46000000000001,545,5537,5291,51.13594384927964,48.86405615072035
FR,2022-02-01,1011,10222,1278.951770690669,20.07295367871293,1524.5,1507.2,1557.9,1011,1014,73.51863905325445,0.0,0.0,0.0,0.0,488,4798,4815,49.911578071361696,50.088421928638304
FR,2022-02-02,1021,9743,1275.8662629580203,308.1730067285656,1494.0,1072.0,1777.0,1021,1155,73.10025974025973,15.048013988563408,64.745,43.045,74.013,515,4681,4460,51.20883929548189,48.791160704518106
FR,2022-02-03,964,10355,1280.36687590536,24.130361547695394,1052.0,1041.6,1064.2,964,1260,74.0835,13.058066047041152,71.69,53.25,77.834,544,5156,4541,53.171083840362996,46.828916159637004
FR,2022-02-04,1007,9850,1261.3117766497471,12.204712913503458,1041.0,1025.6,1057.4,1007,1208,72.81337748344377,8.699142997381344,68.48,59.544000000000004,76.584,537,4809,4503,51.64304123711341,48.3569587628866
FR,2022-02-05,896,9548,1296.640134059491,14.293271144143317,1528.0,1511.4,1549.2,896,1169,75.12922155688622,7.734999999999999,64.285,58.097,70.473,419,4415,4637,48.773751657092355,51.226248342907645
FR,2022-02-06,932,10263,1294.405631881515,15.697183705388944,1487.0,1471.0,1510.8,932,1049,73.61653956148704,8.923038844598977,59.79,48.398,65.58200000000001,451,5213,4608,53.08013440586499,46.91986559413502
FR,2022-02-07,998,10021,1336.850414130327,7.296189073756244,1479.5,1472.4,1489.8,998,1472,74.96222146739129,0.0,0.0,0.0,0.0,485,4911,4528,52.02881661192923,47.97118338807077
FR,2022-02-08,975,9286,1321.1674563859565,17.14568167207125,1044.0,1015.6,1059.6,975,1123,75.58975957257346,6.7279466902366805,75.85,69.282,82.46600000000001,509,4709,4144,53.191008697616624,46.808991302383376
FR,2022-02-09,987,9322,1279.174855181292,5.844655678480984,1057.0,1049.4,1062.2,987,1208,74.35113410596034,0.0,80.49,80.49,80.49,509,4779,4037,54.20825771324864,45.791742286751365
FR,2022-02-10,997,9322,1262.4067796610163,19.648409604850972,1073.5,1058.2,1108.0,997,1168,74.62979452054802,8.097564791686171,62.3,58.22,73.53999999999999,529,4471,4370,50.57120235267504,49.42879764732496
FR,2022-02-11,968,9717,1291.8641556035818,5.257162267044913,1102.0,1093.3,1108.2,968,1189,73.43183347350718,5.016963100322743,69.16499999999999,65.476,75.815,508,4595,4682,49.53109841543603,50.46890158456397
FR,2022-02-12,918,8084,1264.871350816427,16.907624569851357,1494.0,1475.0,1517.0,918,943,72.93972428419936,0.0,0.0,0.0,0.0,492,4027,3637,52.54436325678496,47.45563674321503
FR,2022-02-13,900,7846,1294.9889115472838,12.388459262656283,1539.0,1523.0,1550.0,900,904,74.5849778761061,0.0,0.0,0.0,0.0,435,3862,3522,52.302275189599136,47.697724810400864
FR,2022-02-14,993,10623,1303.195330885814,0.0,1575.0,1575.0,1575.0,993,1015,72.26568472906396,0.0,0.0,0.0,0.0,519,5262,4828,52.150644202180374,47.849355797819626
FR,2022-02-15,989,10087,1328.5034202438778,4.0276819911981905,1105.0,1104.2,1111.4,989,1010,75.059386138614,0.0,68.91,68.91,68.91,491,4964,4594,51.935551370579624,48.06444862942038
FR,2022-02-16,1006,10083,1321.1798075969452,25.584520873632428,1113.5,1096.4,1145.9,1006,1220,73.30781147541,9.859255803558403,71.145,65.1,85.28200000000001,549,5011,4622,52.01910100695526,47.98089899304474
FR,2022-02-17,943,9775,1275.7369820971862,6.485462550180666,1146.0,1136.9,1153.7,943,991,74.30897073662969,3.190000000000005,73.74000000000001,71.188,76.292,427,4851,4462,52.08847847095458,47.91152152904542
FR,2022-02-18,969,9917,1296.2151860441702,0.0,1144.0,1144.0,1144.0,969,1009,73.91213082259668,0.0,80.76,80.76,80.76,476,4987,4462,52.77807175362472,47.22192824637528
FR,2022-02-19,908,9446,1243.700508151597,0.0,1072.0,1072.0,1072.0,908,947,72.08182682154175,0.0,0.0,0.0,0.0,450,4250,4645,47.7796514896009,52.220348510399106
FR,2022-02-20,940,9507,1232.2977805827302,7.004371812646435,1136.0,1132.8,1147.4,940,788,75.5820431472082,0.0,73.09,73.09,73.09,415,4760,4298,52.55023183925811,47.44976816074188
FR,2022-02-21,915,9312,1249.771799828179,7.116178749862879,1152.0,1143.0,1158.4,915,1064,73.7767011278195,0.0,0.0,0.0,0.0,399,4476,4290,51.06091718001369,48.93908281998631
FR,2022-02-22,965,9370,1258.0549626467482,67.57504891854663,924.0,905.2,953.0,965,993,73.09685800604238,13.515000000000002,71.495,60.683,82.307,479,4466,4424,50.23622047244094,49.76377952755905
FR,2022-02-23,950,9530,1289.5384050367277,279.06988372090603,1283.0,900.5,1506.5,950,976,72.35608606557378,20.193040055094894,69.02,39.804,77.524,503,4486,4561,49.585497955123245,50.414502044876755
FR,2022-02-24,881,9670,1301.24064115822,123.41741925271327,1524.5,1406.8,1530.7,881,849,72.18381625441687,11.934884331236729,76.49,62.27,87.93599999999999,461,4731,4349,52.10352422907489,47.896475770925115
FR,2022-02-25,903,10337,1277.3089871335997,40.54922933916254,1138.0,1065.2,1153.0,903,761,73.19614980289094,12.191954542055818,75.61,59.826,83.25,386,4898,4900,49.989793835476625,50.010206164523375
FR,2022-02-26,834,7412,1263.1490825688081,13.597334297574653,1129.0,1113.6,1149.2,834,761,75.41918528252296,5.076031914793284,68.16,62.136,73.008,370,3581,3304,52.01161946259985,47.98838053740015
FR,2022-02-27,783,9114,1249.2221856484534,3.5,1088.5,1085.7,1091.3,783,957,72.58988505747124,0.0,48.23,48.23,48.23,432,4335,4247,50.512701002097415,49.487298997902585
FR,2022-02-28,992,9566,1272.2276813715253,13.47161367468649,1082.0,1062.5,1096.5,992,1052,73.48661596958185,2.8748951671708345,72.89500000000001,69.155,75.86,416,4620,4396,51.24223602484472,48.75776397515528
FR,2022-03-01,935,10307,1297.2652566217137,9.583840566286565,1083.5,1068.4,1090.6,935,1082,74.1830406654344,8.452708967478348,70.89,68.298,83.762,498,5048,4697,51.800923550538734,48.199076449461266
FR,2022-03-02,968,11130,1293.0088948787065,6.870225614927067,1086.5,1078.6,1094.5,968,1037,74.67647058823535,7.197541246842566,76.28,67.472,81.416,469,5196,5355,49.24651691782769,50.7534830821723
FR,2022-03-03,918,11394,1252.943303493068,5.287644435234785,1093.0,1087.0,1098.6,918,940,72.17738297872336,0.0,67.56,67.56,67.56,401,5341,5399,49.729981378026075,50.27001862197393
FR,2022-03-04,959,9435,1278.8787493375742,186.21718370272072,1087.0,1064.6,1524.4,959,740,72.61841891891895,4.410000000000004,71.85,68.322,75.378,394,4451,4429,50.12387387387387,49.876126126126124
FR,2022-03-05,871,8195,1234.8810250152535,7.48722870960945,1514.5,1506.0,1523.0,871,676,71.69599112426036,0.0,75.41,75.41,75.41,363,3999,3844,50.988142292490124,49.01185770750988
FR,2022-03-06,879,9209,1244.200347486155,18.57791683830128,1555.0,1540.4,1590.8,879,777,73.41317889317884,0.5549999999999997,54.175,53.731,54.619,378,4542,4130,52.375461254612546,47.624538745387454
FR,2022-03-07,941,9343,1244.7207535052996,0.0,1066.0,1066.0,1066.0,941,778,73.25267352185074,0.0,0.0,0.0,0.0,416,4506,4357,50.84057316935575,49.15942683064426
FR,2022-03-08,942,10079,1272.3621391011006,4.0276819911981905,1076.0,1075.2,1082.4,942,1027,74.26742940603688,0.0,81.75,81.75,81.75,516,4812,4672,50.738085196119776,49.26191480388022
FR,2022-03-09,871,9417,1263.2399915047258,3.559026084010437,1081.0,1075.4,1081.8,871,954,71.98031446540885,0.0,70.32,70.32,70.32,403,4713,4264,52.5008354684193,47.4991645315807
FR,2022-03-10,932,8786,1280.9811063054854,6.128258770283411,1079.0,1073.4,1085.4,932,796,73.81889447236182,0.0,0.0,0.0,0.0,399,4268,4102,50.991636798088415,49.008363201911585
FR,2022-03-11,870,8982,1332.614451124472,21.563858652847824,1086.0,1052.8,1091.2,870,898,73.73184855233849,22.18,62.93,45.186,80.674,415,4514,4086,52.48837209302326,47.51162790697674
FR,2022-03-12,851,8158,1275.2401323853887,10.775147619794993,1091.0,1074.6,1100.4,851,831,74.08415162454865,2.7850000000000037,73.275,71.047,75.503,432,4040,3658,52.48116393868537,47.51883606131463
FR,2022-03-13,858,8134,1273.429923776741,10.915470672398875,1621.0,1603.9,1630.2,858,1029,74.33671525753158,0.0,0.0,0.0,0.0,425,4046,3700,52.23341079266718,47.766589207332814
FR,2022-03-14,914,8856,1306.9249096657647,0.0,1595.0,1595.0,1595.0,914,995,74.20152763819101,0.0,0.0,0.0,0.0,451,4270,3997,51.651143099068584,48.348856900931416
FR,2022-03-15,964,9247,1283.6599978371362,180.46760250957942,1074.5,1035.5,1312.0,964,1022,74.61368884540123,11.82646843125857,71.33,69.978,90.69,477,4467,4327,50.7959972708665,49.2040027291335
FR,2022-03-16,920,9391,1273.9429240762431,5.556620650885864,1075.0,1067.0,1082.0,920,826,74.53929782082336,3.269999999999996,67.58,64.964,70.196,465,4497,4307,51.07905497501136,48.92094502498864
FR,2022-03-17,1016,9452,1283.733707151925,129.09391021392523,1081.0,1072.1,1106.4,1016,988,75.60985829959512,2.5800000000000054,77.85,75.786,79.914,540,4729,4210,52.90300928515494,47.09699071484506
FR,2022-03-18,887,8639,1248.780414399812,10.84230397819373,1142.5,1126.0,1150.5,887,824,73.45810679611644,1.5350000000000037,95.89500000000001,94.667,97.123,428,4164,4036,50.78048780487805,49.21951219512195
FR,2022-03-19,830,9052,1252.98983650022,7.855092573537435,1161.0,1153.0,1171.0,830,814,74.59421375921379,1.9499999999999957,73.75999999999999,72.2,75.32,380,4360,4249,50.644674178185625,49.355325821814375
FR,2022-03-20,884,9210,1262.5751357220424,110.2936421558378,1154.0,977.8,1164.3,884,1012,75.82258893280631,0.0,66.5,66.5,66.5,431,4430,4350,50.45558086560364,49.54441913439636
FR,2022-03-21,944,9887,1286.9885708506124,58.105507484230785,1158.5,1066.3,1163.9,944,914,74.52572210065648,0.0,0.0,0.0,0.0,435,5012,4398,53.262486716259296,46.737513283740704
FR,2022-03-22,1017,9623,1292.283799231007,6.128258770283411,1172.0,1166.4,1178.4,1017,1051,74.35176022835394,0.0,90.82,90.82,90.82,425,4704,4376,51.80616740088105,48.19383259911894
FR,2022-03-23,937,9931,1323.9883194038864,6.883876458946719,1175.0,1167.8,1183.0,937,1013,74.08522211253702,0.0,0.0,0.0,0.0,438,4947,4528,52.211081794195245,47.78891820580475
FR,2022-03-24,971,8727,1319.0190214277516,3.7712361663282534,1191.0,1184.6,1191.0,971,1009,74.37644202180381,0.32500000000000284,80.075,79.815,80.33500000000001,462,4159,4118,50.247674278120094,49.752325721879906
FR,2022-03-25,942,10637,1319.2326783867625,14.032589933683433,1187.0,1173.0,1208.2,942,857,73.31201866977837,2.664999999999999,80.555,78.423,82.687,432,5214,4916,51.47087857847976,48.52912142152024
FR,2022-03-26,863,8692,1299.6595720202483,6.944222218666553,1207.0,1199.8,1213.4,863,976,74.01316598360647,8.837001753988732,85.53,72.402,88.746,388,4135,4174,49.76531471897942,50.234685281020575
FR,2022-03-27,948,9307,1321.337917696359,157.0851998120765,1542.0,1227.6,1552.6,948,1226,74.91179445350735,0.28999999999999915,74.22999999999999,73.99799999999999,74.462,419,4391,4305,50.494480220791175,49.50551977920883
FR,2022-03-28,1039,11140,1299.8291741472174,116.79922342956738,888.0,879.1,912.1,1039,1251,73.59275779376512,9.211414115107411,79.945,69.474,89.282,559,5391,5101,51.382005337399924,48.617994662600076
FR,2022-03-29,1058,10224,1307.3989632237874,8.616843969807043,1228.5,1219.5,1237.5,1058,1162,75.11376075731499,3.969999999999999,87.13,83.954,90.306,538,5006,4713,51.507356723942785,48.49264327605721
FR,2022-03-30,1043,9529,1293.356910483787,139.6454774598877,899.0,876.0,1245.0,1043,1031,75.09766246362761,0.0,79.77,79.77,79.77,531,4886,4084,54.47045707915274,45.52954292084727
FR,2022-03-31,978,9894,1361.8387911865782,5.535341001239218,925.0,920.8,932.8,978,1241,73.84272360999188,0.0,76.54,76.54,76.54,514,4553,4777,48.79957127545552,51.20042872454448
FR,2022-04-01,958,9598,1302.2402583871649,11.025223605694151,1235.0,1220.0,1245.0,958,1201,74.27414654454624,0.0,52.64,52.64,52.64,487,4628,4341,51.599955401940015,48.400044598059985
FR,2022-04-02,915,8561,1285.9788576100955,5.41602560309064,1216.5,1211.0,1223.5,915,989,74.34073811931245,0.0,62.1,62.1,62.1,453,4160,3900,51.61290322580645,48.38709677419355
FR,2022-04-03,923,8385,1287.6646392367334,4.0276819911981905,1219.0,1212.6,1219.8,923,978,73.16508179959104,0.0,0.0,0.0,0.0,471,4045,3824,51.404244503748885,48.595755496251115
FR,2022-04-04,954,10319,1310.117743967441,10.928746497197196,970.5,957.3,983.0,954,1056,74.10650568181813,0.0,0.0,0.0,0.0,444,5010,4778,51.18512464241929,48.81487535758071
FR,2022-04-05,904,8535,1340.7218512009354,8.94427190999916,979.0,969.4,988.6,904,911,74.55611416026345,0.0,0.0,0.0,0.0,418,4094,3926,51.04738154613466,48.95261845386534
FR,2022-04-06,926,9906,1327.3977387441946,83.98623399105355,1021.5,1013.8,1155.9,926,1017,73.32722713864305,0.0,56.92,56.92,56.92,425,4920,4435,52.592196686264025,47.40780331373597
FR,2022-04-07,959,10240,1318.8620117187502,0.0,1675.0,1675.0,1675.0,959,1041,74.24484149855894,0.0,95.54,95.54,95.54,476,4873,4796,50.39817974971559,49.60182025028441
FR,2022-04-08,954,9603,1340.318233885244,0.0,953.0,953.0,953.0,954,962,74.11067567567567,0.0,0.0,0.0,0.0,434,4617,4441,50.97151689114595,49.028483108854054
FR,2022-04-09,866,8922,1350.9608832100423,203.77145422152623,544.0,544.0,960.0,866,1090,75.29655963302748,0.0,80.24,80.24,80.24,455,4580,3860,54.2654028436019,45.7345971563981
FR,2022-04-10,873,8465,1323.7384524512722,4.5,1225.5,1221.9,1229.1,873,1084,73.69266605166047,0.0,83.89,83.89,83.89,459,4007,3992,50.09376172021503,49.90623827978497
FR,2022-04-11,958,9352,1339.8519033361824,4.0,1217.0,1213.8,1220.2,958,1066,73.21362101313323,0.0,0.0,0.0,0.0,458,4530,4308,51.25594025797692,48.74405974202308
FR,2022-04-12,968,9526,1308.8833718244814,164.13359416857318,923.0,914.6,1114.0000000000002,968,1035,73.8201835748793,0.0,78.47,78.47,78.47,466,4454,4597,49.21003204065849,50.78996795934151
FR,2022-04-13,961,9562,1294.927734783517,289.60231352667057,1217.0,992.5,1561.9,961,1107,73.29691056910563,0.0,92.13,92.13,92.13,472,4719,4255,52.585246266993536,47.414753733006464
FR,2022-04-14,930,9014,1294.6080541380056,13.894647332328946,883.0,868.0,901.8,930,725,72.57292413793107,0.0,0.0,0.0,0.0,404,4329,4221,50.63157894736842,49.368421052631575
FR,2022-04-15,986,9160,1302.454475982534,69.30559361352047,1196.0,1108.8,1208.2,986,1070,75.82320560747662,0.0,0.0,0.0,0.0,450,4462,4304,50.90120921743099,49.09879078256902
FR,2022-04-16,832,8859,1258.9837453437206,4.0,1176.0,1172.8,1179.2,832,789,75.97935361216733,0.0,87.74,87.74,87.74,372,4492,3962,53.134610835107644,46.865389164892356
FR,2022-04-17,835,9661,1316.1222440741114,86.50721658168213,926.5,905.5,937.0,835,848,73.4584316037735,0.0,72.79,72.79,72.79,342,4401,4711,48.29894644424934,51.701053555750654
FR,2022-04-18,886,10915,1343.8817224003656,158.9976368400174,1189.0,875.2,1203.8,886,1067,75.85048734770393,0.0,0.0,0.0,0.0,430,5263,5085,50.86006957866255,49.13993042133746
FR,2022-04-19,918,12137,1296.5695806212432,5.514818504764763,1195.0,1187.0,1203.0,918,1272,74.67270440251569,0.0,97.61,97.61,97.61,489,5789,5773,50.06919218128352,49.93080781871648
FR,2022-04-20,904,10123,1314.2974414699202,9.130169768410662,1212.0,1199.2,1219.6,904,856,72.17651869158884,0.0,0.0,0.0,0.0,408,4737,4881,49.251403618215846,50.748596381784154
FR,2022-04-21,963,10480,1307.6657442748103,6.8068592855540455,926.5,920.0,934.5,963,787,74.0500762388817,0.0,62.92,62.92,62.92,419,5224,4752,52.36567762630313,47.634322373696875
FR,2022-04-22,881,8431,1305.196299371369,204.46359089089677,1226.0,1219.8,1534.8,881,928,72.71390086206888,0.0,78.86,78.86,78.86,431,4172,3928,51.50617283950617,48.49382716049383
FR,2022-04-23,870,10321,1310.1098730743129,3.7712361663282534,1209.0,1209.0,1215.4,870,893,73.92569988801809,0.0,0.0,0.0,0.0,441,4858,4975,49.40506457846029,50.59493542153971
FR,2022-04-24,850,8605,1272.9180708890185,7.623355924758829,916.0,909.4,926.6,850,800,72.99416249999992,0.0,79.68,79.68,79.68,406,4016,4115,49.39121879227647,50.60878120772353
FR,2022-04-25,941,8892,1311.5398110661283,189.06142446893344,914.0,596.4,920.4,941,647,72.19986089644516,0.0,0.0,0.0,0.0,353,4370,3982,52.3227969348659,47.6772030651341
FR,2022-04-26,875,8284,1326.9320376629644,9.394147114027968,1214.5,1204.4,1224.6,875,1074,75.15973929236506,0.0,0.0,0.0,0.0,420,4203,3555,54.17633410672854,45.82366589327146
FR,2022-04-27,854,8421,1342.7582234888946,9.514859136040757,940.0,927.2,950.6,854,919,72.4944396082698,0.0,0.0,0.0,0.0,421,3984,4075,49.43541382305497,50.56458617694503
FR,2022-04-28,885,8389,1344.7253546310635,0.0,1619.0,1619.0,1619.0,885,862,74.20799303944314,0.0,0.0,0.0,0.0,438,3859,4163,48.105210670655694,51.894789329344306
FR,2022-04-29,930,7881,1326.8240071056994,7.960681439399007,966.0,953.5,973.7,930,914,73.25176148796496,0.0,70.67,70.67,70.67,374,3928,3517,52.760241773002015,47.239758226997985
FR,2022-04-30,821,9280,1300.204094827585,4.0,1215.0,1211.8,1218.2,821,880,74.3065909090909,0.0,0.0,0.0,0.0,385,4588,4269,51.80083549734673,48.19916450265327
FR,2022-05-01,880,8643,1304.8121022793014,6.419597985344902,948.0,941.0,955.0,880,904,74.56331858407076,4.125,68.475,65.175,71.77499999999999,379,4082,4145,49.61711437948219,50.382885620517804
FR,2022-05-02,856,8957,1317.284805180308,4.5,1609.5,1605.9,1613.1,856,1131,73.04503978779839,0.0,0.0,0.0,0.0,418,4262,4159,50.61156632228951,49.38843367771049
FR,2022-05-03,937,8406,1336.134784677611,3.858612300930076,1622.0,1620.4,1627.6,937,861,74.75413472706155,0.0,0.0,0.0,0.0,427,4176,3777,52.50848736325915,47.49151263674085
FR,2022-05-04,912,9611,1384.7530954115073,4.0,989.0,985.8,992.2,912,932,73.77716738197418,0.0,0.0,0.0,0.0,402,4699,4297,52.23432636727434,47.76567363272566
FR,2022-05-05,971,10051,1314.0446721719252,7.363574011458175,984.0,975.8,992.4,971,1257,73.07179793158323,0.0,0.0,0.0,0.0,490,4705,4818,49.406699569463406,50.593300430536594
FR,2022-05-06,914,9401,1355.383150728647,10.939536982329512,1019.0,1006.3,1032.9,914,1348,76.21436201780422,0.0,56.77,56.77,56.77,387,4632,4261,52.08591026650174,47.91408973349826
FR,2022-05-07,872,9709,1269.4768771243191,16.26003963368137,1015.5,997.6,1041.2,872,861,75.96491289198603,0.0,71.09,71.09,71.09,386,4698,4436,51.43420188307422,48.56579811692578
FR,2022-05-08,867,9522,1294.9786809493771,17.69921529961773,985.0,952.0,993.0,867,1029,75.07710398445091,0.0,77.13,77.13,77.13,402,4456,4562,49.41228653803504,50.58771346196495
FR,2022-05-09,942,8834,1316.0798052977134,3.5,1651.5,1648.7,1654.3,942,961,74.21468262226848,0.0,73.05,73.05,73.05,440,4333,4100,51.38147752875608,48.61852247124393
FR,2022-05-10,949,9193,1291.738279125422,4.5,1641.5,1637.9,1645.1,949,1155,75.24783549783557,0.0,0.0,0.0,0.0,437,4411,4278,50.76533548164346,49.23466451835654
FR,2022-05-11,949,9517,1272.7118839970578,169.03845716285983,912.0,904.4,1163.8,949,1040,72.86620192307691,0.0,0.0,0.0,0.0,399,4781,4137,53.610675039246466,46.389324960753534
FR,2022-05-12,931,8387,1209.541433170382,14.058449416631976,915.0,903.2,934.7,931,897,72.02308807134895,0.0,0.0,0.0,0.0,447,3993,3992,50.00626174076393,49.99373825923607
FR,2022-05-13,895,7889,1296.155279503106,77.9333563032631,921.5,836.7,936.1,895,879,73.64211604095549,0.0,62.09,62.09,62.09,397,3739,3768,49.80684694285334,50.19315305714667
FR,2022-05-14,797,8423,1275.6466817048554,11.587695688014277,909.5,894.0,923.6,797,1084,74.43257380073804,0.0,67.33,67.33,67.33,355,4091,3793,51.889903602232366,48.110096397767634
FR,2022-05-15,877,7914,1241.267500631792,14.696406873790613,1672.5,1644.5,1682.0,877,678,75.81119469026544,0.0,0.0,0.0,0.0,351,3870,3649,51.46961032052134,48.53038967947865
FR,2022-05-16,979,9987,1275.638530089116,8.77426089884428,992.0,983.4,1001.6,979,1050,72.78758095238094,0.0,0.0,0.0,0.0,449,4942,4514,52.263113367174284,47.73688663282572
FR,2022-05-17,988,9580,1327.946972860124,6.90081892061717,1659.0,1651.0,1666.8,988,978,73.35948875255629,0.0,54.48,54.48,54.48,438,4544,4543,50.00550236601738,49.99449763398262
FR,2022-05-18,942,9707,1328.4799629133604,9.00152764812729,1680.0,1667.3,1688.4,942,1143,73.66450568678911,6.634999999999998,70.805,65.497,76.113,492,4743,4336,52.241436281528806,47.758563718471194
FR,2022-05-19,918,8791,1268.5701285405537,8.369563117442839,1644.0,1634.0,1653.0,918,1090,74.07275229357799,0.0,0.0,0.0,0.0,465,4240,4068,51.03514684641309,48.96485315358691
FR,2022-05-20,932,9740,1264.5487679671462,9.1,1637.0,1628.2,1645.8,932,1003,72.89312063808573,0.0,0.0,0.0,0.0,395,4616,4590,50.14121225287855,49.85878774712144
FR,2022-05-21,812,8366,1273.0174515897666,18.69821552685948,1599.5,1582.0,1631.1,812,905,72.71920441988948,0.0,58.98,58.98,58.98,387,4096,3813,51.789101024149694,48.2108989758503
FR,2022-05-22,878,9203,1279.4460502010204,5.607930891950157,1567.0,1560.4,1573.2,878,977,75.51419651995911,0.0,0.0,0.0,0.0,410,4463,4214,51.43482770542814,48.56517229457186
FR,2022-05-23,928,8073,1242.242165242164,11.739555976068068,1579.0,1558.6,1588.6,928,700,72.49352857142868,0.0,0.0,0.0,0.0,410,4140,3587,53.57836158923256,46.42163841076744
FR,2022-05-24,888,8340,1293.3794964028764,10.803343103975834,1577.0,1566.8,1592.5,888,719,72.72707927677341,0.0,0.0,0.0,0.0,437,4030,3876,50.97394384012143,49.02605615987857
FR,2022-05-25,968,8508,1317.6210625293857,11.789752494810436,1588.5,1574.3,1604.4,968,882,75.5951927437642,0.0,76.05,76.05,76.05,474,4072,3961,50.69090003734594,49.30909996265405
FR,2022-05-26,880,9817,1278.1438321279409,9.192388155425116,1589.0,1579.1,1598.9,880,962,75.66232848232862,0.0,88.86,88.86,88.86,407,4842,4365,52.59042033235581,47.40957966764419
FR,2022-05-27,902,8689,1253.839222004835,5.830951894845301,1607.0,1600.8,1613.2,902,823,74.12029161603876,0.0,0.0,0.0,0.0,379,4273,4059,51.284205472875655,48.71579452712434
FR,2022-05-28,801,7855,1342.82940802037,10.225241100118646,1631.0,1616.0,1639.0,801,755,70.98541721854302,0.0,0.0,0.0,0.0,339,3976,3497,53.204870868459786,46.795129131540214
FR,2022-05-29,874,8595,1261.4991273996502,4.0,1200.0,1196.8,1203.2,874,951,74.3641430073608,0.0,0.0,0.0,0.0,351,4123,4079,50.2682272616435,49.7317727383565
FR,2022-05-30,998,10557,1327.1405702377558,95.26279441628824,985.0,985.0,1139.0,998,1158,72.77047495682204,0.0,0.0,0.0,0.0,430,5301,4745,52.76727055544496,47.23272944455505
FR,2022-05-31,954,9210,1305.14766558089,108.94341038661616,1212.0,1030.4,1218.4,954,804,74.13431592039805,0.0,93.5,93.5,93.5,381,4625,4054,53.28954948726812,46.71045051273188
FR,2022-06-01,990,8693,1286.5334176923968,3.5,1215.5,1212.7,1218.3,990,890,71.63687640449443,0.0,0.0,0.0,0.0,376,4138,4080,50.35288391336091,49.64711608663909
FR,2022-06-02,972,9386,1327.5966332836156,0.0,985.0,985.0,985.0,972,959,74.31575599582904,0.0,0.0,0.0,0.0,413,4394,4430,49.79601087941977,50.20398912058024
FR,2022-06-03,920,9275,1309.1242048517527,0.0,985.0,985.0,985.0,920,753,75.23693227091641,0.0,0.0,0.0,0.0,412,4599,4139,52.63218127718014,47.36781872281986
FR,2022-06-04,863,10421,1355.064773054407,8.0,1533.0,1526.6,1539.4,863,852,74.06900234741778,0.0,80.02,80.02,80.02,396,5002,4621,51.97963213135197,48.02036786864803
FR,2022-06-05,859,8801,1281.00659016021,142.67989003502967,1204.0,1195.6,1516.0,859,948,75.52963080168773,0.0,83.67,83.67,83.67,416,4069,4222,49.07731274876372,50.922687251236276
FR,2022-06-06,950,11801,1315.1205830014421,10.7496769977314,1182.0,1174.0,1198.0,950,1026,71.9443567251463,0.0,0.0,0.0,0.0,434,5626,5498,50.575332614167564,49.424667385832436
FR,2022-06-07,1049,10898,1258.8915397320577,3.559026084010437,1172.0,1171.2,1177.6,1049,1190,75.31095798319319,0.0,51.53,51.53,51.53,508,5023,5279,48.75752281110464,51.242477188895364
FR,2022-06-08,974,9884,1290.4427357345216,4.0,1176.0,1172.8,1179.2,974,1132,73.94705830388696,0.0,0.0,0.0,0.0,481,4804,4540,51.41267123287672,48.58732876712329
FR,2022-06-09,997,10123,1331.584510520597,0.0,1180.0,1180.0,1180.0,997,942,75.04668789808913,0.0,0.0,0.0,0.0,448,4764,4779,49.92140836215027,50.07859163784973
FR,2022-06-10,971,10671,1137.58223221816,3.5,1175.5,1172.7,1178.3,971,772,73.43016839378244,0.0,0.0,0.0,0.0,428,5198,4988,51.03082662477911,48.96917337522089
FR,2022-06-11,881,7689,1276.7437898296273,7.826237921249264,1180.5,1172.1,1188.9,881,961,73.99146722164414,0.0,0.0,0.0,0.0,406,3770,3416,52.463122738658505,47.536877261341495
FR,2022-06-12,876,10243,1265.2025773699118,173.4809912381978,859.0,830.0,1191.4,876,936,73.7505235042734,0.0,0.0,0.0,0.0,447,4985,4767,51.11771944216571,48.88228055783429
FR,2022-06-13,959,9505,1259.984639663334,5.408326913195984,1585.5,1579.8,1591.2,959,879,71.57963594994314,0.0,0.0,0.0,0.0,421,4784,4219,53.13784294124181,46.86215705875819
FR,2022-06-14,952,9867,1312.658862876253,5.673402858955108,1178.5,1172.4,1183.9,952,1024,74.40830078124998,0.0,0.0,0.0,0.0,409,5004,4358,53.450117496261484,46.549882503738516
FR,2022-06-15,957,9939,1268.4901901599749,3.7712361663282534,1195.0,1188.6,1195.0,957,897,73.54518394648842,0.0,0.0,0.0,0.0,418,4817,4610,51.09791025777023,48.90208974222976
FR,2022-06-16,978,11023,1317.6530889957362,9.687104830649869,1166.0,1157.4,1179.2,978,1086,72.83219152854511,0.0,0.0,0.0,0.0,412,5148,5304,49.25373134328358,50.74626865671642
FR,2022-06-17,968,11276,1265.279443064915,7.673709217111952,1166.0,1158.0,1175.2,968,917,74.55069792802612,0.0,0.0,0.0,0.0,361,5314,5476,49.24930491195552,50.75069508804448
FR,2022-06-18,921,9728,1206.6298314144738,0.0,1149.0,1149.0,1149.0,921,1001,74.36732267732266,0.0,0.0,0.0,0.0,442,4823,4383,52.38974581794482,47.610254182055186
FR,2022-06-19,852,8582,1214.3198555115373,4.5,1146.5,1142.9,1150.1,852,789,72.99242078580481,0.0,0.0,0.0,0.0,393,4268,3833,52.68485372176275,47.31514627823725
FR,2022-06-20,919,9310,1299.0673469387734,5.6622631950304045,1153.0,1146.8,1161.7,919,873,73.86356242840782,0.0,0.0,0.0,0.0,410,4506,4189,51.82288671650374,48.17711328349626
FR,2022-06-21,957,10516,1309.7521871434017,5.715476066494082,1146.0,1140.4,1151.6,957,955,75.1311308900523,0.0,63.94,63.94,63.94,459,5246,4703,52.72891747914363,47.27108252085637
FR,2022-06-22,918,10426,1324.6985421062727,0.0,1146.0,1146.0,1146.0,918,805,71.99721739130429,0.0,0.0,0.0,0.0,422,5043,4908,50.67832378655412,49.32167621344588
FR,2022-06-23,907,10028,1331.7534902273637,180.8103430816093,1138.0,1131.0,1540.0,907,1057,73.19437086092718,5.494966423919259,66.62,64.564,76.536,459,5000,4446,52.93245818335804,47.06754181664196
FR,2022-06-24,958,10935,1324.862368541378,12.524351280605316,1147.5,1132.6,1161.8,958,1134,73.55122574955898,0.0,0.0,0.0,0.0,466,5209,5109,50.48459003682885,49.51540996317116
FR,2022-06-25,842,9192,1277.8190818102676,248.27660923123227,838.5,803.0,1167.1,842,1001,73.8241958041959,0.0,95.6,95.6,95.6,404,4170,4570,47.7116704805492,52.288329519450805
FR,2022-06-26,910,9740,1262.0101642710479,7.374191360742685,860.0,852.0,872.4,910,910,71.4256263736264,0.0,84.76,84.76,84.76,403,4661,4589,50.38918918918919,49.61081081081081
FR,2022-06-27,951,11332,1304.551888457464,7.174414416676962,875.5,869.0,884.0,951,1089,73.16770431588624,0.0,0.0,0.0,0.0,451,5644,5020,52.925731432858214,47.074268567141786
FR,2022-06-28,1045,9671,1303.0652466135896,6.531972647421808,1546.0,1539.6,1552.4,1045,1004,74.80389442231078,0.0,0.0,0.0,0.0,478,4874,4264,53.337710658787486,46.66228934121252
FR,2022-06-29,952,9176,1267.2423714036595,8.94427190999916,1535.0,1525.4,1544.6,952,948,71.2391666666667,0.0,0.0,0.0,0.0,471,4258,4293,49.79534557361712,50.20465442638288
FR,2022-06-30,973,9579,1289.9511431255858,8.112062349091971,1148.0,1139.0,1156.5,973,859,73.04151338765998,0.0,0.0,0.0,0.0,492,4650,4371,51.546391752577314,48.45360824742268
FR,2022-07-01,909,9542,1254.0241039614327,3.39934634239519,877.0,872.2,878.6,909,905,74.01742541436467,0.0,0.0,0.0,0.0,507,4713,4188,52.94910684192787,47.05089315807213
FR,2022-07-02,933,8140,1293.5197788697783,119.43882389349463,890.0,878.2,1126.6,933,879,74.69761092150173,0.0,0.0,0.0,0.0,455,3684,4010,47.88146607746296,52.11853392253705
FR,2022-07-03,905,8189,1285.995725973867,125.75068339774539,877.0,859.0,1122.0,905,945,74.99034920634921,0.0,54.93,54.93,54.93,464,3919,3736,51.19529719137819,48.80470280862181
FR,2022-07-04,977,8996,1254.3996220542467,7.864406454964603,1118.0,1109.4,1126.0,977,882,73.93138321995475,0.0,86.81,86.81,86.81,448,4369,4102,51.57596505725416,48.424034942745834
FR,2022-07-05,955,8218,1291.6298369432957,115.5,917.5,825.1,1009.9,955,1088,75.1737959558824,0.0,0.0,0.0,0.0,481,4084,3730,52.26516508830304,47.73483491169696
FR,2022-07-06,933,9305,1265.937882858677,0.0,1519.0,1519.0,1519.0,933,794,74.55023929471018,0.0,0.0,0.0,0.0,410,4616,4169,52.54410927717701,47.455890722823
FR,2022-07-07,985,8957,1294.9926314614238,8.276472678623424,1130.0,1121.1,1138.9,985,1037,75.01017357762774,0.0,90.15,90.15,90.15,462,4651,3723,55.540960114640555,44.459039885359445
FR,2022-07-08,928,8763,1228.917836357411,163.0,1201.0,1070.6,1331.4,928,852,72.94255868544609,0.0,0.0,0.0,0.0,427,3979,4290,48.11948240416012,51.88051759583988
FR,2022-07-09,824,7483,1218.9699318455162,5.593746508378798,1045.5,1037.9,1053.1,824,782,74.49640664961625,0.0,0.0,0.0,0.0,390,3874,3219,54.61722825320739,45.38277174679261
FR,2022-07-10,882,7394,1251.8725994049196,7.490129559381902,1515.0,1505.9,1523.4,882,850,74.74828235294122,0.0,85.24,85.24,85.24,445,3621,3375,51.7581475128645,48.2418524871355
FR,2022-07-11,995,9850,1284.596954314722,4.5,1502.5,1498.9,1506.1,995,1263,75.9664449722881,0.0,0.0,0.0,0.0,448,4863,4417,52.40301724137931,47.59698275862069
FR,2022-07-12,864,9369,1311.2682249973302,4.5,1494.5,1490.9,1498.1,864,1022,74.9329060665362,0.0,0.0,0.0,0.0,377,4623,4208,52.34967727324199,47.65032272675801
FR,2022-07-13,904,8288,1311.2659266409275,0.0,1150.0,1150.0,1150.0,904,811,72.1327250308261,0.0,0.0,0.0,0.0,476,3955,3792,51.05202013682716,48.94797986317284
FR,2022-07-14,860,10387,1267.2775584865713,4.027681991198191,1112.0,1111.2,1118.4,860,969,74.32556243550049,0.0,0.0,0.0,0.0,422,4624,5180,47.16442268461852,52.83557731538148
FR,2022-07-15,858,10222,1250.9735863823114,132.75833499334075,1166.0,1154.8,1320.8000000000002,858,1110,76.21063063063069,1.8499999999999943,71.97,70.49000000000001,73.44999999999999,438,4755,4898,49.25929762768052,50.74070237231949
FR,2022-07-16,832,7317,1282.72885062184,123.2322097294084,1054.0,803.4,1064.0,832,774,74.3588372093024,0.0,0.0,0.0,0.0,376,3398,3441,49.68562655358971,50.3143734464103
FR,2022-07-17,870,9446,1225.6557272919752,10.185433498656575,1462.0,1448.6,1473.9,870,931,73.25690655209448,0.0,0.0,0.0,0.0,427,4658,4370,51.59503766061143,48.40496233938857
FR,2022-07-18,964,10665,1231.9736521331454,0.0,1176.0,1176.0,1176.0,964,876,73.62659817351602,0.0,0.0,0.0,0.0,408,5035,5088,49.73821989528796,50.26178010471204
FR,2022-07-19,910,9983,1253.5762796754502,3.8586123009300755,1168.0,1166.4,1173.6,910,861,73.7311033681765,0.0,0.0,0.0,0.0,457,4999,4555,52.32363407996651,47.67636592003349
FR,2022-07-20,900,7322,1285.1013384321243,11.985588053477157,1158.0,1147.4,1174.6,900,733,72.137858117326,0.0,85.7,85.7,85.7,457,3362,3608,48.23529411764706,51.76470588235295
FR,2022-07-21,857,9973,1230.225408603229,11.71920832437072,1170.0,1155.5,1184.0,857,914,73.40792122538294,0.0,0.0,0.0,0.0,388,4872,4664,51.09060402684564,48.90939597315436
FR,2022-07-22,910,9443,1188.1744149105164,354.34197376969047,744.0,667.1,1102.6999999999998,910,891,72.06868686868692,0.0,0.0,0.0,0.0,355,4660,4335,51.806559199555316,48.19344080044469
FR,2022-07-23,890,8094,1225.8468000988407,17.878879187120603,619.0,599.4,642.6,890,977,74.37897645854659,0.0,0.0,0.0,0.0,452,4230,3461,54.99934988948121,45.000650110518784
FR,2022-07-24,857,9929,1207.8271729277892,228.94706811837534,1146.0,649.4,1154.7,857,921,73.20930510314871,0.0,0.0,0.0,0.0,415,5013,4420,53.14322060850206,46.85677939149793
FR,2022-07-25,942,11623,1217.866385614729,16.36540219147971,1177.5,1160.3,1198.6,942,1097,73.20523245214216,13.59,73.69,62.818,84.562,448,5434,5532,49.55316432609885,50.44683567390115
FR,2022-07-26,879,10000,1224.2984000000004,155.00966492216432,1169.0,862.4,1194.4,879,979,74.32137895812053,0.0,0.0,0.0,0.0,439,4832,4742,50.470022978901184,49.52997702109881
FR,2022-07-27,911,8798,1272.4848829279376,256.93622209066245,1192.0,759.2,1198.4,911,860,72.92895348837203,0.0,0.0,0.0,0.0,479,4236,4027,51.26467384727097,48.73532615272903
FR,2022-07-28,986,12232,1194.374509483324,269.7623910026216,1199.0,907.2,1590.4,986,1123,74.59125556544974,6.707654002870319,86.47,76.726,89.238,476,5971,5654,51.36344086021505,48.63655913978494
FR,2022-07-29,952,10204,1228.0595844766751,108.648656743859,1204.0,1070.0,1212.0,952,777,73.63014157014162,0.0,0.0,0.0,0.0,410,4975,4611,51.89860212810349,48.101397871896516
FR,2022-07-30,922,9550,1207.049842931937,103.712942297478,882.0,865.6,1075.8000000000004,922,822,72.41012165450125,0.0,0.0,0.0,0.0,374,4460,4479,49.89372413021591,50.10627586978409
FR,2022-07-31,892,8208,1267.398391812865,14.270209840394392,1416.0,1400.6,1435.3,892,855,73.32364912280705,0.0,68.27,68.27,68.27,414,3979,3819,51.02590407796871,48.97409592203129
FR,2022-08-01,935,9653,1248.754169688177,170.40025974366955,1174.0,912.6,1203.4,935,875,72.66116571428572,0.0,76.89,76.89,76.89,449,4542,4650,49.41253263707572,50.58746736292428
FR,2022-08-02,899,9738,1270.9953789279105,147.32575176976795,961.0,929.0,1195.2,899,702,75.9793874643874,0.0,66.75,66.75,66.75,410,4661,4498,50.88983513484004,49.11016486515995
FR,2022-08-03,950,9375,1328.9353600000002,171.67675757338,1196.0,1172.0,1204.0,950,1038,74.72216763005785,10.605,67.505,59.021,75.989,483,4498,4311,51.06141446248156,48.93858553751845
FR,2022-08-04,842,8035,1266.2642190416939,8.013876853447538,1178.0,1169.0,1186.0,842,817,72.946511627907,0.0,0.0,0.0,0.0,396,3766,3894,49.164490861618795,50.8355091383812
FR,2022-08-05,815,8939,1207.3916545474917,10.115209356086522,1139.0,1131.0,1154.0,815,858,71.17186480186484,6.273313850483386,73.0,67.488,79.76,429,4253,4148,50.62492560409475,49.37507439590525
FR,2022-08-06,785,9654,1186.2161798218372,24.640105571932878,1159.0,1118.0,1180.5,785,1080,71.59953703703708,9.058490913992731,70.1,60.126999999999995,83.492,437,4626,4563,50.34280117531832,49.657198824681686
FR,2022-08-07,862,9162,1207.5293604016586,16.352623154211944,1133.0,1102.4,1143.6,862,774,75.22114987080103,10.804719133580267,82.73,67.706,88.13799999999999,398,4691,3984,54.074927953890494,45.92507204610951
FR,2022-08-08,795,7509,1200.5778399254236,6.0332412515993425,1127.0,1121.2,1133.0,795,643,74.37892690513215,0.0,0.0,0.0,0.0,386,3589,3592,49.97911154435315,50.02088845564685
FR,2022-08-09,855,7579,1193.8543343448991,326.81768774105257,1121.0,585.5,1456.3000000000004,855,737,74.36940298507461,7.995083211296528,69.04,64.76,79.95200000000001,440,3792,3393,52.77661795407098,47.22338204592902
FR,2022-08-10,850,8462,1161.7528952966206,253.18102252200748,1123.5,581.2,1140.2,850,817,72.25264381884934,9.305823982861485,72.09,66.048,86.752,371,4212,3841,52.3034893828387,47.69651061716131
FR,2022-08-11,845,9715,1101.6689655172406,5.986651818838307,1131.0,1126.2,1139.0,845,837,75.66836320191157,15.895,76.415,63.699000000000005,89.131,447,4800,4448,51.903114186851205,48.09688581314879
FR,2022-08-12,871,10263,1174.197992789637,7.3484692283495345,1155.0,1147.8,1162.2,871,967,75.0324405377456,0.0,0.0,0.0,0.0,448,5048,4721,51.673661582557074,48.32633841744293
FR,2022-08-13,869,7629,1196.403067243412,0.0,1171.0,1171.0,1171.0,869,973,74.83877697841719,0.0,0.0,0.0,0.0,449,3883,3382,53.44803854094976,46.55196145905024
FR,2022-08-14,898,8667,1196.0263066805142,0.0,585.0,585.0,585.0,898,858,74.03261072261078,0.0,0.0,0.0,0.0,459,4093,4143,49.6964545896066,50.30354541039339
FR,2022-08-15,859,8572,1243.6250583294425,58.83707182047865,890.0,762.4,915.3,859,894,75.2881431767338,0.0,73.74,73.74,73.74,365,4011,4125,49.299410029498524,50.700589970501476
FR,2022-08-16,948,9309,1202.539585347513,3.5,1166.5,1163.7,1169.3,948,816,71.76877450980392,0.0,0.0,0.0,0.0,449,4604,4138,52.665293983070235,47.334706016929765
FR,2022-08-17,966,9296,1227.676957831324,0.0,1169.0,1169.0,1169.0,966,971,73.88259526261585,0.0,0.0,0.0,0.0,475,4411,4449,49.785553047404065,50.214446952595935
FR,2022-08-18,907,9071,1282.2573034946554,187.45755075038545,875.5,481.0,886.3,907,1009,73.45116947472744,4.592327160601691,55.82,51.001000000000005,60.464,480,4720,3811,55.32762864845856,44.672371351541436
FR,2022-08-19,865,8686,1263.1358507943812,6.128258770283411,861.0,855.4,867.4,865,854,72.81106557377053,0.0,74.7,74.7,74.7,400,4145,4080,50.3951367781155,49.6048632218845
FR,2022-08-20,872,8237,1213.1878110962718,6.288960200872897,1184.0,1175.6,1191.8,872,701,72.32400855920136,1.6550000000000011,81.525,80.20100000000001,82.849,398,4094,3748,52.206069880132624,47.793930119867376
FR,2022-08-21,865,9279,1220.4574846427429,7.941431012771706,1192.0,1182.3,1200.7,865,826,73.17561743341405,0.0,59.63,59.63,59.63,398,4297,4467,49.030123231401184,50.96987676859881
FR,2022-08-22,917,9405,1224.243806485913,88.75431371379477,1196.0,958.2,1223.8,917,1094,75.0844515539306,3.4791230536188613,80.655,77.08999999999999,84.719,488,4649,4181,52.65005662514156,47.34994337485844
FR,2022-08-23,987,9949,1272.674138104333,157.02085363560565,962.5,597.4,997.4000000000001,987,1157,75.38672428694889,8.418863863372543,78.715,65.24,79.583,486,4961,4530,52.27057212095669,47.72942787904331
FR,2022-08-24,976,9738,1242.4585130416917,219.61110153365243,988.0,606.2,1191.4,976,984,74.53500000000003,5.402302749754035,70.02000000000001,61.644000000000005,71.494,507,4663,4498,50.900556707783,49.099443292217
FR,2022-08-25,1072,10239,1242.921281375134,183.99906065246003,1173.0,901.6,1191.0,1072,1034,74.53923597678914,6.6572533542161585,77.98,71.788,84.828,583,4868,4808,50.31004547333608,49.68995452666391
FR,2022-08-26,992,10459,1250.4947891767865,272.6082368169331,617.0,586.0,1180.0,992,1165,73.48331330472097,4.19612784467882,78.12,73.216,81.384,551,4918,4970,49.73705501618123,50.26294498381877
FR,2022-08-27,953,9635,1205.9132330046689,176.22145158861903,612.5,600.0,996.0,953,1114,71.93361759425498,0.0,0.0,0.0,0.0,469,4666,4413,51.393325256085475,48.60667474391453
FR,2022-08-28,1009,8939,1229.1520304284588,215.26160501526974,805.5,617.5,1083.5,1009,986,73.4073022312373,0.0,0.0,0.0,0.0,444,4443,4007,52.57988165680474,47.42011834319527
FR,2022-08-29,1000,10622,1222.869986819809,245.81944593542636,1081.0,625.0,1198.9,1000,930,72.30247311827962,0.0,0.0,0.0,0.0,489,5175,4974,50.9902453443689,49.0097546556311
FR,2022-08-30,945,9835,1226.6838840874425,5.706137047074843,1198.0,1191.0,1203.6,945,878,73.13988610478356,0.0,75.32,75.32,75.32,426,4701,4718,49.9097568744028,50.0902431255972
FR,2022-08-31,1046,9466,1214.2293471371238,93.13393041251314,635.0,627.0,635.8,1046,1163,73.36456577815997,0.0,55.35,55.35,55.35,533,4569,4432,50.76102655260527,49.238973447394734
FR,2022-09-01,1039,10452,1291.8075966322256,168.51009730150292,649.0,635.0,983.0,1039,1000,72.02524,0.0,0.0,0.0,0.0,516,4929,4965,49.818071558520316,50.181928441479684
FR,2022-09-02,990,8865,1239.4213197969564,225.03680054604402,985.0,642.0,1200.2,990,935,73.40565775401078,0.0,89.28,89.28,89.28,535,4126,4241,49.31277638341102,50.68722361658898
FR,2022-09-03,934,9097,1243.4456414202452,153.55056933710796,635.5,626.5,811.0,934,829,73.70985524728587,0.0,0.0,0.0,0.0,415,4396,4251,50.83844107783047,49.16155892216954
FR,2022-09-04,971,11692,1278.0313034553526,144.0964104695328,631.5,609.1,971.9,971,1109,73.33258791704236,0.0,75.23,75.23,75.23,461,5728,5377,51.58036920306168,48.41963079693832
FR,2022-09-05,995,10786,1226.9457630261456,212.85489435093885,743.0,561.6,1148.4,995,994,72.20783702213261,0.0,74.29,74.29,74.29,533,5446,4719,53.575996064928674,46.424003935071326
FR,2022-09-06,989,11314,1220.1800424253122,114.61132505081677,791.0,767.8,993.2,989,1139,72.57513608428447,10.0558915843179,67.42,55.467999999999996,75.012,497,5384,5347,50.17239772621377,49.827602273786226
FR,2022-09-07,1039,10993,1214.2243245701807,0.0,985.0,985.0,985.0,1039,1020,72.79633333333341,0.0,0.0,0.0,0.0,472,5576,4795,53.76530710635426,46.23469289364574
FR,2022-09-08,1032,9952,1231.0376808681658,5.0,1000.0,996.0,1004.0,1032,1063,73.81401693320784,0.0,0.0,0.0,0.0,532,4827,4563,51.40575079872205,48.594249201277954
FR,2022-09-09,958,9631,1256.4348458104048,187.62632108432004,1173.0,801.0,1190.0,958,826,73.70399515738497,0.0,67.03,67.03,67.03,474,4805,4240,53.1232725262576,46.8767274737424
FR,2022-09-10,929,8807,1223.0806176904737,7.586537784494028,824.0,813.0,827.2,929,854,71.35115925058537,0.0,0.0,0.0,0.0,380,4137,4191,49.67579250720461,50.324207492795395
FR,2022-09-11,899,10130,1267.1811451135222,61.84052069638483,812.5,804.9,871.0,899,1092,73.57612637362634,0.0,79.41,79.41,79.41,506,5084,4371,53.77049180327869,46.22950819672131
FR,2022-09-12,995,9845,1239.4511934992402,13.102957681378658,1208.5,1188.6,1219.4,995,990,72.19523232323236,11.375,81.675,72.575,90.77499999999999,461,4813,4420,52.12823567637821,47.87176432362179
FR,2022-09-13,994,9377,1232.6859336674836,7.573638491504595,1160.0,1155.8,1172.2,994,1101,73.81203451407809,0.0,0.0,0.0,0.0,438,4543,4400,50.79950799507995,49.20049200492005
FR,2022-09-14,1061,11286,1237.1469076732237,83.05118903423357,1077.5,997.0,1166.6,1061,989,73.2858543983823,0.0,73.43,73.43,73.43,489,5601,5071,52.483133433283356,47.516866566716644
FR,2022-09-15,985,10130,1253.0687068114494,114.63726479351661,992.0,817.0,1158.0,985,996,73.02138554216859,0.0,85.13,85.13,85.13,443,4979,4729,51.28759785743716,48.71240214256283
FR,2022-09-16,1036,10495,1273.1582658408781,74.19073598585237,997.0,988.3,1158.7,1036,998,73.10574148296591,12.759999999999998,75.93,65.72200000000001,86.138,456,5239,4769,52.34812150279776,47.65187849720224
FR,2022-09-17,944,9037,1226.137103020916,8.73796548495853,1002.0,995.6,1016.7,944,1030,72.82029126213595,0.0,0.0,0.0,0.0,459,4401,4105,51.73994827180813,48.26005172819187
FR,2022-09-18,922,8459,1240.9670173779416,141.34227959106929,1029.0,802.0,1165.8,922,794,72.6235138539043,13.78401328431681,85.54,63.14,87.41199999999999,385,3973,4023,49.68734367183592,50.31265632816408
FR,2022-09-19,1058,9356,1265.0164600256512,180.45356743494986,1178.5,786.2,1189.8,1058,951,75.23222923238706,0.9450000000000003,81.11500000000001,80.35900000000001,81.87100000000001,478,4884,3967,55.18020562648288,44.81979437351712
FR,2022-09-20,1075,10379,1287.0019269679162,7.363574011458175,795.0,785.4,803.0,1075,1246,72.68130818619584,0.0,0.0,0.0,0.0,528,5124,4681,52.25905150433452,47.74094849566548
FR,2022-09-21,1085,10076,1310.2488090512095,8.806563209081938,799.0,788.0,808.0,1085,1354,73.91101920236342,0.0,0.0,0.0,0.0,583,4962,4598,51.90376569037657,48.09623430962343
FR,2022-09-22,942,9487,1241.5284072941931,10.749676997731399,817.0,801.0,825.0,942,927,72.36295577130535,0.0,0.0,0.0,0.0,409,4598,4456,50.78418378617185,49.21581621382814
FR,2022-09-23,1003,9999,1314.879287928794,7.3484692283495345,1186.0,1178.8,1193.2,1003,1234,75.38752836304698,0.0,76.7,76.7,76.7,523,5056,4402,53.45739056883062,46.54260943116938
FR,2022-09-24,948,8957,1218.8534107402027,4.322904116447646,1163.5,1158.6,1167.7,948,834,73.05932853717017,0.0,0.0,0.0,0.0,416,4628,3818,54.795169310916414,45.20483068908359
FR,2022-09-25,953,10006,1277.8632820307823,126.27326557906072,1132.0,818.8,1142.0,953,937,72.59151547491993,10.714257505253869,71.305,58.575,81.91499999999999,424,4465,4966,47.34386597391581,52.65613402608419
FR,2022-09-26,1067,11119,1261.9288605090396,8.171628369185767,1151.0,1141.2,1161.0,1067,1363,72.79614086573748,4.144999999999996,88.375,85.059,91.691,575,5189,5399,49.00831129580657,50.99168870419343
FR,2022-09-27,1084,12539,1317.974798628278,19.846818227908127,1146.0,1126.0,1173.8,1084,1216,75.68979440789484,0.0,79.88,79.88,79.88,516,6407,5491,53.84938645150446,46.15061354849554
FR,2022-09-28,1039,10674,1274.4281431515815,137.3129254883634,1115.0,824.0,1122.0,1039,1162,72.95250430292602,14.610154003295108,59.52,53.832,80.976,609,5019,5058,49.80649002679369,50.193509973206304
FR,2022-09-29,1054,11158,1246.4509768775742,86.89217456134931,1133.0,1113.9,1151.4,1054,1147,74.44925893635568,5.818382984606252,74.76,69.82499999999999,83.69,516,5296,5364,49.68105065666041,50.31894934333959
FR,2022-09-30,1011,11166,1273.9700877664345,112.74403803414573,1126.0,840.7,1146.3,1011,1007,73.66719960278056,7.857777596114565,81.565,69.156,83.215,489,5719,4840,54.16232597783881,45.83767402216119
FR,2022-10-01,951,10157,1275.1910997341731,17.02967997350508,1076.5,1060.5,1100.8,951,1055,73.45972511848346,13.17032364826317,65.445,55.422999999999995,83.027,485,4641,5008,48.09824852316302,51.90175147683698
FR,2022-10-02,981,9997,1252.8850655196568,16.812440728975258,1085.0,1068.9,1109.9,981,1253,73.1853312051078,6.268340202070155,84.31,76.726,88.886,496,4945,4547,52.096502317741255,47.903497682258745
FR,2022-10-03,1033,10341,1290.8271927279748,8.265651072621019,1115.0,1101.6,1122.2,1033,1158,73.56176165803117,9.30116957998055,64.06,48.356,64.22,553,5035,4816,51.111562277941324,48.888437722058676
FR,2022-10-04,1080,9931,1310.0849864062031,6.164414002968976,1079.0,1074.2,1086.2,1080,1259,75.40160444797455,0.0,0.0,0.0,0.0,538,5038,4369,53.55586265546933,46.44413734453067
FR,2022-10-05,1006,10455,1299.2565279770472,4.0,1069.0,1065.8,1072.2,1006,1032,72.74586240310065,0.0,0.0,0.0,0.0,518,5000,4936,50.32206119162641,49.67793880837359
FR,2022-10-06,1041,11104,1273.2938580691668,9.394147114027968,843.5,833.6,853.4,1041,1258,72.91702702702702,0.0,0.0,0.0,0.0,544,5369,5151,51.0361216730038,48.963878326996195
FR,2022-10-07,1010,9506,1270.0551230801593,0.0,1067.0,1067.0,1067.0,1010,809,72.66269468479605,0.0,0.0,0.0,0.0,404,4727,4238,52.72727272727272,47.27272727272727
FR,2022-10-08,926,9956,1327.6429288871054,14.479956346704544,1522.0,1497.0,1536.6,926,879,73.3181683731513,0.0,52.34,52.34,52.34,489,4807,4677,50.685364824968374,49.31463517503163
FR,2022-10-09,1004,10585,1330.3259329239493,3.5,1062.5,1059.7,1065.3,1004,1017,73.85091445427734,0.0,0.0,0.0,0.0,500,5159,4830,51.64681149264191,48.35318850735809
FR,2022-10-10,965,10229,1248.8783849838715,6.96419413859206,1047.5,1042.3,1056.9,965,998,73.77377755511017,4.574999999999996,71.63499999999999,67.975,75.295,459,4952,4640,51.626355296080064,48.37364470391993
FR,2022-10-11,1030,9709,1341.0345040683885,8.207313811473277,1033.0,1026.6,1044.6,1030,1031,75.4269059165859,0.0,79.31,79.31,79.31,477,4593,4589,50.021781746896096,49.978218253103904
FR,2022-10-12,1020,11080,1332.9107400722014,7.608474807008885,1065.0,1057.0,1074.0,1020,1089,73.83322314049578,0.0,73.95,73.95,73.95,521,5294,5077,51.04618648153505,48.95381351846495
FR,2022-10-13,984,10411,1393.1833637498814,9.447221813845593,1082.5,1071.0,1091.2,984,1234,75.58472447325758,0.0,0.0,0.0,0.0,488,5086,4605,52.48168403673511,47.51831596326488
FR,2022-10-14,1066,10718,1286.731666355664,0.0,1586.0,1586.0,1586.0,1066,1049,71.6858150619637,0.0,0.0,0.0,0.0,518,5104,5092,50.058846606512354,49.94115339348764
FR,2022-10-15,1006,10593,1306.0297366185198,47.2989164780759,1099.5,1024.8,1104.9,1006,1203,73.47763092269321,0.0,0.0,0.0,0.0,549,5434,4728,53.47372564455816,46.52627435544184
FR,2022-10-16,1036,9693,1346.131641390694,71.72788083366808,1107.0,988.6,1113.4,1036,925,73.0852864864865,0.0,74.83,74.83,74.83,468,4740,4428,51.70157068062827,48.29842931937173
FR,2022-10-17,1070,10998,1293.4327150390984,7.495832175282475,1097.5,1089.1,1105.2,1070,941,71.79769394261419,0.0,68.21,68.21,68.21,496,5240,5132,50.520632472040106,49.479367527959894
FR,2022-10-18,1076,10707,1332.388157280286,57.709617915907224,1101.0,1013.4,1108.0,1076,1147,72.24728857890152,0.0,0.0,0.0,0.0,534,5356,4778,52.85178606670614,47.14821393329387
FR,2022-10-19,1119,10085,1293.2222112047584,20.98453220150443,1476.5,1455.5,1511.0,1119,1062,71.99821092278714,0.0,0.0,0.0,0.0,555,4794,4695,50.521656655074295,49.478343344925705
FR,2022-10-20,1039,9085,1270.904017611446,127.60268916050217,848.0,775.0,1103.0,1039,1046,73.17845124282974,5.495454687486945,71.13,63.77,74.25800000000001,476,4473,4135,51.96328996282528,48.03671003717472
FR,2022-10-21,1065,10508,1283.5475827940609,0.0,1098.0,1098.0,1098.0,1065,960,73.37482291666664,0.0,0.0,0.0,0.0,488,5021,4910,50.55885610713926,49.44114389286074
FR,2022-10-22,1010,9095,1317.3775700934561,0.0,946.0,946.0,946.0,1010,816,73.5435171568627,0.0,0.0,0.0,0.0,397,4341,4293,50.277970813064634,49.72202918693537
FR,2022-10-23,1041,10361,1299.0803011292348,0.0,1091.0,1091.0,1091.0,1041,951,72.74805467928495,0.0,0.0,0.0,0.0,502,5079,4832,51.246090202804965,48.753909797195035
FR,2022-10-24,1052,10320,1331.7397286821724,12.60457640146577,1521.0,1506.0,1538.2,1052,1148,72.75816202090593,0.0,0.0,0.0,0.0,503,5074,4589,52.50957259650212,47.49042740349788
FR,2022-10-25,1041,10378,1302.0590672576607,4.714045207910316,1099.0,1091.0,1099.0,1041,1174,73.8122572402044,0.0,68.84,68.84,68.84,528,4862,4966,49.47089947089947,50.52910052910053
FR,2022-10-26,1033,10517,1327.031187601026,4.242640687119285,1090.0,1082.8,1090.0,1033,1183,71.4994082840237,0.0,72.99,72.99,72.99,571,5370,4654,53.57142857142857,46.42857142857143
FR,2022-10-27,1082,11071,1295.525246138561,9.6850400102426,1487.5,1475.9,1499.9,1082,1245,71.98558232931732,0.0,0.0,0.0,0.0,558,5370,5116,51.21113866107191,48.78886133892809
FR,2022-10-28,1112,12042,1288.6656701544568,57.6126915030206,990.5,903.8,1050.0,1112,1363,72.72699192956715,8.849084146643367,69.5,61.99,81.035,584,5858,5612,51.072362685265915,48.92763731473409
FR,2022-10-29,972,10509,1333.5665619944814,16.237698457499146,1531.0,1502.0,1540.0,972,844,76.2153436018958,0.0,0.0,0.0,0.0,479,5034,4907,50.638768735539685,49.361231264460315
FR,2022-10-30,1051,10635,1336.005359661497,10.44222198576529,1082.0,1069.1,1091.6,1051,1094,73.7501645338208,0.0,79.48,79.48,79.48,542,4919,5130,48.950144292964474,51.04985570703553
FR,2022-10-31,1021,12034,1350.5566727605144,65.5,1010.5,958.1,1062.9,1021,989,72.84968655207278,0.0,0.0,0.0,0.0,463,5927,5464,52.032306206654376,47.967693793345624
FR,2022-11-01,1018,10510,1342.1484300666043,8.827138117585948,1053.0,1044.0,1065.4,1018,808,73.97258663366345,0.0,75.65,75.65,75.65,454,5438,4476,54.851724833568696,45.14827516643131
FR,2022-11-02,959,10249,1329.8103229583362,6.128258770283411,1509.0,1502.6,1514.6,959,1070,74.02937383177566,0.0,0.0,0.0,0.0,470,4850,4810,50.20703933747412,49.79296066252588
FR,2022-11-03,986,10554,1373.6597498578724,11.98146717040762,838.0,820.8,853.2,986,1026,73.73519493177398,3.8299999999999983,66.39,63.326,69.454,514,5056,4915,50.707050446294254,49.292949553705746
FR,2022-11-04,989,9916,1395.3813029447363,4.5,1055.5,1051.9,1059.1,989,1158,74.3472366148532,0.0,0.0,0.0,0.0,421,4644,4571,50.39609332609876,49.60390667390125
FR,2022-11-05,965,9557,1272.4944020089972,5.356071321407137,1051.0,1045.1,1056.2,965,823,73.1602187120292,0.0,86.35,86.35,86.35,500,4930,4131,54.409005628517825,45.590994371482175
FR,2022-11-06,1039,10296,1298.667735042734,0.0,1048.0,1048.0,1048.0,1039,1216,73.7894407894736,0.0,0.0,0.0,0.0,591,5186,4540,53.32099527040921,46.67900472959079
FR,2022-11-07,1006,10292,1382.171200932764,0.0,1042.0,1042.0,1042.0,1006,1337,74.65422587883312,0.0,0.0,0.0,0.0,459,4990,4670,51.65631469979296,48.34368530020704
FR,2022-11-08,1033,10889,1375.744329139497,0.0,1034.0,1034.0,1034.0,1033,1390,75.17317266187051,0.0,0.0,0.0,0.0,522,5256,4978,51.358217705686926,48.641782294313074
FR,2022-11-09,1005,9736,1401.2777321281826,4.5,1047.5,1043.9,1051.1,1005,1026,72.48639376218321,0.0,0.0,0.0,0.0,399,4631,4471,50.878927708195995,49.121072291804
FR,2022-11-10,1007,10520,1352.105418250952,64.77661615120074,884.5,874.1,1011.0,1007,1244,74.5683922829583,4.722385520052342,71.935,68.04299999999999,77.563,511,5304,4629,53.39776502567201,46.602234974328
FR,2022-11-11,918,10350,1314.140386473429,14.809906594348709,1584.0,1568.2,1601.6,918,1048,73.71748091603044,0.0,0.0,0.0,0.0,476,5110,4635,52.43714725500257,47.562852744997436
FR,2022-11-12,925,9837,1290.0593676934038,19.053689508864856,1560.0,1535.0,1581.8,925,1052,73.24653041825097,0.0,83.44,83.44,83.44,473,4597,4672,49.59542561225591,50.40457438774409
FR,2022-11-13,937,10719,1321.8520384364238,5.703561365050608,1051.0,1043.6,1057.0,937,1361,73.83174871418083,0.0,0.0,0.0,0.0,474,5260,4853,52.012261445663995,47.987738554336005
FR,2022-11-14,1046,10489,1260.047096958718,8.842369591913696,1076.5,1066.7,1085.6,1046,1220,73.36978688524596,0.0,0.0,0.0,0.0,497,4933,4955,49.888754045307444,50.11124595469255
FR,2022-11-15,955,9490,1326.9346680716562,0.0,940.0,940.0,940.0,955,1263,73.63197149643703,0.0,0.0,0.0,0.0,460,4621,4391,51.27607634265424,48.723923657345765
FR,2022-11-16,977,9907,1365.310689411527,4.5,1076.5,1072.9,1080.1,977,1248,73.53103365384611,0.0,81.06,81.06,81.06,506,4908,4456,52.413498504912425,47.58650149508757
FR,2022-11-17,1006,9593,1290.2524757635802,0.0,1080.0,1080.0,1080.0,1006,1147,73.75685265911086,0.0,0.0,0.0,0.0,524,4743,4331,52.270222614062156,47.729777385937844
FR,2022-11-18,929,9405,1247.530887825626,131.22229208800005,916.0,908.0,1014.6,929,1019,71.40454367026491,9.470768184260454,79.66499999999999,72.25999999999999,92.264,477,4760,4182,53.2319391634981,46.7680608365019
FR,2022-11-19,940,9325,1260.0819302949058,12.57401556174235,1627.5,1611.7,1643.5,940,926,72.60682505399572,0.3949999999999996,55.655,55.339,55.971,462,4458,4336,50.69365476461224,49.30634523538777
FR,2022-11-20,916,9758,1334.4484525517516,0.0,1089.0,1089.0,1089.0,916,1005,75.79857711442783,0.0,0.0,0.0,0.0,453,5104,4097,55.472231279208785,44.527768720791215
FR,2022-11-21,1029,10542,1280.3942325934372,0.0,1081.0,1081.0,1081.0,1029,1151,72.66769765421371,0.0,70.08,70.08,70.08,506,5048,4996,50.258861011549186,49.741138988450814
FR,2022-11-22,948,10264,1329.0846648480124,0.0,927.0,927.0,927.0,948,1179,74.82184054283299,0.0,0.0,0.0,0.0,447,5015,4624,52.02821869488537,47.97178130511463
FR,2022-11-23,969,10735,1263.9508150908262,10.07575472772801,1659.0,1641.9,1667.8,969,1436,73.06137883008351,2.1100000000000065,77.43,75.74199999999999,79.11800000000001,562,5279,4891,51.90757128810226,48.09242871189774
FR,2022-11-24,877,9929,1244.284620807735,8.709728755822422,1664.5,1656.0,1676.0,877,1126,71.89587921847253,0.0,0.0,0.0,0.0,480,4693,4756,49.66663138956503,50.33336861043497
FR,2022-11-25,1002,10547,1257.9381814734038,4.0,1675.0,1671.8,1678.2,1002,1279,74.33688819390144,0.0,0.0,0.0,0.0,520,5223,4824,51.985667363392054,48.01433263660794
FR,2022-11-26,910,9455,1294.7408778424126,3.0,1077.0,1074.6,1079.4,910,813,73.42537515375157,0.0,0.0,0.0,0.0,429,4599,4267,51.87232122715994,48.12767877284006
FR,2022-11-27,976,9164,1255.6762330859872,5.1536394906900505,1067.0,1061.4,1072.2,976,1089,72.79558310376494,3.164999999999999,67.66499999999999,65.133,70.197,415,4441,4130,51.81425737953565,48.18574262046435
FR,2022-11-28,1070,9980,1210.3404809619224,0.0,841.0,841.0,841.0,1070,1138,73.97167838312832,0.0,0.0,0.0,0.0,473,4910,4562,51.83699324324324,48.16300675675676
FR,2022-11-29,1048,9412,1292.3869528261798,3.5,845.5,842.7,848.3,1048,928,74.40046336206899,0.0,0.0,0.0,0.0,452,4652,4312,51.89647478804106,48.103525211958946
FR,2022-11-30,981,10588,1370.08500188893,5.497474167490214,1658.5,1654.1,1663.0,981,1024,72.84692382812496,0.0,0.0,0.0,0.0,512,5028,4919,50.54790389062028,49.45209610937971
FR,2022-12-01,964,8563,1271.7579119467478,0.0,927.0,927.0,927.0,964,937,73.22744930629675,0.0,0.0,0.0,0.0,430,4111,3968,50.8850105211041,49.11498947889591
FR,2022-12-02,938,10174,1284.5816787890683,7.668115805072325,1653.0,1647.2,1663.8,938,969,73.51865841073275,0.0,0.0,0.0,0.0,417,5053,4530,52.728790566628405,47.271209433371595
FR,2022-12-03,856,8866,1312.8781863297995,32.028181909008815,1613.0,1569.2,1656.4,856,1009,73.05156590683845,14.36,76.53,65.042,88.018,439,4220,4188,50.19029495718363,49.80970504281637
FR,2022-12-04,984,8447,1260.0133775304864,53.75103099786397,1620.0,1537.4,1667.0,984,1041,72.83222862632094,5.775901084102232,73.145,67.09,79.66499999999999,481,4020,3949,50.44547622035387,49.55452377964613
FR,2022-12-05,948,9769,1247.7959873067869,26.936138467782563,1517.0,1509.8,1539.8,948,1137,73.01915567282329,0.0,78.74,78.74,78.74,458,4823,4402,52.28184281842818,47.71815718157181
FR,2022-12-06,1043,9483,1285.126436781611,14.446020213193666,1595.5,1579.6,1610.7,1043,1184,73.23077702702707,1.3250000000000028,79.355,78.295,80.415,487,4641,4356,51.5838612870957,48.4161387129043
FR,2022-12-07,1031,11363,1283.230044882515,0.0,1587.0,1587.0,1587.0,1031,1347,71.46718634001478,0.0,0.0,0.0,0.0,525,5443,5285,50.73639075316928,49.263609246830725
FR,2022-12-08,976,9867,1248.3121516165013,0.0,1598.0,1598.0,1598.0,976,1030,73.60932038834947,0.0,0.0,0.0,0.0,453,4883,4414,52.52231902764333,47.47768097235667
FR,2022-12-09,999,9146,1271.5314891755977,0.0,1521.0,1521.0,1521.0,999,921,73.18474484256237,0.0,0.0,0.0,0.0,405,4281,4327,49.73280669144982,50.26719330855018
FR,2022-12-10,958,8991,1334.0381492603722,12.98135414953138,1518.0,1504.4,1536.6,958,1150,74.046304347826,11.66830321854896,63.91,49.87,74.758,498,4225,4309,49.5078509491446,50.4921490508554
FR,2022-12-11,875,8444,1291.497157745146,17.804445059840784,1528.5,1505.5,1552.2,875,823,74.88561360874841,0.0,61.75,61.75,61.75,404,4102,3851,51.57802087262668,48.42197912737332
FR,2022-12-12,984,10630,1323.6071495766712,4.968651728587948,1568.5,1563.8,1573.9,984,1458,73.79181755829896,0.0,0.0,0.0,0.0,469,5541,4468,55.36017584174243,44.63982415825757
FR,2022-12-13,920,9754,1280.931925363952,4.5,1555.5,1551.9,1559.1,920,1221,73.62821457821447,0.0,0.0,0.0,0.0,424,5027,4177,54.617557583659284,45.38244241634072
FR,2022-12-14,918,8695,1318.974698102358,0.0,923.0,923.0,923.0,918,842,74.17124703087902,0.0,72.8,72.8,72.8,434,4107,4025,50.50418101328087,49.49581898671914
FR,2022-12-15,867,8123,1260.8205096639176,4.5,1554.5,1550.9,1558.1,867,827,71.24870616686816,0.0,0.0,0.0,0.0,418,3894,3670,51.480698043363304,48.5193019566367
FR,2022-12-16,873,9019,1267.6048342388303,0.0,1068.0,1068.0,1068.0,873,890,72.3492696629213,0.0,0.0,0.0,0.0,339,4487,4085,52.34484367708819,47.65515632291181
FR,2022-12-17,930,7802,1223.291591899511,5.656854249492381,1536.0,1532.2,1545.0,930,862,73.83947795823656,0.0,0.0,0.0,0.0,413,3881,3609,51.815754339118826,48.184245660881174
FR,2022-12-18,809,7318,1272.1000273298723,7.385337492392829,1563.0,1554.6,1572.2,809,769,70.84312093628091,10.655,60.745000000000005,52.221,69.269,397,3420,3498,49.43625325238508,50.563746747614914
FR,2022-12-19,944,10590,1320.3356940509923,30.167481795793,1607.0,1572.6,1647.4,944,1046,72.50387189292542,7.890467349910271,71.87,61.966,78.62400000000001,452,5127,4788,51.70953101361573,48.29046898638427
FR,2022-12-20,1007,11224,1307.0221846044162,14.164413960251592,1648.0,1630.6,1666.0,1007,1203,73.91998337489609,11.099000956042044,76.91,65.614,87.358,500,5520,5103,51.96272239480373,48.03727760519627
FR,2022-12-21,973,11211,1295.2361965926318,16.86358867019029,1611.0,1592.8,1634.0,973,1427,71.38658023826204,2.5649999999999977,62.375,60.323,64.42699999999999,498,5295,5338,49.79779930405342,50.20220069594659
FR,2022-12-22,987,10532,1261.472369920243,13.83734881479188,1598.5,1583.0,1617.9,987,1234,72.1214343598055,14.0,81.1,69.89999999999999,92.3,440,5167,4821,51.73207849419303,48.267921505806974
FR,2022-12-23,961,9157,1309.118051763679,5.92757072286415,1613.0,1605.2,1620.6,961,1167,71.19362467866323,0.0,0.0,0.0,0.0,505,4313,4363,49.71184877823882,50.28815122176118
FR,2022-12-24,816,7126,1264.421133875949,25.73862340324124,1564.0,1533.8,1593.6,816,606,71.68435643564352,0.0,0.0,0.0,0.0,314,3385,3355,50.22255192878339,49.77744807121662
FR,2022-12-25,812,8866,1309.6218136702012,0.0,940.0,940.0,940.0,812,1092,72.41992673992672,0.0,0.0,0.0,0.0,429,4226,4092,50.805482087040154,49.194517912959846
FR,2022-12-26,874,9042,1295.631939836318,8.731059784394887,1529.0,1518.0,1537.0,874,978,72.91489775051132,0.0,0.0,0.0,0.0,378,4702,3815,55.207232593636256,44.792767406363744
FR,2022-12-27,934,9745,1333.9805028219598,9.30794043287992,1504.0,1491.1,1515.9,934,1057,72.0764900662251,0.0,0.0,0.0,0.0,503,4587,4497,50.49537648612946,49.50462351387054
FR,2022-12-28,908,9947,1300.278174323915,0.0,1078.0,1078.0,1078.0,908,1005,74.08902487562187,0.0,0.0,0.0,0.0,423,5039,4349,53.674904132935666,46.325095867064334
FR,2022-12-29,966,10885,1317.6752411575578,29.775474415130027,1606.0,1558.0,1645.0,966,1163,72.8238349097163,8.838696642228046,75.355,65.995,85.375,508,5492,4820,53.25833979829325,46.74166020170675
FR,2022-12-30,946,9183,1291.628443863661,9.868717324589506,1620.5,1613.0,1636.5,946,860,73.04712790697671,15.786378798051045,59.85,57.426,85.346,448,4508,4136,52.15178158260064,47.84821841739935
FR,2022-12-31,859,8651,1290.128193272453,11.715563915997492,1659.0,1640.6,1667.8,859,985,71.05839593908637,0.0,0.0,0.0,0.0,419,4094,4040,50.33194000491763,49.66805999508237
FR,2023-01-01,879,8875,1278.6478873239416,21.67466466604923,1595.0,1578.2,1637.4,879,985,72.43025380710662,0.0,0.0,0.0,0.0,472,4368,4055,51.858007835688,48.141992164312
FR,2023-01-02,973,10643,1261.445551066428,12.75709842280625,1585.0,1575.0,1601.0,973,1080,71.07650000000004,12.380367270400342,75.73,60.327,88.938,465,4950,5148,49.01960784313725,50.98039215686274
FR,2023-01-03,1081,10412,1243.253649635036,14.242134671459894,1510.0,1499.0,1538.8,1081,1080,72.6649351851851,5.030000000000001,78.02,73.996,82.044,573,5006,4762,51.248976248976255,48.75102375102375
FR,2023-01-04,964,9357,1286.3395319012502,0.0,1085.0,1085.0,1085.0,964,1080,73.87129629629617,0.0,0.0,0.0,0.0,498,4466,4493,49.849313539457526,50.150686460542474
FR,2023-01-05,1047,8554,1278.6330371755917,4.5,1512.5,1508.9,1516.1,1047,1000,72.86116999999997,0.0,0.0,0.0,0.0,466,4174,4001,51.05810397553516,48.94189602446483
FR,2023-01-06,941,8292,1275.4294500723606,22.031083042778604,1049.0,1009.4,1062.8,941,976,71.4756659836065,0.0,53.1,53.1,53.1,483,4229,3630,53.81091741951902,46.18908258048098
FR,2023-01-07,969,8933,1256.624874062467,12.045830847904451,1529.0,1513.0,1543.0,969,951,71.57062039957937,0.0,74.59,74.59,74.59,512,4204,4247,49.74559223760502,50.25440776239498
FR,2023-01-08,1071,9825,1235.9721119592882,9.746794344808963,1548.0,1533.0,1558.5,1071,1103,71.15576609247505,0.0,0.0,0.0,0.0,496,4680,4584,50.51813471502591,49.48186528497409
FR,2023-01-09,1048,10883,1249.0630340898665,12.16552506059644,1576.0,1562.2,1589.8,1048,1225,72.70257959183677,0.0,0.0,0.0,0.0,528,5334,4920,52.01872440023405,47.981275599765944
FR,2023-01-10,998,8958,1266.7166778298715,15.132745950421556,1113.5,1096.5,1132.0,998,964,72.74397302904578,0.0,0.0,0.0,0.0,466,4587,3780,54.822517031193975,45.177482968806025
FR,2023-01-11,1014,9478,1296.2562776957157,0.0,1129.0,1129.0,1129.0,1014,1154,73.52351819757367,0.0,80.47,80.47,80.47,561,4516,4573,49.686434151171746,50.313565848828254
FR,2023-01-12,1005,10351,1361.9651241425977,3.5,1123.5,1120.7,1126.3,1005,1070,73.00567289719625,0.0,0.0,0.0,0.0,440,5081,4671,52.10213289581625,47.89786710418375
FR,2023-01-13,1072,10461,1313.7882611605037,4.9749371855331,1141.0,1136.8,1146.6,1072,1309,71.8858365164248,0.0,0.0,0.0,0.0,561,5161,4698,52.348108327416575,47.651891672583425
FR,2023-01-14,1110,10569,1267.0775853912378,0.0,1148.0,1148.0,1148.0,1110,1172,73.44401023890784,0.0,0.0,0.0,0.0,499,4923,5094,49.14645103324349,50.85354896675651
FR,2023-01-15,1084,10239,1269.6401992382073,143.0,997.0,882.6,1111.4,1084,1237,71.47438156831052,0.0,0.0,0.0,0.0,575,5077,4526,52.86889513693638,47.13110486306363
FR,2023-01-16,1106,9942,1284.2709716354825,3.5,1129.5,1126.7,1132.3,1106,1037,72.13901639344259,0.0,0.0,0.0,0.0,539,4942,4418,52.7991452991453,47.2008547008547
FR,2023-01-17,1088,11476,1308.4972987103504,4.0,1130.0,1126.8,1133.2,1088,1285,73.14174319066153,0.0,75.24,75.24,75.24,557,5427,5545,49.46226759022967,50.53773240977032
FR,2023-01-18,1077,11309,1316.4699796622178,278.3175165166577,1136.0,596.0,1142.2,1077,1186,70.99647554806073,0.0,86.78,86.78,86.78,590,5337,5416,49.63266065284107,50.36733934715893
FR,2023-01-19,1039,10984,1258.0989621267286,155.35181846376952,1143.0,828.0,1155.3,1039,1234,73.1287682333874,0.0,0.0,0.0,0.0,515,5559,4836,53.47763347763348,46.52236652236652
FR,2023-01-20,1066,9733,1270.9791431213398,32.43203254028149,827.0,819.0,873.6,1066,1338,73.04319880418538,0.0,87.08,87.08,87.08,479,4916,4392,52.81478298238075,47.18521701761925
FR,2023-01-21,1029,9821,1245.8146828225238,164.0,998.0,866.8,1129.2,1029,1175,71.8676765957447,0.0,0.0,0.0,0.0,491,4812,4459,51.90378599935283,48.09621400064718
FR,2023-01-22,1033,10191,1267.4316553822018,151.64880274832373,1140.5,831.0,1154.3,1033,1126,71.87185612788632,0.0,0.0,0.0,0.0,543,5141,4521,53.20844545642724,46.79155454357276
FR,2023-01-23,1046,8973,1280.1428730636362,158.8633235065777,1150.0,880.4,1150.0,1046,927,74.7024595469256,0.0,81.0,81.0,81.0,422,4491,3947,53.22351268073003,46.77648731926997
FR,2023-01-24,1052,9496,1233.8401432181988,189.11335059958088,980.0,783.0,1174.1,1052,859,70.37732246798596,0.0,79.87,79.87,79.87,446,4818,4206,53.39095744680851,46.609042553191486
FR,2023-01-25,1086,9412,1272.646196345092,158.06201314673933,1180.0,940.2,1184.2,1086,1099,72.40044585987266,0.0,71.33,71.33,71.33,598,4713,4241,52.63569354478446,47.36430645521554
FR,2023-01-26,1081,10981,1277.5188962753869,4.869731585445518,1192.0,1186.6,1197.6,1081,1058,72.87431947069948,0.0,63.03,63.03,63.03,523,5474,4958,52.473159509202446,47.52684049079755
FR,2023-01-27,1051,10012,1270.8933280063925,7.3484692283495345,784.0,776.8,791.2,1051,1048,72.7431202290076,0.0,0.0,0.0,0.0,457,4954,4582,51.950503355704704,48.0494966442953
FR,2023-01-28,1041,10273,1275.5074467049556,11.08552609887726,821.0,805.0,830.0,1041,1112,71.10684352517993,0.0,0.0,0.0,0.0,453,4964,4692,51.40845070422535,48.59154929577465
FR,2023-01-29,1046,9758,1260.3992621438813,153.36805403994666,838.0,795.0,893.8999999999999,1046,1134,73.8408641975309,0.0,0.0,0.0,0.0,454,4947,4251,53.78343118069145,46.21656881930855
FR,2023-01-30,1124,10100,1271.9740594059426,161.79170422353414,872.5,863.5,1211.0,1124,1185,73.0659409282699,7.285000000000004,70.39500000000001,64.56700000000001,76.22300000000001,567,4985,4584,52.09530776465671,47.90469223534329
FR,2023-01-31,1031,8726,1258.9742149896867,11.757844767653932,1172.0,1165.0,1194.4,1031,1220,72.77272131147542,3.780000000000001,70.62,67.596,73.644,541,4280,4000,51.690821256038646,48.309178743961354
FR,2023-02-01,1054,9022,1245.5976501884272,0.0,1175.0,1175.0,1175.0,1054,1164,71.91619415807564,0.0,0.0,0.0,0.0,535,4218,4261,49.74643236230688,50.253567637693116
FR,2023-02-02,1004,9523,1278.4941720046197,0.0,851.0,851.0,851.0,1004,1014,74.87982248520711,0.0,0.0,0.0,0.0,485,4677,4292,52.1462816367488,47.8537183632512
FR,2023-02-03,1004,10357,1255.2956454571772,55.496867873331375,1033.0,1024.5,1043.5,1004,1406,72.35174253200564,11.67817080871401,77.44,58.316,85.083,564,5133,4725,52.06938527084601,47.93061472915399
FR,2023-02-04,1010,9082,1282.5482272627155,159.77631934120345,1170.5,840.5,1187.5,1010,1069,72.91786716557536,0.0,0.0,0.0,0.0,551,4352,4210,50.82924550338706,49.170754496612936
FR,2023-02-05,1098,12137,1310.3467084122917,312.0011017608752,934.5,840.1,1428.6000000000001,1098,1254,74.12768740031895,0.0,0.0,0.0,0.0,560,5789,5611,50.78070175438596,49.219298245614034
FR,2023-02-06,1100,11160,1250.260394265231,0.0,1563.0,1563.0,1563.0,1100,1307,73.1323488905891,0.0,0.0,0.0,0.0,552,5418,5111,51.45787824104854,48.54212175895147
FR,2023-02-07,1094,11496,1301.2254697285985,7.138627319029899,847.0,842.8,858.2,1094,1270,73.4715039370079,0.0,0.0,0.0,0.0,547,5609,5204,51.87274576898177,48.12725423101822
FR,2023-02-08,1106,10689,1276.7032463280013,36.50941659353104,834.0,822.6,878.1,1106,1284,73.12698598130838,0.0,75.51,75.51,75.51,579,5096,5086,50.04910626595953,49.95089373404046
FR,2023-02-09,1078,11256,1297.9022743425755,4.893936787898943,826.0,822.6,833.0,1078,1180,72.35415254237296,0.0,0.0,0.0,0.0,519,5609,4999,52.875188536953246,47.124811463046754
FR,2023-02-10,1042,11408,1267.642706872374,27.32868717771022,1033.0,983.8,1044.6,1042,1138,73.65626537785585,8.28981754925885,77.74000000000001,66.91,84.244,458,5903,4884,54.723278019838695,45.276721980161305
FR,2023-02-11,1009,10233,1308.1762923873746,11.025223605694151,1030.0,1019.6,1041.2,1009,1096,73.05139598540147,0.0,0.0,0.0,0.0,490,4962,4628,51.74139728884254,48.25860271115746
FR,2023-02-12,1043,11374,1284.6198347107454,18.56586539929371,873.0,847.6,891.6,1043,1252,71.33963258785938,0.0,0.0,0.0,0.0,517,5526,5273,51.17140475969997,48.828595240300025
FR,2023-02-13,1101,12849,1288.544011207098,5.656854249492381,1573.0,1567.4,1578.6,1101,1468,70.90871934604907,0.0,44.05,44.05,44.05,556,6220,5897,51.33283816126104,48.66716183873896
FR,2023-02-14,1021,9964,1293.784524287435,58.88058652380898,955.5,903.0,1044.6,1021,1180,74.30443220338988,11.22012762850762,78.09,63.726,86.14,484,4891,4498,52.0928746405368,47.9071253594632
FR,2023-02-15,1126,11563,1230.876416154978,4.0,1584.0,1580.8,1587.2,1126,1495,72.76905685618725,0.0,0.0,0.0,0.0,626,5818,5320,52.23558987250853,47.764410127491466
FR,2023-02-16,1139,11313,1248.5767700875103,3.5,1591.5,1588.7,1594.3,1139,1253,72.49391859537111,0.0,0.0,0.0,0.0,511,5578,5086,52.30682670667667,47.69317329332333
FR,2023-02-17,1071,12272,1202.5613591916551,50.32931551292944,882.0,874.4,955.6,1071,1194,72.94408710217758,0.0,0.0,0.0,0.0,461,6291,5338,54.09751483360564,45.90248516639436
FR,2023-02-18,1128,11102,1289.7450909745974,7.503845168158276,1590.0,1582.2,1600.8,1128,1313,73.12485148514857,0.0,65.04,65.04,65.04,606,5501,5017,52.30081764594029,47.69918235405971
FR,2023-02-19,1037,10663,1231.59945606302,6.826419266350405,1603.0,1596.4,1609.7,1037,1388,72.42046109510083,0.0,62.21,62.21,62.21,537,5362,4666,53.470283207020344,46.529716792979656
FR,2023-02-20,1155,13567,1274.5570870494564,5.929335948771028,867.0,860.0,872.0,1155,1428,72.3194817927171,0.0,0.0,0.0,0.0,564,6418,6382,50.14062500000001,49.859375
FR,2023-02-21,1128,10874,1290.0888357550111,43.87811819344976,879.0,864.0,978.0,1128,1305,72.68714942528736,0.0,56.36,56.36,56.36,594,5556,4838,53.453915720608045,46.546084279391955
FR,2023-02-22,1112,12588,1291.9721163012368,6.531972647421808,856.0,849.6,862.4,1112,1397,72.67052254831768,0.0,0.0,0.0,0.0,550,6333,5498,53.528864846589464,46.47113515341053
FR,2023-02-23,1104,10844,1282.3072666912565,11.607513730338638,877.5,861.6,891.0,1104,1260,73.29403174603173,0.0,0.0,0.0,0.0,493,5335,4858,52.33984106739919,47.66015893260081
FR,2023-02-24,1102,11849,1320.6949109629504,6.128258770283411,891.0,884.6,896.6,1102,1309,73.15851031321635,0.0,0.0,0.0,0.0,602,5733,5433,51.34336378291241,48.65663621708759
FR,2023-02-25,1126,10184,1308.911233307149,136.62028414849797,897.0,889.6,1194.8,1126,1202,73.34687188019959,0.0,63.18,63.18,63.18,578,5230,4397,54.32637374052145,45.67362625947855
FR,2023-02-26,1120,10434,1314.0153344834234,6.4,888.0,879.8,893.8,1120,1310,72.61404580152663,0.0,0.0,0.0,0.0,553,4994,4770,51.147070872593204,48.8529291274068
FR,2023-02-27,1159,12169,1320.5988988413194,7.847504911329036,1182.5,1177.0,1194.0,1159,1601,73.49564647095565,0.0,0.0,0.0,0.0,595,6358,5167,55.16702819956616,44.83297180043384
FR,2023-02-28,1149,12441,1311.1881681536856,4.264680527307995,1175.0,1170.3,1179.0,1149,1283,72.96581449727206,0.0,71.98,71.98,71.98,545,5932,5736,50.83990401097017,49.16009598902982
FR,2023-03-01,1099,11359,1336.5813011708772,18.38647423960286,1583.0,1562.0,1611.0,1099,1209,72.33313482216712,0.0,0.0,0.0,0.0,606,5740,5099,52.95691484454286,47.04308515545714
FR,2023-03-02,1166,11884,1317.388421406934,159.90402584022814,1574.5,1558.6,1587.0,1166,1354,72.77660265878869,16.972685900194666,62.45,46.242,79.498,618,5723,5539,50.816906410939445,49.183093589060555
FR,2023-03-03,1120,11377,1286.4565351147078,8.5,876.5,867.4,885.6,1120,1291,72.63678543764533,0.0,53.19,53.19,53.19,566,5617,5223,51.81734317343173,48.18265682656826
FR,2023-03-04,1070,10855,1311.871487793642,150.8284529597192,877.0,866.0,1179.3,1070,1004,71.32576693227077,0.0,0.0,0.0,0.0,512,5146,5146,50.0,50.0
FR,2023-03-05,1082,11265,1265.1012871726557,136.81977196297325,1175.0,880.2,1183.0,1082,1438,73.19147426981922,7.407497703153355,71.76,60.48,74.032,590,5421,5195,51.06443104747551,48.93556895252449
FR,2023-03-06,1130,10396,1274.6532320123104,6.858571279792898,877.5,872.1,883.7,1130,1300,72.79890769230772,0.0,0.0,0.0,0.0,595,5057,4628,52.214765100671144,47.78523489932886
FR,2023-03-07,1150,11287,1255.2837777974669,15.880412463157246,528.0,513.6,547.3,1150,1479,72.38171737660579,0.0,72.25,72.25,72.25,580,5493,5096,51.87458683539522,48.12541316460478
FR,2023-03-08,1103,9630,1305.5581516095565,105.88266566765728,893.0,885.5,1041.0,1103,1324,73.22516616314198,0.0,81.99,81.99,81.99,573,4772,4199,53.19362389923086,46.80637610076914
FR,2023-03-09,1125,9202,1302.1345359704387,3.559026084010437,898.0,897.2,903.6,1125,1308,72.72973241590215,0.0,0.0,0.0,0.0,615,4405,4218,51.084309405079445,48.91569059492056
FR,2023-03-10,1141,11022,1280.1197604790416,0.0,466.0,466.0,466.0,1141,1173,72.12185848252338,0.0,0.0,0.0,0.0,608,5461,4940,52.504566868570336,47.49543313142967
FR,2023-03-11,1046,10990,1305.9596906278446,18.46101497003909,1623.0,1593.4,1639.0,1046,1191,72.64045340050372,0.0,0.0,0.0,0.0,523,5172,5131,50.198971173444626,49.801028826555374
FR,2023-03-12,1151,11991,1259.4736052039018,13.008827458181411,1650.0,1630.1,1660.4,1151,1238,72.28547657512115,0.0,0.0,0.0,0.0,528,5744,5605,50.61238875671865,49.38761124328135
FR,2023-03-13,1107,10781,1259.534180502738,5.0039984012787215,1602.0,1595.8,1607.0,1107,1078,73.12928571428588,0.0,0.0,0.0,0.0,556,5296,4956,51.658213031603594,48.34178696839641
FR,2023-03-14,1155,9925,1289.74176322418,88.81441324469807,890.5,869.7,983.9000000000002,1155,1233,71.4632278994323,1.9349999999999952,66.055,64.507,67.603,570,4734,4743,49.952516619183285,50.047483380816715
FR,2023-03-15,1136,11230,1343.5427426536062,4.825894341813454,884.0,882.0,891.0,1136,1365,72.56686446886447,13.475000000000001,75.42500000000001,64.64500000000001,86.20500000000001,561,5271,5313,49.801587301587304,50.198412698412696
FR,2023-03-16,1156,10268,1329.3211920529784,13.82396617531765,898.0,878.4,909.6,1156,1212,73.621897689769,0.0,0.0,0.0,0.0,555,5163,4463,53.63598587159776,46.36401412840224
FR,2023-03-17,1153,10917,1304.3172116881906,5.986379097073418,923.0,915.0,927.2,1153,1252,73.75431309904154,0.0,0.0,0.0,0.0,544,5225,5021,50.99551044309975,49.00448955690025
FR,2023-03-18,1057,9391,1292.843467149398,20.360637405433938,410.5,392.0,437.5,1057,1331,72.6997595792637,12.784999999999997,70.675,60.447,80.90299999999999,522,4812,4023,54.46519524617997,45.53480475382003
FR,2023-03-19,1091,10790,1331.5551436515275,4.750939756661683,913.0,907.0,917.8,1091,1335,73.96361797752805,0.0,0.0,0.0,0.0,532,5165,4910,51.265508684863526,48.734491315136474
FR,2023-03-20,1129,9815,1287.8872134488006,7.812809993849843,889.0,883.8,900.8,1129,866,74.02230946882221,0.0,0.0,0.0,0.0,451,4684,4487,51.07403772761967,48.92596227238033
FR,2023-03-21,1107,10564,1273.776410450585,8.9249078000142,896.0,882.2,904.4,1107,1226,72.88123980424149,0.0,66.93,66.93,66.93,632,5161,4693,52.37467018469657,47.62532981530343
FR,2023-03-22,1091,10755,1292.127289632731,0.0,1629.0,1629.0,1629.0,1091,1474,72.07185888738125,0.0,0.0,0.0,0.0,616,5291,4883,52.00511106742678,47.994888932573225
FR,2023-03-23,1116,11295,1271.766622399291,10.215388718334054,859.0,850.0,874.1,1116,1248,72.24701121794874,0.0,61.66,61.66,61.66,513,5464,5224,51.122754491017965,48.877245508982035
FR,2023-03-24,1112,10642,1371.6121029881576,11.609191760554795,851.0,838.0,867.0,1112,1086,72.72998158379373,0.0,57.94,57.94,57.94,570,5291,4727,52.81493312038331,47.18506687961669
FR,2023-03-25,1056,8990,1310.8914349276995,71.22385394123386,870.0,856.8,880.8,1056,1066,74.22964352720446,0.0,42.77,42.77,42.77,522,4232,4187,50.26725264283169,49.732747357168314
FR,2023-03-26,1062,9534,1306.5035661841814,7.336087637029824,862.0,850.0,871.0,1062,1203,73.11098088113056,0.0,0.0,0.0,0.0,550,4364,4575,48.819778498713504,51.180221501286496
FR,2023-03-27,1079,9819,1338.3659232101043,14.530067905757898,1175.0,1151.2,1189.0,1079,1192,73.93057046979864,11.577581094511926,78.61,65.99799999999999,91.28999999999999,535,4909,4384,52.82470676853546,47.17529323146454
FR,2023-03-28,1095,10560,1307.439015151511,15.783342653742388,1122.0,1104.0,1147.0,1095,1456,73.84419642857142,5.981027002112599,74.45,69.28,84.22,536,5150,4786,51.8317230273752,48.168276972624795
FR,2023-03-29,1089,11534,1317.106121033467,130.38509367662098,1122.0,859.8,1153.0,1089,1338,73.52331091180868,11.00575424249883,71.41,59.15,85.48,565,5724,5102,52.872713837058924,47.12728616294107
FR,2023-03-30,1113,10399,1280.5868833541695,474.38954457281204,1126.0,983.0,1792.8000000000002,1113,1201,74.7717318900916,0.0,83.73,83.73,83.73,514,5048,4828,51.11381125961928,48.88618874038072
FR,2023-03-31,1110,10651,1221.2773448502471,29.69100125552447,902.0,894.8,948.4,1110,1226,71.05679445350734,0.0,0.0,0.0,0.0,617,5209,4817,51.95491721524037,48.04508278475962
FR,2023-04-01,1116,10647,1261.6071193763494,80.38151217786339,1127.0,1042.5,1135.1,1116,1273,72.74773762765128,7.669999999999998,66.17999999999999,60.044,72.31599999999999,582,5222,4786,52.17825739408474,47.82174260591527
FR,2023-04-02,1090,11217,1291.9343853080145,11.592190858025454,1132.5,1117.4,1147.1,1090,1262,74.17124405705229,11.138326445207108,63.91499999999999,54.775,84.543,515,5379,5259,50.564015792442184,49.43598420755781
FR,2023-04-03,1110,10951,1262.6656013149482,136.49320518519738,916.0,877.7,1174.4,1110,1149,72.8597911227154,19.84328825796997,87.95,57.326,93.39,558,5270,5056,51.036219252372646,48.963780747627354
FR,2023-04-04,1085,9293,1313.2530937264603,109.9127668950728,935.0,924.8,1174.0,1085,1026,73.75697855750482,0.0,0.0,0.0,0.0,438,4532,4268,51.5,48.5
FR,2023-04-05,1050,9829,1286.6745345406437,105.47151274159293,944.5,935.2,1171.7,1050,1084,71.74031365313652,0.0,70.76,70.76,70.76,570,4860,4444,52.23559759243336,47.764402407566635
FR,2023-04-06,1078,8891,1229.919131706218,85.80873433916206,1162.5,960.7,1174.1,1078,1132,72.56069787985865,11.651884997716033,58.99,55.002,80.366,500,4415,3976,52.61589798593731,47.384102014062684
FR,2023-04-07,1056,9381,1269.1971005223318,6.531972647421808,471.0,464.6,477.4,1056,1174,72.77839011925035,0.0,0.0,0.0,0.0,564,4682,4150,53.011775362318836,46.98822463768116
FR,2023-04-08,1037,9350,1294.1680213903721,186.84128737157283,965.5,754.5,1070.0,1037,1049,72.81531935176372,0.0,0.0,0.0,0.0,525,4696,4152,53.0741410488246,46.92585895117541
FR,2023-04-09,1026,9387,1272.5243421753478,11.335934075343955,1132.0,1124.0,1147.0,1026,1287,73.04432012432001,0.9499999999999993,61.349999999999994,60.589999999999996,62.11,552,4724,4214,52.85298724546878,47.14701275453122
FR,2023-04-10,1111,10505,1251.367444074249,52.23775018488735,1140.0,1064.0,1163.5,1111,1401,72.27406138472519,9.431766801612516,76.39500000000001,60.629000000000005,82.66199999999999,570,5304,4679,53.13032154662927,46.869678453370724
FR,2023-04-11,1145,9635,1236.7389724961076,116.8737447942104,1106.0,951.0,1207.5,1145,1024,72.47545898437511,0.0,68.37,68.37,68.37,555,5031,4130,54.91758541643925,45.08241458356075
FR,2023-04-12,1151,11640,1297.0679553264586,12.86480508505835,1588.0,1579.0,1610.2,1151,1314,72.78624048706234,8.585,65.36500000000001,58.497,72.233,591,5404,5486,49.62350780532599,50.376492194674015
FR,2023-04-13,1154,9734,1281.571912882681,6.420453428086074,1228.5,1219.5,1234.0,1154,1050,73.26176190476194,2.1468788714990135,73.45,70.21000000000001,74.154,536,4832,4280,53.02897278314311,46.97102721685689
FR,2023-04-14,1139,11893,1276.0455730261483,145.3481983563336,1237.0,952.6,1254.0,1139,1274,72.84778649921505,0.0,79.15,79.15,79.15,572,5991,5368,52.74231886609737,47.257681133902636
FR,2023-04-15,1093,10720,1289.3445895522398,132.28717320198368,1242.0,965.4,1256.4,1093,1325,73.22439245283017,10.691379705164346,72.81,55.009,79.30600000000001,514,5266,4986,51.365587202497075,48.634412797502925
FR,2023-04-16,1044,11055,1280.815287200361,7.259054866235715,1255.0,1245.2,1263.0,1044,1227,72.74502852485746,7.105033145594749,69.22,66.172,81.736,539,5602,4719,54.2776862707102,45.7223137292898
FR,2023-04-17,1093,11304,1268.0482130219382,6.309164410249233,1247.5,1239.5,1253.5,1093,1282,72.54877535101402,3.575000000000003,68.675,65.815,71.535,512,5380,5338,50.19593207688001,49.80406792311998
FR,2023-04-18,1181,10532,1242.7971895176595,4.5,1257.5,1253.9,1261.1,1181,1223,72.35762060506966,10.829999999999998,69.05,60.385999999999996,77.714,572,5033,4864,50.853794079013845,49.146205920986155
FR,2023-04-19,1107,9716,1303.0278921366812,5.230678732248808,1251.0,1244.8,1256.2,1107,1322,73.78086232980347,0.0,0.0,0.0,0.0,555,4543,4660,49.364337715962186,50.63566228403782
FR,2023-04-20,1048,9651,1256.9014609884987,83.3452584060151,1231.0,1140.4,1240.2,1048,1318,72.90837632776933,8.759366187116509,77.07,69.30199999999999,87.978,506,4508,4591,49.543905923727884,50.456094076272116
FR,2023-04-21,1107,9508,1223.037021455616,3.858612300930075,959.0,957.4,964.6,1107,1236,74.45520226537218,0.0,0.0,0.0,0.0,557,4698,4330,52.03810367744794,47.961896322552064
FR,2023-04-22,1097,10281,1302.5391498881431,74.12742641060991,1170.0,979.6,1189.6,1097,1551,74.63737588652477,7.013302984329138,66.83500000000001,60.62,74.793,590,5012,4647,51.889429547572206,48.11057045242779
FR,2023-04-23,1137,9430,1260.5314952279964,7.903741886123884,1182.0,1173.8,1192.2,1137,1433,73.97516399162605,2.4271832955094266,82.62,79.871,84.718,588,4499,4446,50.29625489100056,49.70374510899944
FR,2023-04-24,1097,10490,1316.981887511918,7.806839665455554,1644.0,1633.0,1653.8,1097,1186,73.23899662731871,0.0,0.0,0.0,0.0,543,5142,4778,51.83467741935483,48.16532258064516
FR,2023-04-25,1134,11369,1369.611487377958,3.7712361663282534,1166.0,1166.0,1172.4,1134,1579,74.62699810006349,0.0,47.22,47.22,47.22,567,5621,5160,52.13802059178184,47.86197940821816
FR,2023-04-26,1101,10169,1262.3754548136503,4.0,1178.0,1174.8,1181.2,1101,1284,72.02647975077886,0.0,0.0,0.0,0.0,554,4973,4653,51.66216496987326,48.33783503012674
FR,2023-04-27,1091,10902,1297.448449825719,3.559026084010437,1188.0,1182.4,1188.8,1091,1392,73.75170258620687,4.560000000000002,76.48,72.83200000000001,80.128,603,5321,5084,51.138875540605476,48.861124459394524
FR,2023-04-28,1082,11270,1298.7705412599837,0.0,511.0,511.0,511.0,1082,1331,72.97301277235161,0.0,64.29,64.29,64.29,537,5356,5369,49.93939393939394,50.06060606060606
FR,2023-04-29,1038,10229,1337.6384788346872,9.357350052231668,1601.5,1589.2,1608.8,1038,1271,73.06804091266726,0.0,0.0,0.0,0.0,503,5156,4462,53.607818673320864,46.39218132667914
FR,2023-04-30,946,9523,1308.576499002413,333.563174798467,1589.5,1253.2000000000005,1599.6,946,1198,73.83487479131885,16.427439506812984,55.510000000000005,50.58,81.37700000000001,471,4635,4482,50.8390918065153,49.1609081934847
FR,2023-05-01,1088,12049,1284.3559631504716,0.0,1190.0,1190.0,1190.0,1088,1402,74.16123395149792,0.0,94.46,94.46,94.46,616,5657,5594,50.27997511332326,49.72002488667674
FR,2023-05-02,984,10173,1251.8455716111284,4.437059837324712,528.5,522.8,532.1,984,1026,72.7608869395712,2.1099999999999994,80.74,79.05199999999999,82.428,497,5009,4626,51.98754540736896,48.01245459263103
FR,2023-05-03,1054,10988,1258.243265380416,5.0,1187.0,1183.0,1191.0,1054,1264,72.5484018987341,0.0,0.0,0.0,0.0,575,5581,4846,53.5245036923372,46.4754963076628
FR,2023-05-04,1083,11196,1246.2568774562349,4.5,984.5,980.9,988.1,1083,1241,73.45062046736504,0.0,0.0,0.0,0.0,528,5596,5008,52.772538664654846,47.22746133534515
FR,2023-05-05,1149,10687,1280.759053055113,83.49706581670999,1184.0,1057.0,1195.4,1149,1207,73.7007705053853,0.0,60.8,60.8,60.8,579,4967,5163,49.03257650542942,50.96742349457058
FR,2023-05-06,981,9331,1234.8299217661574,3.7416573867739413,1167.0,1162.2,1169.4,981,1398,73.96664520743917,0.0,78.91,78.91,78.91,542,4622,4258,52.049549549549546,47.95045045045045
FR,2023-05-07,1064,9467,1269.927432132671,488.9624166517905,593.0,581.4,1576.0,1064,1429,74.98135759272215,5.433380367894578,77.58,68.428,77.716,537,4562,4260,51.71163001586942,48.28836998413058
FR,2023-05-08,1147,10801,1340.9640774002416,0.0,1177.0,1177.0,1177.0,1147,1267,73.68335438042622,0.0,0.0,0.0,0.0,573,5375,4820,52.721922511034826,47.27807748896518
FR,2023-05-09,1140,9565,1299.5671719811833,4.242640687119285,1185.0,1177.8,1185.0,1140,1290,74.42446511627911,0.0,69.39,69.39,69.39,617,4608,4340,51.497541350022345,48.50245864997765
FR,2023-05-10,1088,10350,1338.0942028985512,200.8259399872067,648.0,616.8,686.8,1088,1178,73.43022071307297,0.0,65.09,65.09,65.09,498,5173,4573,53.07818592242971,46.92181407757028
FR,2023-05-11,1099,9072,1304.122023809524,5.7566386797235145,698.5,690.5,702.5,1099,1283,72.35831644582997,16.875,52.215,38.715,65.715,604,4156,4366,48.767894860361416,51.232105139638584
FR,2023-05-12,1033,7951,1266.6945038359959,96.13198934277808,1195.5,977.6,1205.3,1033,1070,74.96686915887851,12.507007036057827,76.39500000000001,66.656,92.82600000000001,484,4140,3299,55.65264148407044,44.34735851592956
FR,2023-05-13,1063,8269,1246.9725480711083,101.67694723977505,991.0,868.0,1015.2,1063,1069,74.54289055191774,9.776648198641496,69.4,63.967,83.849,484,4189,3632,53.56092571282445,46.43907428717555
FR,2023-05-14,1007,8517,1237.3475402136903,0.0,710.0,710.0,710.0,1007,1454,72.79596286107284,0.0,72.28,72.28,72.28,527,4254,3773,52.9961380341348,47.003861965865205
FR,2023-05-15,1080,10599,1168.8243230493465,4.5,706.5,702.9,710.1,1080,1162,73.64375215146309,0.0150000000000005,64.475,64.463,64.487,548,5149,4902,51.22873345935728,48.77126654064272
FR,2023-05-16,1122,11074,1317.600595990611,356.9568426294697,709.0,705.3,1286.0000000000002,1122,1208,75.05197847682119,0.0,0.0,0.0,0.0,483,5581,4845,53.529637444849406,46.47036255515059
FR,2023-05-17,1081,8351,1275.4953897736787,0.0,971.0,971.0,971.0,1081,1413,75.05257607926391,0.0,0.0,0.0,0.0,544,4207,3788,52.620387742338956,47.37961225766104
FR,2023-05-18,1062,9475,1321.6429551451188,297.9118649700626,698.0,684.4,1354.0000000000005,1062,1292,74.15636996904023,13.835607042057177,58.81,58.322,82.042,510,4330,4662,48.153914590747334,51.84608540925267
FR,2023-05-19,1035,8793,1260.656658705787,436.8061812749449,1514.5,671.7,1545.8,1035,1337,71.87863126402391,0.0,61.63,61.63,61.63,550,4278,4122,50.92857142857142,49.07142857142857
FR,2023-05-20,1081,9161,1283.3555288723956,219.0717429780221,1544.0,1529.4,1560.0,1081,1289,72.32641582622192,0.0,77.08,77.08,77.08,599,4550,4089,52.668132885750666,47.331867114249334
FR,2023-05-21,1015,11007,1252.0271645316618,405.4488631285639,1515.5,668.1,1524.2,1015,1416,74.00465395480232,6.150000000000002,67.3,62.38,72.22,586,5496,4943,52.648721141871825,47.35127885812817
FR,2023-05-22,1041,9196,1259.6539799913005,334.24338437731274,1502.0,997.8,1507.8,1041,1228,72.64670195439739,0.0,60.01,60.01,60.01,543,4585,4127,52.62855831037649,47.37144168962351
FR,2023-05-23,1060,10838,1281.1599003506174,19.339327806312195,1497.0,1463.4,1512.6,1060,1133,71.855789938217,0.0,55.19,55.19,55.19,502,5331,4916,52.02498292183078,47.975017078169216
FR,2023-05-24,1104,10222,1273.8152025044033,4.14996653266291,1531.0,1527.0,1536.0,1104,1342,75.39140089418777,0.0,92.18,92.18,92.18,560,4882,4817,50.33508609134962,49.66491390865038
FR,2023-05-25,1049,10018,1278.3118386903564,15.44501461489414,1545.0,1532.6,1571.4,1049,1161,71.68409991386737,10.715,69.895,61.323,78.467,541,5108,4449,53.447734644763,46.552265355237
FR,2023-05-26,1076,9889,1298.9986854080307,15.041525853449842,1581.5,1554.9,1594.1,1076,1334,73.16418290854565,2.9250000000000043,73.055,70.715,75.39500000000001,586,4869,4547,51.709855564995756,48.29014443500425
FR,2023-05-27,990,10317,1289.6987496365225,358.7984767787839,1528.0,658.6,1537.1,990,1205,72.85577593360992,0.0,87.21,87.21,87.21,489,4995,4725,51.388888888888886,48.61111111111111
FR,2023-05-28,961,9696,1274.0347566006617,6.599663291074443,1531.0,1526.2,1539.0,961,1264,72.49723892405078,0.0,0.0,0.0,0.0,493,4577,4594,49.9073165412714,50.0926834587286
FR,2023-05-29,1053,11278,1301.2909203759516,16.849915411630672,1511.0,1496.0,1542.8,1053,1514,71.93046235138705,2.9150000000000027,52.645,50.313,54.977,597,5542,5148,51.84284377923293,48.15715622076707
FR,2023-05-30,975,8422,1293.0261220612679,0.0,1199.0,1199.0,1199.0,975,1264,73.6261471518987,0.0,0.0,0.0,0.0,517,3938,4076,49.13900673820814,50.86099326179186
FR,2023-05-31,1006,9440,1218.9930084745752,8.270922757788645,1217.0,1209.2,1228.2,1006,1325,73.56353962264163,0.0,65.35,65.35,65.35,523,4934,4055,54.88930915563467,45.11069084436534
FR,2023-06-01,1042,8258,1286.9508355534015,8.2915619758885,1228.0,1219.8,1237.6,1042,1288,73.16229037267088,2.210359447892781,79.31,76.27000000000001,80.462,558,3939,3837,50.65586419753087,49.34413580246913
FR,2023-06-02,1063,8999,1209.247360817868,47.20081213990567,583.0,550.0,659.5,1063,1492,73.13788873994639,9.64937418811304,78.87,63.39,80.534,583,4392,4104,51.69491525423729,48.30508474576271
FR,2023-06-03,1005,9069,1304.769875399712,4.0,1228.0,1224.8,1231.2,1005,1136,74.0755721830985,0.0,77.19,77.19,77.19,471,4433,4015,52.473958333333336,47.52604166666667
FR,2023-06-04,961,9295,1234.6082840236688,419.8912805715308,1565.0,887.8000000000001,1570.9,961,1337,72.35737471952126,0.0,72.75,72.75,72.75,524,4608,4203,52.29826353421859,47.70173646578141
FR,2023-06-05,998,9256,1308.8236819360416,0.0,520.0,520.0,520.0,998,1333,73.35767441860467,0.0,0.0,0.0,0.0,505,4503,4247,51.462857142857146,48.537142857142854
FR,2023-06-06,1028,9666,1300.0222429133019,9.09065454189081,1212.0,1206.2,1226.2,1028,1444,74.34883656509699,0.0,0.0,0.0,0.0,587,4637,4533,50.56706652126499,49.432933478735
FR,2023-06-07,1039,9022,1329.4394812680116,1.707825127659933,663.5,661.5,665.5,1039,1081,73.7590101757632,0.0,0.0,0.0,0.0,545,4641,3875,54.497416627524665,45.50258337247534
FR,2023-06-08,995,8874,1353.3828036961925,10.207227831296802,1217.0,1207.1,1229.0,995,1053,71.45999050332388,0.0,0.0,0.0,0.0,476,4322,4128,51.14792899408284,48.85207100591716
FR,2023-06-09,1064,9789,1261.704362039021,441.81993075355103,676.0,662.6,1559.0,1064,1253,72.17533120510765,10.87282340925709,67.38,64.316,84.108,497,4659,4628,50.16689996769678,49.83310003230322
FR,2023-06-10,1042,9321,1235.7890784250626,442.40968946592176,1531.5,652.7,1566.7,1042,1175,73.92742978723413,4.739999999999995,71.72,67.928,75.512,499,4689,4240,52.514279314592905,47.4857206854071
FR,2023-06-11,1073,10555,1276.844244433915,9.512612465477996,1254.0,1242.2,1264.4,1073,1472,73.67848505434777,15.43992066041792,74.555,57.467999999999996,90.284,547,5053,5049,50.01979805979014,49.98020194020986
FR,2023-06-12,1132,10680,1300.2975655430705,2.981423969999719,1277.0,1272.5,1279.5,1132,1324,72.51646525679763,2.0,80.62,79.02000000000001,82.22,618,5148,4862,51.42857142857142,48.57142857142857
FR,2023-06-13,1069,9377,1268.508691479151,6.169774363984419,1279.0,1271.0,1287.0,1069,1156,73.13619377162634,0.0,77.43,77.43,77.43,610,4488,4440,50.26881720430107,49.73118279569893
FR,2023-06-14,1087,11006,1300.0913138288215,177.64735667420817,1131.0,946.5,1311.0,1087,1283,73.33945440374131,14.446565984689926,90.275,69.363,97.32000000000001,489,5409,5089,51.52409982853877,48.47590017146123
FR,2023-06-15,1092,10936,1315.4167885881504,0.0,667.0,667.0,667.0,1092,1282,72.74159906396261,0.0,77.19,77.19,77.19,632,5312,5039,51.31871316780987,48.68128683219013
FR,2023-06-16,1007,10149,1299.0660163562911,8.514693182963201,669.5,661.1,679.3,1007,1351,73.61858623242048,0.0,74.23,74.23,74.23,579,4949,4764,50.952331926284366,49.04766807371564
FR,2023-06-17,1000,10105,1365.1889163780295,423.3338582673911,683.0,676.6,1398.2,1000,1314,73.78376712328765,0.8299999999999983,73.12,72.456,73.784,516,5072,4534,52.80033312513013,47.19966687486987
FR,2023-06-18,1061,9721,1294.4300997839741,29.565271234302834,980.0,962.6,989.8,1061,1548,74.133410852713,7.513122778771082,80.69,75.50999999999999,92.625,546,4675,4621,50.290447504302925,49.709552495697075
FR,2023-06-19,1077,11387,1298.9286906121008,25.0,1008.0,988.0,1028.0,1077,1531,72.7535989549313,0.0,93.53,93.53,93.53,631,5641,5116,52.44027145114809,47.55972854885191
FR,2023-06-20,1063,10867,1272.7243029354918,180.0,1602.0,1332.0,1602.0,1063,1259,71.6276250992851,0.0,58.92,58.92,58.92,509,5184,5206,49.89412897016362,50.10587102983638
FR,2023-06-21,1103,10243,1312.3868007419692,88.78182819559123,1326.0,1312.8,1333.4,1103,1195,72.5680669456067,0.0,79.49,79.49,79.49,532,4823,4934,49.431177616070514,50.56882238392949
FR,2023-06-22,1076,9376,1272.46864334471,4.0,1545.0,1541.8,1548.2,1076,1294,70.89988408037087,0.0,0.0,0.0,0.0,582,4446,4464,49.898989898989896,50.101010101010104
FR,2023-06-23,1021,9203,1317.2939258937342,387.60932348734985,713.0,704.8,1532.0,1021,1167,71.2185518423307,3.5216792869311626,58.085,55.979,63.047,477,4378,4368,50.057168991538994,49.942831008461006
FR,2023-06-24,954,8947,1270.056555269921,3.771236166328253,1530.0,1523.6,1530.0,954,1111,71.09862286228618,0.0,0.0,0.0,0.0,489,4456,4060,52.32503522780648,47.67496477219352
FR,2023-06-25,1016,9605,1253.4925559604385,297.4099396057713,1547.0,720.4,1556.0,1016,1447,73.01836212854188,4.312418759299189,84.73,81.098,89.522,585,4756,4371,52.10912676673606,47.89087323326394
FR,2023-06-26,976,8955,1300.7277498604135,0.0,1033.0,1033.0,1033.0,976,1096,71.61104014598547,0.0,0.0,0.0,0.0,539,4417,4127,51.69709737827716,48.30290262172285
FR,2023-06-27,1021,8530,1299.0384525205156,477.04192687855016,1070.0,587.8,1546.6,1021,977,72.01365404298889,0.0,42.46,42.46,42.46,507,4130,4009,50.7433345619855,49.256665438014494
FR,2023-06-28,1019,11094,1318.2165134306833,8.576453553512405,989.5,981.5,1000.0,1019,1282,71.20322932917307,0.0,67.15,67.15,67.15,591,5381,5136,51.16478083103546,48.835219168964535
FR,2023-06-29,1053,10429,1253.9750695176897,20.99190320099633,949.5,924.0,981.1,1053,1287,70.50576534576534,8.576793908565135,67.965,61.788,81.05199999999999,530,4892,5002,49.44410753992319,50.55589246007681
FR,2023-06-30,1045,10209,1292.0707219120368,0.0,936.0,936.0,936.0,1045,1383,73.90987707881418,0.0,0.0,0.0,0.0,524,5096,4535,52.912470148478874,47.08752985152113
FR,2023-07-01,1052,9637,1365.6159593234413,208.43054204872604,1533.0,1523.8,1543.0,1052,1165,74.07760515021455,0.0,86.62,86.62,86.62,567,4666,4451,51.179115937260065,48.820884062739935
FR,2023-07-02,1023,9970,1302.6662988966898,26.635080251427816,974.0,928.2,994.1,1023,1219,71.98615258408539,0.0,0.0,0.0,0.0,539,4488,4889,47.861789484909885,52.13821051509011
FR,2023-07-03,1169,11419,1305.8505998773958,282.7122819670203,738.0,611.7,1014.7999999999998,1169,1461,71.6746611909651,0.0,77.9,77.9,77.9,589,5537,5241,51.37316756355539,48.62683243644461
FR,2023-07-04,1050,10469,1312.5735982424292,145.5,1178.5,1062.1,1294.9,1050,1441,73.20761970853573,6.020000000000003,81.72999999999999,76.91399999999999,86.546,570,5186,4684,52.54305977710233,47.45694022289767
FR,2023-07-05,1083,11096,1284.9007750540745,108.83124551340943,1300.0,1139.4,1310.8,1083,1194,74.98773031825799,0.0,88.2,88.2,88.2,523,5356,5188,50.79666160849773,49.20333839150228
FR,2023-07-06,1132,10759,1344.6177154010604,231.01794062126189,589.0,578.6,606.0,1132,1312,74.27952743902442,0.0,56.63,56.63,56.63,536,4992,5126,49.33781379719312,50.66218620280688
FR,2023-07-07,1055,10749,1353.4705554005036,23.434437042655258,955.0,924.0,984.0,1055,1411,74.0429128277817,0.0,89.83,89.83,89.83,568,5291,4902,51.90817227509075,48.09182772490925
FR,2023-07-08,950,8847,1371.7931502204128,0.0,1307.0,1307.0,1307.0,950,1336,74.93147455089817,0.0,0.0,0.0,0.0,487,4503,3915,53.49251603706343,46.50748396293656
FR,2023-07-09,1003,8851,1320.6253530674514,7.842193570679061,1323.5,1315.8,1332.6,1003,1364,74.29274193548385,3.004400476338371,85.25,80.674,86.17,551,4392,4014,52.24839400428265,47.75160599571734
FR,2023-07-10,1028,10256,1284.6140795631834,153.45304407112255,1321.0,998.2,1330.8,1028,1340,75.00160447761196,0.2049999999999983,70.855,70.691,71.019,551,5161,4471,53.58181063122923,46.41818936877076
FR,2023-07-11,1090,9361,1309.0784104262352,313.3906756040383,626.0,617.0,1186.7999999999995,1090,1198,72.6232804674457,0.0,68.92,68.92,68.92,559,4433,4444,49.93804213135068,50.06195786864932
FR,2023-07-12,1007,10080,1243.2415674603176,3.39934634239519,1307.0,1305.4,1311.8,1007,1221,72.66533169533184,0.0,0.0,0.0,0.0,470,4843,4648,51.02728901064167,48.97271098935833
FR,2023-07-13,1003,8862,1294.2932746558342,3.0,940.0,937.6,942.4,1003,1113,72.34203953279425,0.0,0.0,0.0,0.0,506,4147,4183,49.78391356542617,50.216086434573825
FR,2023-07-14,1011,9784,1274.8455641864261,4.922540498429412,1298.0,1293.0,1307.0,1011,1319,72.39962092494324,6.948443470782982,82.5,75.74,89.356,520,4764,4510,51.3694198835454,48.6305801164546
FR,2023-07-15,924,9439,1269.2817035702951,0.0,1300.0,1300.0,1300.0,924,1010,72.10434653465339,0.0,84.94,84.94,84.94,428,4502,4456,50.25675373967403,49.74324626032596
FR,2023-07-16,982,9874,1241.7452906623441,5.315072906367325,1291.5,1286.1,1296.9,982,1227,71.01814995925037,4.367885326130051,75.54,68.18,75.644,479,4952,4358,53.19011815252417,46.80988184747583
FR,2023-07-17,1034,9775,1254.0118670076733,95.55699288324685,1287.5,1155.5,1295.5,1034,1190,72.33752100840339,0.0,67.03,67.03,67.03,521,4648,4595,50.286703451260415,49.713296548739585
FR,2023-07-18,1008,10124,1213.5828723824563,4.0276819911981905,1287.0,1280.6,1287.8,1008,1089,73.44366391184575,0.0,0.0,0.0,0.0,546,4747,4795,49.748480402431355,50.25151959756864
FR,2023-07-19,1019,9822,1281.442883323154,11.643893116719179,930.0,925.6,951.2,1019,1057,74.3793282876064,0.0,0.0,0.0,0.0,459,4656,4524,50.71895424836601,49.28104575163399
FR,2023-07-20,979,8304,1239.713391136802,5.0,934.0,930.0,938.0,979,1235,72.50732793522263,0.0,0.0,0.0,0.0,460,4147,3714,52.75410253148455,47.24589746851546
FR,2023-07-21,990,8287,1250.1839024978883,0.0,920.0,920.0,920.0,990,1166,73.61915094339619,0.0,0.0,0.0,0.0,412,3802,4009,48.67494558955319,51.3250544104468
FR,2023-07-22,876,8411,1313.6284627273835,22.432779405074506,1544.0,1502.7,1559.4,876,1538,73.74161898569555,0.0,70.09,70.09,70.09,499,3995,4008,49.9187804573285,50.0812195426715
FR,2023-07-23,944,9745,1232.471523858391,14.75410430185445,1268.0,1252.5,1292.0,944,1683,73.34692216280447,7.272661136062921,72.89,64.334,80.476,475,4722,4514,51.12602858380251,48.873971416197485
FR,2023-07-24,1063,9798,1249.7639314145758,126.42356056790469,1268.5,1095.5,1273.5,1063,1287,73.95426573426563,0.5350000000000037,66.86500000000001,66.437,67.293,507,4916,4484,52.297872340425535,47.702127659574465
FR,2023-07-25,974,8780,1245.9273348519366,5.0,914.0,910.0,918.0,974,1222,72.51157119476261,0.0,0.0,0.0,0.0,468,4319,4070,51.484086303492674,48.515913696507326
FR,2023-07-26,973,8495,1266.2157739846953,7.363574011458175,907.0,900.6,915.0,973,1240,73.80270967741929,0.0,0.0,0.0,0.0,458,4237,3779,52.85678642714571,47.14321357285429
FR,2023-07-27,924,8951,1258.7172382973977,5.676462121975468,889.5,885.0,897.5,924,1294,73.15982998454406,0.0,0.0,0.0,0.0,490,4350,4114,51.39413988657845,48.60586011342155
FR,2023-07-28,998,9517,1324.9022801302917,167.0349888496419,895.0,890.3,1165.0,998,1357,72.4798673544583,0.0,0.0,0.0,0.0,499,4599,4515,50.46082949308756,49.53917050691244
FR,2023-07-29,924,8550,1281.5304093567265,11.892854997854805,1255.0,1241.0,1267.8,924,1361,71.06279941219695,0.0,0.0,0.0,0.0,441,4313,3879,52.64892578125,47.35107421875
FR,2023-07-30,946,9872,1291.7596231766613,359.7858458142907,1557.0,678.0,1582.0,946,1479,73.47801893171068,6.831555866386188,73.32,72.584,84.52799999999999,509,4962,4289,53.63744460058372,46.36255539941628
FR,2023-07-31,1039,10595,1320.093440302031,122.67207302397722,1252.0,1136.1,1259.6,1039,1411,71.92754783841252,0.0,84.37,84.37,84.37,535,5309,4693,53.079384123175366,46.920615876824634
FR,2023-08-01,1051,9812,1267.7609050142682,186.30536760920228,1048.0,859.0,1245.8,1051,1416,71.95547316384186,3.3999999999999986,74.72999999999999,72.00999999999999,77.45,573,4644,4769,49.33602464676511,50.66397535323489
FR,2023-08-02,1035,11733,1259.0554845308116,74.8705193731272,883.5,855.6,925.5,1035,1500,72.20740000000002,4.571632336728557,71.17,66.066,74.994,550,5753,5364,51.749572726454986,48.25042727354502
FR,2023-08-03,987,9277,1275.3587366605561,193.19261827280576,862.0,843.2,1243.2,987,1465,72.84415017064849,0.0,0.0,0.0,0.0,489,4434,4463,49.83702371585928,50.162976284140726
FR,2023-08-04,1059,10885,1245.3762057877802,6.128258770283411,856.0,849.6,861.6,1059,1499,72.0611340893929,0.0,0.0,0.0,0.0,608,5258,5143,50.5528314585136,49.4471685414864
FR,2023-08-05,974,9710,1258.5593202883613,5.823801736552049,866.5,859.0,871.0,974,1440,73.39562500000011,0.0,0.0,0.0,0.0,494,4734,4466,51.45652173913044,48.54347826086956
FR,2023-08-06,943,9590,1233.0386861313857,6.144916598294887,1235.0,1225.8,1239.2,943,1345,73.28585130111536,0.0,0.0,0.0,0.0,514,4749,4446,51.64763458401305,48.352365415986945
FR,2023-08-07,985,8407,1314.6849054359454,4.5,867.5,863.9,871.1,985,1213,72.65155812036276,0.0,0.0,0.0,0.0,519,4107,3889,51.36318159079539,48.6368184092046
FR,2023-08-08,983,8413,1282.8484488291929,5.402545696243577,1228.5,1219.4,1231.8,983,1287,73.96686091686094,9.47184365486584,64.13,59.298,77.23400000000001,507,4034,3763,51.737847890214184,48.262152109785816
FR,2023-08-09,1020,8686,1305.549159567119,69.35055875766251,874.5,870.3,986.5,1020,1216,73.55484375,10.509999999999998,75.03999999999999,66.632,83.448,520,4136,4109,50.163735597331716,49.836264402668284
FR,2023-08-10,1001,8359,1310.6036607249644,441.0321885127522,827.0,673.2,1593.0,1001,1285,73.22080933852145,0.0,67.88,67.88,67.88,478,3979,3878,50.64273895889016,49.35726104110984
FR,2023-08-11,943,8886,1283.3158901643046,0.0,879.0,879.0,879.0,943,1191,72.55777497900917,0.0,76.73,76.73,76.73,471,4460,3933,53.13952102942928,46.86047897057071
FR,2023-08-12,942,8120,1265.3209359605896,4.0,883.0,879.8,886.2,942,1207,72.5358989229494,0.0,77.47,77.47,77.47,425,3848,3840,50.052029136316335,49.94797086368366
FR,2023-08-13,952,8477,1286.3564940427025,454.0185147418496,1569.0,686.0,1637.5,952,1463,72.77138072453869,0.254999999999999,56.815,56.611,57.019,552,4274,3845,52.64195097918463,47.35804902081537
FR,2023-08-14,1059,9831,1269.9236089919639,4.242640687119285,870.0,870.0,877.2,1059,1570,73.8157643312103,0.0,65.42,65.42,65.42,570,4871,4416,52.44966081619468,47.55033918380532
FR,2023-08-15,1058,10202,1295.8471868261142,0.0,861.0,861.0,861.0,1058,1825,72.97191232876702,0.0,0.0,0.0,0.0,602,5011,4671,51.755835571162976,48.24416442883702
FR,2023-08-16,1044,9120,1280.8611842105295,3.7712361663282534,869.0,869.0,875.4,1044,1632,73.34740196078447,0.0,65.11,65.11,65.11,567,4345,4274,50.41188072862282,49.58811927137719
FR,2023-08-17,1054,10464,1265.814029051989,0.0,862.0,862.0,862.0,1054,1602,71.74457553058674,0.0,60.29,60.29,60.29,616,5121,4777,51.73772479288745,48.26227520711255
FR,2023-08-18,1046,10310,1258.3060135790524,368.4285321922467,1598.0,820.5,1606.0,1046,1857,71.88697361335483,0.0,62.49,62.49,62.49,566,5128,4647,52.46035805626599,47.53964194373402
FR,2023-08-19,938,8687,1254.4802578565668,0.0,853.0,853.0,853.0,938,1398,71.28241058655227,0.0,0.0,0.0,0.0,463,4185,4103,50.49469111969111,49.50530888030888
FR,2023-08-20,958,9887,1282.2569030039438,4.0,857.0,853.8,860.2,958,1422,73.65136427566809,0.0,0.0,0.0,0.0,530,4807,4625,50.96480067854113,49.03519932145886
FR,2023-08-21,1063,9855,1238.9676306443416,9.862317482338975,1209.0,1196.8,1219.2,1063,1239,73.35941081517346,3.729999999999997,71.49000000000001,68.506,74.474,557,4818,4475,51.845475088776496,48.154524911223504
FR,2023-08-22,1063,10929,1261.6164333424833,7.33143914930759,1186.5,1178.4,1196.5,1063,1476,72.32838753387534,13.032316347747054,71.46,54.692,83.41199999999999,532,5374,4908,52.26609609025481,47.73390390974519
FR,2023-08-23,1101,11495,1283.443845150066,5.264884449298276,1181.0,1174.0,1188.0,1101,1447,73.24793365583976,6.859022087732331,77.07,71.412,86.754,566,5495,5359,50.62649714391008,49.37350285608992
FR,2023-08-24,1071,9795,1304.454721796836,304.0275922667285,1510.0,830.0,1519.0,1071,1259,72.69989674344724,0.0,72.47,72.47,72.47,528,4729,4549,50.97003664582884,49.02996335417116
FR,2023-08-25,1058,10344,1304.2298917246717,6.3683243915142675,1192.0,1187.1,1197.0,1058,1490,74.47033557046976,10.454024045792126,75.67,64.46000000000001,86.971,658,5172,4665,52.57700518450748,47.42299481549253
FR,2023-08-26,993,10427,1289.1428023400802,8.685620300243386,1214.0,1200.2,1219.2,993,1307,72.58466717674075,4.600000000000001,75.28999999999999,71.61,78.97,541,4994,4764,51.178520188563226,48.82147981143677
FR,2023-08-27,1030,11212,1240.6797181591178,0.0,1190.0,1190.0,1190.0,1030,1550,73.33812903225822,0.0,0.0,0.0,0.0,609,5533,5119,51.943297033420954,48.056702966579046
FR,2023-08-28,1014,11056,1238.9945730824898,200.1708992058758,1584.0,1567.8,1592.0,1014,1433,74.14536636427084,0.0,71.63,71.63,71.63,582,5297,5153,50.688995215311,49.311004784689
FR,2023-08-29,1089,10845,1297.4047948363286,363.236279907889,1577.0,858.0,1600.0,1089,1447,71.90998617829987,5.365000000000002,69.995,65.703,74.287,545,5195,5066,50.62859370431732,49.37140629568268
FR,2023-08-30,1145,10646,1270.8084726657908,335.33777239916344,828.5,790.5,1609.0,1145,1267,73.28,9.979999999999997,64.07,56.086000000000006,72.054,614,5293,4816,52.35928380650905,47.64071619349095
FR,2023-08-31,1187,10906,1251.8017604988097,419.9339114670307,1190.0,767.9,1613.8,1187,1339,72.9779462285287,0.0,50.65,50.65,50.65,650,5169,5112,50.27721038809454,49.722789611905455
FR,2023-09-01,1112,9736,1300.2939605587496,386.793953068268,1612.0,779.6,1626.8,1112,1197,73.69740183792808,10.71,66.74000000000001,58.172,75.308,536,4723,4465,51.404005224205484,48.595994775794516
FR,2023-09-02,1052,9632,1335.5729858803954,4.0,1193.0,1189.8,1196.2,1052,1586,74.48188524590164,0.0,86.5,86.5,86.5,598,4682,4419,51.44489616525657,48.555103834743434
FR,2023-09-03,1016,9044,1253.523330384788,305.6474633987433,1652.0,783.0,1665.0,1016,1256,72.73695859872609,4.43,73.72,70.176,77.26400000000001,564,4316,4237,50.461826259791884,49.538173740208116
FR,2023-09-04,1034,9815,1333.7922567498738,0.0,890.0,890.0,890.0,1034,1460,74.5780342465753,0.0,0.0,0.0,0.0,530,4454,4730,48.497386759581886,51.502613240418114
FR,2023-09-05,1149,9356,1270.2413424540405,132.71607120298412,1193.0,969.8,1197.0,1149,1166,73.9934991423671,0.0,0.0,0.0,0.0,557,4614,4203,52.330724736304866,47.669275263695134
FR,2023-09-06,1112,10186,1304.391910465344,135.4695537750088,1617.0,1601.0,1626.5,1112,1438,73.92393602225312,4.034293274195891,77.36500000000001,71.015,80.38999999999999,601,4858,4737,50.63053673788431,49.36946326211569
FR,2023-09-07,1034,8835,1280.4542161856225,204.785920220619,1588.0,1553.6,1623.8,1034,1288,73.14937111801243,9.990011261254915,67.92,58.06,81.49300000000001,536,4274,4148,50.748040845404894,49.25195915459511
FR,2023-09-08,1100,9483,1264.4634609300863,4.0,1204.0,1200.8,1207.2,1100,1202,74.29571547420953,0.0,61.53,61.53,61.53,573,4614,4371,51.35225375626044,48.64774624373956
FR,2023-09-09,1017,8920,1255.515134529147,236.03661569895732,1520.0,1370.6,1624.4,1017,1284,73.52969626168233,4.020000000000003,74.41,71.194,77.626,553,4382,3967,52.485327584141814,47.514672415858186
FR,2023-09-10,1004,10006,1282.135018988607,4.5,1204.5,1200.9,1208.1,1004,1521,72.54303090072335,13.989999999999998,69.17,57.978,80.362,581,4746,4800,49.717159019484605,50.282840980515395
FR,2023-09-11,1089,10009,1279.040463582774,271.56479889705884,1496.5,823.3,1507.9,1089,1173,71.9929923273657,6.544999999999995,83.525,78.289,88.761,518,5136,4420,53.74633737965676,46.25366262034324
FR,2023-09-12,1111,10314,1284.4295132829154,0.0,1217.0,1217.0,1217.0,1111,1189,73.05570227081584,0.0,0.0,0.0,0.0,597,5233,4470,53.93177367824384,46.06822632175616
FR,2023-09-13,1090,11800,1260.625254237286,184.921783778176,1497.0,1489.0,1499.0,1090,1297,72.10873554356208,17.259552588510388,58.73,45.466,79.042,588,5827,5241,52.64727141308276,47.35272858691724
FR,2023-09-14,1040,9655,1235.5168306576886,5.74108003776293,1221.0,1216.2,1227.8,1040,1246,72.51762439807389,2.9061787625677824,74.44,71.374,77.632,587,4799,4403,52.15170615083677,47.84829384916323
FR,2023-09-15,1052,9619,1258.914336209585,0.0,1229.0,1229.0,1229.0,1052,1243,73.39798873692675,0.0,89.49,89.49,89.49,533,4542,4477,50.36035037143808,49.639649628561926
FR,2023-09-16,1055,8764,1246.922866271109,173.43978782274843,1203.0,856.8,1216.4,1055,1026,73.86268031189076,0.0,0.0,0.0,0.0,525,4118,4148,49.818533752722,50.181466247278
FR,2023-09-17,1058,9435,1263.3760466348701,104.81035195315017,1186.0,1107.8,1197.8,1058,1240,73.75922580645154,2.6089887355491235,83.12,80.312,85.416,592,4683,4287,52.207357859531776,47.792642140468224
FR,2023-09-18,1204,10206,1293.3592984518896,150.43520199740485,866.0,862.0,1109.4,1204,1344,72.9540773809523,0.0,0.0,0.0,0.0,554,4936,4716,51.13966017405719,48.86033982594281
FR,2023-09-19,1070,9312,1258.4205326460474,0.0,1219.0,1219.0,1219.0,1070,1182,72.14071912013533,0.0,76.99,76.99,76.99,550,4379,4509,49.268676867686764,50.731323132313236
FR,2023-09-20,1140,9320,1246.9952789699562,0.0,1212.0,1212.0,1212.0,1140,1113,72.58743036837382,0.0,0.0,0.0,0.0,565,4544,4236,51.75398633257403,48.24601366742597
FR,2023-09-21,1091,9392,1276.6731260647373,5.312459150169742,1547.0,1541.4,1551.8,1091,1047,73.58853868194848,0.0,0.0,0.0,0.0,501,4780,4227,53.06983457310981,46.9301654268902
FR,2023-09-22,1066,9577,1283.8010859350532,4.0,1199.0,1195.8,1202.2,1066,1121,74.30798394290814,0.0,0.0,0.0,0.0,484,4698,4367,51.82570325427468,48.174296745725314
FR,2023-09-23,1019,9475,1294.480633245384,4.5,865.5,861.9,869.1,1019,1300,74.46692307692311,0.0,0.0,0.0,0.0,563,4480,4420,50.337078651685395,49.66292134831461
FR,2023-09-24,1030,9522,1270.7233774417136,0.0,853.0,853.0,853.0,1030,1313,73.43445544554451,0.0,66.62,66.62,66.62,510,4550,4542,50.04399472063352,49.95600527936648
FR,2023-09-25,1142,9683,1291.9488794795,8.014985963805552,1203.0,1191.2,1208.4,1142,1256,73.57296178343955,0.0,62.52,62.52,62.52,581,4698,4526,50.93235039028621,49.06764960971379
FR,2023-09-26,1114,9306,1355.782290995056,4.0,1177.0,1173.8,1180.2,1114,1129,73.83459698848546,0.0,82.1,82.1,82.1,534,4505,4256,51.42107065403493,48.57892934596507
FR,2023-09-27,1177,9603,1290.8999271061134,5.715476066494082,1173.0,1167.4,1178.6,1177,1011,71.927903066271,9.439999999999998,69.52,61.967999999999996,77.07199999999999,549,4564,4537,50.14833534776398,49.85166465223602
FR,2023-09-28,1065,9068,1251.9233568592836,192.59734810025813,872.0,839.6,903.4,1065,1209,72.6486435070306,5.8371244823305135,72.33,71.33,81.69800000000001,490,4370,4181,51.10513390246755,48.89486609753245
FR,2023-09-29,1103,10215,1214.7962799804218,0.0,1159.0,1159.0,1159.0,1103,1259,72.48675138999212,0.0,0.0,0.0,0.0,562,5160,4528,53.2617671345995,46.7382328654005
FR,2023-09-30,1034,8209,1193.9522475331964,161.99150574608626,1549.5,1531.1,1562.8,1034,1177,71.55535259133389,0.0,76.55,76.55,76.55,493,3989,3759,51.484254001032525,48.515745998967475
FR,2023-10-01,1006,8357,1193.2344142634913,6.128258770283411,1158.0,1152.4,1164.4,1006,1104,71.73346014492745,0.0,0.0,0.0,0.0,510,4301,3687,53.843264897346025,46.156735102653975
FR,2023-10-02,1108,10533,1288.9697142314646,0.0,1174.0,1174.0,1174.0,1108,1197,72.82395154553052,0.0,70.32,70.32,70.32,584,4885,5035,49.243951612903224,50.756048387096776
FR,2023-10-03,1132,10362,1307.179791546035,6.020373573058708,867.0,859.6,874.4,1132,1241,73.05087026591458,0.0,0.0,0.0,0.0,503,5167,4620,52.79452334729744,47.205476652702565
FR,2023-10-04,1085,10184,1270.6755695208185,11.213830746002902,896.0,879.8,911.3,1085,1200,71.92068333333334,3.735,75.975,72.987,78.963,624,4827,4778,50.25507548152004,49.74492451847996
FR,2023-10-05,1131,9012,1337.3120284065683,0.0,865.0,865.0,865.0,1131,1090,75.50045871559627,0.0,0.0,0.0,0.0,524,4446,4141,51.77594037498544,48.22405962501456
FR,2023-10-06,1103,9295,1308.139537385693,5.194188275056527,872.0,868.2,880.0,1103,1241,74.15118452860598,0.0,0.0,0.0,0.0,479,4503,4292,51.19954519613417,48.80045480386583
FR,2023-10-07,1061,9079,1302.785659213569,154.5333620937563,864.0,858.2,1176.8,1061,1090,74.47669724770643,0.8500000000000014,81.38,80.7,82.06,540,4195,4411,48.74506158494074,51.25493841505926
FR,2023-10-08,970,8928,1298.1083109318974,5.673402858955108,848.5,842.4,853.9,970,1223,73.97508585445637,0.0,48.75,48.75,48.75,452,4363,4079,51.68206586117034,48.31793413882966
FR,2023-10-09,1077,11304,1247.2192144373666,4.949747468305833,855.0,850.1,859.9,1077,1415,74.34132155477039,0.0,0.0,0.0,0.0,582,5627,5091,52.50046650494495,47.49953349505505
FR,2023-10-10,1082,9795,1279.5847881572229,80.19780233896687,890.0,871.1,906.0,1082,1175,71.99301276595753,0.0,74.04,74.04,74.04,507,4872,4458,52.21864951768489,47.78135048231511
FR,2023-10-11,1054,8920,1259.2267937219738,0.0,1182.0,1182.0,1182.0,1054,1066,73.17621951219513,0.0,0.0,0.0,0.0,546,4571,3947,53.66283165062221,46.33716834937779
FR,2023-10-12,1046,10096,1238.3484548335975,167.26105344640155,906.0,896.8,1051.8000000000006,1046,1185,71.05203375527435,2.144999999999996,63.815,62.099,65.53099999999999,600,4955,4652,51.576975122306656,48.42302487769335
FR,2023-10-13,1143,10652,1268.6641945174622,132.0748272760559,913.0,905.4,1178.2,1143,1158,73.18082037996554,0.0,0.0,0.0,0.0,581,5137,5024,50.556047633106985,49.44395236689302
FR,2023-10-14,1068,11105,1319.151913552455,0.0,1172.0,1172.0,1172.0,1068,1314,72.96915525114156,0.0,55.59,55.59,55.59,577,5599,4943,53.11136406753937,46.88863593246063
FR,2023-10-15,978,8804,1279.5089731940018,258.42171079892825,960.5,944.1,1479.5,978,980,74.63851020408174,0.0,76.78,76.78,76.78,504,4070,4220,49.09529553679132,50.90470446320868
FR,2023-10-16,1059,8573,1249.519888020531,4.0,894.0,890.8,897.2,1059,1148,71.83611498257835,0.0,71.45,71.45,71.45,548,4057,4031,50.160731948565775,49.839268051434225
FR,2023-10-17,1092,8859,1261.6369793430415,4.0,894.0,890.8,897.2,1092,1175,74.07413617021281,0.0,0.0,0.0,0.0,501,4131,4186,49.66935192978237,50.330648070217634
FR,2023-10-18,1084,10053,1234.1828309957261,6.944222218666553,873.0,866.6,880.2,1084,1147,73.11058413251963,0.0,0.0,0.0,0.0,495,4884,4624,51.367269667648294,48.632730332351706
FR,2023-10-19,1095,9598,1222.797041050219,4.90815647672321,974.0,972.3,981.1,1095,1036,72.6510328185329,0.0,65.78,65.78,65.78,540,4669,4471,51.08315098468271,48.91684901531729
FR,2023-10-20,1060,9585,1242.0230568596794,179.92444401902583,975.0,967.5,1219.0,1060,1078,71.87629870129872,0.0,59.09,59.09,59.09,540,4619,4326,51.63778647288988,48.362213527110114
FR,2023-10-21,1029,9275,1240.7801617250682,6.041522986797286,882.5,875.7,887.9,1029,1266,72.00944707740915,0.0,0.0,0.0,0.0,544,4748,4025,54.12059728713097,45.87940271286903
FR,2023-10-22,1081,9623,1268.8087914371808,3.6110940170535577,868.0,867.4,875.0,1081,1088,71.38171874999999,0.0,0.0,0.0,0.0,506,4608,4602,50.03257328990228,49.96742671009772
FR,2023-10-23,1098,10222,1276.504891410686,4.5,853.5,849.9,857.1,1098,1275,72.3714352941176,0.0,0.0,0.0,0.0,643,5122,4515,53.14932032790287,46.85067967209712
FR,2023-10-24,1077,10109,1260.579285784944,4.496912521077347,856.0,848.8,856.8,1077,1240,73.762806451613,0.0,75.75,75.75,75.75,592,4924,4577,51.82612356594043,48.17387643405957
FR,2023-10-25,1123,10615,1244.5735280263766,150.24054786315915,869.0,860.0,1183.0,1123,1169,72.68923011120613,0.0,0.0,0.0,0.0,545,4968,5055,49.5659982041305,50.4340017958695
FR,2023-10-26,1110,10964,1266.0579168186762,125.45692487862118,889.0,875.6,1073.2,1110,1388,73.23931556195959,0.0,76.84,76.84,76.84,532,4994,5338,48.33526906697638,51.66473093302362
FR,2023-10-27,1098,11246,1232.7196336475197,4.5,886.5,882.9,890.1,1098,1224,74.20794934640529,0.0,0.0,0.0,0.0,554,5353,5324,50.13580593799757,49.86419406200244
FR,2023-10-28,992,9366,1179.5044843049334,145.22932057802774,1203.0,959.8,1209.4,992,1262,74.46351822503972,0.0,99.9,99.9,99.9,526,4581,4343,51.3334827431645,48.6665172568355
FR,2023-10-29,1025,11192,1219.832558970694,146.90633826429078,910.5,892.6,1202.6,1025,1324,73.85161631419932,1.1350000000000051,71.265,70.357,72.173,542,5426,5256,50.7957311364913,49.2042688635087
FR,2023-10-30,1029,9931,1196.5777867284266,5.0,1203.0,1199.0,1207.0,1029,1244,74.15483118971063,0.0,0.0,0.0,0.0,518,4637,4737,49.46660977170898,50.53339022829102
FR,2023-10-31,976,9834,1287.1111450071182,150.78594883762847,928.0,907.2,1216.6,976,1201,74.58815154038302,6.020000000000003,75.63,70.814,80.44600000000001,581,4615,4691,49.59166129378895,50.40833870621104
FR,2023-11-01,1039,9940,1248.007746478874,4.264680527307995,1210.0,1206.0,1214.7,1039,1280,74.99331249999992,0.0,85.26,85.26,85.26,576,4947,4525,52.22761824324324,47.77238175675676
FR,2023-11-02,1020,10002,1223.2919416116795,144.48275089477792,910.0,895.4,1222.0,1020,1284,72.4804517133957,0.0,88.24,88.24,88.24,536,4584,4820,48.74521480221182,51.25478519778818
FR,2023-11-03,1056,10262,1212.6064120054564,143.1509255995224,904.5,895.1,1134.4,1056,1384,72.83152456647397,0.0,0.0,0.0,0.0,473,5075,4716,51.83331631089776,48.166683689102236
FR,2023-11-04,1081,10306,1287.6632058994744,4.0,913.0,909.8,916.2,1081,1265,73.11013438735176,0.0,60.77,60.77,60.77,567,4822,4941,49.39055618150159,50.60944381849841
FR,2023-11-05,1077,9866,1276.5430772349505,5.6000000000000005,1221.0,1215.0,1227.2,1077,1161,72.55190353143833,0.0,82.76,82.76,82.76,531,4633,4786,49.18781186962523,50.81218813037477
FR,2023-11-06,1083,9789,1237.7143732761267,0.0,1237.0,1237.0,1237.0,1083,1146,74.35059336823745,0.0,79.69,79.69,79.69,527,4837,4407,52.32583297273907,47.67416702726093
FR,2023-11-07,1028,8404,1289.8806520704422,3.766629793329841,903.5,900.0,907.7,1028,1084,73.74896678966793,0.0,0.0,0.0,0.0,442,4179,3773,52.55281690140845,47.44718309859155
FR,2023-11-08,1062,9006,1240.2725960470823,12.322204944484472,917.0,898.4,926.8,1062,1163,74.53182287188305,0.0,0.0,0.0,0.0,512,4139,4423,48.34150899322589,51.65849100677412
FR,2023-11-09,1053,8844,1250.4379240162834,6.531972647421808,940.0,933.6,946.4,1053,1165,74.16705579399134,0.0,0.0,0.0,0.0,503,4565,3807,54.526994744386045,45.473005255613955
FR,2023-11-10,1073,9100,1282.5434065934069,0.0,1244.0,1244.0,1244.0,1073,1164,73.25628006872851,0.0,0.0,0.0,0.0,503,4532,4012,53.043071161048694,46.95692883895131
FR,2023-11-11,1028,9193,1266.4662243010994,5.535341001239218,1244.0,1236.4,1248.6,1028,1217,73.08136400986025,0.0,84.73,84.73,84.73,535,4411,4303,50.61969244893275,49.38030755106725
FR,2023-11-12,1052,9242,1279.5649210127676,8.760707733967616,1415.0,1405.0,1423.6,1052,1148,73.37459059233453,0.0,0.0,0.0,0.0,508,4399,4386,50.073989755264655,49.926010244735345
FR,2023-11-13,1031,9431,1260.9492100519572,3.858612300930075,1240.0,1234.4,1241.6,1031,1129,74.49136403897255,6.175523369633451,77.94,77.356,88.116,518,4765,4113,53.67199819779229,46.3280018022077
FR,2023-11-14,1089,10450,1259.9610526315803,226.5,1167.5,986.3,1348.7,1089,1235,74.17840485829959,0.0,89.85,89.85,89.85,529,5134,4651,52.46806336228922,47.53193663771078
FR,2023-11-15,1106,11266,1240.3618853186576,0.0,1247.0,1247.0,1247.0,1106,1293,73.91594740912608,0.0,0.0,0.0,0.0,525,5292,5441,49.30587906456722,50.69412093543277
FR,2023-11-16,1098,9158,1236.073706049355,0.0,1240.0,1240.0,1240.0,1098,1315,74.44723193916339,0.0,0.0,0.0,0.0,591,4596,4159,52.49571673329526,47.50428326670474
FR,2023-11-17,1029,8878,1248.7915070961942,4.0,992.0,988.8,995.2,1029,1135,72.79742731277528,0.0,0.0,0.0,0.0,441,4451,4104,52.028053769725304,47.97194623027469
FR,2023-11-18,1012,9838,1284.3642000406578,17.127171395183737,1000.5,976.0,1017.5,1012,1175,73.14270638297874,0.0,0.0,0.0,0.0,552,4782,4581,51.07337391861583,48.92662608138417
FR,2023-11-19,1096,9984,1282.0163261217926,4.031128874149275,1233.5,1229.3,1237.7,1096,1252,74.43981629392974,0.0,92.24,92.24,92.24,578,4829,4544,51.52032433585831,48.47967566414169
FR,2023-11-20,1126,9786,1234.8078888207626,0.0,1602.0,1602.0,1602.0,1126,1177,73.62472387425659,0.0,0.0,0.0,0.0,573,4800,4425,52.03252032520326,47.96747967479675
FR,2023-11-21,1069,10998,1285.117748681575,91.55948279063664,985.0,974.0,1109.5,1069,1140,71.18942105263159,16.335,70.83500000000001,57.767,83.903,537,5323,5146,50.845352946795295,49.1546470532047
FR,2023-11-22,1007,10708,1256.3152782966017,7.615773105863909,899.5,895.0,911.5,1007,993,72.82720040281971,0.0,0.0,0.0,0.0,461,5281,4901,51.86603810646238,48.13396189353762
FR,2023-11-23,1025,11690,1289.562703165098,0.0,1245.0,1245.0,1245.0,1025,1378,75.16399854862125,0.0,84.46,84.46,84.46,567,5727,5440,51.2850362675741,48.7149637324259
FR,2023-11-24,1037,9722,1256.4692450113157,112.05355862265152,979.0,973.4,1158.2,1037,1069,73.41217025257254,0.0,69.33,69.33,69.33,555,5009,4249,54.104558219917905,45.895441780082095
FR,2023-11-25,979,10055,1271.5311785181495,53.05022515398864,988.5,966.5,1006.1,979,1260,72.48351587301588,13.589999999999996,54.87,43.998,65.74199999999999,538,4870,4670,51.0482180293501,48.9517819706499
FR,2023-11-26,948,10420,1262.0531669865638,142.64291079475348,911.0,907.0,1141.8,948,1183,73.14005071851226,0.0,0.0,0.0,0.0,515,5084,4882,51.01344571543247,48.98655428456753
FR,2023-11-27,1047,10494,1245.5515532685308,7.25718035235908,1415.0,1405.0,1423.2,1047,1286,72.95654743390354,0.0,64.29,64.29,64.29,506,5188,4850,51.68360231121737,48.31639768878262
FR,2023-11-28,1033,10078,1245.71621353443,11.362707032706206,907.0,895.2,916.0,1033,1127,73.54257320319431,0.0,62.28,62.28,62.28,540,5025,4601,52.20236858508207,47.79763141491793
FR,2023-11-29,1105,11499,1239.843899469518,139.38682685246837,913.0,904.1,1136.8,1105,1157,72.85379429559205,0.0,0.0,0.0,0.0,518,5642,5208,52.0,48.0
FR,2023-11-30,1062,10376,1237.5337316885102,135.41879485507172,927.5,924.0,1146.6000000000001,1062,1216,73.84925164473695,0.0,94.56,94.56,94.56,582,5153,4717,52.208713272543065,47.791286727456935
FR,2023-12-01,1138,11268,1306.991302804403,99.6478924982302,900.0,893.0,915.0,1138,1558,74.86977535301651,14.18,77.27000000000001,65.926,88.614,630,5537,5074,52.18169823767788,47.81830176232212
FR,2023-12-02,986,9354,1351.7187299550985,0.0,1241.0,1241.0,1241.0,986,1459,75.05055517477724,0.0,0.0,0.0,0.0,492,4922,3913,55.71024335031126,44.28975664968874
FR,2023-12-03,1080,10669,1322.5292904677106,3.5,1253.5,1250.7,1256.3,1080,1152,73.71128472222205,0.0,66.78,66.78,66.78,559,5209,4992,51.06362121360652,48.93637878639349
FR,2023-12-04,1113,11338,1261.4528135473608,179.22565869510393,1455.0,1243.0,1475.6,1113,1195,73.92061087866105,0.0,0.0,0.0,0.0,556,5700,5049,53.02818866871337,46.97181133128663
FR,2023-12-05,1138,9743,1273.5375141126933,7.681145747868608,894.5,887.0,903.5,1138,1061,73.30431668237514,0.0,0.0,0.0,0.0,523,4797,4385,52.24351993029841,47.75648006970159
FR,2023-12-06,1078,11461,1312.148765378239,60.0382840823716,953.0,943.0,982.8,1078,1143,71.76710411198596,0.0,94.01,94.01,94.01,521,5604,5297,51.408127694706906,48.591872305293094
FR,2023-12-07,1088,8854,1311.0561328213246,91.0527955103408,946.0,937.0,1178.0,1088,1094,71.67682815356494,1.3850000000000051,78.345,77.237,79.453,567,4361,3983,52.26510067114094,47.73489932885906
FR,2023-12-08,1091,11294,1295.7353462015242,157.88241555935588,897.0,889.6,1243.6,1091,1251,72.16190247801754,0.0,79.02,79.02,79.02,527,5457,5292,50.76751325704717,49.23248674295283
FR,2023-12-09,962,9303,1309.4599591529593,0.0,1231.0,1231.0,1231.0,962,1020,71.88753921568635,0.0,0.0,0.0,0.0,451,4698,4300,52.21160257835075,47.78839742164925
FR,2023-12-10,1013,10026,1350.0945541591861,12.09793370786929,1229.5,1208.3,1238.1,1013,1134,73.84667548500883,0.0,76.77,76.77,76.77,549,4820,4745,50.39205436487193,49.60794563512807
FR,2023-12-11,1154,11279,1284.5159145314344,4.0,908.0,904.8,911.2,1154,1190,74.34427731092444,0.0,0.0,0.0,0.0,475,5220,5438,48.97729405141678,51.02270594858322
FR,2023-12-12,1107,11039,1325.4675242322664,5.206666399914632,910.0,903.1,913.8,1107,1409,74.03197303051796,0.0,66.28,66.28,66.28,527,5216,5268,49.752003052270126,50.24799694772988
FR,2023-12-13,1145,11924,1315.3961757799407,4.0,917.0,913.8,920.2,1145,1253,73.83884277733442,0.0,0.0,0.0,0.0,594,5636,5573,50.281024177000624,49.718975822999376
FR,2023-12-14,1118,9704,1357.6037716405606,0.0,1209.0,1209.0,1209.0,1118,1075,73.83568372093015,0.0,69.56,69.56,69.56,533,4710,4482,51.2402088772846,48.759791122715406
FR,2023-12-15,1103,11621,1308.5361844935892,5.418486873657627,958.0,952.8,963.8,1103,1070,73.57331775700935,0.0,0.0,0.0,0.0,554,5723,5234,52.23145021447476,47.76854978552523
FR,2023-12-16,953,9197,1283.158529955423,18.43112506579932,973.0,949.0,993.4,953,924,72.63619047619042,0.0,0.0,0.0,0.0,499,4389,4385,50.02279462046957,49.97720537953043
FR,2023-12-17,1036,9549,1324.8684679023993,5.673402858955108,1200.5,1194.4,1205.9,1036,1036,71.99132239382232,0.0,0.0,0.0,0.0,503,4588,4485,50.5676182078695,49.4323817921305
FR,2023-12-18,1077,10493,1268.331268464692,0.0,1530.0,1530.0,1530.0,1077,899,72.96332591768626,0.0,0.0,0.0,0.0,458,5093,4845,51.24773596297042,48.75226403702958
FR,2023-12-19,1049,10765,1259.6240594519238,4.5,907.5,903.9,911.1,1049,1065,72.54393427230048,0.0,0.0,0.0,0.0,477,5488,4712,53.80392156862746,46.19607843137255
FR,2023-12-20,1095,12015,1300.0705784436161,0.0,894.0,894.0,894.0,1095,1223,74.89684382665575,0.0,0.0,0.0,0.0,512,5807,5558,51.09546854377475,48.90453145622525
FR,2023-12-21,1107,10193,1295.5219268125163,0.0,1500.0,1500.0,1500.0,1107,1126,74.42201598579045,0.0,0.0,0.0,0.0,459,4939,4682,51.335619997921214,48.664380002078786
FR,2023-12-22,1098,9810,1301.9820591233442,0.0,901.0,901.0,901.0,1098,1080,73.72177777777776,0.0,0.0,0.0,0.0,508,4857,4269,53.2215647600263,46.7784352399737
FR,2023-12-23,979,8912,1312.9857495511678,4.5,1209.5,1205.9,1213.1,979,832,73.46325721153852,0.0,77.74,77.74,77.74,436,4239,4269,49.82369534555712,50.17630465444288
FR,2023-12-24,895,8414,1329.0684573330177,4.0,1522.0,1518.8,1525.2,895,1007,74.5022840119166,0.0,0.0,0.0,0.0,397,4174,3760,52.60902445172675,47.39097554827325
FR,2023-12-25,859,8842,1342.2588780818814,0.0,1197.0,1197.0,1197.0,859,991,72.14714429868818,0.0,0.0,0.0,0.0,399,4081,4277,48.82747068676717,51.17252931323283
FR,2023-12-26,985,8981,1304.4939316334487,6.879922480183431,1198.0,1190.0,1206.0,985,831,71.44507821901333,0.0,60.53,60.53,60.53,445,4478,4002,52.806603773584904,47.193396226415096
FR,2023-12-27,905,9304,1288.9549656061884,8.34565755348253,1543.5,1533.4,1550.8,905,1130,74.31192920353985,0.0,89.91,89.91,89.91,463,4191,4499,48.22784810126583,51.77215189873417
FR,2023-12-28,1016,10608,1307.523755656109,0.0,1524.0,1524.0,1524.0,1016,933,72.94922829581994,0.0,0.0,0.0,0.0,479,5117,4970,50.72866065232478,49.27133934767522
FR,2023-12-29,1038,10697,1241.2382911096577,0.0,1186.0,1186.0,1186.0,1038,1067,73.6213308341143,0.0,0.0,0.0,0.0,513,5310,4741,52.83056412297283,47.16943587702716
FR,2023-12-30,964,8785,1300.0334661354586,7.547184905645283,1209.0,1197.2,1213.6,964,986,72.61856997971603,2.030000000000001,77.34,75.71600000000001,78.964,486,4393,3925,52.813176244289494,47.186823755710506
FR,2023-12-31,963,10434,1287.5130343109083,8.554969316134336,1510.0,1496.7,1517.1,963,1151,72.19435273675076,0.0,82.73,82.73,82.73,535,5306,4515,54.02708481824662,45.972915181753386
FR,2024-01-01,1014,9933,1324.1156750226485,0.0,1505.0,1505.0,1505.0,1014,1274,72.93614599686033,0.0,0.0,0.0,0.0,525,4765,4599,50.886373344724475,49.113626655275525
FR,2024-01-02,1004,10152,1285.0255122143417,4.527692569068709,1500.0,1495.3,1504.7,1004,1165,74.49249785407731,0.0,55.16,55.16,55.16,486,5016,4568,52.33722871452421,47.66277128547579
FR,2024-01-03,1055,10616,1270.2535795026358,0.0,887.0,887.0,887.0,1055,1073,71.42205964585267,0.0,0.0,0.0,0.0,453,5163,4910,51.25583242330983,48.74416757669016
FR,2024-01-04,1091,9998,1266.2565513102625,0.0,1494.0,1494.0,1494.0,1091,1251,73.07075939248601,0.0,0.0,0.0,0.0,554,4992,4437,52.94304804327076,47.056951956729236
FR,2024-01-05,1060,10743,1297.3149027273573,3.2998316455372216,894.0,894.0,899.6,1060,1244,74.34165594855301,0.0,0.0,0.0,0.0,540,5335,4897,52.140344018764665,47.859655981235335
FR,2024-01-06,987,9850,1327.298477157362,0.0,1486.0,1486.0,1486.0,987,1110,73.40098198198186,0.0,0.0,0.0,0.0,454,4775,4586,51.009507531246655,48.99049246875334
FR,2024-01-07,1025,10814,1292.2663214351753,0.0,1223.0,1223.0,1223.0,1025,1277,72.15981989036801,0.0,84.18,84.18,84.18,520,5314,4940,51.82367856446265,48.17632143553735
FR,2024-01-08,1118,12316,1277.1580870412472,4.0,1226.0,1222.8,1229.2,1118,1282,72.97584243369732,0.0,0.0,0.0,0.0,575,5997,5622,51.613736121869344,48.38626387813065
FR,2024-01-09,1060,9072,1274.7089947089944,168.5,1060.5,925.7,1195.3,1060,869,71.3957997698504,0.0,0.0,0.0,0.0,461,4547,4057,52.84751278475128,47.152487215248726
FR,2024-01-10,1064,9968,1286.3629614767258,7.4993333037010705,1504.0,1498.0,1513.8,1064,1044,74.4289176245211,0.0,0.0,0.0,0.0,490,4776,4668,50.57179161372299,49.428208386277
FR,2024-01-11,1095,10009,1284.5980617444309,279.0,1229.0,1005.8,1452.2,1095,1211,73.06607762180023,6.920000000000002,67.53,61.994,73.066,591,4811,4658,50.80789946140036,49.19210053859964
FR,2024-01-12,1053,9800,1275.5381632653068,0.0,1223.0,1223.0,1223.0,1053,1006,71.59611332007944,0.0,0.0,0.0,0.0,535,4909,4420,52.620859684853684,47.379140315146316
FR,2024-01-13,1052,11355,1327.3498018494058,12.03820449016126,929.5,918.8,949.1,1052,1267,73.90947908445148,0.0,69.82,69.82,69.82,554,5361,5262,50.4659700649534,49.5340299350466
FR,2024-01-14,1102,11176,1266.1229420186112,14.954597955144097,970.0,946.2,978.7,1102,1182,72.61211505922168,0.0,0.0,0.0,0.0,547,5600,5048,52.59203606311045,47.40796393688956
FR,2024-01-15,1093,10650,1276.4215962441303,4.322904116447646,956.5,952.3,961.4,1093,1075,73.87426976744189,0.0,0.0,0.0,0.0,549,5329,4697,53.15180530620387,46.84819469379613
FR,2024-01-16,1066,10185,1307.1356897398139,157.0,1059.0,933.4,1184.6,1066,998,74.52322645290585,0.0,78.47,78.47,78.47,512,5025,4603,52.19152471956793,47.80847528043207
FR,2024-01-17,1072,10577,1223.5382433582265,15.785673884886892,897.0,879.9,919.2,1072,1328,72.17248493975883,0.0,74.48,74.48,74.48,578,5001,5021,49.90021951706246,50.09978048293754
FR,2024-01-18,1108,9982,1321.2221999599274,0.0,1515.0,1515.0,1515.0,1108,1212,74.30306930693074,0.0,0.0,0.0,0.0,569,4860,4579,51.488505138256166,48.511494861743834
FR,2024-01-19,1100,10143,1277.9067337079784,173.5,514.5,375.7,653.3,1100,1188,74.10930976430969,0.0,0.0,0.0,0.0,535,4797,4791,50.031289111389235,49.968710888610765
FR,2024-01-20,1033,9362,1317.194509720147,0.0,1224.0,1224.0,1224.0,1033,1010,72.39120792079207,0.0,83.05,83.05,83.05,554,4313,4577,48.51518560179978,51.48481439820023
FR,2024-01-21,1131,10311,1298.4622248084581,0.0,1233.0,1233.0,1233.0,1131,1281,72.78481654957075,0.0,0.0,0.0,0.0,592,5054,4802,51.27840909090909,48.721590909090914
FR,2024-01-22,1118,11169,1207.1805891306271,14.311029157805374,1204.0,1187.0,1220.5,1118,1237,74.17102667744543,0.0,67.27,67.27,67.27,637,5400,5174,51.06865897484396,48.931341025156044
FR,2024-01-23,1153,10688,1270.2931324850283,4.919764387920733,941.0,933.2,944.4,1153,1320,72.85343181818179,0.0,60.87,60.87,60.87,575,5307,4850,52.24968002362902,47.750319976370974
FR,2024-01-24,1193,11536,1292.385055478503,68.3298779614176,934.0,926.8,942.0,1193,1211,74.3606936416186,0.0,0.0,0.0,0.0,582,5744,5271,52.147072174307766,47.852927825692234
FR,2024-01-25,1135,11907,1300.3357688754509,103.01214360503236,960.0,701.6,970.8,1135,1472,73.97655570652185,0.0,63.98,63.98,63.98,581,5794,5504,51.28341299345017,48.71658700654983
FR,2024-01-26,1148,10897,1296.273010920438,0.0,960.0,960.0,960.0,1148,1453,74.10076393668292,0.0,0.0,0.0,0.0,576,5188,5120,50.32984090027164,49.670159099728366
FR,2024-01-27,1104,8766,1276.4370294318953,3.5,1192.5,1189.7,1195.3,1104,1236,74.43438511326869,0.0,73.91,73.91,73.91,552,4376,3918,52.7610320713769,47.2389679286231
FR,2024-01-28,1088,8216,1266.42076436222,3.5,1199.5,1196.7,1202.3,1088,1219,72.93333880229699,0.0,0.0,0.0,0.0,524,3866,3900,49.78109708987896,50.218902910121045
FR,2024-01-29,1069,10461,1274.3785488958993,296.62021343868014,941.0,941.0,1543.2,1069,1488,73.9852217741936,9.884999999999998,80.42500000000001,72.51700000000001,88.333,526,5282,4587,53.52112676056338,46.478873239436616
FR,2024-01-30,1109,9932,1286.0874949657707,126.6123512932289,1184.0,979.4,1187.7,1109,1368,74.0025365497076,0.0,0.0,0.0,0.0,546,5125,4262,54.59678278470225,45.40321721529775
FR,2024-01-31,1060,8966,1285.5326790095935,0.0,1529.0,1529.0,1529.0,1060,1145,73.55174672489085,0.0,0.0,0.0,0.0,550,4433,4029,52.387142519498944,47.61285748050106
FR,2024-02-01,1100,10930,1229.729460201281,16.68964884885913,915.0,893.4,933.0,1100,1306,73.83187595712106,0.0,0.0,0.0,0.0,569,5455,4925,52.55298651252408,47.447013487475914
FR,2024-02-02,1159,9793,1217.7428775656044,0.0,885.0,885.0,885.0,1159,1230,74.6147967479675,0.0,0.0,0.0,0.0,570,4591,4647,49.696904091794764,50.30309590820524
FR,2024-02-03,1046,8754,1211.3180260452389,14.78830205098004,1210.0,1195.0,1231.2,1046,1237,73.64253839935331,0.0,73.42,73.42,73.42,559,4286,3910,52.293801854563206,47.7061981454368
FR,2024-02-04,1009,9092,1228.8188517377907,0.0,1227.0,1227.0,1227.0,1009,1104,71.94794384057977,0.0,72.63,72.63,72.63,556,4365,4271,50.54423344140806,49.45576655859194
FR,2024-02-05,1181,12196,1262.8840603476526,6.039223643997813,1236.0,1231.0,1244.5,1181,1409,73.10757984386096,4.580000000000005,69.43,65.76599999999999,73.09400000000001,623,6028,5592,51.876075731497416,48.123924268502584
FR,2024-02-06,1102,9764,1235.5151577222457,8.556998435328957,917.0,905.0,925.0,1102,1198,72.8720701168614,0.0,0.0,0.0,0.0,557,4654,4516,50.75245365321701,49.24754634678299
FR,2024-02-07,1181,11601,1280.213257477804,4.0,1230.0,1226.8,1233.2,1181,1473,73.798085539715,0.0,0.0,0.0,0.0,592,5536,5463,50.331848349849984,49.66815165015001
FR,2024-02-08,1090,9855,1298.577777777777,18.10736157505772,927.0,900.2,942.6,1090,1099,73.46924476797086,1.1899999999999975,73.03,72.078,73.982,505,4716,4633,50.44389774307413,49.556102256925875
FR,2024-02-09,1109,10902,1284.6429095578792,0.0,1234.0,1234.0,1234.0,1109,1325,74.84750943396217,0.0,73.02,73.02,73.02,569,5114,5008,50.523611934400314,49.476388065599686
FR,2024-02-10,1110,9224,1251.0174544666093,273.5328991430103,1519.0,957.0,1529.0,1110,1385,74.53782671480144,4.024831259402889,82.54,76.668,84.164,596,4255,4433,48.9755985267035,51.0244014732965
FR,2024-02-11,1084,9776,1304.5245499181672,0.0,1242.0,1242.0,1242.0,1084,1254,74.02120414673051,0.0,0.0,0.0,0.0,585,4794,4538,51.37162451778825,48.628375482211744
FR,2024-02-12,1126,11055,1300.334690185436,0.0,1523.0,1523.0,1523.0,1126,1373,73.74398397669341,0.0,65.27,65.27,65.27,595,5389,5060,51.574313331419276,48.425686668580724
FR,2024-02-13,1112,9183,1310.452139823587,0.0,1203.0,1203.0,1203.0,1112,1143,73.41557305336822,0.0,89.67,89.67,89.67,530,4487,4099,52.25949219659911,47.74050780340088
FR,2024-02-14,1126,10312,1331.5608029480195,4.898979485566356,1537.0,1532.2,1541.8,1126,1298,73.02866718027744,0.0,0.0,0.0,0.0,528,5244,4610,53.216967728841084,46.783032271158916
FR,2024-02-15,1091,10424,1334.065521872602,0.0,1249.0,1249.0,1249.0,1091,1250,74.12554399999992,0.0,90.1,90.1,90.1,566,5165,4645,52.650356778797146,47.349643221202854
FR,2024-02-16,1201,9364,1283.2036522853477,177.54576874710364,1066.5,886.7,1244.9,1201,1249,74.62885508406723,13.770000000000003,75.82,64.804,86.836,596,4697,4178,52.923943661971826,47.076056338028174
FR,2024-02-17,1069,9702,1290.7587095444246,3.491060010942235,1240.0,1234.8,1241.7,1069,1188,73.01291245791232,0.0,0.0,0.0,0.0,569,4701,4556,50.783191098628066,49.216808901371934
FR,2024-02-18,1083,10762,1363.541999628323,119.98435272134107,1256.0,1115.0,1264.0,1083,1362,73.34809104258441,2.8100000000000023,64.23,61.982,66.47800000000001,587,5340,4900,52.1484375,47.8515625
FR,2024-02-19,1112,10438,1380.980839241234,4.527692569068709,1563.0,1558.3,1567.7,1112,1390,73.5254244604316,0.0,0.0,0.0,0.0,561,4883,4858,50.128323580741196,49.871676419258804
FR,2024-02-20,1109,10520,1324.321673003801,30.85687417211065,1017.0,989.2,1067.8,1109,1303,72.80379125095936,0.0,0.0,0.0,0.0,531,5060,4851,51.054384017758046,48.945615982241954
FR,2024-02-21,1054,10171,1340.5210893717442,0.5,1254.5,1254.1,1254.9,1054,1137,74.11562884784522,0.0,0.0,0.0,0.0,487,5017,4625,52.03277328355112,47.96722671644887
FR,2024-02-22,1047,10308,1294.120294916569,19.40128861699656,1000.0,980.9,1029.8,1047,1143,74.53017497812768,0.0,0.0,0.0,0.0,507,5110,4666,52.2708674304419,47.729132569558104
FR,2024-02-23,1076,9478,1243.468453260181,9.730750228014282,1250.5,1239.7,1260.6,1076,1042,73.07405950095966,0.0,88.55,88.55,88.55,545,4679,4268,52.29685928244104,47.70314071755896
FR,2024-02-24,1042,9277,1216.6902015737842,4.223742416388575,1563.0,1555.4,1564.6,1042,1200,74.03360000000002,0.0,0.0,0.0,0.0,468,4627,4122,52.88604411932793,47.11395588067207
FR,2024-02-25,1065,9912,1282.764124293784,8.061492065429801,1222.0,1213.8,1233.4,1065,1351,74.77911176905991,7.9601256271493614,78.88,66.124,79.876,518,4735,4543,51.03470575555077,48.96529424444924
FR,2024-02-26,1151,10261,1253.5417600623718,0.0,883.0,883.0,883.0,1151,1281,74.07524590163933,0.0,0.0,0.0,0.0,585,5037,4724,51.60331933203566,48.39668066796435
FR,2024-02-27,1117,11029,1231.107716021401,7.378177281686853,1227.0,1217.9,1235.6,1117,1147,74.31498692240622,0.0,80.68,80.68,80.68,494,5374,4968,51.96286985109263,48.03713014890737
FR,2024-02-28,1166,10606,1286.9263624363584,4.0,879.0,875.8,882.2,1166,1091,71.94110907424376,0.0,0.0,0.0,0.0,548,5052,4889,50.81983703852732,49.18016296147269
FR,2024-02-29,1142,10668,1250.752437195349,5.562722134982154,1534.0,1527.3,1541.7,1142,1138,74.50580843585236,0.0,0.0,0.0,0.0,490,5422,4638,53.89662027833002,46.10337972166998
FR,2024-03-01,1132,11203,1200.2721592430591,4.17612260356422,894.0,894.0,902.6,1132,1445,72.73439446366785,0.0,62.12,62.12,62.12,536,5289,5271,50.08522727272727,49.91477272727273
FR,2024-03-02,1046,9386,1272.476454293629,7.498147919467995,1572.5,1564.5,1580.0,1046,1107,73.37205962059622,0.0,0.0,0.0,0.0,521,4558,4168,52.23470089388036,47.76529910611964
FR,2024-03-03,1033,10178,1346.047160542345,11.301963325015702,1586.5,1576.5,1606.5,1033,1118,73.7968962432915,8.89,84.24,77.128,91.352,516,4953,4695,51.33706467661692,48.66293532338308
FR,2024-03-04,1080,10249,1271.826909942435,131.15548025149388,893.0,885.0,1087.8,1080,1207,72.81879038939519,0.0,74.22,74.22,74.22,569,4937,4830,50.5477628749872,49.4522371250128
FR,2024-03-05,1082,9594,1237.5539920783822,3.7712361663282534,901.0,901.0,907.4,1082,952,72.80800420168063,0.0,0.0,0.0,0.0,468,4669,4388,51.55128629789113,48.44871370210886
FR,2024-03-06,1170,10528,1279.9311360182357,158.0,1052.0,925.6,1178.4,1170,1189,73.2931286795627,0.0,69.61,69.61,69.61,521,5054,4958,50.47942469037155,49.52057530962845
FR,2024-03-07,1113,9343,1285.462806379107,3.7712361663282534,885.0,885.0,891.4,1113,1134,72.93610229276905,0.0,0.0,0.0,0.0,550,4492,4241,51.4370777510592,48.5629222489408
FR,2024-03-08,1145,9886,1275.9446692292126,14.719601443879744,1201.0,1181.0,1209.0,1145,1157,73.76117545375976,0.0,81.73,81.73,81.73,540,4812,4502,51.66416147734593,48.335838522654065
FR,2024-03-09,1100,10511,1276.551041765771,119.4681547526369,909.0,896.2,1088.6,1100,975,73.48842051282048,0.0,0.0,0.0,0.0,533,4897,5098,48.99449724862431,51.00550275137569
FR,2024-03-10,1070,10445,1286.9032072762086,140.29096747672514,918.0,910.8,1152.4,1070,1276,74.02489028213164,0.0,0.0,0.0,0.0,547,5033,4819,51.08607389362566,48.91392610637434
FR,2024-03-11,1144,10648,1351.6316679188585,124.51441683596322,1218.0,1031.0,1229.8,1144,1411,74.43783841247338,0.2949999999999946,81.33500000000001,81.099,81.571,576,5038,4978,50.29952076677316,49.70047923322684
FR,2024-03-12,1130,10192,1300.1361852433279,3.7712361663282534,918.0,918.0,924.4,1130,1373,74.67260014566641,0.0,0.0,0.0,0.0,565,5093,4566,52.728025675535775,47.271974324464225
FR,2024-03-13,1131,11127,1285.50615619664,266.74827084725405,936.0,930.2,1338.4,1131,1132,75.7321289752649,0.0,0.0,0.0,0.0,509,5469,5106,51.71631205673759,48.28368794326241
FR,2024-03-14,1097,10092,1258.7884462940913,140.9877851289095,1223.0,987.0,1229.4,1097,1301,72.955810914681,0.0,0.0,0.0,0.0,501,4658,4881,48.83111437257574,51.16888562742425
FR,2024-03-15,1060,9178,1276.6706254085846,4.0,1522.0,1518.8,1525.2,1060,1045,75.34913875598089,0.0,0.0,0.0,0.0,500,4358,4290,50.39315448658649,49.606845513413504
FR,2024-03-16,957,8910,1241.204040404043,0.0,920.0,920.0,920.0,957,1196,74.39780100334454,0.0,0.0,0.0,0.0,500,4182,4244,49.632091146451465,50.367908853548535
FR,2024-03-17,1103,10042,1299.9199362676757,6.164414002968976,1216.0,1208.8,1220.8,1103,1352,73.10630917159754,2.0749999999999957,77.945,76.285,79.605,489,4912,4524,52.05595591352268,47.94404408647732
FR,2024-03-18,1092,11701,1297.6960943509087,3.832427429188973,1218.0,1213.6,1221.7,1092,1297,75.26565150346958,0.0,84.83,84.83,84.83,553,5776,5395,51.70530838778981,48.29469161221019
FR,2024-03-19,1142,10551,1313.4479196284706,0.0,1206.0,1206.0,1206.0,1142,1214,75.44453047775946,0.0,0.0,0.0,0.0,566,5185,4750,52.18922999496729,47.81077000503271
FR,2024-03-20,1121,11374,1259.266924564796,138.5,1058.5,947.7,1169.3,1121,1211,74.6808009909166,0.0,0.0,0.0,0.0,521,5619,5138,52.23575346286139,47.764246537138604
FR,2024-03-21,1022,8891,1281.9472500281174,0.0,1206.0,1206.0,1206.0,1022,1077,74.37936861652746,0.0,0.0,0.0,0.0,453,4273,4161,50.66397913208442,49.33602086791558
FR,2024-03-22,1098,10545,1297.0170697012832,59.56705780043195,928.0,918.0,936.5,1098,1545,74.78034951456307,0.0,37.92,37.92,37.92,633,5211,4787,52.12042408481696,47.87957591518304
FR,2024-03-23,1074,9452,1306.5375581887406,6.97614984548545,1188.0,1182.4,1196.0,1074,1268,73.78757886435325,11.14,76.24,67.32799999999999,85.152,531,4537,4427,50.61356537260152,49.386434627398486
FR,2024-03-24,1054,10949,1274.2136268152349,5.0,1167.0,1163.0,1171.0,1054,1267,72.80747434885555,0.0,0.0,0.0,0.0,526,5465,4986,52.29164673237011,47.708353267629896
FR,2024-03-25,1041,10224,1310.4676251956205,14.899449654265759,1141.0,1125.8,1165.6,1041,1361,74.27035268185159,6.847470857393784,66.22,64.384,80.266,529,5033,4575,52.383430474604495,47.616569525395505
FR,2024-03-26,1114,10857,1291.2131343833469,77.52508554583405,1146.0,1040.5,1150.0,1114,1410,73.43582269503544,0.0,72.27,72.27,72.27,572,5164,5050,50.55805756804386,49.441942431956136
FR,2024-03-27,1126,10794,1340.060218639985,3.858612300930075,1161.0,1159.4,1166.6,1126,1252,74.21186102236418,0.0,78.65,78.65,78.65,537,5390,4816,52.81207133058985,47.18792866941015
FR,2024-03-28,1072,9009,1294.8818958818958,9.093266739736606,1495.0,1485.7,1505.0,1072,1184,72.79272804054058,0.0,0.0,0.0,0.0,528,4308,4299,50.05228302544441,49.9477169745556
FR,2024-03-29,1037,8934,1264.5252966196538,0.0,1172.0,1172.0,1172.0,1037,1156,72.72580449826994,0.0,70.24,70.24,70.24,522,4365,4144,51.29862498530967,48.70137501469033
FR,2024-03-30,1066,9897,1305.298575325855,6.239991987174342,1515.5,1509.0,1523.5,1066,1290,73.5982093023256,0.0,75.37,75.37,75.37,528,4812,4486,51.753065175306524,48.24693482469348
FR,2024-03-31,984,9252,1291.1691526156505,3.5,1168.5,1165.7,1171.3,984,1184,74.77709459459456,0.0,0.0,0.0,0.0,499,4369,4297,50.41541657050542,49.58458342949458
FR,2024-04-01,1087,10930,1328.5533394327524,5.024937810560445,1189.0,1184.5,1194.9,1087,1359,72.22653421633565,1.1149999999999949,82.015,81.123,82.907,578,5194,5146,50.232108317214696,49.7678916827853
FR,2024-04-02,1156,9462,1309.6533502430777,0.0,1298.0,1298.0,1298.0,1156,1114,73.4445601436265,0.0,95.65,95.65,95.65,547,4639,4257,52.14703237410072,47.85296762589928
FR,2024-04-03,1104,9800,1355.9932653061203,7.327175444876422,1519.0,1512.2,1527.9,1104,1319,74.78601971190292,0.0,0.0,0.0,0.0,550,4506,4687,49.015555313825736,50.98444468617427
FR,2024-04-04,1137,9164,1307.0604539502408,4.898979485566356,1523.0,1518.2,1527.8,1137,1185,73.29431223628686,0.0,0.0,0.0,0.0,516,4549,4047,52.91996277338297,47.08003722661703
FR,2024-04-05,1087,9081,1289.4237418786493,3.299831645537222,1528.0,1522.4,1528.0,1087,1072,73.80861007462688,0.0,0.0,0.0,0.0,465,4441,4047,52.320923656927434,47.67907634307257
FR,2024-04-06,1050,8436,1324.621503082029,10.759182125050213,1522.0,1508.8,1533.2,1050,1227,72.91951100244498,4.899999999999999,67.97999999999999,64.06,71.89999999999999,523,4043,3793,51.595201633486475,48.40479836651353
FR,2024-04-07,1062,9205,1311.375122216187,17.575235101952092,1517.0,1503.4,1544.8,1062,1108,73.75323104693149,11.044736302872968,80.76,67.176,88.56,481,4428,4257,50.984455958549226,49.015544041450774
FR,2024-04-08,1199,11236,1326.8553755784974,4.0,1184.0,1180.8,1187.2,1199,1297,73.22928296067838,0.0,90.95,90.95,90.95,558,5490,5070,51.98863636363637,48.01136363636363
FR,2024-04-09,1082,8998,1285.9415425650166,0.0,1181.0,1181.0,1181.0,1082,1072,74.38344216417913,0.0,81.04,81.04,81.04,540,4176,4371,48.85924885924886,51.14075114075114
FR,2024-04-10,1084,10002,1318.3145370925815,0.0,889.0,889.0,889.0,1084,1158,73.06537996545777,0.0,0.0,0.0,0.0,526,4765,4725,50.21074815595363,49.78925184404637
FR,2024-04-11,1047,8836,1302.478723404256,249.1777589504239,979.0,970.2,1397.4,1047,956,72.62476987447693,0.0,0.0,0.0,0.0,512,4348,4015,51.99091235202678,48.00908764797322
FR,2024-04-12,1030,9325,1250.9265415549582,161.03493409816392,1018.5,1000.3,1356.9999999999995,1030,1043,72.4601054650047,14.866515227180846,67.14,53.112,84.206,529,4344,4475,49.25728540650867,50.74271459349132
FR,2024-04-13,984,8632,1302.0613994439298,0.0,1189.0,1189.0,1189.0,984,1075,72.87279999999991,0.0,0.0,0.0,0.0,486,4323,3906,52.533722201968644,47.466277798031356
FR,2024-04-14,988,8872,1286.12759242561,290.26688392809376,1488.0,911.6,1517.4,988,1043,72.56650047938639,11.83790158300401,73.375,62.875,87.13499999999999,459,4403,4057,52.04491725768321,47.95508274231678
FR,2024-04-15,1064,10143,1302.5693581780554,248.87106821354303,1021.0,924.5,1453.0,1064,1268,72.79676656151425,0.0,71.82,71.82,71.82,537,4960,4755,51.05506948018528,48.94493051981472
FR,2024-04-16,1011,9489,1235.5497944988924,190.46007455632267,1062.0,1031.0,1449.1,1011,1143,72.54448818897644,0.0,48.68,48.68,48.68,532,4503,4504,49.99444876207394,50.00555123792606
FR,2024-04-17,1073,10314,1263.3004653868538,5.948760803902005,942.0,934.2,946.8,1073,1400,73.54992857142861,0.0,0.0,0.0,0.0,533,5059,4735,51.654073922809886,48.345926077190114
FR,2024-04-18,969,9300,1272.9177419354853,8.986959001729417,915.0,903.5,925.9,969,1125,73.77786666666661,0.0,84.22,84.22,84.22,468,4363,4499,49.23267885353194,50.76732114646807
FR,2024-04-19,1075,9292,1237.7410675850208,658.5910750090928,977.5,952.5,2282.9,1075,1251,74.54281374900084,0.3099999999999951,89.82,89.572,90.068,523,4429,4338,50.5189916733204,49.48100832667959
FR,2024-04-20,939,8091,1276.9116302064033,5.792715732327588,1451.0,1447.0,1458.2,939,1184,74.96247466216224,0.0,81.38,81.38,81.38,436,3902,3774,50.83376758728504,49.166232412714955
FR,2024-04-21,962,8523,1297.7092573037671,0.0,1438.0,1438.0,1438.0,962,1076,74.46013011152411,0.0,70.7,70.7,70.7,473,4150,3868,51.75854327762535,48.24145672237466
FR,2024-04-22,1061,10007,1258.6967123013908,0.0,1199.0,1199.0,1199.0,1061,1278,73.47347417840373,0.0,0.0,0.0,0.0,493,4955,4471,52.56736685762784,47.43263314237216
FR,2024-04-23,1063,10423,1259.245130960376,581.3928520313908,983.0,966.4,2309.6,1063,1252,73.02417731629383,25.57,67.25,46.794,87.70599999999999,546,5058,4749,51.57540532272866,48.42459467727134
FR,2024-04-24,1136,10984,1171.5940458849198,0.0,1199.0,1199.0,1199.0,1136,1274,73.0609890109889,0.0,0.0,0.0,0.0,588,5541,4854,53.30447330447331,46.695526695526695
FR,2024-04-25,990,10235,1271.8121152906706,0.0,1385.0,1385.0,1385.0,990,1461,75.49597535934292,0.0,0.0,0.0,0.0,560,5363,4285,55.586650082918744,44.41334991708126
FR,2024-04-26,1095,10668,1275.6595425571816,0.0,930.0,930.0,930.0,1095,1426,73.83426367461439,0.0,0.0,0.0,0.0,552,5056,4919,50.68671679197995,49.313283208020046
FR,2024-04-27,1000,9526,1248.327209741759,449.4807187213942,1021.0,653.8,1287.8000000000036,1000,1129,74.63306465899012,4.735302407332494,73.1,71.86,80.444,469,4590,4544,50.251806437486316,49.748193562513684
FR,2024-04-28,1033,9988,1343.7582098518235,449.4313553924298,1025.0,1008.6,2286.4,1033,1174,73.98757240204432,10.22555934900385,65.32,62.314,83.446,501,4865,4626,51.2590875566326,48.7409124433674
FR,2024-04-29,1011,9646,1269.0156541571614,0.0,1193.0,1193.0,1193.0,1011,1291,73.03278853601853,0.0,67.21,67.21,67.21,550,4719,4372,51.90848091519085,48.09151908480915
FR,2024-04-30,1103,9738,1249.255083179297,0.0,1427.0,1427.0,1427.0,1103,1071,74.41885154061619,0.0,0.0,0.0,0.0,553,4773,4451,51.74544666088465,48.254553339115354
FR,2024-05-01,1032,10837,1320.947217864723,0.0,1185.0,1185.0,1185.0,1032,1444,73.77903739612182,0.0,0.0,0.0,0.0,561,5250,5108,50.68546051361267,49.31453948638733
FR,2024-05-02,1034,11458,1321.0679874323616,3.766629793329841,1431.5,1428.0,1435.7,1034,1228,75.08820846905522,0.0,0.0,0.0,0.0,571,5593,5242,51.61975080756807,48.38024919243193
FR,2024-05-03,1085,9857,1249.9369990869434,4.0,1442.0,1438.8,1445.2,1085,1054,73.23544592030363,0.0,0.0,0.0,0.0,536,4661,4573,50.47649989170458,49.52350010829543
FR,2024-05-04,981,9823,1345.578132953272,4.0,1456.0,1452.8,1459.2,981,1000,75.56346,0.0,0.0,0.0,0.0,514,4646,4586,50.324956672443676,49.67504332755633
FR,2024-05-05,1031,10002,1286.2896420715886,12.941105911869442,1486.5,1471.0,1501.0,1031,1394,74.14246054519379,7.624025757432876,83.285,71.25500000000001,84.472,602,4745,4758,49.93160054719562,50.06839945280438
FR,2024-05-06,1041,10547,1295.053759362855,13.613718571108093,1497.5,1474.5,1509.0,1041,1275,73.99887843137246,0.0,61.6,61.6,61.6,547,5312,4659,53.274496038511685,46.72550396148832
FR,2024-05-07,1069,8627,1234.2952358873304,7.188426071662357,1488.0,1478.6,1496.4,1069,1093,73.64483989021045,0.0,0.0,0.0,0.0,531,4312,3824,52.99901671583087,47.00098328416912
FR,2024-05-08,965,8613,1252.6799024730058,4.710360920354193,1493.0,1487.1,1496.8,965,1079,73.15714550509729,0.0,0.0,0.0,0.0,563,4288,3901,52.36292587617536,47.63707412382464
FR,2024-05-09,941,8031,1326.0468185780096,190.066389399056,918.0,891.8,1477.8,941,975,74.11795897435896,5.7129803080353785,73.81,68.956,81.358,433,3933,3694,51.566802150255675,48.43319784974433
FR,2024-05-10,974,8555,1234.1837521916975,238.05508809035453,925.0,896.8,1465.4,974,974,75.29316221765916,0.0,75.51,75.51,75.51,484,4276,3878,52.44051999018886,47.55948000981113
FR,2024-05-11,908,8347,1299.1910866179471,10.967102796545676,942.0,927.0,955.0,908,1118,73.15444543828261,0.0,73.46,73.46,73.46,484,4147,3696,52.87517531556802,47.12482468443198
FR,2024-05-12,1037,10232,1263.0080140734954,0.0,1194.0,1194.0,1194.0,1037,1047,73.12493791786059,0.0,0.0,0.0,0.0,526,5098,4560,52.78525574653137,47.21474425346862
FR,2024-05-13,1086,11537,1241.7243650862451,225.01388846024597,1016.5,999.9,1474.0,1086,1241,72.92804190169221,17.18824081231765,61.51,53.022,85.494,554,5629,5336,51.336069311445506,48.663930688554494
FR,2024-05-14,1137,12088,1339.7551290536073,0.0,1188.0,1188.0,1188.0,1137,1362,72.70218061674007,0.0,69.83,69.83,69.83,600,5889,5557,51.450288310326755,48.549711689673245
FR,2024-05-15,1074,10686,1316.4825940482874,170.08985860420955,1036.0,1019.0,1461.8,1074,1236,71.4867961165048,0.0,63.34,63.34,63.34,559,5221,4914,51.51455352738037,48.485446472619635
FR,2024-05-16,1036,9462,1264.2749947157054,13.246400568746276,1011.0,994.4,1027.8,1036,1223,73.58340964840559,3.094999999999995,65.725,63.249,68.201,534,4661,4194,52.6369282891022,47.3630717108978
FR,2024-05-17,1019,9766,1323.2763669875062,7.32575365861197,987.5,980.5,996.0,1019,1238,72.64440226171237,0.0,63.01,63.01,63.01,578,4554,4649,49.48386395740519,50.51613604259481
FR,2024-05-18,963,9739,1322.5479001950914,185.50955650735503,1008.0,984.8,1460.2,963,1146,74.78251308900522,0.0,74.97,74.97,74.97,537,4524,4686,49.12052117263844,50.87947882736157
FR,2024-05-19,1016,9352,1308.5494011976025,0.0,930.0,930.0,930.0,1016,1127,75.90330079858033,0.0,0.0,0.0,0.0,481,4655,4294,52.016985138004245,47.983014861995755
FR,2024-05-20,1094,9986,1307.0441618265595,224.72803865567084,1025.0,1014.4,1471.6,1094,967,74.00686659772498,3.520000000000003,70.78999999999999,67.97399999999999,73.60600000000001,570,4720,4776,49.70513900589722,50.29486099410278
FR,2024-05-21,1034,9694,1270.5551887765623,161.8493812846445,1448.0,1228.0,1457.0,1034,1227,75.54063569682162,0.0,85.01,85.01,85.01,507,4741,4461,51.52140838948055,48.47859161051945
FR,2024-05-22,1095,10978,1302.6425578429596,167.2887344119652,1018.0,1010.0,1447.0,1095,1307,73.83617444529459,0.0,85.11,85.11,85.11,612,5443,4839,52.93717175646761,47.06282824353239
FR,2024-05-23,1148,10087,1300.7122038267078,0.0,919.0,919.0,919.0,1148,1164,72.31280068728532,0.0,0.0,0.0,0.0,532,4615,4928,48.360054490202245,51.639945509797755
FR,2024-05-24,1097,10157,1276.758688589152,663.9895365420576,2233.0,923.0,2252.0,1097,1333,74.38283570892733,14.98180451970545,74.31,66.42999999999999,94.862,545,5042,4582,52.38985868661678,47.61014131338321
FR,2024-05-25,1028,8509,1258.6479022211772,7.6,1444.0,1438.6,1454.8,1028,995,73.63628140703511,0.0,0.0,0.0,0.0,516,3965,4124,49.017183829892446,50.98281617010756
FR,2024-05-26,1016,9080,1210.8940528634373,448.5179267080776,1055.0,1039.0,2212.6,1016,986,73.48244421906685,0.0,85.1,85.1,85.1,517,4403,4169,51.36490900606626,48.63509099393374
FR,2024-05-27,1119,11087,1253.1502660773856,591.5744753296847,2231.0,1032.0,2259.2,1119,1302,73.53444700460823,14.96778169565847,80.88,57.936,85.232,571,5408,5082,51.553860819828415,48.44613918017159
FR,2024-05-28,1127,9878,1337.8209151650142,604.6846799201858,1032.0,1009.6,2274.0,1127,1436,74.21188718662961,6.440985086839506,79.54,69.444,81.052,555,4705,4616,50.47741658620319,49.5225834137968
FR,2024-05-29,1104,11725,1312.0548400852874,549.2638649942573,1025.0,1016.0,2265.0,1104,1521,75.09464825772514,0.0,79.86,79.86,79.86,568,5875,5281,52.662244532090355,47.337755467909645
FR,2024-05-30,1113,12174,1288.2879086577952,607.0013039982333,2264.5,1033.5,2282.1,1113,1299,74.09382602001533,12.195462106865817,81.21,58.658,82.878,571,5888,5522,51.603856266432956,48.39614373356705
FR,2024-05-31,1085,11186,1256.8456999821212,4.998437255783052,1461.5,1457.9,1468.6,1085,1006,74.1322067594433,5.57,82.22,77.76400000000001,86.676,529,5377,5252,50.58801392416973,49.41198607583028
FR,2024-06-01,1021,10547,1246.5463164880998,641.298817257063,1041.0,998.0,2303.0,1021,1151,72.55597741094695,13.89016020848154,76.69,52.932,85.598,542,5224,4760,52.32371794871795,47.67628205128205
FR,2024-06-02,1045,8875,1270.2315492957755,3.559026084010437,1471.0,1470.2,1476.6,1045,1120,73.5659821428572,7.384999999999998,85.725,79.81700000000001,91.633,534,4441,3937,53.00787777512532,46.99212222487467
FR,2024-06-03,1117,9814,1194.065314856327,7.1799039275023215,1493.0,1483.6,1501.0,1117,1029,74.10266277939738,0.0,0.0,0.0,0.0,481,4962,4405,52.9732038005765,47.02679619942351
FR,2024-06-04,1097,9190,1217.8923830250276,6.226998490772391,1509.0,1504.8,1518.0,1097,1021,74.14291870714992,10.476226360192875,80.335,69.517,91.664,541,4408,4407,50.005672149744754,49.994327850255246
FR,2024-06-05,1111,10582,1272.2492912492917,7.44796765716811,1514.0,1505.5,1522.0,1111,1297,75.45208943716277,0.0,82.6,82.6,82.6,589,5205,4775,52.15430861723447,47.84569138276553
FR,2024-06-06,1037,9842,1303.175066043489,4.496912521077347,1527.0,1522.2,1531.0,1037,1168,74.82283390410956,0.0,0.0,0.0,0.0,511,4795,4503,51.57023015702301,48.42976984297698
FR,2024-06-07,1054,8485,1245.1151443724218,4.0,1544.0,1540.8,1547.2,1054,871,74.0740528128587,0.0,90.11,90.11,90.11,520,4156,3872,51.76880916791231,48.2311908320877
FR,2024-06-08,1022,9297,1193.7836936646224,0.0,1558.0,1558.0,1558.0,1022,1018,72.01642436149324,0.0,0.0,0.0,0.0,525,4690,4170,52.934537246049665,47.065462753950335
FR,2024-06-09,1010,8180,1271.2239608801974,10.059851752583167,1568.0,1556.4,1579.5,1010,976,74.9275102459017,4.100000000000001,70.71000000000001,67.43,73.99000000000001,477,4000,3787,51.36766405547708,48.63233594452293
FR,2024-06-10,1082,11260,1202.2026642984013,608.3846553693551,2249.5,1429.5,2256.0,1082,1171,74.76479931682321,0.0,53.78,53.78,53.78,512,5657,5092,52.62815145594939,47.37184854405061
FR,2024-06-11,1193,9990,1253.0140140140163,3.5,1550.5,1547.7,1553.3,1193,1299,73.68826020015383,0.0,73.52,73.52,73.52,572,4705,4771,49.65175179400591,50.348248205994096
FR,2024-06-12,1110,10418,1283.2830677673262,4.5,1557.5,1553.9,1561.1,1110,1226,74.525383360522,0.0,0.0,0.0,0.0,553,4792,5149,48.2044059953727,51.7955940046273
FR,2024-06-13,1035,10972,1263.1708895370032,4.027681991198191,1568.0,1561.6,1568.8,1035,1350,74.11472592592591,0.0,62.39,62.39,62.39,522,5177,5291,49.45548337791364,50.544516622086356
FR,2024-06-14,1150,10433,1306.4781941915066,16.918103387266026,966.0,940.5,978.5,1150,1114,74.8162746858168,0.0,0.0,0.0,0.0,565,5015,4932,50.417211219463155,49.582788780536845
FR,2024-06-15,1035,9714,1209.0009264978362,300.60607112964306,1550.5,939.2,1560.9,1035,1131,71.36401414677276,0.0,0.0,0.0,0.0,521,4524,4767,48.6922828543752,51.3077171456248
FR,2024-06-16,973,10164,1272.3229043683586,287.1009843358458,1510.0,948.0,1535.0,973,997,72.70736208625874,12.04,80.41999999999999,70.788,90.05199999999999,488,4989,4774,51.101095974597975,48.89890402540203
FR,2024-06-17,1130,10453,1280.2913995982017,4.0,960.0,956.8,963.2,1130,1058,74.99103969754243,0.0,0.0,0.0,0.0,524,5041,4845,50.991300829455795,49.008699170544205
FR,2024-06-18,1088,9399,1318.127353973829,9.868523450954596,980.0,965.0,988.0,1088,1091,73.99507791017419,9.80614858137485,65.075,61.365,80.027,468,4409,4462,49.70127381354977,50.298726186450224
FR,2024-06-19,1106,10502,1312.1855836983461,21.95449840010015,469.0,466.6,505.0,1106,990,74.92083838383836,0.0,0.0,0.0,0.0,505,5197,4694,52.542715600040445,47.45728439995956
FR,2024-06-20,998,9356,1282.1634245404016,36.08267151519507,528.0,487.6,565.8,998,1109,73.06923354373302,0.0,0.0,0.0,0.0,506,4419,4481,49.651685393258425,50.348314606741575
FR,2024-06-21,1090,9844,1214.1116416091043,22.68682528522868,525.0,490.8,546.4,1090,1221,73.32046683046686,0.0,0.0,0.0,0.0,532,4891,4480,52.19293565254508,47.80706434745491
FR,2024-06-22,1001,10076,1275.0084358872564,5.2493385826745405,986.0,984.4,994.0,1001,1154,74.05623050259965,0.0,0.0,0.0,0.0,501,4945,4630,51.64490861618799,48.35509138381201
FR,2024-06-23,1054,10290,1249.3477162293482,232.1043509977056,1509.0,990.0,1519.0,1054,1151,73.38754995655951,5.354999999999997,74.305,70.021,78.589,508,4818,4859,49.78815748682443,50.211842513175576
FR,2024-06-24,1070,10243,1290.499560675583,250.531934092243,1252.5,1000.4,1504.6,1070,1141,75.04000000000002,0.0,0.0,0.0,0.0,545,5131,4592,52.77177825773938,47.228221742260615
FR,2024-06-25,1051,8933,1273.5245718123824,91.19530324163264,1055.5,1047.0,1220.0,1051,1137,74.81063324538263,3.5,76.05,73.25,78.85,556,4370,4070,51.77725118483413,48.22274881516588
FR,2024-06-26,1031,8931,1288.0003359086331,58.5,1072.5,1025.7,1119.3,1031,907,74.60563395810361,1.6450000000000031,73.745,72.429,75.061,510,4485,3953,53.15240578336099,46.84759421663902
FR,2024-06-27,1001,8144,1300.281679764245,234.2670271292996,1121.0,1001.2,1512.4,1001,1030,73.74354368932043,0.0,74.38,74.38,74.38,550,4065,3781,51.80983940861586,48.19016059138414
FR,2024-06-28,1044,9429,1282.3606957259533,4.0,1006.0,1002.8,1009.2,1044,1070,72.8191028037384,0.0,61.6,61.6,61.6,524,4492,4418,50.415263748597084,49.584736251402916
FR,2024-06-29,959,9476,1268.993246095399,236.52642558496504,1259.0,1020.4,1496.2,959,1117,74.71882721575648,0.0,81.35,81.35,81.35,466,4629,4282,51.94703175850073,48.05296824149927
FR,2024-06-30,981,9700,1318.1171134020608,239.33906388218367,1249.5,999.6,1486.3,981,1055,73.14694786729864,0.6649999999999991,65.66499999999999,65.133,66.197,532,4592,4564,50.15290519877675,49.84709480122324
FR,2024-07-01,1012,9589,1265.0758160392152,0.0,1002.0,1002.0,1002.0,1012,1126,73.78273534635878,0.0,74.35,74.35,74.35,497,4544,4631,49.525885558583106,50.474114441416894
FR,2024-07-02,1040,10138,1276.880745709212,233.36809264907373,1002.0,995.6,1394.8,1040,1135,73.82854625550651,0.0,67.37,67.37,67.37,509,4910,4724,50.965331118953706,49.034668881046294
FR,2024-07-03,1046,10103,1278.1111551024428,188.7362057791266,993.0,977.0,1477.0,1046,1212,74.457995049505,2.388058253523606,62.17,60.834,65.386,545,4627,4974,48.19289657327362,51.807103426726385
FR,2024-07-04,969,8619,1273.6796612135988,0.0,1483.0,1483.0,1483.0,969,819,74.61455433455419,0.0,0.0,0.0,0.0,454,4450,3774,54.10992217898832,45.89007782101167
FR,2024-07-05,937,7324,1265.724467504096,596.503863671477,1027.5,1013.1,2249.8,937,739,75.73700947225979,3.8868303281723007,79.22999999999999,76.905,84.467,387,3599,3322,52.00115590232626,47.99884409767375
FR,2024-07-06,899,8318,1248.8389035825926,238.57428088542989,1253.5,1002.2,1487.3,899,973,75.73093525179858,15.985,67.425,54.637,80.213,468,4108,3784,52.052711606690316,47.94728839330968
FR,2024-07-07,864,7858,1264.1649274624576,0.0,1476.0,1476.0,1476.0,864,858,73.43505827505822,0.0,0.0,0.0,0.0,429,3854,3567,51.93370165745856,48.06629834254144
FR,2024-07-08,1035,8458,1247.3532750059137,632.6457366482236,2236.0,985.0,2245.0,1035,861,73.45186991869917,4.404999999999994,73.805,70.281,77.329,478,4010,4031,49.869419226464366,50.13058077353563
FR,2024-07-09,957,8404,1257.740242741553,0.0,919.0,919.0,919.0,957,818,73.0688508557458,0.0,0.0,0.0,0.0,408,4300,3732,53.535856573705175,46.46414342629482
FR,2024-07-10,1062,8715,1244.304532415376,0.0,1483.0,1483.0,1483.0,1062,986,74.66924949290049,0.0,0.0,0.0,0.0,474,4036,4105,49.57621913769807,50.423780862301925
FR,2024-07-11,971,8988,1251.942478860702,267.1710385737131,607.0,336.2,974.0,971,977,74.45445240532224,4.110071640359676,67.41,61.562,69.282,488,4406,4230,51.01899027327467,48.98100972672533
FR,2024-07-12,953,9024,1286.9021498226955,4.0,1495.0,1491.8,1498.2,953,907,75.19963616317534,0.0,0.0,0.0,0.0,442,4196,4349,49.104739613809244,50.895260386190756
FR,2024-07-13,975,8537,1244.976806840806,3.5,1489.5,1486.7,1492.3,975,944,74.15752118644062,0.0,0.0,0.0,0.0,486,4235,3887,52.14232947549865,47.85767052450136
FR,2024-07-14,896,8551,1264.7233072155302,6.098155458825234,1476.0,1468.7,1481.2,896,947,73.49334741288271,0.0,0.0,0.0,0.0,438,4128,3973,50.95667201580052,49.04332798419948
FR,2024-07-15,1023,10580,1271.002646502837,4.48998886412873,1474.0,1469.2,1478.0,1023,1171,74.87967549103325,0.0,0.0,0.0,0.0,498,5278,4829,52.22123280894429,47.77876719105571
FR,2024-07-16,1032,9620,1321.129729729731,631.3450938274567,1705.0,979.0,2307.2,1032,1079,75.58328081557,7.857878035590921,74.92,64.125,81.7,486,4591,4534,50.31232876712328,49.68767123287671
FR,2024-07-17,1020,10364,1310.262446931689,87.49363459517816,1022.0,999.5,1051.0,1020,939,72.6974440894568,0.0,58.57,58.57,58.57,489,4896,4810,50.44302493303111,49.55697506696888
FR,2024-07-18,955,9102,1281.5939353988135,7.2280632232420094,1040.0,1036.8,1051.2,955,1026,74.11893762183232,0.0,76.12,76.12,76.12,491,4206,4442,48.63552266419981,51.36447733580019
FR,2024-07-19,974,9885,1265.2826504805253,4.027681991198191,1048.0,1041.6,1048.8,974,1074,76.31852886405966,0.0,79.45,79.45,79.45,476,4883,4431,52.426454799226974,47.57354520077303
FR,2024-07-20,883,8356,1245.0136428913358,0.0,1460.0,1460.0,1460.0,883,964,75.92639004149378,0.0,0.0,0.0,0.0,427,4082,3831,51.585997725262224,48.41400227473777
FR,2024-07-21,940,9318,1264.1353294698445,0.0,1469.0,1469.0,1469.0,940,982,74.48012219959263,0.0,0.0,0.0,0.0,478,4432,4326,50.605160995661116,49.39483900433889
FR,2024-07-22,976,9439,1256.6318465939191,662.9764392516299,1055.5,620.0,2248.6,976,908,74.46516519823793,11.934174667734675,72.05,58.761,84.45700000000001,453,4572,4288,51.60270880361174,48.39729119638827
FR,2024-07-23,1009,9912,1293.738095238095,6.0,1131.0,1126.2,1135.8,1009,1211,77.30654830718433,0.0,69.37,69.37,69.37,460,5050,4328,53.84943484751547,46.15056515248454
FR,2024-07-24,1020,9731,1308.4744630562138,4.833153732295301,1042.0,1035.7,1045.8,1020,1204,74.36327242524908,7.590000000000003,76.61,70.538,82.682,531,4663,4419,51.34331645012112,48.656683549878885
FR,2024-07-25,1027,9121,1265.8887183422878,151.64944957221425,1147.0,1136.6,1399.0,1027,1078,73.37027829313541,0.0,70.62,70.62,70.62,515,4307,4319,49.930442847206116,50.06955715279388
FR,2024-07-26,944,8191,1228.8472713954343,0.0,1144.0,1144.0,1144.0,944,918,76.448311546841,0.0,0.0,0.0,0.0,465,3910,3851,50.38010565648756,49.619894343512435
FR,2024-07-27,828,7608,1237.3665878023137,6.363961030678928,1133.0,1126.7,1139.3,828,921,73.65774158523341,2.565000000000005,82.975,80.923,85.027,435,3841,3342,53.47347904775164,46.52652095224836
FR,2024-07-28,816,8361,1275.6008850615954,665.9707357184197,952.5,752.5,2224.0,816,804,72.66558457711436,9.462590343029754,75.99,67.028,85.544,418,4160,3730,52.72496831432193,47.27503168567807
FR,2024-07-29,964,8970,1285.1075808249718,10.062305898749054,1100.5,1089.7,1111.3,964,850,74.44390588235296,0.0,53.3,53.3,53.3,440,4202,4225,49.86353387919782,50.13646612080218
FR,2024-07-30,892,7872,1243.826727642278,675.1997736781315,757.5,566.9,2215.4,892,950,73.93590526315786,0.0,76.81,76.81,76.81,417,3831,3600,51.55429955591442,48.44570044408559
FR,2024-07-31,918,8491,1306.5728418325305,6.531972647421808,1086.0,1079.6,1092.4,918,928,74.441099137931,1.5549999999999995,57.345,56.101,58.589,462,4088,4002,50.53152039555007,49.46847960444994
FR,2024-08-01,980,8199,1244.9201122088073,0.0,1086.0,1086.0,1086.0,980,1070,73.51255140186913,0.0,54.61,54.61,54.61,470,3976,3754,51.4359637774903,48.564036222509706
FR,2024-08-02,905,8086,1232.5584961662146,8.94427190999916,1066.0,1056.4,1075.6,905,996,74.6104819277108,0.0,78.51,78.51,78.51,431,3909,3729,51.17831893165751,48.8216810683425
FR,2024-08-03,859,7324,1246.7074003276878,76.3899305380186,937.0,913.0,1123.0,859,921,74.5890879478828,2.5600000000000023,77.37,75.322,79.418,469,3543,3320,51.62465394142504,48.37534605857497
FR,2024-08-04,915,8058,1274.4796475552223,0.0,906.0,906.0,906.0,915,1048,74.00776717557258,0.0,0.0,0.0,0.0,379,3905,3713,51.260173273825146,48.739826726174854
FR,2024-08-05,908,8014,1276.1383828300495,0.0,1038.0,1038.0,1038.0,908,1033,73.38979670861562,0.0,0.0,0.0,0.0,424,3755,3858,49.32352554840405,50.67647445159595
FR,2024-08-06,921,7750,1309.3251612903216,307.78568091263736,900.0,670.0,942.0,921,1156,73.37057093425605,10.33820866172343,73.215,60.535,82.595,538,3722,3609,50.77069976810803,49.22930023189196
FR,2024-08-07,941,8567,1289.3860161083217,0.0,1030.0,1030.0,1030.0,941,891,74.89215488215483,0.0,72.71,72.71,72.71,456,4560,3578,56.033423445564026,43.96657655443598
FR,2024-08-08,955,7278,1242.258724924433,0.0,1038.0,1038.0,1038.0,955,956,74.44049163179902,0.0,82.24,82.24,82.24,465,3423,3401,50.16119577960141,49.83880422039859
FR,2024-08-09,898,9010,1290.0704772475017,3.5,1027.5,1024.7,1030.3,898,1182,75.08605752961091,0.0,0.0,0.0,0.0,480,4335,4228,50.624781034684105,49.375218965315895
FR,2024-08-10,863,7792,1261.106776180695,4.0,1020.0,1016.8,1023.2,863,812,73.98342364532023,0.0,86.72,86.72,86.72,411,3620,3761,49.04484487196857,50.955155128031436
FR,2024-08-11,901,7576,1270.0640179514244,0.0,1171.0,1171.0,1171.0,901,755,72.81797350993382,0.0,0.0,0.0,0.0,399,3768,3434,52.318800333240766,47.681199666759234
FR,2024-08-12,986,8888,1295.2630513051292,211.5561391215107,1450.0,1026.2,1463.8,986,1043,75.10993288590593,0.0,73.81,73.81,73.81,472,4444,4016,52.529550827423165,47.470449172576835
FR,2024-08-13,1030,8739,1272.1142007094631,221.03619613086,1240.0,1017.4,1462.6,1030,965,74.44432124352328,0.0,54.99,54.99,54.99,476,4050,4163,49.3120662364544,50.6879337635456
FR,2024-08-14,942,9216,1314.3266059027787,3.771236166328253,1007.0,1007.0,1013.4,942,1005,73.93918407960197,0.0,67.26,67.26,67.26,487,4587,4126,52.64547228279582,47.35452771720418
FR,2024-08-15,903,9438,1316.0429116338205,4.0,1451.0,1447.8,1454.2,903,1044,75.75796934865899,0.0,0.0,0.0,0.0,494,4562,4418,50.801781737193764,49.198218262806236
FR,2024-08-16,990,9446,1239.4200719881424,4.5,1004.5,1000.9,1008.1,990,1230,73.61078861788607,10.974999999999998,66.465,57.685,75.245,520,4728,4226,52.80321643958008,47.196783560419924
FR,2024-08-17,893,9092,1221.027496700396,176.33105228518315,1455.0,1192.2,1461.2,893,1057,73.13934720908229,0.2399999999999948,84.08,83.888,84.27199999999999,461,4337,4394,49.67357690986141,50.32642309013858
FR,2024-08-18,1009,9015,1254.8841930116478,22.01633792896696,960.0,930.0,985.0,1009,1016,74.06368110236217,2.289999999999999,76.12,74.288,77.952,513,4331,4177,50.90503055947344,49.09496944052656
FR,2024-08-19,1002,8851,1140.9562761269922,4.5,1450.5,1446.9,1454.1,1002,946,70.95678646934472,0.0,0.0,0.0,0.0,464,4203,4156,50.28113410695059,49.718865893049404
FR,2024-08-20,1005,7739,1202.3378989533535,200.37354005845071,1041.0,1034.6,1377.8,1005,1117,74.54189794091315,0.6899999999999977,83.0,82.44800000000001,83.55199999999999,512,3660,3601,50.4062801267043,49.59371987329569
FR,2024-08-21,971,8307,1187.0382809678588,108.74957965151022,727.0,683.0,854.2,971,918,75.93892156862745,6.617775725691797,83.7,77.268,90.236,400,4203,3607,53.815620998719595,46.18437900128041
FR,2024-08-22,958,8955,1191.6180904522607,181.02555068276965,1052.5,1048.3,1345.1,958,1053,73.32767331433989,9.354999999999997,67.245,59.761,74.729,551,4395,4103,51.71805130618969,48.28194869381031
FR,2024-08-23,1006,10639,1193.47156687659,183.0923710221991,1065.0,1045.4,1461.0,1006,1273,73.76930871956004,0.0,70.27,70.27,70.27,590,5362,4833,52.594409024031386,47.405590975968614
FR,2024-08-24,926,8097,1188.0116092379865,0.0,1081.0,1081.0,1081.0,926,907,73.09767364939358,0.0,0.0,0.0,0.0,407,3846,3873,49.82510687912942,50.17489312087058
FR,2024-08-25,953,8555,1218.6049094097002,3.771236166328253,1073.0,1066.6,1073.0,953,967,74.85744570837637,0.0,69.84,69.84,69.84,450,3931,4109,48.89303482587064,51.10696517412935
FR,2024-08-26,1052,9711,1214.7151683657708,189.20792201993564,1081.0,1059.4,1467.7,1052,1061,73.77508011310087,7.004100138490307,81.36500000000001,73.47,88.301,502,4958,4232,53.949945593035906,46.050054406964094
FR,2024-08-27,1013,9310,1173.158109559613,201.20695813018,1446.0,1039.6,1457.0,1013,1221,74.20005733005719,0.0,0.0,0.0,0.0,443,4686,4164,52.94915254237288,47.05084745762712
FR,2024-08-28,971,8686,1281.1138613861394,201.0,1237.0,1076.2,1397.8,971,1089,74.16626262626264,0.0,81.29,81.29,81.29,537,4239,3970,51.6384456084785,48.3615543915215
FR,2024-08-29,1033,8795,1295.4428652643546,171.87857274050486,1088.0,1064.0,1445.2,1033,1189,74.66477712363319,6.970094601223144,68.61,64.029,78.406,558,4332,3974,52.155068625090294,47.844931374909706
FR,2024-08-30,1062,9722,1244.2848179386972,172.9389387709138,1426.0,1017.6,1436.2,1062,1153,73.17934952298357,0.0,0.0,0.0,0.0,572,4673,4478,51.065457327068074,48.93454267293192
FR,2024-08-31,953,9664,1309.2397557947015,197.4653274768904,1437.0,1022.5,1445.5,953,1156,74.55693771626292,0.0,85.24,85.24,85.24,559,4697,4353,51.90055248618785,48.09944751381215
FR,2024-09-01,998,9428,1263.2218922358925,211.17659803007425,1442.0,1017.7,1455.8,998,947,75.2300633579725,0.0,0.0,0.0,0.0,507,4718,4113,53.425433133280485,46.574566866719515
FR,2024-09-02,1125,9266,1291.067019210016,7.192661190407901,1454.0,1445.2,1462.6,1125,1285,74.43903501945525,7.68,72.08000000000001,65.936,78.224,569,4241,4535,48.324977210574296,51.675022789425704
FR,2024-09-03,1099,9452,1319.45471857808,199.3996849922286,1450.0,1004.5,1463.5,1099,1220,73.7891229508197,11.765,75.895,66.48299999999999,85.307,640,4527,4306,51.250990603419,48.74900939658101
FR,2024-09-04,1072,8097,1314.1538841546253,0.0,1152.0,1152.0,1152.0,1072,1024,75.10708007812505,0.0,0.0,0.0,0.0,507,3947,3733,51.393229166666664,48.606770833333336
FR,2024-09-05,1122,8322,1261.5855563566456,13.132750504082118,1484.0,1464.5,1495.6,1122,1096,74.009397810219,0.0,71.31,71.31,71.31,555,4093,3883,51.31644934804414,48.68355065195587
FR,2024-09-06,1056,9363,1300.2650859767175,0.0,1169.0,1169.0,1169.0,1056,1166,73.83992281303608,0.0,0.0,0.0,0.0,535,4604,4176,52.4373576309795,47.5626423690205
FR,2024-09-07,1006,8713,1293.8971651555155,6.015604707757983,1181.0,1171.6,1182.7,1006,1107,74.19549232158997,9.235,84.675,77.28699999999999,92.063,567,4204,4012,51.16845180136319,48.8315481986368
FR,2024-09-08,1008,9570,1299.0805642633206,6.676555166318098,1483.0,1473.1,1486.8,1008,1208,75.16306291390732,0.0,81.03,81.03,81.03,484,4725,4281,52.46502331778814,47.53497668221186
FR,2024-09-09,1088,9868,1327.437880016216,664.9361696729762,2278.0,849.2,2291.4,1088,1171,75.70664389410753,2.7688064014822142,73.74,69.236,74.108,471,4861,4451,52.20146048109966,47.79853951890035
FR,2024-09-10,1160,9940,1256.2222334004036,645.0883653281358,1032.0,841.0,2286.6,1160,1271,74.47763965381607,11.35264368990765,61.81,50.202,74.57300000000001,557,4663,4748,49.54840080756561,50.45159919243438
FR,2024-09-11,1103,10358,1296.6380575400626,0.0,1191.0,1191.0,1191.0,1103,1407,72.03560767590615,0.0,0.0,0.0,0.0,590,4979,4811,50.85801838610827,49.14198161389173
FR,2024-09-12,1117,9270,1304.653182308523,0.0,1476.0,1476.0,1476.0,1117,1404,75.34259971509971,0.0,0.0,0.0,0.0,573,4479,4260,51.25300377617577,48.74699622382423
FR,2024-09-13,1045,8120,1274.6811576354673,7.0,1182.0,1176.4,1187.6,1045,1086,75.26078268876624,0.0,91.97,91.97,91.97,503,4122,3592,53.43531241897848,46.564687581021516
FR,2024-09-14,962,8914,1305.2574601750034,0.0,1468.0,1468.0,1468.0,962,1017,74.36201573254668,0.0,60.57,60.57,60.57,487,4124,4328,48.79318504495978,51.20681495504022
FR,2024-09-15,1008,9735,1289.3752439650734,8.234412884690418,1187.0,1176.0,1194.5,1008,1167,74.26694087403602,0.0,67.45,67.45,67.45,573,4757,4446,51.689666413126155,48.310333586873845
FR,2024-09-16,1115,10437,1255.476286289166,4.0,1484.0,1480.8,1487.2,1115,1260,75.34701587301585,0.0,0.0,0.0,0.0,557,5129,4786,51.72970247100353,48.27029752899647
FR,2024-09-17,1155,11647,1259.3734008757604,8.981462390204987,1185.0,1176.2,1193.8,1155,1306,73.28153905053608,0.0,84.38,84.38,84.38,610,5798,5197,52.73306048203729,47.26693951796271
FR,2024-09-18,1153,9722,1272.1824727422306,0.0,1184.0,1184.0,1184.0,1153,1218,72.6486535303777,0.0,0.0,0.0,0.0,624,4813,4417,52.14517876489707,47.854821235102925
FR,2024-09-19,1159,9838,1228.7947753608423,8.02744993366974,1167.0,1158.0,1180.4,1159,1269,71.19679275019709,11.353616527981858,70.67,52.06,80.9,566,4764,4560,51.0939510939511,48.9060489060489
FR,2024-09-20,1118,10235,1281.9526135808494,9.689627902499089,1186.5,1175.0,1197.5,1118,1204,73.09898671096347,4.050615865382555,79.56,78.98400000000001,86.128,585,4880,4768,50.58043117744611,49.4195688225539
FR,2024-09-21,1058,10914,1330.8477185266604,5.703561365050608,1503.0,1494.9,1509.2,1058,1504,75.58462101063836,0.0,90.99,90.99,90.99,576,5183,5103,50.388878086719814,49.611121913280186
FR,2024-09-22,1117,9623,1267.2744466382633,6.531972647421808,1185.0,1178.6,1191.4,1117,1396,73.34739971346713,12.019999999999996,69.08,59.464,78.696,615,4573,4573,50.0,50.0
FR,2024-09-23,1195,10739,1212.2869913399736,0.0,1185.0,1185.0,1185.0,1195,1295,73.82765250965262,0.0,91.61,91.61,91.61,568,5232,4898,51.64856860809477,48.35143139190523
FR,2024-09-24,1163,11693,1256.259471478663,4.5,1513.5,1509.9,1517.1,1163,1241,72.93845286059624,0.0,80.95,80.95,80.95,607,5518,5500,50.08168451624614,49.91831548375386
FR,2024-09-25,1158,10592,1262.876038519638,0.0,1527.0,1527.0,1527.0,1158,1290,72.61479844961241,0.0,0.0,0.0,0.0,608,5172,4861,51.54988537825177,48.45011462174823
FR,2024-09-26,1184,11535,1270.5922843519718,445.2202604693658,860.0,851.4,1462.999999999999,1184,1303,73.76894858019953,10.540887718256416,65.28999999999999,59.765,80.57,560,5597,5279,51.46193453475543,48.53806546524457
FR,2024-09-27,1181,10947,1253.2648214122573,3.832427429188973,1195.0,1191.3,1199.4,1181,1371,74.568242159008,5.617300656602483,77.82,68.46799999999999,78.172,562,5386,5051,51.604867299032286,48.395132700967714
FR,2024-09-28,1052,9050,1274.5987845303869,8.861903482510591,1193.0,1182.8,1203.6,1052,962,73.89305613305595,1.7749999999999986,74.505,73.08500000000001,75.925,520,4309,4182,50.74785066541043,49.25214933458957
FR,2024-09-29,1100,9545,1346.8221058145648,5.673402858955108,1163.5,1157.4,1168.9,1100,1034,74.2276982591876,0.0,72.42,72.42,72.42,525,4491,4548,49.68469963491537,50.31530036508464
FR,2024-09-30,1109,11102,1293.150603494866,658.94804764295,858.0,838.0,2316.6,1109,1217,73.4679129005752,8.87840529349475,76.455,65.74000000000001,86.55000000000001,591,5269,5340,49.66537845225752,50.334621547742486
FR,2024-10-01,1157,11297,1311.9082942374062,0.0,1162.0,1162.0,1162.0,1157,1178,72.35813242784381,0.0,0.0,0.0,0.0,543,5560,5185,51.744997673336435,48.255002326663565
FR,2024-10-02,1183,10652,1277.6947990987617,4.0,1150.0,1146.8,1153.2,1183,1149,72.70414273281122,0.0,0.0,0.0,0.0,545,5397,4676,53.57887421820708,46.42112578179291
FR,2024-10-03,1171,10336,1380.316563467492,6.275966467568228,1163.0,1155.0,1171.4,1171,1382,75.3884225759769,0.0,85.16,85.16,85.16,534,4975,4768,51.062301139279484,48.937698860720516
FR,2024-10-04,1167,10913,1312.0470081554126,0.0,1163.0,1163.0,1163.0,1167,1142,74.13470227670746,0.0,0.0,0.0,0.0,520,5457,4838,53.00631374453618,46.99368625546382
FR,2024-10-05,1064,9099,1378.5645675348937,6.545227268781429,1168.5,1161.9,1176.7,1064,1240,73.70835483870977,9.861487034449329,68.46,60.622,82.798,486,4532,4095,52.53274602990611,47.46725397009389
FR,2024-10-06,1067,11706,1323.9853066803353,10.717457969380789,1162.0,1155.0,1180.8,1067,1393,72.80552045944002,14.51741381927236,74.51,55.712,88.384,602,5731,5381,51.5748740100792,48.42512598992081
FR,2024-10-07,1121,12577,1350.3010256817965,12.499876542600207,1141.0,1128.6,1158.4,1121,1885,74.80214323607417,9.960136053492523,73.5,63.91,86.91,628,6227,5700,52.20927307789051,47.7907269221095
FR,2024-10-08,1084,10326,1299.463490218864,7.764663547121666,1159.5,1148.7,1170.1,1084,1233,74.28952149229512,12.95778787705165,75.42,54.123999999999995,76.748,643,5004,4677,51.688875116207,48.31112488379299
FR,2024-10-09,1208,11394,1373.6125153589605,10.9188929027728,1161.0,1146.0,1171.0,1208,1531,74.82032658393216,5.239999999999995,78.97,74.778,83.16199999999999,644,6022,4770,55.800593031875465,44.199406968124535
FR,2024-10-10,1124,9851,1342.383209826414,167.63811377512766,1145.5,762.7,1159.8,1124,1551,77.03278529980659,5.255620536361258,72.16,67.235,78.46,622,4589,4648,49.68063223990473,50.31936776009527
FR,2024-10-11,1093,9442,1304.0648167761076,6.7592529172978875,1123.0,1116.4,1130.3,1093,1286,74.48510886469656,0.0,0.0,0.0,0.0,517,4598,4324,51.535530150190546,48.46446984980946
FR,2024-10-12,1111,10428,1279.0349060222477,3.7735924528226414,1141.0,1134.8,1143.2,1111,1261,73.78409992069791,9.989999999999998,69.28,61.288,77.27199999999999,561,5145,4728,52.11182011546642,47.88817988453358
FR,2024-10-13,1114,9820,1241.554276985742,4.0,1140.0,1136.8,1143.2,1114,1172,74.66366894197958,0.0,72.82,72.82,72.82,589,4980,4222,54.11866985437948,45.88133014562052
FR,2024-10-14,1157,10620,1320.8654425612042,4.0,1156.0,1152.8,1159.2,1157,1316,73.10867021276593,0.0,0.0,0.0,0.0,595,5144,4861,51.414292853573215,48.585707146426785
FR,2024-10-15,1214,12311,1244.5720087726447,6.493073232299171,1160.0,1152.4,1166.4,1214,1483,73.77163182737694,0.0,84.07,84.07,84.07,636,5981,5640,51.46717149987092,48.53282850012908
FR,2024-10-16,1159,12222,1318.2551955490092,3.5,1163.5,1160.7,1166.3,1159,1486,74.81594212651429,2.0700000000000003,86.72999999999999,85.074,88.386,658,5884,5625,51.125206360239815,48.87479363976019
FR,2024-10-17,1139,10584,1337.4440665154955,3.5,1177.5,1174.7,1180.3,1139,1118,73.58860465116283,0.0,70.0,70.0,70.0,558,5045,4953,50.46009201840368,49.53990798159632
FR,2024-10-18,1160,11420,1408.2166374781082,6.128258770283411,1196.0,1190.4,1202.4,1160,1641,75.3519561243145,0.0,89.24,89.24,89.24,637,5625,5190,52.011095700416085,47.988904299583915
FR,2024-10-19,1113,12219,1392.5881823389784,10.060925515191046,1197.5,1189.5,1212.0,1113,1600,74.70761249999998,0.0,0.0,0.0,0.0,617,5920,5643,51.19778604168468,48.80221395831531
FR,2024-10-20,1128,10770,1307.872980501391,9.233092656309694,1579.0,1569.5,1590.0,1128,1235,74.77128744939272,0.0,89.68,89.68,89.68,573,5328,4818,52.513305736250736,47.486694263749264
FR,2024-10-21,1200,10768,1295.1283432392263,8.8109393972053,1241.0,1228.8,1249.4,1200,1369,74.66301680058434,4.637271707468613,81.42,74.468,83.012,652,5345,4795,52.7120315581854,47.28796844181459
FR,2024-10-22,1195,10685,1321.5891436593333,10.492036991770778,1238.0,1221.2,1247.6,1195,1357,74.1153574060428,2.460000000000001,74.22,72.25200000000001,76.188,608,5250,4912,51.663058453060415,48.33694154693958
FR,2024-10-23,1210,11687,1316.6642423205274,13.671115839024393,1213.0,1197.4,1233.6,1210,1284,74.89445482866033,11.80017584614738,69.545,53.35,78.054,576,5530,5517,50.058839503937726,49.94116049606228
FR,2024-10-24,1259,12979,1397.1252022497881,12.506092265372105,1209.5,1198.5,1229.5,1259,1787,75.5442753217682,7.633205421053465,76.55000000000001,66.105,81.157,637,6430,5759,52.75248174583641,47.24751825416359
FR,2024-10-25,1163,11250,1369.7707555555555,5.131601439446884,1238.5,1230.5,1242.0,1163,1342,73.35421758569315,4.425000000000004,78.11500000000001,74.575,81.655,559,5423,5141,51.33472169632714,48.66527830367285
FR,2024-10-26,1116,10029,1347.0114667464354,9.836157786453,1236.0,1222.9,1245.5,1116,1098,74.60489981785064,14.423968767298412,78.57,62.986000000000004,94.05600000000001,577,4740,4749,49.952576667720514,50.047423332279486
FR,2024-10-27,1097,9855,1368.790055809236,7.716930763468289,1240.0,1230.0,1245.8,1097,1181,73.33683319221002,0.0,0.0,0.0,0.0,553,4680,4604,50.40930633347694,49.59069366652305
FR,2024-10-28,1160,10599,1315.2645532597414,4.0,1552.0,1548.8,1555.2,1160,1128,74.18666666666671,0.0,0.0,0.0,0.0,572,5123,4837,51.43574297188756,48.56425702811245
FR,2024-10-29,1219,12930,1316.5168600154673,4.151430476353903,1229.0,1221.0,1230.3,1219,1457,75.18035003431713,4.143913877268957,78.18,74.188,82.308,670,6221,6096,50.507428757002515,49.492571242997485
FR,2024-10-30,1210,11655,1346.7444015443978,0.0,1550.0,1550.0,1550.0,1210,1199,73.15582985821518,0.0,0.0,0.0,0.0,664,5524,5448,50.346336128326655,49.653663871673345
FR,2024-10-31,1161,10872,1362.3200883002196,29.433540958120098,956.0,913.0,960.0,1161,1209,75.17190239867652,0.0,0.0,0.0,0.0,606,5172,5062,50.53742427203439,49.46257572796561
FR,2024-11-01,1129,9570,1320.662591431559,9.703607576566563,1203.0,1196.0,1217.0,1129,1291,72.15742060418276,4.472730569797383,79.28,72.289,80.916,594,4507,4459,50.26767789426722,49.73232210573277
FR,2024-11-02,1139,10279,1291.2560560365755,12.026637102698327,1174.0,1159.6,1186.8,1139,1337,72.95905759162304,8.663190328433666,80.7,68.86,85.316,614,5056,4637,52.16135355411121,47.83864644588879
FR,2024-11-03,1232,12791,1311.086232507229,10.07068444154156,1166.0,1152.4,1176.2,1232,1506,73.28199203187249,0.0,81.42,81.42,81.42,628,6159,6014,50.59558038281442,49.404419617185575
FR,2024-11-04,1180,12454,1316.996547294044,3.5,1128.5,1125.7,1131.3,1180,1236,73.39947411003244,0.0,0.0,0.0,0.0,641,6048,5708,51.44607009186798,48.55392990813201
FR,2024-11-05,1209,12548,1339.5805706088602,6.651315659326356,1110.0,1104.2,1118.8,1209,1103,74.07698096101554,0.0,0.0,0.0,0.0,526,6106,5851,51.06632098352429,48.93367901647571
FR,2024-11-06,1223,11909,1360.492400705347,0.0,1129.0,1129.0,1129.0,1223,1204,71.78745016611296,0.0,0.0,0.0,0.0,599,5685,5596,50.3944685754809,49.6055314245191
FR,2024-11-07,1168,11414,1302.2600315402144,0.0,1121.0,1121.0,1121.0,1168,1207,75.54506213753106,0.0,0.0,0.0,0.0,630,5630,5290,51.556776556776555,48.443223443223445
FR,2024-11-08,1169,10417,1313.3758279735064,6.098155458825234,1122.0,1116.8,1129.3,1169,1080,74.23152777777774,0.0,0.0,0.0,0.0,541,5255,4514,53.79260927423483,46.20739072576517
FR,2024-11-09,1054,9931,1408.2792266639844,0.0,1139.0,1139.0,1139.0,1054,1161,74.51373815676145,0.0,0.0,0.0,0.0,555,4921,4566,51.87098134289027,48.12901865710973
FR,2024-11-10,1122,11119,1339.6642683694572,3.0,1144.0,1141.6,1146.4,1122,1254,74.51714513556612,0.0,0.0,0.0,0.0,543,5782,4879,54.23506237688772,45.76493762311228
FR,2024-11-11,1244,13541,1345.9994830514734,278.0368680588961,1244.5,965.4,1525.0,1244,1412,74.65702549575064,7.274999999999999,71.225,65.405,77.045,635,6551,6399,50.58687258687259,49.41312741312741
FR,2024-11-12,1308,11485,1295.5269481932944,3.5,1529.5,1526.7,1532.3,1308,1267,74.84318863456987,0.0,0.0,0.0,0.0,682,5574,5273,51.38748040932977,48.61251959067023
FR,2024-11-13,1203,12935,1320.6589099342868,27.802369127928205,1027.0,1001.4,1045.2,1203,1493,73.5136101808439,15.92860285426468,56.59,41.405,77.485,629,6383,5908,51.932308192986746,48.06769180701326
FR,2024-11-14,1182,9831,1278.405045264981,219.35870167376535,979.0,973.8,1311.0,1182,1292,75.20146284829715,0.0,61.37,61.37,61.37,625,4506,4783,48.50898912692432,51.49101087307568
FR,2024-11-15,1146,10130,1258.0856860809458,0.0,1132.0,1132.0,1132.0,1146,1041,76.28076849183469,0.0,0.0,0.0,0.0,561,4876,4755,50.62817983594642,49.371820164053574
FR,2024-11-16,1112,10509,1302.4215434389575,176.23875500420473,1546.0,1425.2,1553.4,1112,1311,76.52619374523266,0.0,0.0,0.0,0.0,580,5356,4632,53.62434921906287,46.37565078093712
FR,2024-11-17,1142,13199,1305.0665201909244,0.0,1140.0,1140.0,1140.0,1142,1534,72.97888526727507,0.0,77.43,77.43,77.43,690,6250,6165,50.34232782923882,49.657672170761174
FR,2024-11-18,1254,12254,1318.0419454871867,4.5,1153.5,1149.9,1157.1,1254,1486,73.2630955585463,4.035000000000004,83.61500000000001,80.387,86.843,645,6028,5494,52.317306023259846,47.68269397674015
FR,2024-11-19,1271,13060,1323.0143185298646,250.5784419209992,1529.0,1107.4,1536.2,1271,1435,73.50376306620215,0.0,76.45,76.45,76.45,699,6263,6096,50.67562100493568,49.32437899506433
FR,2024-11-20,1209,11230,1355.5655387355275,8.651830249529095,1002.0,994.0,1010.9,1209,1240,74.27593548387101,1.740000000000002,72.24000000000001,70.848,73.632,666,5440,5201,51.12301475425242,48.876985245747576
FR,2024-11-21,1217,12551,1295.1850051788729,10.635289135702893,993.0,974.6,1001.0,1217,1452,72.81166666666664,17.100000000000005,62.08,48.4,75.76,655,6061,5882,50.749392949845095,49.250607050154905
FR,2024-11-22,1188,11789,1285.7534141996782,89.09545442950498,1151.0,999.8,1151.0,1188,1260,73.85009523809521,0.0,74.03,74.03,74.03,605,5697,5517,50.80256821829856,49.19743178170145
FR,2024-11-23,1209,12390,1274.6514124293797,41.299444083820944,995.0,978.4,1100.8,1209,1451,75.66814610613365,1.25,73.14,72.14,74.14,703,6087,5473,52.655709342560556,47.344290657439444
FR,2024-11-24,1157,12470,1267.892381716119,4.0,1164.0,1160.0,1168.0,1157,1270,74.21733858267727,0.0,64.6,64.6,64.6,577,6210,5735,51.988279614901636,48.011720385098364
FR,2024-11-25,1218,13508,1262.9223423156648,25.061778602686665,1022.0,998.8,1047.8,1218,1302,75.31137480798772,9.845277491715963,71.03,65.774,84.47800000000001,683,6692,6073,52.42459851155503,47.57540148844497
FR,2024-11-26,1303,12623,1277.777469698171,52.82958303592789,890.5,842.0,975.0,1303,1626,74.86474784747871,3.535,58.355000000000004,55.527,61.183,699,6019,5765,51.077732518669386,48.922267481330614
FR,2024-11-27,1247,10677,1230.4632387374722,7.44983221287567,855.5,848.7,863.7,1247,1330,73.91750375939846,0.0,0.0,0.0,0.0,713,5289,4888,51.9701287216272,48.0298712783728
FR,2024-11-28,1222,10428,1243.368335251246,215.00997637511708,1152.0,1057.6,1523.2,1222,1116,73.54867383512543,8.578268408536127,81.4,70.448,86.968,586,5089,4742,51.76482555182586,48.23517444817414
FR,2024-11-29,1191,9788,1261.066407846343,138.33022084851885,841.5,836.3,1065.1000000000001,1191,1254,74.65566985645923,0.0,66.51,66.51,66.51,639,4670,4495,50.95471903982543,49.04528096017457
FR,2024-11-30,1208,12035,1286.3250519318647,0.0,1152.0,1152.0,1152.0,1208,1456,74.50915521978023,0.0,0.0,0.0,0.0,679,6009,5413,52.60900017510068,47.39099982489932
FR,2024-12-01,1224,11665,1267.382254607801,12.727922061357855,846.0,831.6,860.4,1224,1479,72.72999323867478,1.4600000000000009,78.49000000000001,77.322,79.658,658,5597,5517,50.35990642432967,49.64009357567033
FR,2024-12-02,1299,12815,1242.3389777604386,144.46848395806907,1163.0,1118.8,1455.6,1299,1500,73.94531333333333,0.0,43.49,43.49,43.49,681,6188,5875,51.29735555002901,48.70264444997098
FR,2024-12-03,1249,12258,1269.5115026921194,58.57209233073375,1149.5,1115.8,1162.1,1249,1481,74.7002295746118,7.469405747596138,63.2,54.152,68.64,587,6098,5500,52.57803069494741,47.4219693050526
FR,2024-12-04,1178,11000,1254.7055454545434,6.114552731152199,866.0,861.4,874.0,1178,1112,72.9647392086332,12.810000000000002,69.48,59.232,79.72800000000001,606,5073,5277,49.01449275362319,50.98550724637681
FR,2024-12-05,1287,11405,1305.5941253836027,3.7712361663282534,875.0,875.0,881.4,1287,1433,74.60649685973489,0.0,69.32,69.32,69.32,670,5429,5236,50.90482887951242,49.09517112048757
FR,2024-12-06,1243,10564,1231.208159787959,3.919183588453085,867.0,867.0,875.0,1243,1481,73.544942606347,0.0,70.02,70.02,70.02,708,5113,4819,51.48006443817962,48.519935561820375
FR,2024-12-07,1214,12333,1248.516257196143,6.531972647421808,851.0,844.6,857.4,1214,1510,74.77543046357623,0.0,0.0,0.0,0.0,707,5803,5712,50.3951367781155,49.6048632218845
FR,2024-12-08,1187,11531,1253.2985864192174,4.0276819911981905,1145.0,1138.6,1145.8,1187,1429,73.71868439468152,0.0,82.18,82.18,82.18,670,5434,5395,50.18007202881153,49.81992797118848
FR,2024-12-09,1334,12240,1222.4085784313713,0.0,1138.0,1138.0,1138.0,1334,1506,75.08806108897748,0.0,0.0,0.0,0.0,680,5918,5625,51.26916746079875,48.730832539201245
FR,2024-12-10,1338,11627,1218.9323987270984,155.3712400099266,1148.0,1140.8,1408.0,1338,1631,76.12645616186373,0.0,0.0,0.0,0.0,737,5704,5248,52.08181154127101,47.918188458729
FR,2024-12-11,1196,11572,1276.704631870032,165.0189383070925,1311.0,1147.3,1478.9,1196,1566,74.18049169859505,0.0,46.65,46.65,46.65,619,5488,5540,49.76423648893725,50.23576351106275
FR,2024-12-12,1239,9470,1225.1517423442433,0.0,1130.0,1130.0,1130.0,1239,1226,73.42062805872764,0.0,0.0,0.0,0.0,598,4812,4205,53.365864478207826,46.63413552179217
FR,2024-12-13,1215,10907,1285.3167690474004,0.0,1155.0,1155.0,1155.0,1215,1640,74.84393292682927,0.0,81.92,81.92,81.92,654,5240,5050,50.923226433430514,49.076773566569486
FR,2024-12-14,1148,11273,1228.0210236849134,5.315072906367325,1131.5,1126.1,1136.9,1148,1320,74.82843181818176,6.954472581647648,78.18,67.9,80.788,590,5366,5408,49.80508631891591,50.194913681084095
FR,2024-12-15,1164,12357,1312.8832240835134,3.766629793329841,1137.5,1133.3,1141.0,1164,1421,75.16753694581283,0.0,0.0,0.0,0.0,616,6024,5765,51.09848163542286,48.90151836457714
FR,2024-12-16,1184,10536,1198.78454821564,658.2508710086705,1024.0,982.5,2348.2,1184,1342,73.66122205663194,5.54178888085788,79.43,70.338,82.29,648,4934,5094,49.202233745512565,50.79776625448743
FR,2024-12-17,1221,10933,1278.7386810573503,3.7712361663282534,1135.0,1128.6,1135.0,1221,1370,73.35367883211677,0.0,0.0,0.0,0.0,598,5089,5277,49.093189272622034,50.90681072737797
FR,2024-12-18,1264,11971,1318.4016372901165,104.96467659805052,1434.5,1291.0,1440.0,1264,1493,73.68889484259873,0.0,62.01,62.01,62.01,667,5639,5681,49.814487632508836,50.18551236749117
FR,2024-12-19,1208,11234,1339.578778707494,0.0,1145.0,1145.0,1145.0,1208,1334,75.09605697151422,0.0,59.12,59.12,59.12,610,5333,5268,50.30657485142911,49.69342514857089
FR,2024-12-20,1146,10067,1266.485447501739,0.0,1154.0,1154.0,1154.0,1146,1215,76.10651851851858,0.0,81.95,81.95,81.95,560,4749,4731,50.09493670886076,49.90506329113924
FR,2024-12-21,1116,10594,1264.6164810269956,3.867815921162743,1120.0,1119.4,1127.6,1116,1498,74.20961281708959,2.539999999999999,81.16,79.128,83.19200000000001,681,5168,4852,51.576846307385225,48.423153692614775
FR,2024-12-22,1144,13603,1262.8003381606984,0.0,1128.0,1128.0,1128.0,1144,1700,73.5289647058824,0.0,0.0,0.0,0.0,653,6704,6133,52.22403988470826,47.77596011529173
FR,2024-12-23,1108,9341,1274.5261749277374,4.0,1124.0,1120.8,1127.2,1108,1430,76.27204895104903,0.0,87.62,87.62,87.62,615,4358,4393,49.80002285453091,50.19997714546909
FR,2024-12-24,1078,9163,1366.3752046273064,4.0,1172.0,1168.8,1175.2,1078,1530,75.36477124183011,7.659999999999997,61.55,55.422,67.678,602,4502,4097,52.354924991278054,47.645075008721946
FR,2024-12-25,998,7963,1315.474193143287,0.0,1120.0,1120.0,1120.0,998,1092,75.47595238095245,0.0,0.0,0.0,0.0,494,3780,3735,50.29940119760479,49.700598802395206
FR,2024-12-26,1059,8958,1299.230855101585,9.862317482338977,1258.0,1247.4,1269.2,1059,1233,74.5078832116788,0.0,82.5,82.5,82.5,547,4341,4243,50.5708294501398,49.42917054986021
FR,2024-12-27,1114,9615,1266.091523660948,40.89364253768549,1314.0,1288.2,1398.8,1114,1278,74.59931924882629,0.0,56.98,56.98,56.98,560,4670,4363,51.699324698328354,48.300675301671646
FR,2024-12-28,1118,10348,1227.7114418245103,0.0,1114.0,1114.0,1114.0,1118,1177,72.03461342395929,0.0,0.0,0.0,0.0,593,4809,4833,49.87554449284381,50.1244555071562
FR,2024-12-29,1186,11219,1243.4678670113192,145.99386973431453,1118.5,1107.2,1175.3999999999999,1186,1409,72.98118523775722,9.214453622193538,82.51,73.35799999999999,91.414,626,5384,5198,50.878850878850876,49.121149121149124
FR,2024-12-30,1129,11692,1247.390266849127,4.123105625617661,1132.0,1127.6,1136.4,1129,1493,73.99673141326184,0.0,74.84,74.84,74.84,610,5533,5551,49.91880187657885,50.081198123421146
FR,2024-12-31,1057,10974,1306.600328048113,72.08327312136214,1453.5,1305.0,1464.0,1057,1744,75.77184059633028,13.340697653754424,77.92,59.260000000000005,81.60499999999999,620,5321,4844,52.34628627643876,47.65371372356124
FR,2025-01-01,1123,10711,1299.966483054804,12.13143015613312,1147.0,1130.6,1160.6,1123,1677,75.71261776982712,4.712877453200846,78.44,70.95,80.765,652,5280,4656,53.14009661835749,46.85990338164252
FR,2025-01-02,1315,15191,1367.4441445592774,17.112473073576407,1150.5,1140.9,1181.9,1315,2843,76.3553464650018,5.336435930234711,79.925,74.947,87.785,762,7297,6995,51.0565351245452,48.9434648754548
FR,2025-01-03,1258,13896,1222.7964162348874,9.519479955068892,1185.0,1169.0,1195.0,1258,1953,74.86986687147974,9.59308471272695,74.53,64.742,83.357,735,6718,6400,51.21207501143466,48.78792498856533
FR,2025-01-04,1285,14481,1381.4230370830742,11.034491379306976,1185.0,1172.8,1197.8,1285,1931,74.71027964785087,11.375,79.545,70.44500000000001,88.645,697,6893,6763,50.475981253661395,49.524018746338605
FR,2025-01-05,1319,13887,1364.1237128249445,8.29463805166707,1210.5,1200.3,1220.0,1319,2167,75.77177203507154,9.849896253176839,76.88,67.82,90.91,812,6772,6314,51.749961791227264,48.250038208772736
FR,2025-01-06,1294,11977,1262.0490940970196,5.0,1210.0,1204.8,1215.2,1294,1647,73.7222404371586,0.0,87.55,87.55,87.55,690,5829,5391,51.95187165775401,48.04812834224599
FR,2025-01-07,1279,11457,1265.5552064240192,4.5,1202.5,1198.9,1206.1,1279,1593,74.0368989328311,0.0,69.67,69.67,69.67,732,5459,5309,50.696508172362556,49.303491827637444
FR,2025-01-08,1272,12026,1267.9144353899892,3.771236166328253,1461.0,1454.6,1461.0,1272,1418,74.3103878702398,0.0,0.0,0.0,0.0,657,5648,5696,49.78843441466855,50.21156558533145
FR,2025-01-09,1226,11499,1296.815723106356,8.94427190999916,1313.0,1303.4,1322.6,1226,1595,74.73232601880875,0.0,68.07,68.07,68.07,670,5824,5007,53.77158157141538,46.22841842858462
FR,2025-01-10,1283,11169,1258.13170382308,11.04536101718726,1272.5,1264.0,1288.5,1283,1765,75.06905382436251,12.73793023480136,76.63,57.014,80.19,749,5624,4893,53.47532566321195,46.52467433678806
FR,2025-01-11,1150,11428,1258.7316240812038,3.5,1202.5,1199.7,1205.3,1150,1435,72.42864808362361,0.0,0.0,0.0,0.0,593,5400,5303,50.45314397832384,49.54685602167616
FR,2025-01-12,1214,11934,1259.4169599463708,12.609285580088853,1167.0,1153.2,1182.2,1214,1556,74.6079627249356,6.269999999999996,73.33,68.31400000000001,78.34599999999999,682,5716,5526,50.84504536559331,49.15495463440669
FR,2025-01-13,1273,14353,1192.0347662509612,10.58878883440367,1129.0,1117.2,1140.2,1273,1668,74.77265587529976,4.3600000000000065,76.32,72.832,79.808,742,6929,6613,51.16674051100281,48.83325948899719
FR,2025-01-14,1269,12870,1265.332323232325,643.2942915644443,949.0,927.0,2376.0,1269,1906,75.50516264428121,8.992449298088827,68.28,55.636,79.552,691,6346,5799,52.251955537258134,47.748044462741866
FR,2025-01-15,1248,11785,1177.7573186253703,6.128258770283411,1277.0,1271.4,1283.4,1248,1321,73.29247539742623,0.0,0.0,0.0,0.0,638,5700,5481,50.979339951703786,49.020660048296214
FR,2025-01-16,1265,11407,1222.6839659858,0.0,1485.0,1485.0,1485.0,1265,1558,73.3438960205391,0.0,0.0,0.0,0.0,689,5476,5329,50.68024062933827,49.31975937066173
FR,2025-01-17,1237,11230,1219.1268922528948,0.0,1279.0,1279.0,1279.0,1237,1526,72.21842726081265,0.0,72.88,72.88,72.88,656,5384,5228,50.735016961929894,49.264983038070106
FR,2025-01-18,1211,11743,1236.8159754747514,0.0,1492.0,1492.0,1492.0,1211,1852,74.83984881209496,0.0,0.0,0.0,0.0,597,5654,5427,51.02427578738381,48.97572421261619
FR,2025-01-19,1264,11844,1276.4056062141174,94.443104565659,1303.5,1292.6,1494.1,1264,1947,74.07382639958914,4.035000000000004,78.35499999999999,75.127,81.583,724,5936,5196,53.32375134746676,46.67624865253324
FR,2025-01-20,1359,11367,1255.8306501275615,86.10974909317113,1296.0,1288.8,1438.4,1359,1612,74.46782878411919,0.0,0.0,0.0,0.0,640,5647,5035,52.864632091368655,47.135367908631345
FR,2025-01-21,1346,11408,1254.0843267882192,0.0,1155.0,1155.0,1155.0,1346,1701,73.98410934744267,0.0,0.0,0.0,0.0,704,5550,5187,51.6904163174071,48.3095836825929
FR,2025-01-22,1359,11806,1271.3673555819073,0.0,1466.0,1466.0,1466.0,1359,1724,75.15021461716931,0.0,0.0,0.0,0.0,705,5738,5406,51.48959081119885,48.51040918880115
FR,2025-01-23,1328,11983,1215.69072853209,3.5,1476.5,1473.7,1479.3,1328,1579,75.70358454718183,0.0,0.0,0.0,0.0,642,6051,5407,52.81026357130389,47.18973642869611
FR,2025-01-24,1294,13771,1193.2577154890726,162.0,1325.0,1195.4,1454.6,1294,1748,73.18260869565222,0.0,81.87,81.87,81.87,675,6890,6294,52.26031553398058,47.73968446601942
FR,2025-01-25,1224,11750,1197.2343829787208,3.278719262151,1130.0,1129.0,1135.2,1224,1618,74.85432014833117,0.0,0.0,0.0,0.0,656,5898,5230,53.00143781452192,46.99856218547807
FR,2025-01-26,1266,12980,1264.1903697996922,5.4258639865002145,1132.0,1127.2,1138.2,1266,1892,71.77729386892169,0.0,68.83,68.83,68.83,734,5975,6303,48.66427756963675,51.33572243036325
FR,2025-01-27,1298,12617,1261.3870967741952,4.0276819911981905,1142.0,1135.6,1142.8,1298,1738,75.92518411967778,0.0,79.78,79.78,79.78,656,5942,5943,49.995793016407234,50.004206983592766
FR,2025-01-28,1312,12917,1282.4758070759462,5.787918451395113,1461.0,1453.7,1465.5,1312,1710,76.96766081871343,0.0,0.0,0.0,0.0,687,6130,5948,50.75343599933764,49.24656400066236
FR,2025-01-29,1312,13830,1336.0312364425172,5.0990195135927845,1451.0,1446.4,1457.6,1312,1423,74.46675333801824,0.0,61.61,61.61,61.61,682,6836,6273,52.14737966282706,47.85262033717294
FR,2025-01-30,1276,12726,1329.2813924249588,4.264680527307995,1138.0,1133.3,1142.0,1276,1420,75.91457042253528,2.1700000000000017,64.2,62.464,65.936,746,6099,5886,50.888610763454324,49.11138923654568
FR,2025-01-31,1338,12015,1256.8392009987485,0.0,1133.0,1133.0,1133.0,1338,1388,74.83656340057632,0.0,0.0,0.0,0.0,698,5943,5578,51.584063883343454,48.41593611665654
FR,2025-02-01,1300,12713,1322.8393770156529,6.593346814950827,1461.0,1453.5,1468.0,1300,1603,74.34575171553338,1.9017944742327475,71.27,68.614,72.206,719,6229,5845,51.59019380486997,48.40980619513003
FR,2025-02-02,1239,10825,1213.811085450347,17.70137969128979,1478.0,1464.0,1503.0,1239,1426,74.28521739130427,6.064869926240975,77.92500000000001,70.24000000000001,84.55,692,5260,5048,51.02832751261156,48.97167248738843
FR,2025-02-03,1273,10677,1208.7829914770064,4.0,1143.0,1139.8,1146.2,1273,1602,73.6763171036205,17.224999999999998,67.765,53.985,81.545,626,5211,4940,51.334843857748005,48.665156142251995
FR,2025-02-04,1415,13029,1243.2941131322452,0.0,1142.0,1142.0,1142.0,1415,1743,75.11874354561101,0.0,0.0,0.0,0.0,718,6254,6040,50.87034325687328,49.12965674312672
FR,2025-02-05,1300,12407,1222.194648182479,4.5,1470.5,1466.9,1474.1,1300,1695,74.41621828908545,0.0,0.0,0.0,0.0,707,5950,5798,50.64691862444671,49.35308137555329
FR,2025-02-06,1311,11837,1274.683196755935,168.5,1299.5,1164.7,1434.3,1311,1626,74.93533825338264,0.0,0.0,0.0,0.0,709,5498,5661,49.26964781790483,50.730352182095174
FR,2025-02-07,1288,11522,1202.1470230862678,672.7309567508695,2303.0,940.4,2327.0,1288,1573,72.99798474253016,11.217084372428596,77.41,51.93,78.61,709,5638,5261,51.72951646940086,48.27048353059914
FR,2025-02-08,1221,11448,1232.8505415793154,0.0,1149.0,1149.0,1149.0,1221,1741,74.61735209649615,0.0,0.0,0.0,0.0,740,5561,5276,51.31493955891852,48.68506044108148
FR,2025-02-09,1254,12747,1245.896916921629,608.3610250688099,976.0,960.2,2305.2,1254,1840,74.63472826086954,11.829029545994045,62.83,48.958,77.396,712,6131,5865,51.10870290096698,48.89129709903301
FR,2025-02-10,1308,11173,1293.7033921059701,119.39839585165812,1792.0,1738.0,1886.0,1308,1649,75.20463917525771,4.270585439960192,84.48,78.592,87.484,676,5558,4994,52.67247915087188,47.32752084912813
FR,2025-02-11,1357,13361,1279.769852555948,6.944222218666553,1851.0,1843.8,1857.4,1357,1773,74.5170107163001,0.0,73.99,73.99,73.99,740,6725,5903,53.25467215711118,46.74532784288882
FR,2025-02-12,1374,13293,1253.2320770330264,12.252875743633398,1867.0,1858.0,1889.0,1374,1708,74.31736533957849,0.0,80.18,80.18,80.18,807,6753,5872,53.48910891089109,46.51089108910892
FR,2025-02-13,1272,12424,1213.128300064388,37.03525347557378,1914.5,1871.3,1927.1,1272,1603,74.38898315658156,6.434999999999999,69.035,63.887,74.18299999999999,700,6004,5719,51.21555915721232,48.78444084278768
FR,2025-02-14,1333,13220,1266.622995461419,9.150273219964527,1941.5,1932.0,1953.0,1333,1478,73.59773342354536,0.0,0.0,0.0,0.0,743,6447,5946,52.02130234809973,47.97869765190026
FR,2025-02-15,1219,10837,1231.3594168127713,18.390818965511627,1909.5,1900.3,1943.0,1219,1424,74.38363764044944,0.0,74.8,74.8,74.8,651,5314,4846,52.303149606299215,47.696850393700785
FR,2025-02-16,1269,12901,1240.936671575847,17.809269160389793,1892.0,1869.0,1916.0,1269,1331,75.54316303531161,0.0,84.12,84.12,84.12,628,6422,5707,52.947481243301176,47.05251875669882
FR,2025-02-17,1407,11471,1223.35210530904,56.747129322905245,1957.0,1932.6,1980.4,1407,1437,73.27698677800966,0.0,80.65,80.65,80.65,768,5720,5097,52.87972635666082,47.12027364333919
FR,2025-02-18,1337,11912,1273.124748153124,15.722625456599598,1974.0,1944.8,1983.2,1337,1553,72.66601416612997,2.3200000000000003,76.30000000000001,74.444,78.156,730,6141,5169,54.29708222811671,45.70291777188329
FR,2025-02-19,1378,12711,1243.2725985367003,184.7090347005257,1995.0,1980.0,2004.1,1378,1318,74.43410470409711,3.0600000000000023,69.2,66.752,71.64800000000001,707,6258,5716,52.26323701352932,47.73676298647069
FR,2025-02-20,1392,10784,1251.808234421363,10.147886077244594,1988.0,1979.0,2005.0,1392,1370,74.41353284671527,7.375,71.905,66.005,77.805,719,5252,4925,51.60656382037929,48.393436179620714
FR,2025-02-21,1416,13093,1233.169250744673,272.12884701001474,1963.5,1711.2,1966.4,1416,1716,72.80072261072269,0.0,73.2,73.2,73.2,793,6515,5908,52.44304918296707,47.55695081703292
FR,2025-02-22,1339,12807,1263.250800343563,306.06789370261555,1952.0,1540.0,1957.0,1339,1781,74.1150364963503,0.5300000000000011,79.47,79.04599999999999,79.894,634,6240,5792,51.86170212765957,48.138297872340424
FR,2025-02-23,1309,11723,1208.8401433080285,288.50147667007934,1948.0,1614.0,1956.0,1309,1406,73.00870554765292,0.0,86.51,86.51,86.51,621,5351,5776,48.09023096971331,51.90976903028669
FR,2025-02-24,1312,12829,1235.417101878559,95.82092064898565,1955.0,1742.0,1987.0,1312,1539,74.46672514619887,3.8699999999999974,72.91,69.81400000000001,76.006,767,6249,5815,51.798740053050395,48.201259946949605
FR,2025-02-25,1410,12930,1243.050425367362,490.54401302119413,1728.5,739.1,2003.2,1410,1559,73.85162924951896,5.990000000000002,86.56,81.768,91.352,864,6192,5877,51.30499627143923,48.69500372856078
FR,2025-02-26,1315,11127,1210.6850903208413,417.7219567321003,2002.0,1150.0,2011.8,1315,1548,73.31332041343668,5.875,85.765,81.065,90.465,790,5279,5138,50.67677834309302,49.32322165690698
FR,2025-02-27,1342,12047,1178.2247862538395,3.771236166328253,1269.0,1269.0,1275.4,1342,1361,72.47831006612796,0.0,53.54,53.54,53.54,621,5880,5553,51.430070847546574,48.569929152453426
FR,2025-02-28,1381,12428,1234.531783070486,539.3241884496871,1785.5,753.0,2013.4,1381,1494,74.95265060240979,0.0,0.0,0.0,0.0,699,6109,5694,51.758027620096584,48.241972379903416
FR,2025-03-01,1324,10849,1177.948658862568,25.02990399002761,2033.5,1994.0,2056.9,1324,1402,72.39722539229665,4.590000000000003,83.86,80.188,87.532,687,5171,4955,51.06656132727632,48.93343867272368
FR,2025-03-02,1227,12200,1222.3091803278674,546.6517922524257,750.5,728.0,1988.9,1227,1308,73.46879204892959,6.065000000000005,88.775,83.923,93.62700000000001,665,6171,5375,53.44708124025637,46.55291875974363
FR,2025-03-03,1340,11890,1222.250210260722,6.944222218666553,1990.0,1983.6,1997.2,1340,1456,71.88901785714285,0.0,68.99,68.99,68.99,732,5769,5463,51.36217948717948,48.63782051282051
FR,2025-03-04,1333,12189,1220.9563540897516,13.45439828953095,2014.5,1997.1,2030.3,1333,1402,74.1086804564908,0.0,76.08,76.08,76.08,755,6114,5489,52.69326898215979,47.306731017840214
FR,2025-03-05,1320,13042,1234.9145069774568,579.0193337781468,997.0,818.8,2038.3,1320,1514,73.9085072655218,0.0,0.0,0.0,0.0,724,6412,5962,51.81832875383869,48.18167124616131
FR,2025-03-06,1303,11589,1251.647165415482,429.02475453055155,2015.0,1146.2,2027.4,1303,1548,74.46972222222237,0.0,69.94,69.94,69.94,715,5693,5330,51.64655719858477,48.35344280141523
FR,2025-03-07,1370,11789,1215.2286877597762,12.570787221094177,843.0,833.4,860.6,1350,1588,72.68743702770794,0.0,0.0,0.0,0.0,667,5715,5481,51.045016077170416,48.954983922829584
FR,2025-03-08,1272,12329,1206.8162868034697,539.5311702362615,909.0,882.4,2016.4,1247,1285,73.54902723735412,0.0,72.07,72.07,72.07,643,5855,5861,49.97439399112325,50.02560600887676
FR,2025-03-09,1310,10572,1227.6261823685206,525.6044139845098,925.0,908.8,2031.9,1309,1361,74.5225495958855,6.324999999999996,78.245,73.185,83.30499999999999,729,5518,4859,53.175291510070345,46.82470848992965
FR,2025-03-10,1403,11917,1237.7127632793472,15.346682415330838,2064.0,2040.0,2079.0,1400,1482,73.3232321187585,0.0,89.08,89.08,89.08,769,5813,5452,51.602308033732804,48.397691966267196
FR,2025-03-11,1323,11672,1241.4786668951342,23.290835326455806,2043.0,2006.8,2066.1,1306,1271,73.36566483084185,1.865000000000002,89.025,87.533,90.517,728,5873,5190,53.08686613034439,46.91313386965561
FR,2025-03-12,1380,11990,1313.8173477898229,333.0,1656.0,1389.6,1922.4,1373,1568,75.1874872448978,0.0,99.86,99.86,99.86,742,6113,5248,53.80688319690168,46.19311680309831
FR,2025-03-13,1327,11574,1244.2886642474523,5.022173057773121,2003.0,1999.5,2010.5,1327,1517,73.97907053394864,0.0,0.0,0.0,0.0,761,5813,5172,52.91761492944925,47.08238507055075
FR,2025-03-14,1330,12120,1241.5530528052816,7.473912964438374,2021.0,2013.9,2031.3,1330,1550,74.49393548387098,5.07,64.77000000000001,60.714000000000006,68.82600000000001,802,5726,5701,50.10939004113065,49.89060995886934
FR,2025-03-15,1304,11352,1251.3287526427073,549.4519152775937,948.0,932.0,2048.0,1304,1519,74.22270572745228,0.0,84.65,84.65,84.65,706,5551,5174,51.75757575757576,48.24242424242424
FR,2025-03-16,1274,11057,1244.7482138012122,0.0,917.0,917.0,917.0,1274,1365,73.65476923076915,0.0,0.0,0.0,0.0,604,5310,5096,51.02825293100135,48.97174706899865
FR,2025-03-17,1341,11516,1228.224383466481,519.5409216720153,891.0,844.0,2055.0,1341,1722,74.23569686411136,13.180763862538468,75.91,55.129999999999995,84.512,727,5695,5081,52.848923533778766,47.151076466221234
FR,2025-03-18,1359,12307,1248.4193548387082,3.559026084010437,1151.0,1145.4,1151.8,1359,1558,76.03750962772793,6.039999999999999,83.55000000000001,78.718,88.382,720,6096,5479,52.665226781857456,47.33477321814255
FR,2025-03-19,1303,11870,1257.2961246840778,596.7463655960303,901.5,463.5,2297.5,1303,1423,73.88850316233294,11.548472572162952,67.265,50.087,76.046,685,5652,5478,50.78167115902965,49.21832884097035
FR,2025-03-20,1230,11120,1278.064568345327,6.128258770283412,2064.0,2058.4,2070.4,1230,1293,73.87666666666661,0.0,76.87,76.87,76.87,651,5465,4961,52.41703433723384,47.58296566276616
FR,2025-03-21,1302,11740,1280.1504258943758,11.645170672858344,888.5,869.9,901.0,1302,1577,74.26138871274563,0.0,81.06,81.06,81.06,763,5719,5245,52.16161984677126,47.83838015322875
FR,2025-03-22,1242,11994,1253.276554944139,15.42757271899893,2086.0,2065.9,2107.0,1242,1557,73.07141297366734,2.5600000000000023,91.08,89.032,93.128,688,5909,5395,52.273531493276714,47.726468506723286
FR,2025-03-23,1218,11736,1241.2338957055229,532.3509180982034,889.0,878.7,1747.7000000000003,1218,1322,74.21726928895602,0.0,0.0,0.0,0.0,640,5744,5330,51.869243272530255,48.130756727469745
FR,2025-03-24,1358,13024,1243.110257985257,582.1291489186581,844.0,827.0,2121.4,1358,1600,74.03220000000002,0.0,89.82,89.82,89.82,741,6669,5710,53.87349543581873,46.126504564181275
FR,2025-03-25,1342,12664,1228.0900979153528,30.879699810508786,914.0,850.0,934.0,1342,1663,75.65608538785317,0.0,80.58,80.58,80.58,660,6204,5750,51.89894595951146,48.10105404048854
FR,2025-03-26,1423,11755,1281.5521054870255,0.0,1178.0,1178.0,1178.0,1423,1479,72.85122379986484,0.0,0.0,0.0,0.0,709,5644,5336,51.40255009107469,48.59744990892531
FR,2025-03-27,1482,13131,1297.2094280709737,6.253162465211225,2103.0,2095.6,2112.0,1482,1679,74.5114294222751,0.0,94.11,94.11,94.11,830,6482,5932,52.21524085709682,47.78475914290317
FR,2025-03-28,1431,12011,1287.80792606777,0.0,2120.0,2120.0,2120.0,1431,1963,76.40531329597549,0.0,0.0,0.0,0.0,752,5828,5521,51.352542074191554,48.64745792580844
FR,2025-03-29,1261,10859,1191.0657519108588,5.445578113263487,2112.0,2104.6,2119.4,1261,1391,73.89893601725363,7.585000000000001,78.32499999999999,72.25699999999999,84.393,642,5401,4900,52.43180273759829,47.5681972624017
FR,2025-03-30,1316,10466,1276.9694248041271,15.758204400158025,2155.0,2135.0,2174.0,1316,1399,73.8980414581844,10.084728829054136,69.1,64.636,83.54,666,5093,4665,52.193072350891576,47.806927649108424
FR,2025-03-31,1354,11850,1302.4824472573807,254.35646523266962,2188.0,2172.0,2211.0,1354,1412,74.12409348441925,6.965007968408939,72.8,70.09,83.584,715,5631,5491,50.629383204459636,49.37061679554037
FR,2025-04-01,1317,11525,1318.0740997830815,3.559026084010437,2164.0,2163.2,2169.6,1317,1543,75.28556707712252,0.0,68.27,68.27,68.27,708,5893,4964,54.27834576770747,45.72165423229253
FR,2025-04-02,1316,10888,1286.1859845701686,472.756522016645,944.0,911.2,2154.8,1316,1419,74.75813248766738,12.748131235596846,71.53999999999999,58.975,84.833,693,5176,5161,50.072554899874234,49.92744510012576
FR,2025-04-03,1374,11723,1324.0530580909342,604.1039016571323,1160.0,876.9,2143.0,1374,1632,73.78702818627444,4.363413342785667,71.15,70.7,79.396,682,5539,5375,50.751328568810706,49.2486714311893
FR,2025-04-04,1322,11280,1280.2649822695068,9.865765724632494,2079.0,2068.4,2089.4,1322,1626,74.82749077490776,16.365000000000002,72.525,59.433,85.617,697,5449,5090,51.70319764683556,48.29680235316444
FR,2025-04-05,1246,11198,1300.8351491337735,438.6706965454717,2082.0,1191.0,2116.0,1246,1593,74.55167608286244,6.000357989320305,80.04,69.706,81.202,755,5616,4857,53.623603551990826,46.37639644800917
FR,2025-04-06,1265,11439,1321.1138211382142,5.7081812631812365,1224.0,1215.5,1228.0,1265,1633,76.77973668095535,0.0,0.0,0.0,0.0,736,5390,5511,49.44500504540868,50.55499495459132
FR,2025-04-07,1507,13534,1273.0241613713617,425.09367049889704,2135.0,1221.0,2159.0,1507,1637,75.2529199755651,12.039332987151333,80.98,61.45,88.982,778,6628,6182,51.740827478532395,48.259172521467605
FR,2025-04-08,1399,11249,1256.4949773313197,472.48518338749,2162.0,1194.6,2176.8,1399,1576,75.62473350253802,0.0,91.47,91.47,91.47,767,5504,5208,51.38162808065721,48.61837191934279
FR,2025-04-09,1373,12114,1242.1654284299138,171.74805901651766,2176.0,2155.4,2190.6,1373,1409,74.22424414478344,4.114440693730101,77.79,76.414,83.982,724,5712,5628,50.37037037037037,49.629629629629626
FR,2025-04-10,1377,12084,1240.3949023502153,416.0070796983727,2161.0,1153.6,2176.0,1377,1473,74.43343516632721,8.85033709339179,76.31,71.67,88.462,702,5704,5474,51.028806584362144,48.971193415637856
FR,2025-04-11,1348,11808,1222.844935636855,413.39520783194575,1852.0,1119.0,2185.0,1348,1337,74.0361555721766,12.63599715099683,76.03,57.5,86.002,647,6035,5205,53.69217081850534,46.30782918149466
FR,2025-04-12,1303,10734,1198.5840320476975,75.34711341518002,1347.5,1269.7,1423.2,1303,1475,72.97174237288122,7.659905714534325,81.92,69.576,83.144,672,5253,4892,51.779201577131595,48.22079842286841
FR,2025-04-13,1382,12095,1260.8417527904103,318.70080012450546,1121.5,1120.2,1235.4999999999995,1382,1630,74.71907361963189,0.0,88.51,88.51,88.51,723,5947,5509,51.911662011173185,48.088337988826815
FR,2025-04-14,1416,12922,1272.3398080792465,517.1267248816066,2163.0,1130.0,2178.0,1416,1667,74.39196760647877,11.080564967545653,75.22,63.245999999999995,86.97800000000001,805,6394,5694,52.89543348775645,47.104566512243544
FR,2025-04-15,1456,13305,1255.4860578729786,475.49874159080366,2153.5,1151.1,2190.0,1456,1886,74.78190880169667,7.721881635974485,81.28,67.78,84.702,871,6429,6170,51.02785935391698,48.97214064608303
FR,2025-04-16,1445,12656,1281.8335967130254,475.62232194479054,2151.0,1175.0,2165.0,1445,1534,74.28686440677981,9.426007227076477,76.38,63.6,86.566,731,6031,5927,50.434855326977754,49.565144673022246
FR,2025-04-17,1374,13908,1221.0375323554767,363.6096167055654,1212.0,1193.2,2137.8,1374,1722,74.41409407665506,6.947838992569318,74.53,68.418,82.00999999999999,809,6811,6272,52.05992509363296,47.940074906367045
FR,2025-04-18,1426,13543,1207.8398434615676,372.7237020862078,954.0,863.0,1211.0,1426,1806,73.7519601328903,6.046819411889193,75.89,71.015,83.06,819,6781,6041,52.885665262829505,47.11433473717049
FR,2025-04-19,1294,10174,1247.666011401612,480.9825808234177,1239.0,1050.8,2141.2,1294,1605,76.36168847352006,6.429418227958112,87.595,79.574,92.669,758,5442,4192,56.4874403155491,43.5125596844509
FR,2025-04-20,1232,11647,1279.558512921782,14.51406777114211,1238.5,1229.4,1264.7,1232,1567,74.63895341416723,2.171272028609547,68.45,67.586,71.626,697,5658,5401,51.161949543358354,48.83805045664165
FR,2025-04-21,1287,13530,1259.2243902439009,5.676462121975467,1256.5,1248.5,1261.0,1287,1741,73.85097070649051,0.0,78.71,78.71,78.71,768,6609,6068,52.13378559596119,47.86621440403881
FR,2025-04-22,1392,13677,1249.5656942311905,97.90689454783048,1283.0,1270.2,1475.4,1392,1862,74.8868152524167,2.7674582201001723,71.575,68.354,74.236,754,6372,6412,49.84355444305382,50.15644555694618
FR,2025-04-23,1492,15498,1320.9512840366494,8.5,852.5,845.7,859.3,1492,2185,75.83461327231122,0.0,0.0,0.0,0.0,820,7825,6785,53.559206023271734,46.440793976728266
FR,2025-04-24,1454,13650,1244.338241758241,12.506092265372105,2125.0,2110.3,2141.0,1454,1700,73.58206470588242,11.860219222257232,76.71,65.315,93.445,773,6743,6149,52.3037542662116,47.696245733788395
FR,2025-04-25,1416,14509,1202.3920325315332,598.4367682182934,2076.0,809.8,2097.7,1416,1592,72.7219660804022,0.0,79.45,79.45,79.45,799,6895,6823,50.26242892549935,49.73757107450066
FR,2025-04-26,1355,13786,1237.611562454666,16.69213886834159,2105.0,2081.8,2121.7,1355,1701,73.24942386831275,4.970354514519061,83.63,77.944,89.132,764,6612,6449,50.623995099915774,49.37600490008422
FR,2025-04-27,1446,13604,1239.5988679800053,370.5838486616611,1266.0,1250.0,2112.9,1446,1760,73.2494829545454,8.696774625623508,73.78,72.02,87.58,847,6621,6295,51.262000619386804,48.737999380613196
FR,2025-04-28,1456,13868,1221.570377848283,563.2075681246653,1677.0,823.5,2147.5,1456,1648,73.14147451456314,5.1283330625067585,78.99,71.14200000000001,80.502,844,6522,6504,50.069092584062645,49.930907415937355
FR,2025-04-29,1416,13614,1232.6820919641507,541.9013819418369,2141.0,814.2,2184.6,1416,1766,73.3499490373725,1.6400000000000006,74.8,73.488,76.112,773,6535,6239,51.15860341318302,48.84139658681697
FR,2025-04-30,1371,11880,1189.5796296296269,652.2312859838687,1226.0,815.8,2214.2,1371,1695,73.20971681415922,5.394903490653877,75.57,68.32000000000001,80.536,822,5790,5330,52.068345323741006,47.931654676258994
FR,2025-05-01,1403,13715,1177.2642362376926,621.8562567680996,1191.0,817.4,2188.9,1403,2004,71.57498502994012,0.0,63.61,63.61,63.61,878,6369,6552,49.29185047596935,50.708149524030645
FR,2025-05-02,1395,13339,1195.61556338556,549.0421464049318,2155.0,808.0,2174.0,1395,1845,74.74630352303525,11.436027227582139,81.65,64.681,87.412,822,6605,6014,52.34170694983755,47.658293050162456
FR,2025-05-03,1359,13747,1248.3368007565255,541.4164594701394,2139.0,816.0,2162.8,1359,1872,73.37020299145318,11.061663527697812,70.91499999999999,58.45,83.095,814,6761,6185,52.2246253669087,47.7753746330913
FR,2025-05-04,1445,13948,1335.108689417838,492.0095264875502,2083.0,899.8000000000001,2113.6,1445,2225,74.55903820224715,5.283061990929124,65.68,58.338,68.458,889,7227,5972,54.75414804151829,45.2458519584817
FR,2025-05-05,1426,13836,1258.5158282740674,437.56444623903843,2126.5,1211.0,2141.5,1426,1765,74.92826062322948,6.759661141654958,74.93,65.496,79.485,901,6868,6233,52.423479123731006,47.57652087626899
FR,2025-05-06,1427,12859,1213.3518936153675,454.7760770680858,1696.5,1231.6,2168.0,1427,1793,74.53863915225877,6.234099774626645,78.78,73.27300000000001,88.163,828,6548,5658,53.645747992790426,46.35425200720957
FR,2025-05-07,1464,14430,1246.2224532224527,457.7441341051705,2150.0,1222.0,2180.4,1464,1600,73.48845000000003,2.7053814682755766,88.78,84.836,89.876,837,6895,6710,50.679897096655644,49.320102903344356
FR,2025-05-08,1447,15226,1263.9352423486164,450.5652853792543,2140.0,851.0,2161.5,1447,2137,72.70851193261569,4.523427903703123,76.9,73.008,82.988,912,7624,6786,52.90770298403886,47.09229701596114
FR,2025-05-09,1523,13709,1233.9967904296423,4.5,2147.5,2143.9,2151.1,1523,1991,73.94293822199897,0.0,77.62,77.62,77.62,945,6773,6189,52.25273877488043,47.74726122511958
FR,2025-05-10,1323,12869,1216.1714973968435,4.5,1437.5,1433.9,1441.1,1323,1868,73.98599036402564,0.0,55.32,55.32,55.32,815,6276,5806,51.94504221155438,48.05495778844563
FR,2025-05-11,1490,13560,1245.6841445427754,497.9930119991645,855.0,847.0,1772.4,1490,1830,72.7026120218581,0.0,0.0,0.0,0.0,902,6665,6056,52.39367974215864,47.60632025784137
FR,2025-05-12,1481,14714,1230.6197498980584,482.8857989468206,2102.0,1211.0,2132.0,1481,1824,73.07834429824558,8.5698356367107,81.6,66.28,88.85600000000001,901,7046,6665,51.3893953759755,48.6106046240245
FR,2025-05-13,1573,14989,1272.6782974181065,413.0504671344653,1255.0,1235.9,2093.6,1573,2141,74.7752218589444,10.774424220530332,74.19,66.64999999999999,87.95800000000001,960,7318,6767,51.95598154064608,48.04401845935392
FR,2025-05-14,1524,14770,1241.6560595802314,433.3370116442514,2072.0,1233.0,2112.0,1524,2026,72.48705824284292,6.39082349936219,77.795,72.44200000000001,85.752,935,7058,6709,51.267523788770255,48.73247621122975
FR,2025-05-15,1581,14639,1249.2178427488213,427.0442848516882,2117.0,1226.0,2140.6,1581,1808,74.06014380530975,6.89021543567398,80.055,73.74600000000001,88.35900000000001,851,7397,6445,53.43880942060396,46.56119057939604
FR,2025-05-16,1610,14372,1276.2144447536887,488.7012221135909,2110.0,1048.0,2133.9,1610,1832,74.04511462882103,8.25685573730501,72.475,67.03999999999999,85.275,961,6963,6603,51.326846528084914,48.67315347191508
FR,2025-05-17,1402,13166,1273.4376424122765,451.7101800210993,1048.0,1009.5,2111.5,1402,1673,72.6568559473999,6.610720249883685,78.46,72.196,85.148,801,6248,6164,50.338382210763776,49.661617789236224
FR,2025-05-18,1527,13222,1265.4893359552268,290.8131457040512,2144.0,2122.4,2167.0,1527,1902,73.52181388012615,0.0,83.47,83.47,83.47,877,6348,6022,51.31770412287793,48.682295877122066
FR,2025-05-19,1593,16668,1303.7781377489785,15.81226596987417,2171.0,2144.4,2183.6,1593,1967,74.35763599389927,0.0,93.62,93.62,93.62,933,8245,7390,52.73425007994883,47.26574992005117
FR,2025-05-20,1639,15163,1223.7197784079694,172.01664851788533,2155.0,2145.0,2170.0,1639,1796,73.10082962138077,8.721125054843682,79.1,68.74799999999999,85.69999999999999,914,7318,6892,51.49894440534835,48.50105559465165
FR,2025-05-21,1646,14954,1195.076300655345,180.97515276180806,2111.5,2077.5,2142.5,1646,1858,73.66553283100114,0.0,80.6,80.6,80.6,1070,7035,7068,49.883003616251855,50.11699638374814
FR,2025-05-22,1574,14948,1256.0675675675664,510.20379937580526,2081.0,999.4,2091.2,1574,1786,73.40126539753632,4.75,79.82,76.02,83.61999999999999,931,7164,6870,51.047456177853775,48.95254382214622
FR,2025-05-23,1661,16367,1226.3326816154463,151.16285129772047,2091.5,2075.0,2101.0,1661,1863,73.70124530327426,0.0,79.65,79.65,79.65,920,8158,7376,52.51705935367581,47.48294064632419
FR,2025-05-24,1525,13101,1265.0038165025564,573.0655547142927,2063.0,928.9,2102.0,1525,1653,73.11533575317601,5.93,71.00999999999999,66.26599999999999,75.754,818,6393,6017,51.514907332796135,48.485092667203865
FR,2025-05-25,1523,13701,1225.263703379315,527.1772510677908,998.0,931.0,2059.0,1523,1852,72.62348812095048,2.635000000000005,75.485,73.377,77.593,905,7053,5973,54.14555504375864,45.854444956241366
FR,2025-05-26,1625,14864,1250.336114101182,345.95746346840457,2051.0,1199.1,2080.1,1625,2061,72.53874332848139,4.185775183748991,82.325,74.875,84.625,982,7329,6641,52.46241947029348,47.53758052970652
FR,2025-05-27,1658,14287,1238.1481766641,16.703176157545606,2048.5,2027.5,2072.0,1658,1988,73.30778672032187,7.015000000000001,84.635,79.02300000000001,90.247,904,6955,6647,51.13218644317013,48.86781355682987
FR,2025-05-28,1638,13830,1216.5840925524237,356.7789774556865,2073.0,1213.0,2092.8,1638,1751,72.36496858937758,3.2611769347890367,80.63,77.23,84.24000000000001,916,6787,6189,52.30425400739828,47.69574599260172
FR,2025-05-29,1472,13102,1218.5382384368816,10.338708279513881,2105.0,2092.2,2112.2,1472,1671,72.44409934171169,0.0,67.19,67.19,67.19,883,6351,6106,50.98338283695914,49.01661716304086
FR,2025-05-30,1478,12038,1204.9534806446275,7.91021039994693,2104.0,2093.2,2112.0,1478,1651,72.39848576620214,0.0,71.54,71.54,71.54,822,6014,5275,53.273097705731246,46.726902294268754
FR,2025-05-31,1400,11952,1226.366800535474,164.5,1259.5,1127.9,1391.1,1400,1535,72.13128338762223,0.0,0.0,0.0,0.0,826,5980,5309,52.971919567720796,47.02808043227921
FR,2025-06-01,1431,11707,1182.455112325957,440.4294381623463,1225.0,1211.2,2119.1,1431,1513,72.46263053536032,0.0,0.0,0.0,0.0,760,5597,5355,51.104821037253465,48.895178962746535
FR,2025-06-02,1616,13706,1186.8313877134076,488.7263352092082,1188.0,1146.0,2178.4,1616,2038,73.65113837095181,9.299205803262371,78.84,68.128,88.522,971,6600,6225,51.461988304093566,48.53801169590643
FR,2025-06-03,1710,16388,1252.219184769345,474.79301806155496,1117.0,1100.0,2185.0,1710,2092,73.2569837476101,7.489500678160279,81.46,71.25800000000001,86.44800000000001,1025,7688,7720,49.89615784008307,50.10384215991692
FR,2025-06-04,1575,14387,1205.0795162299287,482.4890771424769,1078.0,1005.2,2209.0,1575,2145,73.575529137529,10.218701809264553,79.11,69.728,90.029,874,7033,6534,51.83902115427139,48.16097884572861
FR,2025-06-05,1622,14206,1203.6564127833312,479.1407761362801,1025.0,978.0,2187.0,1622,1885,72.9570557029178,0.6149999999999949,76.735,76.24300000000001,77.22699999999999,936,7075,6426,52.403525664765574,47.596474335234426
FR,2025-06-06,1631,12972,1226.8977027443755,533.0473355074985,1046.0,1030.0,2177.0,1631,1774,72.98596956031571,16.25631800254904,76.75,54.55800000000001,88.20400000000001,901,6400,5882,52.10877707213809,47.89122292786191
FR,2025-06-07,1441,12909,1203.0140986908352,495.68011409598034,2168.0,1075.8,2176.0,1441,1584,72.67954545454536,5.289316275915696,80.98,74.124,84.284,816,6397,5744,52.68923482414958,47.31076517585042
FR,2025-06-08,1413,13059,1254.1185389386642,616.6261103780799,2158.0,905.0,2166.6,1413,1833,73.32995635570119,9.32,70.97999999999999,63.523999999999994,78.43599999999999,780,6769,5501,55.167074164629184,44.83292583537082
FR,2025-06-09,1583,14380,1219.3339360222515,408.57939794967257,1078.0,1039.0,1876.0,1583,1939,73.01481175863834,0.0,69.61,69.61,69.61,939,6780,6844,49.7651203758074,50.234879624192594
FR,2025-06-10,1670,14085,1218.8554490592821,537.5945673451525,2120.0,1039.0,2143.0,1670,1997,72.48670005007509,11.024999999999999,76.685,67.865,85.505,934,6982,6510,51.74918470204566,48.25081529795434
FR,2025-06-11,1689,15773,1220.9405946871236,490.14823714408743,2125.0,1039.0,2136.4,1689,2238,72.57327077747983,8.317100189101705,78.25,73.90599999999999,89.682,1040,8166,6852,54.374750299640425,45.62524970035957
FR,2025-06-12,1550,13853,1230.0973796289609,529.8774094169487,2115.0,1008.0,2157.5,1550,1794,74.19745819398,7.606494301289889,77.89,69.155,87.515,938,6886,6180,52.70166845247206,47.29833154752793
FR,2025-06-13,1631,14995,1341.998866288765,486.7444590357366,2105.0,1004.8,2131.4,1631,2290,75.14268558951964,8.51627242401275,77.12,63.816,80.744,936,7129,6870,50.9250660761483,49.0749339238517
FR,2025-06-14,1544,15488,1230.699315599173,294.5035460612644,1002.0,990.2,1018.4000000000001,1544,1751,75.0256767561393,9.399999999999999,77.74000000000001,70.22,85.26,846,7477,7138,51.159767362299,48.84023263770099
FR,2025-06-15,1680,15211,1252.0026296758945,188.78933196882278,993.0,969.0,1073.6,1680,1984,74.28865927419356,11.117592665081172,70.58,53.644,73.98,1012,7174,7248,49.743447510747465,50.25655248925253
FR,2025-06-16,1632,15588,1240.8951757762384,356.9665350461541,2079.5,1366.8000000000002,2098.9,1632,1847,74.16135354629118,5.490000000000002,69.19,64.798,73.58200000000001,949,7672,6991,52.322171451953906,47.6778285480461
FR,2025-06-17,1701,14558,1251.8667399368037,462.32185007368577,2069.0,1031.4,2093.0,1701,1941,75.01789799072631,0.0,70.93,70.93,70.93,921,7360,6371,53.60134003350083,46.39865996649916
FR,2025-06-18,1679,15195,1227.220138203357,520.3474702503303,989.5,959.6,2067.0,1679,1848,73.15862012987012,0.0,70.46,70.46,70.46,954,7274,7013,50.91341779239868,49.08658220760132
FR,2025-06-19,1687,15049,1392.570669147454,4.0,1450.0,1446.8,1453.2,1687,2301,78.28692742285959,0.0,0.0,0.0,0.0,846,7293,6864,51.515151515151516,48.484848484848484
FR,2025-06-20,1699,15215,1215.7100230036144,4.923413450036469,861.0,853.4,864.0,1699,2116,74.56627126654075,0.0,100.0,100.0,100.0,985,7610,6797,52.82154508225169,47.17845491774832
FR,2025-06-21,1417,13548,1237.83761440803,0.0,1151.0,1151.0,1151.0,1417,1659,73.41584689572035,0.0,0.0,0.0,0.0,809,6510,6203,51.20742546999135,48.79257453000865
FR,2025-06-22,1579,13698,1240.3700540224866,5.995067005661144,921.0,913.0,929.0,1579,2061,74.37988355167394,0.0,84.97,84.97,84.97,932,6562,6253,51.20561841591884,48.79438158408115
FR,2025-06-23,1641,16648,1276.7764296011533,583.3002264657638,926.5,914.0,2092.9,1641,2143,74.53484367708816,7.945,71.36500000000001,65.009,77.721,928,8488,7064,54.57818930041153,45.42181069958848
FR,2025-06-24,1723,16983,1212.8738149914634,552.4523672277597,992.5,911.9,2107.0,1723,2095,75.37121241050106,3.8023618391146803,73.51,67.942,75.014,1013,8216,7675,51.70222138317286,48.29777861682714
FR,2025-06-25,1717,16138,1211.0091709009769,496.2047379127726,2067.5,989.9,2114.2,1717,2152,75.4260037174722,1.769999999999996,78.92,77.504,80.336,1033,7905,7219,52.26791854006877,47.73208145993124
FR,2025-06-26,1758,15228,1310.965524034674,318.9424155906672,1017.0,1000.0,1025.0,1758,2416,76.33204056291379,0.0,0.0,0.0,0.0,1004,7619,6628,53.47792517723029,46.5220748227697
FR,2025-06-27,1705,15076,1293.0551870522686,566.9137436227255,1020.5,995.1,2151.9,1705,2079,73.80894179894183,0.0,86.83,86.83,86.83,1015,7323,6805,51.8332389580974,48.1667610419026
FR,2025-06-28,1473,13188,1205.990597512887,429.42717306860885,990.0,939.0,2160.4,1473,1677,73.09831842576043,0.0,88.74,88.74,88.74,810,6287,6148,50.5589063128267,49.4410936871733
FR,2025-06-29,1479,13663,1209.6318524482188,506.2414151078222,2168.0,951.8,2182.4,1479,1770,73.15132203389824,10.760537904770377,78.34,66.39399999999999,90.85000000000001,860,6735,5984,52.95227612233666,47.04772387766334
FR,2025-06-30,1823,16244,1268.0536197980791,536.5257123381879,2153.0,962.0,2174.2,1823,2116,74.565241020794,6.234999999999999,84.435,79.447,89.423,929,7824,7357,51.53810684408142,48.46189315591858
FR,2025-07-01,1730,16883,1277.8804714801877,538.2435808662747,2155.0,968.1,2179.0,1730,2307,75.14174685739053,4.469999999999999,72.86,69.284,76.43599999999999,989,8150,7597,51.7558900107957,48.24410998920429
FR,2025-07-02,1731,17772,1257.1749943731706,544.6181238505071,2167.0,952.0,2184.5,1731,2299,74.49806872553283,11.874037592579873,70.85499999999999,60.582,85.89500000000001,1041,8591,8040,51.656545006313515,48.34345499368649
FR,2025-07-03,1712,17089,1194.450933348939,631.8969685707384,2168.5,918.4,2201.1,1712,2245,73.2532917594654,0.0,88.88,88.88,88.88,977,8145,7658,51.540846674682015,48.45915332531798
FR,2025-07-04,1982,16291,1223.9529801731007,555.9205636871098,937.0,917.8,2215.4,1982,2420,73.95142561983472,0.0,82.86,82.86,82.86,1163,7968,7260,52.32466509062254,47.67533490937746
FR,2025-07-05,1727,14408,1217.0537895613531,570.8695365619218,2165.0,911.0,2190.0,1727,2322,73.3109991386735,8.607730375785609,71.44,62.56999999999999,81.23,1040,7283,6144,54.241453787145296,45.7585462128547
FR,2025-07-06,1264,10371,1259.9988429273942,614.3518415250215,2135.0,884.3,2190.7,1264,1524,73.9051115485564,6.987958840033335,75.985,70.072,87.086,728,4958,4861,50.493940319788166,49.506059680211834
FR,2025-07-07,866,7204,1216.629927817878,564.3325463586912,2145.0,956.0,2162.0,866,915,74.61572677595623,8.07635592331096,84.445,76.02900000000001,93.22500000000001,449,3504,3270,51.72719220549159,48.27280779450842
FR,2025-07-08,384,2996,1184.2493324432583,540.5284109186159,2130.5,976.9,2158.0,384,390,74.12787179487178,0.0,88.3,88.3,88.3,186,1397,1429,49.433828733191795,50.56617126680821
FR,2025-07-09,27,126,1294.3174603174602,6.343500610861482,2135.0,2128.2,2142.0,27,16,74.775625,0.0,0.0,0.0,0.0,9,66,55,54.54545454545454,45.45454545454545
