country,date,rating_count,rating_mean,rating_std,rating_median,rating_p10,rating_p90,rating_players,accuracy_count,accuracy_mean,accuracy_std,accuracy_median,accuracy_p10,accuracy_p90,accuracy_players
BR,2007-12-09,2,1406.0,55.0,1406.0,1362.0,1450.0,1,0,0.0,0.0,0.0,0.0,0.0,0
BR,2007-12-12,1,1340.0,0.0,1340.0,1340.0,1340.0,1,0,0.0,0.0,0.0,0.0,0.0,0
BR,2007-12-13,1,1192.0,0.0,1192.0,1192.0,1192.0,1,0,0.0,0.0,0.0,0.0,0.0,0
BR,2007-12-14,2,1137.0,6.0,1137.0,1132.2,1141.8,1,0,0.0,0.0,0.0,0.0,0.0,0
BR,2007-12-20,1,1109.0,0.0,1109.0,1109.0,1109.0,1,0,0.0,0.0,0.0,0.0,0.0,0
BR,2007-12-22,3,1200.3333333333333,16.579773487261185,1210.0,1183.6,1213.2,1,0,0.0,0.0,0.0,0.0,0.0,0
BR,2007-12-23,1,1203.0,0.0,1203.0,1203.0,1203.0,1,0,0.0,0.0,0.0,0.0,0.0,0
BR,2007-12-24,1,1234.0,0.0,1234.0,1234.0,1234.0,1,0,0.0,0.0,0.0,0.0,0.0,0
BR,2007-12-26,2,1188.5,3.5,1188.5,1185.7,1191.3,1,0,0.0,0.0,0.0,0.0,0.0,0
BR,2007-12-28,2,1242.0,11.0,1242.0,1233.2,1250.8,1,0,0.0,0.0,0.0,0.0,0.0,0
BR,2007-12-29,1,1280.0,0.0,1280.0,1280.0,1280.0,1,0,0.0,0.0,0.0,0.0,0.0,0
BR,2007-12-30,2,1284.0,5.0,1284.0,1280.0,1288.0,1,0,0.0,0.0,0.0,0.0,0.0,0
BR,2007-12-31,2,1308.0,14.0,1308.0,1296.8,1319.2,1,0,0.0,0.0,0.0,0.0,0.0,0
BR,2008-01-01,2,1266.0,14.0,1266.0,1254.8,1277.2,1,0,0.0,0.0,0.0,0.0,0.0,0
BR,2008-01-03,3,1309.3333333333333,15.542057635833023,1308.0,1294.4,1324.8,1,0,0.0,0.0,0.0,0.0,0.0,0
BR,2008-01-04,2,1340.5,15.5,1340.5,1328.1,1352.9,1,0,0.0,0.0,0.0,0.0,0.0,0
BR,2008-01-05,3,1394.0,10.198039027185567,1390.0,1385.2,1404.4,1,0,0.0,0.0,0.0,0.0,0.0,0
BR,2008-01-07,1,1401.0,0.0,1401.0,1401.0,1401.0,1,0,0.0,0.0,0.0,0.0,0.0,0
BR,2008-01-08,1,1389.0,0.0,1389.0,1389.0,1389.0,1,0,0.0,0.0,0.0,0.0,0.0,0
BR,2008-01-09,1,1412.0,0.0,1412.0,1412.0,1412.0,1,0,0.0,0.0,0.0,0.0,0.0,0
BR,2008-01-10,1,1386.0,0.0,1386.0,1386.0,1386.0,1,0,0.0,0.0,0.0,0.0,0.0,0
BR,2008-01-11,2,1403.0,5.0,1403.0,1399.0,1407.0,1,0,0.0,0.0,0.0,0.0,0.0,0
BR,2008-01-12,1,1390.0,0.0,1390.0,1390.0,1390.0,1,0,0.0,0.0,0.0,0.0,0.0,0
BR,2008-01-13,3,1367.3333333333333,11.145502331533658,1365.0,1357.0,1378.6,1,0,0.0,0.0,0.0,0.0,0.0,0
BR,2008-01-14,2,1367.0,6.0,1367.0,1362.2,1371.8,1,0,0.0,0.0,0.0,0.0,0.0,0
BR,2008-01-15,4,1398.25,8.166241485530538,1399.0,1389.9,1406.0,1,0,0.0,0.0,0.0,0.0,0.0,0
BR,2008-01-16,1,1417.0,0.0,1417.0,1417.0,1417.0,1,0,0.0,0.0,0.0,0.0,0.0,0
BR,2008-01-17,3,1401.3333333333333,7.363574011458174,1402.0,1394.0,1408.4,1,0,0.0,0.0,0.0,0.0,0.0,0
BR,2008-01-18,1,1432.0,0.0,1432.0,1432.0,1432.0,1,0,0.0,0.0,0.0,0.0,0.0,0
BR,2008-01-19,1,1432.0,0.0,1432.0,1432.0,1432.0,1,0,0.0,0.0,0.0,0.0,0.0,0
BR,2008-01-21,2,1445.0,2.0,1445.0,1443.4,1446.6,1,0,0.0,0.0,0.0,0.0,0.0,0
BR,2008-01-22,2,1475.5,9.5,1475.5,1467.9,1483.1,1,0,0.0,0.0,0.0,0.0,0.0,0
BR,2008-01-25,3,1440.6666666666667,10.530379332620877,1437.0,1431.4,1451.4,1,0,0.0,0.0,0.0,0.0,0.0,0
BR,2008-01-26,2,1434.0,1.0,1434.0,1433.2,1434.8,1,0,0.0,0.0,0.0,0.0,0.0,0
BR,2008-01-27,3,1447.3333333333333,6.128258770283411,1447.0,1441.4,1453.4,1,0,0.0,0.0,0.0,0.0,0.0,0
BR,2008-01-29,3,1455.6666666666667,4.784233364802441,1458.0,1450.8,1459.6,1,0,0.0,0.0,0.0,0.0,0.0,0
BR,2008-01-30,1,1441.0,0.0,1441.0,1441.0,1441.0,1,0,0.0,0.0,0.0,0.0,0.0,0
BR,2008-02-01,1,1456.0,0.0,1456.0,1456.0,1456.0,1,0,0.0,0.0,0.0,0.0,0.0,0
BR,2008-02-02,1,1436.0,0.0,1436.0,1436.0,1436.0,1,0,0.0,0.0,0.0,0.0,0.0,0
BR,2008-02-06,3,1441.6666666666667,7.408703590297622,1438.0,1435.6,1449.2,1,0,0.0,0.0,0.0,0.0,0.0,0
BR,2008-02-07,1,1468.0,0.0,1468.0,1468.0,1468.0,1,0,0.0,0.0,0.0,0.0,0.0,0
BR,2008-02-08,1,1478.0,0.0,1478.0,1478.0,1478.0,1,0,0.0,0.0,0.0,0.0,0.0,0
BR,2008-02-09,2,1479.5,12.5,1479.5,1469.5,1489.5,1,0,0.0,0.0,0.0,0.0,0.0,0
BR,2008-02-15,3,1424.6666666666667,12.657891697365017,1425.0,1412.2,1437.0,1,0,0.0,0.0,0.0,0.0,0.0,0
BR,2008-02-24,2,1436.0,7.0,1436.0,1430.4,1441.6,1,0,0.0,0.0,0.0,0.0,0.0,0
BR,2008-02-26,1,1450.0,0.0,1450.0,1450.0,1450.0,1,0,0.0,0.0,0.0,0.0,0.0,0
BR,2008-03-01,1,1455.0,0.0,1455.0,1455.0,1455.0,1,0,0.0,0.0,0.0,0.0,0.0,0
BR,2008-03-06,1,1461.0,0.0,1461.0,1461.0,1461.0,1,0,0.0,0.0,0.0,0.0,0.0,0
BR,2008-03-07,1,1480.0,0.0,1480.0,1480.0,1480.0,1,0,0.0,0.0,0.0,0.0,0.0,0
BR,2008-03-10,1,1446.0,0.0,1446.0,1446.0,1446.0,1,0,0.0,0.0,0.0,0.0,0.0,0
BR,2008-03-19,1,1405.0,0.0,1405.0,1405.0,1405.0,1,0,0.0,0.0,0.0,0.0,0.0,0
BR,2008-03-26,1,1378.0,0.0,1378.0,1378.0,1378.0,1,0,0.0,0.0,0.0,0.0,0.0,0
BR,2008-03-28,1,1399.0,0.0,1399.0,1399.0,1399.0,1,0,0.0,0.0,0.0,0.0,0.0,0
BR,2008-03-30,1,1359.0,0.0,1359.0,1359.0,1359.0,1,0,0.0,0.0,0.0,0.0,0.0,0
BR,2008-03-31,1,1345.0,0.0,1345.0,1345.0,1345.0,1,0,0.0,0.0,0.0,0.0,0.0,0
BR,2008-04-02,2,1325.5,13.5,1325.5,1314.7,1336.3,1,0,0.0,0.0,0.0,0.0,0.0,0
BR,2008-04-09,1,1321.0,0.0,1321.0,1321.0,1321.0,1,0,0.0,0.0,0.0,0.0,0.0,0
BR,2008-04-17,1,1298.0,0.0,1298.0,1298.0,1298.0,1,0,0.0,0.0,0.0,0.0,0.0,0
BR,2008-04-23,1,1269.0,0.0,1269.0,1269.0,1269.0,1,0,0.0,0.0,0.0,0.0,0.0,0
BR,2008-05-14,1,1230.0,0.0,1230.0,1230.0,1230.0,1,0,0.0,0.0,0.0,0.0,0.0,0
BR,2008-05-15,1,1215.0,0.0,1215.0,1215.0,1215.0,1,0,0.0,0.0,0.0,0.0,0.0,0
BR,2008-05-25,1,1182.0,0.0,1182.0,1182.0,1182.0,1,0,0.0,0.0,0.0,0.0,0.0,0
BR,2008-09-08,1,1748.0,0.0,1748.0,1748.0,1748.0,1,0,0.0,0.0,0.0,0.0,0.0,0
BR,2008-09-16,1,1748.0,0.0,1748.0,1748.0,1748.0,1,0,0.0,0.0,0.0,0.0,0.0,0
BR,2008-09-23,1,1902.0,0.0,1902.0,1902.0,1902.0,1,0,0.0,0.0,0.0,0.0,0.0,0
BR,2008-09-26,1,1934.0,0.0,1934.0,1934.0,1934.0,1,0,0.0,0.0,0.0,0.0,0.0,0
BR,2008-09-28,1,1821.0,0.0,1821.0,1821.0,1821.0,1,0,0.0,0.0,0.0,0.0,0.0,0
BR,2008-10-04,2,1811.0,52.0,1811.0,1769.4,1852.6,1,0,0.0,0.0,0.0,0.0,0.0,0
BR,2008-10-07,2,1812.5,24.5,1812.5,1792.9,1832.1,1,0,0.0,0.0,0.0,0.0,0.0,0
BR,2008-10-08,2,1850.5,26.5,1850.5,1829.3,1871.7,1,0,0.0,0.0,0.0,0.0,0.0,0
BR,2008-10-09,4,1830.0,51.47329404652475,1821.5,1779.0,1887.8,1,0,0.0,0.0,0.0,0.0,0.0,0
BR,2008-10-16,1,1760.0,0.0,1760.0,1760.0,1760.0,1,0,0.0,0.0,0.0,0.0,0.0,0
BR,2008-10-19,1,1760.0,0.0,1760.0,1760.0,1760.0,1,0,0.0,0.0,0.0,0.0,0.0,0
BR,2008-10-20,1,1756.0,0.0,1756.0,1756.0,1756.0,1,0,0.0,0.0,0.0,0.0,0.0,0
BR,2008-10-21,1,1739.0,0.0,1739.0,1739.0,1739.0,1,0,0.0,0.0,0.0,0.0,0.0,0
BR,2008-10-23,1,1759.0,0.0,1759.0,1759.0,1759.0,1,0,0.0,0.0,0.0,0.0,0.0,0
BR,2008-10-24,1,1781.0,0.0,1781.0,1781.0,1781.0,1,0,0.0,0.0,0.0,0.0,0.0,0
BR,2008-10-25,1,1826.0,0.0,1826.0,1826.0,1826.0,1,0,0.0,0.0,0.0,0.0,0.0,0
BR,2008-10-29,2,1828.0,6.0,1828.0,1823.2,1832.8,1,0,0.0,0.0,0.0,0.0,0.0,0
BR,2008-10-30,1,1833.0,0.0,1833.0,1833.0,1833.0,1,0,0.0,0.0,0.0,0.0,0.0,0
BR,2008-10-31,1,1871.0,0.0,1871.0,1871.0,1871.0,1,0,0.0,0.0,0.0,0.0,0.0,0
BR,2008-11-01,2,1880.0,0.0,1880.0,1880.0,1880.0,1,0,0.0,0.0,0.0,0.0,0.0,0
BR,2008-11-02,1,1882.0,0.0,1882.0,1882.0,1882.0,1,0,0.0,0.0,0.0,0.0,0.0,0
BR,2008-11-03,1,1854.0,0.0,1854.0,1854.0,1854.0,1,0,0.0,0.0,0.0,0.0,0.0,0
BR,2008-11-06,1,1857.0,0.0,1857.0,1857.0,1857.0,1,0,0.0,0.0,0.0,0.0,0.0,0
BR,2008-11-07,1,1837.0,0.0,1837.0,1837.0,1837.0,1,0,0.0,0.0,0.0,0.0,0.0,0
BR,2008-11-08,1,1850.0,0.0,1850.0,1850.0,1850.0,1,0,0.0,0.0,0.0,0.0,0.0,0
BR,2008-11-09,1,1850.0,0.0,1850.0,1850.0,1850.0,1,0,0.0,0.0,0.0,0.0,0.0,0
BR,2008-11-10,2,1815.5,17.5,1815.5,1801.5,1829.5,1,0,0.0,0.0,0.0,0.0,0.0,0
BR,2008-11-15,1,1801.0,0.0,1801.0,1801.0,1801.0,1,0,0.0,0.0,0.0,0.0,0.0,0
BR,2008-11-19,1,1781.0,0.0,1781.0,1781.0,1781.0,1,0,0.0,0.0,0.0,0.0,0.0,0
BR,2008-11-22,2,1807.5,16.5,1807.5,1794.3,1820.7,1,0,0.0,0.0,0.0,0.0,0.0,0
BR,2008-11-24,1,1837.0,0.0,1837.0,1837.0,1837.0,1,0,0.0,0.0,0.0,0.0,0.0,0
BR,2008-11-28,1,1841.0,0.0,1841.0,1841.0,1841.0,1,0,0.0,0.0,0.0,0.0,0.0,0
BR,2008-11-29,1,1852.0,0.0,1852.0,1852.0,1852.0,1,0,0.0,0.0,0.0,0.0,0.0,0
BR,2008-12-01,1,1828.0,0.0,1828.0,1828.0,1828.0,1,0,0.0,0.0,0.0,0.0,0.0,0
BR,2008-12-03,1,1786.0,0.0,1786.0,1786.0,1786.0,1,0,0.0,0.0,0.0,0.0,0.0,0
BR,2008-12-06,1,1801.0,0.0,1801.0,1801.0,1801.0,1,0,0.0,0.0,0.0,0.0,0.0,0
BR,2008-12-07,2,1835.0,10.0,1835.0,1827.0,1843.0,1,0,0.0,0.0,0.0,0.0,0.0,0
BR,2008-12-08,1,1827.0,0.0,1827.0,1827.0,1827.0,1,0,0.0,0.0,0.0,0.0,0.0,0
BR,2008-12-09,2,1803.5,8.5,1803.5,1796.7,1810.3,1,0,0.0,0.0,0.0,0.0,0.0,0
BR,2008-12-12,1,1807.0,0.0,1807.0,1807.0,1807.0,1,0,0.0,0.0,0.0,0.0,0.0,0
BR,2008-12-19,1,1811.0,0.0,1811.0,1811.0,1811.0,1,0,0.0,0.0,0.0,0.0,0.0,0
BR,2008-12-24,1,1818.0,0.0,1818.0,1818.0,1818.0,1,0,0.0,0.0,0.0,0.0,0.0,0
BR,2009-01-05,1,1824.0,0.0,1824.0,1824.0,1824.0,1,0,0.0,0.0,0.0,0.0,0.0,0
BR,2009-01-08,1,1408.0,0.0,1408.0,1408.0,1408.0,1,0,0.0,0.0,0.0,0.0,0.0,0
BR,2009-01-09,1,1477.0,0.0,1477.0,1477.0,1477.0,1,0,0.0,0.0,0.0,0.0,0.0,0
BR,2009-01-10,3,1546.0,17.146428199482248,1537.0,1532.2,1563.4,1,0,0.0,0.0,0.0,0.0,0.0,0
BR,2009-01-11,2,1586.0,0.0,1586.0,1586.0,1586.0,1,0,0.0,0.0,0.0,0.0,0.0,0
BR,2009-01-12,2,1615.5,4.5,1615.5,1611.9,1619.1,1,0,0.0,0.0,0.0,0.0,0.0,0
BR,2009-01-13,1,1639.0,0.0,1639.0,1639.0,1639.0,1,0,0.0,0.0,0.0,0.0,0.0,0
BR,2009-01-15,1,1652.0,0.0,1652.0,1652.0,1652.0,1,0,0.0,0.0,0.0,0.0,0.0,0
BR,2009-01-19,3,1644.3333333333333,42.89781139198388,1624.0,1608.8,1688.0,1,0,0.0,0.0,0.0,0.0,0.0,0
BR,2009-01-21,1,1562.0,0.0,1562.0,1562.0,1562.0,1,0,0.0,0.0,0.0,0.0,0.0,0
BR,2009-01-22,3,1559.3333333333333,23.697163449568293,1558.0,1536.4,1582.8,1,0,0.0,0.0,0.0,0.0,0.0,0
BR,2009-01-23,3,1533.0,15.297058540778355,1527.0,1519.8,1548.6,1,0,0.0,0.0,0.0,0.0,0.0,0
BR,2009-01-26,1,1513.0,0.0,1513.0,1513.0,1513.0,1,0,0.0,0.0,0.0,0.0,0.0,0
BR,2009-01-27,3,1548.6666666666667,22.48456260538674,1547.0,1527.0,1571.0,1,0,0.0,0.0,0.0,0.0,0.0,0
BR,2009-01-29,1,1553.0,0.0,1553.0,1553.0,1553.0,1,0,0.0,0.0,0.0,0.0,0.0,0
BR,2009-01-30,2,1545.5,14.5,1545.5,1533.9,1557.1,1,0,0.0,0.0,0.0,0.0,0.0,0
BR,2009-02-01,5,1556.8,16.154256405046937,1557.0,1539.8,1575.4,1,0,0.0,0.0,0.0,0.0,0.0,0
BR,2009-02-02,1,1597.0,0.0,1597.0,1597.0,1597.0,1,0,0.0,0.0,0.0,0.0,0.0,0
BR,2009-02-03,3,1679.6666666666667,0.0,1833.0,1833.0,1833.0,2,0,0.0,0.0,0.0,0.0,0.0,0
BR,2009-02-05,1,1617.0,0.0,1617.0,1617.0,1617.0,1,0,0.0,0.0,0.0,0.0,0.0,0
BR,2009-02-09,2,1626.5,7.5,1626.5,1620.5,1632.5,1,0,0.0,0.0,0.0,0.0,0.0,0
BR,2009-02-10,1,1633.0,0.0,1633.0,1633.0,1633.0,1,0,0.0,0.0,0.0,0.0,0.0,0
BR,2009-02-11,1,1623.0,0.0,1623.0,1623.0,1623.0,1,0,0.0,0.0,0.0,0.0,0.0,0
BR,2009-02-12,1,1638.0,0.0,1638.0,1638.0,1638.0,1,0,0.0,0.0,0.0,0.0,0.0,0
BR,2009-02-15,3,1599.0,14.696938456699067,1599.0,1584.6,1613.4,1,0,0.0,0.0,0.0,0.0,0.0,0
BR,2009-02-16,1,1567.0,0.0,1567.0,1567.0,1567.0,1,0,0.0,0.0,0.0,0.0,0.0,0
BR,2009-02-17,1,1586.0,0.0,1586.0,1586.0,1586.0,1,0,0.0,0.0,0.0,0.0,0.0,0
BR,2009-02-18,1,1575.0,0.0,1575.0,1575.0,1575.0,1,0,0.0,0.0,0.0,0.0,0.0,0
BR,2009-02-20,2,1602.0,10.0,1602.0,1594.0,1610.0,1,0,0.0,0.0,0.0,0.0,0.0,0
BR,2009-02-21,1,1626.0,0.0,1626.0,1626.0,1626.0,1,0,0.0,0.0,0.0,0.0,0.0,0
BR,2009-02-22,2,1598.5,6.5,1598.5,1593.3,1603.7,1,0,0.0,0.0,0.0,0.0,0.0,0
BR,2009-02-23,1,1577.0,0.0,1577.0,1577.0,1577.0,1,0,0.0,0.0,0.0,0.0,0.0,0
BR,2009-02-25,1,1567.0,0.0,1567.0,1567.0,1567.0,1,0,0.0,0.0,0.0,0.0,0.0,0
BR,2009-02-26,3,1579.6666666666667,18.445113776342563,1582.0,1561.2,1597.2,1,0,0.0,0.0,0.0,0.0,0.0,0
BR,2009-02-27,3,1618.6666666666667,5.9066817155564495,1615.0,1614.2,1624.6,1,0,0.0,0.0,0.0,0.0,0.0,0
BR,2009-03-01,1,1599.0,0.0,1599.0,1599.0,1599.0,1,0,0.0,0.0,0.0,0.0,0.0,0
BR,2009-03-02,1,1585.0,0.0,1585.0,1585.0,1585.0,1,0,0.0,0.0,0.0,0.0,0.0,0
BR,2009-03-04,2,1592.0,5.0,1592.0,1588.0,1596.0,1,0,0.0,0.0,0.0,0.0,0.0,0
BR,2009-03-05,1,1604.0,0.0,1604.0,1604.0,1604.0,1,0,0.0,0.0,0.0,0.0,0.0,0
BR,2009-03-07,1,1579.0,0.0,1579.0,1579.0,1579.0,1,0,0.0,0.0,0.0,0.0,0.0,0
BR,2009-03-09,3,1580.3333333333333,8.9566858950296,1584.0,1571.2,1588.0,1,0,0.0,0.0,0.0,0.0,0.0,0
BR,2009-03-10,3,1572.0,8.831760866327848,1569.0,1564.2,1581.0,1,0,0.0,0.0,0.0,0.0,0.0,0
BR,2009-03-11,1,1576.0,0.0,1576.0,1576.0,1576.0,1,0,0.0,0.0,0.0,0.0,0.0,0
BR,2009-03-13,1,1588.0,0.0,1588.0,1588.0,1588.0,1,0,0.0,0.0,0.0,0.0,0.0,0
BR,2009-03-14,3,1593.6666666666667,7.408703590297622,1595.0,1586.2,1600.6,1,0,0.0,0.0,0.0,0.0,0.0,0
BR,2009-03-15,2,1576.5,7.5,1576.5,1570.5,1582.5,1,0,0.0,0.0,0.0,0.0,0.0,0
BR,2009-03-16,2,1569.0,0.0,1569.0,1569.0,1569.0,1,0,0.0,0.0,0.0,0.0,0.0,0
BR,2009-03-17,1,1559.0,0.0,1559.0,1559.0,1559.0,1,0,0.0,0.0,0.0,0.0,0.0,0
BR,2009-03-18,1,1557.0,0.0,1557.0,1557.0,1557.0,1,0,0.0,0.0,0.0,0.0,0.0,0
BR,2009-03-22,3,1549.6666666666667,8.055363982396381,1545.0,1543.4,1557.8,1,0,0.0,0.0,0.0,0.0,0.0,0
BR,2009-03-25,4,1564.0,11.683321445547923,1562.0,1552.7,1576.9,1,0,0.0,0.0,0.0,0.0,0.0,0
BR,2009-03-26,1,1527.0,0.0,1527.0,1527.0,1527.0,1,0,0.0,0.0,0.0,0.0,0.0,0
BR,2009-03-27,3,1540.6666666666667,16.73983937265296,1541.0,1524.2,1557.0,1,0,0.0,0.0,0.0,0.0,0.0,0
BR,2009-03-28,2,1627.0,0.0,1710.0,1710.0,1710.0,2,0,0.0,0.0,0.0,0.0,0.0,0
BR,2009-03-29,1,1708.0,0.0,1708.0,1708.0,1708.0,1,0,0.0,0.0,0.0,0.0,0.0,0
BR,2009-03-30,4,1335.0,68.0,1132.0,1077.6,1186.4,2,0,0.0,0.0,0.0,0.0,0.0,0
BR,2009-03-31,1,1518.0,0.0,1518.0,1518.0,1518.0,1,0,0.0,0.0,0.0,0.0,0.0,0
BR,2009-04-02,1,1518.0,0.0,1518.0,1518.0,1518.0,1,0,0.0,0.0,0.0,0.0,0.0,0
BR,2009-04-03,2,1708.0,0.0,1708.0,1708.0,1708.0,1,0,0.0,0.0,0.0,0.0,0.0,0
BR,2009-04-04,1,1227.0,0.0,1227.0,1227.0,1227.0,1,0,0.0,0.0,0.0,0.0,0.0,0
BR,2009-04-06,2,1521.5,15.5,1521.5,1509.1,1533.9,1,0,0.0,0.0,0.0,0.0,0.0,0
BR,2009-04-10,1,1209.0,0.0,1209.0,1209.0,1209.0,1,0,0.0,0.0,0.0,0.0,0.0,0
BR,2009-04-11,2,1528.5,11.5,1528.5,1519.3,1537.7,1,0,0.0,0.0,0.0,0.0,0.0,0
BR,2009-04-13,1,1537.0,0.0,1537.0,1537.0,1537.0,1,0,0.0,0.0,0.0,0.0,0.0,0
BR,2009-04-16,1,1555.0,0.0,1555.0,1555.0,1555.0,1,0,0.0,0.0,0.0,0.0,0.0,0
BR,2009-04-18,3,1564.3333333333333,19.067132861433457,1569.0,1545.0,1581.8,1,0,0.0,0.0,0.0,0.0,0.0,0
BR,2009-04-19,3,1629.6666666666667,17.745108872274887,1626.0,1613.2,1647.6,1,0,0.0,0.0,0.0,0.0,0.0,0
BR,2009-04-20,2,1630.5,13.5,1630.5,1619.7,1641.3,1,0,0.0,0.0,0.0,0.0,0.0,0
BR,2009-04-23,1,1600.0,0.0,1600.0,1600.0,1600.0,1,0,0.0,0.0,0.0,0.0,0.0,0
BR,2009-04-24,1,1632.0,0.0,1632.0,1632.0,1632.0,1,0,0.0,0.0,0.0,0.0,0.0,0
BR,2009-04-25,3,1408.0,19.5,1304.5,1288.9,1320.1,2,0,0.0,0.0,0.0,0.0,0.0,0
BR,2009-04-26,1,1627.0,0.0,1627.0,1627.0,1627.0,1,0,0.0,0.0,0.0,0.0,0.0,0
BR,2009-04-27,1,1603.0,0.0,1603.0,1603.0,1603.0,1,0,0.0,0.0,0.0,0.0,0.0,0
BR,2009-04-30,2,1586.0,12.0,1586.0,1576.4,1595.6,1,0,0.0,0.0,0.0,0.0,0.0,0
BR,2009-05-01,2,1230.0,2.0,1230.0,1228.4,1231.6,1,0,0.0,0.0,0.0,0.0,0.0,0
BR,2009-05-03,2,1538.5,14.5,1538.5,1526.9,1550.1,1,0,0.0,0.0,0.0,0.0,0.0,0
BR,2009-05-05,2,1530.0,11.0,1530.0,1521.2,1538.8,1,0,0.0,0.0,0.0,0.0,0.0,0
BR,2009-05-08,2,1093.5,96.5,1093.5,1016.3,1170.7,1,0,0.0,0.0,0.0,0.0,0.0,0
BR,2009-05-09,2,1266.5,38.5,1266.5,1235.7,1297.3,1,0,0.0,0.0,0.0,0.0,0.0,0
BR,2009-05-10,1,1322.0,0.0,1322.0,1322.0,1322.0,1,0,0.0,0.0,0.0,0.0,0.0,0
BR,2009-05-11,1,1536.0,0.0,1536.0,1536.0,1536.0,1,0,0.0,0.0,0.0,0.0,0.0,0
BR,2009-05-12,1,1553.0,0.0,1553.0,1553.0,1553.0,1,0,0.0,0.0,0.0,0.0,0.0,0
BR,2009-05-14,2,1378.5,0.0,1190.0,1190.0,1190.0,2,0,0.0,0.0,0.0,0.0,0.0,0
BR,2009-05-16,1,1593.0,0.0,1593.0,1593.0,1593.0,1,0,0.0,0.0,0.0,0.0,0.0,0
BR,2009-05-17,1,1610.0,0.0,1610.0,1610.0,1610.0,1,0,0.0,0.0,0.0,0.0,0.0,0
BR,2009-05-18,4,1620.25,9.959292143521044,1626.0,1609.9,1626.0,1,0,0.0,0.0,0.0,0.0,0.0,0
BR,2009-05-19,5,1522.4,0.0,1322.0,1322.0,1322.0,2,0,0.0,0.0,0.0,0.0,0.0,0
BR,2009-05-20,1,1585.0,0.0,1585.0,1585.0,1585.0,1,0,0.0,0.0,0.0,0.0,0.0,0
BR,2009-05-22,1,1239.0,0.0,1239.0,1239.0,1239.0,1,0,0.0,0.0,0.0,0.0,0.0,0
BR,2009-05-23,1,1594.0,0.0,1594.0,1594.0,1594.0,1,0,0.0,0.0,0.0,0.0,0.0,0
BR,2009-05-24,3,1618.3333333333333,7.039570693980958,1620.0,1611.2,1624.8,1,0,0.0,0.0,0.0,0.0,0.0,0
BR,2009-05-26,2,1639.0,10.0,1639.0,1631.0,1647.0,1,0,0.0,0.0,0.0,0.0,0.0,0
BR,2009-05-27,1,1636.0,0.0,1636.0,1636.0,1636.0,1,0,0.0,0.0,0.0,0.0,0.0,0
BR,2009-05-28,1,1296.0,0.0,1296.0,1296.0,1296.0,1,0,0.0,0.0,0.0,0.0,0.0,0
BR,2009-05-29,1,1616.0,0.0,1616.0,1616.0,1616.0,1,0,0.0,0.0,0.0,0.0,0.0,0
BR,2009-05-30,1,1307.0,0.0,1307.0,1307.0,1307.0,1,0,0.0,0.0,0.0,0.0,0.0,0
BR,2009-05-31,1,1347.0,0.0,1347.0,1347.0,1347.0,1,0,0.0,0.0,0.0,0.0,0.0,0
BR,2009-06-01,1,1046.0,0.0,1046.0,1046.0,1046.0,1,0,0.0,0.0,0.0,0.0,0.0,0
BR,2009-06-02,1,1623.0,0.0,1623.0,1623.0,1623.0,1,0,0.0,0.0,0.0,0.0,0.0,0
BR,2009-06-03,4,1590.75,28.83899270085556,1590.0,1560.0,1622.1,1,0,0.0,0.0,0.0,0.0,0.0,0
BR,2009-06-04,2,1528.5,8.5,1528.5,1521.7,1535.3,1,0,0.0,0.0,0.0,0.0,0.0,0
BR,2009-06-07,1,1514.0,0.0,1514.0,1514.0,1514.0,1,0,0.0,0.0,0.0,0.0,0.0,0
BR,2009-06-08,1,1499.0,0.0,1499.0,1499.0,1499.0,1,0,0.0,0.0,0.0,0.0,0.0,0
BR,2009-06-10,2,1513.5,4.5,1513.5,1509.9,1517.1,1,0,0.0,0.0,0.0,0.0,0.0,0
BR,2009-06-11,2,1510.5,7.5,1510.5,1504.5,1516.5,1,0,0.0,0.0,0.0,0.0,0.0,0
BR,2009-06-13,1,1537.0,0.0,1537.0,1537.0,1537.0,1,0,0.0,0.0,0.0,0.0,0.0,0
BR,2009-06-14,3,1474.0,0.0,1347.0,1347.0,1347.0,2,0,0.0,0.0,0.0,0.0,0.0,0
BR,2009-06-15,3,1510.6666666666667,4.784233364802441,1513.0,1505.8,1514.6,1,0,0.0,0.0,0.0,0.0,0.0,0
BR,2009-06-17,3,1532.0,6.683312551921141,1534.0,1525.2,1538.0,1,0,0.0,0.0,0.0,0.0,0.0,0
BR,2009-06-18,2,1549.0,5.0,1549.0,1545.0,1553.0,1,0,0.0,0.0,0.0,0.0,0.0,0
BR,2009-06-19,2,1569.0,4.0,1569.0,1565.8,1572.2,1,0,0.0,0.0,0.0,0.0,0.0,0
BR,2009-06-20,2,1459.5,0.0,1328.0,1328.0,1328.0,2,0,0.0,0.0,0.0,0.0,0.0,0
BR,2009-06-26,2,1557.0,7.0,1557.0,1551.4,1562.6,1,0,0.0,0.0,0.0,0.0,0.0,0
BR,2009-06-27,2,1452.0,0.0,1344.0,1344.0,1344.0,2,0,0.0,0.0,0.0,0.0,0.0,0
BR,2009-06-28,1,1530.0,0.0,1530.0,1530.0,1530.0,1,0,0.0,0.0,0.0,0.0,0.0,0
BR,2009-06-29,4,1457.25,0.0,1311.0,1311.0,1311.0,2,0,0.0,0.0,0.0,0.0,0.0,0
BR,2009-06-30,2,1473.5,1.5,1473.5,1472.3,1474.7,1,0,0.0,0.0,0.0,0.0,0.0,0
BR,2009-07-01,1,1504.0,0.0,1504.0,1504.0,1504.0,1,0,0.0,0.0,0.0,0.0,0.0,0
BR,2009-07-02,5,1336.4,0.0,1279.0,1279.0,1279.0,3,0,0.0,0.0,0.0,0.0,0.0,0
BR,2009-07-03,3,1454.3333333333333,8.73053390247253,1452.0,1446.4,1463.2,1,0,0.0,0.0,0.0,0.0,0.0,0
BR,2009-07-04,1,1458.0,0.0,1458.0,1458.0,1458.0,1,0,0.0,0.0,0.0,0.0,0.0,0
BR,2009-07-05,2,1482.0,7.0,1482.0,1476.4,1487.6,1,0,0.0,0.0,0.0,0.0,0.0,0
BR,2009-07-06,4,1491.25,3.897114317029974,1492.0,1486.9,1495.0,1,0,0.0,0.0,0.0,0.0,0.0,0
BR,2009-07-07,4,1523.75,13.4233937586588,1525.5,1508.8,1537.3,1,0,0.0,0.0,0.0,0.0,0.0,0
BR,2009-07-08,4,1479.75,0.0,1263.0,1263.0,1263.0,2,0,0.0,0.0,0.0,0.0,0.0,0
BR,2009-07-09,5,1553.4,7.364781055808788,1551.0,1546.4,1562.0,1,0,0.0,0.0,0.0,0.0,0.0,0
BR,2009-07-10,2,1555.0,4.0,1555.0,1551.8,1558.2,1,0,0.0,0.0,0.0,0.0,0.0,0
BR,2009-07-11,4,1558.5,4.924428900898052,1558.5,1553.2,1563.8,1,0,0.0,0.0,0.0,0.0,0.0,0
BR,2009-07-13,2,1582.5,5.5,1582.5,1578.1,1586.9,1,0,0.0,0.0,0.0,0.0,0.0,0
BR,2009-07-15,2,1586.5,6.5,1586.5,1581.3,1591.7,1,0,0.0,0.0,0.0,0.0,0.0,0
BR,2009-07-16,1,1600.0,0.0,1600.0,1600.0,1600.0,1,0,0.0,0.0,0.0,0.0,0.0,0
BR,2009-07-18,1,1223.0,0.0,1223.0,1223.0,1223.0,1,0,0.0,0.0,0.0,0.0,0.0,0
BR,2009-07-19,1,1583.0,0.0,1583.0,1583.0,1583.0,1,0,0.0,0.0,0.0,0.0,0.0,0
BR,2009-07-20,1,1604.0,0.0,1604.0,1604.0,1604.0,1,0,0.0,0.0,0.0,0.0,0.0,0
BR,2009-07-21,1,1594.0,0.0,1594.0,1594.0,1594.0,1,0,0.0,0.0,0.0,0.0,0.0,0
BR,2009-07-22,5,1531.4,0.0,1320.0,1320.0,1320.0,2,0,0.0,0.0,0.0,0.0,0.0,0
BR,2009-07-23,4,1549.0,0.0,1359.0,1359.0,1359.0,2,0,0.0,0.0,0.0,0.0,0.0,0
BR,2009-07-24,1,1292.0,0.0,1292.0,1292.0,1292.0,1,0,0.0,0.0,0.0,0.0,0.0,0
BR,2009-07-26,2,1627.5,1.5,1627.5,1626.3,1628.7,1,0,0.0,0.0,0.0,0.0,0.0,0
BR,2009-07-27,3,1537.0,0.0,1342.0,1342.0,1342.0,2,0,0.0,0.0,0.0,0.0,0.0,0
BR,2009-07-28,5,1361.0,0.0,1348.0,1348.0,1348.0,3,0,0.0,0.0,0.0,0.0,0.0,0
BR,2009-07-29,8,1608.625,8.915401000515905,1609.0,1596.7,1621.0,1,0,0.0,0.0,0.0,0.0,0.0,0
BR,2009-07-30,2,1621.5,1.5,1621.5,1620.3,1622.7,1,0,0.0,0.0,0.0,0.0,0.0,0
BR,2009-07-31,3,1604.3333333333333,3.2998316455372216,1605.0,1601.0,1607.4,1,0,0.0,0.0,0.0,0.0,0.0,0
BR,2009-08-01,3,1539.0,0.0,1384.0,1384.0,1384.0,2,0,0.0,0.0,0.0,0.0,0.0,0
BR,2009-08-02,3,1616.0,4.546060565661952,1615.0,1611.8,1620.6,1,0,0.0,0.0,0.0,0.0,0.0,0
BR,2009-08-03,2,1508.5,0.0,1411.0,1411.0,1411.0,2,0,0.0,0.0,0.0,0.0,0.0,0
BR,2009-08-04,1,1187.0,0.0,1187.0,1187.0,1187.0,1,0,0.0,0.0,0.0,0.0,0.0,0
BR,2009-08-05,7,1561.0,0.0,1254.0,1254.0,1254.0,2,0,0.0,0.0,0.0,0.0,0.0,0
BR,2009-08-06,3,1599.3333333333333,6.944222218666553,1599.0,1592.6,1606.2,1,0,0.0,0.0,0.0,0.0,0.0,0
BR,2009-08-07,2,1439.0,0.0,1276.0,1276.0,1276.0,2,0,0.0,0.0,0.0,0.0,0.0,0
BR,2009-08-08,6,1546.1666666666667,0.0,1344.0,1344.0,1344.0,2,0,0.0,0.0,0.0,0.0,0.0,0
BR,2009-08-09,3,1373.3333333333333,15.839472494022298,1383.0,1357.4,1385.4,1,0,0.0,0.0,0.0,0.0,0.0,0
BR,2009-08-10,4,1456.5,0.0,1392.0,1392.0,1392.0,3,0,0.0,0.0,0.0,0.0,0.0,0
BR,2009-08-11,8,1517.625,20.784609690826528,1445.0,1429.0,1472.2,2,0,0.0,0.0,0.0,0.0,0.0,0
BR,2009-08-12,2,1434.5,12.5,1434.5,1424.5,1444.5,1,0,0.0,0.0,0.0,0.0,0.0,0
BR,2009-08-13,1,1579.0,0.0,1579.0,1579.0,1579.0,1,0,0.0,0.0,0.0,0.0,0.0,0
BR,2009-08-14,5,1583.6,8.845337754998393,1583.0,1575.0,1593.8,1,0,0.0,0.0,0.0,0.0,0.0,0
BR,2009-08-15,6,1573.6666666666667,0.0,1372.0,1372.0,1372.0,2,0,0.0,0.0,0.0,0.0,0.0,0
BR,2009-08-16,1,1444.0,0.0,1444.0,1444.0,1444.0,1,0,0.0,0.0,0.0,0.0,0.0,0
BR,2009-08-17,2,1522.5,0.0,1419.0,1419.0,1419.0,2,0,0.0,0.0,0.0,0.0,0.0,0
BR,2009-08-18,5,1485.4,0.0,1392.0,1392.0,1392.0,3,0,0.0,0.0,0.0,0.0,0.0,0
BR,2009-08-19,4,1624.25,3.897114317029974,1624.0,1620.5,1628.2,1,0,0.0,0.0,0.0,0.0,0.0,0
BR,2009-08-20,5,1625.0,6.48074069840786,1627.0,1617.4,1631.6,1,0,0.0,0.0,0.0,0.0,0.0,0
BR,2009-08-21,2,1486.5,0.0,1354.0,1354.0,1354.0,2,0,0.0,0.0,0.0,0.0,0.0,0
BR,2009-08-22,8,1483.25,46.54269246855216,1476.0,1431.2,1522.4,3,0,0.0,0.0,0.0,0.0,0.0,0
BR,2009-08-23,2,1377.5,0.0,1555.0,1555.0,1555.0,2,0,0.0,0.0,0.0,0.0,0.0,0
BR,2009-08-24,3,1603.3333333333333,4.496912521077347,1603.0,1599.0,1607.8,1,0,0.0,0.0,0.0,0.0,0.0,0
BR,2009-08-25,6,1565.6666666666667,11.5,1446.5,1437.3,1455.7,2,0,0.0,0.0,0.0,0.0,0.0,0
BR,2009-08-26,1,1642.0,0.0,1642.0,1642.0,1642.0,1,0,0.0,0.0,0.0,0.0,0.0,0
BR,2009-08-27,3,1621.3333333333333,11.08552609887726,1623.0,1610.2,1631.8,1,0,0.0,0.0,0.0,0.0,0.0,0
BR,2009-08-28,6,1542.6666666666667,0.0,1541.0,1541.0,1541.0,3,0,0.0,0.0,0.0,0.0,0.0,0
BR,2009-08-29,1,1404.0,0.0,1404.0,1404.0,1404.0,1,0,0.0,0.0,0.0,0.0,0.0,0
BR,2009-08-30,3,1440.0,12.0,1374.0,1364.4,1383.6,2,0,0.0,0.0,0.0,0.0,0.0,0
BR,2009-08-31,5,1448.6,9.533566430716728,1356.0,1349.6,1368.0,2,0,0.0,0.0,0.0,0.0,0.0,0
BR,2009-09-01,3,1521.0,0.0,1349.0,1349.0,1349.0,2,0,0.0,0.0,0.0,0.0,0.0,0
BR,2009-09-02,2,1605.0,5.0,1605.0,1601.0,1609.0,1,0,0.0,0.0,0.0,0.0,0.0,0
BR,2009-09-03,2,1466.0,0.0,1332.0,1332.0,1332.0,2,0,0.0,0.0,0.0,0.0,0.0,0
BR,2009-09-04,3,1438.3333333333333,5.0,1352.0,1348.0,1356.0,2,0,0.0,0.0,0.0,0.0,0.0,0
BR,2009-09-05,4,1465.5,8.5,1335.5,1328.7,1342.3,2,0,0.0,0.0,0.0,0.0,0.0,0
BR,2009-09-06,2,1556.5,0.0,1502.0,1502.0,1502.0,2,0,0.0,0.0,0.0,0.0,0.0,0
BR,2009-09-07,4,1569.0,0.0,1491.0,1491.0,1491.0,2,0,0.0,0.0,0.0,0.0,0.0,0
BR,2009-09-08,3,1368.6666666666667,0.0,1485.0,1485.0,1485.0,2,0,0.0,0.0,0.0,0.0,0.0,0
BR,2009-09-10,3,1514.0,13.0,1467.0,1456.6,1477.4,2,0,0.0,0.0,0.0,0.0,0.0,0
BR,2009-09-11,6,1496.0,14.0,1316.0,1304.8,1327.2,2,0,0.0,0.0,0.0,0.0,0.0,0
BR,2009-09-12,5,1443.8,4.546060565661952,1362.0,1356.4,1365.2,2,0,0.0,0.0,0.0,0.0,0.0,0
BR,2009-09-13,7,1446.857142857143,1.5,1455.5,1454.3,1456.7,3,0,0.0,0.0,0.0,0.0,0.0,0
BR,2009-09-14,6,1522.3333333333333,0.0,1380.0,1380.0,1380.0,2,0,0.0,0.0,0.0,0.0,0.0,0
BR,2009-09-15,2,1513.5,0.0,1453.0,1453.0,1453.0,2,0,0.0,0.0,0.0,0.0,0.0,0
BR,2009-09-16,1,1565.0,0.0,1565.0,1565.0,1565.0,1,0,0.0,0.0,0.0,0.0,0.0,0
BR,2009-09-17,3,1436.6666666666667,0.0,1372.0,1372.0,1372.0,3,0,0.0,0.0,0.0,0.0,0.0,0
BR,2009-09-18,2,1550.0,7.0,1550.0,1544.4,1555.6,1,0,0.0,0.0,0.0,0.0,0.0,0
BR,2009-09-19,3,1563.6666666666667,3.771236166328253,1561.0,1561.0,1567.4,1,0,0.0,0.0,0.0,0.0,0.0,0
BR,2009-09-20,2,1446.0,4.0,1446.0,1442.8,1449.2,1,0,0.0,0.0,0.0,0.0,0.0,0
BR,2009-09-21,4,1461.25,8.5,1358.5,1351.7,1365.3,2,0,0.0,0.0,0.0,0.0,0.0,0
BR,2009-09-22,4,1457.25,5.5,1424.5,1420.1,1428.9,3,0,0.0,0.0,0.0,0.0,0.0,0
BR,2009-09-23,4,1573.0,0.0,1461.0,1461.0,1461.0,2,0,0.0,0.0,0.0,0.0,0.0,0
BR,2009-09-24,3,1550.3333333333333,0.0,1378.0,1378.0,1378.0,2,0,0.0,0.0,0.0,0.0,0.0,0
BR,2009-09-25,6,1533.8333333333333,13.36662510384228,1418.0,1400.4,1426.0,2,0,0.0,0.0,0.0,0.0,0.0,0
BR,2009-09-26,5,1615.2,0.0,1430.0,1430.0,1430.0,2,0,0.0,0.0,0.0,0.0,0.0,0
BR,2009-09-27,5,1680.8,6.241794613730894,1679.0,1674.4,1688.4,1,0,0.0,0.0,0.0,0.0,0.0,0
BR,2009-09-28,6,1569.0,0.0,1461.0,1461.0,1461.0,3,0,0.0,0.0,0.0,0.0,0.0,0
BR,2009-09-29,2,1548.0,0.0,1415.0,1415.0,1415.0,2,0,0.0,0.0,0.0,0.0,0.0,0
BR,2009-09-30,16,1409.25,35.36828460012665,1424.0,1353.0,1442.2,2,0,0.0,0.0,0.0,0.0,0.0,0
BR,2009-10-01,9,1491.2222222222222,33.46972097616325,1424.0,1367.2,1424.0,3,0,0.0,0.0,0.0,0.0,0.0,0
BR,2009-10-02,5,1562.6,9.5,1442.5,1434.9,1450.1,2,0,0.0,0.0,0.0,0.0,0.0,0
BR,2009-10-03,1,1286.0,0.0,1286.0,1286.0,1286.0,1,0,0.0,0.0,0.0,0.0,0.0,0
BR,2009-10-04,1,1645.0,0.0,1645.0,1645.0,1645.0,1,0,0.0,0.0,0.0,0.0,0.0,0
BR,2009-10-05,3,1664.6666666666667,5.734883511361751,1664.0,1659.2,1670.4,1,0,0.0,0.0,0.0,0.0,0.0,0
BR,2009-10-07,6,1391.1666666666667,56.68498478433244,1286.0,1276.9,1374.2,3,0,0.0,0.0,0.0,0.0,0.0,0
BR,2009-10-08,2,1321.5,88.5,1321.5,1250.7,1392.3,1,0,0.0,0.0,0.0,0.0,0.0,0
BR,2009-10-09,1,1648.0,0.0,1648.0,1648.0,1648.0,1,0,0.0,0.0,0.0,0.0,0.0,0
BR,2009-10-10,2,1659.0,5.0,1659.0,1655.0,1663.0,1,0,0.0,0.0,0.0,0.0,0.0,0
BR,2009-10-11,4,1539.0,6.0,1420.0,1415.2,1424.8,2,0,0.0,0.0,0.0,0.0,0.0,0
BR,2009-10-12,3,1506.3333333333333,8.0,1440.0,1433.6,1446.4,2,0,0.0,0.0,0.0,0.0,0.0,0
BR,2009-10-13,4,1473.0,0.0,1410.0,1410.0,1410.0,3,0,0.0,0.0,0.0,0.0,0.0,0
BR,2009-10-14,3,1405.0,0.0,1406.0,1406.0,1406.0,2,0,0.0,0.0,0.0,0.0,0.0,0
BR,2009-10-15,3,1423.0,21.27596452964393,1421.0,1402.6,1444.2,1,0,0.0,0.0,0.0,0.0,0.0,0
BR,2009-10-16,2,1548.5,0.0,1458.0,1458.0,1458.0,2,0,0.0,0.0,0.0,0.0,0.0,0
BR,2009-10-17,1,1460.0,0.0,1460.0,1460.0,1460.0,1,0,0.0,0.0,0.0,0.0,0.0,0
BR,2009-10-18,8,1516.25,0.0,1400.0,1400.0,1400.0,3,0,0.0,0.0,0.0,0.0,0.0,0
BR,2009-10-19,4,1583.0,1.0,1492.0,1491.2,1492.8,2,0,0.0,0.0,0.0,0.0,0.0,0
BR,2009-10-20,2,1598.0,0.0,1504.0,1504.0,1504.0,2,0,0.0,0.0,0.0,0.0,0.0,0
BR,2009-10-21,1,1698.0,0.0,1698.0,1698.0,1698.0,1,0,0.0,0.0,0.0,0.0,0.0,0
BR,2009-10-22,6,1662.3333333333333,0.0,1509.0,1509.0,1509.0,2,0,0.0,0.0,0.0,0.0,0.0,0
BR,2009-10-23,1,1683.0,0.0,1683.0,1683.0,1683.0,1,0,0.0,0.0,0.0,0.0,0.0,0
BR,2009-10-24,3,1630.6666666666667,0.0,1496.0,1496.0,1496.0,2,0,0.0,0.0,0.0,0.0,0.0,0
BR,2009-10-25,2,1595.5,0.0,1482.0,1482.0,1482.0,2,0,0.0,0.0,0.0,0.0,0.0,0
BR,2009-10-26,3,1548.6666666666667,4.0,1465.0,1461.8,1468.2,2,0,0.0,0.0,0.0,0.0,0.0,0
BR,2009-10-27,3,1631.3333333333333,0.0,1444.0,1444.0,1444.0,2,0,0.0,0.0,0.0,0.0,0.0,0
BR,2009-10-28,10,1371.8,20.62600540011158,1357.0,1337.0,1386.4,2,0,0.0,0.0,0.0,0.0,0.0,0
BR,2009-10-29,2,1600.5,0.0,1468.0,1468.0,1468.0,2,0,0.0,0.0,0.0,0.0,0.0,0
BR,2009-10-30,3,1472.6666666666667,0.0,1213.0,1213.0,1213.0,3,0,0.0,0.0,0.0,0.0,0.0,0
BR,2009-10-31,2,1414.0,0.0,1338.0,1338.0,1338.0,2,0,0.0,0.0,0.0,0.0,0.0,0
BR,2009-11-01,1,1479.0,0.0,1479.0,1479.0,1479.0,1,0,0.0,0.0,0.0,0.0,0.0,0
BR,2009-11-02,6,1629.1666666666667,3.0,1475.0,1472.6,1477.4,2,0,0.0,0.0,0.0,0.0,0.0,0
BR,2009-11-03,6,1476.0,155.5,1235.5,1111.1,1359.9,3,0,0.0,0.0,0.0,0.0,0.0,0
BR,2009-11-04,6,1398.3333333333333,0.0,1481.0,1481.0,1481.0,3,0,0.0,0.0,0.0,0.0,0.0,0
BR,2009-11-05,1,1391.0,0.0,1391.0,1391.0,1391.0,1,0,0.0,0.0,0.0,0.0,0.0,0
BR,2009-11-07,13,1300.7692307692307,182.89857541514337,1301.5,973.5,1378.0,3,0,0.0,0.0,0.0,0.0,0.0,0
BR,2009-11-08,4,1361.75,100.5,1256.5,1176.1,1336.9,2,0,0.0,0.0,0.0,0.0,0.0,0
BR,2009-11-09,5,1448.4,2.867441755680876,1353.0,1350.6,1356.2,3,0,0.0,0.0,0.0,0.0,0.0,0
BR,2009-11-10,4,1330.0,94.5174880937679,1349.0,1189.0,1349.8,2,0,0.0,0.0,0.0,0.0,0.0,0
BR,2009-11-11,4,1595.0,2.5,1470.5,1468.5,1472.5,2,0,0.0,0.0,0.0,0.0,0.0,0
BR,2009-11-12,3,1415.3333333333333,0.0,1327.0,1327.0,1327.0,2,0,0.0,0.0,0.0,0.0,0.0,0
BR,2009-11-13,2,1438.0,0.0,1149.0,1149.0,1149.0,2,0,0.0,0.0,0.0,0.0,0.0,0
BR,2009-11-14,16,1353.625,11.740528097151335,1312.0,1297.2,1323.8,4,0,0.0,0.0,0.0,0.0,0.0,0
BR,2009-11-15,14,1353.357142857143,4.0,1292.0,1288.8,1295.2,4,0,0.0,0.0,0.0,0.0,0.0,0
BR,2009-11-16,1,1709.0,0.0,1709.0,1709.0,1709.0,1,0,0.0,0.0,0.0,0.0,0.0,0
BR,2009-11-17,6,1394.1666666666667,142.62937596753653,1333.0,1326.0,1523.5,2,0,0.0,0.0,0.0,0.0,0.0,0
BR,2009-11-18,4,1640.25,0.0,1441.0,1441.0,1441.0,2,0,0.0,0.0,0.0,0.0,0.0,0
BR,2009-11-19,2,1319.5,3.5,1319.5,1316.7,1322.3,1,0,0.0,0.0,0.0,0.0,0.0,0
BR,2009-11-20,7,1332.857142857143,0.0,1329.0,1329.0,1329.0,3,0,0.0,0.0,0.0,0.0,0.0,0
BR,2009-11-21,12,1331.1666666666667,112.8906796664612,1298.0,1288.4,1305.8,2,0,0.0,0.0,0.0,0.0,0.0,0
BR,2009-11-22,15,1344.4,23.299976156401726,1354.0,1329.2,1374.8,3,0,0.0,0.0,0.0,0.0,0.0,0
BR,2009-11-23,2,1540.0,0.0,1378.0,1378.0,1378.0,2,0,0.0,0.0,0.0,0.0,0.0,0
BR,2009-11-24,1,1462.0,0.0,1462.0,1462.0,1462.0,1,0,0.0,0.0,0.0,0.0,0.0,0
BR,2009-11-25,4,1558.75,0.0,1375.0,1375.0,1375.0,3,0,0.0,0.0,0.0,0.0,0.0,0
BR,2009-11-26,5,1497.8,5.436502143433363,1361.0,1357.8,1368.2,2,0,0.0,0.0,0.0,0.0,0.0,0
BR,2009-11-27,6,1535.0,0.0,1385.0,1385.0,1385.0,3,0,0.0,0.0,0.0,0.0,0.0,0
BR,2009-11-28,1,1693.0,0.0,1693.0,1693.0,1693.0,1,0,0.0,0.0,0.0,0.0,0.0,0
BR,2009-11-29,3,1435.0,0.0,1379.0,1379.0,1379.0,2,0,0.0,0.0,0.0,0.0,0.0,0
BR,2009-11-30,1,1697.0,0.0,1697.0,1697.0,1697.0,1,0,0.0,0.0,0.0,0.0,0.0,0
BR,2009-12-01,5,1516.4,3.265986323710904,1393.0,1389.8,1396.2,2,0,0.0,0.0,0.0,0.0,0.0,0
BR,2009-12-02,1,1695.0,0.0,1695.0,1695.0,1695.0,1,0,0.0,0.0,0.0,0.0,0.0,0
BR,2009-12-03,4,1111.25,48.70546398734152,888.0,876.0,964.0,2,0,0.0,0.0,0.0,0.0,0.0,0
BR,2009-12-04,2,1707.5,1.5,1707.5,1706.3,1708.7,1,0,0.0,0.0,0.0,0.0,0.0,0
BR,2009-12-05,2,1424.0,0.0,1390.0,1390.0,1390.0,2,0,0.0,0.0,0.0,0.0,0.0,0
BR,2009-12-06,3,1437.3333333333333,111.5,1308.5,1219.3,1397.7,2,0,0.0,0.0,0.0,0.0,0.0,0
BR,2009-12-07,13,1357.6153846153843,0.0,1444.0,1444.0,1444.0,3,0,0.0,0.0,0.0,0.0,0.0,0
BR,2009-12-08,29,1363.655172413793,4.0,1462.0,1458.8,1465.2,4,0,0.0,0.0,0.0,0.0,0.0,0
BR,2009-12-09,24,1377.875,3.5,1450.5,1447.7,1453.3,3,0,0.0,0.0,0.0,0.0,0.0,0
BR,2009-12-10,21,1317.6666666666667,10.334101353947077,1318.0,1306.0,1329.0,1,0,0.0,0.0,0.0,0.0,0.0,0
BR,2009-12-11,6,1425.6666666666667,165.74847074876908,1313.0,1304.0,1660.0,2,0,0.0,0.0,0.0,0.0,0.0,0
BR,2009-12-12,24,1353.3333333333333,0.0,1466.0,1466.0,1466.0,3,0,0.0,0.0,0.0,0.0,0.0,0
BR,2009-12-13,4,1393.5,0.0,1455.0,1455.0,1455.0,2,0,0.0,0.0,0.0,0.0,0.0,0
BR,2009-12-14,8,1361.375,7.857122564908861,1361.0,1352.7,1371.5,1,0,0.0,0.0,0.0,0.0,0.0,0
BR,2009-12-15,11,1442.0,0.0,1142.0,1142.0,1142.0,3,0,0.0,0.0,0.0,0.0,0.0,0
BR,2009-12-16,4,1444.25,3.5,1448.5,1445.7,1451.3,2,0,0.0,0.0,0.0,0.0,0.0,0
BR,2009-12-17,7,1591.2857142857142,0.0,1461.0,1461.0,1461.0,3,0,0.0,0.0,0.0,0.0,0.0,0
BR,2009-12-18,3,1635.3333333333333,7.586537784494028,1638.0,1627.6,1642.0,1,0,0.0,0.0,0.0,0.0,0.0,0
BR,2009-12-19,8,1428.375,108.88900920905934,1442.0,1318.2,1449.8,2,0,0.0,0.0,0.0,0.0,0.0,0
BR,2009-12-20,8,1383.25,4.866980583482946,1382.5,1377.8,1388.9,1,0,0.0,0.0,0.0,0.0,0.0,0
BR,2009-12-21,15,1488.0666666666668,0.5,1440.5,1440.1,1440.9,3,0,0.0,0.0,0.0,0.0,0.0,0
BR,2009-12-23,14,1406.428571428571,0.0,1438.0,1438.0,1438.0,3,0,0.0,0.0,0.0,0.0,0.0,0
BR,2009-12-24,36,1418.7777777777778,0.0,1432.0,1432.0,1432.0,3,0,0.0,0.0,0.0,0.0,0.0,0
BR,2009-12-25,22,1386.7272727272727,0.0,1127.0,1127.0,1127.0,4,0,0.0,0.0,0.0,0.0,0.0,0
BR,2009-12-26,21,1361.571428571429,19.08769593362232,1355.0,1344.0,1393.0,1,0,0.0,0.0,0.0,0.0,0.0,0
BR,2009-12-27,6,1413.1666666666667,0.0,1410.0,1410.0,1410.0,3,0,0.0,0.0,0.0,0.0,0.0,0
BR,2009-12-28,11,1227.8181818181818,52.46797965320267,868.0,824.8,927.2,2,0,0.0,0.0,0.0,0.0,0.0,0
BR,2009-12-29,13,1398.8461538461538,0.0,1447.0,1447.0,1447.0,4,0,0.0,0.0,0.0,0.0,0.0,0
BR,2009-12-30,5,1573.6,0.0,1398.0,1398.0,1398.0,2,0,0.0,0.0,0.0,0.0,0.0,0
BR,2009-12-31,19,1460.1052631578948,0.0,1445.0,1445.0,1445.0,3,0,0.0,0.0,0.0,0.0,0.0,0
BR,2010-01-01,23,1325.8260869565215,260.3609801794424,936.0,897.2,1441.6,3,0,0.0,0.0,0.0,0.0,0.0,0
BR,2010-01-02,30,1227.9666666666667,45.22388749322641,951.0,882.0,979.0,3,0,0.0,0.0,0.0,0.0,0.0,0
BR,2010-01-03,28,1293.0,245.39673093901547,928.0,905.6,1332.8,3,0,0.0,0.0,0.0,0.0,0.0,0
BR,2010-01-04,4,1382.75,112.20600474127932,1320.5,1314.5,1500.8,2,0,0.0,0.0,0.0,0.0,0.0,0
BR,2010-01-05,14,1391.5,0.0,1158.0,1158.0,1158.0,4,0,0.0,0.0,0.0,0.0,0.0,0
BR,2010-01-06,18,1262.0555555555557,55.0107943952821,983.5,922.5,1035.4,4,0,0.0,0.0,0.0,0.0,0.0,0
BR,2010-01-07,15,1400.8,252.24899515271724,1444.0,1020.8,1453.6,3,0,0.0,0.0,0.0,0.0,0.0,0
BR,2010-01-08,17,1299.7058823529412,58.44655678480983,953.0,938.6,1044.2,3,0,0.0,0.0,0.0,0.0,0.0,0
BR,2010-01-09,6,979.3333333333334,124.9021839503039,1017.5,842.5,1078.0,1,0,0.0,0.0,0.0,0.0,0.0,0
BR,2010-01-10,13,1287.6923076923076,15.121728296285006,1009.0,995.4,1025.0,3,0,0.0,0.0,0.0,0.0,0.0,0
BR,2010-01-11,2,1465.5,8.5,1465.5,1458.7,1472.3,1,0,0.0,0.0,0.0,0.0,0.0,0
BR,2010-01-12,13,1399.076923076923,0.0,1381.0,1381.0,1381.0,3,0,0.0,0.0,0.0,0.0,0.0,0
BR,2010-01-13,11,1344.090909090909,14.5,1023.5,1011.9,1035.1,3,0,0.0,0.0,0.0,0.0,0.0,0
BR,2010-01-14,6,1363.3333333333333,0.0,1386.0,1386.0,1386.0,2,0,0.0,0.0,0.0,0.0,0.0,0
BR,2010-01-15,4,1529.25,0.0,1444.0,1444.0,1444.0,2,0,0.0,0.0,0.0,0.0,0.0,0
BR,2010-01-16,5,1396.0,216.0,1245.0,1072.2,1417.8,3,0,0.0,0.0,0.0,0.0,0.0,0
BR,2010-01-17,9,1258.0,189.35218509433685,1047.5,1031.7,1351.7,2,0,0.0,0.0,0.0,0.0,0.0,0
BR,2010-01-18,3,1540.3333333333333,4.642796092394706,1542.0,1535.6,1544.4,1,0,0.0,0.0,0.0,0.0,0.0,0
BR,2010-01-19,2,1103.0,45.0,1103.0,1067.0,1139.0,1,0,0.0,0.0,0.0,0.0,0.0,0
BR,2010-01-20,4,1268.25,8.0,1063.0,1056.6,1069.4,3,0,0.0,0.0,0.0,0.0,0.0,0
BR,2010-01-21,2,1478.0,0.0,1478.0,1478.0,1478.0,1,0,0.0,0.0,0.0,0.0,0.0,0
BR,2010-01-22,8,1242.875,66.38795071396616,1064.0,1017.2,1162.4,3,0,0.0,0.0,0.0,0.0,0.0,0
BR,2010-01-23,4,1283.25,203.64675298172568,1051.0,1051.0,1396.6,2,0,0.0,0.0,0.0,0.0,0.0,0
BR,2010-01-24,3,1478.0,0.0,1483.0,1483.0,1483.0,3,0,0.0,0.0,0.0,0.0,0.0,0
BR,2010-01-25,6,1484.3333333333333,150.0,1346.0,1226.0,1466.0,2,0,0.0,0.0,0.0,0.0,0.0,0
BR,2010-01-26,23,1356.7391304347825,62.05552730264302,1339.0,1329.4,1351.6,2,0,0.0,0.0,0.0,0.0,0.0,0
BR,2010-01-27,1,1552.0,0.0,1552.0,1552.0,1552.0,1,0,0.0,0.0,0.0,0.0,0.0,0
BR,2010-01-28,8,1433.125,0.0,1496.0,1496.0,1496.0,3,0,0.0,0.0,0.0,0.0,0.0,0
BR,2010-01-29,1,1576.0,0.0,1576.0,1576.0,1576.0,1,0,0.0,0.0,0.0,0.0,0.0,0
BR,2010-01-30,23,1384.0869565217392,0.0,1395.0,1395.0,1395.0,3,0,0.0,0.0,0.0,0.0,0.0,0
BR,2010-01-31,4,1488.0,2.549509756796392,1488.5,1485.2,1490.4,1,0,0.0,0.0,0.0,0.0,0.0,0
BR,2010-02-02,1,1390.0,0.0,1390.0,1390.0,1390.0,1,0,0.0,0.0,0.0,0.0,0.0,0
BR,2010-02-03,8,1379.75,3.299831645537222,1473.0,1470.6,1477.0,3,0,0.0,0.0,0.0,0.0,0.0,0
BR,2010-02-04,8,1364.375,2.5,1463.5,1461.5,1465.5,3,0,0.0,0.0,0.0,0.0,0.0,0
BR,2010-02-05,9,1308.3333333333333,0.0,1457.0,1457.0,1457.0,2,0,0.0,0.0,0.0,0.0,0.0,0
BR,2010-02-06,13,1328.1538461538462,2.5,1448.5,1446.5,1450.5,3,0,0.0,0.0,0.0,0.0,0.0,0
BR,2010-02-07,13,1247.1538461538462,30.0,1060.0,1036.0,1084.0,2,0,0.0,0.0,0.0,0.0,0.0,0
BR,2010-02-09,1,1580.0,0.0,1580.0,1580.0,1580.0,1,0,0.0,0.0,0.0,0.0,0.0,0
BR,2010-02-10,2,1016.5,4.5,1016.5,1012.9,1020.1,1,0,0.0,0.0,0.0,0.0,0.0,0
BR,2010-02-11,2,1577.5,3.5,1577.5,1574.7,1580.3,1,0,0.0,0.0,0.0,0.0,0.0,0
BR,2010-02-12,8,1295.375,0.0,1443.0,1443.0,1443.0,2,0,0.0,0.0,0.0,0.0,0.0,0
BR,2010-02-13,4,1277.25,175.25606266260806,1278.0,1101.2,1452.7,1,0,0.0,0.0,0.0,0.0,0.0,0
BR,2010-02-14,15,1331.6666666666667,214.5884950835488,1446.0,1088.4,1458.8,4,0,0.0,0.0,0.0,0.0,0.0,0
BR,2010-02-15,13,1279.1538461538462,145.5,1310.5,1194.1,1426.9,3,0,0.0,0.0,0.0,0.0,0.0,0
BR,2010-02-16,4,1490.0,0.0,1381.0,1381.0,1381.0,2,0,0.0,0.0,0.0,0.0,0.0,0
BR,2010-02-17,4,1533.25,1.0,1452.0,1451.2,1452.8,2,0,0.0,0.0,0.0,0.0,0.0,0
BR,2010-02-18,2,1534.0,0.0,1451.0,1451.0,1451.0,2,0,0.0,0.0,0.0,0.0,0.0,0
BR,2010-02-19,1,1623.0,0.0,1623.0,1623.0,1623.0,1,0,0.0,0.0,0.0,0.0,0.0,0
BR,2010-02-20,4,1490.25,5.792715732327588,1451.0,1443.8,1455.0,2,0,0.0,0.0,0.0,0.0,0.0,0
BR,2010-02-21,10,1219.2,190.49234455309048,1113.0,1001.4,1438.2,2,0,0.0,0.0,0.0,0.0,0.0,0
BR,2010-02-23,1,1017.0,0.0,1017.0,1017.0,1017.0,1,0,0.0,0.0,0.0,0.0,0.0,0
BR,2010-02-24,3,1457.6666666666667,0.0,1124.0,1124.0,1124.0,2,0,0.0,0.0,0.0,0.0,0.0,0
BR,2010-02-28,1,1632.0,0.0,1632.0,1632.0,1632.0,1,0,0.0,0.0,0.0,0.0,0.0,0
BR,2010-03-01,7,1294.857142857143,134.0484225637763,1243.0,1234.6,1398.0000000000002,2,0,0.0,0.0,0.0,0.0,0.0,0
BR,2010-03-02,2,1619.5,1.5,1619.5,1618.3,1620.7,1,0,0.0,0.0,0.0,0.0,0.0,0
BR,2010-03-03,2,1620.5,4.5,1620.5,1616.9,1624.1,1,0,0.0,0.0,0.0,0.0,0.0,0
BR,2010-03-04,2,1387.0,0.0,1142.0,1142.0,1142.0,2,0,0.0,0.0,0.0,0.0,0.0,0
BR,2010-03-05,2,1536.0,0.0,1448.0,1448.0,1448.0,2,0,0.0,0.0,0.0,0.0,0.0,0
BR,2010-03-06,35,1284.2285714285715,0.0,1445.0,1445.0,1445.0,2,0,0.0,0.0,0.0,0.0,0.0,0
BR,2010-03-07,21,1335.0,0.0,1439.0,1439.0,1439.0,3,0,0.0,0.0,0.0,0.0,0.0,0
BR,2010-03-08,1,1377.0,0.0,1377.0,1377.0,1377.0,1,0,0.0,0.0,0.0,0.0,0.0,0
BR,2010-03-09,1,1634.0,0.0,1634.0,1634.0,1634.0,1,0,0.0,0.0,0.0,0.0,0.0,0
BR,2010-03-10,3,1629.3333333333333,4.988876515698588,1628.0,1624.8,1634.4,1,0,0.0,0.0,0.0,0.0,0.0,0
BR,2010-03-11,1,1438.0,0.0,1438.0,1438.0,1438.0,1,0,0.0,0.0,0.0,0.0,0.0,0
BR,2010-03-12,16,1352.625,105.30187260918012,1314.5,1304.0,1478.5,2,0,0.0,0.0,0.0,0.0,0.0,0
BR,2010-03-13,19,1329.1052631578948,17.121530726089656,1322.0,1309.6,1355.8,1,0,0.0,0.0,0.0,0.0,0.0,0
BR,2010-03-14,30,1370.3,0.0,1427.0,1427.0,1427.0,3,0,0.0,0.0,0.0,0.0,0.0,0
BR,2010-03-15,8,1282.625,129.76217562225992,1157.0,1145.8,1371.4,2,0,0.0,0.0,0.0,0.0,0.0,0
BR,2010-03-16,15,1357.3333333333333,0.0,1369.0,1369.0,1369.0,3,0,0.0,0.0,0.0,0.0,0.0,0
BR,2010-03-17,10,1387.6,0.0,1144.0,1144.0,1144.0,3,0,0.0,0.0,0.0,0.0,0.0,0
BR,2010-03-18,16,1298.25,64.3393779543722,787.0,748.6,871.8,3,0,0.0,0.0,0.0,0.0,0.0,0
BR,2010-03-19,1,1423.0,0.0,1423.0,1423.0,1423.0,1,0,0.0,0.0,0.0,0.0,0.0,0
BR,2010-03-20,21,1371.4761904761904,58.42261389272956,1361.0,1348.0,1370.0,2,0,0.0,0.0,0.0,0.0,0.0,0
BR,2010-03-21,9,1345.5555555555557,103.27429615791908,1314.0,1296.6,1386.4,2,0,0.0,0.0,0.0,0.0,0.0,0
BR,2010-03-22,12,1205.5,208.6333839271388,1012.5,996.0,1446.5,3,0,0.0,0.0,0.0,0.0,0.0,0
BR,2010-03-23,1,1445.0,0.0,1445.0,1445.0,1445.0,1,0,0.0,0.0,0.0,0.0,0.0,0
BR,2010-03-24,2,1539.5,0.0,1437.0,1437.0,1437.0,2,0,0.0,0.0,0.0,0.0,0.0,0
BR,2010-03-26,3,949.3333333333334,40.01110956832975,950.0,910.0,988.4,1,0,0.0,0.0,0.0,0.0,0.0,0
BR,2010-03-27,14,1230.642857142857,19.0,818.0,802.8,833.2,2,0,0.0,0.0,0.0,0.0,0.0,0
BR,2010-03-28,11,1202.7272727272727,0.0,1444.0,1444.0,1444.0,4,0,0.0,0.0,0.0,0.0,0.0,0
BR,2010-03-29,17,1242.0,0.0,1458.0,1458.0,1458.0,3,0,0.0,0.0,0.0,0.0,0.0,0
BR,2010-03-30,3,1587.3333333333333,0.0,1468.0,1468.0,1468.0,2,0,0.0,0.0,0.0,0.0,0.0,0
BR,2010-03-31,2,1463.5,1.5,1463.5,1462.3,1464.7,1,0,0.0,0.0,0.0,0.0,0.0,0
BR,2010-04-01,7,1250.857142857143,79.23816946396478,1011.0,919.4,1083.7,3,0,0.0,0.0,0.0,0.0,0.0,0
BR,2010-04-02,6,1348.8333333333333,0.0,1446.0,1446.0,1446.0,3,0,0.0,0.0,0.0,0.0,0.0,0
BR,2010-04-03,1,1637.0,0.0,1637.0,1637.0,1637.0,1,0,0.0,0.0,0.0,0.0,0.0,0
BR,2010-04-04,25,1336.48,0.0,1440.0,1440.0,1440.0,4,0,0.0,0.0,0.0,0.0,0.0,0
BR,2010-04-05,6,1420.1666666666667,174.23037112461827,1125.0,1065.8,1386.6,2,0,0.0,0.0,0.0,0.0,0.0,0
BR,2010-04-07,4,1511.5,0.0,1317.0,1317.0,1317.0,3,0,0.0,0.0,0.0,0.0,0.0,0
BR,2010-04-08,1,1638.0,0.0,1638.0,1638.0,1638.0,1,0,0.0,0.0,0.0,0.0,0.0,0
BR,2010-04-09,2,1549.0,0.0,1454.0,1454.0,1454.0,2,0,0.0,0.0,0.0,0.0,0.0,0
BR,2010-04-10,27,1320.0,117.3381864526634,1291.0,1163.8,1366.3,4,0,0.0,0.0,0.0,0.0,0.0,0
BR,2010-04-11,18,1226.6666666666667,104.67515889115664,1203.0,1065.0,1252.0,3,0,0.0,0.0,0.0,0.0,0.0,0
BR,2010-04-12,6,1620.6666666666667,8.096638534327413,1620.5,1611.0,1630.5,1,0,0.0,0.0,0.0,0.0,0.0,0
BR,2010-04-13,1,1601.0,0.0,1601.0,1601.0,1601.0,1,0,0.0,0.0,0.0,0.0,0.0,0
BR,2010-04-14,1,1590.0,0.0,1590.0,1590.0,1590.0,1,0,0.0,0.0,0.0,0.0,0.0,0
BR,2010-04-15,5,1563.4,0.0,1435.0,1435.0,1435.0,2,0,0.0,0.0,0.0,0.0,0.0,0
BR,2010-04-16,15,1367.8666666666666,61.83188677553211,1353.0,1340.2,1366.0,2,0,0.0,0.0,0.0,0.0,0.0,0
BR,2010-04-17,30,1379.7,0.0,1435.0,1435.0,1435.0,3,0,0.0,0.0,0.0,0.0,0.0,0
BR,2010-04-18,40,1335.85,0.0,1200.0,1200.0,1200.0,3,0,0.0,0.0,0.0,0.0,0.0,0
BR,2010-04-19,15,1257.2666666666669,8.076027626390479,1108.5,1098.0,1116.5,4,0,0.0,0.0,0.0,0.0,0.0,0
BR,2010-04-20,9,1310.6666666666667,7.5,1326.5,1320.5,1332.5,2,0,0.0,0.0,0.0,0.0,0.0,0
BR,2010-04-21,48,1265.7916666666663,109.98659009170164,1151.5,943.6,1179.4,4,0,0.0,0.0,0.0,0.0,0.0,0
BR,2010-04-22,16,1147.25,89.12163972159998,1110.5,919.8,1148.4,3,0,0.0,0.0,0.0,0.0,0.0,0
BR,2010-04-23,15,1332.0,172.59978997669725,1040.5,1032.3,1319.6,3,0,0.0,0.0,0.0,0.0,0.0,0
BR,2010-04-24,27,1322.5185185185185,0.0,1080.0,1080.0,1080.0,4,0,0.0,0.0,0.0,0.0,0.0,0
BR,2010-04-25,18,1223.0,87.37825816528961,1064.0,937.4,1078.6,3,0,0.0,0.0,0.0,0.0,0.0,0
BR,2010-04-26,19,1351.157894736842,12.710450643291749,1088.0,1073.6,1098.4,5,0,0.0,0.0,0.0,0.0,0.0,0
BR,2010-04-27,9,1408.2222222222222,93.96663447767898,1359.0,1349.8,1582.0,2,0,0.0,0.0,0.0,0.0,0.0,0
BR,2010-04-28,5,1386.0,0.0,1200.0,1200.0,1200.0,3,0,0.0,0.0,0.0,0.0,0.0,0
BR,2010-04-29,11,1323.4545454545453,164.96893646987,1078.0,1068.2,1344.0,3,0,0.0,0.0,0.0,0.0,0.0,0
BR,2010-04-30,8,1484.375,151.0,1299.0,1178.2,1419.8,3,0,0.0,0.0,0.0,0.0,0.0,0
BR,2010-05-01,22,1351.6363636363635,2.0,1091.0,1089.4,1092.6,4,0,0.0,0.0,0.0,0.0,0.0,0
BR,2010-05-02,51,1349.5882352941176,11.025223605694151,1093.0,1081.8,1103.4,4,0,0.0,0.0,0.0,0.0,0.0,0
BR,2010-05-03,5,1482.8,0.0,1116.0,1116.0,1116.0,2,0,0.0,0.0,0.0,0.0,0.0,0
BR,2010-05-04,8,1378.25,163.67250074462723,1088.0,1076.7,1350.6,2,0,0.0,0.0,0.0,0.0,0.0,0
BR,2010-05-05,2,1394.0,0.0,1456.0,1456.0,1456.0,2,0,0.0,0.0,0.0,0.0,0.0,0
BR,2010-05-06,17,1336.1764705882354,3.5,1063.5,1060.7,1066.3,3,0,0.0,0.0,0.0,0.0,0.0,0
BR,2010-05-07,27,1350.148148148148,3.0,1448.0,1445.6,1450.4,2,0,0.0,0.0,0.0,0.0,0.0,0
BR,2010-05-08,22,1368.5454545454545,0.0,1340.0,1340.0,1340.0,3,0,0.0,0.0,0.0,0.0,0.0,0
BR,2010-05-09,26,1310.3846153846157,0.0,1200.0,1200.0,1200.0,4,0,0.0,0.0,0.0,0.0,0.0,0
BR,2010-05-10,4,1351.0,0.0,1120.0,1120.0,1120.0,3,0,0.0,0.0,0.0,0.0,0.0,0
BR,2010-05-11,10,1494.7,0.0,1444.0,1444.0,1444.0,3,0,0.0,0.0,0.0,0.0,0.0,0
BR,2010-05-12,3,1104.0,5.354126134736337,1103.0,1099.0,1109.4,1,0,0.0,0.0,0.0,0.0,0.0,0
BR,2010-05-13,10,1350.2,146.84761565044977,1127.0,1124.6,1375.0,2,0,0.0,0.0,0.0,0.0,0.0,0
BR,2010-05-14,7,1455.7142857142858,0.0,1431.0,1431.0,1431.0,3,0,0.0,0.0,0.0,0.0,0.0,0
BR,2010-05-15,16,1255.625,7.868714422741918,1125.0,1113.5,1132.0,4,0,0.0,0.0,0.0,0.0,0.0,0
BR,2010-05-16,50,1277.68,9.12194477856613,1149.0,1143.4,1164.8,4,0,0.0,0.0,0.0,0.0,0.0,0
BR,2010-05-17,18,1273.0,6.2048368229954285,1159.5,1155.5,1167.7,3,0,0.0,0.0,0.0,0.0,0.0,0
BR,2010-05-18,8,1306.875,148.54815904465312,1110.5,1095.0,1417.5,2,0,0.0,0.0,0.0,0.0,0.0,0
BR,2010-05-19,8,1451.375,2.0,1417.0,1415.4,1418.6,3,0,0.0,0.0,0.0,0.0,0.0,0
BR,2010-05-20,5,1484.2,0.0,1124.0,1124.0,1124.0,2,0,0.0,0.0,0.0,0.0,0.0,0
BR,2010-05-21,16,1361.6875,116.76082324028894,1296.0,1286.0,1564.5,2,0,0.0,0.0,0.0,0.0,0.0,0
BR,2010-05-22,32,1305.53125,5.5,1169.5,1165.1,1173.9,5,0,0.0,0.0,0.0,0.0,0.0,0
BR,2010-05-23,34,1282.411764705883,7.553888037944163,1177.0,1166.6,1184.8,3,0,0.0,0.0,0.0,0.0,0.0,0
BR,2010-05-24,4,1218.0,9.428090415820632,1096.0,1096.0,1112.0,2,0,0.0,0.0,0.0,0.0,0.0,0
BR,2010-05-25,1,1315.0,0.0,1315.0,1315.0,1315.0,1,0,0.0,0.0,0.0,0.0,0.0,0
BR,2010-05-26,5,1357.8,0.0,1096.0,1096.0,1096.0,3,0,0.0,0.0,0.0,0.0,0.0,0
BR,2010-05-27,10,1333.3,149.5,1265.5,1145.9,1385.1,3,0,0.0,0.0,0.0,0.0,0.0,0
BR,2010-05-28,2,1352.0,0.0,1276.0,1276.0,1276.0,2,0,0.0,0.0,0.0,0.0,0.0,0
BR,2010-05-29,8,1369.75,4.027681991198191,1103.0,1096.6,1103.8,3,0,0.0,0.0,0.0,0.0,0.0,0
BR,2010-05-30,45,1325.111111111111,121.15121843601845,1465.0,1368.2,1663.0,6,0,0.0,0.0,0.0,0.0,0.0,0
BR,2010-05-31,18,1378.111111111111,27.94637722496424,1380.5,1355.6,1421.4,3,0,0.0,0.0,0.0,0.0,0.0,0
BR,2010-06-01,18,1352.111111111111,0.0,1164.0,1164.0,1164.0,4,0,0.0,0.0,0.0,0.0,0.0,0
BR,2010-06-02,9,1337.4444444444443,0.0,1029.0,1029.0,1029.0,4,0,0.0,0.0,0.0,0.0,0.0,0
BR,2010-06-03,30,1355.2,0.0,1393.0,1393.0,1393.0,5,0,0.0,0.0,0.0,0.0,0.0,0
BR,2010-06-04,26,1241.6923076923076,4.918897798852457,1138.0,1130.8,1143.2,4,1,75.47,0.0,0.0,0.0,0.0,1
BR,2010-06-05,31,1313.3225806451612,15.887176176523798,1410.0,1386.2,1426.0,4,0,0.0,0.0,0.0,0.0,0.0,0
BR,2010-06-06,21,1360.809523809524,0.0,1290.0,1290.0,1290.0,4,0,0.0,0.0,0.0,0.0,0.0,0
BR,2010-06-07,8,1394.125,0.0,1410.0,1410.0,1410.0,4,0,0.0,0.0,0.0,0.0,0.0,0
BR,2010-06-08,13,1400.3846153846157,0.0,1407.0,1407.0,1407.0,4,0,0.0,0.0,0.0,0.0,0.0,0
BR,2010-06-09,17,1405.2941176470588,0.0,1377.0,1377.0,1377.0,3,0,0.0,0.0,0.0,0.0,0.0,0
BR,2010-06-10,16,1381.5,0.0,1147.0,1147.0,1147.0,4,0,0.0,0.0,0.0,0.0,0.0,0
BR,2010-06-11,24,1351.8749999999998,0.0,1309.0,1309.0,1309.0,4,0,0.0,0.0,0.0,0.0,0.0,0
BR,2010-06-12,6,1235.6666666666667,3.561951712193752,1156.5,1152.5,1159.8,3,0,0.0,0.0,0.0,0.0,0.0,0
BR,2010-06-13,36,1290.5277777777778,16.038148964959213,1183.0,1165.5,1202.5,4,0,0.0,0.0,0.0,0.0,0.0,0
BR,2010-06-14,16,1362.4375,6.683312551921141,1371.0,1362.2,1375.0,3,0,0.0,0.0,0.0,0.0,0.0,0
BR,2010-06-15,7,1280.7142857142858,140.2719580750986,1408.0,1172.8,1413.6,2,0,0.0,0.0,0.0,0.0,0.0,0
BR,2010-06-16,11,1347.2727272727273,0.0,1321.0,1321.0,1321.0,3,0,0.0,0.0,0.0,0.0,0.0,0
BR,2010-06-17,28,1261.0,84.09688290469342,1236.5,1221.1,1265.4,2,0,0.0,0.0,0.0,0.0,0.0,0
BR,2010-06-18,28,1289.607142857143,23.2163735324878,1203.0,1168.2,1212.6,4,0,0.0,0.0,0.0,0.0,0.0,0
BR,2010-06-19,49,1169.938775510204,161.67296465395813,1082.0,850.8,1212.6,5,0,0.0,0.0,0.0,0.0,0.0,0
BR,2010-06-20,8,1237.375,5.5,1160.5,1156.1,1164.9,3,0,0.0,0.0,0.0,0.0,0.0,0
BR,2010-06-21,11,1356.090909090909,93.16403377957958,1316.0,1298.0,1547.0,2,0,0.0,0.0,0.0,0.0,0.0,0
BR,2010-06-22,15,1305.9333333333334,4.330127018922194,1155.0,1149.8,1158.8,4,0,0.0,0.0,0.0,0.0,0.0,0
BR,2010-06-23,10,1196.6,17.613126418163876,1158.0,1153.2,1185.2,3,0,0.0,0.0,0.0,0.0,0.0,0
BR,2010-06-24,15,1311.6,13.725887949418793,1086.0,1065.0,1095.4,3,0,0.0,0.0,0.0,0.0,0.0,0
BR,2010-06-25,63,1275.2380952380952,15.57943493413484,1448.0,1431.2,1470.6,4,0,0.0,0.0,0.0,0.0,0.0,0
BR,2010-06-26,18,1293.8333333333333,2.943920288775949,1482.0,1480.4,1486.0,5,0,0.0,0.0,0.0,0.0,0.0,0
BR,2010-06-27,41,1369.7073170731708,10.877214699633734,1476.0,1467.2,1494.0,5,0,0.0,0.0,0.0,0.0,0.0,0
BR,2010-06-28,11,1313.0,121.68056541617482,1100.0,1082.4,1281.0,4,0,0.0,0.0,0.0,0.0,0.0,0
BR,2010-06-29,4,1403.0,146.5,1242.5,1125.3,1359.7,2,0,0.0,0.0,0.0,0.0,0.0,0
BR,2010-06-30,11,1281.909090909091,126.07810079470582,1103.0,1095.8,1305.5,2,0,0.0,0.0,0.0,0.0,0.0,0
BR,2010-07-01,12,1348.3333333333333,0.0,1065.0,1065.0,1065.0,3,0,0.0,0.0,0.0,0.0,0.0,0
BR,2010-07-02,29,1444.655172413793,13.847730398451894,1444.0,1432.0,1471.0,3,0,0.0,0.0,0.0,0.0,0.0,0
BR,2010-07-03,5,1247.4,126.38631255005424,1104.5,1084.2,1302.6,2,0,0.0,0.0,0.0,0.0,0.0,0
BR,2010-07-04,4,1229.25,2.0548046676563256,1116.0,1114.4,1118.4,2,0,0.0,0.0,0.0,0.0,0.0,0
BR,2010-07-05,27,1313.2592592592594,9.756408150543928,1123.5,1114.1,1135.0,6,0,0.0,0.0,0.0,0.0,0.0,0
BR,2010-07-06,11,1367.5454545454545,0.0,1114.0,1114.0,1114.0,3,0,0.0,0.0,0.0,0.0,0.0,0
BR,2010-07-07,7,1242.142857142857,1.0,1107.0,1106.2,1107.8,4,0,0.0,0.0,0.0,0.0,0.0,0
BR,2010-07-08,10,1464.4,59.82004262786846,1448.0,1372.4,1505.2,2,0,0.0,0.0,0.0,0.0,0.0,0
BR,2010-07-09,2,1446.0,0.0,1367.0,1367.0,1367.0,2,0,0.0,0.0,0.0,0.0,0.0,0
BR,2010-07-10,31,1409.1290322580646,5.986117272489739,1445.0,1436.8,1453.2,4,0,0.0,0.0,0.0,0.0,0.0,0
BR,2010-07-11,27,1405.962962962963,0.0,1387.0,1387.0,1387.0,3,0,0.0,0.0,0.0,0.0,0.0,0
BR,2010-07-12,34,1371.8529411764707,6.599663291074443,1077.0,1077.0,1088.2,4,0,0.0,0.0,0.0,0.0,0.0,0
BR,2010-07-13,25,1387.4,4.0,1356.0,1352.8,1359.2,4,0,0.0,0.0,0.0,0.0,0.0,0
BR,2010-07-14,22,1291.4545454545455,0.0,1352.0,1352.0,1352.0,2,0,0.0,0.0,0.0,0.0,0.0,0
BR,2010-07-15,22,1355.0,0.0,1096.0,1096.0,1096.0,4,0,0.0,0.0,0.0,0.0,0.0,0
BR,2010-07-16,13,1347.5384615384614,0.0,1161.0,1161.0,1161.0,3,0,0.0,0.0,0.0,0.0,0.0,0
BR,2010-07-17,3,1259.0,2.0,1090.0,1088.4,1091.6,2,0,0.0,0.0,0.0,0.0,0.0,0
BR,2010-07-18,15,1267.0666666666666,24.10605817665606,1099.0,1065.0,1112.0,3,0,0.0,0.0,0.0,0.0,0.0,0
BR,2010-07-19,8,1285.7499999999998,0.0,1015.0,1015.0,1015.0,3,0,0.0,0.0,0.0,0.0,0.0,0
BR,2010-07-20,2,1407.0,0.0,1331.0,1331.0,1331.0,2,0,0.0,0.0,0.0,0.0,0.0,0
BR,2010-07-21,2,1603.5,2.5,1603.5,1601.5,1605.5,1,0,0.0,0.0,0.0,0.0,0.0,0
BR,2010-07-22,15,1328.6666666666667,0.0,1368.0,1368.0,1368.0,3,0,0.0,0.0,0.0,0.0,0.0,0
BR,2010-07-23,7,1287.428571428571,25.0,1095.0,1075.0,1115.0,3,0,0.0,0.0,0.0,0.0,0.0,0
BR,2010-07-24,11,1097.6363636363635,10.32666451474047,1096.0,1088.4,1113.1,2,0,0.0,0.0,0.0,0.0,0.0,0
BR,2010-07-25,17,1316.0588235294117,0.0,1145.0,1145.0,1145.0,4,0,0.0,0.0,0.0,0.0,0.0,0
BR,2010-07-26,11,1350.3636363636365,0.0,1367.0,1367.0,1367.0,3,0,0.0,0.0,0.0,0.0,0.0,0
BR,2010-07-27,23,1211.2608695652175,9.583639905910168,1070.0,1059.8,1084.0,3,0,0.0,0.0,0.0,0.0,0.0,0
BR,2010-07-28,11,1208.2727272727273,20.678717924474917,1085.0,1078.1,1109.3,3,0,0.0,0.0,0.0,0.0,0.0,0
BR,2010-07-29,3,1376.3333333333333,2.3570226039551585,1378.0,1374.0,1378.0,1,0,0.0,0.0,0.0,0.0,0.0,0
BR,2010-07-30,14,1394.571428571429,210.5,1355.5,1187.1,1523.9,4,0,0.0,0.0,0.0,0.0,0.0,0
BR,2010-07-31,26,1335.5384615384614,146.58103560829417,1080.0,1075.4,1376.6,3,0,0.0,0.0,0.0,0.0,0.0,0
BR,2010-08-01,35,1224.428571428571,17.983923031510834,1087.0,1074.0,1116.0,3,0,0.0,0.0,0.0,0.0,0.0,0
BR,2010-08-02,11,1385.2727272727273,64.19868436642736,1368.0,1357.0,1376.0,2,0,0.0,0.0,0.0,0.0,0.0,0
BR,2010-08-03,7,1379.857142857143,0.0,1392.0,1392.0,1392.0,2,0,0.0,0.0,0.0,0.0,0.0,0
BR,2010-08-04,1,1331.0,0.0,1331.0,1331.0,1331.0,1,0,0.0,0.0,0.0,0.0,0.0,0
BR,2010-08-05,4,1479.25,0.0,1124.0,1124.0,1124.0,2,0,0.0,0.0,0.0,0.0,0.0,0
BR,2010-08-06,22,1320.9545454545455,4.5,1074.5,1070.9,1078.1,5,0,0.0,0.0,0.0,0.0,0.0,0
BR,2010-08-07,19,1364.842105263158,3.5,1079.5,1076.7,1082.3,3,0,0.0,0.0,0.0,0.0,0.0,0
BR,2010-08-08,7,1251.2857142857142,5.5,1123.5,1119.1,1127.9,2,0,0.0,0.0,0.0,0.0,0.0,0
BR,2010-08-09,16,1340.0625,0.0,1107.0,1107.0,1107.0,3,0,0.0,0.0,0.0,0.0,0.0,0
BR,2010-08-10,4,1385.0,0.0,1334.0,1334.0,1334.0,3,0,0.0,0.0,0.0,0.0,0.0,0
BR,2010-08-11,7,1315.571428571429,0.0,1062.0,1062.0,1062.0,4,0,0.0,0.0,0.0,0.0,0.0,0
BR,2010-08-12,16,1297.8125,3.4641016151377544,1062.0,1062.0,1067.6,3,0,0.0,0.0,0.0,0.0,0.0,0
BR,2010-08-13,1,1647.0,0.0,1647.0,1647.0,1647.0,1,0,0.0,0.0,0.0,0.0,0.0,0
BR,2010-08-14,14,1284.571428571429,6.56521445318632,1284.5,1276.5,1292.1,1,0,0.0,0.0,0.0,0.0,0.0,0
BR,2010-08-15,19,1299.578947368421,92.51532777100331,1319.0,1298.6,1337.0,1,0,0.0,0.0,0.0,0.0,0.0,0
BR,2010-08-16,5,1247.6,4.027681991198191,1070.0,1069.2,1076.4,3,0,0.0,0.0,0.0,0.0,0.0,0
BR,2010-08-17,15,1303.2,3.5,1065.5,1062.7,1068.3,4,0,0.0,0.0,0.0,0.0,0.0,0
BR,2010-08-18,12,1403.0,60.97449375672494,1324.0,1221.0,1362.0,4,0,0.0,0.0,0.0,0.0,0.0,0
BR,2010-08-19,14,1256.428571428571,10.33870827951388,1071.0,1058.2,1078.2,4,0,0.0,0.0,0.0,0.0,0.0,0
BR,2010-08-20,28,1390.4642857142858,3.5,1425.5,1422.7,1428.3,5,0,0.0,0.0,0.0,0.0,0.0,0
BR,2010-08-21,35,1354.857142857143,5.418486873657627,1425.0,1419.8,1430.8,6,0,0.0,0.0,0.0,0.0,0.0,0
BR,2010-08-22,11,1426.5454545454545,61.0,1189.0,1140.2,1237.8,3,0,0.0,0.0,0.0,0.0,0.0,0
BR,2010-08-23,4,1281.5,0.0,1102.0,1102.0,1102.0,2,0,0.0,0.0,0.0,0.0,0.0,0
BR,2010-08-24,18,1324.0,20.195048898182943,1296.0,1282.4,1324.0,5,0,0.0,0.0,0.0,0.0,0.0,0
BR,2010-08-25,4,1202.25,0.0,1060.0,1060.0,1060.0,3,0,0.0,0.0,0.0,0.0,0.0,0
BR,2010-08-26,9,1306.6666666666667,3.5,1075.5,1072.7,1078.3,2,0,0.0,0.0,0.0,0.0,0.0,0
BR,2010-08-27,11,1285.8181818181818,112.61993606817578,1081.0,1062.5,1239.0,3,0,0.0,0.0,0.0,0.0,0.0,0
BR,2010-08-28,39,1263.3333333333333,81.10739622390935,1083.0,1070.3,1101.1,2,0,0.0,0.0,0.0,0.0,0.0,0
BR,2010-08-29,29,1336.3103448275865,20.05617112013158,1289.5,1283.0,1321.2,4,0,0.0,0.0,0.0,0.0,0.0,0
BR,2010-08-30,20,1418.0,4.5,1302.5,1298.9,1306.1,5,0,0.0,0.0,0.0,0.0,0.0,0
BR,2010-08-31,4,1320.5,6.0,1281.0,1276.2,1285.8,3,0,0.0,0.0,0.0,0.0,0.0,0
BR,2010-09-01,19,1325.9473684210527,31.160872901765767,1340.0,1293.2,1356.0,4,0,0.0,0.0,0.0,0.0,0.0,0
BR,2010-09-02,14,1346.142857142857,54.0,1327.0,1283.8,1370.2,4,0,0.0,0.0,0.0,0.0,0.0,0
BR,2010-09-03,22,1329.7272727272727,18.150482087261484,1330.0,1307.0,1347.0,6,0,0.0,0.0,0.0,0.0,0.0,0
BR,2010-09-04,45,1293.9555555555555,19.937402037376884,1351.5,1333.8,1376.2,4,0,0.0,0.0,0.0,0.0,0.0,0
BR,2010-09-05,4,1283.0,0.0,1321.0,1321.0,1321.0,3,0,0.0,0.0,0.0,0.0,0.0,0
BR,2010-09-06,27,1285.3333333333333,11.224972160321824,1370.0,1362.8,1384.4,7,0,0.0,0.0,0.0,0.0,0.0,0
BR,2010-09-07,44,1316.159090909091,19.11648503255764,1370.0,1340.4,1383.2,7,0,0.0,0.0,0.0,0.0,0.0,0
BR,2010-09-08,39,1329.3846153846157,15.560812603745632,1330.0,1323.0,1357.5,6,0,0.0,0.0,0.0,0.0,0.0,0
BR,2010-09-09,13,1361.076923076923,0.0,1345.0,1345.0,1345.0,5,0,0.0,0.0,0.0,0.0,0.0,0
BR,2010-09-10,24,1355.7916666666667,8.0,1370.0,1363.6,1376.4,7,0,0.0,0.0,0.0,0.0,0.0,0
BR,2010-09-11,14,1354.7857142857142,10.5,1488.5,1480.1,1496.9,5,0,0.0,0.0,0.0,0.0,0.0,0
BR,2010-09-12,11,1263.2727272727273,6.236095644623235,1355.0,1347.0,1359.0,4,0,0.0,0.0,0.0,0.0,0.0,0
BR,2010-09-13,46,1394.3043478260868,5.315072906367325,1352.5,1344.4,1355.0,6,0,0.0,0.0,0.0,0.0,0.0,0
BR,2010-09-14,28,1416.2857142857142,12.717247935843996,1434.0,1429.6,1460.0,5,0,0.0,0.0,0.0,0.0,0.0,0
BR,2010-09-15,19,1397.684210526316,8.0,1348.0,1341.6,1354.4,5,0,0.0,0.0,0.0,0.0,0.0,0
BR,2010-09-16,19,1412.157894736842,9.883698700385398,1439.5,1426.6,1447.5,6,0,0.0,0.0,0.0,0.0,0.0,0
BR,2010-09-17,19,1377.421052631579,8.219218670625303,1442.0,1432.4,1448.4,5,0,0.0,0.0,0.0,0.0,0.0,0
BR,2010-09-18,29,1290.0689655172414,118.08248058972262,1125.0,1118.5,1372.0,3,0,0.0,0.0,0.0,0.0,0.0,0
BR,2010-09-19,34,1335.4411764705883,5.5,1132.5,1128.1,1136.9,4,0,0.0,0.0,0.0,0.0,0.0,0
BR,2010-09-20,16,1371.4375,4.0,1469.0,1465.8,1472.2,5,0,0.0,0.0,0.0,0.0,0.0,0
BR,2010-09-21,23,1361.3913043478262,7.783529619223745,1473.0,1463.0,1481.5,5,0,0.0,0.0,0.0,0.0,0.0,0
BR,2010-09-22,14,1524.928571428571,8.114185110040317,1485.0,1474.0,1491.8,3,0,0.0,0.0,0.0,0.0,0.0,0
BR,2010-09-23,39,1358.205128205128,5.0,1080.0,1076.0,1084.0,4,0,0.0,0.0,0.0,0.0,0.0,0
BR,2010-09-24,66,1392.7272727272727,6.1951727408730255,1496.0,1489.0,1503.0,6,0,0.0,0.0,0.0,0.0,0.0,0
BR,2010-09-25,28,1300.0,20.36882148993625,1145.0,1114.6,1152.2,3,0,0.0,0.0,0.0,0.0,0.0,0
BR,2010-09-26,28,1282.142857142857,0.0,1389.0,1389.0,1389.0,2,0,0.0,0.0,0.0,0.0,0.0,0
BR,2010-09-27,18,1505.6666666666667,5.571355310873647,1505.0,1498.2,1510.6,4,0,0.0,0.0,0.0,0.0,0.0,0
BR,2010-09-28,8,1161.75,95.17976413082772,1159.5,1078.6,1239.8,1,0,0.0,0.0,0.0,0.0,0.0,0
BR,2010-09-29,17,1288.1764705882354,7.745966692414834,1236.0,1227.0,1245.0,3,0,0.0,0.0,0.0,0.0,0.0,0
BR,2010-09-30,7,1270.0,65.5,1134.5,1082.1,1186.9,3,0,0.0,0.0,0.0,0.0,0.0,0
BR,2010-10-01,19,1283.1052631578948,1.5,1158.5,1157.3,1159.7,3,0,0.0,0.0,0.0,0.0,0.0,0
BR,2010-10-02,17,1309.6470588235295,100.81005240880825,1187.0,1169.4,1348.6,3,0,0.0,0.0,0.0,0.0,0.0,0
BR,2010-10-03,57,1392.578947368421,51.4623401039983,1525.0,1441.6,1574.1,6,0,0.0,0.0,0.0,0.0,0.0,0
BR,2010-10-04,50,1447.6,54.894808497707686,1450.5,1421.3,1546.0,6,0,0.0,0.0,0.0,0.0,0.0,0
BR,2010-10-05,37,1422.6486486486488,11.679607148380285,1512.0,1496.0,1523.0,4,0,0.0,0.0,0.0,0.0,0.0,0
BR,2010-10-06,23,1357.7826086956522,6.609652033201143,1497.5,1490.8,1504.9,6,0,0.0,0.0,0.0,0.0,0.0,0
BR,2010-10-07,23,1341.0434782608695,2.449489742783178,1513.0,1510.6,1515.4,6,0,0.0,0.0,0.0,0.0,0.0,0
BR,2010-10-08,19,1443.157894736842,4.9216076867444665,1532.0,1526.4,1536.0,5,0,0.0,0.0,0.0,0.0,0.0,0
BR,2010-10-09,18,1138.888888888889,15.964315675906688,997.0,982.0,1018.4,4,0,0.0,0.0,0.0,0.0,0.0,0
BR,2010-10-10,41,1375.5121951219512,0.0,1325.0,1325.0,1325.0,3,0,0.0,0.0,0.0,0.0,0.0,0
BR,2010-10-11,18,1411.1666666666667,0.0,1544.0,1544.0,1544.0,6,0,0.0,0.0,0.0,0.0,0.0,0
BR,2010-10-12,24,1375.75,0.0,1069.0,1069.0,1069.0,4,0,0.0,0.0,0.0,0.0,0.0,0
BR,2010-10-13,8,1473.0,0.0,1163.0,1163.0,1163.0,3,0,0.0,0.0,0.0,0.0,0.0,0
BR,2010-10-14,8,1350.5,179.0,1245.0,1101.8,1388.2,3,0,0.0,0.0,0.0,0.0,0.0,0
BR,2010-10-15,14,1371.857142857143,45.32107677449864,1171.0,1096.6,1175.8,3,0,0.0,0.0,0.0,0.0,0.0,0
BR,2010-10-16,22,1432.1363636363635,0.0,1031.0,1031.0,1031.0,3,0,0.0,0.0,0.0,0.0,0.0,0
BR,2010-10-17,27,1347.444444444444,14.299378385867769,1051.0,1034.0,1067.5,4,0,0.0,0.0,0.0,0.0,0.0,0
BR,2010-10-18,4,1493.25,1.5,1401.5,1400.3,1402.7,2,0,0.0,0.0,0.0,0.0,0.0,0
BR,2010-10-19,14,1439.9999999999998,0.0,1536.0,1536.0,1536.0,4,0,0.0,0.0,0.0,0.0,0.0,0
BR,2010-10-20,6,1436.6666666666667,0.0,1539.0,1539.0,1539.0,3,0,0.0,0.0,0.0,0.0,0.0,0
BR,2010-10-21,11,1485.4545454545455,1.632993161855452,1385.0,1383.4,1386.6,3,0,0.0,0.0,0.0,0.0,0.0,0
BR,2010-10-22,16,1470.75,2.0,1545.0,1543.4,1546.6,5,0,0.0,0.0,0.0,0.0,0.0,0
BR,2010-10-23,37,1491.2702702702702,0.0,1155.0,1155.0,1155.0,3,0,0.0,0.0,0.0,0.0,0.0,0
BR,2010-10-24,17,1423.8235294117644,97.0,952.0,874.4,1029.6,4,0,0.0,0.0,0.0,0.0,0.0,0
BR,2010-10-25,25,1489.92,0.0,1054.0,1054.0,1054.0,6,0,0.0,0.0,0.0,0.0,0.0,0
BR,2010-10-26,23,1478.0,8.729494924258393,1567.0,1555.8,1576.2,5,0,0.0,0.0,0.0,0.0,0.0,0
BR,2010-10-27,49,1482.8775510204082,6.961481323843525,1586.0,1579.2,1594.2,6,0,0.0,0.0,0.0,0.0,0.0,0
BR,2010-10-28,44,1493.1818181818182,0.0,1054.0,1054.0,1054.0,8,0,0.0,0.0,0.0,0.0,0.0,0
BR,2010-10-29,52,1511.7692307692307,10.216761826636766,1604.0,1587.8,1616.2,6,0,0.0,0.0,0.0,0.0,0.0,0
BR,2010-10-30,27,1485.3333333333333,3.0,1596.0,1593.6,1598.4,6,0,0.0,0.0,0.0,0.0,0.0,0
BR,2010-10-31,25,1441.4799999999998,2.0,1288.0,1286.4,1289.6,4,0,0.0,0.0,0.0,0.0,0.0,0
BR,2010-11-01,41,1533.9512195121952,5.243557757780843,1597.5,1591.2,1602.7,5,0,0.0,0.0,0.0,0.0,0.0,0
BR,2010-11-02,37,1390.0000000000002,6.945502141674135,1589.0,1579.8,1594.8,6,0,0.0,0.0,0.0,0.0,0.0,0
BR,2010-11-03,63,1503.3968253968253,7.104021409132006,1587.0,1578.0,1595.0,6,0,0.0,0.0,0.0,0.0,0.0,0
BR,2010-11-04,29,1529.103448275862,6.569627082262737,1583.5,1574.8,1591.4,6,0,0.0,0.0,0.0,0.0,0.0,0
BR,2010-11-05,40,1413.25,0.0,1054.0,1054.0,1054.0,7,0,0.0,0.0,0.0,0.0,0.0,0
BR,2010-11-06,39,1428.8461538461538,16.438437341250605,1027.0,1014.2,1046.2,7,0,0.0,0.0,0.0,0.0,0.0,0
BR,2010-11-07,11,1447.5454545454545,0.0,1445.0,1445.0,1445.0,4,0,0.0,0.0,0.0,0.0,0.0,0
BR,2010-11-08,37,1475.6486486486488,4.712120714991612,1546.0,1540.0,1551.4,6,0,0.0,0.0,0.0,0.0,0.0,0
BR,2010-11-09,19,1318.8947368421052,188.5861457663314,1070.0,1050.1,1451.5,3,0,0.0,0.0,0.0,0.0,0.0,0
BR,2010-11-10,33,1517.090909090909,17.226253267988735,1569.0,1540.0,1583.0,6,0,0.0,0.0,0.0,0.0,0.0,0
BR,2010-11-11,27,1490.6296296296296,2.0548046676563256,1593.0,1591.4,1595.4,6,0,0.0,0.0,0.0,0.0,0.0,0
BR,2010-11-12,20,1556.45,8.19816299808743,1597.0,1585.8,1605.2,3,0,0.0,0.0,0.0,0.0,0.0,0
BR,2010-11-13,18,1480.0555555555557,2.5,1269.5,1267.5,1271.5,3,0,0.0,0.0,0.0,0.0,0.0,0
BR,2010-11-14,24,1499.2083333333333,0.0,1344.0,1344.0,1344.0,3,0,0.0,0.0,0.0,0.0,0.0,0
BR,2010-11-15,51,1456.7058823529412,5.024937810560445,1613.5,1609.6,1620.2,6,0,0.0,0.0,0.0,0.0,0.0,0
BR,2010-11-16,30,1588.6333333333334,7.764663547121666,1613.5,1606.6,1625.4,5,0,0.0,0.0,0.0,0.0,0.0,0
BR,2010-11-17,30,1498.7666666666669,3.0066592756745814,1623.0,1620.2,1626.8,6,0,0.0,0.0,0.0,0.0,0.0,0
BR,2010-11-18,32,1488.4375,3.4409301068170506,1632.0,1626.4,1634.0,7,0,0.0,0.0,0.0,0.0,0.0,0
BR,2010-11-19,42,1446.5,15.31883372410141,1059.0,1036.0,1071.8,6,0,0.0,0.0,0.0,0.0,0.0,0
BR,2010-11-20,24,1502.5,1.5,1649.5,1648.3,1650.7,6,0,0.0,0.0,0.0,0.0,0.0,0
BR,2010-11-21,36,1481.361111111111,0.0,1440.0,1440.0,1440.0,3,0,0.0,0.0,0.0,0.0,0.0,0
BR,2010-11-22,54,1489.7407407407406,6.5,1106.5,1101.3,1111.7,8,0,0.0,0.0,0.0,0.0,0.0,0
BR,2010-11-23,30,1497.2666666666669,5.0039984012787215,1664.0,1656.6,1666.6,7,0,0.0,0.0,0.0,0.0,0.0,0
BR,2010-11-24,20,1505.0,5.0990195135927845,1652.0,1649.6,1659.2,5,0,0.0,0.0,0.0,0.0,0.0,0
BR,2010-11-25,42,1501.2857142857142,8.259674462242577,1092.0,1091.2,1105.6,7,0,0.0,0.0,0.0,0.0,0.0,0
BR,2010-11-26,45,1587.022222222222,6.6081457329345294,1637.0,1630.6,1646.0,5,0,0.0,0.0,0.0,0.0,0.0,0
BR,2010-11-27,30,1364.2,146.2028224971134,1121.0,1110.2,1449.4,2,0,0.0,0.0,0.0,0.0,0.0,0
BR,2010-11-28,23,1351.6521739130435,145.21325314477633,1214.0,1122.0,1401.2,3,0,0.0,0.0,0.0,0.0,0.0,0
BR,2010-11-29,34,1512.294117647059,8.386497083606082,1631.5,1620.0,1638.5,7,0,0.0,0.0,0.0,0.0,0.0,0
BR,2010-11-30,55,1518.7636363636364,6.312597634008434,1608.0,1600.6,1617.6,6,0,0.0,0.0,0.0,0.0,0.0,0
BR,2010-12-01,46,1508.4130434782608,7.576920365308205,1624.0,1615.4,1634.7,6,0,0.0,0.0,0.0,0.0,0.0,0
BR,2010-12-02,45,1546.7555555555555,4.397595135435572,1640.0,1634.0,1642.0,4,0,0.0,0.0,0.0,0.0,0.0,0
BR,2010-12-03,25,1576.28,3.496029493900505,1644.5,1642.5,1650.0,6,0,0.0,0.0,0.0,0.0,0.0,0
BR,2010-12-04,39,1419.6923076923076,4.0,1108.0,1104.8,1111.2,5,0,0.0,0.0,0.0,0.0,0.0,0
BR,2010-12-05,34,1421.6176470588234,23.946607275353223,1115.0,1110.6,1150.6,3,0,0.0,0.0,0.0,0.0,0.0,0
BR,2010-12-06,36,1553.0277777777778,9.11360802534701,1645.0,1633.0,1653.0,5,0,0.0,0.0,0.0,0.0,0.0,0
BR,2010-12-07,29,1561.551724137931,9.5831484749991,1630.0,1614.8,1638.2,6,0,0.0,0.0,0.0,0.0,0.0,0
BR,2010-12-08,16,1457.8125,7.697402159170326,1630.5,1625.3,1641.3,6,0,0.0,0.0,0.0,0.0,0.0,0
BR,2010-12-09,38,1569.3684210526317,6.276056794587577,1623.0,1616.1,1631.6,7,0,0.0,0.0,0.0,0.0,0.0,0
BR,2010-12-10,56,1551.9642857142858,4.367652560459552,1630.5,1627.0,1637.7,6,0,0.0,0.0,0.0,0.0,0.0,0
BR,2010-12-11,36,1543.6944444444443,4.898979485566356,1623.5,1616.8,1628.4,6,0,0.0,0.0,0.0,0.0,0.0,0
BR,2010-12-12,31,1443.483870967742,0.0,1368.0,1368.0,1368.0,4,0,0.0,0.0,0.0,0.0,0.0,0
BR,2010-12-13,23,1485.9565217391305,5.89915248150105,1617.0,1612.8,1624.6,5,0,0.0,0.0,0.0,0.0,0.0,0
BR,2010-12-14,28,1563.7142857142858,9.708988763507628,1590.0,1577.0,1600.0,5,0,0.0,0.0,0.0,0.0,0.0,0
BR,2010-12-15,39,1452.0,7.520342781785652,1082.5,1074.0,1091.5,6,0,0.0,0.0,0.0,0.0,0.0,0
BR,2010-12-16,29,1519.3103448275865,2.886751345948129,1558.0,1554.5,1561.5,7,0,0.0,0.0,0.0,0.0,0.0,0
BR,2010-12-17,42,1539.0238095238096,8.812869377601524,1564.5,1551.4,1574.6,4,0,0.0,0.0,0.0,0.0,0.0,0
BR,2010-12-18,25,1314.92,3.0,1060.0,1057.6,1062.4,5,0,0.0,0.0,0.0,0.0,0.0,0
BR,2010-12-19,33,1431.4242424242425,4.5,1156.5,1152.9,1160.1,4,0,0.0,0.0,0.0,0.0,0.0,0
BR,2010-12-20,12,1519.0833333333333,1.0,1575.0,1574.2,1575.8,4,0,0.0,0.0,0.0,0.0,0.0,0
BR,2010-12-21,30,1522.9,4.579869715567272,1579.0,1573.0,1584.0,4,0,0.0,0.0,0.0,0.0,0.0,0
BR,2010-12-22,14,1447.428571428571,6.531972647421808,1176.0,1169.6,1182.4,4,0,0.0,0.0,0.0,0.0,0.0,0
BR,2010-12-23,21,1436.095238095238,4.609772228646444,1156.5,1151.6,1161.4,4,0,0.0,0.0,0.0,0.0,0.0,0
BR,2010-12-24,31,1489.4193548387098,171.0,1316.0,1179.2,1452.8,5,0,0.0,0.0,0.0,0.0,0.0,0
BR,2010-12-25,16,1520.9375,0.0,1387.0,1387.0,1387.0,3,0,0.0,0.0,0.0,0.0,0.0,0
BR,2010-12-26,30,1409.9666666666667,11.70382808472231,1161.0,1152.6,1180.6,5,0,0.0,0.0,0.0,0.0,0.0,0
BR,2010-12-27,19,1280.2631578947369,0.0,971.0,971.0,971.0,5,0,0.0,0.0,0.0,0.0,0.0,0
BR,2010-12-28,41,1411.5853658536587,5.260557897006278,1061.0,1052.6,1064.2,6,0,0.0,0.0,0.0,0.0,0.0,0
BR,2010-12-29,17,1519.7058823529412,2.8722813232690143,1552.5,1548.9,1556.1,3,0,0.0,0.0,0.0,0.0,0.0,0
BR,2010-12-30,36,1478.4166666666667,4.602988159880492,1203.0,1198.8,1207.9,6,0,0.0,0.0,0.0,0.0,0.0,0
BR,2010-12-31,24,1348.2916666666667,15.989579940281942,1110.5,1094.0,1131.5,5,0,0.0,0.0,0.0,0.0,0.0,0
BR,2011-01-01,8,1403.625,129.2292052904451,1185.5,1179.4,1392.5,3,0,0.0,0.0,0.0,0.0,0.0,0
BR,2011-01-02,23,1487.0434782608695,25.927248643506744,1543.0,1543.0,1587.0,3,0,0.0,0.0,0.0,0.0,0.0,0
BR,2011-01-03,20,1532.4,1.0,1209.0,1208.2,1209.8,6,1,50.96,0.0,0.0,0.0,0.0,1
BR,2011-01-04,14,1452.571428571429,0.0,1017.0,1017.0,1017.0,7,0,0.0,0.0,0.0,0.0,0.0,0
BR,2011-01-05,14,1468.857142857143,112.65416104165882,1211.0,1207.0,1381.6,4,0,0.0,0.0,0.0,0.0,0.0,0
BR,2011-01-06,16,1527.125,0.0,1370.0,1370.0,1370.0,6,0,0.0,0.0,0.0,0.0,0.0,0
BR,2011-01-07,16,1476.5625,0.0,1177.0,1177.0,1177.0,5,0,0.0,0.0,0.0,0.0,0.0,0
BR,2011-01-08,36,1503.5833333333333,144.30414928199397,1345.5,1201.5,1493.0,6,0,0.0,0.0,0.0,0.0,0.0,0
BR,2011-01-09,43,1528.2093023255811,2.5,1490.5,1488.5,1492.5,5,0,0.0,0.0,0.0,0.0,0.0,0
BR,2011-01-10,24,1510.7916666666672,3.0,1777.0,1774.6,1779.4,5,0,0.0,0.0,0.0,0.0,0.0,0
BR,2011-01-11,17,1418.470588235294,8.44748483277715,1203.0,1193.8,1212.0,4,0,0.0,0.0,0.0,0.0,0.0,0
BR,2011-01-12,23,1447.260869565217,10.380751417888783,1152.0,1139.8,1163.4,5,0,0.0,0.0,0.0,0.0,0.0,0
BR,2011-01-13,37,1537.9999999999998,10.57519317761154,1571.0,1559.0,1586.0,5,0,0.0,0.0,0.0,0.0,0.0,0
BR,2011-01-14,6,1500.3333333333333,139.54529332402757,1497.0,1261.8,1500.2,2,0,0.0,0.0,0.0,0.0,0.0,0
BR,2011-01-15,7,1489.142857142857,132.5603636084331,1195.0,1188.1,1407.7,2,0,0.0,0.0,0.0,0.0,0.0,0
BR,2011-01-16,19,1450.6315789473683,7.408703590297622,1153.0,1141.8,1155.4,4,0,0.0,0.0,0.0,0.0,0.0,0
BR,2011-01-17,19,1521.1052631578946,0.0,1189.0,1189.0,1189.0,6,0,0.0,0.0,0.0,0.0,0.0,0
BR,2011-01-18,28,1522.928571428571,0.0,1182.0,1182.0,1182.0,6,0,0.0,0.0,0.0,0.0,0.0,0
BR,2011-01-19,17,1514.2941176470588,0.0,1767.0,1767.0,1767.0,3,0,0.0,0.0,0.0,0.0,0.0,0
BR,2011-01-20,1,1619.0,0.0,1619.0,1619.0,1619.0,1,0,0.0,0.0,0.0,0.0,0.0,0
BR,2011-01-21,34,1454.235294117647,9.27024810886958,1192.0,1184.3,1205.1,4,0,0.0,0.0,0.0,0.0,0.0,0
BR,2011-01-22,37,1406.4594594594594,3.4106675389466634,1211.0,1206.2,1214.2,3,0,0.0,0.0,0.0,0.0,0.0,0
BR,2011-01-23,32,1440.71875,8.234225472732847,1217.0,1207.4,1225.2,5,0,0.0,0.0,0.0,0.0,0.0,0
BR,2011-01-24,49,1433.4897959183672,11.610579466829188,1180.0,1166.5,1194.0,4,0,0.0,0.0,0.0,0.0,0.0,0
BR,2011-01-25,28,1475.5357142857142,165.9665294235223,1155.0,1148.6,1433.4,4,0,0.0,0.0,0.0,0.0,0.0,0
BR,2011-01-26,65,1420.0153846153846,5.436502143433363,1152.0,1148.8,1159.2,4,0,0.0,0.0,0.0,0.0,0.0,0
BR,2011-01-27,18,1421.3333333333333,4.242640687119285,1167.0,1162.2,1171.8,4,0,0.0,0.0,0.0,0.0,0.0,0
BR,2011-01-28,24,1394.75,5.043808085167397,1153.0,1150.6,1161.6,5,0,0.0,0.0,0.0,0.0,0.0,0
BR,2011-01-29,15,1418.4,137.0955870916347,1174.0,1163.6,1377.6,4,0,0.0,0.0,0.0,0.0,0.0,0
BR,2011-01-30,4,1473.5,0.0,1156.0,1156.0,1156.0,2,0,0.0,0.0,0.0,0.0,0.0,0
BR,2011-01-31,21,1285.3809523809523,6.548960901462833,1142.0,1133.2,1147.4,5,0,0.0,0.0,0.0,0.0,0.0,0
BR,2011-02-01,37,1551.2972972972973,0.0,1138.0,1138.0,1138.0,6,0,0.0,0.0,0.0,0.0,0.0,0
BR,2011-02-02,46,1551.2391304347825,7.745966692414834,1602.5,1596.5,1613.0,7,0,0.0,0.0,0.0,0.0,0.0,0
BR,2011-02-03,12,1498.75,1.0,1608.0,1607.2,1608.8,5,0,0.0,0.0,0.0,0.0,0.0,0
BR,2011-02-04,40,1460.775,7.014983962918233,1596.0,1584.8,1603.2,6,0,0.0,0.0,0.0,0.0,0.0,0
BR,2011-02-05,19,1463.3684210526314,1.5,1598.5,1597.3,1599.7,5,0,0.0,0.0,0.0,0.0,0.0,0
BR,2011-02-06,10,1352.0,157.00063694138314,1125.0,1105.2,1357.4,3,0,0.0,0.0,0.0,0.0,0.0,0
BR,2011-02-07,43,1446.3488372093022,12.97073629367277,1146.0,1129.0,1160.9,7,0,0.0,0.0,0.0,0.0,0.0,0
BR,2011-02-08,39,1467.2564102564102,0.0,1142.0,1142.0,1142.0,6,0,0.0,0.0,0.0,0.0,0.0,0
BR,2011-02-09,44,1504.75,6.003332407921453,1542.0,1536.5,1551.0,7,0,0.0,0.0,0.0,0.0,0.0,0
BR,2011-02-10,25,1520.28,0.0,1136.0,1136.0,1136.0,5,0,0.0,0.0,0.0,0.0,0.0,0
BR,2011-02-11,35,1533.7142857142858,8.340089533428616,1540.0,1529.0,1550.8,3,0,0.0,0.0,0.0,0.0,0.0,0
BR,2011-02-12,12,1352.8333333333333,0.0,1547.0,1547.0,1547.0,5,0,0.0,0.0,0.0,0.0,0.0,0
BR,2011-02-13,15,1395.2666666666669,0.0,1017.0,1017.0,1017.0,4,0,0.0,0.0,0.0,0.0,0.0,0
BR,2011-02-14,29,1442.0689655172414,8.144527815247077,1114.5,1106.0,1124.5,6,0,0.0,0.0,0.0,0.0,0.0,0
BR,2011-02-15,18,1470.4444444444443,5.3091901453988255,1103.0,1098.1,1108.6,6,0,0.0,0.0,0.0,0.0,0.0,0
BR,2011-02-16,59,1438.7966101694915,7.782030583337488,1120.0,1111.4,1128.2,8,0,0.0,0.0,0.0,0.0,0.0,0
BR,2011-02-17,40,1476.6,4.301162633521313,1132.5,1128.6,1137.8,7,0,0.0,0.0,0.0,0.0,0.0,0
BR,2011-02-18,49,1467.3265306122448,6.848314265863072,1546.0,1537.4,1555.4,5,0,0.0,0.0,0.0,0.0,0.0,0
BR,2011-02-19,22,1322.7727272727273,8.602325267042627,1149.0,1141.8,1158.6,5,0,0.0,0.0,0.0,0.0,0.0,0
BR,2011-02-20,8,1322.875,6.468384651518491,1170.0,1161.0,1175.2,2,0,0.0,0.0,0.0,0.0,0.0,0
BR,2011-02-21,43,1499.5348837209303,4.784233364802441,1163.0,1155.8,1164.6,6,0,0.0,0.0,0.0,0.0,0.0,0
BR,2011-02-22,34,1518.794117647059,7.258615570478987,1161.5,1155.8,1170.7,4,0,0.0,0.0,0.0,0.0,0.0,0
BR,2011-02-23,39,1506.3076923076922,4.5,1172.5,1168.9,1176.1,7,0,0.0,0.0,0.0,0.0,0.0,0
BR,2011-02-24,24,1548.5833333333333,0.0,1185.0,1185.0,1185.0,6,0,0.0,0.0,0.0,0.0,0.0,0
BR,2011-02-25,17,1413.5882352941176,0.0,1193.0,1193.0,1193.0,6,0,0.0,0.0,0.0,0.0,0.0,0
BR,2011-02-26,26,1529.6153846153843,146.6771040057247,1734.0,1483.0,1803.6,3,0,0.0,0.0,0.0,0.0,0.0,0
BR,2011-02-27,26,1693.923076923077,30.79468298261893,1814.0,1781.5,1858.0,5,0,0.0,0.0,0.0,0.0,0.0,0
BR,2011-02-28,20,1477.7999999999995,0.0,1202.0,1202.0,1202.0,7,0,0.0,0.0,0.0,0.0,0.0,0
BR,2011-03-01,39,1531.974358974359,0.0,1783.0,1783.0,1783.0,7,0,0.0,0.0,0.0,0.0,0.0,0
BR,2011-03-02,35,1452.2571428571428,7.289752798810711,1189.0,1180.0,1197.0,8,0,0.0,0.0,0.0,0.0,0.0,0
BR,2011-03-03,27,1377.666666666667,4.841487374764082,1215.0,1209.2,1220.0,9,0,0.0,0.0,0.0,0.0,0.0,0
BR,2011-03-04,46,1371.5217391304348,11.122749460252876,1215.0,1199.0,1226.2,8,0,0.0,0.0,0.0,0.0,0.0,0
BR,2011-03-05,25,1427.8,10.3440804327886,1244.0,1231.6,1253.6,8,0,0.0,0.0,0.0,0.0,0.0,0
BR,2011-03-06,30,1390.5000000000002,12.119772641798562,1164.0,1148.0,1171.2,5,0,0.0,0.0,0.0,0.0,0.0,0
BR,2011-03-07,26,1417.9615384615386,1.5,1690.5,1689.3,1691.7,7,0,0.0,0.0,0.0,0.0,0.0,0
BR,2011-03-08,43,1535.8139534883717,5.497474167490214,1679.0,1673.5,1685.5,10,0,0.0,0.0,0.0,0.0,0.0,0
BR,2011-03-09,53,1618.4528301886792,5.642405045180428,1684.0,1676.8,1688.8,9,0,0.0,0.0,0.0,0.0,0.0,0
BR,2011-03-10,22,1547.8636363636363,2.5,1697.5,1695.5,1699.5,10,0,0.0,0.0,0.0,0.0,0.0,0
BR,2011-03-11,24,1616.0416666666667,4.589250972631146,1698.0,1693.4,1704.4,6,0,0.0,0.0,0.0,0.0,0.0,0
BR,2011-03-12,39,1379.3333333333333,110.75733610014282,1146.5,1136.8,1247.7,5,1,67.85,0.0,67.85,67.85,67.85,1
BR,2011-03-13,49,1446.2040816326537,8.573214099741124,1786.5,1776.9,1794.7,8,0,0.0,0.0,0.0,0.0,0.0,0
BR,2011-03-14,19,1582.5263157894738,7.327175444876422,1700.0,1693.2,1708.9,6,0,0.0,0.0,0.0,0.0,0.0,0
BR,2011-03-15,46,1576.195652173913,7.728414783235202,1243.0,1232.8,1250.8,9,0,0.0,0.0,0.0,0.0,0.0,0
BR,2011-03-16,35,1724.7142857142858,8.215838362577491,1231.5,1223.7,1240.7,7,0,0.0,0.0,0.0,0.0,0.0,0
BR,2011-03-17,31,1495.8387096774193,0.0,1238.0,1238.0,1238.0,7,0,0.0,0.0,0.0,0.0,0.0,0
BR,2011-03-18,15,1496.9333333333334,0.0,1233.0,1233.0,1233.0,6,0,0.0,0.0,0.0,0.0,0.0,0
BR,2011-03-19,29,1415.0689655172414,2.5,1685.5,1683.5,1687.5,6,0,0.0,0.0,0.0,0.0,0.0,0
BR,2011-03-20,27,1397.7777777777778,36.2764989352611,1158.0,1139.2,1228.7,8,0,0.0,0.0,0.0,0.0,0.0,0
BR,2011-03-21,19,1492.578947368421,3.562846832382836,1227.0,1222.8,1230.8,4,0,0.0,0.0,0.0,0.0,0.0,0
BR,2011-03-22,16,1489.625,4.710360920354193,1683.0,1677.1,1686.8,6,0,0.0,0.0,0.0,0.0,0.0,0
BR,2011-03-23,22,1468.909090909091,10.162871179803666,1247.0,1230.2,1254.4,7,0,0.0,0.0,0.0,0.0,0.0,0
BR,2011-03-24,33,1491.4242424242425,4.323641700120445,1690.0,1684.0,1693.8,7,0,0.0,0.0,0.0,0.0,0.0,0
BR,2011-03-25,20,1427.35,7.578753195612059,1222.5,1212.8,1231.9,7,0,0.0,0.0,0.0,0.0,0.0,0
BR,2011-03-26,64,1485.6093750000002,0.0,1236.0,1236.0,1236.0,4,0,0.0,0.0,0.0,0.0,0.0,0
BR,2011-03-27,25,1520.04,0.0,1515.0,1515.0,1515.0,4,0,0.0,0.0,0.0,0.0,0.0,0
BR,2011-03-28,26,1610.6538461538462,6.044055943230337,1691.0,1684.8,1698.2,5,0,0.0,0.0,0.0,0.0,0.0,0
BR,2011-03-29,16,1616.125,3.3541019662496847,1708.5,1704.9,1712.1,7,0,0.0,0.0,0.0,0.0,0.0,0
BR,2011-03-30,20,1324.75,6.081084758226504,1194.0,1185.2,1200.7,6,0,0.0,0.0,0.0,0.0,0.0,0
BR,2011-03-31,19,1608.6842105263158,6.177378084592201,1715.0,1706.6,1719.8,5,0,0.0,0.0,0.0,0.0,0.0,0
BR,2011-04-01,40,1386.675,8.606764135776517,1188.0,1176.5,1196.7,8,0,0.0,0.0,0.0,0.0,0.0,0
BR,2011-04-02,49,1356.7755102040817,10.2142341128641,1209.0,1193.0,1217.0,6,0,0.0,0.0,0.0,0.0,0.0,0
BR,2011-04-03,23,1384.1739130434785,5.068283733178324,1211.5,1205.8,1216.5,5,0,0.0,0.0,0.0,0.0,0.0,0
BR,2011-04-04,38,1496.4736842105262,4.380353866983808,1706.0,1703.7,1714.3,8,0,0.0,0.0,0.0,0.0,0.0,0
BR,2011-04-05,31,1455.3870967741937,4.0,1226.0,1222.8,1229.2,10,0,0.0,0.0,0.0,0.0,0.0,0
BR,2011-04-06,36,1528.9444444444443,12.30284519938376,1678.0,1669.6,1696.4,7,0,0.0,0.0,0.0,0.0,0.0,0
BR,2011-04-07,12,1361.1666666666667,151.43948747716672,1130.0,1125.8,1469.2,3,0,0.0,0.0,0.0,0.0,0.0,0
BR,2011-04-08,39,1470.7179487179492,4.445222154178574,1675.0,1671.6,1681.4,7,0,0.0,0.0,0.0,0.0,0.0,0
BR,2011-04-09,23,1382.695652173913,25.523273692847475,1121.5,1115.8,1171.8,6,0,0.0,0.0,0.0,0.0,0.0,0
BR,2011-04-10,43,1418.2558139534883,27.3219654475729,1160.0,1115.0,1174.0,5,0,0.0,0.0,0.0,0.0,0.0,0
BR,2011-04-11,14,1543.5714285714282,0.0,1686.0,1686.0,1686.0,6,0,0.0,0.0,0.0,0.0,0.0,0
BR,2011-04-12,17,1505.529411764706,2.0,1689.0,1687.4,1690.6,7,0,0.0,0.0,0.0,0.0,0.0,0
BR,2011-04-13,19,1406.6315789473683,4.08248290463863,1228.0,1224.0,1232.0,7,0,0.0,0.0,0.0,0.0,0.0,0
BR,2011-04-14,14,1547.0,0.5,1677.5,1677.1,1677.9,6,0,0.0,0.0,0.0,0.0,0.0,0
BR,2011-04-15,41,1576.878048780488,0.0,1222.0,1222.0,1222.0,8,0,0.0,0.0,0.0,0.0,0.0,0
BR,2011-04-16,25,1412.92,253.2709764264354,1338.0,1083.8,1592.9,4,0,0.0,0.0,0.0,0.0,0.0,0
BR,2011-04-17,19,1493.5263157894738,0.0,1131.0,1131.0,1131.0,5,0,0.0,0.0,0.0,0.0,0.0,0
BR,2011-04-18,3,1593.6666666666667,3.0,1603.0,1600.6,1605.4,2,0,0.0,0.0,0.0,0.0,0.0,0
BR,2011-04-19,9,1506.7777777777778,0.0,1233.0,1233.0,1233.0,3,0,0.0,0.0,0.0,0.0,0.0,0
BR,2011-04-20,9,1327.0,119.12598373151006,1152.0,1144.0,1316.0,4,0,0.0,0.0,0.0,0.0,0.0,0
BR,2011-04-21,42,1404.571428571429,11.842503872035833,1148.0,1137.8,1165.2,6,0,0.0,0.0,0.0,0.0,0.0,0
BR,2011-04-22,34,1358.7058823529412,0.0,1017.0,1017.0,1017.0,6,0,0.0,0.0,0.0,0.0,0.0,0
BR,2011-04-23,33,1383.3333333333333,0.0,1587.0,1587.0,1587.0,4,0,0.0,0.0,0.0,0.0,0.0,0
BR,2011-04-24,21,1371.428571428571,0.0,1318.0,1318.0,1318.0,3,0,0.0,0.0,0.0,0.0,0.0,0
BR,2011-04-25,8,1495.25,4.0,1651.0,1647.8,1654.2,4,0,0.0,0.0,0.0,0.0,0.0,0
BR,2011-04-26,5,1579.4,3.0,1592.0,1589.6,1594.4,4,0,0.0,0.0,0.0,0.0,0.0,0
BR,2011-04-27,23,1312.1304347826087,4.844813951249544,1166.0,1158.5,1170.0,4,0,0.0,0.0,0.0,0.0,0.0,0
BR,2011-04-28,13,1332.923076923077,0.0,1167.0,1167.0,1167.0,3,0,0.0,0.0,0.0,0.0,0.0,0
BR,2011-04-29,19,1413.7894736842106,10.208928554075705,1638.0,1628.4,1648.4,7,0,0.0,0.0,0.0,0.0,0.0,0
BR,2011-04-30,19,1330.7894736842106,0.0,1244.0,1244.0,1244.0,5,0,0.0,0.0,0.0,0.0,0.0,0
BR,2011-05-01,24,1346.7083333333333,6.164414002968976,1180.0,1175.2,1187.2,4,0,0.0,0.0,0.0,0.0,0.0,0
BR,2011-05-02,20,1382.35,228.69121861013323,1562.0,1054.2,1569.4,3,0,0.0,0.0,0.0,0.0,0.0,0
BR,2011-05-03,11,1285.3636363636365,8.16496580927726,1193.0,1185.0,1201.0,5,0,0.0,0.0,0.0,0.0,0.0,0
BR,2011-05-04,16,1387.1874999999998,0.0,1192.0,1192.0,1192.0,5,0,0.0,0.0,0.0,0.0,0.0,0
BR,2011-05-05,4,1423.25,0.0,1579.0,1579.0,1579.0,2,0,0.0,0.0,0.0,0.0,0.0,0
BR,2011-05-06,17,1461.2941176470588,0.0,1628.0,1628.0,1628.0,6,0,0.0,0.0,0.0,0.0,0.0,0
BR,2011-05-07,26,1388.6923076923076,2.0,1151.0,1149.4,1152.6,5,0,0.0,0.0,0.0,0.0,0.0,0
BR,2011-05-08,45,1337.6444444444444,18.859863319877068,1201.5,1162.4,1210.2,3,0,0.0,0.0,0.0,0.0,0.0,0
BR,2011-05-09,23,1465.7826086956522,4.308131845707604,1608.0,1604.6,1614.2,6,0,0.0,0.0,0.0,0.0,0.0,0
BR,2011-05-10,27,1478.7407407407406,0.0,1127.0,1127.0,1127.0,7,0,0.0,0.0,0.0,0.0,0.0,0
BR,2011-05-11,28,1522.428571428571,7.767453465154029,1625.5,1617.5,1635.0,5,0,0.0,0.0,0.0,0.0,0.0,0
BR,2011-05-12,32,1501.78125,5.146297212559725,1636.0,1627.5,1639.3,6,0,0.0,0.0,0.0,0.0,0.0,0
BR,2011-05-13,48,1541.7083333333333,8.148764744665618,1648.0,1637.0,1659.0,5,0,0.0,0.0,0.0,0.0,0.0,0
BR,2011-05-14,39,1421.3589743589746,13.04692386052062,1542.5,1527.0,1557.5,4,0,0.0,0.0,0.0,0.0,0.0,0
BR,2011-05-15,9,1411.7777777777778,59.26921212714776,1393.0,1383.2,1437.2,2,0,0.0,0.0,0.0,0.0,0.0,0
BR,2011-05-16,7,1470.0,0.0,1624.0,1624.0,1624.0,5,0,0.0,0.0,0.0,0.0,0.0,0
BR,2011-05-17,38,1488.2368421052631,7.191264542087554,1613.0,1600.2,1616.8,7,0,0.0,0.0,0.0,0.0,0.0,0
BR,2011-05-18,8,1534.75,3.5,1608.5,1605.7,1611.3,5,0,0.0,0.0,0.0,0.0,0.0,0
BR,2011-05-19,16,1492.8125,2.384848003542364,1618.5,1616.3,1621.4,6,0,0.0,0.0,0.0,0.0,0.0,0
BR,2011-05-20,25,1517.52,2.943920288775949,1248.0,1246.4,1252.0,5,0,0.0,0.0,0.0,0.0,0.0,0
BR,2011-05-21,32,1380.71875,0.0,1242.0,1242.0,1242.0,6,0,0.0,0.0,0.0,0.0,0.0,0
BR,2011-05-22,25,1448.3599999999997,3.0,1167.0,1164.6,1169.4,4,0,0.0,0.0,0.0,0.0,0.0,0
BR,2011-05-23,8,1552.875,2.5,1623.5,1621.5,1625.5,3,0,0.0,0.0,0.0,0.0,0.0,0
BR,2011-05-24,30,1577.6333333333334,10.586359426977708,1582.0,1576.2,1598.4,4,0,0.0,0.0,0.0,0.0,0.0,0
BR,2011-05-25,29,1527.551724137931,8.113983897807387,1566.0,1557.2,1575.8,6,0,0.0,0.0,0.0,0.0,0.0,0
BR,2011-05-26,26,1534.8076923076924,7.670723564306043,1581.0,1572.4,1590.3,6,0,0.0,0.0,0.0,0.0,0.0,0
BR,2011-05-27,18,1522.9444444444443,7.418894796396563,1567.0,1559.2,1575.6,3,0,0.0,0.0,0.0,0.0,0.0,0
BR,2011-05-28,40,1387.0,7.039570693980959,1177.0,1164.0,1177.0,4,0,0.0,0.0,0.0,0.0,0.0,0
BR,2011-05-29,23,1403.3478260869565,2.5860201081971503,1169.0,1165.5,1170.4,5,0,0.0,0.0,0.0,0.0,0.0,0
BR,2011-05-30,39,1527.2564102564102,9.945771329913974,1564.0,1555.3,1580.2,6,0,0.0,0.0,0.0,0.0,0.0,0
BR,2011-05-31,13,1580.4615384615386,3.9698866482558417,1589.0,1584.2,1593.2,5,0,0.0,0.0,0.0,0.0,0.0,0
BR,2011-06-01,29,1438.896551724138,0.0,1597.0,1597.0,1597.0,5,0,0.0,0.0,0.0,0.0,0.0,0
BR,2011-06-02,12,1581.5,6.324555320336759,1592.0,1586.4,1600.2,3,0,0.0,0.0,0.0,0.0,0.0,0
BR,2011-06-03,28,1532.4642857142858,0.0,1533.0,1533.0,1533.0,3,0,0.0,0.0,0.0,0.0,0.0,0
BR,2011-06-04,28,1352.7142857142858,21.17913018883344,1153.0,1141.5,1190.5,4,0,0.0,0.0,0.0,0.0,0.0,0
BR,2011-06-05,46,1378.5434782608695,10.315037566582102,1115.0,1104.3,1127.6,6,0,0.0,0.0,0.0,0.0,0.0,0
BR,2011-06-06,20,1516.9500000000005,4.769696007084728,1615.0,1609.2,1619.4,5,0,0.0,0.0,0.0,0.0,0.0,0
BR,2011-06-07,27,1355.962962962963,3.299831645537222,1628.0,1624.0,1630.4,5,0,0.0,0.0,0.0,0.0,0.0,0
BR,2011-06-08,12,1375.3333333333333,3.6996621467371855,1099.0,1098.0,1104.9,5,0,0.0,0.0,0.0,0.0,0.0,0
BR,2011-06-09,16,1596.4375,4.861342722049588,1632.0,1625.4,1636.6,4,0,0.0,0.0,0.0,0.0,0.0,0
BR,2011-06-10,21,1574.142857142857,3.9370039370059056,1622.0,1616.5,1624.7,6,0,0.0,0.0,0.0,0.0,0.0,0
BR,2011-06-11,41,1446.5121951219512,11.800423721205949,1091.5,1085.5,1108.7,6,0,0.0,0.0,0.0,0.0,0.0,0
BR,2011-06-12,30,1464.8333333333333,0.0,1116.0,1116.0,1116.0,3,0,0.0,0.0,0.0,0.0,0.0,0
BR,2011-06-13,18,1464.3333333333333,3.832427429188973,1624.0,1619.6,1627.7,6,0,0.0,0.0,0.0,0.0,0.0,0
BR,2011-06-14,12,1404.4166666666667,5.715476066494082,1630.0,1624.4,1635.6,4,0,0.0,0.0,0.0,0.0,0.0,0
BR,2011-06-15,15,1413.4,1.632993161855452,1642.0,1640.4,1643.6,6,0,0.0,0.0,0.0,0.0,0.0,0
BR,2011-06-16,16,1405.9375,4.109609335312651,1093.0,1089.8,1097.8,4,0,0.0,0.0,0.0,0.0,0.0,0
BR,2011-06-17,24,1469.2083333333337,4.027681991198191,1644.0,1637.6,1644.8,5,0,0.0,0.0,0.0,0.0,0.0,0
BR,2011-06-18,3,1579.0,0.0,1565.0,1565.0,1565.0,2,0,0.0,0.0,0.0,0.0,0.0,0
BR,2011-06-19,8,1224.625,10.9288608738514,1086.0,1070.0,1093.0,4,0,0.0,0.0,0.0,0.0,0.0,0
BR,2011-06-20,15,1395.0666666666666,0.0,1239.0,1239.0,1239.0,5,0,0.0,0.0,0.0,0.0,0.0,0
BR,2011-06-21,14,1539.857142857143,1.0,1646.0,1645.2,1646.8,7,0,0.0,0.0,0.0,0.0,0.0,0
BR,2011-06-22,11,1500.4545454545455,0.0,1231.0,1231.0,1231.0,4,0,0.0,0.0,0.0,0.0,0.0,0
BR,2011-06-23,9,1254.2222222222222,33.03743667753632,1123.0,1102.5,1180.0,3,0,0.0,0.0,0.0,0.0,0.0,0
BR,2011-06-24,16,1388.0625,4.242640687119285,1136.0,1131.8,1140.2,5,0,0.0,0.0,0.0,0.0,0.0,0
BR,2011-06-25,15,1229.4,24.404985265005266,1132.0,1082.0,1138.0,3,0,0.0,0.0,0.0,0.0,0.0,0
BR,2011-06-26,1,1117.0,0.0,1117.0,1117.0,1117.0,1,0,0.0,0.0,0.0,0.0,0.0,0
BR,2011-06-27,16,1543.1875,5.5677643628300215,1616.0,1611.5,1623.5,4,0,0.0,0.0,0.0,0.0,0.0,0
BR,2011-06-28,21,1512.4285714285716,8.020806277010642,1621.5,1611.0,1627.5,4,0,0.0,0.0,0.0,0.0,0.0,0
BR,2011-06-29,12,1555.0,5.192301994298868,1609.0,1601.0,1612.4,3,0,0.0,0.0,0.0,0.0,0.0,0
BR,2011-06-30,19,1575.7368421052631,47.5,1346.5,1308.5,1384.5,5,0,0.0,0.0,0.0,0.0,0.0,0
BR,2011-07-01,33,1488.8787878787878,4.496912521077347,1640.0,1636.0,1644.8,3,0,0.0,0.0,0.0,0.0,0.0,0
BR,2011-07-02,28,1413.0357142857144,6.305553108173779,1127.0,1120.4,1134.2,4,0,0.0,0.0,0.0,0.0,0.0,0
BR,2011-07-03,30,1165.8666666666666,11.86029791643813,1345.0,1334.6,1357.8,5,0,0.0,0.0,0.0,0.0,0.0,0
BR,2011-07-04,32,1299.15625,0.0,1119.0,1119.0,1119.0,5,0,0.0,0.0,0.0,0.0,0.0,0
BR,2011-07-05,32,1300.28125,0.0,1083.0,1083.0,1083.0,4,0,0.0,0.0,0.0,0.0,0.0,0
BR,2011-07-06,23,1554.695652173913,8.77426089884428,1591.0,1584.2,1606.4,4,0,0.0,0.0,0.0,0.0,0.0,0
BR,2011-07-07,9,1194.7777777777778,13.665650368716449,1067.0,1047.2,1074.2,5,1,52.66,0.0,0.0,0.0,0.0,1
BR,2011-07-08,6,1293.0,0.0,1018.0,1018.0,1018.0,4,0,0.0,0.0,0.0,0.0,0.0,0
BR,2011-07-09,18,1362.833333333333,0.0,1333.0,1333.0,1333.0,5,0,0.0,0.0,0.0,0.0,0.0,0
BR,2011-07-10,31,1245.1290322580646,4.297573245736381,1129.0,1124.8,1135.4,5,0,0.0,0.0,0.0,0.0,0.0,0
BR,2011-07-11,30,1465.1666666666667,6.782329983125268,1627.5,1619.1,1635.6,6,0,0.0,0.0,0.0,0.0,0.0,0
BR,2011-07-12,36,1521.0555555555557,14.5,1384.5,1372.9,1396.1,6,0,0.0,0.0,0.0,0.0,0.0,0
BR,2011-07-13,27,1324.3703703703704,5.5,1000.5,996.1,1004.9,4,0,0.0,0.0,0.0,0.0,0.0,0
BR,2011-07-14,11,1425.6363636363635,19.0,1438.0,1422.8,1453.2,6,0,0.0,0.0,0.0,0.0,0.0,0
BR,2011-07-15,12,1255.75,0.0,1615.0,1615.0,1615.0,5,0,0.0,0.0,0.0,0.0,0.0,0
BR,2011-07-16,39,1275.2307692307693,0.0,1457.0,1457.0,1457.0,6,0,0.0,0.0,0.0,0.0,0.0,0
BR,2011-07-17,52,1343.4423076923076,93.32461826870764,1166.0,1160.1,1255.9,6,0,0.0,0.0,0.0,0.0,0.0,0
BR,2011-07-18,12,1294.6666666666667,0.0,1486.0,1486.0,1486.0,5,0,0.0,0.0,0.0,0.0,0.0,0
BR,2011-07-19,11,1390.090909090909,119.07849302036033,1182.0,1182.0,1374.5,3,0,0.0,0.0,0.0,0.0,0.0,0
BR,2011-07-20,33,1262.121212121212,38.25571852677714,1204.5,1145.8,1217.0,5,0,0.0,0.0,0.0,0.0,0.0,0
BR,2011-07-21,24,1370.5416666666667,0.0,1190.0,1190.0,1190.0,5,0,0.0,0.0,0.0,0.0,0.0,0
BR,2011-07-22,35,1267.1999999999998,0.0,1156.0,1156.0,1156.0,4,0,0.0,0.0,0.0,0.0,0.0,0
BR,2011-07-23,30,1347.7333333333331,7.774720637536473,1206.0,1194.0,1212.0,2,0,0.0,0.0,0.0,0.0,0.0,0
BR,2011-07-24,23,1325.8260869565215,11.150362259245062,1204.0,1189.0,1216.0,2,0,0.0,0.0,0.0,0.0,0.0,0
BR,2011-07-25,28,1159.9642857142858,5.0,1504.0,1500.0,1508.0,3,0,0.0,0.0,0.0,0.0,0.0,0
BR,2011-07-26,1,1188.0,0.0,1188.0,1188.0,1188.0,1,0,0.0,0.0,0.0,0.0,0.0,0
BR,2011-07-27,12,1164.3333333333333,20.808892329963168,1168.0,1130.2,1183.0,2,0,0.0,0.0,0.0,0.0,0.0,0
BR,2011-07-28,12,1310.7499999999998,0.0,1180.0,1180.0,1180.0,4,0,0.0,0.0,0.0,0.0,0.0,0
BR,2011-07-29,5,1262.6,2.943920288775949,1177.0,1175.4,1181.0,3,0,0.0,0.0,0.0,0.0,0.0,0
BR,2011-07-30,19,1414.7368421052631,8.5,1538.5,1531.7,1545.3,6,0,0.0,0.0,0.0,0.0,0.0,0
BR,2011-07-31,29,1452.034482758621,0.0,1530.0,1530.0,1530.0,6,0,0.0,0.0,0.0,0.0,0.0,0
BR,2011-08-01,3,1199.3333333333333,0.0,1210.0,1210.0,1210.0,2,0,0.0,0.0,0.0,0.0,0.0,0
BR,2011-08-02,22,1237.1818181818182,9.846826900072935,1197.5,1185.9,1210.6,4,0,0.0,0.0,0.0,0.0,0.0,0
BR,2011-08-03,19,1281.7894736842106,5.0,1162.0,1158.0,1166.0,4,0,0.0,0.0,0.0,0.0,0.0,0
BR,2011-08-04,18,1342.6666666666667,10.61319932913728,1554.0,1542.8,1566.8,3,0,0.0,0.0,0.0,0.0,0.0,0
BR,2011-08-05,11,1278.8181818181818,4.0,1206.0,1202.8,1209.2,3,0,0.0,0.0,0.0,0.0,0.0,0
BR,2011-08-06,40,1376.275,14.361058456812994,1401.0,1393.6,1425.2,4,0,0.0,0.0,0.0,0.0,0.0,0
BR,2011-08-07,44,1305.2954545454545,11.113602613492375,1271.0,1258.6,1283.8,3,0,0.0,0.0,0.0,0.0,0.0,0
BR,2011-08-08,29,1229.655172413793,4.387482193696061,1196.5,1189.7,1197.7,5,0,0.0,0.0,0.0,0.0,0.0,0
BR,2011-08-09,20,1364.4999999999998,0.0,1189.0,1189.0,1189.0,6,0,0.0,0.0,0.0,0.0,0.0,0
BR,2011-08-10,25,1308.84,4.546060565661952,1173.0,1169.8,1178.6,5,0,0.0,0.0,0.0,0.0,0.0,0
BR,2011-08-11,10,1281.6,4.5,1170.5,1166.9,1174.1,4,0,0.0,0.0,0.0,0.0,0.0,0
BR,2011-08-12,28,1320.7142857142858,5.993619055942336,1237.5,1231.3,1244.1,5,0,0.0,0.0,0.0,0.0,0.0,0
BR,2011-08-13,26,1330.076923076923,12.0,1456.0,1446.4,1465.6,4,0,0.0,0.0,0.0,0.0,0.0,0
BR,2011-08-14,45,1365.6666666666667,12.031105518612993,1257.5,1241.7,1272.2,4,0,0.0,0.0,0.0,0.0,0.0,0
BR,2011-08-15,26,1445.1153846153843,0.0,1595.0,1595.0,1595.0,4,0,0.0,0.0,0.0,0.0,0.0,0
BR,2011-08-16,20,1404.6,4.743416490252569,1189.0,1183.9,1194.1,4,0,0.0,0.0,0.0,0.0,0.0,0
BR,2011-08-17,3,1213.3333333333333,0.0,1203.0,1203.0,1203.0,2,0,0.0,0.0,0.0,0.0,0.0,0
BR,2011-08-18,16,1304.75,0.0,1211.0,1211.0,1211.0,4,0,0.0,0.0,0.0,0.0,0.0,0
BR,2011-08-19,18,1346.4444444444443,4.0,1167.0,1163.8,1170.2,5,0,0.0,0.0,0.0,0.0,0.0,0
BR,2011-08-20,34,1327.0588235294117,2.0,1166.0,1166.0,1169.0,7,0,0.0,0.0,0.0,0.0,0.0,0
BR,2011-08-21,31,1380.4516129032254,7.5,1636.5,1630.5,1642.5,7,0,0.0,0.0,0.0,0.0,0.0,0
BR,2011-08-22,17,1303.2941176470588,3.4641016151377544,1166.0,1160.4,1166.0,3,0,0.0,0.0,0.0,0.0,0.0,0
BR,2011-08-23,23,1314.086956521739,6.0,1625.0,1620.2,1629.8,5,0,0.0,0.0,0.0,0.0,0.0,0
BR,2011-08-24,9,1424.5555555555557,13.56557007125114,1424.0,1405.0,1440.4,1,0,0.0,0.0,0.0,0.0,0.0,0
BR,2011-08-25,9,1314.222222222222,3.0,1135.0,1132.6,1137.4,4,0,0.0,0.0,0.0,0.0,0.0,0
BR,2011-08-26,17,1449.764705882353,6.683312551921141,1310.0,1301.2,1314.0,4,0,0.0,0.0,0.0,0.0,0.0,0
BR,2011-08-27,41,1342.878048780488,25.67502873594724,1037.0,1025.2,1051.0,4,0,0.0,0.0,0.0,0.0,0.0,0
BR,2011-08-28,13,1351.923076923077,3.640054944640259,1298.5,1294.6,1302.4,4,0,0.0,0.0,0.0,0.0,0.0,0
BR,2011-08-29,19,1356.2631578947369,5.976538150506764,1302.0,1295.0,1310.0,3,0,0.0,0.0,0.0,0.0,0.0,0
BR,2011-08-30,20,1311.75,3.6996621467371855,1137.0,1136.0,1142.9,6,0,0.0,0.0,0.0,0.0,0.0,0
BR,2011-08-31,34,1610.8529411764705,14.180140651237876,1643.0,1623.6,1659.6,4,0,0.0,0.0,0.0,0.0,0.0,0
BR,2011-09-01,34,1445.8529411764705,6.576473218982953,1197.5,1189.1,1203.1,7,0,0.0,0.0,0.0,0.0,0.0,0
BR,2011-09-02,9,1342.222222222222,0.0,1179.0,1179.0,1179.0,3,0,0.0,0.0,0.0,0.0,0.0,0
BR,2011-09-03,28,1419.107142857143,0.0,1585.0,1585.0,1585.0,2,0,0.0,0.0,0.0,0.0,0.0,0
BR,2011-09-04,24,1391.2083333333333,0.0,1600.0,1600.0,1600.0,5,0,0.0,0.0,0.0,0.0,0.0,0
BR,2011-09-05,14,1302.071428571429,13.792929274058636,1316.0,1298.8,1331.8,4,0,0.0,0.0,0.0,0.0,0.0,0
BR,2011-09-06,18,1287.111111111111,0.0,1384.0,1384.0,1384.0,4,0,0.0,0.0,0.0,0.0,0.0,0
BR,2011-09-07,16,1330.8125,9.72111104761179,1162.5,1151.6,1172.0,5,0,0.0,0.0,0.0,0.0,0.0,0
BR,2011-09-08,18,1391.1666666666667,0.0,1190.0,1190.0,1190.0,5,0,0.0,0.0,0.0,0.0,0.0,0
BR,2011-09-09,18,1359.3333333333333,4.5,1134.5,1130.9,1138.1,5,0,0.0,0.0,0.0,0.0,0.0,0
BR,2011-09-10,42,1378.5238095238096,5.356071321407137,1291.5,1284.4,1296.1,4,0,0.0,0.0,0.0,0.0,0.0,0
BR,2011-09-11,45,1328.4,7.1501748230375455,1297.5,1290.0,1305.5,6,0,0.0,0.0,0.0,0.0,0.0,0
BR,2011-09-12,16,1345.0,5.535341001239218,1281.0,1278.0,1290.0,3,0,0.0,0.0,0.0,0.0,0.0,0
BR,2011-09-13,16,1070.6874999999998,0.0,1190.0,1190.0,1190.0,6,0,0.0,0.0,0.0,0.0,0.0,0
BR,2011-09-14,27,1312.5185185185185,81.76422050690657,1294.0,1126.8,1305.2,4,0,0.0,0.0,0.0,0.0,0.0,0
BR,2011-09-15,10,1326.3,0.0,1384.0,1384.0,1384.0,5,0,0.0,0.0,0.0,0.0,0.0,0
BR,2011-09-16,30,1347.9,0.0,1584.0,1584.0,1584.0,3,0,0.0,0.0,0.0,0.0,0.0,0
BR,2011-09-17,39,1303.3076923076924,5.868347297152751,1275.5,1270.2,1283.6,3,0,0.0,0.0,0.0,0.0,0.0,0
BR,2011-09-18,25,1359.48,8.0,1582.0,1575.6,1588.4,5,0,0.0,0.0,0.0,0.0,0.0,0
BR,2011-09-19,17,1347.1764705882354,0.0,939.0,939.0,939.0,4,0,0.0,0.0,0.0,0.0,0.0,0
BR,2011-09-20,23,1203.826086956522,0.0,1181.0,1181.0,1181.0,7,0,0.0,0.0,0.0,0.0,0.0,0
BR,2011-09-21,22,1308.7727272727273,3.5,1597.5,1594.7,1600.3,6,0,0.0,0.0,0.0,0.0,0.0,0
BR,2011-09-22,44,1202.7045454545455,0.0,1192.0,1192.0,1192.0,9,0,0.0,0.0,0.0,0.0,0.0,0
BR,2011-09-23,57,1353.649122807018,0.0,1607.0,1607.0,1607.0,9,0,0.0,0.0,0.0,0.0,0.0,0
BR,2011-09-24,39,1362.5384615384614,62.13443087371124,883.0,830.6,962.7,6,0,0.0,0.0,0.0,0.0,0.0,0
BR,2011-09-25,43,1350.5813953488373,0.0,1597.0,1597.0,1597.0,9,0,0.0,0.0,0.0,0.0,0.0,0
BR,2011-09-26,70,1323.8857142857144,0.0,1588.0,1588.0,1588.0,7,0,0.0,0.0,0.0,0.0,0.0,0
BR,2011-09-27,61,1122.6065573770493,3.5,1181.5,1178.7,1184.3,7,0,0.0,0.0,0.0,0.0,0.0,0
BR,2011-09-28,45,1374.9777777777776,0.0,1170.0,1170.0,1170.0,10,0,0.0,0.0,0.0,0.0,0.0,0
BR,2011-09-29,27,1260.148148148148,3.031088913245535,1564.5,1560.9,1567.4,6,0,0.0,0.0,0.0,0.0,0.0,0
BR,2011-09-30,31,1214.5806451612902,4.427188724235731,1024.0,1017.8,1027.8,6,0,0.0,0.0,0.0,0.0,0.0,0
BR,2011-10-01,43,1357.325581395349,9.0,1597.0,1589.8,1604.2,8,0,0.0,0.0,0.0,0.0,0.0,0
BR,2011-10-02,53,1217.754716981132,0.0,1108.0,1108.0,1108.0,9,0,0.0,0.0,0.0,0.0,0.0,0
BR,2011-10-03,44,1281.159090909091,4.320493798938574,1180.0,1173.6,1181.6,9,0,0.0,0.0,0.0,0.0,0.0,0
BR,2011-10-04,24,1329.8750000000002,0.0,1193.0,1193.0,1193.0,7,0,0.0,0.0,0.0,0.0,0.0,0
BR,2011-10-05,48,1301.7291666666663,5.748043145279966,1185.0,1178.4,1190.8,10,0,0.0,0.0,0.0,0.0,0.0,0
BR,2011-10-06,23,1158.391304347826,4.02336923485777,1172.0,1168.9,1177.2,6,0,0.0,0.0,0.0,0.0,0.0,0
BR,2011-10-07,43,1257.813953488372,7.661214973881954,1176.0,1167.0,1187.0,9,0,0.0,0.0,0.0,0.0,0.0,0
BR,2011-10-08,28,1202.107142857143,3.265986323710904,1008.0,1004.8,1011.2,6,0,0.0,0.0,0.0,0.0,0.0,0
BR,2011-10-09,60,1246.5333333333333,0.0,1384.0,1384.0,1384.0,6,0,0.0,0.0,0.0,0.0,0.0,0
BR,2011-10-10,50,1220.0,0.0,1610.0,1610.0,1610.0,10,0,0.0,0.0,0.0,0.0,0.0,0
BR,2011-10-11,37,1248.864864864865,3.0,1180.0,1177.6,1182.4,6,0,0.0,0.0,0.0,0.0,0.0,0
BR,2011-10-12,63,1336.3809523809523,3.858612300930076,1618.0,1616.4,1623.6,10,0,0.0,0.0,0.0,0.0,0.0,0
BR,2011-10-13,17,1220.3529411764707,0.0,1607.0,1607.0,1607.0,8,0,0.0,0.0,0.0,0.0,0.0,0
BR,2011-10-14,6,1269.6666666666667,0.0,1604.0,1604.0,1604.0,5,0,0.0,0.0,0.0,0.0,0.0,0
BR,2011-10-15,63,1337.6349206349205,0.0,1052.0,1052.0,1052.0,7,0,0.0,0.0,0.0,0.0,0.0,0
BR,2011-10-16,29,1305.6896551724135,0.0,1604.0,1604.0,1604.0,8,0,0.0,0.0,0.0,0.0,0.0,0
BR,2011-10-17,12,1364.6666666666663,0.0,1189.0,1189.0,1189.0,7,0,0.0,0.0,0.0,0.0,0.0,0
BR,2011-10-18,17,1358.235294117647,3.5,1191.5,1188.7,1194.3,6,0,0.0,0.0,0.0,0.0,0.0,0
BR,2011-10-19,36,1367.388888888889,0.0,1197.0,1197.0,1197.0,6,0,0.0,0.0,0.0,0.0,0.0,0
BR,2011-10-20,31,1170.548387096774,0.0,1189.0,1189.0,1189.0,7,0,0.0,0.0,0.0,0.0,0.0,0
BR,2011-10-21,17,1331.0588235294117,4.242640687119285,1180.0,1172.8,1180.0,7,0,0.0,0.0,0.0,0.0,0.0,0
BR,2011-10-22,63,1296.1746031746031,0.0,1621.0,1621.0,1621.0,8,0,0.0,0.0,0.0,0.0,0.0,0
BR,2011-10-23,41,1377.7317073170732,8.0,1641.0,1634.6,1647.4,7,0,0.0,0.0,0.0,0.0,0.0,0
BR,2011-10-24,35,1423.4857142857145,0.0,1636.0,1636.0,1636.0,9,0,0.0,0.0,0.0,0.0,0.0,0
BR,2011-10-25,38,1464.9999999999998,0.0,1646.0,1646.0,1646.0,9,0,0.0,0.0,0.0,0.0,0.0,0
BR,2011-10-26,51,1392.4313725490197,5.5901699437494745,1177.0,1173.3,1184.9,8,0,0.0,0.0,0.0,0.0,0.0,0
BR,2011-10-27,37,1411.3783783783786,0.0,1163.0,1163.0,1163.0,9,0,0.0,0.0,0.0,0.0,0.0,0
BR,2011-10-28,88,1445.465909090909,8.751859306588173,1614.0,1604.0,1627.0,9,0,0.0,0.0,0.0,0.0,0.0,0
BR,2011-10-29,52,1293.2115384615386,11.451588924201255,1031.5,1015.5,1042.5,5,0,0.0,0.0,0.0,0.0,0.0,0
BR,2011-10-30,38,1394.3157894736842,0.0,1648.0,1648.0,1648.0,4,0,0.0,0.0,0.0,0.0,0.0,0
BR,2011-10-31,27,1527.7037037037037,8.778480984490525,1614.0,1597.2,1618.2,5,0,0.0,0.0,0.0,0.0,0.0,0
BR,2011-11-01,21,1375.047619047619,3.5,1603.5,1600.7,1606.3,6,0,0.0,0.0,0.0,0.0,0.0,0
BR,2011-11-02,38,1444.8947368421052,4.5,1666.5,1662.9,1670.1,6,0,0.0,0.0,0.0,0.0,0.0,0
BR,2011-11-03,39,1477.128205128205,10.315037566582102,1598.0,1587.4,1612.6,7,0,0.0,0.0,0.0,0.0,0.0,0
BR,2011-11-04,23,1491.7826086956522,4.0,1626.0,1622.8,1629.2,7,0,0.0,0.0,0.0,0.0,0.0,0
BR,2011-11-05,16,1418.375,0.0,1673.0,1673.0,1673.0,4,0,0.0,0.0,0.0,0.0,0.0,0
BR,2011-11-06,37,1418.837837837838,6.0,1654.0,1649.2,1658.8,6,0,0.0,0.0,0.0,0.0,0.0,0
BR,2011-11-07,13,1592.0,6.305553108173779,1626.0,1619.8,1633.8,4,0,0.0,0.0,0.0,0.0,0.0,0
BR,2011-11-08,7,1417.142857142857,0.0,1656.0,1656.0,1656.0,5,0,0.0,0.0,0.0,0.0,0.0,0
BR,2011-11-09,21,1440.952380952381,0.0,1669.0,1669.0,1669.0,8,0,0.0,0.0,0.0,0.0,0.0,0
BR,2011-11-10,15,1511.6,3.265986323710904,1640.0,1636.8,1643.2,4,0,0.0,0.0,0.0,0.0,0.0,0
BR,2011-11-11,17,1426.529411764706,0.0,1632.0,1632.0,1632.0,6,0,0.0,0.0,0.0,0.0,0.0,0
BR,2011-11-12,42,1420.571428571429,0.0,1621.0,1621.0,1621.0,8,0,0.0,0.0,0.0,0.0,0.0,0
BR,2011-11-13,18,1463.8333333333333,4.5,1345.5,1341.9,1349.1,3,0,0.0,0.0,0.0,0.0,0.0,0
BR,2011-11-14,36,1431.25,0.0,1671.0,1671.0,1671.0,7,0,0.0,0.0,0.0,0.0,0.0,0
BR,2011-11-15,44,1446.2954545454547,0.0,1673.0,1673.0,1673.0,7,0,0.0,0.0,0.0,0.0,0.0,0
BR,2011-11-16,29,1618.6896551724135,8.96277640838739,1634.0,1624.2,1645.2,4,0,0.0,0.0,0.0,0.0,0.0,0
BR,2011-11-17,8,1229.125,3.0,1044.0,1041.6,1046.4,3,0,0.0,0.0,0.0,0.0,0.0,0
BR,2011-11-18,26,1429.923076923077,5.717298313014636,1646.0,1640.2,1652.5,6,0,0.0,0.0,0.0,0.0,0.0,0
BR,2011-11-19,32,1413.34375,4.656984002549289,1639.5,1633.5,1643.4,5,0,0.0,0.0,0.0,0.0,0.0,0
BR,2011-11-20,31,1471.1290322580646,7.085483867221283,1370.0,1360.6,1378.6,5,0,0.0,0.0,0.0,0.0,0.0,0
BR,2011-11-21,51,1478.3725490196075,15.07532109516905,1635.0,1613.8,1650.0,6,0,0.0,0.0,0.0,0.0,0.0,0
BR,2011-11-22,18,1442.7222222222222,0.0,1686.0,1686.0,1686.0,5,0,0.0,0.0,0.0,0.0,0.0,0
BR,2011-11-23,72,1408.7777777777778,57.08808009461247,1242.0,1174.8,1303.8,10,0,0.0,0.0,0.0,0.0,0.0,0
BR,2011-11-24,56,1460.857142857143,10.677078252031311,1243.0,1240.6,1259.8,8,0,0.0,0.0,0.0,0.0,0.0,0
BR,2011-11-25,19,1322.0526315789473,15.768898606602368,1300.0,1281.6,1317.7,3,0,0.0,0.0,0.0,0.0,0.0,0
BR,2011-11-26,56,1400.821428571429,15.811910982725012,1302.0,1284.0,1322.0,6,0,0.0,0.0,0.0,0.0,0.0,0
BR,2011-11-27,34,1365.8235294117646,42.92368701048868,1301.0,1282.6,1329.6,6,0,0.0,0.0,0.0,0.0,0.0,0
BR,2011-11-28,42,1449.0476190476188,19.22567727458949,1390.0,1354.0,1402.0,7,0,0.0,0.0,0.0,0.0,0.0,0
BR,2011-11-29,35,1465.1142857142854,89.45734896558592,1411.0,1401.4,1481.4,7,0,0.0,0.0,0.0,0.0,0.0,0
BR,2011-11-30,46,1492.3695652173913,9.753916592266355,1432.0,1417.5,1440.0,7,0,0.0,0.0,0.0,0.0,0.0,0
BR,2011-12-01,15,1447.6666666666667,4.189935029992178,1320.0,1317.6,1325.6,4,0,0.0,0.0,0.0,0.0,0.0,0
BR,2011-12-02,24,1420.75,77.5,1341.5,1279.5,1403.5,7,0,0.0,0.0,0.0,0.0,0.0,0
BR,2011-12-03,78,1392.8333333333333,13.698838026099372,1437.0,1423.3,1455.8,8,0,0.0,0.0,0.0,0.0,0.0,0
BR,2011-12-04,88,1321.659090909091,61.88322834676036,1437.5,1424.0,1449.1,7,0,0.0,0.0,0.0,0.0,0.0,0
BR,2011-12-05,32,1472.5625,8.265651072621017,1443.0,1432.8,1449.0,7,0,0.0,0.0,0.0,0.0,0.0,0
BR,2011-12-06,53,1228.3207547169814,3.5,1174.5,1171.7,1177.3,12,0,0.0,0.0,0.0,0.0,0.0,0
BR,2011-12-07,55,1342.581818181818,0.0,1173.0,1173.0,1173.0,11,0,0.0,0.0,0.0,0.0,0.0,0
BR,2011-12-08,22,1407.7727272727273,4.5,1160.5,1156.9,1164.1,4,0,0.0,0.0,0.0,0.0,0.0,0
BR,2011-12-09,81,1372.9506172839506,26.8518310983317,1149.5,1100.0,1163.9,9,0,0.0,0.0,0.0,0.0,0.0,0
BR,2011-12-10,64,1502.75,5.261891294962297,1428.5,1422.5,1433.8,9,0,0.0,0.0,0.0,0.0,0.0,0
BR,2011-12-11,67,1399.2089552238806,6.256108126374486,1445.5,1438.0,1452.0,9,1,62.45,0.0,0.0,0.0,0.0,1
BR,2011-12-12,28,1470.714285714286,6.418722614352485,1602.0,1595.0,1609.2,6,0,0.0,0.0,0.0,0.0,0.0,0
BR,2011-12-13,40,1339.125,3.0,1598.0,1595.6,1600.4,8,0,0.0,0.0,0.0,0.0,0.0,0
BR,2011-12-14,59,1430.627118644068,6.184245949118104,1592.0,1586.6,1598.4,10,0,0.0,0.0,0.0,0.0,0.0,0
BR,2011-12-15,64,1392.203125,8.015417243053971,1445.0,1438.2,1457.2,12,0,0.0,0.0,0.0,0.0,0.0,0
BR,2011-12-16,51,1377.3333333333333,5.921251936017916,1446.0,1440.6,1453.0,7,0,0.0,0.0,0.0,0.0,0.0,0
BR,2011-12-17,71,1234.3098591549297,16.807331733502494,895.0,881.8,923.2,6,0,0.0,0.0,0.0,0.0,0.0,0
BR,2011-12-18,56,1435.142857142857,9.392668535736917,923.0,914.2,932.6,6,0,0.0,0.0,0.0,0.0,0.0,0
BR,2011-12-19,74,1392.2162162162158,4.02336923485777,1450.5,1447.3,1455.8,10,0,0.0,0.0,0.0,0.0,0.0,0
BR,2011-12-20,84,1412.607142857143,2.0,1454.0,1452.4,1455.6,12,0,0.0,0.0,0.0,0.0,0.0,0
BR,2011-12-21,77,1423.8181818181818,0.0,1453.0,1453.0,1453.0,12,0,0.0,0.0,0.0,0.0,0.0,0
BR,2011-12-22,59,1401.7966101694915,7.910962857537212,1657.0,1648.5,1667.0,8,0,0.0,0.0,0.0,0.0,0.0,0
BR,2011-12-23,82,1360.2804878048778,13.30824462504353,1638.0,1621.7,1652.6,10,0,0.0,0.0,0.0,0.0,0.0,0
BR,2011-12-24,68,1402.1029411764705,17.587874611030557,1465.5,1445.7,1488.2,8,0,0.0,0.0,0.0,0.0,0.0,0
BR,2011-12-25,41,1450.6829268292684,62.17448565663143,1457.5,1423.3,1471.7,6,0,0.0,0.0,0.0,0.0,0.0,0
BR,2011-12-26,74,1401.9864864864865,0.0,1238.0,1238.0,1238.0,7,0,0.0,0.0,0.0,0.0,0.0,0
BR,2011-12-27,63,1369.2857142857138,3.559026084010437,1409.0,1408.2,1414.6,9,0,0.0,0.0,0.0,0.0,0.0,0
BR,2011-12-28,40,1355.4,4.109609335312651,1615.0,1611.8,1619.8,11,0,0.0,0.0,0.0,0.0,0.0,0
BR,2011-12-29,62,1345.032258064516,5.024937810560445,1601.0,1595.1,1605.5,10,0,0.0,0.0,0.0,0.0,0.0,0
BR,2011-12-30,53,1350.7169811320755,75.78093427769284,1125.5,952.0,1132.6,9,0,0.0,0.0,0.0,0.0,0.0,0
BR,2011-12-31,50,1310.12,4.8218253804964775,1120.5,1114.1,1124.1,6,0,0.0,0.0,0.0,0.0,0.0,0
BR,2012-01-01,61,1221.049180327869,7.048936089935842,1112.0,1104.1,1119.2,6,0,0.0,0.0,0.0,0.0,0.0,0
BR,2012-01-02,16,1431.5000000000002,0.0,1900.0,1900.0,1900.0,4,0,0.0,0.0,0.0,0.0,0.0,0
BR,2012-01-03,62,1400.9032258064517,16.015617378046965,999.0,974.8,1014.0,8,0,0.0,0.0,0.0,0.0,0.0,0
BR,2012-01-04,32,1162.5625,65.9557427370809,1122.0,1024.2,1126.2,8,0,0.0,0.0,0.0,0.0,0.0,0
BR,2012-01-05,40,1259.4,3.6817870057290873,1415.0,1411.0,1418.2,9,0,0.0,0.0,0.0,0.0,0.0,0
BR,2012-01-06,54,1250.425925925926,78.80699975177676,1220.0,1128.6,1296.2,8,0,0.0,0.0,0.0,0.0,0.0,0
BR,2012-01-07,46,1243.0869565217392,104.42612856239865,1417.0,1410.8,1540.0,7,0,0.0,0.0,0.0,0.0,0.0,0
BR,2012-01-08,72,1333.5277777777778,8.755950357709132,1426.0,1416.2,1433.6,8,0,0.0,0.0,0.0,0.0,0.0,0
BR,2012-01-09,52,1304.3846153846157,0.0,1424.0,1424.0,1424.0,8,0,0.0,0.0,0.0,0.0,0.0,0
BR,2012-01-10,23,1259.0434782608695,0.0,1695.0,1695.0,1695.0,10,0,0.0,0.0,0.0,0.0,0.0,0
BR,2012-01-11,29,1347.344827586207,0.0,1237.0,1237.0,1237.0,6,0,0.0,0.0,0.0,0.0,0.0,0
BR,2012-01-12,72,1208.0277777777774,93.42561036033864,1160.0,969.0,1184.0,7,0,0.0,0.0,0.0,0.0,0.0,0
BR,2012-01-13,75,1321.36,31.95383388577965,1292.0,1251.6,1323.6,7,0,0.0,0.0,0.0,0.0,0.0,0
BR,2012-01-14,99,1299.030303030303,0.0,1706.0,1706.0,1706.0,8,0,0.0,0.0,0.0,0.0,0.0,0
BR,2012-01-15,106,1341.9905660377358,7.839640357663098,1310.0,1299.1,1318.0,8,0,0.0,0.0,0.0,0.0,0.0,0
BR,2012-01-16,60,1374.4833333333331,114.75977324635822,1415.0,1395.5,1572.0,9,0,0.0,0.0,0.0,0.0,0.0,0
BR,2012-01-17,89,1290.741573033708,8.982761268117951,1401.0,1393.8,1414.9,8,0,0.0,0.0,0.0,0.0,0.0,0
BR,2012-01-18,40,1431.15,6.85109480302236,1417.5,1409.5,1426.2,8,0,0.0,0.0,0.0,0.0,0.0,0
BR,2012-01-19,84,1288.892857142857,7.605261336732618,1409.5,1399.6,1416.6,9,0,0.0,0.0,0.0,0.0,0.0,0
BR,2012-01-20,63,1301.2380952380947,104.92251605351446,1413.5,1397.9,1512.5,7,0,0.0,0.0,0.0,0.0,0.0,0
BR,2012-01-21,76,1251.342105263158,5.722761571129799,1422.0,1415.4,1427.2,8,0,0.0,0.0,0.0,0.0,0.0,0
BR,2012-01-22,60,1354.1666666666667,6.676183683170241,1434.0,1426.0,1441.0,11,0,0.0,0.0,0.0,0.0,0.0,0
BR,2012-01-23,50,1330.1,5.7608593109014565,1425.5,1419.1,1431.2,10,0,0.0,0.0,0.0,0.0,0.0,0
BR,2012-01-24,56,1378.3392857142858,13.161938423643248,1422.0,1405.6,1438.4,7,0,0.0,0.0,0.0,0.0,0.0,0
BR,2012-01-25,61,1365.6065573770493,94.5752199163302,1395.5,1383.6,1403.9,11,0,0.0,0.0,0.0,0.0,0.0,0
BR,2012-01-26,56,1353.053571428571,5.724989974146823,1377.0,1372.6,1385.4,11,0,0.0,0.0,0.0,0.0,0.0,0
BR,2012-01-27,119,1298.025210084034,59.15579707219035,1410.0,1387.6,1434.4,14,0,0.0,0.0,0.0,0.0,0.0,0
BR,2012-01-28,63,1372.6190476190477,6.523802572120037,1446.0,1439.2,1453.2,7,0,0.0,0.0,0.0,0.0,0.0,0
BR,2012-01-29,137,1301.6423357664237,6.356886030125128,1428.0,1418.6,1434.2,9,0,0.0,0.0,0.0,0.0,0.0,0
BR,2012-01-30,70,1393.6,0.0,1421.0,1421.0,1421.0,13,0,0.0,0.0,0.0,0.0,0.0,0
BR,2012-01-31,83,1347.10843373494,7.826237921249264,1338.5,1330.1,1346.9,11,0,0.0,0.0,0.0,0.0,0.0,0
BR,2012-02-01,107,1391.1588785046729,6.7149087856798175,1543.5,1536.5,1551.4,10,0,0.0,0.0,0.0,0.0,0.0,0
BR,2012-02-02,70,1380.0285714285717,5.312459150169742,1316.0,1310.4,1320.8,9,0,0.0,0.0,0.0,0.0,0.0,0
BR,2012-02-03,59,1361.0677966101696,5.228129047119374,1306.5,1301.0,1313.5,10,0,0.0,0.0,0.0,0.0,0.0,0
BR,2012-02-04,111,1207.108108108108,6.531972647421808,1413.0,1406.6,1419.4,8,0,0.0,0.0,0.0,0.0,0.0,0
BR,2012-02-05,80,1280.55,64.35878285095757,1439.0,1406.0,1466.0,11,0,0.0,0.0,0.0,0.0,0.0,0
BR,2012-02-06,86,1304.5581395348838,9.757554844488954,1454.0,1446.2,1468.2,10,0,0.0,0.0,0.0,0.0,0.0,0
BR,2012-02-07,46,1382.4130434782608,16.49613436474109,1446.0,1420.8,1460.4,9,0,0.0,0.0,0.0,0.0,0.0,0
BR,2012-02-08,88,1353.022727272727,21.75137809380343,1389.0,1350.6,1404.7,11,0,0.0,0.0,0.0,0.0,0.0,0
BR,2012-02-09,88,1246.8749999999998,4.409081537009721,1298.0,1293.6,1303.4,12,0,0.0,0.0,0.0,0.0,0.0,0
BR,2012-02-10,129,1271.9689922480618,6.991959668075896,1350.0,1341.7,1357.5,10,0,0.0,0.0,0.0,0.0,0.0,0
BR,2012-02-11,113,1367.2566371681417,6.139218191268331,1333.5,1324.8,1338.6,8,0,0.0,0.0,0.0,0.0,0.0,0
BR,2012-02-12,109,1333.1376146788991,14.812087087086429,1347.0,1332.8,1368.4,11,0,0.0,0.0,0.0,0.0,0.0,0
BR,2012-02-13,48,1283.8541666666663,15.351660150868216,1355.0,1330.6,1365.6,9,0,0.0,0.0,0.0,0.0,0.0,0
BR,2012-02-14,107,1337.5887850467293,8.199657005021612,1329.5,1318.8,1338.5,11,0,0.0,0.0,0.0,0.0,0.0,0
BR,2012-02-15,48,1306.8958333333337,135.17275416809318,1331.0,1316.4,1489.4,7,0,0.0,0.0,0.0,0.0,0.0,0
BR,2012-02-16,42,1256.6904761904764,4.242640687119285,1271.0,1265.2,1274.0,10,0,0.0,0.0,0.0,0.0,0.0,0
BR,2012-02-17,83,1328.7469879518071,4.991350543381379,1317.0,1311.4,1324.0,8,0,0.0,0.0,0.0,0.0,0.0,0
BR,2012-02-18,103,1382.4077669902913,3.0,1722.0,1719.6,1724.4,10,0,0.0,0.0,0.0,0.0,0.0,0
BR,2012-02-19,129,1403.031007751938,16.750956101698982,1323.0,1311.2,1353.2,11,0,0.0,0.0,0.0,0.0,0.0,0
BR,2012-02-20,109,1337.4770642201836,16.271310812456246,1369.0,1353.2,1393.6,13,0,0.0,0.0,0.0,0.0,0.0,0
BR,2012-02-21,184,1333.5380434782608,10.856551963727613,1394.0,1379.2,1404.8,12,0,0.0,0.0,0.0,0.0,0.0,0
BR,2012-02-22,71,1343.56338028169,16.566227974317272,1378.0,1358.0,1400.0,8,0,0.0,0.0,0.0,0.0,0.0,0
BR,2012-02-23,65,1405.523076923077,9.303523824635242,1350.5,1341.5,1362.0,12,0,0.0,0.0,0.0,0.0,0.0,0
BR,2012-02-24,93,1339.8817204301076,8.16496580927726,1342.0,1334.0,1350.0,14,0,0.0,0.0,0.0,0.0,0.0,0
BR,2012-02-25,90,1326.511111111111,12.361229712289957,1326.0,1310.8,1338.4,11,0,0.0,0.0,0.0,0.0,0.0,0
BR,2012-02-26,68,1258.529411764706,2.0,1294.0,1292.4,1295.6,13,0,0.0,0.0,0.0,0.0,0.0,0
BR,2012-02-27,66,1321.909090909091,3.5,1296.5,1293.7,1299.3,14,0,0.0,0.0,0.0,0.0,0.0,0
BR,2012-02-28,83,1353.7469879518071,3.0,1287.0,1284.6,1289.4,13,0,0.0,0.0,0.0,0.0,0.0,0
BR,2012-02-29,73,1277.6438356164383,15.39675290442761,1308.5,1290.3,1326.1,9,0,0.0,0.0,0.0,0.0,0.0,0
BR,2012-03-01,69,1308.9710144927535,6.548960901462833,1298.0,1292.4,1305.2,11,0,0.0,0.0,0.0,0.0,0.0,0
BR,2012-03-02,65,1348.2769230769231,10.975983884017973,1316.5,1301.5,1326.5,10,0,0.0,0.0,0.0,0.0,0.0,0
BR,2012-03-03,115,1177.2000000000005,0.0,1335.0,1335.0,1335.0,13,0,0.0,0.0,0.0,0.0,0.0,0
BR,2012-03-04,109,1246.018348623853,3.0,1179.0,1176.6,1181.4,11,0,0.0,0.0,0.0,0.0,0.0,0
BR,2012-03-05,93,1384.2688172043008,4.988876515698588,1189.0,1182.6,1192.2,13,0,0.0,0.0,0.0,0.0,0.0,0
BR,2012-03-06,73,1305.150684931507,0.0,1189.0,1189.0,1189.0,15,1,89.27,0.0,0.0,0.0,0.0,1
BR,2012-03-07,99,1299.959595959596,0.0,1734.0,1734.0,1734.0,15,0,0.0,0.0,0.0,0.0,0.0,0
BR,2012-03-08,110,1325.436363636363,0.0,1344.0,1344.0,1344.0,15,0,0.0,0.0,0.0,0.0,0.0,0
BR,2012-03-09,111,1385.990990990991,167.53258389539232,1351.0,1340.6,1733.5,14,0,0.0,0.0,0.0,0.0,0.0,0
BR,2012-03-10,156,1286.3141025641032,6.046119049072351,1327.5,1319.5,1333.0,15,0,0.0,0.0,0.0,0.0,0.0,0
BR,2012-03-11,153,1284.5359477124182,7.6739096221475585,1304.5,1294.0,1311.5,11,0,0.0,0.0,0.0,0.0,0.0,0
BR,2012-03-12,114,1193.6754385964916,9.092121131323903,1208.0,1196.8,1214.4,11,0,0.0,0.0,0.0,0.0,0.0,0
BR,2012-03-13,119,1239.6050420168067,0.0,1265.0,1265.0,1265.0,12,0,0.0,0.0,0.0,0.0,0.0,0
BR,2012-03-14,105,1325.7619047619053,0.0,1259.0,1259.0,1259.0,13,0,0.0,0.0,0.0,0.0,0.0,0
BR,2012-03-15,98,1211.775510204082,0.0,995.0,995.0,995.0,12,0,0.0,0.0,0.0,0.0,0.0,0
BR,2012-03-16,107,1328.028037383178,232.647086091072,1286.0,1282.0,1678.8,13,0,0.0,0.0,0.0,0.0,0.0,0
BR,2012-03-17,186,1231.9946236559138,5.962847939999438,1277.0,1271.0,1284.0,12,0,0.0,0.0,0.0,0.0,0.0,0
BR,2012-03-18,145,1182.765517241379,12.71416532848303,1301.0,1281.1,1310.6,11,0,0.0,0.0,0.0,0.0,0.0,0
BR,2012-03-19,141,1332.595744680851,7.302967433402215,1306.0,1296.5,1312.5,14,0,0.0,0.0,0.0,0.0,0.0,0
BR,2012-03-20,99,1323.5353535353536,4.08248290463863,1314.0,1310.0,1318.0,13,0,0.0,0.0,0.0,0.0,0.0,0
BR,2012-03-21,120,1311.4833333333331,5.405758246742285,1292.0,1288.0,1300.0,14,0,0.0,0.0,0.0,0.0,0.0,0
BR,2012-03-22,156,1272.1602564102564,6.548960901462833,1293.0,1285.8,1298.6,13,0,0.0,0.0,0.0,0.0,0.0,0
BR,2012-03-23,201,1280.3980099502485,2.0,1273.0,1271.4,1274.6,12,0,0.0,0.0,0.0,0.0,0.0,0
BR,2012-03-24,176,1191.6022727272723,10.249518602302617,1257.0,1244.8,1269.8,13,0,0.0,0.0,0.0,0.0,0.0,0
BR,2012-03-25,98,1142.2448979591836,8.39270516579726,1264.0,1253.6,1272.1,11,0,0.0,0.0,0.0,0.0,0.0,0
BR,2012-03-26,79,1252.0,0.0,1274.0,1274.0,1274.0,13,0,0.0,0.0,0.0,0.0,0.0,0
BR,2012-03-27,109,1271.0,5.9066817155564495,1219.0,1209.4,1219.8,10,0,0.0,0.0,0.0,0.0,0.0,0
BR,2012-03-28,122,1207.4016393442623,0.0,1267.0,1267.0,1267.0,12,0,0.0,0.0,0.0,0.0,0.0,0
BR,2012-03-29,99,1269.5959595959596,4.14578098794425,1544.5,1538.5,1547.0,11,0,0.0,0.0,0.0,0.0,0.0,0
BR,2012-03-30,200,1234.975,8.447013721802904,1287.5,1275.5,1298.5,13,0,0.0,0.0,0.0,0.0,0.0,0
BR,2012-03-31,216,1308.861111111111,203.6492460877249,1789.5,1480.0,2002.9,18,0,0.0,0.0,0.0,0.0,0.0,0
BR,2012-04-01,127,1238.8661417322835,4.473253849269009,1547.5,1540.0,1552.2,11,0,0.0,0.0,0.0,0.0,0.0,0
BR,2012-04-02,157,1243.4777070063697,6.531972647421808,1284.0,1277.6,1290.4,12,0,0.0,0.0,0.0,0.0,0.0,0
BR,2012-04-03,172,1168.2616279069769,0.0,1296.0,1296.0,1296.0,13,0,0.0,0.0,0.0,0.0,0.0,0
BR,2012-04-04,149,1215.4832214765102,7.647862179613813,1215.0,1206.8,1223.8,17,0,0.0,0.0,0.0,0.0,0.0,0
BR,2012-04-05,156,1201.5641025641023,181.71641957417373,1283.0,1274.2,1490.6,13,0,0.0,0.0,0.0,0.0,0.0,0
BR,2012-04-06,149,1289.778523489933,10.85541339608953,1304.0,1292.6,1320.5,14,1,79.03,0.0,0.0,0.0,0.0,1
BR,2012-04-07,168,1205.4226190476193,0.0,1331.0,1331.0,1331.0,10,0,0.0,0.0,0.0,0.0,0.0,0
BR,2012-04-08,135,1378.5185185185185,350.098495565494,1654.5,1336.9,2092.1,15,0,0.0,0.0,0.0,0.0,0.0,0
BR,2012-04-09,210,1195.3809523809523,7.889233169326409,1342.0,1330.2,1347.4,13,0,0.0,0.0,0.0,0.0,0.0,0
BR,2012-04-10,126,1298.428571428571,5.0,1360.0,1356.0,1364.0,14,0,0.0,0.0,0.0,0.0,0.0,0
BR,2012-04-11,157,1158.8025477707004,7.690181330039551,1351.0,1340.5,1358.0,13,0,0.0,0.0,0.0,0.0,0.0,0
BR,2012-04-12,116,1196.0086206896551,4.127953488110059,1322.0,1316.8,1326.2,12,0,0.0,0.0,0.0,0.0,0.0,0
BR,2012-04-13,83,1255.9518072289156,3.5,1313.5,1310.7,1316.3,9,0,0.0,0.0,0.0,0.0,0.0,0
BR,2012-04-14,168,1130.4642857142858,80.6048097837006,935.0,895.4,999.8000000000006,9,0,0.0,0.0,0.0,0.0,0.0,0
BR,2012-04-15,93,1200.1182795698924,7.03606231066114,945.0,939.0,955.4,11,0,0.0,0.0,0.0,0.0,0.0,0
BR,2012-04-16,78,1272.4999999999998,6.944222218666553,1292.0,1284.8,1298.4,10,0,0.0,0.0,0.0,0.0,0.0,0
BR,2012-04-17,107,1174.485981308411,15.466411236715835,917.0,903.2,941.0,9,0,0.0,0.0,0.0,0.0,0.0,0
BR,2012-04-18,77,1202.3636363636365,5.692099788303083,1283.0,1276.4,1289.0,11,0,0.0,0.0,0.0,0.0,0.0,0
BR,2012-04-19,193,1197.4559585492232,0.0,1233.0,1233.0,1233.0,15,0,0.0,0.0,0.0,0.0,0.0,0
BR,2012-04-20,141,1234.5673758865246,0.0,1242.0,1242.0,1242.0,17,0,0.0,0.0,0.0,0.0,0.0,0
BR,2012-04-21,98,1277.734693877551,0.0,1226.0,1226.0,1226.0,12,0,0.0,0.0,0.0,0.0,0.0,0
BR,2012-04-22,185,1262.4108108108103,1.632993161855452,1234.0,1232.4,1235.6,12,0,0.0,0.0,0.0,0.0,0.0,0
BR,2012-04-23,125,1283.1359999999995,6.879922480183431,1296.0,1288.0,1304.0,14,0,0.0,0.0,0.0,0.0,0.0,0
BR,2012-04-24,111,1229.90990990991,4.0,1309.0,1305.8,1312.2,14,0,0.0,0.0,0.0,0.0,0.0,0
BR,2012-04-25,143,1271.1958041958048,0.0,1347.0,1347.0,1347.0,15,0,0.0,0.0,0.0,0.0,0.0,0
BR,2012-04-26,119,1300.848739495798,5.887840577551898,1248.0,1244.8,1256.0,18,0,0.0,0.0,0.0,0.0,0.0,0
BR,2012-04-27,125,1273.248,10.626225419530051,1330.5,1315.5,1339.5,14,0,0.0,0.0,0.0,0.0,0.0,0
BR,2012-04-28,137,1168.2700729927012,7.049998534669562,1314.0,1305.0,1323.0,13,0,0.0,0.0,0.0,0.0,0.0,0
BR,2012-04-29,239,1234.6736401673645,8.179836320014125,1329.0,1321.0,1340.6,16,0,0.0,0.0,0.0,0.0,0.0,0
BR,2012-04-30,192,1131.4635416666663,6.5,1246.5,1241.3,1251.7,16,0,0.0,0.0,0.0,0.0,0.0,0
BR,2012-05-01,211,1208.222748815166,9.952975856248308,1350.0,1337.2,1358.6,14,0,0.0,0.0,0.0,0.0,0.0,0
BR,2012-05-02,121,1247.8595041322317,0.0,1314.0,1314.0,1314.0,14,1,59.38,0.0,0.0,0.0,0.0,1
BR,2012-05-03,122,1095.508196721311,10.127191120937727,1293.0,1281.8,1303.6,14,0,0.0,0.0,0.0,0.0,0.0,0
BR,2012-05-04,195,1284.328205128205,207.1833970181974,1283.0,1274.0,1594.0,16,0,0.0,0.0,0.0,0.0,0.0,0
BR,2012-05-05,156,1311.2115384615386,4.5,1256.5,1252.9,1260.1,17,0,0.0,0.0,0.0,0.0,0.0,0
BR,2012-05-06,140,1235.65,14.7648230602334,1286.0,1267.2,1303.4,17,0,0.0,0.0,0.0,0.0,0.0,0
BR,2012-05-07,135,1232.1333333333334,9.011652264885162,1322.0,1316.2,1334.8,17,0,0.0,0.0,0.0,0.0,0.0,0
BR,2012-05-08,136,1278.0588235294122,5.348773223833667,1339.0,1331.7,1345.6,19,0,0.0,0.0,0.0,0.0,0.0,0
BR,2012-05-09,126,1229.5396825396826,14.01427843308388,1325.0,1309.0,1340.8,18,0,0.0,0.0,0.0,0.0,0.0,0
BR,2012-05-10,137,1203.5912408759127,13.37348122217996,1286.0,1269.6,1303.6,16,0,0.0,0.0,0.0,0.0,0.0,0
BR,2012-05-11,147,1277.2312925170068,5.5,1225.5,1221.1,1229.9,16,0,0.0,0.0,0.0,0.0,0.0,0
BR,2012-05-12,179,1159.1061452513968,4.5,1250.5,1246.9,1254.1,12,0,0.0,0.0,0.0,0.0,0.0,0
BR,2012-05-13,190,1172.8473684210526,0.0,1803.0,1803.0,1803.0,14,0,0.0,0.0,0.0,0.0,0.0,0
BR,2012-05-14,159,1270.163522012578,139.99941690840672,1260.5,1247.4,1268.8,13,0,0.0,0.0,0.0,0.0,0.0,0
BR,2012-05-15,157,1203.031847133758,4.5,1220.5,1216.9,1224.1,17,0,0.0,0.0,0.0,0.0,0.0,0
BR,2012-05-16,109,1306.3302752293573,23.33867771642216,1267.0,1232.2,1290.9,12,0,0.0,0.0,0.0,0.0,0.0,0
BR,2012-05-17,91,1105.923076923077,15.76982878791016,1270.5,1244.7,1282.6,14,0,0.0,0.0,0.0,0.0,0.0,0
BR,2012-05-18,95,1220.894736842105,20.23661684069313,1229.0,1195.0,1245.0,14,0,0.0,0.0,0.0,0.0,0.0,0
BR,2012-05-19,188,1233.4308510638296,7.956241270092869,1317.0,1307.2,1324.0,15,0,0.0,0.0,0.0,0.0,0.0,0
BR,2012-05-20,157,1228.5796178343949,35.7581159618744,1230.5,1203.7,1293.9,13,0,0.0,0.0,0.0,0.0,0.0,0
BR,2012-05-21,161,1247.5590062111803,27.481309181697863,1310.0,1269.6,1338.4,15,0,0.0,0.0,0.0,0.0,0.0,0
BR,2012-05-22,157,1307.5668789808915,7.340064251072776,1351.0,1342.0,1357.0,16,0,0.0,0.0,0.0,0.0,0.0,0
BR,2012-05-23,86,1301.5232558139537,9.178235124467014,1355.0,1342.4,1363.0,14,0,0.0,0.0,0.0,0.0,0.0,0
BR,2012-05-24,119,1193.109243697479,8.073877630977572,1377.5,1369.2,1386.5,14,0,0.0,0.0,0.0,0.0,0.0,0
BR,2012-05-25,135,1266.2296296296297,194.94671636686328,1387.0,1381.4,1715.0,15,0,0.0,0.0,0.0,0.0,0.0,0
BR,2012-05-26,262,1152.9465648854962,113.23595816798752,1349.0,1338.0,1373.0,16,0,0.0,0.0,0.0,0.0,0.0,0
BR,2012-05-27,182,1203.0109890109895,109.92309359361349,1344.0,1329.0,1363.8,12,0,0.0,0.0,0.0,0.0,0.0,0
BR,2012-05-28,121,1131.1735537190082,5.118593556827891,1353.5,1346.7,1359.1,15,0,0.0,0.0,0.0,0.0,0.0,0
BR,2012-05-29,149,1192.0268456375832,7.980444849756184,1352.0,1344.5,1361.6,12,0,0.0,0.0,0.0,0.0,0.0,0
BR,2012-05-30,69,1268.1739130434785,9.616247824501103,1354.0,1343.5,1365.0,14,0,0.0,0.0,0.0,0.0,0.0,0
BR,2012-05-31,129,1296.7674418604654,10.257192598367254,1346.0,1335.3,1358.6,17,0,0.0,0.0,0.0,0.0,0.0,0
BR,2012-06-01,137,1329.197080291971,7.552483035399683,1339.0,1331.2,1348.2,16,0,0.0,0.0,0.0,0.0,0.0,0
BR,2012-06-02,147,1391.6326530612246,4.999173485406371,1334.0,1326.0,1339.0,12,0,0.0,0.0,0.0,0.0,0.0,0
BR,2012-06-03,174,1327.4827586206898,16.5023903992388,1340.0,1323.0,1363.4,13,0,0.0,0.0,0.0,0.0,0.0,0
BR,2012-06-04,122,1362.9918032786886,4.5,1219.5,1215.9,1223.1,16,0,0.0,0.0,0.0,0.0,0.0,0
BR,2012-06-05,132,1248.4924242424245,3.0912061651652345,1338.0,1333.2,1338.8,18,0,0.0,0.0,0.0,0.0,0.0,0
BR,2012-06-06,114,1309.377192982456,11.00488246264034,1326.0,1310.0,1337.0,17,0,0.0,0.0,0.0,0.0,0.0,0
BR,2012-06-07,110,1206.0545454545454,6.90108687092113,1302.0,1292.5,1310.5,11,0,0.0,0.0,0.0,0.0,0.0,0
BR,2012-06-08,137,1235.868613138686,165.22353442088877,1312.0,1304.2,1505.2000000000005,15,0,0.0,0.0,0.0,0.0,0.0,0
BR,2012-06-09,80,1152.6124999999995,10.411924090450627,1322.0,1310.2,1333.8,14,0,0.0,0.0,0.0,0.0,0.0,0
BR,2012-06-10,127,1228.3149606299212,0.0,937.0,937.0,937.0,18,0,0.0,0.0,0.0,0.0,0.0,0
BR,2012-06-11,157,1300.1783439490443,16.690347759508587,1387.0,1360.9,1404.1,16,0,0.0,0.0,0.0,0.0,0.0,0
BR,2012-06-12,111,1202.5945945945948,0.0,1003.0,1003.0,1003.0,16,0,0.0,0.0,0.0,0.0,0.0,0
BR,2012-06-13,124,1258.991935483871,11.87668116754658,1438.5,1420.0,1450.7,11,0,0.0,0.0,0.0,0.0,0.0,0
BR,2012-06-14,94,1184.2021276595744,6.0,965.0,960.2,969.8,19,0,0.0,0.0,0.0,0.0,0.0,0
BR,2012-06-15,183,1232.8469945355191,0.0,942.0,942.0,942.0,18,0,0.0,0.0,0.0,0.0,0.0,0
BR,2012-06-16,234,1277.8034188034185,18.26371936659964,1408.0,1395.6,1442.2,14,0,0.0,0.0,0.0,0.0,0.0,0
BR,2012-06-17,210,1278.1571428571428,15.989522192504635,1418.0,1398.0,1437.9,14,0,0.0,0.0,0.0,0.0,0.0,0
BR,2012-06-18,162,1299.9444444444443,8.301992346604333,1398.0,1386.6,1406.0,15,0,0.0,0.0,0.0,0.0,0.0,0
BR,2012-06-19,115,1330.3304347826088,0.0,1388.0,1388.0,1388.0,11,0,0.0,0.0,0.0,0.0,0.0,0
BR,2012-06-20,245,1299.6448979591833,4.794202227691277,1395.0,1388.8,1400.3,17,0,0.0,0.0,0.0,0.0,0.0,0
BR,2012-06-21,99,1280.040404040404,0.0,942.0,942.0,942.0,13,0,0.0,0.0,0.0,0.0,0.0,0
BR,2012-06-22,131,1463.7862595419845,7.011419257183242,1441.0,1430.0,1449.3,15,0,0.0,0.0,0.0,0.0,0.0,0
BR,2012-06-23,191,1238.82722513089,17.773791112776067,1415.0,1396.2,1436.0,13,0,0.0,0.0,0.0,0.0,0.0,0
BR,2012-06-24,87,1219.8505747126435,0.0,959.0,959.0,959.0,15,0,0.0,0.0,0.0,0.0,0.0,0
BR,2012-06-25,131,1270.267175572519,7.303898874950982,1500.0,1491.4,1508.6,15,0,0.0,0.0,0.0,0.0,0.0,0
BR,2012-06-26,88,1201.0909090909088,13.74872153147339,1525.0,1506.5,1544.0,11,0,0.0,0.0,0.0,0.0,0.0,0
BR,2012-06-27,143,1225.6503496503494,0.0,989.0,989.0,989.0,17,0,0.0,0.0,0.0,0.0,0.0,0
BR,2012-06-28,111,1244.7657657657653,0.0,968.0,968.0,968.0,18,0,0.0,0.0,0.0,0.0,0.0,0
BR,2012-06-29,123,1244.560975609756,0.0,1012.0,1012.0,1012.0,13,0,0.0,0.0,0.0,0.0,0.0,0
BR,2012-06-30,112,1271.258928571429,9.687104830649869,1501.0,1490.8,1512.6,12,0,0.0,0.0,0.0,0.0,0.0,0
BR,2012-07-01,142,1350.704225352113,16.029451352357523,1481.0,1467.0,1508.0,11,0,0.0,0.0,0.0,0.0,0.0,0
BR,2012-07-02,179,1251.4134078212294,17.670314088889306,1454.5,1434.9,1474.6,16,0,0.0,0.0,0.0,0.0,0.0,0
BR,2012-07-03,155,1322.916129032258,10.764596750918102,1417.0,1403.4,1429.4,13,0,0.0,0.0,0.0,0.0,0.0,0
BR,2012-07-04,165,1324.775757575757,6.279928343540235,1385.0,1377.7,1393.9,15,0,0.0,0.0,0.0,0.0,0.0,0
BR,2012-07-05,104,1334.548076923077,8.108637370113428,1393.0,1384.1,1402.4,17,0,0.0,0.0,0.0,0.0,0.0,0
BR,2012-07-06,83,1292.132530120482,0.0,1043.0,1043.0,1043.0,15,0,0.0,0.0,0.0,0.0,0.0,0
BR,2012-07-07,115,1202.0434782608695,11.815244390193545,1400.0,1391.0,1421.4,9,0,0.0,0.0,0.0,0.0,0.0,0
BR,2012-07-08,99,1256.020202020202,9.082736027761678,1414.0,1401.0,1424.0,9,0,0.0,0.0,0.0,0.0,0.0,0
BR,2012-07-09,214,1315.1168224299067,28.1662381608628,1442.0,1419.0,1488.0,14,0,0.0,0.0,0.0,0.0,0.0,0
BR,2012-07-10,127,1357.5669291338584,10.440589885622524,1476.5,1464.5,1491.0,16,0,0.0,0.0,0.0,0.0,0.0,0
BR,2012-07-11,126,1235.0396825396824,29.959643637960387,1448.0,1420.7,1495.0,12,0,0.0,0.0,0.0,0.0,0.0,0
BR,2012-07-12,55,1263.1818181818182,8.801830617673929,1417.5,1406.0,1427.0,11,1,68.07,0.0,0.0,0.0,0.0,1
BR,2012-07-13,86,1487.3837209302335,6.666666666666667,1391.0,1382.6,1397.6,10,0,0.0,0.0,0.0,0.0,0.0,0
BR,2012-07-14,55,1295.3090909090909,6.944222218666553,1373.0,1366.6,1380.2,11,0,0.0,0.0,0.0,0.0,0.0,0
BR,2012-07-15,72,1162.9305555555557,9.505787710652914,1351.5,1340.0,1360.2,10,0,0.0,0.0,0.0,0.0,0.0,0
BR,2012-07-16,53,1141.1509433962265,4.533823502911814,1330.5,1325.0,1335.5,10,0,0.0,0.0,0.0,0.0,0.0,0
BR,2012-07-17,89,1226.134831460674,9.116032076310752,1313.0,1301.0,1322.0,12,0,0.0,0.0,0.0,0.0,0.0,0
BR,2012-07-18,102,1181.5392156862745,0.0,1064.0,1064.0,1064.0,16,0,0.0,0.0,0.0,0.0,0.0,0
BR,2012-07-19,99,1190.79797979798,3.858612300930076,1365.0,1359.4,1366.6,13,0,0.0,0.0,0.0,0.0,0.0,0
BR,2012-07-20,116,1230.853448275862,4.496912521077347,1376.0,1372.0,1380.8,17,1,64.9,0.0,0.0,0.0,0.0,1
BR,2012-07-21,84,1211.607142857143,7.440388094716565,1397.5,1389.8,1407.2,11,0,0.0,0.0,0.0,0.0,0.0,0
BR,2012-07-22,67,1223.4776119402986,0.0,1512.0,1512.0,1512.0,11,0,0.0,0.0,0.0,0.0,0.0,0
BR,2012-07-23,68,1289.9117647058824,10.657222381506772,1382.0,1368.5,1395.7,11,0,0.0,0.0,0.0,0.0,0.0,0
BR,2012-07-24,123,1235.2276422764223,7.069962871189636,1382.0,1373.5,1390.0,16,0,0.0,0.0,0.0,0.0,0.0,0
BR,2012-07-25,101,1149.5346534653468,9.284306495772208,1378.0,1365.0,1388.0,13,0,0.0,0.0,0.0,0.0,0.0,0
BR,2012-07-26,114,1184.9385964912278,14.56873137525356,1345.0,1323.0,1360.6,12,0,0.0,0.0,0.0,0.0,0.0,0
BR,2012-07-27,138,1173.5652173913045,14.47746313328099,1390.5,1363.7,1400.8,14,0,0.0,0.0,0.0,0.0,0.0,0
BR,2012-07-28,159,1145.1069182389936,8.979925013853839,1382.0,1371.6,1392.8,10,0,0.0,0.0,0.0,0.0,0.0,0
BR,2012-07-29,148,1243.5067567567569,17.99020566864092,1373.0,1344.3,1388.1,11,0,0.0,0.0,0.0,0.0,0.0,0
BR,2012-07-30,181,1171.9447513812154,38.29337977305331,1376.0,1343.0,1451.0,12,0,0.0,0.0,0.0,0.0,0.0,0
BR,2012-07-31,68,1295.8529411764705,97.0258771325121,1440.0,1423.5,1464.4,10,0,0.0,0.0,0.0,0.0,0.0,0
BR,2012-08-01,121,1180.727272727273,6.04509800388242,1441.0,1433.4,1447.0,12,0,0.0,0.0,0.0,0.0,0.0,0
BR,2012-08-02,131,1200.030534351145,8.993825042154693,1504.0,1493.0,1514.8,9,0,0.0,0.0,0.0,0.0,0.0,0
BR,2012-08-03,112,1270.857142857143,12.288612614937456,1433.0,1421.8,1447.9,13,0,0.0,0.0,0.0,0.0,0.0,0
BR,2012-08-04,72,1199.375,6.944222218666553,1396.0,1389.6,1403.2,11,0,0.0,0.0,0.0,0.0,0.0,0
BR,2012-08-05,122,1269.344262295082,9.41259307748564,1397.0,1386.8,1408.8,8,0,0.0,0.0,0.0,0.0,0.0,0
BR,2012-08-06,193,1180.7979274611398,0.0,1105.0,1105.0,1105.0,11,0,0.0,0.0,0.0,0.0,0.0,0
BR,2012-08-07,88,1230.2840909090903,14.997448762631434,1427.5,1399.4,1437.1,10,0,0.0,0.0,0.0,0.0,0.0,0
BR,2012-08-08,128,1194.390625,7.693341276714559,1490.0,1480.4,1499.3,12,0,0.0,0.0,0.0,0.0,0.0,0
BR,2012-08-09,86,1217.8023255813955,0.0,1044.0,1044.0,1044.0,12,0,0.0,0.0,0.0,0.0,0.0,0
BR,2012-08-10,112,1247.419642857143,3.0,1463.0,1460.6,1465.4,13,0,0.0,0.0,0.0,0.0,0.0,0
BR,2012-08-11,90,1149.7444444444443,0.0,1423.0,1423.0,1423.0,12,0,0.0,0.0,0.0,0.0,0.0,0
BR,2012-08-12,141,1202.6028368794323,9.45559538176569,1437.5,1429.0,1452.0,11,0,0.0,0.0,0.0,0.0,0.0,0
BR,2012-08-13,143,1223.2587412587416,8.537498983243799,1431.0,1419.0,1439.0,14,0,0.0,0.0,0.0,0.0,0.0,0
BR,2012-08-14,99,1199.060606060606,6.521549834579044,1477.0,1470.4,1484.6,11,0,0.0,0.0,0.0,0.0,0.0,0
BR,2012-08-15,102,1126.7647058823527,6.368673331236264,1432.0,1422.8,1436.6,13,0,0.0,0.0,0.0,0.0,0.0,0
BR,2012-08-16,165,1175.4060606060602,6.646265079439192,1476.0,1470.2,1485.2,15,0,0.0,0.0,0.0,0.0,0.0,0
BR,2012-08-17,166,1160.5240963855422,98.87775238826666,1457.0,1447.0,1465.0,13,0,0.0,0.0,0.0,0.0,0.0,0
BR,2012-08-18,159,1184.433962264151,11.995415791042843,1439.0,1424.4,1451.1,13,0,0.0,0.0,0.0,0.0,0.0,0
BR,2012-08-19,83,1209.301204819277,0.0,1021.0,1021.0,1021.0,10,0,0.0,0.0,0.0,0.0,0.0,0
BR,2012-08-20,200,1282.3450000000005,132.658530499496,1426.0,1414.2,1587.6,15,1,76.35,0.0,0.0,0.0,0.0,1
BR,2012-08-21,165,1200.0,13.646771596242097,1410.5,1386.2,1418.5,13,0,0.0,0.0,0.0,0.0,0.0,0
BR,2012-08-22,123,1220.1056910569107,10.216283520908757,1445.0,1436.6,1460.3,12,0,0.0,0.0,0.0,0.0,0.0,0
BR,2012-08-23,100,1178.2499999999998,4.58257569495584,1466.0,1462.6,1472.2,13,0,0.0,0.0,0.0,0.0,0.0,0
BR,2012-08-24,121,1190.2479338842977,2.0,1375.0,1373.4,1376.6,15,0,0.0,0.0,0.0,0.0,0.0,0
BR,2012-08-25,176,1225.7670454545455,17.41003661684834,1396.0,1382.6,1422.3,16,0,0.0,0.0,0.0,0.0,0.0,0
BR,2012-08-26,184,1181.6902173913045,5.550275268448904,1442.5,1436.0,1448.0,15,0,0.0,0.0,0.0,0.0,0.0,0
BR,2012-08-27,185,1224.6162162162163,3.2,1456.0,1453.4,1460.4,16,0,0.0,0.0,0.0,0.0,0.0,0
BR,2012-08-28,175,1235.8628571428571,7.133644853010899,1455.0,1451.0,1464.6,14,0,0.0,0.0,0.0,0.0,0.0,0
BR,2012-08-29,174,1177.8103448275867,2.1213203435596424,1456.0,1453.9,1458.1,14,0,0.0,0.0,0.0,0.0,0.0,0
BR,2012-08-30,139,1156.2517985611507,2.494438257849294,1465.0,1463.4,1468.2,14,0,0.0,0.0,0.0,0.0,0.0,0
BR,2012-08-31,79,1247.7974683544303,5.829611908180509,1446.5,1440.0,1454.9,11,0,0.0,0.0,0.0,0.0,0.0,0
BR,2012-09-01,104,1214.4711538461538,2.5,1471.5,1469.5,1473.5,13,0,0.0,0.0,0.0,0.0,0.0,0
BR,2012-09-02,117,1237.3846153846157,16.851634935518867,1046.0,1026.8,1071.0,10,0,0.0,0.0,0.0,0.0,0.0,0
BR,2012-09-03,156,1245.9871794871794,77.75751671033917,1461.0,1448.0,1599.0,16,0,0.0,0.0,0.0,0.0,0.0,0
BR,2012-09-04,86,1143.4186046511627,3.0,1453.0,1450.6,1455.4,13,0,0.0,0.0,0.0,0.0,0.0,0
BR,2012-09-05,210,1249.3190476190475,12.963892162464171,1452.0,1439.0,1471.0,12,0,0.0,0.0,0.0,0.0,0.0,0
BR,2012-09-06,152,1184.3881578947369,4.9180788932265,1468.5,1463.6,1474.1,14,0,0.0,0.0,0.0,0.0,0.0,0
BR,2012-09-07,113,1267.3982300884957,11.14604750573045,1446.5,1431.4,1459.0,11,0,0.0,0.0,0.0,0.0,0.0,0
BR,2012-09-08,85,1242.7294117647054,4.6475800154489,1437.0,1432.0,1442.4,11,0,0.0,0.0,0.0,0.0,0.0,0
BR,2012-09-09,109,1249.5688073394494,7.548482750641661,1016.0,1007.0,1025.0,12,0,0.0,0.0,0.0,0.0,0.0,0
BR,2012-09-10,127,1146.007874015748,5.31360282670807,1006.5,1000.0,1013.5,11,0,0.0,0.0,0.0,0.0,0.0,0
BR,2012-09-11,87,1103.2298850574712,4.0,1435.0,1431.8,1438.2,10,0,0.0,0.0,0.0,0.0,0.0,0
BR,2012-09-12,74,1058.8648648648648,0.0,1796.0,1796.0,1796.0,10,0,0.0,0.0,0.0,0.0,0.0,0
BR,2012-09-13,98,1124.5000000000002,7.657675887630659,1449.0,1438.6,1455.2,14,0,0.0,0.0,0.0,0.0,0.0,0
BR,2012-09-14,152,972.532894736842,0.0,1205.0,1205.0,1205.0,12,0,0.0,0.0,0.0,0.0,0.0,0
BR,2012-09-15,141,1164.028368794326,0.0,1484.0,1484.0,1484.0,13,0,0.0,0.0,0.0,0.0,0.0,0
BR,2012-09-16,87,1189.7931034482756,6.343886660335577,1459.0,1452.0,1467.4,11,1,71.55,0.0,71.55,71.55,71.55,1
BR,2012-09-17,92,1257.9130434782612,12.559915576545125,1445.0,1433.2,1463.0,13,0,0.0,0.0,0.0,0.0,0.0,0
BR,2012-09-18,128,1227.5390624999995,5.2141634036535525,1426.0,1422.3,1433.2,12,0,0.0,0.0,0.0,0.0,0.0,0
BR,2012-09-19,128,1369.203125,106.55439925221296,1453.5,1439.2,1496.1999999999998,14,0,0.0,0.0,0.0,0.0,0.0,0
BR,2012-09-20,133,1180.751879699248,7.057305119913376,1456.5,1449.5,1465.5,14,0,0.0,0.0,0.0,0.0,0.0,0
BR,2012-09-21,80,1414.7125,12.190570126126175,1444.5,1430.5,1456.8,11,0,0.0,0.0,0.0,0.0,0.0,0
BR,2012-09-22,87,1343.1724137931035,0.0,1014.0,1014.0,1014.0,10,0,0.0,0.0,0.0,0.0,0.0,0
BR,2012-09-23,128,1303.4375,6.6332495807108,1436.0,1428.0,1445.0,10,0,0.0,0.0,0.0,0.0,0.0,0
BR,2012-09-24,125,1468.384,23.24608833411269,1415.0,1374.6,1434.8,16,0,0.0,0.0,0.0,0.0,0.0,0
BR,2012-09-25,160,1472.1062500000005,6.630757283203806,1386.0,1378.0,1394.0,13,0,0.0,0.0,0.0,0.0,0.0,0
BR,2012-09-26,126,1370.555555555556,6.204014500173847,1389.0,1381.6,1395.6,15,0,0.0,0.0,0.0,0.0,0.0,0
BR,2012-09-27,76,1397.9868421052631,9.959292143521044,1387.0,1378.1,1402.2,14,0,0.0,0.0,0.0,0.0,0.0,0
BR,2012-09-28,118,1280.5847457627124,5.5,1378.5,1374.1,1382.9,15,0,0.0,0.0,0.0,0.0,0.0,0
BR,2012-09-29,99,1257.909090909091,9.121403400793104,1375.0,1361.0,1381.0,10,0,0.0,0.0,0.0,0.0,0.0,0
BR,2012-09-30,146,1261.335616438356,7.668478046884894,1374.0,1366.0,1382.5,14,0,0.0,0.0,0.0,0.0,0.0,0
BR,2012-10-01,118,1420.0677966101696,6.845390785046534,1390.0,1380.8,1396.1,16,0,0.0,0.0,0.0,0.0,0.0,0
BR,2012-10-02,93,1338.3225806451612,4.963869458396343,991.0,984.6,995.8,9,0,0.0,0.0,0.0,0.0,0.0,0
BR,2012-10-03,75,1241.2666666666669,2.5,1400.5,1398.5,1402.5,14,0,0.0,0.0,0.0,0.0,0.0,0
BR,2012-10-04,75,1172.7866666666666,4.0,1500.0,1496.8,1503.2,13,0,0.0,0.0,0.0,0.0,0.0,0
BR,2012-10-05,74,1331.121621621622,4.898979485566356,1415.0,1410.2,1419.8,13,0,0.0,0.0,0.0,0.0,0.0,0
BR,2012-10-06,160,1357.6999999999998,0.0,1428.0,1428.0,1428.0,18,0,0.0,0.0,0.0,0.0,0.0,0
BR,2012-10-07,119,1250.9999999999995,8.183170883849714,996.5,987.2,1008.5,11,0,0.0,0.0,0.0,0.0,0.0,0
BR,2012-10-08,46,1303.891304347826,3.5,1433.5,1430.7,1436.3,12,0,0.0,0.0,0.0,0.0,0.0,0
BR,2012-10-09,50,1036.78,8.626107014303857,1011.5,1010.0,1028.0,9,0,0.0,0.0,0.0,0.0,0.0,0
BR,2012-10-10,114,1253.657894736842,12.721427229041623,1518.0,1502.0,1532.0,16,0,0.0,0.0,0.0,0.0,0.0,0
BR,2012-10-11,174,1372.1896551724133,9.246621004453464,1409.0,1400.5,1420.3,16,0,0.0,0.0,0.0,0.0,0.0,0
BR,2012-10-12,140,1221.871428571429,7.797791710193057,1476.0,1466.5,1485.0,16,0,0.0,0.0,0.0,0.0,0.0,0
BR,2012-10-13,142,1256.098591549296,5.5,1468.5,1464.1,1472.9,11,0,0.0,0.0,0.0,0.0,0.0,0
BR,2012-10-14,61,1200.377049180328,7.222188034107115,932.5,928.5,943.0,9,0,0.0,0.0,0.0,0.0,0.0,0
BR,2012-10-15,140,1316.7,8.089499366462675,1405.5,1395.6,1413.8,16,0,0.0,0.0,0.0,0.0,0.0,0
BR,2012-10-16,112,1331.133928571429,19.36388390793541,1364.5,1333.1,1379.3,15,0,0.0,0.0,0.0,0.0,0.0,0
BR,2012-10-17,83,1394.0481927710846,0.0,1332.0,1332.0,1332.0,11,0,0.0,0.0,0.0,0.0,0.0,0
BR,2012-10-18,81,1105.2716049382714,2.5,1511.5,1509.5,1513.5,15,0,0.0,0.0,0.0,0.0,0.0,0
BR,2012-10-19,86,1320.9883720930231,6.590902821313632,1347.0,1338.2,1352.4,15,0,0.0,0.0,0.0,0.0,0.0,0
BR,2012-10-20,89,1157.0224719101125,0.0,1329.0,1329.0,1329.0,12,0,0.0,0.0,0.0,0.0,0.0,0
BR,2012-10-21,83,1213.6144578313254,6.944222218666553,1472.0,1465.6,1479.2,14,0,0.0,0.0,0.0,0.0,0.0,0
BR,2012-10-22,61,1246.1311475409836,0.0,1226.0,1226.0,1226.0,12,0,0.0,0.0,0.0,0.0,0.0,0
BR,2012-10-23,118,1240.8813559322036,5.709206715675484,1464.0,1458.0,1472.0,16,0,0.0,0.0,0.0,0.0,0.0,0
BR,2012-10-24,91,1249.2637362637358,6.994045086119096,1380.0,1375.0,1389.5,13,0,0.0,0.0,0.0,0.0,0.0,0
BR,2012-10-25,98,1181.7448979591836,14.641038214552957,1477.5,1453.4,1489.4,11,0,0.0,0.0,0.0,0.0,0.0,0
BR,2012-10-26,102,1276.411764705882,11.324641274671794,1455.0,1440.5,1468.2,14,0,0.0,0.0,0.0,0.0,0.0,0
BR,2012-10-27,125,1198.552,103.48194237012666,1407.0,1392.0,1420.0,14,0,0.0,0.0,0.0,0.0,0.0,0
BR,2012-10-28,206,1211.111650485437,13.2214695187724,1399.0,1377.0,1412.0,16,0,0.0,0.0,0.0,0.0,0.0,0
BR,2012-10-29,141,1258.6312056737588,5.715476066494082,1376.0,1370.4,1381.6,19,0,0.0,0.0,0.0,0.0,0.0,0
BR,2012-10-30,78,1363.0512820512818,0.0,1484.0,1484.0,1484.0,15,0,0.0,0.0,0.0,0.0,0.0,0
BR,2012-10-31,132,1266.583333333333,3.7859388972001824,1373.0,1369.0,1377.0,17,0,0.0,0.0,0.0,0.0,0.0,0
BR,2012-11-01,153,1388.8235294117646,4.5,1360.5,1356.0,1365.0,19,1,63.18,0.0,0.0,0.0,0.0,1
BR,2012-11-02,218,1246.2752293577985,21.57191461136448,1334.0,1294.0,1349.1,19,0,0.0,0.0,0.0,0.0,0.0,0
BR,2012-11-03,235,1238.8936170212771,0.0,1200.0,1200.0,1200.0,17,0,0.0,0.0,0.0,0.0,0.0,0
BR,2012-11-04,190,1216.2157894736845,10.456258094238748,1267.5,1253.0,1277.5,17,0,0.0,0.0,0.0,0.0,0.0,0
BR,2012-11-05,70,1246.3,158.84342723260536,1480.5,1162.0,1491.5,13,0,0.0,0.0,0.0,0.0,0.0,0
BR,2012-11-06,151,1128.1390728476822,186.13546067910383,1332.5,1141.7,1529.4,17,0,0.0,0.0,0.0,0.0,0.0,0
BR,2012-11-07,129,1219.124031007752,3.2691742076555053,1259.0,1255.9,1262.8,18,0,0.0,0.0,0.0,0.0,0.0,0
BR,2012-11-08,182,1184.9725274725274,206.04183652841,1166.0,1127.0,1559.0,16,0,0.0,0.0,0.0,0.0,0.0,0
BR,2012-11-09,127,1354.4330708661416,14.927809825049335,1280.0,1266.2,1298.0,15,0,0.0,0.0,0.0,0.0,0.0,0
BR,2012-11-10,186,1220.5430107526877,15.49709650224841,1306.5,1286.9,1320.7,15,0,0.0,0.0,0.0,0.0,0.0,0
BR,2012-11-11,147,1304.3537414965986,130.38182197351665,1211.0,1201.0,1525.0,14,0,0.0,0.0,0.0,0.0,0.0,0
BR,2012-11-12,124,1388.8870967741937,151.69244193029365,1351.0,1215.4,1547.0,14,0,0.0,0.0,0.0,0.0,0.0,0
BR,2012-11-13,148,1334.797297297297,176.9785029201789,1210.5,1198.2,1569.9,16,0,0.0,0.0,0.0,0.0,0.0,0
BR,2012-11-14,105,1308.6,5.024937810560445,1332.0,1327.5,1337.9,12,0,0.0,0.0,0.0,0.0,0.0,0
BR,2012-11-15,224,1237.013392857143,5.0,1335.0,1331.0,1339.0,19,0,0.0,0.0,0.0,0.0,0.0,0
BR,2012-11-16,133,1338.6691729323309,5.649483752226097,1335.0,1327.0,1343.3,16,0,0.0,0.0,0.0,0.0,0.0,0
BR,2012-11-17,163,1238.484662576687,15.60371732995159,1313.0,1285.0,1326.8,17,0,0.0,0.0,0.0,0.0,0.0,0
BR,2012-11-18,149,1208.6510067114093,62.0,1138.0,1088.4,1187.6,16,0,0.0,0.0,0.0,0.0,0.0,0
BR,2012-11-19,214,1338.672897196262,60.43729532885027,1109.0,1052.2,1170.6,19,1,58.44,0.0,0.0,0.0,0.0,1
BR,2012-11-20,137,1262.868613138686,148.594152718814,1106.0,1038.0,1317.2,18,0,0.0,0.0,0.0,0.0,0.0,0
BR,2012-11-21,96,1259.6145833333333,36.78314831549904,1155.0,1117.2,1190.0,17,0,0.0,0.0,0.0,0.0,0.0,0
BR,2012-11-22,148,1303.5810810810808,24.5,1163.5,1143.9,1183.1,21,1,69.69,0.0,0.0,0.0,0.0,1
BR,2012-11-23,118,1366.805084745763,0.0,1087.0,1087.0,1087.0,21,0,0.0,0.0,0.0,0.0,0.0,0
BR,2012-11-24,163,1222.104294478528,6.723094525588644,1331.0,1322.8,1337.4,17,0,0.0,0.0,0.0,0.0,0.0,0
BR,2012-11-25,114,1388.640350877193,5.744562646538029,1333.5,1326.0,1339.5,15,0,0.0,0.0,0.0,0.0,0.0,0
BR,2012-11-26,108,1315.1574074074074,149.69203457572317,1252.0,1230.0,1550.0,13,0,0.0,0.0,0.0,0.0,0.0,0
BR,2012-11-27,140,1226.2357142857145,11.439280696667202,1310.0,1299.4,1326.6,15,0,0.0,0.0,0.0,0.0,0.0,0
BR,2012-11-28,86,1343.069767441861,118.9037225577704,1231.0,1219.0,1529.0,17,0,0.0,0.0,0.0,0.0,0.0,0
BR,2012-11-29,108,1083.4074074074074,82.77922444671731,926.0,879.0,1062.4,16,0,0.0,0.0,0.0,0.0,0.0,0
BR,2012-11-30,155,1129.1161290322584,5.887840577551898,1305.0,1301.8,1313.0,17,0,0.0,0.0,0.0,0.0,0.0,0
BR,2012-12-01,113,1200.3274336283189,4.9216076867444665,1311.0,1307.0,1316.6,16,0,0.0,0.0,0.0,0.0,0.0,0
BR,2012-12-02,198,1296.0555555555557,10.825073774447093,1313.0,1299.6,1327.8,18,1,88.2,0.0,0.0,0.0,0.0,1
BR,2012-12-03,148,1370.9391891891896,4.496912521077347,1325.0,1321.0,1329.8,17,0,0.0,0.0,0.0,0.0,0.0,0
BR,2012-12-04,128,1328.9921875,4.5,1545.5,1541.9,1549.1,13,0,0.0,0.0,0.0,0.0,0.0,0
BR,2012-12-05,145,1334.0275862068966,8.849914556328834,1536.0,1524.6,1543.6,15,0,0.0,0.0,0.0,0.0,0.0,0
BR,2012-12-06,55,1241.5454545454545,114.5071564963906,1277.5,1270.0,1516.5,13,0,0.0,0.0,0.0,0.0,0.0,0
BR,2012-12-07,73,1267.4931506849316,0.0,1037.0,1037.0,1037.0,17,0,0.0,0.0,0.0,0.0,0.0,0
BR,2012-12-08,135,1270.3259259259262,4.968651728587948,1298.5,1293.1,1303.2,14,0,0.0,0.0,0.0,0.0,0.0,0
BR,2012-12-09,163,1255.748466257669,5.540205551332948,1319.0,1311.0,1324.6,15,0,0.0,0.0,0.0,0.0,0.0,0
BR,2012-12-10,134,1260.9626865671642,98.54310252653688,1308.5,1271.0,1490.0,14,0,0.0,0.0,0.0,0.0,0.0,0
BR,2012-12-11,137,1153.1386861313867,5.2141634036535525,1236.5,1229.2,1241.9,9,0,0.0,0.0,0.0,0.0,0.0,0
BR,2012-12-12,104,1209.2692307692307,178.69216235998962,1039.0,969.4,1301.4,18,0,0.0,0.0,0.0,0.0,0.0,0
BR,2012-12-13,101,1186.0198019801978,100.7690840709504,1182.0,1152.4,1308.4,16,0,0.0,0.0,0.0,0.0,0.0,0
BR,2012-12-14,105,1229.3047619047618,13.513303630126869,1330.0,1311.5,1343.1,13,0,0.0,0.0,0.0,0.0,0.0,0
BR,2012-12-15,104,1166.278846153846,3.5,1352.5,1349.7,1355.3,13,0,0.0,0.0,0.0,0.0,0.0,0
BR,2012-12-16,132,1256.8030303030305,0.0,940.0,940.0,940.0,17,0,0.0,0.0,0.0,0.0,0.0,0
BR,2012-12-17,122,1166.204918032787,129.30074907260888,1230.0,1217.8,1511.2,12,0,0.0,0.0,0.0,0.0,0.0,0
BR,2012-12-18,92,1264.8913043478265,4.55521678957215,1360.5,1354.8,1366.0,13,0,0.0,0.0,0.0,0.0,0.0,0
BR,2012-12-19,82,1218.2682926829266,6.110100926607787,1376.0,1369.0,1383.0,12,0,0.0,0.0,0.0,0.0,0.0,0
BR,2012-12-20,109,1224.2477064220184,5.0,1356.0,1352.0,1360.0,12,0,0.0,0.0,0.0,0.0,0.0,0
BR,2012-12-21,76,1236.25,93.8393602280373,1295.0,1268.6,1495.8,10,0,0.0,0.0,0.0,0.0,0.0,0
BR,2012-12-22,147,1276.979591836735,5.0,1350.0,1346.0,1354.0,16,0,0.0,0.0,0.0,0.0,0.0,0
BR,2012-12-23,133,1279.375939849624,6.262764742685312,1351.0,1346.5,1360.5,16,0,0.0,0.0,0.0,0.0,0.0,0
BR,2012-12-24,113,1188.353982300885,3.2691742076555053,1352.0,1348.3,1355.0,11,0,0.0,0.0,0.0,0.0,0.0,0
BR,2012-12-25,82,1151.3170731707323,5.436502143433363,1296.0,1292.8,1303.2,9,0,0.0,0.0,0.0,0.0,0.0,0
BR,2012-12-26,145,1206.958620689655,9.682745248923757,1001.5,991.0,1016.1,9,0,0.0,0.0,0.0,0.0,0.0,0
BR,2012-12-27,133,1276.9248120300751,8.831760866327848,1355.5,1344.9,1365.5,13,1,79.3,0.0,0.0,0.0,0.0,1
BR,2012-12-28,96,1214.6250000000002,11.33442260560586,1374.0,1363.6,1389.6,10,0,0.0,0.0,0.0,0.0,0.0,0
BR,2012-12-29,97,1198.59793814433,8.708428945216099,1382.0,1374.9,1395.6,15,0,0.0,0.0,0.0,0.0,0.0,0
BR,2012-12-30,157,1368.687898089172,14.920927687144076,1406.0,1386.0,1426.0,16,1,89.82,0.0,0.0,0.0,0.0,1
BR,2012-12-31,158,1160.3544303797466,5.0039984012787215,1396.0,1390.8,1402.2,11,0,0.0,0.0,0.0,0.0,0.0,0
BR,2013-01-01,90,1260.888888888889,2.8284271247461903,1380.0,1380.0,1384.8,11,0,0.0,0.0,0.0,0.0,0.0,0
BR,2013-01-02,130,1245.8538461538462,11.508530792057496,1519.0,1509.0,1533.0,10,0,0.0,0.0,0.0,0.0,0.0,0
BR,2013-01-03,128,1188.578125,6.356099432828281,1364.0,1358.2,1372.0,11,0,0.0,0.0,0.0,0.0,0.0,0
BR,2013-01-04,73,1191.9589041095887,8.5463442476886,1355.0,1347.2,1366.2,12,0,0.0,0.0,0.0,0.0,0.0,0
BR,2013-01-05,122,1079.77868852459,5.0,1370.0,1366.0,1374.0,14,0,0.0,0.0,0.0,0.0,0.0,0
BR,2013-01-06,90,1188.7999999999995,10.241527663824812,1345.5,1334.1,1358.4,15,0,0.0,0.0,0.0,0.0,0.0,0
BR,2013-01-07,127,1066.6220472440946,5.436502143433363,1515.0,1508.5,1520.5,14,0,0.0,0.0,0.0,0.0,0.0,0
BR,2013-01-08,56,1226.357142857143,5.528109984434102,1337.0,1330.8,1342.6,13,0,0.0,0.0,0.0,0.0,0.0,0
BR,2013-01-09,62,1250.8870967741937,4.546060565661952,1340.0,1334.4,1343.2,12,0,0.0,0.0,0.0,0.0,0.0,0
BR,2013-01-10,51,1275.6862745098042,14.0,1185.0,1173.8,1196.2,14,0,0.0,0.0,0.0,0.0,0.0,0
BR,2013-01-11,83,1188.4457831325306,4.815340071064556,1346.0,1341.2,1351.5,12,0,0.0,0.0,0.0,0.0,0.0,0
BR,2013-01-12,162,1189.9320987654316,56.2536418574142,1084.5,1015.0,1144.0,16,0,0.0,0.0,0.0,0.0,0.0,0
BR,2013-01-13,76,1224.6052631578948,0.0,1191.0,1191.0,1191.0,13,0,0.0,0.0,0.0,0.0,0.0,0
BR,2013-01-14,92,1189.1521739130435,16.558165342397473,1212.0,1191.8,1224.6,15,0,0.0,0.0,0.0,0.0,0.0,0
BR,2013-01-15,50,1164.2600000000002,9.145089013302412,1322.0,1306.0,1325.2,11,0,0.0,0.0,0.0,0.0,0.0,0
BR,2013-01-16,56,1138.5357142857144,60.28422264573045,1425.0,1365.5,1493.6,11,0,0.0,0.0,0.0,0.0,0.0,0
BR,2013-01-17,46,1081.7826086956522,16.990193249832878,1390.0,1362.0,1391.6,12,0,0.0,0.0,0.0,0.0,0.0,0
BR,2013-01-18,59,948.8644067796608,33.92431834245163,535.5,507.0,596.5,8,0,0.0,0.0,0.0,0.0,0.0,0
BR,2013-01-19,72,1042.9583333333333,7.7781745930520225,1298.0,1288.9,1307.3,11,0,0.0,0.0,0.0,0.0,0.0,0
BR,2013-01-20,97,1170.2474226804122,9.5941435636439,1314.0,1302.0,1327.0,11,0,0.0,0.0,0.0,0.0,0.0,0
BR,2013-01-21,67,1181.029850746269,4.586937976471886,1267.0,1261.6,1271.2,12,0,0.0,0.0,0.0,0.0,0.0,0
BR,2013-01-22,26,1053.6153846153843,2.494438257849294,1300.0,1298.4,1303.2,9,0,0.0,0.0,0.0,0.0,0.0,0
BR,2013-01-23,64,1262.46875,14.64982197675512,1307.0,1288.0,1327.8,11,0,0.0,0.0,0.0,0.0,0.0,0
BR,2013-01-24,57,1226.6491228070172,4.14578098794425,1332.0,1329.6,1337.9,11,0,0.0,0.0,0.0,0.0,0.0,0
BR,2013-01-25,62,1127.2096774193549,14.820739556029396,1312.0,1286.0,1323.0,11,0,0.0,0.0,0.0,0.0,0.0,0
BR,2013-01-26,78,1142.8076923076924,3.5,1289.5,1286.7,1292.3,15,0,0.0,0.0,0.0,0.0,0.0,0
BR,2013-01-27,128,1196.9296875000002,0.0,1138.0,1138.0,1138.0,15,0,0.0,0.0,0.0,0.0,0.0,0
BR,2013-01-28,27,1253.3703703703704,6.898067362191626,1313.5,1307.5,1323.7,5,0,0.0,0.0,0.0,0.0,0.0,0
BR,2013-01-29,61,1157.0983606557377,8.06225774829855,1329.0,1320.4,1337.6,11,0,0.0,0.0,0.0,0.0,0.0,0
BR,2013-01-30,104,1176.798076923077,10.56756686223253,1361.0,1346.8,1370.2,16,0,0.0,0.0,0.0,0.0,0.0,0
BR,2013-01-31,23,1149.0869565217392,4.0,1365.0,1361.8,1368.2,9,0,0.0,0.0,0.0,0.0,0.0,0
BR,2013-02-01,55,1282.4363636363637,13.306435453937164,1439.0,1425.4,1455.4,12,0,0.0,0.0,0.0,0.0,0.0,0
BR,2013-02-02,96,1104.2916666666667,14.902444102786845,1359.0,1348.4,1383.4,11,0,0.0,0.0,0.0,0.0,0.0,0
BR,2013-02-03,62,1089.048387096774,11.678565360903232,956.0,940.3,971.4,11,0,0.0,0.0,0.0,0.0,0.0,0
BR,2013-02-04,63,1179.4444444444446,6.388765649999399,1382.0,1376.4,1390.4,13,0,0.0,0.0,0.0,0.0,0.0,0
BR,2013-02-05,112,1205.508928571429,13.632194786382623,1402.5,1375.8,1409.8,14,1,74.06,0.0,0.0,0.0,0.0,1
BR,2013-02-06,127,1238.8897637795278,6.029873547596169,1399.0,1390.4,1404.8,18,0,0.0,0.0,0.0,0.0,0.0,0
BR,2013-02-07,61,1166.5409836065571,5.312459150169742,1470.0,1464.4,1474.8,14,0,0.0,0.0,0.0,0.0,0.0,0
BR,2013-02-08,143,1234.6573426573427,8.982836858403438,1393.0,1383.6,1404.0,19,0,0.0,0.0,0.0,0.0,0.0,0
BR,2013-02-09,128,1154.0078125,4.673328578219169,1383.0,1376.0,1386.0,15,0,0.0,0.0,0.0,0.0,0.0,0
BR,2013-02-10,133,1231.2556390977438,6.226562703650633,1382.0,1374.8,1391.0,16,0,0.0,0.0,0.0,0.0,0.0,0
BR,2013-02-11,164,1264.542682926829,14.674462298496664,1402.5,1383.0,1424.0,21,0,0.0,0.0,0.0,0.0,0.0,0
BR,2013-02-12,71,1299.9718309859154,15.169922320495797,1421.5,1407.2,1442.6,9,0,0.0,0.0,0.0,0.0,0.0,0
BR,2013-02-13,133,1240.9323308270675,8.49470423263812,1432.0,1423.4,1442.6,17,0,0.0,0.0,0.0,0.0,0.0,0
BR,2013-02-14,128,1187.2812499999998,11.579414503189978,1430.0,1420.2,1450.4,15,1,77.97,0.0,0.0,0.0,0.0,1
BR,2013-02-15,113,1300.1061946902655,14.078497136862763,1427.0,1417.6,1451.0,16,0,0.0,0.0,0.0,0.0,0.0,0
BR,2013-02-16,106,1098.5849056603772,4.333071682315172,1416.0,1409.0,1419.4,12,0,0.0,0.0,0.0,0.0,0.0,0
BR,2013-02-17,89,1277.6629213483145,6.062636023674484,1418.0,1410.8,1425.4,12,0,0.0,0.0,0.0,0.0,0.0,0
BR,2013-02-18,87,1052.1954022988505,5.5,1489.5,1485.1,1493.9,15,0,0.0,0.0,0.0,0.0,0.0,0
BR,2013-02-19,75,1140.5733333333333,8.631338250816034,1210.5,1203.5,1221.7,12,0,0.0,0.0,0.0,0.0,0.0,0
BR,2013-02-20,99,1002.7676767676768,6.413960468297952,1402.5,1393.5,1407.5,17,0,0.0,0.0,0.0,0.0,0.0,0
BR,2013-02-21,66,1024.8030303030305,0.0,1477.0,1477.0,1477.0,11,0,0.0,0.0,0.0,0.0,0.0,0
BR,2013-02-22,76,1151.3026315789475,5.402545696243577,1378.0,1371.4,1382.5,16,0,0.0,0.0,0.0,0.0,0.0,0
BR,2013-02-23,130,1201.3923076923077,4.9216076867444665,1368.0,1362.4,1372.0,17,0,0.0,0.0,0.0,0.0,0.0,0
BR,2013-02-24,120,1186.2416666666666,20.30394050424696,1408.5,1373.0,1425.0,16,0,0.0,0.0,0.0,0.0,0.0,0
BR,2013-02-25,44,1239.3409090909088,4.268749491621898,1395.5,1392.0,1401.5,11,0,0.0,0.0,0.0,0.0,0.0,0
BR,2013-02-26,91,1226.428571428571,6.483826030978932,1385.5,1378.2,1392.0,13,0,0.0,0.0,0.0,0.0,0.0,0
BR,2013-02-27,84,1226.7142857142858,0.0,1359.0,1359.0,1359.0,13,0,0.0,0.0,0.0,0.0,0.0,0
BR,2013-02-28,60,1200.2500000000002,3.2691742076555053,1371.0,1367.3,1374.0,11,0,0.0,0.0,0.0,0.0,0.0,0
BR,2013-03-01,80,1270.7500000000005,5.1536394906900505,1195.0,1187.4,1198.6,12,0,0.0,0.0,0.0,0.0,0.0,0
BR,2013-03-02,119,1209.8487394957983,7.312470322826768,1199.5,1191.0,1207.0,14,0,0.0,0.0,0.0,0.0,0.0,0
BR,2013-03-03,170,1197.5176470588235,11.017611134090767,1360.0,1347.2,1375.4,20,0,0.0,0.0,0.0,0.0,0.0,0
BR,2013-03-04,86,1138.7790697674418,8.723460633951342,1342.0,1331.0,1353.2,14,0,0.0,0.0,0.0,0.0,0.0,0
BR,2013-03-05,81,1137.8024691358028,2.5,1360.5,1358.5,1362.5,16,0,0.0,0.0,0.0,0.0,0.0,0
BR,2013-03-06,78,1231.730769230769,19.018042759790585,1340.0,1312.0,1359.0,14,0,0.0,0.0,0.0,0.0,0.0,0
BR,2013-03-07,93,1149.5591397849462,0.0,1197.0,1197.0,1197.0,16,0,0.0,0.0,0.0,0.0,0.0,0
BR,2013-03-08,98,1205.734693877551,4.815340071064556,1319.0,1314.2,1324.5,12,0,0.0,0.0,0.0,0.0,0.0,0
BR,2013-03-09,148,1174.3783783783783,10.00199980003999,1208.5,1196.2,1218.4,15,0,0.0,0.0,0.0,0.0,0.0,0
BR,2013-03-10,229,1113.244541484716,0.0,1166.0,1166.0,1166.0,21,0,0.0,0.0,0.0,0.0,0.0,0
BR,2013-03-11,120,1093.4250000000004,12.310970717209914,1304.0,1283.9,1314.6,19,0,0.0,0.0,0.0,0.0,0.0,0
BR,2013-03-12,160,1236.0,19.16328272918494,1287.5,1265.4,1313.7,18,0,0.0,0.0,0.0,0.0,0.0,0
BR,2013-03-13,64,1180.203125,4.968651728587948,1315.0,1312.6,1322.3,14,0,0.0,0.0,0.0,0.0,0.0,0
BR,2013-03-14,103,1168.4854368932035,0.0,1141.0,1141.0,1141.0,16,0,0.0,0.0,0.0,0.0,0.0,0
BR,2013-03-15,135,1128.762962962963,10.894379284750462,1163.5,1149.8,1172.3,16,0,0.0,0.0,0.0,0.0,0.0,0
BR,2013-03-16,124,1153.2419354838707,11.23761645851286,1235.0,1219.8,1245.0,15,0,0.0,0.0,0.0,0.0,0.0,0
BR,2013-03-17,117,1195.4871794871794,18.61376432165784,1115.5,1093.5,1133.5,20,0,0.0,0.0,0.0,0.0,0.0,0
BR,2013-03-18,87,1199.942528735632,10.634944325962714,1295.0,1282.4,1306.0,14,0,0.0,0.0,0.0,0.0,0.0,0
BR,2013-03-19,98,1246.316326530612,4.189935029992178,1230.0,1224.4,1232.4,16,0,0.0,0.0,0.0,0.0,0.0,0
BR,2013-03-20,115,1162.991304347826,2.0,1224.0,1222.4,1225.6,18,0,0.0,0.0,0.0,0.0,0.0,0
BR,2013-03-21,67,1193.6268656716416,8.2915619758885,1468.0,1458.4,1476.2,17,0,0.0,0.0,0.0,0.0,0.0,0
BR,2013-03-22,122,1197.3770491803275,11.0,1173.0,1164.2,1181.8,18,0,0.0,0.0,0.0,0.0,0.0,0
BR,2013-03-23,122,1184.8606557377054,18.40289832245635,1295.0,1273.6,1318.8,19,0,0.0,0.0,0.0,0.0,0.0,0
BR,2013-03-24,176,1197.2272727272723,5.327496806401879,1329.0,1321.8,1334.2,19,0,0.0,0.0,0.0,0.0,0.0,0
BR,2013-03-25,89,1100.561797752809,11.282469483542105,1322.0,1311.4,1337.8,15,0,0.0,0.0,0.0,0.0,0.0,0
BR,2013-03-26,87,1236.9195402298851,11.083313753115537,1331.0,1320.5,1348.0,16,0,0.0,0.0,0.0,0.0,0.0,0
BR,2013-03-27,118,1213.533898305085,4.0722639076235385,1325.0,1319.5,1329.0,20,0,0.0,0.0,0.0,0.0,0.0,0
BR,2013-03-28,80,1265.4875,14.207392441964853,1062.5,1041.5,1075.1,14,0,0.0,0.0,0.0,0.0,0.0,0
BR,2013-03-29,105,1281.1333333333334,5.852349955359813,1325.5,1319.2,1331.8,13,0,0.0,0.0,0.0,0.0,0.0,0
BR,2013-03-30,156,1192.557692307692,15.43243337908834,1161.0,1136.4,1169.8,14,0,0.0,0.0,0.0,0.0,0.0,0
BR,2013-03-31,118,1205.635593220339,14.941207093855825,1314.0,1301.0,1334.0,16,0,0.0,0.0,0.0,0.0,0.0,0
BR,2013-04-01,108,1255.851851851852,11.742609969205692,1123.0,1111.0,1136.0,16,1,74.93,0.0,0.0,0.0,0.0,1
BR,2013-04-02,97,1239.6082474226805,3.741657386773941,1323.0,1320.6,1327.8,17,0,0.0,0.0,0.0,0.0,0.0,0
BR,2013-04-03,142,1205.1549295774646,0.0,1086.0,1086.0,1086.0,20,0,0.0,0.0,0.0,0.0,0.0,0
BR,2013-04-04,124,1238.8629032258063,3.5,1330.5,1327.7,1333.3,21,0,0.0,0.0,0.0,0.0,0.0,0
BR,2013-04-05,89,1205.9325842696624,3.299831645537222,1323.0,1320.6,1327.0,15,0,0.0,0.0,0.0,0.0,0.0,0
BR,2013-04-06,131,1138.885496183206,8.715456595811226,1301.0,1292.2,1313.0,16,0,0.0,0.0,0.0,0.0,0.0,0
BR,2013-04-07,75,1210.12,6.565772993334448,1310.5,1304.2,1318.1,14,0,0.0,0.0,0.0,0.0,0.0,0
BR,2013-04-08,120,1255.8,8.618916073713347,1307.0,1296.0,1315.8,18,0,0.0,0.0,0.0,0.0,0.0,0
BR,2013-04-09,72,1292.5416666666667,7.408703590297622,1110.0,1104.4,1118.8,14,0,0.0,0.0,0.0,0.0,0.0,0
BR,2013-04-10,121,1227.01652892562,5.946374946133148,1434.5,1428.2,1441.9,15,0,0.0,0.0,0.0,0.0,0.0,0
BR,2013-04-11,90,1223.655555555555,8.0,1106.0,1099.6,1112.4,15,0,0.0,0.0,0.0,0.0,0.0,0
BR,2013-04-12,55,1165.6909090909091,3.0,1448.0,1445.6,1450.4,12,0,0.0,0.0,0.0,0.0,0.0,0
BR,2013-04-13,103,1192.1553398058252,6.123724356957945,1249.5,1242.4,1255.2,16,0,0.0,0.0,0.0,0.0,0.0,0
BR,2013-04-14,110,1225.0363636363636,15.456466082193565,1274.5,1256.5,1296.0,15,0,0.0,0.0,0.0,0.0,0.0,0
BR,2013-04-15,97,1287.40206185567,7.0,1131.0,1125.4,1136.6,16,0,0.0,0.0,0.0,0.0,0.0,0
BR,2013-04-16,101,1236.217821782178,11.082252773268268,1334.0,1321.0,1347.4,16,0,0.0,0.0,0.0,0.0,0.0,0
BR,2013-04-17,92,1272.695652173913,12.30853362509117,1145.5,1131.6,1158.0,19,0,0.0,0.0,0.0,0.0,0.0,0
BR,2013-04-18,64,1285.0781249999998,4.0,1342.0,1338.8,1345.2,15,0,0.0,0.0,0.0,0.0,0.0,0
BR,2013-04-19,38,1369.9999999999998,3.559026084010437,1163.0,1162.2,1168.6,12,0,0.0,0.0,0.0,0.0,0.0,0
BR,2013-04-20,117,1241.145299145299,12.215438680160458,1338.5,1322.0,1353.4,13,0,0.0,0.0,0.0,0.0,0.0,0
BR,2013-04-21,99,1258.3737373737372,0.0,1168.0,1168.0,1168.0,21,0,0.0,0.0,0.0,0.0,0.0,0
BR,2013-04-22,113,1273.3097345132744,0.0,1168.0,1168.0,1168.0,20,0,0.0,0.0,0.0,0.0,0.0,0
BR,2013-04-23,93,1320.5698924731184,11.689311356961968,1352.0,1337.0,1363.6,15,0,0.0,0.0,0.0,0.0,0.0,0
BR,2013-04-24,68,1267.3529411764705,6.284902544988268,1150.5,1143.1,1156.5,16,0,0.0,0.0,0.0,0.0,0.0,0
BR,2013-04-25,78,1232.1666666666663,0.0,1141.0,1141.0,1141.0,17,0,0.0,0.0,0.0,0.0,0.0,0
BR,2013-04-26,70,1159.7714285714285,10.708252269472672,1166.0,1158.0,1178.8,16,0,0.0,0.0,0.0,0.0,0.0,0
BR,2013-04-27,77,1154.8571428571431,4.5,1146.5,1142.9,1150.1,14,0,0.0,0.0,0.0,0.0,0.0,0
BR,2013-04-28,111,1235.027027027027,4.027681991198191,1234.0,1233.2,1240.4,19,0,0.0,0.0,0.0,0.0,0.0,0
BR,2013-04-29,60,1249.35,4.496912521077347,1329.0,1325.0,1333.8,11,0,0.0,0.0,0.0,0.0,0.0,0
BR,2013-04-30,98,1203.3265306122455,9.20258115965298,1133.5,1122.5,1143.4,19,0,0.0,0.0,0.0,0.0,0.0,0
BR,2013-05-01,89,1259.9999999999998,7.39509972887452,1210.5,1201.0,1216.5,16,0,0.0,0.0,0.0,0.0,0.0,0
BR,2013-05-02,101,1210.0693069306928,0.0,1205.0,1205.0,1205.0,18,0,0.0,0.0,0.0,0.0,0.0,0
BR,2013-05-03,111,1143.018018018018,16.16370335419606,1321.0,1306.6,1341.4,16,0,0.0,0.0,0.0,0.0,0.0,0
BR,2013-05-04,149,1143.4362416107383,3.6817870057290873,1330.0,1326.8,1334.0,16,0,0.0,0.0,0.0,0.0,0.0,0
BR,2013-05-05,168,1198.279761904762,23.15036735143994,1348.0,1320.6,1378.4,19,0,0.0,0.0,0.0,0.0,0.0,0
BR,2013-05-06,110,1219.009090909091,4.0,1209.0,1205.8,1212.2,17,0,0.0,0.0,0.0,0.0,0.0,0
BR,2013-05-07,131,1236.603053435114,0.0,1124.0,1124.0,1124.0,19,0,0.0,0.0,0.0,0.0,0.0,0
BR,2013-05-08,101,1377.950495049505,11.234866364235144,1377.5,1364.0,1390.5,12,0,0.0,0.0,0.0,0.0,0.0,0
BR,2013-05-09,158,1244.3354430379748,4.322904116447646,1136.5,1131.6,1140.7,18,0,0.0,0.0,0.0,0.0,0.0,0
BR,2013-05-10,110,1208.5454545454545,2.692582403567252,1224.5,1221.6,1227.4,17,0,0.0,0.0,0.0,0.0,0.0,0
BR,2013-05-11,156,1132.75,169.0,1177.0,1041.8,1312.2,15,0,0.0,0.0,0.0,0.0,0.0,0
BR,2013-05-12,113,1194.3539823008848,0.0,1403.0,1403.0,1403.0,18,0,0.0,0.0,0.0,0.0,0.0,0
BR,2013-05-13,144,1268.7291666666667,4.546060565661952,1239.0,1233.4,1242.2,21,0,0.0,0.0,0.0,0.0,0.0,0
BR,2013-05-14,117,1185.7777777777776,0.0,1212.0,1212.0,1212.0,21,1,82.04,0.0,0.0,0.0,0.0,1
BR,2013-05-15,98,1164.2551020408162,0.0,1123.0,1123.0,1123.0,19,0,0.0,0.0,0.0,0.0,0.0,0
BR,2013-05-16,92,1190.6086956521735,5.778213833187625,1302.0,1294.6,1306.8,18,0,0.0,0.0,0.0,0.0,0.0,0
BR,2013-05-17,106,1134.7169811320755,9.657396446374612,1247.0,1240.4,1263.6,21,0,0.0,0.0,0.0,0.0,0.0,0
BR,2013-05-18,167,1179.982035928144,6.97614984548545,1404.0,1396.0,1409.6,20,0,0.0,0.0,0.0,0.0,0.0,0
BR,2013-05-19,142,1212.5000000000002,6.999409656334604,1412.0,1404.0,1420.0,21,0,0.0,0.0,0.0,0.0,0.0,0
BR,2013-05-20,108,1167.5277777777774,0.0,1266.0,1266.0,1266.0,18,0,0.0,0.0,0.0,0.0,0.0,0
BR,2013-05-21,111,1196.036036036036,3.8622100754188224,1252.5,1248.0,1257.0,21,0,0.0,0.0,0.0,0.0,0.0,0
BR,2013-05-22,128,1185.9765625000002,0.0,1261.0,1261.0,1261.0,18,0,0.0,0.0,0.0,0.0,0.0,0
BR,2013-05-23,64,1206.6875000000002,0.0,1158.0,1158.0,1158.0,13,0,0.0,0.0,0.0,0.0,0.0,0
BR,2013-05-24,144,1143.8125,0.0,1263.0,1263.0,1263.0,19,0,0.0,0.0,0.0,0.0,0.0,0
BR,2013-05-25,109,1189.605504587156,3.559026084010437,1152.0,1151.2,1157.6,17,0,0.0,0.0,0.0,0.0,0.0,0
BR,2013-05-26,100,1140.27,3.858612300930076,1269.0,1267.4,1274.6,18,0,0.0,0.0,0.0,0.0,0.0,0
BR,2013-05-27,136,1190.4044117647054,4.816637831516919,1253.0,1251.8,1262.0,17,0,0.0,0.0,0.0,0.0,0.0,0
BR,2013-05-28,120,1176.2166666666662,12.093386622447824,1350.0,1332.5,1360.0,16,0,0.0,0.0,0.0,0.0,0.0,0
BR,2013-05-29,113,1088.7964601769909,8.541662601625049,1303.0,1296.2,1315.0,16,0,0.0,0.0,0.0,0.0,0.0,0
BR,2013-05-30,120,1119.2166666666667,0.0,1199.0,1199.0,1199.0,18,0,0.0,0.0,0.0,0.0,0.0,0
BR,2013-05-31,136,1140.5735294117644,4.5,1291.5,1287.9,1295.1,19,0,0.0,0.0,0.0,0.0,0.0,0
BR,2013-06-01,106,1200.830188679245,5.356071321407137,1278.0,1271.7,1282.2,16,0,0.0,0.0,0.0,0.0,0.0,0
BR,2013-06-02,94,1212.7872340425529,20.65211853539486,1271.0,1234.5,1286.1,14,0,0.0,0.0,0.0,0.0,0.0,0
BR,2013-06-03,101,1170.336633663366,2.748737083745107,1245.0,1242.5,1248.5,16,0,0.0,0.0,0.0,0.0,0.0,0
BR,2013-06-04,88,1122.8749999999998,12.189476335484365,1247.5,1229.3,1259.8,14,0,0.0,0.0,0.0,0.0,0.0,0
BR,2013-06-05,103,1099.5339805825242,4.580348440537542,1226.0,1220.8,1231.8,14,0,0.0,0.0,0.0,0.0,0.0,0
BR,2013-06-06,31,1176.8387096774193,3.905124837953327,1019.5,1015.5,1023.5,10,0,0.0,0.0,0.0,0.0,0.0,0
BR,2013-06-07,85,1143.6470588235295,85.39011782532111,1023.0,1020.0,1202.5,14,0,0.0,0.0,0.0,0.0,0.0,0
BR,2013-06-08,104,1082.6923076923078,5.0,1225.0,1221.0,1229.0,14,0,0.0,0.0,0.0,0.0,0.0,0
BR,2013-06-09,55,1075.6181818181822,8.757139944068497,1242.5,1231.6,1249.9,12,0,0.0,0.0,0.0,0.0,0.0,0
BR,2013-06-10,72,1229.8055555555557,0.0,1246.0,1246.0,1246.0,18,0,0.0,0.0,0.0,0.0,0.0,0
BR,2013-06-11,90,1108.4,5.5,1249.5,1245.1,1253.9,16,0,0.0,0.0,0.0,0.0,0.0,0
BR,2013-06-12,81,1124.1851851851852,4.458488123062605,1006.0,1002.4,1011.6,14,0,0.0,0.0,0.0,0.0,0.0,0
BR,2013-06-13,57,1150.8070175438595,0.0,1234.0,1234.0,1234.0,13,0,0.0,0.0,0.0,0.0,0.0,0
BR,2013-06-14,86,1078.5697674418604,5.0,1225.0,1221.0,1229.0,12,0,0.0,0.0,0.0,0.0,0.0,0
BR,2013-06-15,77,1051.9610389610389,0.0,1093.0,1093.0,1093.0,16,1,70.99,0.0,0.0,0.0,0.0,1
BR,2013-06-16,89,1155.056179775281,0.0,1153.0,1153.0,1153.0,18,0,0.0,0.0,0.0,0.0,0.0,0
BR,2013-06-17,122,1185.7131147540983,111.27582846242936,1607.5,1544.9,1702.6,17,0,0.0,0.0,0.0,0.0,0.0,0
BR,2013-06-18,89,1138.404494382023,9.147320339189784,1231.0,1222.6,1243.2,17,0,0.0,0.0,0.0,0.0,0.0,0
BR,2013-06-19,106,1206.839622641509,0.0,1242.0,1242.0,1242.0,14,0,0.0,0.0,0.0,0.0,0.0,0
BR,2013-06-20,120,1227.6333333333334,28.59352800460272,1562.5,1524.5,1595.5,15,0,0.0,0.0,0.0,0.0,0.0,0
BR,2013-06-21,54,1167.203703703704,0.0,1240.0,1240.0,1240.0,14,0,0.0,0.0,0.0,0.0,0.0,0
BR,2013-06-22,80,1158.275,7.803133273813084,1218.5,1209.5,1228.0,13,0,0.0,0.0,0.0,0.0,0.0,0
BR,2013-06-23,83,1191.9156626506024,7.870038119348597,1198.5,1187.9,1205.1,18,0,0.0,0.0,0.0,0.0,0.0,0
BR,2013-06-24,95,1170.9368421052632,10.29259442511945,1494.5,1484.2,1509.3,15,0,0.0,0.0,0.0,0.0,0.0,0
BR,2013-06-25,86,1238.7558139534883,4.898979485566356,1252.0,1247.2,1256.8,18,0,0.0,0.0,0.0,0.0,0.0,0
BR,2013-06-26,74,1268.6756756756758,7.44983221287567,1259.0,1249.7,1265.5,12,0,0.0,0.0,0.0,0.0,0.0,0
BR,2013-06-27,73,1296.7260273972602,0.0,1264.0,1264.0,1264.0,17,0,0.0,0.0,0.0,0.0,0.0,0
BR,2013-06-28,76,1225.671052631579,10.207227831296802,1261.5,1251.0,1272.7,17,0,0.0,0.0,0.0,0.0,0.0,0
BR,2013-06-29,51,1162.3921568627452,5.11737237261468,1161.5,1158.2,1168.3,14,0,0.0,0.0,0.0,0.0,0.0,0
BR,2013-06-30,84,1191.0476190476193,16.383731768637652,1224.0,1195.4,1236.6,13,0,0.0,0.0,0.0,0.0,0.0,0
BR,2013-07-01,65,1193.4153846153852,5.792715732327588,1273.5,1267.0,1279.5,12,0,0.0,0.0,0.0,0.0,0.0,0
BR,2013-07-02,88,1208.352272727273,7.192661190407901,1273.0,1265.1,1281.1,16,0,0.0,0.0,0.0,0.0,0.0,0
BR,2013-07-03,99,1165.5959595959596,11.61895003862225,1271.0,1253.3,1280.2,18,0,0.0,0.0,0.0,0.0,0.0,0
BR,2013-07-04,111,1137.9369369369372,0.0,1253.0,1253.0,1253.0,17,0,0.0,0.0,0.0,0.0,0.0,0
BR,2013-07-05,135,1154.3481481481483,5.828664798505172,1251.0,1241.4,1256.4,18,0,0.0,0.0,0.0,0.0,0.0,0
BR,2013-07-06,69,1163.4782608695652,0.0,1153.0,1153.0,1153.0,16,0,0.0,0.0,0.0,0.0,0.0,0
BR,2013-07-07,70,1268.5142857142855,3.5,1270.5,1267.7,1273.3,14,0,0.0,0.0,0.0,0.0,0.0,0
BR,2013-07-08,129,1183.0542635658917,9.813539400010352,1272.5,1266.1,1287.7,15,0,0.0,0.0,0.0,0.0,0.0,0
BR,2013-07-09,144,1169.5208333333337,9.280145136257298,1260.5,1248.0,1271.9,21,0,0.0,0.0,0.0,0.0,0.0,0
BR,2013-07-10,185,1210.2918918918922,25.208248299176304,1312.0,1264.0,1331.0,17,0,0.0,0.0,0.0,0.0,0.0,0
BR,2013-07-11,158,1173.2721518987348,0.0,1326.0,1326.0,1326.0,20,0,0.0,0.0,0.0,0.0,0.0,0
BR,2013-07-12,116,1242.7241379310344,3.5,1333.5,1330.7,1336.3,18,0,0.0,0.0,0.0,0.0,0.0,0
BR,2013-07-13,81,1204.1975308641977,5.346338310781813,1168.0,1162.5,1175.0,16,0,0.0,0.0,0.0,0.0,0.0,0
BR,2013-07-14,90,1190.3555555555556,0.0,1327.0,1327.0,1327.0,17,0,0.0,0.0,0.0,0.0,0.0,0
BR,2013-07-15,135,1206.6444444444448,5.931905258852336,1327.5,1320.8,1333.5,17,0,0.0,0.0,0.0,0.0,0.0,0
BR,2013-07-16,98,1223.071428571429,7.602996485304695,1204.0,1196.0,1212.5,17,0,0.0,0.0,0.0,0.0,0.0,0
BR,2013-07-17,104,1225.5384615384614,0.0,1164.0,1164.0,1164.0,16,0,0.0,0.0,0.0,0.0,0.0,0
BR,2013-07-18,62,1198.9516129032254,5.0,1335.0,1331.0,1339.0,14,0,0.0,0.0,0.0,0.0,0.0,0
BR,2013-07-19,71,1224.943661971831,14.656397920362288,1351.0,1335.6,1370.7,14,0,0.0,0.0,0.0,0.0,0.0,0
BR,2013-07-20,75,1206.52,7.924995618645827,1379.0,1371.0,1387.5,15,0,0.0,0.0,0.0,0.0,0.0,0
BR,2013-07-21,148,1235.3310810810808,8.0,1260.0,1253.6,1266.4,22,0,0.0,0.0,0.0,0.0,0.0,0
BR,2013-07-22,76,1240.2894736842104,10.169057096025288,1386.5,1378.1,1401.0,18,0,0.0,0.0,0.0,0.0,0.0,0
BR,2013-07-23,96,1291.7604166666667,9.888730062476208,1369.0,1355.4,1377.8,17,0,0.0,0.0,0.0,0.0,0.0,0
BR,2013-07-24,103,1208.631067961165,7.423438422761309,1347.0,1338.0,1355.0,15,0,0.0,0.0,0.0,0.0,0.0,0
BR,2013-07-25,92,1166.4021739130435,0.0,1340.0,1340.0,1340.0,13,0,0.0,0.0,0.0,0.0,0.0,0
BR,2013-07-26,98,1248.2244897959183,0.0,1257.0,1257.0,1257.0,15,0,0.0,0.0,0.0,0.0,0.0,0
BR,2013-07-27,99,1199.1616161616157,9.45714015968887,1235.5,1223.3,1244.9,14,0,0.0,0.0,0.0,0.0,0.0,0
BR,2013-07-28,150,1277.8400000000004,9.158499677539456,1344.0,1330.8,1356.0,18,0,0.0,0.0,0.0,0.0,0.0,0
BR,2013-07-29,136,1258.7500000000002,4.5,1248.5,1244.9,1252.1,18,0,0.0,0.0,0.0,0.0,0.0,0
BR,2013-07-30,134,1162.7910447761194,11.583932838203095,1168.0,1153.9,1178.6,19,0,0.0,0.0,0.0,0.0,0.0,0
BR,2013-07-31,92,1227.4782608695648,13.453404135765664,1352.0,1329.0,1359.6,13,0,0.0,0.0,0.0,0.0,0.0,0
BR,2013-08-01,86,1227.5232558139537,6.87386354243376,1340.0,1331.5,1345.4,16,0,0.0,0.0,0.0,0.0,0.0,0
BR,2013-08-02,152,1201.019736842106,0.0,1255.0,1255.0,1255.0,20,0,0.0,0.0,0.0,0.0,0.0,0
BR,2013-08-03,90,1116.0555555555552,0.0,1280.0,1280.0,1280.0,13,0,0.0,0.0,0.0,0.0,0.0,0
BR,2013-08-04,143,1262.5594405594402,12.201476675298412,1279.0,1265.0,1293.0,17,0,0.0,0.0,0.0,0.0,0.0,0
BR,2013-08-05,143,1183.6713286713284,14.136996543830548,1304.0,1279.8,1313.4,16,0,0.0,0.0,0.0,0.0,0.0,0
BR,2013-08-06,118,1232.8898305084742,0.0,1329.0,1329.0,1329.0,18,0,0.0,0.0,0.0,0.0,0.0,0
BR,2013-08-07,126,1251.0873015873017,15.125254818790104,1327.0,1307.4,1345.0,18,0,0.0,0.0,0.0,0.0,0.0,0
BR,2013-08-08,103,1234.893203883495,14.378803844548406,1325.5,1309.7,1342.4,20,0,0.0,0.0,0.0,0.0,0.0,0
BR,2013-08-09,155,1251.4258064516127,7.241374178980119,1276.0,1266.7,1281.6,20,0,0.0,0.0,0.0,0.0,0.0,0
BR,2013-08-10,135,1249.3851851851853,4.5,1288.5,1284.9,1292.1,21,0,0.0,0.0,0.0,0.0,0.0,0
BR,2013-08-11,73,1365.3835616438355,0.0,1287.0,1287.0,1287.0,16,0,0.0,0.0,0.0,0.0,0.0,0
BR,2013-08-12,112,1274.803571428571,44.70355873155186,1290.0,1249.2,1321.2,20,0,0.0,0.0,0.0,0.0,0.0,0
BR,2013-08-13,101,1273.3960396039606,0.0,1296.0,1296.0,1296.0,18,0,0.0,0.0,0.0,0.0,0.0,0
BR,2013-08-14,93,1164.2150537634411,4.109609335312651,1300.0,1295.2,1303.2,17,0,0.0,0.0,0.0,0.0,0.0,0
BR,2013-08-15,135,1183.2666666666669,20.60663653747877,1336.0,1311.4,1363.2,16,0,0.0,0.0,0.0,0.0,0.0,0
BR,2013-08-16,109,1227.2201834862387,6.529931086925803,1355.0,1349.6,1363.6,19,0,0.0,0.0,0.0,0.0,0.0,0
BR,2013-08-17,149,1306.1946308724832,16.24603083850145,1585.0,1569.2,1598.6,17,0,0.0,0.0,0.0,0.0,0.0,0
BR,2013-08-18,162,1360.7345679012346,0.0,1284.0,1284.0,1284.0,21,0,0.0,0.0,0.0,0.0,0.0,0
BR,2013-08-19,60,1329.5333333333328,6.340216645150071,1370.0,1363.0,1375.0,14,0,0.0,0.0,0.0,0.0,0.0,0
BR,2013-08-20,111,1260.981981981982,105.40961768263844,1588.5,1447.5,1613.5,17,0,0.0,0.0,0.0,0.0,0.0,0
BR,2013-08-21,101,1434.1287128712872,26.24271223933945,1640.0,1606.6,1675.4,16,0,0.0,0.0,0.0,0.0,0.0,0
BR,2013-08-22,69,1285.8115942028985,10.82081327812286,1659.5,1641.4,1667.5,17,0,0.0,0.0,0.0,0.0,0.0,0
BR,2013-08-23,163,1330.110429447853,6.407027391856539,1653.5,1645.7,1662.1,20,0,0.0,0.0,0.0,0.0,0.0,0
BR,2013-08-24,114,1253.0614035087722,12.402508706798889,1660.0,1639.6,1670.8,15,0,0.0,0.0,0.0,0.0,0.0,0
BR,2013-08-25,186,1360.8978494623657,45.68359002754941,1670.0,1642.2,1682.0,17,0,0.0,0.0,0.0,0.0,0.0,0
BR,2013-08-26,119,1331.798319327731,4.0,1288.0,1284.8,1291.2,21,0,0.0,0.0,0.0,0.0,0.0,0
BR,2013-08-27,134,1298.8955223880598,15.139608853358364,1301.0,1274.0,1311.6,20,0,0.0,0.0,0.0,0.0,0.0,0
BR,2013-08-28,91,1271.4725274725274,7.727611295307299,1306.0,1300.0,1318.4,18,0,0.0,0.0,0.0,0.0,0.0,0
BR,2013-08-29,110,1252.1818181818182,0.0,1299.0,1299.0,1299.0,17,0,0.0,0.0,0.0,0.0,0.0,0
BR,2013-08-30,129,1257.046511627907,13.736356867816154,1388.5,1375.0,1405.5,20,0,0.0,0.0,0.0,0.0,0.0,0
BR,2013-08-31,133,1326.766917293233,7.724860476911872,1637.5,1627.6,1646.7,15,0,0.0,0.0,0.0,0.0,0.0,0
BR,2013-09-01,214,1413.4672897196265,15.443640247570698,1644.0,1621.0,1662.6,16,0,0.0,0.0,0.0,0.0,0.0,0
BR,2013-09-02,194,1184.8402061855672,8.020529215013738,1644.0,1633.4,1652.2,22,0,0.0,0.0,0.0,0.0,0.0,0
BR,2013-09-03,197,1181.802030456853,9.23834069384271,1312.0,1299.2,1320.4,17,1,22.77,0.0,0.0,0.0,0.0,1
BR,2013-09-04,247,1177.7408906882592,5.830951894845301,1317.0,1310.8,1323.2,21,0,0.0,0.0,0.0,0.0,0.0,0
BR,2013-09-05,218,1190.8486238532112,12.586030480866718,1293.0,1284.2,1313.8,16,0,0.0,0.0,0.0,0.0,0.0,0
BR,2013-09-06,147,1181.7551020408164,120.55645720988984,1261.0,1020.0,1325.1,14,0,0.0,0.0,0.0,0.0,0.0,0
BR,2013-09-07,293,1262.7815699658704,36.444783196257625,1148.0,1123.2,1193.6,19,0,0.0,0.0,0.0,0.0,0.0,0
BR,2013-09-08,289,1223.311418685121,18.0,1073.0,1058.6,1087.4,18,0,0.0,0.0,0.0,0.0,0.0,0
BR,2013-09-09,193,1179.7512953367875,5.953150426454887,1291.0,1284.6,1298.0,22,0,0.0,0.0,0.0,0.0,0.0,0
BR,2013-09-10,143,1122.0699300699303,19.0,1081.0,1065.8,1096.2,14,0,0.0,0.0,0.0,0.0,0.0,0
BR,2013-09-11,204,1186.7647058823527,12.579542835857891,1519.0,1504.0,1536.0,19,0,0.0,0.0,0.0,0.0,0.0,0
BR,2013-09-12,237,1256.09282700422,18.793407022975675,1544.0,1516.0,1567.0,20,0,0.0,0.0,0.0,0.0,0.0,0
BR,2013-09-13,178,1137.6348314606744,9.246621004453464,1315.0,1306.5,1326.3,22,0,0.0,0.0,0.0,0.0,0.0,0
BR,2013-09-14,194,1167.005154639175,4.5,1320.5,1316.9,1324.1,20,0,0.0,0.0,0.0,0.0,0.0,0
BR,2013-09-15,221,1304.1945701357463,0.0,1308.0,1308.0,1308.0,20,0,0.0,0.0,0.0,0.0,0.0,0
BR,2013-09-16,228,1214.5964912280704,7.034513131695753,1326.0,1318.8,1335.5,26,0,0.0,0.0,0.0,0.0,0.0,0
BR,2013-09-17,222,1233.5315315315315,14.090419814737798,1565.0,1539.4,1577.4,21,0,0.0,0.0,0.0,0.0,0.0,0
BR,2013-09-18,219,1208.4703196347032,7.364781055808788,1344.0,1334.4,1350.4,21,0,0.0,0.0,0.0,0.0,0.0,0
BR,2013-09-19,157,1216.5031847133755,6.390579486465959,1360.0,1352.0,1367.4,19,0,0.0,0.0,0.0,0.0,0.0,0
BR,2013-09-20,131,1326.5496183206103,10.770329614269007,1343.0,1331.4,1354.6,22,0,0.0,0.0,0.0,0.0,0.0,0
BR,2013-09-21,156,1248.1474358974358,4.0,1315.0,1311.8,1318.2,20,0,0.0,0.0,0.0,0.0,0.0,0
BR,2013-09-22,172,1309.593023255814,22.672615640900364,1565.5,1550.8,1575.1,22,0,0.0,0.0,0.0,0.0,0.0,0
BR,2013-09-23,136,1233.4264705882354,6.425258797689316,1311.0,1303.0,1317.6,20,0,0.0,0.0,0.0,0.0,0.0,0
BR,2013-09-24,248,1254.4879032258063,23.966692864554865,1326.0,1299.0,1332.0,21,0,0.0,0.0,0.0,0.0,0.0,0
BR,2013-09-25,223,1228.9596412556054,4.866980583482946,1589.0,1584.9,1595.2,23,0,0.0,0.0,0.0,0.0,0.0,0
BR,2013-09-26,248,1256.2177419354834,6.383572667401852,1339.0,1332.0,1344.6,21,0,0.0,0.0,0.0,0.0,0.0,0
BR,2013-09-27,284,1269.5563380281685,15.909350647230356,1309.0,1282.0,1321.0,25,0,0.0,0.0,0.0,0.0,0.0,0
BR,2013-09-28,256,1216.13671875,15.25026703762242,1381.0,1364.2,1403.4,19,0,0.0,0.0,0.0,0.0,0.0,0
BR,2013-09-29,330,1261.6757575757576,5.377580064205347,1600.5,1593.6,1607.1,26,0,0.0,0.0,0.0,0.0,0.0,0
BR,2013-09-30,170,1229.741176470588,4.9216076867444665,1614.0,1608.4,1618.0,22,0,0.0,0.0,0.0,0.0,0.0,0
BR,2013-10-01,227,1271.3568281938328,3.858612300930075,1278.0,1272.4,1279.6,21,0,0.0,0.0,0.0,0.0,0.0,0
BR,2013-10-02,238,1224.73949579832,0.0,1268.0,1268.0,1268.0,20,0,0.0,0.0,0.0,0.0,0.0,0
BR,2013-10-03,224,1194.4642857142856,75.25382972905027,979.0,866.0,1025.5,24,0,0.0,0.0,0.0,0.0,0.0,0
BR,2013-10-04,263,1263.996197718631,94.72547469163486,1230.0,1087.8,1329.8,27,0,0.0,0.0,0.0,0.0,0.0,0
BR,2013-10-05,213,1272.9953051643197,40.27883582459423,1203.0,1182.5,1285.0,23,0,0.0,0.0,0.0,0.0,0.0,0
BR,2013-10-06,194,1180.0876288659792,5.732309743899051,1294.5,1288.1,1301.5,16,0,0.0,0.0,0.0,0.0,0.0,0
BR,2013-10-07,165,1265.666666666666,8.14376986747053,1213.0,1205.8,1223.4,26,0,0.0,0.0,0.0,0.0,0.0,0
BR,2013-10-08,197,1166.4213197969543,41.91260749066642,1304.0,1228.2,1312.4,24,0,0.0,0.0,0.0,0.0,0.0,0
BR,2013-10-09,223,1324.8923766816145,4.63033476111609,1320.0,1314.4,1324.4,22,0,0.0,0.0,0.0,0.0,0.0,0
BR,2013-10-10,176,1225.3068181818185,6.383572667401852,1232.0,1223.5,1238.5,24,0,0.0,0.0,0.0,0.0,0.0,0
BR,2013-10-11,137,1241.5255474452556,5.0039984012787215,1312.0,1306.0,1317.0,20,0,0.0,0.0,0.0,0.0,0.0,0
BR,2013-10-12,173,1321.0404624277455,18.247316399010444,1668.0,1636.0,1683.0,17,0,0.0,0.0,0.0,0.0,0.0,0
BR,2013-10-13,246,1254.59756097561,7.788880963698615,1031.0,1018.2,1031.8,29,0,0.0,0.0,0.0,0.0,0.0,0
BR,2013-10-14,255,1205.8509803921568,0.0,1000.0,1000.0,1000.0,30,0,0.0,0.0,0.0,0.0,0.0,0
BR,2013-10-15,334,1218.1556886227545,20.905654737414945,1267.0,1231.2,1286.4,25,0,0.0,0.0,0.0,0.0,0.0,0
BR,2013-10-16,245,1229.0367346938776,3.915780041490244,1266.5,1263.0,1271.5,23,0,0.0,0.0,0.0,0.0,0.0,0
BR,2013-10-17,314,1326.1687898089172,8.157473793903652,1289.0,1280.2,1301.2,28,0,0.0,0.0,0.0,0.0,0.0,0
BR,2013-10-18,245,1240.677551020408,12.16488286010186,1259.0,1250.7,1278.6,25,0,0.0,0.0,0.0,0.0,0.0,0
BR,2013-10-19,123,1287.5853658536585,6.144916598294887,1261.0,1254.2,1267.2,20,0,0.0,0.0,0.0,0.0,0.0,0
BR,2013-10-20,146,1250.63698630137,4.546060565661952,1309.0,1305.8,1314.6,20,0,0.0,0.0,0.0,0.0,0.0,0
BR,2013-10-21,245,1228.489795918367,8.452218643646177,1259.0,1251.6,1270.2,28,0,0.0,0.0,0.0,0.0,0.0,0
BR,2013-10-22,324,1222.913580246914,53.82324180151815,1309.5,1251.3,1323.3,26,0,0.0,0.0,0.0,0.0,0.0,0
BR,2013-10-23,299,1269.0936454849502,7.2280632232420094,1321.0,1315.2,1330.8,29,0,0.0,0.0,0.0,0.0,0.0,0
BR,2013-10-24,274,1251.1861313868617,4.609772228646444,1334.5,1329.6,1339.4,27,0,0.0,0.0,0.0,0.0,0.0,0
BR,2013-10-25,312,1278.3749999999995,3.0,1322.0,1319.6,1324.4,30,0,0.0,0.0,0.0,0.0,0.0,0
BR,2013-10-26,160,1291.4125,6.033917737697965,1327.0,1321.4,1334.4,21,0,0.0,0.0,0.0,0.0,0.0,0
BR,2013-10-27,182,1287.0549450549452,6.057020719792859,1317.0,1310.4,1322.9,25,0,0.0,0.0,0.0,0.0,0.0,0
BR,2013-10-28,190,1193.273684210526,11.191514642799696,1318.0,1305.3,1329.3,24,0,0.0,0.0,0.0,0.0,0.0,0
BR,2013-10-29,264,1295.037878787879,14.1222342424986,1288.0,1271.0,1305.4,31,0,0.0,0.0,0.0,0.0,0.0,0
BR,2013-10-30,278,1272.7517985611512,12.387090053761618,1250.0,1238.0,1266.0,30,0,0.0,0.0,0.0,0.0,0.0,0
BR,2013-10-31,239,1253.7782426778242,11.240057334768755,1580.5,1562.6,1591.1,24,0,0.0,0.0,0.0,0.0,0.0,0
BR,2013-11-01,199,1248.9748743718592,14.03622136488598,1587.0,1564.2,1601.2,22,0,0.0,0.0,0.0,0.0,0.0,0
BR,2013-11-02,255,1325.7843137254902,7.605261336732617,1241.0,1229.6,1246.6,24,0,0.0,0.0,0.0,0.0,0.0,0
BR,2013-11-03,176,1279.1875000000002,24.92780687416275,1558.0,1518.8,1581.6,21,0,0.0,0.0,0.0,0.0,0.0,0
BR,2013-11-04,197,1224.8020304568524,0.0,1559.0,1559.0,1559.0,22,0,0.0,0.0,0.0,0.0,0.0,0
BR,2013-11-05,207,1281.0676328502416,2.5,1231.5,1229.5,1233.5,23,0,0.0,0.0,0.0,0.0,0.0,0
BR,2013-11-06,222,1288.7927927927929,4.223742416388575,1318.0,1313.6,1323.0,22,0,0.0,0.0,0.0,0.0,0.0,0
BR,2013-11-07,249,1321.240963855422,0.0,1331.0,1331.0,1331.0,24,0,0.0,0.0,0.0,0.0,0.0,0
BR,2013-11-08,197,1200.3553299492387,9.848857801796104,1330.5,1317.0,1339.3,25,0,0.0,0.0,0.0,0.0,0.0,0
BR,2013-11-09,170,1273.3882352941175,107.34592646669962,792.0,709.8,966.6,22,0,0.0,0.0,0.0,0.0,0.0,0
BR,2013-11-10,209,1309.7655502392345,0.0,749.0,749.0,749.0,27,0,0.0,0.0,0.0,0.0,0.0,0
BR,2013-11-11,130,1206.3307692307696,2.5,1344.5,1342.5,1346.5,25,0,0.0,0.0,0.0,0.0,0.0,0
BR,2013-11-12,141,1248.985815602837,13.363095227139064,1591.0,1574.2,1607.9,20,0,0.0,0.0,0.0,0.0,0.0,0
BR,2013-11-13,187,1390.941176470588,0.0,711.0,711.0,711.0,21,0,0.0,0.0,0.0,0.0,0.0,0
BR,2013-11-14,193,1335.300518134715,0.0,752.0,752.0,752.0,24,0,0.0,0.0,0.0,0.0,0.0,0
BR,2013-11-15,168,1360.0892857142856,32.0783238487728,1624.5,1587.0,1658.8,18,0,0.0,0.0,0.0,0.0,0.0,0
BR,2013-11-16,106,1291.7075471698115,9.123287510541362,1574.5,1562.7,1587.0,18,0,0.0,0.0,0.0,0.0,0.0,0
BR,2013-11-17,270,1312.1629629629626,6.905794668247819,1323.0,1312.6,1330.3,24,0,0.0,0.0,0.0,0.0,0.0,0
BR,2013-11-18,256,1271.390625,46.85617170070855,1241.0,1159.4,1292.2,23,0,0.0,0.0,0.0,0.0,0.0,0
BR,2013-11-19,198,1306.7474747474748,0.0,1342.0,1342.0,1342.0,25,0,0.0,0.0,0.0,0.0,0.0,0
BR,2013-11-20,287,1292.0104529616722,21.88515478583599,732.0,720.2,767.2,30,0,0.0,0.0,0.0,0.0,0.0,0
BR,2013-11-21,265,1346.581132075472,10.779030568655047,758.5,748.3,770.8,25,0,0.0,0.0,0.0,0.0,0.0,0
BR,2013-11-22,248,1315.241935483871,24.67157049181394,823.0,786.0,842.8,26,0,0.0,0.0,0.0,0.0,0.0,0
BR,2013-11-23,283,1329.901060070671,10.652904533506344,848.0,835.0,858.0,21,2,86.26,0.0,0.0,0.0,0.0,2
BR,2013-11-24,216,1283.8703703703704,8.525467362555556,864.0,853.5,875.5,23,0,0.0,0.0,0.0,0.0,0.0,0
BR,2013-11-25,303,1340.7755775577557,6.213644260818284,863.5,855.8,871.0,28,0,0.0,0.0,0.0,0.0,0.0,0
BR,2013-11-26,196,1261.7091836734692,12.225836346858454,874.0,862.0,890.0,29,0,0.0,0.0,0.0,0.0,0.0,0
BR,2013-11-27,212,1262.4575471698113,18.72947912862908,935.0,911.0,959.0,25,0,0.0,0.0,0.0,0.0,0.0,0
BR,2013-11-28,279,1330.1003584229381,35.34628693370776,1557.0,1505.2,1582.0,27,0,0.0,0.0,0.0,0.0,0.0,0
BR,2013-11-29,197,1281.3045685279192,5.919459434779497,963.0,957.4,970.6,26,0,0.0,0.0,0.0,0.0,0.0,0
BR,2013-11-30,231,1343.060606060606,27.761258977214993,1530.0,1497.8,1555.9,22,0,0.0,0.0,0.0,0.0,0.0,0
BR,2013-12-01,208,1310.0625,0.0,982.0,982.0,982.0,20,0,0.0,0.0,0.0,0.0,0.0,0
BR,2013-12-02,262,1321.7290076335878,15.882219553928339,1487.0,1468.4,1502.8,28,0,0.0,0.0,0.0,0.0,0.0,0
BR,2013-12-03,192,1326.2031249999998,5.5,967.5,963.1,971.9,26,0,0.0,0.0,0.0,0.0,0.0,0
BR,2013-12-04,243,1319.7489711934152,7.2999490545035375,959.0,953.0,969.0,25,0,0.0,0.0,0.0,0.0,0.0,0
BR,2013-12-05,231,1284.484848484849,16.05853490234637,1278.0,1257.2,1294.4,22,0,0.0,0.0,0.0,0.0,0.0,0
BR,2013-12-06,198,1273.737373737374,6.0,952.0,947.2,956.8,26,0,0.0,0.0,0.0,0.0,0.0,0
BR,2013-12-07,192,1331.3333333333337,4.301162633521313,956.5,952.6,961.8,24,0,0.0,0.0,0.0,0.0,0.0,0
BR,2013-12-08,201,1303.487562189055,138.30481633776253,1762.0,1458.4,1809.6,25,0,0.0,0.0,0.0,0.0,0.0,0
BR,2013-12-09,242,1346.8760330578511,9.417536832951598,977.0,967.8,992.4,29,0,0.0,0.0,0.0,0.0,0.0,0
BR,2013-12-10,224,1322.2678571428569,4.496912521077347,1002.0,998.0,1006.8,25,0,0.0,0.0,0.0,0.0,0.0,0
BR,2013-12-11,267,1264.1086142322097,16.418147141366337,1715.0,1692.6,1723.8,27,0,0.0,0.0,0.0,0.0,0.0,0
BR,2013-12-12,201,1322.9999999999993,17.5,1724.5,1710.5,1738.5,28,0,0.0,0.0,0.0,0.0,0.0,0
BR,2013-12-13,208,1292.115384615385,18.7794213613377,1656.0,1637.6,1674.4,27,0,0.0,0.0,0.0,0.0,0.0,0
BR,2013-12-14,274,1345.332116788321,66.28118553221235,1531.0,1443.2,1655.1,27,0,0.0,0.0,0.0,0.0,0.0,0
BR,2013-12-15,209,1300.8947368421052,3.915780041490244,1014.5,1009.0,1018.5,23,0,0.0,0.0,0.0,0.0,0.0,0
BR,2013-12-16,274,1318.0328467153288,55.28506009603756,1506.0,1492.0,1620.6,30,0,0.0,0.0,0.0,0.0,0.0,0
BR,2013-12-17,171,1291.5029239766086,11.360160845598529,998.0,982.2,1010.2,24,0,0.0,0.0,0.0,0.0,0.0,0
BR,2013-12-18,163,1276.5766871165638,6.531972647421808,1511.0,1504.6,1517.4,28,0,0.0,0.0,0.0,0.0,0.0,0
BR,2013-12-19,164,1316.34756097561,4.705198071164368,1500.0,1493.5,1504.0,22,0,0.0,0.0,0.0,0.0,0.0,0
BR,2013-12-20,272,1357.764705882353,0.0,1483.0,1483.0,1483.0,29,0,0.0,0.0,0.0,0.0,0.0,0
BR,2013-12-21,240,1297.470833333333,6.033917737697965,969.0,963.2,976.0,24,0,0.0,0.0,0.0,0.0,0.0,0
BR,2013-12-22,221,1265.7239819004526,7.025667228100119,954.0,948.2,963.6,23,0,0.0,0.0,0.0,0.0,0.0,0
BR,2013-12-23,216,1320.101851851852,17.89553016817328,981.5,961.0,1005.5,24,0,0.0,0.0,0.0,0.0,0.0,0
BR,2013-12-24,224,1352.169642857143,14.078903018491236,1585.0,1566.4,1605.2,21,0,0.0,0.0,0.0,0.0,0.0,0
BR,2013-12-25,184,1279.1141304347827,3.9698866482558417,1571.0,1569.4,1578.0,19,0,0.0,0.0,0.0,0.0,0.0,0
BR,2013-12-26,208,1347.3413461538462,6.132699242584786,1255.0,1247.4,1260.4,21,0,0.0,0.0,0.0,0.0,0.0,0
BR,2013-12-27,179,1256.5139664804474,5.354126134736337,1026.0,1019.6,1030.0,19,0,0.0,0.0,0.0,0.0,0.0,0
BR,2013-12-28,226,1288.3097345132744,12.366745349223637,1348.0,1329.0,1360.5,17,0,0.0,0.0,0.0,0.0,0.0,0
BR,2013-12-29,249,1312.8714859437753,0.0,986.0,986.0,986.0,24,0,0.0,0.0,0.0,0.0,0.0,0
BR,2013-12-30,174,1297.4252873563216,11.823809417264911,1546.0,1536.8,1566.6,21,0,0.0,0.0,0.0,0.0,0.0,0
BR,2013-12-31,240,1250.5208333333326,9.847310754001446,1555.0,1544.0,1567.6,25,0,0.0,0.0,0.0,0.0,0.0,0
BR,2014-01-01,206,1354.6699029126214,11.898749804646718,1582.0,1564.0,1596.6,22,0,0.0,0.0,0.0,0.0,0.0,0
BR,2014-01-02,194,1207.8969072164946,9.249624617007738,1582.0,1571.5,1591.5,18,0,0.0,0.0,0.0,0.0,0.0,0
BR,2014-01-03,284,1305.3204225352115,35.673913426670104,1502.0,1496.0,1576.0,26,0,0.0,0.0,0.0,0.0,0.0,0
BR,2014-01-04,230,1261.0391304347831,3.5,1417.5,1414.7,1420.3,23,0,0.0,0.0,0.0,0.0,0.0,0
BR,2014-01-05,254,1285.8425196850396,10.515861036231572,1559.0,1545.0,1568.5,25,0,0.0,0.0,0.0,0.0,0.0,0
BR,2014-01-06,171,1262.4619883040934,10.74057726567804,1033.5,1018.6,1046.3,26,0,0.0,0.0,0.0,0.0,0.0,0
BR,2014-01-07,144,1229.5416666666663,3.5,1043.5,1040.7,1046.3,25,0,0.0,0.0,0.0,0.0,0.0,0
BR,2014-01-08,139,1272.446043165468,0.0,1496.0,1496.0,1496.0,21,0,0.0,0.0,0.0,0.0,0.0,0
BR,2014-01-09,211,1208.54028436019,0.0,1487.0,1487.0,1487.0,31,0,0.0,0.0,0.0,0.0,0.0,0
BR,2014-01-10,178,1302.578651685393,5.734883511361751,1487.0,1480.6,1491.8,21,0,0.0,0.0,0.0,0.0,0.0,0
BR,2014-01-11,179,1250.4022346368713,5.5,1043.5,1039.1,1047.9,24,0,0.0,0.0,0.0,0.0,0.0,0
BR,2014-01-12,255,1241.3882352941175,4.0,1043.0,1039.8,1046.2,23,0,0.0,0.0,0.0,0.0,0.0,0
BR,2014-01-13,215,1293.6046511627908,6.575945221453382,1419.5,1413.0,1425.9,25,0,0.0,0.0,0.0,0.0,0.0,0
BR,2014-01-14,205,1235.2536585365856,2.867441755680876,1048.0,1044.8,1050.4,29,0,0.0,0.0,0.0,0.0,0.0,0
BR,2014-01-15,226,1264.1769911504423,8.437268515343103,1051.0,1039.8,1060.2,27,0,0.0,0.0,0.0,0.0,0.0,0
BR,2014-01-16,199,1281.2110552763822,4.606758320361751,1040.5,1033.5,1044.0,26,0,0.0,0.0,0.0,0.0,0.0,0
BR,2014-01-17,237,1287.8185654008437,8.034647195462632,1500.0,1493.0,1512.0,28,0,0.0,0.0,0.0,0.0,0.0,0
BR,2014-01-18,187,1258.8930481283423,7.056596598612929,1332.0,1323.4,1341.0,21,0,0.0,0.0,0.0,0.0,0.0,0
BR,2014-01-19,177,1272.7966101694913,7.601220080539885,1331.0,1320.8,1340.4,21,0,0.0,0.0,0.0,0.0,0.0,0
BR,2014-01-20,222,1303.9189189189187,37.0,1544.0,1514.4,1573.6,25,0,0.0,0.0,0.0,0.0,0.0,0
BR,2014-01-21,176,1287.0625,8.5,1551.5,1544.7,1558.3,25,0,0.0,0.0,0.0,0.0,0.0,0
BR,2014-01-22,197,1276.1319796954315,0.0,1526.0,1526.0,1526.0,22,0,0.0,0.0,0.0,0.0,0.0,0
BR,2014-01-23,182,1290.8021978021982,6.2641575188917145,1376.0,1371.0,1383.0,22,0,0.0,0.0,0.0,0.0,0.0,0
BR,2014-01-24,172,1295.8895348837204,13.710103652006442,1354.0,1336.0,1367.0,26,0,0.0,0.0,0.0,0.0,0.0,0
BR,2014-01-25,102,1239.0196078431372,0.0,1032.0,1032.0,1032.0,16,0,0.0,0.0,0.0,0.0,0.0,0
BR,2014-01-26,175,1199.5485714285714,4.98392477600129,1339.0,1333.4,1346.2,18,0,0.0,0.0,0.0,0.0,0.0,0
BR,2014-01-27,148,1263.9391891891892,8.067893720848652,1554.0,1547.0,1562.0,25,0,0.0,0.0,0.0,0.0,0.0,0
BR,2014-01-28,159,1263.5345911949687,13.721880337621371,1358.5,1339.3,1372.2,23,0,0.0,0.0,0.0,0.0,0.0,0
BR,2014-01-29,138,1273.3985507246375,2.5,1381.5,1379.5,1383.5,21,0,0.0,0.0,0.0,0.0,0.0,0
BR,2014-01-30,168,1286.6488095238087,8.54400374531753,1396.0,1389.0,1407.5,24,0,0.0,0.0,0.0,0.0,0.0,0
BR,2014-01-31,181,1262.955801104972,4.714045207910316,1421.0,1413.0,1421.0,23,0,0.0,0.0,0.0,0.0,0.0,0
BR,2014-02-01,181,1278.0718232044203,5.5,1411.5,1407.1,1415.9,20,0,0.0,0.0,0.0,0.0,0.0,0
BR,2014-02-02,142,1318.4647887323947,0.0,1513.0,1513.0,1513.0,22,1,80.05,0.0,0.0,0.0,0.0,1
BR,2014-02-03,114,1315.9122807017543,219.63960379575346,1044.0,1025.6,1407.2,21,0,0.0,0.0,0.0,0.0,0.0,0
BR,2014-02-04,181,1352.4198895027625,0.0,1484.0,1484.0,1484.0,20,0,0.0,0.0,0.0,0.0,0.0,0
BR,2014-02-05,115,1290.121739130435,4.9216076867444665,1340.0,1336.0,1345.6,15,0,0.0,0.0,0.0,0.0,0.0,0
BR,2014-02-06,137,1284.9124087591242,7.693341276714559,1368.0,1360.3,1375.8,20,0,0.0,0.0,0.0,0.0,0.0,0
BR,2014-02-07,216,1298.9074074074074,5.312459150169742,1421.0,1416.2,1426.6,22,0,0.0,0.0,0.0,0.0,0.0,0
BR,2014-02-08,101,1231.9999999999998,6.128258770283411,1364.0,1357.6,1369.6,18,0,0.0,0.0,0.0,0.0,0.0,0
BR,2014-02-09,164,1298.2743902439029,8.552127740444998,1333.5,1327.5,1346.5,26,0,0.0,0.0,0.0,0.0,0.0,0
BR,2014-02-10,158,1355.677215189873,6.020797289396148,1431.5,1421.4,1435.9,21,0,0.0,0.0,0.0,0.0,0.0,0
BR,2014-02-11,142,1334.1267605633802,8.49470423263812,1445.5,1433.3,1452.5,17,0,0.0,0.0,0.0,0.0,0.0,0
BR,2014-02-12,168,1298.85119047619,4.99165971062398,1435.5,1430.0,1441.0,21,0,0.0,0.0,0.0,0.0,0.0,0
BR,2014-02-13,155,1349.3806451612902,6.726521667994536,1548.5,1541.5,1557.0,19,0,0.0,0.0,0.0,0.0,0.0,0
BR,2014-02-14,142,1231.1971830985915,4.608077147791691,1440.5,1433.8,1444.6,21,0,0.0,0.0,0.0,0.0,0.0,0
BR,2014-02-15,236,1255.6694915254238,2.0,1441.0,1439.4,1442.6,19,0,0.0,0.0,0.0,0.0,0.0,0
BR,2014-02-16,238,1222.68487394958,5.0,1429.0,1425.0,1433.0,20,0,0.0,0.0,0.0,0.0,0.0,0
BR,2014-02-17,169,1329.621301775148,0.0,1427.0,1427.0,1427.0,20,0,0.0,0.0,0.0,0.0,0.0,0
BR,2014-02-18,212,1272.933962264151,8.935634032096186,1536.5,1526.0,1549.2,21,0,0.0,0.0,0.0,0.0,0.0,0
BR,2014-02-19,227,1254.867841409692,6.521549834579044,1414.0,1408.8,1423.2,22,0,0.0,0.0,0.0,0.0,0.0,0
BR,2014-02-20,218,1211.8211009174313,5.715476066494082,1557.0,1551.4,1562.6,23,0,0.0,0.0,0.0,0.0,0.0,0
BR,2014-02-21,158,1240.0443037974687,6.019966777316966,1375.5,1370.1,1382.1,16,0,0.0,0.0,0.0,0.0,0.0,0
BR,2014-02-22,216,1305.0787037037037,4.915282290977803,1344.0,1337.4,1348.2,22,0,0.0,0.0,0.0,0.0,0.0,0
BR,2014-02-23,211,1289.0,11.28371898132822,1356.5,1348.2,1375.9,22,0,0.0,0.0,0.0,0.0,0.0,0
BR,2014-02-24,245,1280.5999999999997,6.531972647421808,1426.0,1419.6,1432.4,21,0,0.0,0.0,0.0,0.0,0.0,0
BR,2014-02-25,154,1260.9415584415583,4.833218389437829,1424.0,1417.6,1428.4,21,0,0.0,0.0,0.0,0.0,0.0,0
BR,2014-02-26,192,1276.6406249999998,0.0,1404.0,1404.0,1404.0,21,0,0.0,0.0,0.0,0.0,0.0,0
BR,2014-02-27,133,1275.2030075187968,0.0,1045.0,1045.0,1045.0,19,0,0.0,0.0,0.0,0.0,0.0,0
BR,2014-02-28,186,1254.462365591398,4.9216076867444665,1661.0,1655.4,1665.0,24,0,0.0,0.0,0.0,0.0,0.0,0
BR,2014-03-01,225,1241.6266666666668,2.5,1286.5,1284.5,1288.5,18,0,0.0,0.0,0.0,0.0,0.0,0
BR,2014-03-02,138,1222.8985507246373,6.944222218666553,1263.0,1256.6,1270.2,20,0,0.0,0.0,0.0,0.0,0.0,0
BR,2014-03-03,224,1224.5357142857138,6.456585785072479,1053.5,1046.4,1059.9,26,0,0.0,0.0,0.0,0.0,0.0,0
BR,2014-03-04,272,1255.6985294117646,17.267941920849115,1265.5,1241.9,1286.7,24,0,0.0,0.0,0.0,0.0,0.0,0
BR,2014-03-05,188,1282.2287234042558,16.946607330082326,1268.0,1250.0,1291.1,26,0,0.0,0.0,0.0,0.0,0.0,0
BR,2014-03-06,182,1195.7087912087914,51.226620683651056,1172.5,1115.7,1245.2,25,0,0.0,0.0,0.0,0.0,0.0,0
BR,2014-03-07,215,1229.5860465116273,8.257572282456872,1383.0,1374.7,1392.0,26,0,0.0,0.0,0.0,0.0,0.0,0
BR,2014-03-08,203,1292.4433497536943,20.853989759489405,1658.0,1639.6,1680.4,25,0,0.0,0.0,0.0,0.0,0.0,0
BR,2014-03-09,200,1330.2650000000003,6.796138609534093,1298.0,1290.0,1303.9,22,0,0.0,0.0,0.0,0.0,0.0,0
BR,2014-03-10,148,1270.4662162162165,4.0,1269.0,1265.8,1272.2,25,0,0.0,0.0,0.0,0.0,0.0,0
BR,2014-03-11,213,1204.5821596244132,9.210233567443549,1379.0,1364.0,1388.0,25,0,0.0,0.0,0.0,0.0,0.0,0
BR,2014-03-12,145,1176.0896551724136,4.898979485566356,1367.0,1362.2,1371.8,25,0,0.0,0.0,0.0,0.0,0.0,0
BR,2014-03-13,216,1274.277777777778,8.236305888799757,1378.0,1367.6,1386.6,33,0,0.0,0.0,0.0,0.0,0.0,0
BR,2014-03-14,183,1315.0000000000002,4.5,1398.5,1394.9,1402.1,23,0,0.0,0.0,0.0,0.0,0.0,0
BR,2014-03-15,209,1248.4545454545455,32.00292955340183,1627.0,1608.7,1663.8,26,0,0.0,0.0,0.0,0.0,0.0,0
BR,2014-03-16,144,1257.423611111111,5.868938953886336,1402.0,1395.4,1410.2,23,0,0.0,0.0,0.0,0.0,0.0,0
BR,2014-03-17,243,1221.4320987654323,12.64265536562148,1070.0,1056.4,1086.4,29,0,0.0,0.0,0.0,0.0,0.0,0
BR,2014-03-18,131,1227.5954198473282,4.5,1414.5,1410.9,1418.1,20,0,0.0,0.0,0.0,0.0,0.0,0
BR,2014-03-19,183,1205.5464480874318,5.374838498865699,1406.0,1400.0,1412.2,24,0,0.0,0.0,0.0,0.0,0.0,0
BR,2014-03-20,164,1103.4451219512196,0.0,1089.0,1089.0,1089.0,28,1,97.47,0.0,0.0,0.0,0.0,1
BR,2014-03-21,200,1192.1750000000002,3.5,1388.5,1385.7,1391.3,20,0,0.0,0.0,0.0,0.0,0.0,0
BR,2014-03-22,180,1157.577777777778,3.0,1322.0,1319.6,1324.4,23,0,0.0,0.0,0.0,0.0,0.0,0
BR,2014-03-23,153,1205.7058823529412,9.734992711989726,1331.0,1316.0,1340.4,22,0,0.0,0.0,0.0,0.0,0.0,0
BR,2014-03-24,115,1232.0347826086954,4.963869458396342,1097.0,1089.4,1100.2,20,1,81.94,0.0,0.0,0.0,0.0,1
BR,2014-03-25,158,1182.76582278481,11.704699910719626,1076.0,1061.0,1088.0,24,0,0.0,0.0,0.0,0.0,0.0,0
BR,2014-03-26,110,1172.0090909090911,19.94893480865582,1025.0,997.2,1046.4,21,1,59.93,0.0,0.0,0.0,0.0,1
BR,2014-03-27,110,1166.1,10.402403568406678,1001.5,990.6,1013.8,17,1,61.71,0.0,0.0,0.0,0.0,1
BR,2014-03-28,145,1179.586206896552,6.342099196813483,999.0,993.0,1007.0,22,0,0.0,0.0,0.0,0.0,0.0,0
BR,2014-03-29,168,1164.3750000000002,7.972173828734266,1007.0,997.0,1016.0,23,0,0.0,0.0,0.0,0.0,0.0,0
BR,2014-03-30,188,1235.1702127659576,6.880911187881312,1020.0,1015.4,1029.4,24,0,0.0,0.0,0.0,0.0,0.0,0
BR,2014-03-31,135,1183.4592592592594,6.044055943230337,1023.0,1013.2,1028.4,22,0,0.0,0.0,0.0,0.0,0.0,0
BR,2014-04-01,212,1210.2735849056603,5.70087712549569,1039.0,1033.1,1044.9,22,1,88.47,0.0,0.0,0.0,0.0,1
BR,2014-04-02,142,1184.1690140845074,0.0,1276.0,1276.0,1276.0,20,0,0.0,0.0,0.0,0.0,0.0,0
BR,2014-04-03,119,1235.126050420168,4.879549159502341,1738.0,1734.5,1745.2,20,0,0.0,0.0,0.0,0.0,0.0,0
BR,2014-04-04,187,1180.9839572192514,4.109609335312651,1290.0,1286.8,1294.8,27,0,0.0,0.0,0.0,0.0,0.0,0
BR,2014-04-05,220,1165.85,14.91684942252267,1304.0,1286.0,1323.0,23,0,0.0,0.0,0.0,0.0,0.0,0
BR,2014-04-06,174,1163.5632183908049,0.0,1294.0,1294.0,1294.0,23,0,0.0,0.0,0.0,0.0,0.0,0
BR,2014-04-07,200,1201.91,4.609772228646444,1290.5,1285.8,1295.2,23,0,0.0,0.0,0.0,0.0,0.0,0
BR,2014-04-08,230,1184.3521739130435,0.0,1305.0,1305.0,1305.0,26,0,0.0,0.0,0.0,0.0,0.0,0
BR,2014-04-09,204,1261.7843137254904,32.665548915294536,1672.0,1634.0,1712.0,23,0,0.0,0.0,0.0,0.0,0.0,0
BR,2014-04-10,180,1157.7611111111112,4.5,1516.5,1512.9,1520.1,24,0,0.0,0.0,0.0,0.0,0.0,0
BR,2014-04-11,275,1186.8727272727272,6.815016100086957,1040.0,1034.4,1046.8,28,0,0.0,0.0,0.0,0.0,0.0,0
BR,2014-04-12,181,1177.988950276243,7.696951055811357,1022.0,1010.4,1029.6,19,0,0.0,0.0,0.0,0.0,0.0,0
BR,2014-04-13,193,1171.740932642487,13.203534880225574,1038.0,1021.0,1052.0,25,0,0.0,0.0,0.0,0.0,0.0,0
BR,2014-04-14,222,1169.7252252252254,7.292976072907411,1056.0,1048.5,1064.2,25,0,0.0,0.0,0.0,0.0,0.0,0
BR,2014-04-15,206,1180.014563106796,0.0,1303.0,1303.0,1303.0,25,0,0.0,0.0,0.0,0.0,0.0,0
BR,2014-04-16,178,1140.1966292134832,4.0,1060.0,1056.8,1063.2,21,0,0.0,0.0,0.0,0.0,0.0,0
BR,2014-04-17,161,1120.1863354037273,3.858612300930076,1570.0,1568.4,1575.6,21,0,0.0,0.0,0.0,0.0,0.0,0
BR,2014-04-18,163,1127.7239263803683,7.425348642934943,1064.0,1053.6,1072.6,20,0,0.0,0.0,0.0,0.0,0.0,0
BR,2014-04-19,189,1202.6931216931214,3.7094473981982814,1061.0,1054.6,1062.6,27,0,0.0,0.0,0.0,0.0,0.0,0
BR,2014-04-20,307,1163.684039087948,11.906300852909771,1092.5,1077.9,1103.9,26,0,0.0,0.0,0.0,0.0,0.0,0
BR,2014-04-21,259,1152.2818532818528,5.5,1107.5,1103.1,1111.9,27,0,0.0,0.0,0.0,0.0,0.0,0
BR,2014-04-22,238,1142.899159663865,5.809475019311125,1098.5,1091.5,1105.3,27,0,0.0,0.0,0.0,0.0,0.0,0
BR,2014-04-23,278,1104.5467625899284,7.214953607304455,1100.0,1092.2,1110.4,27,0,0.0,0.0,0.0,0.0,0.0,0
BR,2014-04-24,243,1200.2386831275717,5.383269623261935,1115.0,1108.6,1122.2,20,0,0.0,0.0,0.0,0.0,0.0,0
BR,2014-04-25,183,1176.5573770491806,12.433154601038842,1098.0,1086.0,1114.5,27,0,0.0,0.0,0.0,0.0,0.0,0
BR,2014-04-26,173,1243.6647398843932,10.074720839804945,1070.5,1060.4,1082.0,21,0,0.0,0.0,0.0,0.0,0.0,0
BR,2014-04-27,240,1174.2375000000002,4.0,1397.0,1393.8,1400.2,27,0,0.0,0.0,0.0,0.0,0.0,0
BR,2014-04-28,174,1181.132183908046,5.338539126015656,1049.5,1043.4,1054.2,27,0,0.0,0.0,0.0,0.0,0.0,0
BR,2014-04-29,208,1175.548076923077,4.14996653266291,1060.0,1055.0,1064.0,24,0,0.0,0.0,0.0,0.0,0.0,0
BR,2014-04-30,303,1148.5115511551155,30.83479570288705,1005.0,976.8,1054.3,29,1,63.06,0.0,0.0,0.0,0.0,1
BR,2014-05-01,308,1220.392857142857,13.992943547938816,1022.0,993.0,1028.2,27,0,0.0,0.0,0.0,0.0,0.0,0
BR,2014-05-02,335,1254.528358208956,5.123475382979799,1028.5,1022.1,1034.9,30,0,0.0,0.0,0.0,0.0,0.0,0
BR,2014-05-03,308,1330.8084415584417,6.041522986797286,1020.0,1013.5,1026.5,21,0,0.0,0.0,0.0,0.0,0.0,0
BR,2014-05-04,408,1230.4975490196082,14.926265052910994,1026.0,1014.0,1051.0,29,0,0.0,0.0,0.0,0.0,0.0,0
BR,2014-05-05,312,1250.0801282051282,4.546060565661952,1037.0,1031.4,1040.2,30,0,0.0,0.0,0.0,0.0,0.0,0
BR,2014-05-06,207,1212.091787439614,13.043099669158089,1348.0,1332.6,1361.4,23,0,0.0,0.0,0.0,0.0,0.0,0
BR,2014-05-07,237,1204.839662447257,4.5,1346.5,1342.9,1350.1,28,0,0.0,0.0,0.0,0.0,0.0,0
BR,2014-05-08,248,1178.5120967741934,3.960744879438715,1342.5,1337.9,1346.4,27,0,0.0,0.0,0.0,0.0,0.0,0
BR,2014-05-09,207,1230.3188405797102,17.734060831638278,1056.0,1030.2,1076.6,26,0,0.0,0.0,0.0,0.0,0.0,0
BR,2014-05-10,187,1217.433155080214,5.5,1071.5,1067.1,1075.9,24,0,0.0,0.0,0.0,0.0,0.0,0
BR,2014-05-11,266,1235.7781954887218,4.189935029992178,1083.0,1077.4,1085.4,22,0,0.0,0.0,0.0,0.0,0.0,0
BR,2014-05-12,246,1260.3617886178868,4.5,1256.5,1252.9,1260.1,24,0,0.0,0.0,0.0,0.0,0.0,0
BR,2014-05-13,216,1255.3657407407402,8.17269229864211,1110.0,1097.6,1117.2,28,1,62.96,0.0,0.0,0.0,0.0,1
BR,2014-05-14,319,1203.1253918495297,7.375300789011596,1121.0,1110.8,1131.0,30,0,0.0,0.0,0.0,0.0,0.0,0
BR,2014-05-15,291,1221.6632302405496,2.0,1389.0,1387.4,1390.6,28,0,0.0,0.0,0.0,0.0,0.0,0
BR,2014-05-16,225,1207.0622222222219,5.5901699437494745,1090.5,1084.5,1096.5,28,0,0.0,0.0,0.0,0.0,0.0,0
BR,2014-05-17,168,1204.9583333333333,5.717298313014636,1100.0,1094.2,1106.5,25,0,0.0,0.0,0.0,0.0,0.0,0
BR,2014-05-18,189,1239.989417989418,0.0,1104.0,1104.0,1104.0,24,0,0.0,0.0,0.0,0.0,0.0,0
BR,2014-05-19,261,1337.0919540229886,5.624291338579865,1104.0,1095.8,1109.8,28,0,0.0,0.0,0.0,0.0,0.0,0
BR,2014-05-20,278,1241.3237410071945,7.615773105863909,1125.0,1116.8,1133.2,26,0,0.0,0.0,0.0,0.0,0.0,0
BR,2014-05-21,251,1231.2828685258962,6.260990336999411,1138.0,1133.0,1146.0,30,0,0.0,0.0,0.0,0.0,0.0,0
BR,2014-05-22,267,1253.2134831460671,0.0,1398.0,1398.0,1398.0,22,0,0.0,0.0,0.0,0.0,0.0,0
BR,2014-05-23,215,1233.1581395348835,7.724420150837645,1372.0,1362.0,1379.0,23,0,0.0,0.0,0.0,0.0,0.0,0
BR,2014-05-24,268,1217.6753731343283,1.5,1388.5,1387.3,1389.7,28,0,0.0,0.0,0.0,0.0,0.0,0
BR,2014-05-25,328,1269.0518292682923,14.09370969834502,1384.0,1374.5,1409.9,23,1,76.71,0.0,0.0,0.0,0.0,1
BR,2014-05-26,276,1254.8369565217392,9.472767986883946,1342.0,1333.0,1356.4,28,0,0.0,0.0,0.0,0.0,0.0,0
BR,2014-05-27,246,1236.016260162602,6.430158534243943,1411.0,1406.4,1419.4,26,0,0.0,0.0,0.0,0.0,0.0,0
BR,2014-05-28,256,1241.32421875,24.689178916188272,937.0,922.6,969.8,22,0,0.0,0.0,0.0,0.0,0.0,0
BR,2014-05-29,226,1233.7477876106193,6.041522986797286,1384.5,1377.7,1389.9,30,0,0.0,0.0,0.0,0.0,0.0,0
BR,2014-05-30,204,1278.950980392157,6.67406996341387,1359.0,1349.2,1365.6,21,0,0.0,0.0,0.0,0.0,0.0,0
BR,2014-05-31,210,1243.8904761904764,12.459534501738016,1364.0,1354.3,1382.5,24,0,0.0,0.0,0.0,0.0,0.0,0
BR,2014-06-01,227,1298.6079295154184,15.465014279549392,1378.5,1357.6,1397.3,25,0,0.0,0.0,0.0,0.0,0.0,0
BR,2014-06-02,214,1263.584112149533,4.08248290463863,1411.0,1407.0,1415.0,30,0,0.0,0.0,0.0,0.0,0.0,0
BR,2014-06-03,279,1296.6200716845874,6.514598989960933,1384.5,1375.7,1391.5,24,1,86.08,0.0,0.0,0.0,0.0,1
BR,2014-06-04,179,1270.6480446927371,0.0,1144.0,1144.0,1144.0,20,0,0.0,0.0,0.0,0.0,0.0,0
BR,2014-06-05,223,1232.847533632287,8.828221791504788,1374.0,1363.5,1383.4,22,0,0.0,0.0,0.0,0.0,0.0,0
BR,2014-06-06,161,1222.7018633540376,5.0,1401.0,1397.0,1405.0,19,0,0.0,0.0,0.0,0.0,0.0,0
BR,2014-06-07,159,1226.861635220126,11.92664655128103,778.0,769.2,797.8,17,0,0.0,0.0,0.0,0.0,0.0,0
BR,2014-06-08,170,1232.2941176470592,12.18598661972816,1424.0,1411.8,1441.2,19,0,0.0,0.0,0.0,0.0,0.0,0
BR,2014-06-09,249,1288.2730923694785,12.8062484748657,1421.0,1400.8,1432.6,24,0,0.0,0.0,0.0,0.0,0.0,0
BR,2014-06-10,218,1286.7431192660551,8.365666440876064,1438.5,1426.0,1447.5,24,0,0.0,0.0,0.0,0.0,0.0,0
BR,2014-06-11,179,1209.7430167597768,6.599663291074443,1423.0,1415.0,1427.8,25,0,0.0,0.0,0.0,0.0,0.0,0
BR,2014-06-12,231,1274.1341991341992,0.0,1251.0,1251.0,1251.0,21,0,0.0,0.0,0.0,0.0,0.0,0
BR,2014-06-13,200,1271.7100000000005,18.7003336691847,1215.0,1200.0,1249.0,18,0,0.0,0.0,0.0,0.0,0.0,0
BR,2014-06-14,166,1277.301204819277,4.533823502911814,1408.5,1403.5,1414.0,20,0,0.0,0.0,0.0,0.0,0.0,0
BR,2014-06-15,257,1273.4357976653698,7.833262411026456,1393.0,1379.2,1396.0,26,0,0.0,0.0,0.0,0.0,0.0,0
BR,2014-06-16,204,1358.8676470588232,0.0,1207.0,1207.0,1207.0,22,0,0.0,0.0,0.0,0.0,0.0,0
BR,2014-06-17,281,1272.9252669039145,0.0,1197.0,1197.0,1197.0,28,0,0.0,0.0,0.0,0.0,0.0,0
BR,2014-06-18,240,1356.5624999999998,5.802298395176403,1124.5,1119.0,1131.5,23,0,0.0,0.0,0.0,0.0,0.0,0
BR,2014-06-19,267,1263.224719101124,7.797791710193056,1112.5,1105.0,1121.0,28,0,0.0,0.0,0.0,0.0,0.0,0
BR,2014-06-20,285,1252.6210526315788,5.343739847293799,1119.0,1113.5,1125.5,24,0,0.0,0.0,0.0,0.0,0.0,0
BR,2014-06-21,282,1297.127659574468,5.0990195135927845,1115.0,1107.8,1117.4,28,0,0.0,0.0,0.0,0.0,0.0,0
BR,2014-06-22,215,1370.8139534883724,5.5,1128.5,1124.1,1132.9,20,0,0.0,0.0,0.0,0.0,0.0,0
BR,2014-06-23,266,1289.127819548872,6.651683843898752,1126.0,1120.2,1135.0,24,0,0.0,0.0,0.0,0.0,0.0,0
BR,2014-06-24,215,1236.6232558139534,3.960744879438715,1427.0,1423.4,1432.2,28,0,0.0,0.0,0.0,0.0,0.0,0
BR,2014-06-25,189,1218.0052910052912,13.263614491825187,1114.0,1100.0,1130.8,27,0,0.0,0.0,0.0,0.0,0.0,0
BR,2014-06-26,191,1189.2408376963351,8.380595145930867,1118.0,1106.8,1126.9,30,0,0.0,0.0,0.0,0.0,0.0,0
BR,2014-06-27,204,1214.0931372549016,7.039570693980958,1124.0,1115.2,1128.8,30,0,0.0,0.0,0.0,0.0,0.0,0
BR,2014-06-28,165,1318.787878787879,6.284902544988268,1107.5,1103.2,1116.0,22,0,0.0,0.0,0.0,0.0,0.0,0
BR,2014-06-29,168,1309.0416666666663,8.178562764256865,1122.0,1113.2,1129.2,21,0,0.0,0.0,0.0,0.0,0.0,0
BR,2014-06-30,239,1263.8828451882846,12.512393855693642,1112.0,1095.0,1123.2,25,0,0.0,0.0,0.0,0.0,0.0,0
BR,2014-07-01,222,1297.2747747747749,6.5,1254.5,1246.2,1261.9,22,0,0.0,0.0,0.0,0.0,0.0,0
BR,2014-07-02,257,1299.1673151750974,0.0,1096.0,1096.0,1096.0,28,0,0.0,0.0,0.0,0.0,0.0,0
BR,2014-07-03,238,1243.7815126050418,5.346338310781813,1419.0,1413.5,1426.0,28,0,0.0,0.0,0.0,0.0,0.0,0
BR,2014-07-04,192,1249.1093750000002,23.42798326787861,1342.0,1293.8,1356.2,22,0,0.0,0.0,0.0,0.0,0.0,0
BR,2014-07-05,271,1241.4428044280444,0.0,1101.0,1101.0,1101.0,26,0,0.0,0.0,0.0,0.0,0.0,0
BR,2014-07-06,262,1310.9160305343512,5.5,1101.5,1097.1,1105.9,23,0,0.0,0.0,0.0,0.0,0.0,0
BR,2014-07-07,268,1298.9328358208952,5.535341001239218,1108.0,1100.4,1112.6,20,0,0.0,0.0,0.0,0.0,0.0,0
BR,2014-07-08,265,1287.7698113207548,8.819171036881968,1100.0,1090.2,1108.8,26,0,0.0,0.0,0.0,0.0,0.0,0
BR,2014-07-09,232,1288.896551724138,0.0,1090.0,1090.0,1090.0,29,0,0.0,0.0,0.0,0.0,0.0,0
BR,2014-07-10,256,1220.6562499999998,5.673402858955108,1088.5,1083.1,1094.6,28,0,0.0,0.0,0.0,0.0,0.0,0
BR,2014-07-11,252,1273.7698412698408,6.764613810115105,1095.5,1088.0,1103.8,30,0,0.0,0.0,0.0,0.0,0.0,0
BR,2014-07-12,282,1280.687943262411,2.7726341266023544,1081.0,1076.8,1081.7,24,0,0.0,0.0,0.0,0.0,0.0,0
BR,2014-07-13,231,1337.9437229437228,3.39934634239519,1087.0,1082.2,1088.6,17,0,0.0,0.0,0.0,0.0,0.0,0
BR,2014-07-14,237,1314.8523206751051,3.5,1095.5,1092.7,1098.3,22,0,0.0,0.0,0.0,0.0,0.0,0
BR,2014-07-15,242,1302.3553719008264,6.944222218666553,1082.0,1074.8,1088.4,26,0,0.0,0.0,0.0,0.0,0.0,0
BR,2014-07-16,291,1207.9450171821302,3.9698866482558417,1080.0,1071.8,1080.0,32,0,0.0,0.0,0.0,0.0,0.0,0
BR,2014-07-17,317,1190.195583596214,6.053098380168622,1080.0,1074.8,1088.0,38,0,0.0,0.0,0.0,0.0,0.0,0
BR,2014-07-18,238,1142.3277310924375,9.876792009967774,1064.0,1053.8,1076.4,24,0,0.0,0.0,0.0,0.0,0.0,0
BR,2014-07-19,312,1274.695512820513,7.0178344238091,1057.0,1053.9,1068.1,26,0,0.0,0.0,0.0,0.0,0.0,0
BR,2014-07-20,356,1184.438202247191,5.366563145999495,1044.0,1039.2,1050.6,31,0,0.0,0.0,0.0,0.0,0.0,0
BR,2014-07-21,276,1209.6775362318842,2.5,1047.5,1045.5,1049.5,34,0,0.0,0.0,0.0,0.0,0.0,0
BR,2014-07-22,316,1168.7373417721512,5.469613027140647,1056.5,1049.0,1061.0,32,0,0.0,0.0,0.0,0.0,0.0,0
BR,2014-07-23,314,1182.576433121019,12.983886740067195,1031.0,1011.6,1045.2,31,2,42.55,0.0,0.0,0.0,0.0,2
BR,2014-07-24,314,1231.1082802547778,9.885053652574967,1030.0,1020.2,1042.8,37,0,0.0,0.0,0.0,0.0,0.0,0
BR,2014-07-25,372,1145.4758064516132,10.593499054713805,1059.5,1052.0,1075.5,33,0,0.0,0.0,0.0,0.0,0.0,0
BR,2014-07-26,261,1144.111111111111,4.223742416388575,1071.0,1063.4,1072.6,27,0,0.0,0.0,0.0,0.0,0.0,0
BR,2014-07-27,354,1158.6129943502824,5.312459150169742,1085.0,1080.2,1090.6,31,0,0.0,0.0,0.0,0.0,0.0,0
BR,2014-07-28,230,1138.6565217391305,0.0,1200.0,1200.0,1200.0,26,0,0.0,0.0,0.0,0.0,0.0,0
BR,2014-07-29,285,1184.922807017544,3.559026084010437,1089.0,1088.2,1094.6,33,0,0.0,0.0,0.0,0.0,0.0,0
BR,2014-07-30,293,1133.7167235494885,0.0,1105.0,1105.0,1105.0,37,0,0.0,0.0,0.0,0.0,0.0,0
BR,2014-07-31,320,1177.0375,3.771236166328253,1097.0,1090.6,1097.0,34,0,0.0,0.0,0.0,0.0,0.0,0
BR,2014-08-01,311,1188.083601286174,0.0,1090.0,1090.0,1090.0,29,0,0.0,0.0,0.0,0.0,0.0,0
BR,2014-08-02,339,1259.58407079646,0.0,1128.0,1128.0,1128.0,29,0,0.0,0.0,0.0,0.0,0.0,0
BR,2014-08-03,356,1194.2921348314608,4.0,1086.0,1082.8,1089.2,33,0,0.0,0.0,0.0,0.0,0.0,0
BR,2014-08-04,315,1220.3015873015877,6.944222218666553,1090.0,1082.8,1096.4,37,0,0.0,0.0,0.0,0.0,0.0,0
BR,2014-08-05,319,1242.3416927899684,3.0,1108.0,1105.6,1110.4,32,0,0.0,0.0,0.0,0.0,0.0,0
BR,2014-08-06,329,1160.030395136778,9.237604307034012,1127.5,1119.0,1140.5,32,0,0.0,0.0,0.0,0.0,0.0,0
BR,2014-08-07,251,1238.6095617529884,6.944222218666553,1161.0,1154.6,1168.2,35,0,0.0,0.0,0.0,0.0,0.0,0
BR,2014-08-08,364,1212.436813186813,5.715476066494082,1185.0,1179.4,1190.6,32,0,0.0,0.0,0.0,0.0,0.0,0
BR,2014-08-09,265,1169.7396226415096,3.8262252939417984,1182.0,1174.8,1183.0,34,0,0.0,0.0,0.0,0.0,0.0,0
BR,2014-08-10,372,1205.1586021505375,8.166631958832259,1186.0,1180.8,1198.2,33,0,0.0,0.0,0.0,0.0,0.0,0
BR,2014-08-11,324,1280.3333333333333,3.960744879438715,1194.5,1188.4,1195.7,40,0,0.0,0.0,0.0,0.0,0.0,0
BR,2014-08-12,315,1267.358730158731,7.267484195415374,1181.0,1171.2,1188.4,36,0,0.0,0.0,0.0,0.0,0.0,0
BR,2014-08-13,397,1211.133501259446,5.3359368645273735,1161.5,1156.5,1168.5,37,1,76.12,0.0,0.0,0.0,0.0,1
BR,2014-08-14,281,1328.2775800711745,5.315072906367325,1168.5,1163.1,1173.9,32,0,0.0,0.0,0.0,0.0,0.0,0
BR,2014-08-15,314,1272.6910828025473,5.388877434122992,1167.0,1161.2,1171.8,27,0,0.0,0.0,0.0,0.0,0.0,0
BR,2014-08-16,221,1288.0995475113125,24.97643860135189,1108.0,1084.6,1147.4,30,0,0.0,0.0,0.0,0.0,0.0,0
BR,2014-08-17,329,1307.7689969604864,3.559026084010437,1083.0,1082.2,1088.6,31,0,0.0,0.0,0.0,0.0,0.0,0
BR,2014-08-18,251,1153.772908366534,9.451631252505216,1072.0,1064.5,1085.5,32,0,0.0,0.0,0.0,0.0,0.0,0
BR,2014-08-19,406,1209.7881773399013,13.530011991487514,1071.0,1058.2,1089.8,32,0,0.0,0.0,0.0,0.0,0.0,0
BR,2014-08-20,306,1183.4444444444446,9.053131153002775,1095.0,1082.4,1103.4,30,0,0.0,0.0,0.0,0.0,0.0,0
BR,2014-08-21,267,1245.0337078651685,6.200358412579424,1096.0,1093.6,1104.4,30,0,0.0,0.0,0.0,0.0,0.0,0
BR,2014-08-22,277,1206.1480144404334,0.0,1119.0,1119.0,1119.0,28,0,0.0,0.0,0.0,0.0,0.0,0
BR,2014-08-23,338,1184.7248520710057,0.0,1125.0,1125.0,1125.0,27,0,0.0,0.0,0.0,0.0,0.0,0
BR,2014-08-24,251,1205.7250996015937,6.128258770283411,1122.0,1116.4,1128.4,29,0,0.0,0.0,0.0,0.0,0.0,0
BR,2014-08-25,195,1175.1333333333328,4.409081537009721,1134.0,1126.2,1135.8,24,0,0.0,0.0,0.0,0.0,0.0,0
BR,2014-08-26,261,1175.5670498084294,5.238081709939241,1125.0,1117.7,1131.6,26,0,0.0,0.0,0.0,0.0,0.0,0
BR,2014-08-27,227,1248.378854625551,3.299831645537222,1139.0,1133.4,1139.0,27,0,0.0,0.0,0.0,0.0,0.0,0
BR,2014-08-28,119,1235.016806722689,5.722761571129799,1129.0,1122.4,1134.2,16,0,0.0,0.0,0.0,0.0,0.0,0
BR,2014-08-29,273,1271.838827838828,8.182909018191515,1128.0,1121.8,1139.8,29,0,0.0,0.0,0.0,0.0,0.0,0
BR,2014-08-30,269,1276.5241635687732,27.32503607265473,1082.0,1049.0,1117.0,22,0,0.0,0.0,0.0,0.0,0.0,0
BR,2014-08-31,219,1234.0639269406392,13.716055464848226,1043.0,1028.0,1059.8,26,0,0.0,0.0,0.0,0.0,0.0,0
BR,2014-09-01,158,1266.5443037974685,5.844655678480984,1043.0,1035.4,1048.2,28,0,0.0,0.0,0.0,0.0,0.0,0
BR,2014-09-02,243,1240.7572016460906,5.386812738465108,1019.0,1010.4,1026.0,25,0,0.0,0.0,0.0,0.0,0.0,0
BR,2014-09-03,220,1240.4590909090912,8.452218643646177,1030.0,1022.8,1041.4,25,0,0.0,0.0,0.0,0.0,0.0,0
BR,2014-09-04,176,1316.778409090909,4.5,1413.5,1409.9,1417.1,23,0,0.0,0.0,0.0,0.0,0.0,0
BR,2014-09-05,197,1238.8730964467009,7.973915809270458,1051.5,1041.5,1058.5,28,0,0.0,0.0,0.0,0.0,0.0,0
BR,2014-09-06,197,1301.5888324873097,13.262310842718508,1040.5,1026.6,1059.3,23,0,0.0,0.0,0.0,0.0,0.0,0
BR,2014-09-07,195,1115.1076923076926,5.0,1063.0,1059.0,1067.0,22,0,0.0,0.0,0.0,0.0,0.0,0
BR,2014-09-08,254,1243.744094488189,9.795875850247867,1046.0,1034.8,1056.8,30,0,0.0,0.0,0.0,0.0,0.0,0
BR,2014-09-09,222,1245.4819819819822,14.323399153609085,1078.0,1052.6,1089.2,22,0,0.0,0.0,0.0,0.0,0.0,0
BR,2014-09-10,191,1187.3246073298428,0.0,1103.0,1103.0,1103.0,25,0,0.0,0.0,0.0,0.0,0.0,0
BR,2014-09-11,254,1206.5984251968507,19.726251544578865,1102.5,1076.0,1125.5,26,0,0.0,0.0,0.0,0.0,0.0,0
BR,2014-09-12,244,1232.4426229508197,13.723358864082682,1087.0,1064.0,1096.0,26,0,0.0,0.0,0.0,0.0,0.0,0
BR,2014-09-13,202,1240.3366336633662,13.286482312670197,1094.0,1083.2,1113.8,24,0,0.0,0.0,0.0,0.0,0.0,0
BR,2014-09-14,336,1313.3630952380945,7.866949147470631,1110.5,1100.5,1118.0,24,0,0.0,0.0,0.0,0.0,0.0,0
BR,2014-09-15,234,1250.9487179487176,3.559026084010437,1105.0,1099.4,1105.8,22,0,0.0,0.0,0.0,0.0,0.0,0
BR,2014-09-16,275,1282.3927272727274,4.322904116447646,1111.5,1106.6,1115.7,28,0,0.0,0.0,0.0,0.0,0.0,0
BR,2014-09-17,232,1223.7543103448277,63.5,829.5,778.7,880.3,26,0,0.0,0.0,0.0,0.0,0.0,0
BR,2014-09-18,208,1235.1730769230767,44.18606299802355,897.0,859.6,955.8,26,0,0.0,0.0,0.0,0.0,0.0,0
BR,2014-09-19,243,1271.3868312757204,186.79578867486993,993.0,958.6,1291.4,28,0,0.0,0.0,0.0,0.0,0.0,0
BR,2014-09-20,321,1193.482866043614,43.36732283739272,1036.0,980.3,1085.0,29,0,0.0,0.0,0.0,0.0,0.0,0
BR,2014-09-21,203,1231.6699507389162,27.542060506667045,1142.0,1106.8,1179.4,27,0,0.0,0.0,0.0,0.0,0.0,0
BR,2014-09-22,226,1302.3362831858408,9.78276440168335,1198.0,1185.0,1212.0,24,0,0.0,0.0,0.0,0.0,0.0,0
BR,2014-09-23,275,1305.6727272727276,7.930251502246879,1216.5,1209.0,1226.5,22,0,0.0,0.0,0.0,0.0,0.0,0
BR,2014-09-24,266,1291.045112781955,5.034574339058885,1217.0,1213.6,1224.0,28,0,0.0,0.0,0.0,0.0,0.0,0
BR,2014-09-25,258,1173.6085271317834,7.363574011458174,1210.0,1203.6,1218.0,28,0,0.0,0.0,0.0,0.0,0.0,0
BR,2014-09-26,274,1220.9160583941605,9.026869612440406,1240.5,1228.7,1252.3,26,0,0.0,0.0,0.0,0.0,0.0,0
BR,2014-09-27,256,1306.0429687500002,16.363822638919817,1269.5,1253.0,1293.0,28,0,0.0,0.0,0.0,0.0,0.0,0
BR,2014-09-28,378,1307.0105820105825,33.326310897361765,1306.0,1242.6,1334.0,29,0,0.0,0.0,0.0,0.0,0.0,0
BR,2014-09-29,340,1138.9676470588233,5.844655678480984,1241.0,1233.4,1246.2,31,0,0.0,0.0,0.0,0.0,0.0,0
BR,2014-09-30,316,1177.424050632911,10.153369346719792,1257.0,1244.0,1271.0,31,0,0.0,0.0,0.0,0.0,0.0,0
BR,2014-10-01,309,1205.3203883495146,8.425417160057279,1257.0,1253.8,1272.4,35,0,0.0,0.0,0.0,0.0,0.0,0
BR,2014-10-02,308,1186.9155844155846,7.806247497997997,1271.5,1264.2,1283.0,28,0,0.0,0.0,0.0,0.0,0.0,0
BR,2014-10-03,345,1206.9246376811593,9.11379309013519,1301.0,1292.6,1315.0,28,0,0.0,0.0,0.0,0.0,0.0,0
BR,2014-10-04,420,1213.4761904761908,22.546237828885918,1330.5,1307.0,1362.0,23,0,0.0,0.0,0.0,0.0,0.0,0
BR,2014-10-05,384,1259.7760416666665,20.6050803429033,1345.0,1317.1,1371.0,30,0,0.0,0.0,0.0,0.0,0.0,0
BR,2014-10-06,273,1130.4981684981683,9.108165440194332,1339.0,1330.0,1351.0,27,0,0.0,0.0,0.0,0.0,0.0,0
BR,2014-10-07,283,1239.8763250883392,6.019966777316965,1350.0,1343.8,1357.0,27,0,0.0,0.0,0.0,0.0,0.0,0
BR,2014-10-08,283,1227.5512367491167,8.806563209081938,1356.5,1348.0,1368.5,31,0,0.0,0.0,0.0,0.0,0.0,0
BR,2014-10-09,299,1191.6923076923076,3.5,1377.5,1374.7,1380.3,24,0,0.0,0.0,0.0,0.0,0.0,0
BR,2014-10-10,253,1151.1660079051383,6.496466857658327,1382.0,1377.2,1390.8,25,0,0.0,0.0,0.0,0.0,0.0,0
BR,2014-10-11,259,1220.5675675675675,5.348773223833667,1385.5,1380.9,1392.2,21,0,0.0,0.0,0.0,0.0,0.0,0
BR,2014-10-12,204,1210.7450980392157,15.681914349757498,1435.0,1411.4,1449.3,16,0,0.0,0.0,0.0,0.0,0.0,0
BR,2014-10-13,344,1173.1308139534883,6.944222218666553,1438.0,1431.6,1445.2,26,0,0.0,0.0,0.0,0.0,0.0,0
BR,2014-10-14,322,1248.9875776397516,11.733433827646326,1422.0,1403.3,1430.7,29,0,0.0,0.0,0.0,0.0,0.0,0
BR,2014-10-15,375,1221.6640000000002,4.5,1417.5,1413.9,1421.1,31,0,0.0,0.0,0.0,0.0,0.0,0
BR,2014-10-16,383,1255.0548302872057,5.398044913567215,1438.5,1434.5,1446.5,35,0,0.0,0.0,0.0,0.0,0.0,0
BR,2014-10-17,267,1214.2996254681648,3.7712361663282534,1430.0,1423.6,1430.0,25,0,0.0,0.0,0.0,0.0,0.0,0
BR,2014-10-18,373,1196.313672922252,14.971639856742481,1382.0,1367.9,1407.7,25,0,0.0,0.0,0.0,0.0,0.0,0
BR,2014-10-19,440,1169.2000000000003,10.338708279513883,1370.0,1351.0,1380.0,28,0,0.0,0.0,0.0,0.0,0.0,0
BR,2014-10-20,351,1292.7264957264952,0.0,1350.0,1350.0,1350.0,30,0,0.0,0.0,0.0,0.0,0.0,0
BR,2014-10-21,240,1217.7916666666667,4.0,1338.0,1334.8,1341.2,21,0,0.0,0.0,0.0,0.0,0.0,0
BR,2014-10-22,251,1285.4661354581676,4.264680527307995,1346.0,1342.0,1350.7,29,0,0.0,0.0,0.0,0.0,0.0,0
BR,2014-10-23,253,1402.7747035573123,8.139096876139494,1349.0,1341.0,1359.2,21,0,0.0,0.0,0.0,0.0,0.0,0
BR,2014-10-24,309,1232.5922330097092,3.5,1332.5,1329.7,1335.3,35,0,0.0,0.0,0.0,0.0,0.0,0
BR,2014-10-25,263,1248.2661596958178,3.5,1325.5,1322.7,1328.3,28,0,0.0,0.0,0.0,0.0,0.0,0
BR,2014-10-26,342,1305.2105263157896,12.651917084661903,1302.0,1287.0,1318.4,30,0,0.0,0.0,0.0,0.0,0.0,0
BR,2014-10-27,272,1220.636029411765,0.0,1139.0,1139.0,1139.0,31,0,0.0,0.0,0.0,0.0,0.0,0
BR,2014-10-28,334,1219.8892215568862,6.548960901462833,1319.0,1311.8,1324.6,28,0,0.0,0.0,0.0,0.0,0.0,0
BR,2014-10-29,284,1344.1795774647887,3.8586123009300755,1333.0,1331.4,1338.6,31,0,0.0,0.0,0.0,0.0,0.0,0
BR,2014-10-30,282,1256.7056737588657,6.944222218666553,1348.0,1341.6,1355.2,27,0,0.0,0.0,0.0,0.0,0.0,0
BR,2014-10-31,375,1283.888,8.842369591913696,1096.5,1086.7,1105.6,32,0,0.0,0.0,0.0,0.0,0.0,0
BR,2014-11-01,306,1210.366013071896,3.5,1366.5,1363.7,1369.3,28,0,0.0,0.0,0.0,0.0,0.0,0
BR,2014-11-02,431,1146.433874709977,15.56438241627338,1098.0,1082.9,1119.4,32,0,0.0,0.0,0.0,0.0,0.0,0
BR,2014-11-03,312,1180.5352564102564,8.281505499203229,1073.0,1063.5,1081.0,33,0,0.0,0.0,0.0,0.0,0.0,0
BR,2014-11-04,402,1230.363184079602,0.0,1370.0,1370.0,1370.0,30,0,0.0,0.0,0.0,0.0,0.0,0
BR,2014-11-05,324,1139.472222222222,0.0,1378.0,1378.0,1378.0,32,0,0.0,0.0,0.0,0.0,0.0,0
BR,2014-11-06,317,1152.8296529968459,0.0,1385.0,1385.0,1385.0,33,0,0.0,0.0,0.0,0.0,0.0,0
BR,2014-11-07,248,1190.1814516129032,10.573668669662506,1117.0,1108.6,1133.6,33,0,0.0,0.0,0.0,0.0,0.0,0
BR,2014-11-08,256,1070.4375,0.0,1392.0,1392.0,1392.0,23,0,0.0,0.0,0.0,0.0,0.0,0
BR,2014-11-09,193,1038.4559585492223,0.0,1384.0,1384.0,1384.0,30,0,0.0,0.0,0.0,0.0,0.0,0
BR,2014-11-10,224,1136.4017857142858,6.128258770283411,1102.0,1095.6,1107.6,30,1,73.05,0.0,0.0,0.0,0.0,1
BR,2014-11-11,194,1313.7577319587626,0.0,1393.0,1393.0,1393.0,32,0,0.0,0.0,0.0,0.0,0.0,0
BR,2014-11-12,215,1251.186046511628,4.5,1112.5,1108.9,1116.1,30,1,96.05,0.0,0.0,0.0,0.0,1
BR,2014-11-13,203,1223.655172413793,7.909248574785817,1123.0,1115.2,1131.0,33,0,0.0,0.0,0.0,0.0,0.0,0
BR,2014-11-14,255,1253.0196078431372,5.678908345800274,1134.0,1129.1,1140.3,30,0,0.0,0.0,0.0,0.0,0.0,0
BR,2014-11-15,327,1211.2782874617735,4.027681991198191,1135.0,1128.6,1135.8,30,0,0.0,0.0,0.0,0.0,0.0,0
BR,2014-11-16,368,1298.9646739130435,100.09119298709676,983.5,901.8,1002.7,32,0,0.0,0.0,0.0,0.0,0.0,0
BR,2014-11-17,186,1294.779569892473,5.550275268448904,1255.0,1250.5,1263.0,27,0,0.0,0.0,0.0,0.0,0.0,0
BR,2014-11-18,197,1341.8934010152282,0.0,1401.0,1401.0,1401.0,31,0,0.0,0.0,0.0,0.0,0.0,0
BR,2014-11-19,144,1214.5555555555557,9.98436277385793,1142.0,1128.0,1154.3,23,0,0.0,0.0,0.0,0.0,0.0,0
BR,2014-11-20,292,1217.7671232876703,6.944222218666553,1172.0,1164.8,1178.4,33,0,0.0,0.0,0.0,0.0,0.0,0
BR,2014-11-21,250,1266.5160000000003,3.559026084010437,1170.0,1164.4,1170.8,29,0,0.0,0.0,0.0,0.0,0.0,0
BR,2014-11-22,243,1151.6419753086425,8.593020423576334,1463.0,1458.2,1476.8,28,0,0.0,0.0,0.0,0.0,0.0,0
BR,2014-11-23,223,1276.7040358744405,297.0,1082.0,844.4,1319.6,29,0,0.0,0.0,0.0,0.0,0.0,0
BR,2014-11-24,153,1225.5490196078429,4.0,1168.0,1164.8,1171.2,24,0,0.0,0.0,0.0,0.0,0.0,0
BR,2014-11-25,190,1253.0473684210529,0.0,1179.0,1179.0,1179.0,28,0,0.0,0.0,0.0,0.0,0.0,0
BR,2014-11-26,216,1143.175925925926,12.401339035626082,983.5,973.4,1000.7,27,0,0.0,0.0,0.0,0.0,0.0,0
BR,2014-11-27,311,1159.3729903536976,6.378675411086537,1186.5,1180.4,1193.3,35,0,0.0,0.0,0.0,0.0,0.0,0
BR,2014-11-28,245,1196.14693877551,17.92970942740648,911.0,902.0,944.0,29,0,0.0,0.0,0.0,0.0,0.0,0
BR,2014-11-29,463,1142.371490280778,3.5,1397.5,1394.7,1400.3,29,0,0.0,0.0,0.0,0.0,0.0,0
BR,2014-11-30,352,1132.553977272728,7.039570693980959,1202.0,1192.0,1208.0,32,0,0.0,0.0,0.0,0.0,0.0,0
BR,2014-12-01,369,1124.4092140921407,5.635601121442148,1204.0,1197.8,1210.2,31,0,0.0,0.0,0.0,0.0,0.0,0
BR,2014-12-02,303,1173.8085808580852,8.014985963805552,1200.0,1194.6,1211.8,29,0,0.0,0.0,0.0,0.0,0.0,0
BR,2014-12-03,356,1165.2106741573034,6.6932802122726045,1187.0,1180.6,1195.0,36,0,0.0,0.0,0.0,0.0,0.0,0
BR,2014-12-04,239,1191.1715481171543,6.944222218666553,1197.0,1190.6,1204.2,30,0,0.0,0.0,0.0,0.0,0.0,0
BR,2014-12-05,185,1152.0108108108104,10.054951059867298,924.0,913.2,936.2,25,0,0.0,0.0,0.0,0.0,0.0,0
BR,2014-12-06,256,1237.4179687499995,4.5,1396.5,1392.9,1400.1,25,0,0.0,0.0,0.0,0.0,0.0,0
BR,2014-12-07,311,1139.6205787781348,17.25557885261851,926.0,901.0,947.8,25,0,0.0,0.0,0.0,0.0,0.0,0
BR,2014-12-08,376,1169.5505319148936,6.968500556073739,1382.0,1373.2,1388.4,28,0,0.0,0.0,0.0,0.0,0.0,0
BR,2014-12-09,291,1130.9621993127148,11.489125293076055,918.0,901.4,927.6,25,0,0.0,0.0,0.0,0.0,0.0,0
BR,2014-12-10,310,1216.4451612903222,0.0,1196.0,1196.0,1196.0,28,0,0.0,0.0,0.0,0.0,0.0,0
BR,2014-12-11,382,1239.5916230366493,10.156771140475698,1182.0,1163.3,1189.2,28,0,0.0,0.0,0.0,0.0,0.0,0
BR,2014-12-12,386,1201.8601036269422,6.396021490668313,1139.0,1132.0,1147.0,30,0,0.0,0.0,0.0,0.0,0.0,0
BR,2014-12-13,392,1222.8673469387754,8.850513952433623,976.0,968.0,987.7,26,0,0.0,0.0,0.0,0.0,0.0,0
BR,2014-12-14,349,1242.4899713467048,4.0276819911981905,1365.0,1358.6,1365.8,31,0,0.0,0.0,0.0,0.0,0.0,0
BR,2014-12-15,319,1231.1692789968652,8.034647195462632,1370.5,1362.0,1379.5,29,0,0.0,0.0,0.0,0.0,0.0,0
BR,2014-12-16,300,1201.233333333333,0.0,1123.0,1123.0,1123.0,31,0,0.0,0.0,0.0,0.0,0.0,0
BR,2014-12-17,224,1201.424107142857,0.0,1377.0,1377.0,1377.0,29,1,16.87,0.0,0.0,0.0,0.0,1
BR,2014-12-18,262,1258.2938931297713,18.779631418454883,1110.0,1089.0,1134.8,27,0,0.0,0.0,0.0,0.0,0.0,0
BR,2014-12-19,229,1205.2445414847161,4.5,1380.5,1376.9,1384.1,29,0,0.0,0.0,0.0,0.0,0.0,0
BR,2014-12-20,223,1359.1210762331837,7.052875694038253,1377.0,1368.2,1385.0,26,0,0.0,0.0,0.0,0.0,0.0,0
BR,2014-12-21,281,1159.8362989323848,8.391066678319271,1359.5,1354.2,1370.8,32,0,0.0,0.0,0.0,0.0,0.0,0
BR,2014-12-22,189,1237.026455026455,3.5,873.5,870.7,876.3,26,1,92.13,0.0,0.0,0.0,0.0,1
BR,2014-12-23,356,1170.5870786516855,7.420359047584,1358.0,1349.8,1367.4,36,0,0.0,0.0,0.0,0.0,0.0,0
BR,2014-12-24,314,1317.6592356687904,4.875976612843225,1339.0,1332.6,1344.6,26,0,0.0,0.0,0.0,0.0,0.0,0
BR,2014-12-25,279,1200.2759856630828,9.482439911049617,1340.0,1330.5,1352.0,25,0,0.0,0.0,0.0,0.0,0.0,0
BR,2014-12-26,355,1202.5887323943666,8.613216588476108,1060.0,1051.1,1069.6,28,0,0.0,0.0,0.0,0.0,0.0,0
BR,2014-12-27,355,1311.9436619718313,19.83935482821959,1305.0,1289.0,1339.4,29,0,0.0,0.0,0.0,0.0,0.0,0
BR,2014-12-28,354,1211.5564971751412,0.0,1039.0,1039.0,1039.0,29,1,85.38,0.0,0.0,0.0,0.0,1
BR,2014-12-29,206,1231.252427184466,0.0,1046.0,1046.0,1046.0,25,0,0.0,0.0,0.0,0.0,0.0,0
BR,2014-12-30,197,1216.3502538071064,12.847615517666924,1044.0,1033.4,1062.8,23,0,0.0,0.0,0.0,0.0,0.0,0
BR,2014-12-31,379,1266.54617414248,6.531972647421808,1069.0,1062.6,1075.4,25,0,0.0,0.0,0.0,0.0,0.0,0
BR,2015-01-01,209,1272.2105263157894,6.053098380168622,1743.0,1734.4,1747.6,17,0,0.0,0.0,0.0,0.0,0.0,0
BR,2015-01-02,217,1190.9769585253464,191.5114013940301,1289.5,911.5,1310.0,22,0,0.0,0.0,0.0,0.0,0.0,0
BR,2015-01-03,297,1271.3703703703704,4.5,1749.5,1745.9,1753.1,27,0,0.0,0.0,0.0,0.0,0.0,0
BR,2015-01-04,321,1255.1121495327104,8.518215775618742,1313.0,1300.2,1318.8,35,0,0.0,0.0,0.0,0.0,0.0,0
BR,2015-01-05,365,1267.454794520548,4.5,1054.5,1050.9,1058.1,21,0,0.0,0.0,0.0,0.0,0.0,0
BR,2015-01-06,176,1276.75,6.8868404532536855,1069.0,1059.2,1077.0,26,0,0.0,0.0,0.0,0.0,0.0,0
BR,2015-01-07,282,1252.326241134752,7.697402159170326,1078.5,1067.7,1083.7,27,0,0.0,0.0,0.0,0.0,0.0,0
BR,2015-01-08,231,1277.5541125541129,6.531972647421808,1080.0,1073.6,1086.4,28,0,0.0,0.0,0.0,0.0,0.0,0
BR,2015-01-09,275,1211.3818181818183,0.0,1097.0,1097.0,1097.0,33,0,0.0,0.0,0.0,0.0,0.0,0
BR,2015-01-10,238,1204.2226890756303,7.025667228100119,1313.0,1306.8,1322.2,27,0,0.0,0.0,0.0,0.0,0.0,0
BR,2015-01-11,315,1192.679365079365,4.0,1322.0,1318.8,1325.2,23,0,0.0,0.0,0.0,0.0,0.0,0
BR,2015-01-12,192,1117.1197916666667,3.5,1338.5,1335.7,1341.3,25,0,0.0,0.0,0.0,0.0,0.0,0
BR,2015-01-13,291,1204.017182130584,0.0,1351.0,1351.0,1351.0,30,0,0.0,0.0,0.0,0.0,0.0,0
BR,2015-01-14,204,1215.4068627450981,4.264680527307995,1347.0,1342.3,1351.0,23,0,0.0,0.0,0.0,0.0,0.0,0
BR,2015-01-15,220,1159.5636363636368,9.59934690161263,1026.5,1012.1,1036.0,23,0,0.0,0.0,0.0,0.0,0.0,0
BR,2015-01-16,291,1204.8659793814434,5.673402858955108,1334.5,1328.4,1339.9,20,0,0.0,0.0,0.0,0.0,0.0,0
BR,2015-01-17,247,1197.4129554655865,7.088363560031587,1346.0,1335.2,1351.0,25,0,0.0,0.0,0.0,0.0,0.0,0
BR,2015-01-18,260,1125.1230769230767,48.40045736311986,946.0,913.0,1049.5,22,0,0.0,0.0,0.0,0.0,0.0,0
BR,2015-01-19,245,1155.2775510204085,13.236874395037525,915.0,899.5,933.0,25,0,0.0,0.0,0.0,0.0,0.0,0
BR,2015-01-20,272,1219.3639705882354,14.886504784245297,939.0,919.6,956.6,21,0,0.0,0.0,0.0,0.0,0.0,0
BR,2015-01-21,258,1277.3953488372094,6.128258770283411,1346.0,1339.6,1351.6,26,0,0.0,0.0,0.0,0.0,0.0,0
BR,2015-01-22,186,1235.467741935484,11.028719466067876,1129.0,1117.2,1141.2,21,0,0.0,0.0,0.0,0.0,0.0,0
BR,2015-01-23,242,1186.6322314049587,6.944222218666553,1104.0,1096.8,1110.4,28,0,0.0,0.0,0.0,0.0,0.0,0
BR,2015-01-24,269,1198.1858736059482,6.164414002968976,1353.0,1347.2,1360.6,22,0,0.0,0.0,0.0,0.0,0.0,0
BR,2015-01-25,397,1141.2040302267003,6.573431371817918,1359.5,1351.9,1367.6,22,0,0.0,0.0,0.0,0.0,0.0,0
BR,2015-01-26,195,1157.8051282051283,5.0,1361.0,1357.0,1365.0,23,0,0.0,0.0,0.0,0.0,0.0,0
BR,2015-01-27,260,1134.9730769230769,3.5,1125.5,1122.7,1128.3,26,0,0.0,0.0,0.0,0.0,0.0,0
BR,2015-01-28,273,1176.567765567765,8.130767183974708,1364.5,1353.9,1373.3,28,0,0.0,0.0,0.0,0.0,0.0,0
BR,2015-01-29,357,1162.3333333333337,5.615911461059686,1382.0,1374.0,1389.0,33,0,0.0,0.0,0.0,0.0,0.0,0
BR,2015-01-30,340,1191.3117647058816,5.722761571129799,1390.5,1382.0,1398.0,30,0,0.0,0.0,0.0,0.0,0.0,0
BR,2015-01-31,170,1246.8411764705882,11.984364814206884,1392.5,1376.0,1405.5,20,0,0.0,0.0,0.0,0.0,0.0,0
BR,2015-02-01,333,1271.4924924924926,13.176091036418958,1433.0,1415.5,1447.5,24,0,0.0,0.0,0.0,0.0,0.0,0
BR,2015-02-02,363,1223.1983471074377,0.0,1464.0,1464.0,1464.0,26,0,0.0,0.0,0.0,0.0,0.0,0
BR,2015-02-03,388,1271.5360824742274,3.5,1475.5,1472.7,1478.3,30,0,0.0,0.0,0.0,0.0,0.0,0
BR,2015-02-04,307,1288.5114006514657,9.630680142129112,1501.0,1490.0,1510.6,33,0,0.0,0.0,0.0,0.0,0.0,0
BR,2015-02-05,276,1231.634057971015,3.559026084010437,1521.0,1520.2,1526.6,33,0,0.0,0.0,0.0,0.0,0.0,0
BR,2015-02-06,371,1235.3692722371966,8.345916425872852,1017.0,1005.6,1027.8,33,0,0.0,0.0,0.0,0.0,0.0,0
BR,2015-02-07,333,1270.108108108108,6.053098380168622,1536.0,1530.8,1544.0,35,0,0.0,0.0,0.0,0.0,0.0,0
BR,2015-02-08,313,1293.405750798722,3.9698866482558417,1536.0,1534.4,1543.0,34,0,0.0,0.0,0.0,0.0,0.0,0
BR,2015-02-09,358,1261.114525139665,0.0,1526.0,1526.0,1526.0,28,0,0.0,0.0,0.0,0.0,0.0,0
BR,2015-02-10,319,1192.128526645768,120.02720779991884,1328.0,1135.6,1442.8,29,0,0.0,0.0,0.0,0.0,0.0,0
BR,2015-02-11,366,1261.6065573770493,0.0,1209.0,1209.0,1209.0,24,0,0.0,0.0,0.0,0.0,0.0,0
BR,2015-02-12,250,1287.1799999999998,17.809667488624356,1009.0,983.8,1028.2,22,0,0.0,0.0,0.0,0.0,0.0,0
BR,2015-02-13,302,1214.3807947019866,87.57077137949625,1219.0,1148.6,1343.0,27,0,0.0,0.0,0.0,0.0,0.0,0
BR,2015-02-14,300,1137.3999999999999,7.681145747868608,1521.5,1512.5,1529.0,25,0,0.0,0.0,0.0,0.0,0.0,0
BR,2015-02-15,350,1237.4114285714288,0.0,1502.0,1502.0,1502.0,29,0,0.0,0.0,0.0,0.0,0.0,0
BR,2015-02-16,346,1221.650289017341,0.0,1509.0,1509.0,1509.0,21,0,0.0,0.0,0.0,0.0,0.0,0
BR,2015-02-17,306,1254.545751633987,37.2409571424915,1387.0,1387.0,1450.2,20,0,0.0,0.0,0.0,0.0,0.0,0
BR,2015-02-18,364,1051.5219780219772,4.0,1503.0,1499.8,1506.2,31,0,0.0,0.0,0.0,0.0,0.0,0
BR,2015-02-19,334,1108.4880239520955,0.0,1513.0,1513.0,1513.0,28,0,0.0,0.0,0.0,0.0,0.0,0
BR,2015-02-20,395,1077.3088607594937,0.0,1504.0,1504.0,1504.0,32,0,0.0,0.0,0.0,0.0,0.0,0
BR,2015-02-21,308,1090.9383116883116,3.858612300930075,1509.0,1503.4,1510.6,28,0,0.0,0.0,0.0,0.0,0.0,0
BR,2015-02-22,363,1090.289256198348,3.299831645537222,1177.0,1171.4,1177.0,28,0,0.0,0.0,0.0,0.0,0.0,0
BR,2015-02-23,325,1170.4246153846157,0.0,1184.0,1184.0,1184.0,30,0,0.0,0.0,0.0,0.0,0.0,0
BR,2015-02-24,419,1231.0,0.0,1331.0,1331.0,1331.0,31,0,0.0,0.0,0.0,0.0,0.0,0
BR,2015-02-25,282,1137.840425531915,0.0,1535.0,1535.0,1535.0,35,0,0.0,0.0,0.0,0.0,0.0,0
BR,2015-02-26,286,1167.8251748251746,132.463617646507,983.0,718.0,998.5,26,0,0.0,0.0,0.0,0.0,0.0,0
BR,2015-02-27,297,1110.8619528619524,107.9529342414654,918.5,702.5,974.0,29,0,0.0,0.0,0.0,0.0,0.0,0
BR,2015-02-28,235,1049.336170212766,121.0427507123,977.5,703.8,1025.6,26,0,0.0,0.0,0.0,0.0,0.0,0
BR,2015-03-01,272,1214.878676470588,0.0,1198.0,1198.0,1198.0,24,0,0.0,0.0,0.0,0.0,0.0,0
BR,2015-03-02,284,1234.9049295774648,125.97640413982296,1004.0,704.0,1035.4,29,2,14.41,0.0,0.0,0.0,0.0,2
BR,2015-03-03,365,1203.6328767123289,0.0,1549.0,1549.0,1549.0,34,0,0.0,0.0,0.0,0.0,0.0,0
BR,2015-03-04,283,1125.3427561837457,0.0,1513.0,1513.0,1513.0,28,0,0.0,0.0,0.0,0.0,0.0,0
BR,2015-03-05,283,1195.1024734982332,191.98731439574044,988.0,748.4,1038.0,33,0,0.0,0.0,0.0,0.0,0.0,0
BR,2015-03-06,340,1163.6352941176472,0.0,1217.0,1217.0,1217.0,39,0,0.0,0.0,0.0,0.0,0.0,0
BR,2015-03-07,360,1162.5861111111112,104.43489344226832,960.0,745.2,985.4,31,0,0.0,0.0,0.0,0.0,0.0,0
BR,2015-03-08,469,1181.808102345416,156.01808139877892,738.0,702.2,1040.8,34,0,0.0,0.0,0.0,0.0,0.0,0
BR,2015-03-09,324,1144.277777777778,155.09819112062166,736.0,690.6,1035.2,30,0,0.0,0.0,0.0,0.0,0.0,0
BR,2015-03-10,405,1158.7283950617286,164.6855214876351,1010.0,653.3,1034.8,28,0,0.0,0.0,0.0,0.0,0.0,0
BR,2015-03-11,326,1170.2147239263795,149.96054666329923,676.0,652.5,986.1,28,0,0.0,0.0,0.0,0.0,0.0,0
BR,2015-03-12,277,1187.9747292418774,165.80112579114012,953.0,633.5,994.5,27,0,0.0,0.0,0.0,0.0,0.0,0
BR,2015-03-13,334,1234.6976047904195,10.0,1165.0,1157.0,1173.0,30,0,0.0,0.0,0.0,0.0,0.0,0
BR,2015-03-14,317,1197.6908517350155,3.8586123009300755,1516.0,1510.4,1517.6,29,0,0.0,0.0,0.0,0.0,0.0,0
BR,2015-03-15,258,1174.6976744186047,7.425556469981821,1520.5,1511.5,1527.5,27,0,0.0,0.0,0.0,0.0,0.0,0
BR,2015-03-16,362,1218.256906077348,323.89735518579283,1000.0,618.0,1437.0,27,0,0.0,0.0,0.0,0.0,0.0,0
BR,2015-03-17,247,1253.1052631578948,4.0,1222.0,1218.8,1225.2,26,0,0.0,0.0,0.0,0.0,0.0,0
BR,2015-03-18,279,1208.1756272401435,146.54957222836094,733.0,706.8,1015.0,29,0,0.0,0.0,0.0,0.0,0.0,0
BR,2015-03-19,344,1168.921511627907,118.6292766286531,733.5,709.7,997.7,29,0,0.0,0.0,0.0,0.0,0.0,0
BR,2015-03-20,275,1220.869090909091,154.00356777973974,838.0,671.0,994.0,29,0,0.0,0.0,0.0,0.0,0.0,0
BR,2015-03-21,268,1291.0932835820893,0.0,1536.0,1536.0,1536.0,28,0,0.0,0.0,0.0,0.0,0.0,0
BR,2015-03-22,275,1216.7381818181818,115.32805382906623,676.0,659.9,992.1,33,1,84.2,0.0,0.0,0.0,0.0,1
BR,2015-03-23,327,1138.021406727829,118.82686892401654,924.0,671.0,962.0,28,0,0.0,0.0,0.0,0.0,0.0,0
BR,2015-03-24,364,1169.4587912087918,3.5,1212.5,1209.7,1215.3,32,0,0.0,0.0,0.0,0.0,0.0,0
BR,2015-03-25,338,1197.7366863905324,0.0,1224.0,1224.0,1224.0,30,1,82.46,0.0,0.0,0.0,0.0,1
BR,2015-03-26,290,1258.9482758620686,103.22490676939854,719.0,704.7,955.7,27,0,0.0,0.0,0.0,0.0,0.0,0
BR,2015-03-27,319,1258.4012539184953,140.56394353539682,1202.0,1192.4,1435.6,32,0,0.0,0.0,0.0,0.0,0.0,0
BR,2015-03-28,276,1128.2789855072465,4.0,1522.0,1518.8,1525.2,25,0,0.0,0.0,0.0,0.0,0.0,0
BR,2015-03-29,215,1174.1302325581396,3.39934634239519,1532.0,1527.2,1533.6,28,0,0.0,0.0,0.0,0.0,0.0,0
BR,2015-03-30,367,1220.3896457765666,168.11763244206333,1041.5,681.5,1097.5,30,0,0.0,0.0,0.0,0.0,0.0,0
BR,2015-03-31,281,1159.846975088968,3.858612300930076,1192.0,1190.4,1197.6,27,0,0.0,0.0,0.0,0.0,0.0,0
BR,2015-04-01,227,1181.5638766519824,78.17265237667567,974.0,758.0,997.0,23,0,0.0,0.0,0.0,0.0,0.0,0
BR,2015-04-02,195,1269.1538461538462,0.0,1524.0,1524.0,1524.0,32,0,0.0,0.0,0.0,0.0,0.0,0
BR,2015-04-03,359,1238.9080779944286,5.897190814627947,1513.0,1504.0,1521.0,28,0,0.0,0.0,0.0,0.0,0.0,0
BR,2015-04-04,276,1177.554347826087,14.137484950500339,1550.0,1528.0,1566.0,22,0,0.0,0.0,0.0,0.0,0.0,0
BR,2015-04-05,244,1145.3278688524588,4.5,1547.5,1543.9,1551.1,23,0,0.0,0.0,0.0,0.0,0.0,0
BR,2015-04-06,244,1213.4795081967213,5.3091901453988255,1553.0,1548.1,1558.6,27,0,0.0,0.0,0.0,0.0,0.0,0
BR,2015-04-07,283,1268.1166077738517,9.283722313813572,1196.0,1186.4,1206.3,26,0,0.0,0.0,0.0,0.0,0.0,0
BR,2015-04-08,331,1231.274924471299,73.78815766488896,997.0,828.0,1035.0,27,0,0.0,0.0,0.0,0.0,0.0,0
BR,2015-04-09,314,1226.573248407643,12.5,1395.5,1385.5,1405.5,34,1,67.42,0.0,0.0,0.0,0.0,1
BR,2015-04-10,348,1207.9885057471265,6.726812023536855,1185.5,1178.7,1192.3,33,0,0.0,0.0,0.0,0.0,0.0,0
BR,2015-04-11,250,1152.5519999999997,3.7712361663282534,1553.0,1546.6,1553.0,28,0,0.0,0.0,0.0,0.0,0.0,0
BR,2015-04-12,256,1091.0234375000005,5.418486873657627,1182.0,1176.8,1188.6,32,0,0.0,0.0,0.0,0.0,0.0,0
BR,2015-04-13,330,1126.9,12.757350822173072,1350.0,1337.8,1363.6,28,1,90.06,0.0,0.0,0.0,0.0,1
BR,2015-04-14,325,1167.0030769230768,105.10852178959892,1078.0,827.2,1139.8,32,0,0.0,0.0,0.0,0.0,0.0,0
BR,2015-04-15,369,1191.531165311653,3.5,1182.5,1179.7,1185.3,33,0,0.0,0.0,0.0,0.0,0.0,0
BR,2015-04-16,235,1328.4255319148936,3.5,1542.5,1539.7,1545.3,28,0,0.0,0.0,0.0,0.0,0.0,0
BR,2015-04-17,316,1208.7056962025315,9.536115561380326,1549.5,1534.9,1558.6,35,0,0.0,0.0,0.0,0.0,0.0,0
BR,2015-04-18,146,1261.945205479452,5.7948465824023545,1513.0,1505.8,1517.0,19,0,0.0,0.0,0.0,0.0,0.0,0
BR,2015-04-19,218,1290.467889908257,9.303869274182349,1516.0,1508.0,1531.0,30,0,0.0,0.0,0.0,0.0,0.0,0
BR,2015-04-20,269,1302.1003717472115,13.88119231190174,1517.0,1502.6,1533.4,31,0,0.0,0.0,0.0,0.0,0.0,0
BR,2015-04-21,429,1220.8065268065266,11.610384162815771,1520.5,1502.3,1532.2,31,0,0.0,0.0,0.0,0.0,0.0,0
BR,2015-04-22,410,1270.1024390243904,32.481138180176494,1540.0,1476.4,1556.0,36,0,0.0,0.0,0.0,0.0,0.0,0
BR,2015-04-23,309,1221.6925566343043,12.451093386367813,1451.0,1427.8,1463.2,32,0,0.0,0.0,0.0,0.0,0.0,0
BR,2015-04-24,401,1236.3117206982545,7.859791761275374,1464.0,1456.0,1472.6,30,0,0.0,0.0,0.0,0.0,0.0,0
BR,2015-04-25,232,1241.4181034482758,14.12787807052107,1420.0,1396.0,1435.3,26,0,0.0,0.0,0.0,0.0,0.0,0
BR,2015-04-26,229,1244.3624454148476,3.0912061651652345,1428.0,1423.2,1428.8,32,0,0.0,0.0,0.0,0.0,0.0,0
BR,2015-04-27,291,1186.3264604810995,15.685737683992278,1431.0,1406.6,1446.0,25,0,0.0,0.0,0.0,0.0,0.0,0
BR,2015-04-28,344,1208.1366279069769,19.502769667187223,1461.0,1434.5,1484.5,29,0,0.0,0.0,0.0,0.0,0.0,0
BR,2015-04-29,407,1205.746928746928,13.740815114104404,1435.5,1416.3,1445.8,35,0,0.0,0.0,0.0,0.0,0.0,0
BR,2015-04-30,382,1167.4267015706803,6.241794613730894,1402.0,1395.8,1409.6,34,1,29.0,0.0,0.0,0.0,0.0,1
BR,2015-05-01,249,1301.1726907630523,8.381527307120106,1418.0,1406.0,1425.5,35,0,0.0,0.0,0.0,0.0,0.0,0
BR,2015-05-02,269,1165.717472118959,16.889194710204023,1415.0,1390.7,1432.9,29,0,0.0,0.0,0.0,0.0,0.0,0
BR,2015-05-03,279,1211.6272401433691,3.5,1392.5,1389.7,1395.3,37,0,0.0,0.0,0.0,0.0,0.0,0
BR,2015-05-04,283,1230.5229681978797,0.0,1389.0,1389.0,1389.0,30,0,0.0,0.0,0.0,0.0,0.0,0
BR,2015-05-05,210,1224.9333333333334,6.4367770479823285,1389.0,1380.0,1398.0,33,0,0.0,0.0,0.0,0.0,0.0,0
BR,2015-05-06,297,1282.6464646464647,11.633870326572762,1363.0,1354.6,1382.6,33,0,0.0,0.0,0.0,0.0,0.0,0
BR,2015-05-07,272,1208.9926470588234,0.0,1362.0,1362.0,1362.0,30,0,0.0,0.0,0.0,0.0,0.0,0
BR,2015-05-08,271,1255.1697416974168,4.264680527307995,1125.0,1120.3,1129.0,34,0,0.0,0.0,0.0,0.0,0.0,0
BR,2015-05-09,219,1266.703196347032,9.871906880362348,1105.0,1094.0,1114.0,25,0,0.0,0.0,0.0,0.0,0.0,0
BR,2015-05-10,251,1307.4581673306775,0.0,1122.0,1122.0,1122.0,31,0,0.0,0.0,0.0,0.0,0.0,0
BR,2015-05-11,298,1315.5704697986575,3.559026084010437,1112.0,1106.4,1112.8,28,0,0.0,0.0,0.0,0.0,0.0,0
BR,2015-05-12,265,1267.120754716981,5.075431016179809,1120.0,1115.2,1125.2,27,1,80.8,0.0,0.0,0.0,0.0,1
BR,2015-05-13,201,1211.9502487562183,13.195051155641648,1103.0,1091.0,1124.0,26,0,0.0,0.0,0.0,0.0,0.0,0
BR,2015-05-14,293,1214.204778156997,3.5,1115.5,1112.7,1118.3,28,0,0.0,0.0,0.0,0.0,0.0,0
BR,2015-05-15,222,1262.0990990990992,8.573574099493523,1346.0,1330.8,1354.2,27,0,0.0,0.0,0.0,0.0,0.0,0
BR,2015-05-16,217,1245.63133640553,6.081478027585071,1310.0,1302.0,1318.0,29,0,0.0,0.0,0.0,0.0,0.0,0
BR,2015-05-17,243,1293.2016460905345,11.513277359447027,1071.5,1055.5,1082.0,25,0,0.0,0.0,0.0,0.0,0.0,0
BR,2015-05-18,357,1268.2268907563027,8.649643144697487,1313.0,1300.6,1321.4,30,0,0.0,0.0,0.0,0.0,0.0,0
BR,2015-05-19,276,1259.3695652173915,15.268785232268344,1322.0,1309.6,1345.8,31,0,0.0,0.0,0.0,0.0,0.0,0
BR,2015-05-20,269,1269.1970260223047,11.402588520606777,1339.0,1325.0,1353.0,27,0,0.0,0.0,0.0,0.0,0.0,0
BR,2015-05-21,249,1286.0763052208831,23.33061740146054,1384.5,1357.4,1418.4,25,0,0.0,0.0,0.0,0.0,0.0,0
BR,2015-05-22,346,1251.5838150289017,16.657548526193594,1421.0,1411.0,1451.0,38,0,0.0,0.0,0.0,0.0,0.0,0
BR,2015-05-23,363,1256.809917355371,7.521984240450139,1474.5,1464.7,1484.6,32,0,0.0,0.0,0.0,0.0,0.0,0
BR,2015-05-24,282,1270.4751773049643,0.0,1103.0,1103.0,1103.0,29,0,0.0,0.0,0.0,0.0,0.0,0
BR,2015-05-25,305,1346.2983606557377,11.664044776447318,1474.0,1461.6,1489.0,30,0,0.0,0.0,0.0,0.0,0.0,0
BR,2015-05-26,286,1241.8496503496501,11.63854034240442,1431.0,1421.0,1450.4,33,0,0.0,0.0,0.0,0.0,0.0,0
BR,2015-05-27,292,1245.390410958904,12.99548587245681,1435.5,1416.0,1444.7,28,0,0.0,0.0,0.0,0.0,0.0,0
BR,2015-05-28,292,1267.0068493150684,12.963505279661147,1376.5,1363.7,1395.4,29,0,0.0,0.0,0.0,0.0,0.0,0
BR,2015-05-29,359,1233.0584958217266,13.84340998453777,1386.5,1372.9,1410.1,33,0,0.0,0.0,0.0,0.0,0.0,0
BR,2015-05-30,214,1341.9532710280373,9.268439893106398,1404.0,1396.0,1418.0,24,0,0.0,0.0,0.0,0.0,0.0,0
BR,2015-05-31,410,1250.1268292682928,5.367487061500186,1406.0,1399.0,1414.0,32,0,0.0,0.0,0.0,0.0,0.0,0
BR,2015-06-01,294,1227.4319727891154,6.980608060111158,1400.0,1391.4,1408.0,31,0,0.0,0.0,0.0,0.0,0.0,0
BR,2015-06-02,237,1228.3417721518986,12.05860688471102,1393.5,1380.4,1406.8,28,0,0.0,0.0,0.0,0.0,0.0,0
BR,2015-06-03,211,1227.123222748816,9.192110636800653,1422.0,1407.3,1430.7,30,1,71.88,0.0,0.0,0.0,0.0,1
BR,2015-06-04,292,1249.657534246575,10.699169230469357,1424.0,1413.0,1438.8,28,0,0.0,0.0,0.0,0.0,0.0,0
BR,2015-06-05,344,1214.281976744186,11.332532984945392,1401.0,1390.0,1419.0,32,0,0.0,0.0,0.0,0.0,0.0,0
BR,2015-06-06,279,1310.1935483870973,8.060719980967596,1436.0,1427.0,1445.0,28,0,0.0,0.0,0.0,0.0,0.0,0
BR,2015-06-07,387,1160.4392764857885,9.617692030835672,1442.0,1431.7,1452.3,29,0,0.0,0.0,0.0,0.0,0.0,0
BR,2015-06-08,244,1237.1393442622946,8.407585860400118,1457.0,1447.7,1465.6,25,0,0.0,0.0,0.0,0.0,0.0,0
BR,2015-06-09,238,1354.3907563025207,6.60807586719967,1481.5,1476.5,1491.0,25,0,0.0,0.0,0.0,0.0,0.0,0
BR,2015-06-10,281,1230.106761565836,6.020797289396148,1478.5,1472.4,1484.6,29,0,0.0,0.0,0.0,0.0,0.0,0
BR,2015-06-11,242,1287.7314049586782,3.299831645537222,1470.0,1464.4,1470.0,30,0,0.0,0.0,0.0,0.0,0.0,0
BR,2015-06-12,217,1194.9354838709678,7.468641927746835,1454.0,1445.3,1461.7,30,0,0.0,0.0,0.0,0.0,0.0,0
BR,2015-06-13,321,1313.9065420560744,6.015604707757983,1428.0,1422.4,1434.3,29,0,0.0,0.0,0.0,0.0,0.0,0
BR,2015-06-14,330,1312.7575757575755,6.626033578820313,1426.5,1419.1,1435.3,29,0,0.0,0.0,0.0,0.0,0.0,0
BR,2015-06-15,320,1243.5374999999997,4.0,1426.0,1422.8,1429.2,32,0,0.0,0.0,0.0,0.0,0.0,0
BR,2015-06-16,290,1318.506896551724,0.0,1415.0,1415.0,1415.0,30,0,0.0,0.0,0.0,0.0,0.0,0
BR,2015-06-17,264,1365.4924242424242,0.0,1424.0,1424.0,1424.0,31,0,0.0,0.0,0.0,0.0,0.0,0
BR,2015-06-18,230,1340.434782608696,5.656854249492381,1083.0,1077.8,1090.2,23,0,0.0,0.0,0.0,0.0,0.0,0
BR,2015-06-19,252,1220.6666666666663,15.800574776422094,1061.5,1049.3,1087.9,27,0,0.0,0.0,0.0,0.0,0.0,0
BR,2015-06-20,235,1297.6212765957446,4.320493798938574,1040.0,1033.6,1041.6,29,0,0.0,0.0,0.0,0.0,0.0,0
BR,2015-06-21,370,1028.2594594594595,8.5,1058.5,1049.4,1067.6,27,0,0.0,0.0,0.0,0.0,0.0,0
BR,2015-06-22,235,1261.5872340425526,7.218682358990455,971.0,963.9,979.1,27,0,0.0,0.0,0.0,0.0,0.0,0
BR,2015-06-23,179,1161.402234636871,4.5,1067.5,1063.9,1071.1,22,0,0.0,0.0,0.0,0.0,0.0,0
BR,2015-06-24,277,1320.7906137184118,0.0,1219.0,1219.0,1219.0,27,0,0.0,0.0,0.0,0.0,0.0,0
BR,2015-06-25,299,1248.6421404682276,5.814254514170802,1069.0,1063.0,1075.5,31,0,0.0,0.0,0.0,0.0,0.0,0
BR,2015-06-26,346,1240.9306358381507,29.99973958220304,1242.0,1202.7,1277.8,29,0,0.0,0.0,0.0,0.0,0.0,0
BR,2015-06-27,237,1287.7172995780593,19.15959289755396,961.5,936.2,979.7,25,0,0.0,0.0,0.0,0.0,0.0,0
BR,2015-06-28,324,1250.151234567901,0.0,1086.0,1086.0,1086.0,26,0,0.0,0.0,0.0,0.0,0.0,0
BR,2015-06-29,176,1288.698863636364,0.0,1094.0,1094.0,1094.0,26,0,0.0,0.0,0.0,0.0,0.0,0
BR,2015-06-30,305,1280.5213114754094,6.737043498600912,1103.0,1098.6,1113.4,25,0,0.0,0.0,0.0,0.0,0.0,0
BR,2015-07-01,206,1315.3106796116506,0.0,1110.0,1110.0,1110.0,29,0,0.0,0.0,0.0,0.0,0.0,0
BR,2015-07-02,277,1279.0794223826715,7.289430874158545,1123.0,1114.6,1132.0,28,0,0.0,0.0,0.0,0.0,0.0,0
BR,2015-07-03,274,1306.8102189781025,7.6111030008067075,1120.0,1111.8,1130.6,30,0,0.0,0.0,0.0,0.0,0.0,0
BR,2015-07-04,239,1179.10460251046,5.635601121442148,1115.0,1108.8,1121.2,21,0,0.0,0.0,0.0,0.0,0.0,0
BR,2015-07-05,245,1329.216326530612,9.375544061348174,1112.0,1098.0,1121.0,35,0,0.0,0.0,0.0,0.0,0.0,0
BR,2015-07-06,297,1285.7037037037037,6.103277807866851,1099.5,1093.1,1105.9,29,0,0.0,0.0,0.0,0.0,0.0,0
BR,2015-07-07,244,1324.7786885245905,6.86309265683675,1121.0,1114.8,1130.8,29,0,0.0,0.0,0.0,0.0,0.0,0
BR,2015-07-08,207,1302.859903381643,4.029888335921977,1128.0,1120.4,1129.0,29,0,0.0,0.0,0.0,0.0,0.0,0
BR,2015-07-09,299,1245.0635451505016,4.707440918375928,1142.0,1137.0,1147.4,29,0,0.0,0.0,0.0,0.0,0.0,0
BR,2015-07-10,256,1176.1250000000005,8.616263691415208,1138.0,1131.8,1150.8,29,0,0.0,0.0,0.0,0.0,0.0,0
BR,2015-07-11,282,1291.6453900709218,3.5,1158.5,1155.7,1161.3,28,0,0.0,0.0,0.0,0.0,0.0,0
BR,2015-07-12,270,1252.0629629629632,13.419487494986504,936.0,913.0,945.0,26,0,0.0,0.0,0.0,0.0,0.0,0
BR,2015-07-13,327,1264.6024464831803,7.027380952032036,929.0,919.8,938.0,28,0,0.0,0.0,0.0,0.0,0.0,0
BR,2015-07-14,295,1248.5389830508475,8.030553898602971,936.0,924.6,944.4,29,0,0.0,0.0,0.0,0.0,0.0,0
BR,2015-07-15,243,1265.0329218106997,4.0,1167.0,1163.8,1170.2,30,0,0.0,0.0,0.0,0.0,0.0,0
BR,2015-07-16,226,1218.504424778761,10.90489186863706,1159.5,1150.0,1175.0,27,0,0.0,0.0,0.0,0.0,0.0,0
BR,2015-07-17,299,1244.3545150501673,4.968651728587948,1171.5,1166.8,1176.9,30,0,0.0,0.0,0.0,0.0,0.0,0
BR,2015-07-18,260,1225.7076923076925,0.0,1178.0,1178.0,1178.0,28,0,0.0,0.0,0.0,0.0,0.0,0
BR,2015-07-19,361,1277.2243767313018,5.852349955359813,929.0,925.1,937.1,33,0,0.0,0.0,0.0,0.0,0.0,0
BR,2015-07-20,437,1176.8283752860414,71.85805624224454,1091.0,1015.6,1182.4,34,0,0.0,0.0,0.0,0.0,0.0,0
BR,2015-07-21,331,1148.1208459214502,22.543784558547888,1015.0,992.5,1042.5,30,0,0.0,0.0,0.0,0.0,0.0,0
BR,2015-07-22,262,1178.0,6.377042156569663,1169.5,1163.0,1177.5,34,0,0.0,0.0,0.0,0.0,0.0,0
BR,2015-07-23,284,1229.4190140845071,8.028329940445463,950.0,942.3,961.5,33,0,0.0,0.0,0.0,0.0,0.0,0
BR,2015-07-24,258,1252.2325581395346,16.45954636879968,1205.0,1189.0,1225.5,30,0,0.0,0.0,0.0,0.0,0.0,0
BR,2015-07-25,341,1208.8445747800586,3.5,1193.5,1190.7,1196.3,30,0,0.0,0.0,0.0,0.0,0.0,0
BR,2015-07-26,287,1216.1184668989545,10.558616149856002,1177.0,1165.9,1190.1,26,0,0.0,0.0,0.0,0.0,0.0,0
BR,2015-07-27,297,1280.784511784512,9.797958971132712,987.0,976.0,998.0,25,0,0.0,0.0,0.0,0.0,0.0,0
BR,2015-07-28,320,1232.684375,4.786813161897337,1169.0,1166.8,1177.0,31,0,0.0,0.0,0.0,0.0,0.0,0
BR,2015-07-29,197,1241.553299492386,7.224091638399945,972.5,964.1,980.0,22,0,0.0,0.0,0.0,0.0,0.0,0
BR,2015-07-30,211,1199.3981042654027,3.858612300930076,1179.0,1173.4,1180.6,27,0,0.0,0.0,0.0,0.0,0.0,0
BR,2015-07-31,321,1197.859813084112,3.559026084010437,1189.0,1183.4,1189.8,25,0,0.0,0.0,0.0,0.0,0.0,0
BR,2015-08-01,186,1242.016129032258,5.916079783099616,1184.5,1178.5,1192.0,24,0,0.0,0.0,0.0,0.0,0.0,0
BR,2015-08-02,156,1191.6217948717945,4.5,1171.5,1167.9,1175.1,22,0,0.0,0.0,0.0,0.0,0.0,0
BR,2015-08-03,238,1297.9243697478992,10.512585924020662,1017.5,1005.4,1034.7,28,0,0.0,0.0,0.0,0.0,0.0,0
BR,2015-08-04,266,1166.1315789473683,58.42302628245134,1336.0,1264.1,1384.1,31,0,0.0,0.0,0.0,0.0,0.0,0
BR,2015-08-05,232,1257.6206896551726,3.832427429188973,965.0,961.3,969.4,26,0,0.0,0.0,0.0,0.0,0.0,0
BR,2015-08-06,258,1231.37984496124,16.268579122549905,1134.0,1122.4,1160.8,27,0,0.0,0.0,0.0,0.0,0.0,0
BR,2015-08-07,279,1224.8064516129034,3.7267799624996494,1122.0,1117.5,1125.5,33,0,0.0,0.0,0.0,0.0,0.0,0
BR,2015-08-08,133,1199.5413533834587,7.118052168020874,1107.0,1099.0,1116.4,25,0,0.0,0.0,0.0,0.0,0.0,0
BR,2015-08-09,196,1250.612244897959,0.0,1319.0,1319.0,1319.0,29,0,0.0,0.0,0.0,0.0,0.0,0
BR,2015-08-10,326,1307.4478527607357,4.5,1119.5,1115.9,1123.1,34,0,0.0,0.0,0.0,0.0,0.0,0
BR,2015-08-11,234,1292.320512820513,5.467073155618908,1129.5,1121.5,1134.0,30,0,0.0,0.0,0.0,0.0,0.0,0
BR,2015-08-12,225,1273.7466666666664,5.656854249492381,1130.0,1124.4,1135.6,34,0,0.0,0.0,0.0,0.0,0.0,0
BR,2015-08-13,279,1290.5448028673836,10.04987562112089,1126.5,1119.0,1141.5,28,0,0.0,0.0,0.0,0.0,0.0,0
BR,2015-08-14,256,1243.49609375,4.496912521077347,1116.0,1108.8,1116.8,30,0,0.0,0.0,0.0,0.0,0.0,0
BR,2015-08-15,200,1211.715,0.0,1355.0,1355.0,1355.0,30,0,0.0,0.0,0.0,0.0,0.0,0
BR,2015-08-16,209,1237.0000000000005,17.262019455729423,929.0,911.0,951.0,24,0,0.0,0.0,0.0,0.0,0.0,0
BR,2015-08-17,211,1311.5260663507108,15.707141233027915,946.0,929.9,962.0,28,0,0.0,0.0,0.0,0.0,0.0,0
BR,2015-08-18,211,1301.9383886255923,0.0,1136.0,1136.0,1136.0,26,0,0.0,0.0,0.0,0.0,0.0,0
BR,2015-08-19,262,1319.8816793893127,0.0,1518.0,1518.0,1518.0,36,0,0.0,0.0,0.0,0.0,0.0,0
BR,2015-08-20,194,1200.4381443298969,0.0,1143.0,1143.0,1143.0,26,0,0.0,0.0,0.0,0.0,0.0,0
BR,2015-08-21,218,1376.9311926605508,4.88460592064498,1137.0,1133.2,1144.0,27,0,0.0,0.0,0.0,0.0,0.0,0
BR,2015-08-22,246,1281.471544715447,6.722164829874376,1149.0,1142.7,1156.0,29,0,0.0,0.0,0.0,0.0,0.0,0
BR,2015-08-23,269,1209.3457249070632,3.687817782917155,1166.0,1158.4,1166.0,29,0,0.0,0.0,0.0,0.0,0.0,0
BR,2015-08-24,250,1387.056,25.0,1372.0,1352.0,1392.0,31,0,0.0,0.0,0.0,0.0,0.0,0
BR,2015-08-25,213,1411.3755868544602,0.0,1417.0,1417.0,1417.0,30,0,0.0,0.0,0.0,0.0,0.0,0
BR,2015-08-26,186,1342.4247311827958,37.27674282385138,1405.0,1373.8,1446.6,30,0,0.0,0.0,0.0,0.0,0.0,0
BR,2015-08-27,270,1283.2370370370377,50.14783699777644,1684.5,1628.0,1745.0,29,0,0.0,0.0,0.0,0.0,0.0,0
BR,2015-08-28,173,1270.2658959537573,23.5,1637.5,1618.7,1656.3,28,0,0.0,0.0,0.0,0.0,0.0,0
BR,2015-08-29,221,1220.158371040724,0.0,1632.0,1632.0,1632.0,31,0,0.0,0.0,0.0,0.0,0.0,0
BR,2015-08-30,221,1279.171945701357,0.0,1580.0,1580.0,1580.0,26,1,90.87,0.0,0.0,0.0,0.0,1
BR,2015-08-31,265,1273.6415094339625,28.0,1565.0,1542.6,1587.4,33,0,0.0,0.0,0.0,0.0,0.0,0
BR,2015-09-01,320,1278.2499999999998,34.266419421935524,1445.0,1402.0,1469.1,38,0,0.0,0.0,0.0,0.0,0.0,0
BR,2015-09-02,316,1324.5981012658228,18.0,1378.0,1363.6,1392.4,35,0,0.0,0.0,0.0,0.0,0.0,0
BR,2015-09-03,299,1236.2775919732442,0.0,1402.0,1402.0,1402.0,32,0,0.0,0.0,0.0,0.0,0.0,0
BR,2015-09-04,252,1268.75,23.84716964337697,1355.5,1328.2,1379.3,37,0,0.0,0.0,0.0,0.0,0.0,0
BR,2015-09-05,270,1281.5740740740746,7.850646665162335,923.0,915.6,934.4,37,0,0.0,0.0,0.0,0.0,0.0,0
BR,2015-09-06,243,1270.9506172839506,3.5,1233.5,1230.7,1236.3,32,0,0.0,0.0,0.0,0.0,0.0,0
BR,2015-09-07,183,1256.7704918032782,4.870216449446863,930.0,929.0,939.0,31,0,0.0,0.0,0.0,0.0,0.0,0
BR,2015-09-08,317,1245.5268138801262,8.0,1390.0,1383.6,1396.4,28,0,0.0,0.0,0.0,0.0,0.0,0
BR,2015-09-09,245,1302.677551020408,2.5,1412.5,1410.5,1414.5,24,0,0.0,0.0,0.0,0.0,0.0,0
BR,2015-09-10,267,1353.7265917602997,0.0,1352.0,1352.0,1352.0,31,0,0.0,0.0,0.0,0.0,0.0,0
BR,2015-09-11,327,1199.6697247706422,13.47425528760516,1412.0,1399.2,1425.6,31,0,0.0,0.0,0.0,0.0,0.0,0
BR,2015-09-12,287,1186.679442508711,0.0,1420.0,1420.0,1420.0,33,0,0.0,0.0,0.0,0.0,0.0,0
BR,2015-09-13,364,1209.39010989011,8.055363982396381,1444.0,1442.4,1456.8,35,1,51.65,0.0,0.0,0.0,0.0,1
BR,2015-09-14,243,1279.3168724279838,10.33870827951388,1413.0,1405.8,1425.8,33,0,0.0,0.0,0.0,0.0,0.0,0
BR,2015-09-15,315,1197.6857142857143,0.0,1319.0,1319.0,1319.0,37,0,0.0,0.0,0.0,0.0,0.0,0
BR,2015-09-16,244,1254.9590163934429,0.0,1409.0,1409.0,1409.0,33,0,0.0,0.0,0.0,0.0,0.0,0
BR,2015-09-17,234,1267.3504273504273,6.0,1411.0,1406.2,1415.8,32,0,0.0,0.0,0.0,0.0,0.0,0
BR,2015-09-18,303,1162.207920792079,0.0,1248.0,1248.0,1248.0,31,0,0.0,0.0,0.0,0.0,0.0,0
BR,2015-09-19,201,1307.8905472636816,55.03805501650653,1234.5,1210.1,1317.0,30,0,0.0,0.0,0.0,0.0,0.0,0
BR,2015-09-20,362,1173.7486187845304,117.54809890234532,1176.0,1152.0,1362.4,41,0,0.0,0.0,0.0,0.0,0.0,0
BR,2015-09-21,306,1271.075163398693,54.44894397506714,1311.0,1275.0,1386.0,38,0,0.0,0.0,0.0,0.0,0.0,0
BR,2015-09-22,322,1272.5279503105596,0.0,1000.0,1000.0,1000.0,39,0,0.0,0.0,0.0,0.0,0.0,0
BR,2015-09-23,351,1285.4786324786326,37.64638096816213,1367.5,1313.5,1390.7,38,0,0.0,0.0,0.0,0.0,0.0,0
BR,2015-09-24,373,1259.6595174262736,0.0,1382.0,1382.0,1382.0,39,0,0.0,0.0,0.0,0.0,0.0,0
BR,2015-09-25,386,1267.1787564766837,54.5,1327.5,1283.9,1371.1,39,0,0.0,0.0,0.0,0.0,0.0,0
BR,2015-09-26,370,1257.7216216216211,136.3990010960491,1275.0,1079.4,1359.3,29,0,0.0,0.0,0.0,0.0,0.0,0
BR,2015-09-27,315,1251.7587301587305,137.2157893228989,1217.0,1073.4,1411.2,32,0,0.0,0.0,0.0,0.0,0.0,0
BR,2015-09-28,327,1212.6452599388383,97.84266707321505,1197.5,1095.0,1300.7,33,0,0.0,0.0,0.0,0.0,0.0,0
BR,2015-09-29,391,1162.616368286445,35.65371649632055,991.5,964.9,1039.8,41,1,60.85,0.0,0.0,0.0,0.0,1
BR,2015-09-30,287,1159.1533101045295,4.0,1448.0,1444.8,1451.2,31,0,0.0,0.0,0.0,0.0,0.0,0
BR,2015-10-01,265,1221.8641509433962,41.7672120209142,853.5,812.1,901.9,31,0,0.0,0.0,0.0,0.0,0.0,0
BR,2015-10-02,301,1279.1860465116274,25.71683051818063,913.0,888.0,944.0,39,0,0.0,0.0,0.0,0.0,0.0,0
BR,2015-10-03,293,1210.5392491467578,0.0,914.0,914.0,914.0,35,0,0.0,0.0,0.0,0.0,0.0,0
BR,2015-10-04,400,1198.05,0.0,930.0,930.0,930.0,37,0,0.0,0.0,0.0,0.0,0.0,0
BR,2015-10-05,490,1256.3428571428567,27.345977202063974,889.0,844.0,912.8,32,0,0.0,0.0,0.0,0.0,0.0,0
BR,2015-10-06,290,1215.9103448275862,14.136362144974836,800.0,785.0,816.8,31,1,83.35,0.0,0.0,0.0,0.0,1
BR,2015-10-07,341,1217.9589442815252,5.0,766.0,762.0,770.0,38,0,0.0,0.0,0.0,0.0,0.0,0
BR,2015-10-08,382,1286.4240837696336,4.5,746.5,742.9,750.1,38,0,0.0,0.0,0.0,0.0,0.0,0
BR,2015-10-09,420,1293.2047619047617,11.858671897542056,726.0,716.0,743.0,40,0,0.0,0.0,0.0,0.0,0.0,0
BR,2015-10-10,345,1238.2666666666669,0.0,723.0,723.0,723.0,37,0,0.0,0.0,0.0,0.0,0.0,0
BR,2015-10-11,411,1244.4257907542578,8.870597499605086,704.5,694.0,712.9,33,1,78.35,0.0,0.0,0.0,0.0,1
BR,2015-10-12,572,1260.38986013986,4.0,680.0,676.8,683.2,40,0,0.0,0.0,0.0,0.0,0.0,0
BR,2015-10-13,280,1284.7000000000005,10.111874208078342,650.5,641.1,662.7,28,0,0.0,0.0,0.0,0.0,0.0,0
BR,2015-10-14,301,1322.9667774086379,4.5,652.5,648.9,656.1,33,0,0.0,0.0,0.0,0.0,0.0,0
BR,2015-10-15,282,1314.0460992907804,10.38753225969869,626.0,617.0,642.0,33,1,92.47,0.0,0.0,0.0,0.0,1
BR,2015-10-16,363,1253.889807162535,11.815667564721004,630.0,612.1,638.7,37,0,0.0,0.0,0.0,0.0,0.0,0
BR,2015-10-17,417,1242.7314148681057,52.08122580770015,628.0,618.5,636.7,35,0,0.0,0.0,0.0,0.0,0.0,0
BR,2015-10-18,408,1315.6323529411766,3.0,1321.0,1318.6,1323.4,35,0,0.0,0.0,0.0,0.0,0.0,0
BR,2015-10-19,331,1286.6132930513593,9.621404708847278,606.0,598.3,620.0,32,0,0.0,0.0,0.0,0.0,0.0,0
BR,2015-10-20,359,1319.9526462395545,8.95203266799719,581.5,569.0,590.0,36,0,0.0,0.0,0.0,0.0,0.0,0
BR,2015-10-21,325,1289.92,0.0,803.0,803.0,803.0,29,0,0.0,0.0,0.0,0.0,0.0,0
BR,2015-10-22,320,1272.5531250000006,8.073877630977572,572.5,561.0,577.7,37,0,0.0,0.0,0.0,0.0,0.0,0
BR,2015-10-23,488,1286.4815573770495,6.422616289332565,583.0,575.7,588.9,39,0,0.0,0.0,0.0,0.0,0.0,0
BR,2015-10-24,497,1247.4346076458758,4.0,579.0,575.8,582.2,43,1,48.94,0.0,0.0,0.0,0.0,1
BR,2015-10-25,523,1232.0038240917781,4.8166378315169185,586.0,580.6,591.4,38,0,0.0,0.0,0.0,0.0,0.0,0
BR,2015-10-26,441,1270.113378684807,4.189935029992178,588.0,585.6,593.6,40,0,0.0,0.0,0.0,0.0,0.0,0
BR,2015-10-27,464,1286.9267241379305,0.0,578.0,578.0,578.0,42,0,0.0,0.0,0.0,0.0,0.0,0
BR,2015-10-28,378,1216.9312169312175,3.0,577.0,574.6,579.4,37,0,0.0,0.0,0.0,0.0,0.0,0
BR,2015-10-29,437,1221.1304347826087,8.257572282456872,578.5,568.0,585.5,39,0,0.0,0.0,0.0,0.0,0.0,0
BR,2015-10-30,414,1304.898550724638,3.0,570.0,567.6,572.4,39,0,0.0,0.0,0.0,0.0,0.0,0
BR,2015-10-31,528,1242.9412878787878,4.0,1319.0,1315.8,1322.2,36,0,0.0,0.0,0.0,0.0,0.0,0
BR,2015-11-01,625,1206.4912000000002,0.0,1329.0,1329.0,1329.0,40,0,0.0,0.0,0.0,0.0,0.0,0
BR,2015-11-02,546,1251.2948717948711,5.734883511361751,1314.0,1309.2,1320.4,42,0,0.0,0.0,0.0,0.0,0.0,0
BR,2015-11-03,462,1218.1103896103896,6.797358430497326,576.0,568.4,584.4,41,0,0.0,0.0,0.0,0.0,0.0,0
BR,2015-11-04,427,1220.43793911007,6.712765785411846,574.0,566.0,582.2,37,0,0.0,0.0,0.0,0.0,0.0,0
BR,2015-11-05,320,1232.5593749999998,3.771236166328253,1342.0,1335.6,1342.0,35,0,0.0,0.0,0.0,0.0,0.0,0
BR,2015-11-06,353,1230.152974504249,8.640987597877148,602.0,589.0,609.0,38,1,96.55,0.0,0.0,0.0,0.0,1
BR,2015-11-07,329,1112.6382978723407,4.546060565661952,612.0,608.8,617.6,34,0,0.0,0.0,0.0,0.0,0.0,0
BR,2015-11-08,382,1171.638743455497,0.0,601.0,601.0,601.0,41,0,0.0,0.0,0.0,0.0,0.0,0
BR,2015-11-09,412,1234.6868932038835,8.532291603080617,595.0,586.8,605.8,33,0,0.0,0.0,0.0,0.0,0.0,0
BR,2015-11-10,281,1276.284697508897,0.0,577.0,577.0,577.0,32,0,0.0,0.0,0.0,0.0,0.0,0
BR,2015-11-11,329,1324.106382978723,26.01230478062257,1386.5,1367.3,1436.1,35,0,0.0,0.0,0.0,0.0,0.0,0
BR,2015-11-12,349,1285.3180515759311,6.974238309665077,1357.0,1351.0,1366.6,36,0,0.0,0.0,0.0,0.0,0.0,0
BR,2015-11-13,350,1294.1,4.0276819911981905,587.0,580.6,587.8,44,0,0.0,0.0,0.0,0.0,0.0,0
BR,2015-11-14,324,1244.8117283950614,0.0,580.0,580.0,580.0,35,0,0.0,0.0,0.0,0.0,0.0,0
BR,2015-11-15,268,1341.6231343283582,3.559026084010437,576.0,570.4,576.8,35,0,0.0,0.0,0.0,0.0,0.0,0
BR,2015-11-16,373,1252.3190348525472,8.825468196582484,584.5,576.0,595.5,38,1,86.52,0.0,0.0,0.0,0.0,1
BR,2015-11-17,429,1256.6013986013982,6.493073232299171,605.0,596.6,610.8,40,0,0.0,0.0,0.0,0.0,0.0,0
BR,2015-11-18,277,1347.3826714801446,0.0,594.0,594.0,594.0,32,0,0.0,0.0,0.0,0.0,0.0,0
BR,2015-11-19,273,1299.7472527472526,3.771236166328253,1353.0,1346.6,1353.0,40,0,0.0,0.0,0.0,0.0,0.0,0
BR,2015-11-20,379,1231.414248021108,5.354126134736337,596.0,592.0,602.4,33,0,0.0,0.0,0.0,0.0,0.0,0
BR,2015-11-21,289,1317.1280276816608,136.82499133874498,1040.5,967.3,1404.1,31,0,0.0,0.0,0.0,0.0,0.0,0
BR,2015-11-22,444,1257.0630630630628,13.139945329616335,1413.0,1394.9,1426.3,38,0,0.0,0.0,0.0,0.0,0.0,0
BR,2015-11-23,399,1346.2355889724308,8.227241335952167,1392.5,1388.0,1404.7,38,0,0.0,0.0,0.0,0.0,0.0,0
BR,2015-11-24,356,1363.564606741572,4.189935029992178,585.0,579.4,587.4,37,0,0.0,0.0,0.0,0.0,0.0,0
BR,2015-11-25,370,1279.5756756756757,0.0,1359.0,1359.0,1359.0,36,0,0.0,0.0,0.0,0.0,0.0,0
BR,2015-11-26,358,1290.8547486033522,3.2998316455372216,1364.0,1360.0,1366.4,39,0,0.0,0.0,0.0,0.0,0.0,0
BR,2015-11-27,312,1270.875,3.0,1374.0,1371.6,1376.4,43,0,0.0,0.0,0.0,0.0,0.0,0
BR,2015-11-28,299,1196.772575250836,4.08248290463863,1378.0,1374.0,1382.0,36,1,51.45,0.0,0.0,0.0,0.0,1
BR,2015-11-29,403,1237.9801488833746,2.449489742783178,1388.0,1385.6,1390.4,43,0,0.0,0.0,0.0,0.0,0.0,0
BR,2015-11-30,572,1235.7027972027977,0.0,581.0,581.0,581.0,44,0,0.0,0.0,0.0,0.0,0.0,0
BR,2015-12-01,93,1228.7204301075271,4.5,1382.5,1378.9,1386.1,17,0,0.0,0.0,0.0,0.0,0.0,0
BR,2015-12-02,10,1675.9,0.0,919.0,919.0,919.0,4,0,0.0,0.0,0.0,0.0,0.0,0
BR,2015-12-03,6,1794.1666666666667,8.668269082630562,1796.5,1783.5,1802.5,1,0,0.0,0.0,0.0,0.0,0.0,0
BR,2015-12-04,1,1390.0,0.0,1390.0,1390.0,1390.0,1,0,0.0,0.0,0.0,0.0,0.0,0
BR,2015-12-05,2,1848.5,11.5,1848.5,1839.3,1857.7,1,0,0.0,0.0,0.0,0.0,0.0,0
BR,2015-12-06,1,1854.0,0.0,1854.0,1854.0,1854.0,1,0,0.0,0.0,0.0,0.0,0.0,0
BR,2015-12-08,9,1580.3333333333337,0.0,1385.0,1385.0,1385.0,4,0,0.0,0.0,0.0,0.0,0.0,0
BR,2015-12-09,4,1793.5,5.5901699437494745,1792.0,1788.3,1799.9,1,0,0.0,0.0,0.0,0.0,0.0,0
BR,2015-12-10,2,1778.5,0.0,1685.0,1685.0,1685.0,2,0,0.0,0.0,0.0,0.0,0.0,0
BR,2015-12-11,5,1106.2,4.0,1255.0,1251.8,1258.2,2,0,0.0,0.0,0.0,0.0,0.0,0
BR,2015-12-12,2,1854.0,6.0,1854.0,1849.2,1858.8,1,0,0.0,0.0,0.0,0.0,0.0,0
BR,2015-12-13,13,1362.3846153846157,5.398412465054624,1377.0,1372.2,1383.8,3,0,0.0,0.0,0.0,0.0,0.0,0
BR,2015-12-14,1,1881.0,0.0,1881.0,1881.0,1881.0,1,0,0.0,0.0,0.0,0.0,0.0,0
BR,2015-12-15,8,1734.8750000000002,0.0,1513.0,1513.0,1513.0,2,0,0.0,0.0,0.0,0.0,0.0,0
BR,2015-12-16,7,1317.428571428571,8.583325077599888,1318.0,1307.2,1327.8,1,0,0.0,0.0,0.0,0.0,0.0,0
BR,2015-12-20,2,1834.0,2.0,1834.0,1832.4,1835.6,1,0,0.0,0.0,0.0,0.0,0.0,0
BR,2015-12-21,8,1464.75,6.517071598672384,1426.5,1421.5,1436.5,3,0,0.0,0.0,0.0,0.0,0.0,0
BR,2015-12-23,4,1766.0,4.949747468305833,1765.5,1760.9,1771.5,1,0,0.0,0.0,0.0,0.0,0.0,0
BR,2015-12-25,1,1885.0,0.0,1885.0,1885.0,1885.0,1,0,0.0,0.0,0.0,0.0,0.0,0
BR,2015-12-26,14,1647.0,8.576453553512405,1653.0,1645.0,1661.8,5,0,0.0,0.0,0.0,0.0,0.0,0
BR,2015-12-27,6,1899.8333333333333,0.0,1894.0,1894.0,1894.0,2,0,0.0,0.0,0.0,0.0,0.0,0
BR,2015-12-28,1,1508.0,0.0,1508.0,1508.0,1508.0,1,0,0.0,0.0,0.0,0.0,0.0,0
BR,2015-12-29,5,1461.2,0.0,1306.0,1306.0,1306.0,2,0,0.0,0.0,0.0,0.0,0.0,0
BR,2015-12-30,8,1954.875,0.0,1830.0,1830.0,1830.0,3,0,0.0,0.0,0.0,0.0,0.0,0
BR,2015-12-31,4,1621.5,5.5,1337.5,1333.1,1341.9,3,0,0.0,0.0,0.0,0.0,0.0,0
BR,2016-01-01,230,1228.291304347826,27.26461763898405,1427.5,1395.5,1439.3,29,0,0.0,0.0,0.0,0.0,0.0,0
BR,2016-01-02,333,1311.1951951951955,4.743416490252569,1336.0,1330.9,1341.1,34,0,0.0,0.0,0.0,0.0,0.0,0
BR,2016-01-03,404,1236.1707920792082,0.0,1447.0,1447.0,1447.0,41,0,0.0,0.0,0.0,0.0,0.0,0
BR,2016-01-04,307,1243.14332247557,44.81319250201019,1344.0,1340.8,1418.4,36,0,0.0,0.0,0.0,0.0,0.0,0
BR,2016-01-05,508,1270.2539370078741,0.0,1446.0,1446.0,1446.0,46,0,0.0,0.0,0.0,0.0,0.0,0
BR,2016-01-06,507,1333.463510848126,4.5,1436.5,1432.9,1440.1,41,0,0.0,0.0,0.0,0.0,0.0,0
BR,2016-01-07,522,1298.1130268199233,8.133879763065101,1409.0,1398.6,1416.8,40,0,0.0,0.0,0.0,0.0,0.0,0
BR,2016-01-08,396,1343.136363636363,21.707273147290564,1443.0,1414.4,1471.2,41,0,0.0,0.0,0.0,0.0,0.0,0
BR,2016-01-09,379,1216.242744063325,17.95034383375427,1461.0,1431.0,1477.0,32,0,0.0,0.0,0.0,0.0,0.0,0
BR,2016-01-10,397,1259.7153652392947,9.243856818930553,1427.0,1418.0,1440.0,40,1,81.71,0.0,0.0,0.0,0.0,1
BR,2016-01-11,238,1321.6470588235297,11.888124326402378,1437.0,1418.0,1450.1,33,0,0.0,0.0,0.0,0.0,0.0,0
BR,2016-01-12,246,1298.5365853658536,23.816046725530523,1442.0,1417.6,1474.7,40,0,0.0,0.0,0.0,0.0,0.0,0
BR,2016-01-13,338,1284.0414201183435,13.6218778278017,1451.5,1429.9,1465.0,45,2,84.9,0.0,0.0,0.0,0.0,2
BR,2016-01-14,268,1321.3694029850744,9.763651411684506,1472.5,1461.5,1483.1,38,0,0.0,0.0,0.0,0.0,0.0,0
BR,2016-01-15,398,1274.9597989949743,5.0,1249.0,1245.0,1253.0,44,0,0.0,0.0,0.0,0.0,0.0,0
BR,2016-01-16,296,1356.8277027027027,22.855295258711905,1501.0,1479.2,1539.8,36,0,0.0,0.0,0.0,0.0,0.0,0
BR,2016-01-17,335,1319.3194029850742,14.759293163762198,1506.5,1485.9,1522.6,39,0,0.0,0.0,0.0,0.0,0.0,0
BR,2016-01-18,272,1214.9448529411766,10.36797463148824,1507.0,1489.6,1515.0,32,0,0.0,0.0,0.0,0.0,0.0,0
BR,2016-01-19,392,1214.0714285714291,6.8263196127768815,1509.0,1501.0,1518.0,39,0,0.0,0.0,0.0,0.0,0.0,0
BR,2016-01-20,259,1212.7760617760614,8.160578491891004,1509.0,1501.0,1520.0,45,0,0.0,0.0,0.0,0.0,0.0,0
BR,2016-01-21,360,1224.9916666666672,38.30868772948971,1386.0,1362.0,1435.6,41,0,0.0,0.0,0.0,0.0,0.0,0
BR,2016-01-22,420,1233.866666666667,57.13238464303761,1388.5,1330.3,1449.8,43,0,0.0,0.0,0.0,0.0,0.0,0
BR,2016-01-23,366,1239.4863387978141,0.0,1507.0,1507.0,1507.0,45,0,0.0,0.0,0.0,0.0,0.0,0
BR,2016-01-24,392,1233.8010204081638,10.844814429025513,1510.5,1498.9,1525.9,38,0,0.0,0.0,0.0,0.0,0.0,0
BR,2016-01-25,392,1267.017857142857,6.896053621859067,1532.0,1522.6,1541.2,43,0,0.0,0.0,0.0,0.0,0.0,0
BR,2016-01-26,356,1255.6320224719102,10.100866299481446,1532.5,1520.5,1545.1,47,0,0.0,0.0,0.0,0.0,0.0,0
BR,2016-01-27,343,1350.1836734693875,6.528569691917383,1534.0,1526.0,1543.0,43,0,0.0,0.0,0.0,0.0,0.0,0
BR,2016-01-28,387,1383.5788113695094,6.405115939940638,1508.0,1500.0,1516.0,41,0,0.0,0.0,0.0,0.0,0.0,0
BR,2016-01-29,634,1393.8817034700317,13.243788124076605,1506.0,1491.6,1525.6,49,1,73.0,0.0,0.0,0.0,0.0,1
BR,2016-01-30,429,1291.7132867132864,4.1182520563948,1511.0,1503.8,1512.8,36,0,0.0,0.0,0.0,0.0,0.0,0
BR,2016-01-31,517,1272.1818181818182,3.0,1524.0,1521.6,1526.4,45,0,0.0,0.0,0.0,0.0,0.0,0
BR,2016-02-01,440,1364.8590909090908,3.559026084010437,1535.0,1529.4,1535.8,51,2,88.22,0.0,0.0,0.0,0.0,2
BR,2016-02-02,463,1390.328293736501,3.7712361663282534,1527.0,1527.0,1533.4,43,0,0.0,0.0,0.0,0.0,0.0,0
BR,2016-02-03,370,1378.8648648648646,7.2571803523590805,1531.0,1520.2,1534.2,42,0,0.0,0.0,0.0,0.0,0.0,0
BR,2016-02-04,381,1404.3884514435704,5.42883249163411,1469.0,1460.0,1472.5,44,0,0.0,0.0,0.0,0.0,0.0,0
BR,2016-02-05,420,1370.2285714285715,4.0,1524.0,1520.8,1527.2,38,0,0.0,0.0,0.0,0.0,0.0,0
BR,2016-02-06,449,1294.7527839643656,7.243771270700244,1538.0,1530.0,1545.5,45,1,9.35,0.0,0.0,0.0,0.0,1
BR,2016-02-07,382,1298.068062827225,0.0,1447.0,1447.0,1447.0,34,0,0.0,0.0,0.0,0.0,0.0,0
BR,2016-02-08,554,1177.8212996389889,85.5,1369.5,1301.1,1437.9,39,0,0.0,0.0,0.0,0.0,0.0,0
BR,2016-02-09,388,1372.1829896907216,65.32227797620043,1447.0,1343.4,1452.6,36,0,0.0,0.0,0.0,0.0,0.0,0
BR,2016-02-10,371,1348.4150943396228,3.0,1465.0,1462.6,1467.4,48,0,0.0,0.0,0.0,0.0,0.0,0
BR,2016-02-11,383,1374.3524804177546,5.788451678947158,1476.0,1469.4,1481.4,45,2,63.455,0.0,0.0,0.0,0.0,1
BR,2016-02-12,415,1314.506024096385,15.3667743883367,1083.5,1063.1,1104.0,38,0,0.0,0.0,0.0,0.0,0.0,0
BR,2016-02-13,431,1269.8236658932715,5.384018417593652,1543.0,1535.6,1551.0,45,0,0.0,0.0,0.0,0.0,0.0,0
BR,2016-02-14,454,1283.7004405286339,8.01463505095522,1560.0,1551.8,1572.0,43,1,35.42,0.0,0.0,0.0,0.0,1
BR,2016-02-15,375,1260.768,7.626270385975047,1581.0,1575.2,1592.0,39,0,0.0,0.0,0.0,0.0,0.0,0
BR,2016-02-16,433,1334.3787528868363,0.0,1491.0,1491.0,1491.0,38,0,0.0,0.0,0.0,0.0,0.0,0
BR,2016-02-17,397,1354.6926952141055,19.264965322805253,1541.5,1523.4,1573.4,41,0,0.0,0.0,0.0,0.0,0.0,0
BR,2016-02-18,372,1327.8118279569896,9.178501945262292,1520.0,1506.4,1527.2,44,0,0.0,0.0,0.0,0.0,0.0,0
BR,2016-02-19,428,1314.5327102803737,9.794769012079866,1486.5,1472.9,1495.1,42,0,0.0,0.0,0.0,0.0,0.0,0
BR,2016-02-20,393,1265.2162849872775,0.0,1452.0,1452.0,1452.0,38,0,0.0,0.0,0.0,0.0,0.0,0
BR,2016-02-21,437,1268.8832951945085,0.0,1294.0,1294.0,1294.0,40,0,0.0,0.0,0.0,0.0,0.0,0
BR,2016-02-22,466,1358.8304721030042,0.0,1458.0,1458.0,1458.0,48,0,0.0,0.0,0.0,0.0,0.0,0
BR,2016-02-23,499,1377.6052104208416,8.5,1055.5,1048.7,1062.3,45,0,0.0,0.0,0.0,0.0,0.0,0
BR,2016-02-24,391,1448.4552429667528,3.5,1457.5,1454.7,1460.3,45,0,0.0,0.0,0.0,0.0,0.0,0
BR,2016-02-25,418,1414.8229665071765,6.368673331236264,1447.0,1441.2,1455.0,46,0,0.0,0.0,0.0,0.0,0.0,0
BR,2016-02-26,524,1430.3396946564885,20.50092495120277,1503.0,1481.0,1530.0,44,0,0.0,0.0,0.0,0.0,0.0,0
BR,2016-02-27,455,1314.4373626373624,6.979259213670003,1533.0,1524.4,1539.8,46,1,57.78,0.0,57.78,57.78,57.78,1
BR,2016-02-28,469,1346.4456289978677,0.0,1545.0,1545.0,1545.0,48,0,0.0,0.0,0.0,0.0,0.0,0
BR,2016-02-29,543,1329.8913443830565,4.0,1542.0,1538.8,1545.2,46,0,0.0,0.0,0.0,0.0,0.0,0
BR,2016-03-01,544,1373.0257352941176,9.419427985964246,1530.0,1521.0,1540.0,52,0,0.0,0.0,0.0,0.0,0.0,0
BR,2016-03-02,488,1359.6086065573775,13.931618714277247,1520.0,1500.2,1533.7,47,2,94.22,0.0,0.0,0.0,0.0,2
BR,2016-03-03,462,1409.9761904761901,28.671511218552045,1545.0,1511.3,1587.8,48,6,93.99,0.0,0.0,0.0,0.0,2
BR,2016-03-04,415,1374.9108433734943,9.751281967003107,1598.0,1585.8,1607.7,50,2,99.04,0.0,0.0,0.0,0.0,2
BR,2016-03-05,458,1275.11135371179,3.5,1200.5,1197.7,1203.3,46,0,0.0,0.0,0.0,0.0,0.0,0
BR,2016-03-06,514,1295.5175097276262,4.2895221179054435,1597.0,1591.4,1600.6,45,2,97.06,0.0,0.0,0.0,0.0,2
BR,2016-03-07,505,1326.0792079207922,7.330373455697875,1583.0,1575.4,1593.1,45,0,0.0,0.0,0.0,0.0,0.0,0
BR,2016-03-08,490,1310.8326530612244,13.03600782448369,1617.5,1596.6,1627.1,47,0,0.0,0.0,0.0,0.0,0.0,0
BR,2016-03-09,425,1370.223529411765,4.96158079150358,1635.0,1631.6,1641.4,49,0,0.0,0.0,0.0,0.0,0.0,0
BR,2016-03-10,500,1349.142,4.0,1628.0,1624.8,1631.2,48,1,74.13,0.0,0.0,0.0,0.0,1
BR,2016-03-11,462,1341.580086580087,4.153311931459037,1179.0,1175.3,1184.1,45,0,0.0,0.0,0.0,0.0,0.0,0
BR,2016-03-12,512,1270.7421875,0.0,1464.0,1464.0,1464.0,47,0,0.0,0.0,0.0,0.0,0.0,0
BR,2016-03-13,531,1324.0037664783429,0.0,1471.0,1471.0,1471.0,41,0,0.0,0.0,0.0,0.0,0.0,0
BR,2016-03-14,521,1439.1170825335892,14.119467943233555,1632.0,1616.5,1652.0,46,0,0.0,0.0,0.0,0.0,0.0,0
BR,2016-03-15,520,1382.086538461539,6.171709649683789,1639.0,1634.2,1644.6,47,0,0.0,0.0,0.0,0.0,0.0,0
BR,2016-03-16,470,1388.0957446808509,11.997041055311941,1640.0,1622.0,1651.8,41,0,0.0,0.0,0.0,0.0,0.0,0
BR,2016-03-17,554,1367.8158844765344,25.798901785411974,1055.5,1019.4,1089.2,38,0,0.0,0.0,0.0,0.0,0.0,0
BR,2016-03-18,434,1437.824884792627,7.880950133074057,1659.5,1651.5,1668.0,41,0,0.0,0.0,0.0,0.0,0.0,0
BR,2016-03-19,396,1326.2651515151515,0.0,1145.0,1145.0,1145.0,43,2,94.74,0.0,0.0,0.0,0.0,2
BR,2016-03-20,508,1332.7185039370074,4.5,1141.5,1137.9,1145.1,39,0,0.0,0.0,0.0,0.0,0.0,0
BR,2016-03-21,568,1329.1566901408453,123.32702686579108,1081.0,1073.8,1286.6,43,0,0.0,0.0,0.0,0.0,0.0,0
BR,2016-03-22,494,1351.9149797570844,124.3481770505803,1115.0,1097.2,1373.4,45,0,0.0,0.0,0.0,0.0,0.0,0
BR,2016-03-23,464,1353.8017241379314,4.0,1640.0,1636.8,1643.2,40,0,0.0,0.0,0.0,0.0,0.0,0
BR,2016-03-24,560,1359.1142857142856,4.4,1634.0,1626.8,1636.6,47,0,0.0,0.0,0.0,0.0,0.0,0
BR,2016-03-25,392,1303.7525510204084,0.0,1371.0,1371.0,1371.0,41,0,0.0,0.0,0.0,0.0,0.0,0
BR,2016-03-26,534,1382.1760299625469,0.0,1382.0,1382.0,1382.0,38,0,0.0,0.0,0.0,0.0,0.0,0
BR,2016-03-27,532,1324.6560150375938,5.900536122303824,1190.0,1181.6,1196.8,39,0,0.0,0.0,0.0,0.0,0.0,0
BR,2016-03-28,443,1339.3860045146728,20.237478982214054,1116.0,1084.8,1121.6,45,0,0.0,0.0,0.0,0.0,0.0,0
BR,2016-03-29,494,1347.7651821862348,9.38609425864128,1195.0,1185.6,1205.4,46,0,0.0,0.0,0.0,0.0,0.0,0
BR,2016-03-30,427,1364.1990632318507,9.41629792788369,1371.0,1363.0,1381.4,45,0,0.0,0.0,0.0,0.0,0.0,0
BR,2016-03-31,482,1363.7053941908714,148.71383780790393,1394.5,1086.0,1401.0,44,0,0.0,0.0,0.0,0.0,0.0,0
BR,2016-04-01,453,1360.880794701987,5.075431016179809,1242.0,1236.8,1246.8,44,0,0.0,0.0,0.0,0.0,0.0,0
BR,2016-04-02,461,1282.8676789587853,85.70019896172585,1107.5,1013.0,1138.0,46,0,0.0,0.0,0.0,0.0,0.0,0
BR,2016-04-03,437,1362.4622425629289,126.54063594110272,1131.0,1000.8,1341.0000000000002,46,0,0.0,0.0,0.0,0.0,0.0,0
BR,2016-04-04,505,1361.037623762376,130.2873746761366,1113.0,1031.8,1273.6,48,0,0.0,0.0,0.0,0.0,0.0,0
BR,2016-04-05,488,1329.842213114754,102.72505779993506,1106.0,1058.6,1189.3,43,0,0.0,0.0,0.0,0.0,0.0,0
BR,2016-04-06,351,1329.2507122507125,178.09711770080204,1088.5,965.0,1389.0,39,1,80.89,0.0,0.0,0.0,0.0,1
BR,2016-04-07,500,1375.388,228.16390037010405,961.0,930.6,1423.4,52,0,0.0,0.0,0.0,0.0,0.0,0
BR,2016-04-08,446,1382.616591928251,84.51445957675539,1094.0,913.4,1103.8,52,0,0.0,0.0,0.0,0.0,0.0,0
BR,2016-04-09,724,1382.7071823204417,91.75195394448872,1124.0,905.6,1140.0,38,0,0.0,0.0,0.0,0.0,0.0,0
BR,2016-04-10,455,1291.5868131868128,113.19997921429864,903.0,878.6,1129.4,40,0,0.0,0.0,0.0,0.0,0.0,0
BR,2016-04-11,388,1345.9974226804125,0.0,910.0,910.0,910.0,42,0,0.0,0.0,0.0,0.0,0.0,0
BR,2016-04-12,482,1391.4232365145233,199.5466048320542,1126.5,902.0,1422.0,44,0,0.0,0.0,0.0,0.0,0.0,0
BR,2016-04-13,506,1323.351778656126,100.8432446919475,1136.0,984.4,1147.2,44,0,0.0,0.0,0.0,0.0,0.0,0
BR,2016-04-14,505,1349.3504950495048,110.13060428418616,1162.0,1152.4,1338.2,43,0,0.0,0.0,0.0,0.0,0.0,0
BR,2016-04-15,452,1348.9358407079646,137.44413006341483,1168.0,937.6,1173.6,47,0,0.0,0.0,0.0,0.0,0.0,0
BR,2016-04-16,484,1395.2148760330576,145.1868102705725,1179.0,877.9,1197.0,41,0,0.0,0.0,0.0,0.0,0.0,0
BR,2016-04-17,459,1348.392156862746,145.1743205023992,1168.5,869.5,1185.5,42,0,0.0,0.0,0.0,0.0,0.0,0
BR,2016-04-18,381,1370.2519685039374,4.027681991198191,1199.0,1198.2,1205.4,42,0,0.0,0.0,0.0,0.0,0.0,0
BR,2016-04-19,410,1303.7951219512202,140.1190922037393,1007.0,861.8,1153.1,41,0,0.0,0.0,0.0,0.0,0.0,0
BR,2016-04-20,504,1344.1051587301586,140.6066854740556,1147.0,866.8,1158.6,51,0,0.0,0.0,0.0,0.0,0.0,0
BR,2016-04-21,469,1291.9232409381666,144.47556021694464,1153.0,857.4,1160.4,51,0,0.0,0.0,0.0,0.0,0.0,0
BR,2016-04-22,401,1288.4239401496252,154.58951020902637,997.0,837.0,1152.5,43,0,0.0,0.0,0.0,0.0,0.0,0
BR,2016-04-23,359,1345.6128133704733,167.5,993.5,859.5,1127.5,38,0,0.0,0.0,0.0,0.0,0.0,0
BR,2016-04-24,378,1290.0793650793653,192.38946232946208,1153.0,836.0,1356.0,40,0,0.0,0.0,0.0,0.0,0.0,0
BR,2016-04-25,340,1364.0411764705884,170.62124537993503,1135.5,842.6,1225.6,49,0,0.0,0.0,0.0,0.0,0.0,0
BR,2016-04-26,452,1251.7300884955748,233.70969646598368,1158.0,901.2,1358.0,50,0,0.0,0.0,0.0,0.0,0.0,0
BR,2016-04-27,399,1361.3057644110268,210.1015204345006,1143.0,835.4,1376.4,48,0,0.0,0.0,0.0,0.0,0.0,0
BR,2016-04-28,391,1335.4654731457804,0.0,1641.0,1641.0,1641.0,49,0,0.0,0.0,0.0,0.0,0.0,0
BR,2016-04-29,509,1360.0353634577602,0.0,582.0,582.0,582.0,47,0,0.0,0.0,0.0,0.0,0.0,0
BR,2016-04-30,394,1285.8553299492385,198.7161822644296,1162.0,822.0,1355.5,45,1,96.76,0.0,0.0,0.0,0.0,1
BR,2016-05-01,467,1344.0556745182014,516.2202630660676,1642.0,591.4,1649.0,52,0,0.0,0.0,0.0,0.0,0.0,0
BR,2016-05-02,442,1379.375565610859,18.380560126073533,1605.0,1592.0,1640.0,49,0,0.0,0.0,0.0,0.0,0.0,0
BR,2016-05-03,475,1378.1515789473685,18.304990149133147,1623.0,1594.6,1642.2,53,0,0.0,0.0,0.0,0.0,0.0,0
BR,2016-05-04,348,1374.7758620689656,10.45270200503435,1672.0,1655.0,1681.8,45,0,0.0,0.0,0.0,0.0,0.0,0
BR,2016-05-05,507,1269.2998027613407,241.99475738924204,1655.0,1640.8,1663.6,41,0,0.0,0.0,0.0,0.0,0.0,0
BR,2016-05-06,495,1316.1373737373735,153.26882701101792,1147.0,843.4,1156.4,46,0,0.0,0.0,0.0,0.0,0.0,0
BR,2016-05-07,379,1317.944591029024,512.6363835394393,1692.5,554.7,1715.3,40,0,0.0,0.0,0.0,0.0,0.0,0
BR,2016-05-08,408,1296.1029411764705,344.5632597941922,1697.5,1570.7,1709.1,47,0,0.0,0.0,0.0,0.0,0.0,0
BR,2016-05-09,476,1349.4516806722688,10.099504938362077,541.0,529.8,554.0,44,0,0.0,0.0,0.0,0.0,0.0,0
BR,2016-05-10,419,1349.620525059666,4.866980583482946,558.0,551.9,562.0,46,1,55.75,0.0,0.0,0.0,0.0,1
BR,2016-05-11,449,1301.229398663697,7.337574531137657,1703.0,1698.0,1714.2,42,0,0.0,0.0,0.0,0.0,0.0,0
BR,2016-05-12,387,1334.2868217054263,5.114684741017769,1723.0,1718.4,1728.4,44,0,0.0,0.0,0.0,0.0,0.0,0
BR,2016-05-13,490,1403.4142857142858,0.0,548.0,548.0,548.0,43,0,0.0,0.0,0.0,0.0,0.0,0
BR,2016-05-14,383,1271.0313315926894,200.2890099331464,1021.5,839.5,1318.6,43,0,0.0,0.0,0.0,0.0,0.0,0
BR,2016-05-15,547,1275.0146252285192,8.758427893840175,1737.0,1725.6,1745.2,48,0,0.0,0.0,0.0,0.0,0.0,0
BR,2016-05-16,526,1299.3174904942969,4.673328578219169,552.0,547.4,557.6,44,0,0.0,0.0,0.0,0.0,0.0,0
BR,2016-05-17,561,1284.081996434937,6.811392055108491,1693.0,1686.4,1700.8,52,0,0.0,0.0,0.0,0.0,0.0,0
BR,2016-05-18,393,1305.4707379134861,6.363159271805739,1696.0,1689.8,1703.6,47,0,0.0,0.0,0.0,0.0,0.0,0
BR,2016-05-19,475,1347.6526315789474,8.0,1706.0,1698.0,1716.4,43,0,0.0,0.0,0.0,0.0,0.0,0
BR,2016-05-20,498,1404.6144578313263,10.27807807369106,1714.0,1703.2,1729.2,48,2,95.1,0.0,0.0,0.0,0.0,2
BR,2016-05-21,454,1313.0925110132164,401.4327963682091,1685.0,580.8,1718.3,44,0,0.0,0.0,0.0,0.0,0.0,0
BR,2016-05-22,483,1273.7577639751553,351.5977815629672,1651.5,1326.3000000000002,1664.1,46,0,0.0,0.0,0.0,0.0,0.0,0
BR,2016-05-23,472,1295.1588983050856,5.024937810560445,607.0,601.1,611.5,45,0,0.0,0.0,0.0,0.0,0.0,0
BR,2016-05-24,453,1343.5187637969086,284.5846266442062,1619.5,1612.0,1642.9,50,0,0.0,0.0,0.0,0.0,0.0,0
BR,2016-05-25,496,1391.8810483870966,5.792715732327588,601.0,593.8,605.0,45,0,0.0,0.0,0.0,0.0,0.0,0
BR,2016-05-26,424,1351.3372641509432,9.70529279997947,1605.0,1596.0,1620.7,44,0,0.0,0.0,0.0,0.0,0.0,0
BR,2016-05-27,460,1303.2717391304343,326.2648464054931,1580.0,1278.8000000000002,1590.7,46,0,0.0,0.0,0.0,0.0,0.0,0
BR,2016-05-28,351,1314.945868945869,0.0,605.0,605.0,605.0,45,0,0.0,0.0,0.0,0.0,0.0,0
BR,2016-05-29,437,1333.2768878718532,3.0,616.0,613.6,618.4,43,0,0.0,0.0,0.0,0.0,0.0,0
BR,2016-05-30,469,1313.0959488272924,5.80430874437258,624.0,615.8,632.1,41,0,0.0,0.0,0.0,0.0,0.0,0
BR,2016-05-31,380,1352.7421052631576,5.2094998693625945,613.5,608.0,620.0,47,0,0.0,0.0,0.0,0.0,0.0,0
BR,2016-06-01,412,1325.1723300970878,476.6003960342459,1576.0,595.7,1587.1,41,0,0.0,0.0,0.0,0.0,0.0,0
BR,2016-06-02,424,1386.0518867924534,5.539629951540085,596.0,588.9,601.3,44,0,0.0,0.0,0.0,0.0,0.0,0
BR,2016-06-03,389,1326.6915167095115,210.61459573473994,1603.0,1573.0,1618.0,42,0,0.0,0.0,0.0,0.0,0.0,0
BR,2016-06-04,408,1302.911764705882,9.211270270706425,1635.5,1623.9,1647.3,48,0,0.0,0.0,0.0,0.0,0.0,0
BR,2016-06-05,439,1274.1958997722093,48.53008912183255,1090.0,1056.0,1193.0,41,0,0.0,0.0,0.0,0.0,0.0,0
BR,2016-06-06,405,1411.4345679012345,186.54599687211584,1656.0,1643.0,1677.0,39,0,0.0,0.0,0.0,0.0,0.0,0
BR,2016-06-07,443,1381.3273137697508,395.0500671504253,1653.5,1124.5,1660.0,43,0,0.0,0.0,0.0,0.0,0.0,0
BR,2016-06-08,351,1349.361823361823,6.986868148935704,1653.0,1644.8,1660.0,40,0,0.0,0.0,0.0,0.0,0.0,0
BR,2016-06-09,344,1437.2587209302328,416.5309112178831,1632.0,1004.2,1637.2,44,0,0.0,0.0,0.0,0.0,0.0,0
BR,2016-06-10,392,1371.5816326530621,469.09013102005053,1626.0,591.6,1634.0,45,1,83.78,0.0,0.0,0.0,0.0,1
BR,2016-06-11,379,1299.456464379947,151.34563092471484,1019.5,1012.9,1364.4,38,0,0.0,0.0,0.0,0.0,0.0,0
BR,2016-06-12,411,1320.929440389294,111.73740421183948,1030.0,1015.9,1193.6000000000004,44,0,0.0,0.0,0.0,0.0,0.0,0
BR,2016-06-13,406,1430.6182266009853,6.298147875897061,578.5,572.5,586.0,42,0,0.0,0.0,0.0,0.0,0.0,0
BR,2016-06-14,370,1359.5702702702702,526.6631328995372,573.5,556.6,1636.1,47,0,0.0,0.0,0.0,0.0,0.0,0
BR,2016-06-15,431,1382.5243619489556,400.0373854056921,1629.0,665.9000000000001,1637.8,47,0,0.0,0.0,0.0,0.0,0.0,0
BR,2016-06-16,351,1364.6524216524217,540.0,1095.0,663.0,1527.0,40,0,0.0,0.0,0.0,0.0,0.0,0
BR,2016-06-17,327,1332.4342507645254,7.602996485304695,1351.0,1343.0,1359.5,43,0,0.0,0.0,0.0,0.0,0.0,0
BR,2016-06-18,313,1337.817891373802,3.7712361663282534,1626.0,1619.6,1626.0,41,0,0.0,0.0,0.0,0.0,0.0,0
BR,2016-06-19,432,1359.615740740741,110.92253420180228,1064.0,1041.0,1281.5,48,0,0.0,0.0,0.0,0.0,0.0,0
BR,2016-06-20,482,1380.7365145228218,3.0,560.0,557.6,562.4,47,0,0.0,0.0,0.0,0.0,0.0,0
BR,2016-06-21,371,1379.7924528301885,0.0,563.0,563.0,563.0,43,0,0.0,0.0,0.0,0.0,0.0,0
BR,2016-06-22,449,1404.3006681514482,540.0,1095.0,663.0,1527.0,46,1,61.96,0.0,0.0,0.0,0.0,1
BR,2016-06-23,385,1387.0051948051948,3.681787005729087,567.0,563.0,570.2,46,1,93.42,0.0,0.0,0.0,0.0,1
BR,2016-06-24,353,1376.7535410764876,0.0,578.0,578.0,578.0,43,0,0.0,0.0,0.0,0.0,0.0,0
BR,2016-06-25,344,1348.6308139534883,60.88330526100019,1164.0,1149.0,1179.0,44,0,0.0,0.0,0.0,0.0,0.0,0
BR,2016-06-26,388,1323.9587628865972,124.8172564191346,1325.0,1005.2,1349.5,43,0,0.0,0.0,0.0,0.0,0.0,0
BR,2016-06-27,415,1417.650602409639,4.955804677345546,578.0,572.0,583.0,47,0,0.0,0.0,0.0,0.0,0.0,0
BR,2016-06-28,451,1374.6496674057641,2.0,566.0,564.4,567.6,51,0,0.0,0.0,0.0,0.0,0.0,0
BR,2016-06-29,466,1321.7703862660942,8.74642784226795,548.5,538.4,557.2,44,0,0.0,0.0,0.0,0.0,0.0,0
BR,2016-06-30,378,1398.4735449735447,4.5,524.5,520.9,528.1,39,0,0.0,0.0,0.0,0.0,0.0,0
BR,2016-07-01,386,1385.474093264249,4.815340071064556,508.0,500.8,511.9,44,0,0.0,0.0,0.0,0.0,0.0,0
BR,2016-07-02,349,1318.3753581661888,0.0,521.0,521.0,521.0,33,0,0.0,0.0,0.0,0.0,0.0,0
BR,2016-07-03,430,1345.1767441860463,0.0,513.0,513.0,513.0,49,1,82.02,0.0,0.0,0.0,0.0,1
BR,2016-07-04,315,1450.6857142857139,5.0,526.0,522.0,530.0,42,0,0.0,0.0,0.0,0.0,0.0,0
BR,2016-07-05,397,1357.4584382871537,23.94159560263267,1386.0,1342.4,1394.2,46,0,0.0,0.0,0.0,0.0,0.0,0
BR,2016-07-06,423,1483.7541371158393,78.71492869843686,1403.5,1333.8,1410.4,44,0,0.0,0.0,0.0,0.0,0.0,0
BR,2016-07-07,365,1417.7616438356163,5.7608593109014565,548.5,542.1,554.2,39,0,0.0,0.0,0.0,0.0,0.0,0
BR,2016-07-08,427,1410.7962529274002,9.617692030835672,557.0,546.7,567.3,41,0,0.0,0.0,0.0,0.0,0.0,0
BR,2016-07-09,417,1388.630695443645,7.917946548886296,1409.0,1400.6,1418.2,37,0,0.0,0.0,0.0,0.0,0.0,0
BR,2016-07-10,347,1395.9077809798264,5.539629951540085,1416.5,1408.4,1419.7,39,1,67.08,0.0,0.0,0.0,0.0,1
BR,2016-07-11,512,1355.8320312499995,5.354126134736337,571.0,567.0,577.4,43,0,0.0,0.0,0.0,0.0,0.0,0
BR,2016-07-12,437,1443.281464530892,4.546060565661952,552.0,548.8,557.6,41,0,0.0,0.0,0.0,0.0,0.0,0
BR,2016-07-13,370,1301.527027027027,7.272474743090476,1471.0,1463.0,1480.0,36,0,0.0,0.0,0.0,0.0,0.0,0
BR,2016-07-14,460,1373.0608695652174,0.0,540.0,540.0,540.0,40,0,0.0,0.0,0.0,0.0,0.0,0
BR,2016-07-15,384,1372.127604166667,6.0,540.0,535.2,544.8,40,2,73.75,0.0,0.0,0.0,0.0,2
BR,2016-07-16,457,1369.3960612691467,0.0,538.0,538.0,538.0,38,0,0.0,0.0,0.0,0.0,0.0,0
BR,2016-07-17,433,1327.4249422632795,182.9881924371859,1281.5,1006.0,1435.4,34,0,0.0,0.0,0.0,0.0,0.0,0
BR,2016-07-18,300,1385.9633333333334,10.96003873075236,1457.0,1443.0,1470.0,30,0,0.0,0.0,0.0,0.0,0.0,0
BR,2016-07-19,343,1334.5072886297373,0.0,547.0,547.0,547.0,37,0,0.0,0.0,0.0,0.0,0.0,0
BR,2016-07-20,362,1394.5966850828731,0.0,554.0,554.0,554.0,36,0,0.0,0.0,0.0,0.0,0.0,0
BR,2016-07-21,282,1381.1134751773045,6.342099196813483,544.0,535.2,547.2,44,0,0.0,0.0,0.0,0.0,0.0,0
BR,2016-07-22,363,1323.4710743801652,3.0,523.0,520.6,525.4,38,0,0.0,0.0,0.0,0.0,0.0,0
BR,2016-07-23,348,1312.2270114942528,186.07094093847215,1156.0,1114.6,1510.6,40,1,11.96,0.0,0.0,0.0,0.0,1
BR,2016-07-24,509,1361.7426326129664,7.632168761236874,1524.0,1516.5,1532.9,36,0,0.0,0.0,0.0,0.0,0.0,0
BR,2016-07-25,458,1328.7685589519651,178.8438866790507,1165.0,1158.8,1541.0,43,0,0.0,0.0,0.0,0.0,0.0,0
BR,2016-07-26,470,1427.91914893617,3.943478211954932,1535.0,1535.0,1544.0,35,0,0.0,0.0,0.0,0.0,0.0,0
BR,2016-07-27,318,1404.9811320754714,270.2542524119566,997.0,972.4,1540.0,43,0,0.0,0.0,0.0,0.0,0.0,0
BR,2016-07-28,413,1400.4818401937043,0.0,515.0,515.0,515.0,44,0,0.0,0.0,0.0,0.0,0.0,0
BR,2016-07-29,354,1316.25988700565,150.6408532459461,1496.0,1243.2,1501.6,41,0,0.0,0.0,0.0,0.0,0.0,0
BR,2016-07-30,441,1402.7755102040817,10.552105892925365,1481.0,1471.2,1495.6,42,0,0.0,0.0,0.0,0.0,0.0,0
BR,2016-07-31,368,1321.6684782608693,7.774316690230724,1456.0,1445.6,1463.5,39,0,0.0,0.0,0.0,0.0,0.0,0
BR,2016-08-01,345,1290.4318840579708,2.65329983228432,1477.0,1472.4,1478.2,39,0,0.0,0.0,0.0,0.0,0.0,0
BR,2016-08-02,382,1451.3691099476443,3.559026084010437,1484.0,1483.2,1489.6,41,0,0.0,0.0,0.0,0.0,0.0,0
BR,2016-08-03,352,1404.596590909091,6.144916598294887,1480.0,1473.4,1486.8,38,0,0.0,0.0,0.0,0.0,0.0,0
BR,2016-08-04,338,1334.908284023668,81.40024569987489,532.0,524.8,666.4,46,0,0.0,0.0,0.0,0.0,0.0,0
BR,2016-08-05,454,1333.262114537445,245.71121260536728,1191.0,941.0,1438.0,48,0,0.0,0.0,0.0,0.0,0.0,0
BR,2016-08-06,368,1324.3722826086955,3.5,1443.5,1440.7,1446.3,37,0,0.0,0.0,0.0,0.0,0.0,0
BR,2016-08-07,445,1356.6404494382023,0.0,523.0,523.0,523.0,46,0,0.0,0.0,0.0,0.0,0.0,0
BR,2016-08-08,346,1341.5953757225432,265.4440844763188,931.0,912.0,1452.0,33,0,0.0,0.0,0.0,0.0,0.0,0
BR,2016-08-09,386,1308.419689119171,8.253632471802451,1431.0,1424.2,1443.6,38,0,0.0,0.0,0.0,0.0,0.0,0
BR,2016-08-10,279,1354.7419354838712,2.867441755680876,1427.0,1423.8,1429.4,36,0,0.0,0.0,0.0,0.0,0.0,0
BR,2016-08-11,382,1411.2801047120413,9.166053072376345,1421.0,1406.0,1428.0,44,0,0.0,0.0,0.0,0.0,0.0,0
BR,2016-08-12,338,1284.4260355029585,0.0,1405.0,1405.0,1405.0,39,0,0.0,0.0,0.0,0.0,0.0,0
BR,2016-08-13,279,1373.2867383512546,237.472389558174,1402.0,903.4,1410.0,35,0,0.0,0.0,0.0,0.0,0.0,0
BR,2016-08-14,303,1385.4653465346537,4.496912521077347,1413.0,1409.0,1417.8,42,0,0.0,0.0,0.0,0.0,0.0,0
BR,2016-08-15,338,1433.198224852071,3.0,1429.0,1426.6,1431.4,42,0,0.0,0.0,0.0,0.0,0.0,0
BR,2016-08-16,273,1331.2014652014652,11.495168067013587,1455.5,1443.0,1470.0,36,0,0.0,0.0,0.0,0.0,0.0,0
BR,2016-08-17,316,1287.7088607594935,11.71537451385998,1496.0,1481.0,1509.8,37,0,0.0,0.0,0.0,0.0,0.0,0
BR,2016-08-18,343,1364.9416909620995,5.443588252359329,1524.0,1517.0,1529.0,40,0,0.0,0.0,0.0,0.0,0.0,0
BR,2016-08-19,366,1336.4508196721308,6.323319934970869,1519.5,1511.5,1525.5,40,0,0.0,0.0,0.0,0.0,0.0,0
BR,2016-08-20,274,1380.1131386861314,4.445222154178574,1516.0,1510.6,1520.6,32,1,61.32,0.0,0.0,0.0,0.0,1
BR,2016-08-21,462,1420.6839826839828,24.97856859167252,1476.0,1446.4,1512.4,43,0,0.0,0.0,0.0,0.0,0.0,0
BR,2016-08-22,322,1443.4565217391298,4.322904116447646,1461.5,1456.6,1465.7,38,0,0.0,0.0,0.0,0.0,0.0,0
BR,2016-08-23,265,1352.6377358490572,0.0,532.0,532.0,532.0,43,0,0.0,0.0,0.0,0.0,0.0,0
BR,2016-08-24,312,1305.6666666666672,0.0,526.0,526.0,526.0,45,0,0.0,0.0,0.0,0.0,0.0,0
BR,2016-08-25,411,1367.8686131386858,4.109609335312651,1431.0,1426.2,1434.2,42,0,0.0,0.0,0.0,0.0,0.0,0
BR,2016-08-26,397,1334.8690176322418,36.1525700804866,1358.0,1311.8,1409.6,41,0,0.0,0.0,0.0,0.0,0.0,0
BR,2016-08-27,469,1249.4221748400855,122.28098789264013,888.0,884.4,1074.8,41,0,0.0,0.0,0.0,0.0,0.0,0
BR,2016-08-28,355,1248.118309859155,0.0,1299.0,1299.0,1299.0,43,0,0.0,0.0,0.0,0.0,0.0,0
BR,2016-08-29,342,1288.578947368421,6.128258770283411,1286.0,1280.4,1292.4,38,0,0.0,0.0,0.0,0.0,0.0,0
BR,2016-08-30,251,1343.418326693227,10.770329614269007,1299.0,1287.4,1310.6,40,0,0.0,0.0,0.0,0.0,0.0,0
BR,2016-08-31,393,1343.9109414758263,4.533823502911814,1305.0,1298.5,1307.5,42,1,68.02,0.0,0.0,0.0,0.0,1
BR,2016-09-01,357,1353.8011204481795,7.854139036202504,1305.5,1295.4,1312.1,34,0,0.0,0.0,0.0,0.0,0.0,0
BR,2016-09-02,344,1330.8633720930236,2.5,1319.5,1317.5,1321.5,38,0,0.0,0.0,0.0,0.0,0.0,0
BR,2016-09-03,462,1298.3939393939395,7.039570693980958,1334.0,1329.2,1342.8,52,2,98.57,0.0,0.0,0.0,0.0,2
BR,2016-09-04,396,1268.7575757575755,64.31013302642549,1358.5,1196.0,1367.3,46,40,57.23,0.0,0.0,0.0,0.0,2
BR,2016-09-05,325,1288.252307692308,8.32666399786453,1375.5,1366.5,1386.0,40,0,0.0,0.0,0.0,0.0,0.0,0
BR,2016-09-06,334,1309.9131736526947,89.50803036599565,1390.0,1246.4,1398.5,47,0,0.0,0.0,0.0,0.0,0.0,0
BR,2016-09-07,452,1320.0685840707963,61.14577299826666,1415.5,1404.5,1420.9,44,1,84.27,0.0,0.0,0.0,0.0,1
BR,2016-09-08,445,1272.570786516854,217.43449588324296,1424.0,1097.2,1429.6,43,0,0.0,0.0,0.0,0.0,0.0,0
BR,2016-09-09,532,1371.8703007518795,46.88142242503997,1425.0,1332.0,1436.0,48,1,85.32,0.0,85.32,85.32,85.32,1
BR,2016-09-10,433,1381.9607390300228,4.176122603564219,1438.0,1434.0,1443.2,44,0,0.0,0.0,0.0,0.0,0.0,0
BR,2016-09-11,399,1308.4711779448612,5.155902766086006,1454.0,1448.0,1458.5,44,0,0.0,0.0,0.0,0.0,0.0,0
BR,2016-09-12,428,1271.4556074766354,49.58369903382101,1468.0,1351.2,1470.4,49,0,0.0,0.0,0.0,0.0,0.0,0
BR,2016-09-13,496,1357.1532258064522,2.0,1477.0,1475.4,1478.6,50,0,0.0,0.0,0.0,0.0,0.0,0
BR,2016-09-14,426,1380.232394366197,4.336537277085895,1475.5,1470.0,1479.0,44,0,0.0,0.0,0.0,0.0,0.0,0
BR,2016-09-15,408,1379.213235294117,8.183838134492289,1482.0,1472.0,1493.0,39,0,0.0,0.0,0.0,0.0,0.0,0
BR,2016-09-16,443,1443.9255079006764,5.0,1651.0,1647.0,1655.0,50,0,0.0,0.0,0.0,0.0,0.0,0
BR,2016-09-17,415,1355.906024096386,146.10564456926366,1524.0,1193.6,1535.8,40,1,6.0,0.0,0.0,0.0,0.0,1
BR,2016-09-18,251,1330.6015936254978,0.0,537.0,537.0,537.0,40,0,0.0,0.0,0.0,0.0,0.0,0
BR,2016-09-19,428,1425.3901869158876,5.557777333511022,546.0,543.6,554.0,44,0,0.0,0.0,0.0,0.0,0.0,0
BR,2016-09-20,375,1399.938666666666,7.923184934363972,1645.0,1637.0,1653.0,41,0,0.0,0.0,0.0,0.0,0.0,0
BR,2016-09-21,438,1314.643835616438,5.329930887479323,1509.0,1503.2,1514.4,48,0,0.0,0.0,0.0,0.0,0.0,0
BR,2016-09-22,380,1349.1000000000001,12.535663410560174,1647.0,1630.4,1658.8,48,0,0.0,0.0,0.0,0.0,0.0,0
BR,2016-09-23,455,1295.9274725274724,6.0711922222904455,1463.5,1456.0,1470.0,49,0,0.0,0.0,0.0,0.0,0.0,0
BR,2016-09-24,318,1325.4339622641503,18.418460017642293,1419.0,1397.0,1444.0,46,1,64.04,0.0,0.0,0.0,0.0,1
BR,2016-09-25,326,1234.8558282208592,201.5752961054504,1391.0,882.3,1401.5,42,0,0.0,0.0,0.0,0.0,0.0,0
BR,2016-09-26,478,1444.644351464436,7.905694150420948,1417.0,1408.7,1425.3,51,0,0.0,0.0,0.0,0.0,0.0,0
BR,2016-09-27,536,1404.6921641791048,4.5,1414.5,1410.9,1418.1,52,0,0.0,0.0,0.0,0.0,0.0,0
BR,2016-09-28,363,1327.451790633609,4.988876515698588,1425.0,1418.6,1428.2,46,0,0.0,0.0,0.0,0.0,0.0,0
BR,2016-09-29,452,1316.314159292035,5.379358697837503,1415.0,1409.2,1420.2,46,0,0.0,0.0,0.0,0.0,0.0,0
BR,2016-09-30,398,1323.6557788944729,389.97511679077206,1642.0,781.4000000000002,1654.0,49,0,0.0,0.0,0.0,0.0,0.0,0
BR,2016-10-01,435,1246.6850574712646,4.179841430026418,1415.0,1411.0,1421.0,39,0,0.0,0.0,0.0,0.0,0.0,0
BR,2016-10-02,389,1279.1568123393315,6.241794613730894,583.0,575.4,588.0,43,0,0.0,0.0,0.0,0.0,0.0,0
BR,2016-10-03,483,1409.6211180124224,3.344772040064913,1441.0,1438.6,1445.5,43,0,0.0,0.0,0.0,0.0,0.0,0
BR,2016-10-04,346,1381.653179190752,0.0,575.0,575.0,575.0,42,0,0.0,0.0,0.0,0.0,0.0,0
BR,2016-10-05,355,1319.732394366198,6.944222218666553,1454.0,1446.8,1460.4,41,0,0.0,0.0,0.0,0.0,0.0,0
BR,2016-10-06,430,1374.5651162790698,7.224091638399945,1453.5,1445.9,1461.8,40,0,0.0,0.0,0.0,0.0,0.0,0
BR,2016-10-07,362,1287.8093922651938,182.20745197591552,1212.0,1138.0,1467.2,34,0,0.0,0.0,0.0,0.0,0.0,0
BR,2016-10-08,404,1340.366336633663,220.00536357098207,1334.0,900.3,1470.2,44,0,0.0,0.0,0.0,0.0,0.0,0
BR,2016-10-09,338,1276.4467455621302,16.05622835960558,1444.0,1426.2,1464.4,40,0,0.0,0.0,0.0,0.0,0.0,0
BR,2016-10-10,491,1282.6211812627296,7.8191360704932675,1447.0,1435.5,1453.0,44,0,0.0,0.0,0.0,0.0,0.0,0
BR,2016-10-11,435,1345.112643678161,5.535341001239218,1433.0,1428.4,1440.6,41,0,0.0,0.0,0.0,0.0,0.0,0
BR,2016-10-12,551,1295.7205081669695,8.993825042154695,595.0,585.4,603.0,44,0,0.0,0.0,0.0,0.0,0.0,0
BR,2016-10-13,322,1347.322981366459,437.0338468967059,625.5,613.2,1629.3,43,0,0.0,0.0,0.0,0.0,0.0,0
BR,2016-10-14,368,1249.3750000000002,297.6927274892687,1632.0,1521.2,1643.2,42,1,65.1,0.0,0.0,0.0,0.0,1
BR,2016-10-15,452,1292.3008849557523,380.3553543142985,1591.0,647.8,1610.4,43,1,71.19,0.0,0.0,0.0,0.0,1
BR,2016-10-16,456,1304.0197368421052,0.0,1294.0,1294.0,1294.0,43,0,0.0,0.0,0.0,0.0,0.0,0
BR,2016-10-17,553,1244.112115732369,7.607663452721639,631.0,621.6,638.6,41,0,0.0,0.0,0.0,0.0,0.0,0
BR,2016-10-18,449,1302.211581291759,442.6905114059809,1623.5,605.0,1634.3,48,1,55.55,0.0,0.0,0.0,0.0,1
BR,2016-10-19,488,1327.565573770491,0.0,1405.0,1405.0,1405.0,48,0,0.0,0.0,0.0,0.0,0.0,0
BR,2016-10-20,402,1310.8656716417916,39.698866482558415,1238.0,1225.2,1311.2,44,1,64.08,0.0,0.0,0.0,0.0,1
BR,2016-10-21,384,1306.083333333333,0.0,1411.0,1411.0,1411.0,41,0,0.0,0.0,0.0,0.0,0.0,0
BR,2016-10-22,397,1271.3022670025186,2.5,604.5,602.5,606.5,43,0,0.0,0.0,0.0,0.0,0.0,0
BR,2016-10-23,382,1231.2984293193713,0.0,610.0,610.0,610.0,45,0,0.0,0.0,0.0,0.0,0.0,0
BR,2016-10-24,475,1279.8294736842106,6.944222218666553,1148.0,1141.6,1155.2,45,0,0.0,0.0,0.0,0.0,0.0,0
BR,2016-10-25,365,1281.7780821917809,339.6409869259009,1647.5,1332.2,1652.9,49,2,81.405,0.0,0.0,0.0,0.0,1
BR,2016-10-26,461,1311.0954446854664,0.0,1409.0,1409.0,1409.0,45,1,62.63,0.0,0.0,0.0,0.0,1
BR,2016-10-27,414,1331.975845410628,456.6331986388785,1615.0,636.2,1631.3,47,0,0.0,0.0,0.0,0.0,0.0,0
BR,2016-10-28,432,1378.7731481481485,3.5,639.5,636.7,642.3,44,0,0.0,0.0,0.0,0.0,0.0,0
BR,2016-10-29,474,1321.0379746835445,96.81941953967706,1217.0,1211.8,1412.2,42,0,0.0,0.0,0.0,0.0,0.0,0
BR,2016-10-30,506,1260.701581027668,38.615896985568,1308.5,1249.4,1320.7,39,0,0.0,0.0,0.0,0.0,0.0,0
BR,2016-10-31,551,1229.3484573502722,3.5,638.5,635.7,641.3,43,0,0.0,0.0,0.0,0.0,0.0,0
BR,2016-11-01,526,1289.1026615969581,261.61446859360586,1626.5,1611.0,1638.5,48,0,0.0,0.0,0.0,0.0,0.0,0
BR,2016-11-02,651,1302.7281105990787,4.0276819911981905,1624.0,1623.2,1630.4,47,0,0.0,0.0,0.0,0.0,0.0,0
BR,2016-11-03,660,1353.154545454546,17.969134534483494,1631.0,1602.4,1649.4,51,0,0.0,0.0,0.0,0.0,0.0,0
BR,2016-11-04,491,1334.4765784114056,0.0,1653.0,1653.0,1653.0,47,0,0.0,0.0,0.0,0.0,0.0,0
BR,2016-11-05,570,1221.9228070175443,5.312459150169742,1414.0,1408.4,1418.8,47,0,0.0,0.0,0.0,0.0,0.0,0
BR,2016-11-06,484,1354.4276859504128,0.0,1661.0,1661.0,1661.0,42,0,0.0,0.0,0.0,0.0,0.0,0
BR,2016-11-07,448,1273.234375,0.0,634.0,634.0,634.0,50,0,0.0,0.0,0.0,0.0,0.0,0
BR,2016-11-08,535,1256.0747663551397,79.09655152286929,1429.0,1233.0,1436.0,46,0,0.0,0.0,0.0,0.0,0.0,0
BR,2016-11-09,464,1409.4202586206898,3.858612300930075,643.0,637.4,644.6,48,0,0.0,0.0,0.0,0.0,0.0,0
BR,2016-11-10,288,1363.006944444444,0.0,1443.0,1443.0,1443.0,39,0,0.0,0.0,0.0,0.0,0.0,0
BR,2016-11-11,484,1406.4028925619832,0.0,651.0,651.0,651.0,43,0,0.0,0.0,0.0,0.0,0.0,0
BR,2016-11-12,395,1329.0658227848096,227.96788814368432,1651.0,1641.5,1659.3,42,0,0.0,0.0,0.0,0.0,0.0,0
BR,2016-11-13,340,1326.911764705883,341.5911746697284,1640.0,1245.0,1648.6,39,0,0.0,0.0,0.0,0.0,0.0,0
BR,2016-11-14,442,1352.7420814479633,2.8284271247461903,1649.0,1644.2,1649.0,41,1,88.41,0.0,0.0,0.0,0.0,1
BR,2016-11-15,483,1386.5341614906831,8.930845424706442,1625.0,1618.8,1638.4,47,0,0.0,0.0,0.0,0.0,0.0,0
BR,2016-11-16,381,1321.5354330708662,6.531972647421808,1608.0,1601.6,1614.4,44,0,0.0,0.0,0.0,0.0,0.0,0
BR,2016-11-17,489,1389.8241308793456,8.532291603080617,656.0,645.2,664.2,42,2,45.36,0.0,0.0,0.0,0.0,2
BR,2016-11-18,359,1330.272980501393,406.29627941523984,1608.0,635.8,1618.8,44,0,0.0,0.0,0.0,0.0,0.0,0
BR,2016-11-19,462,1344.3961038961038,2.8284271247461903,1634.0,1634.0,1638.8,41,0,0.0,0.0,0.0,0.0,0.0,0
BR,2016-11-20,383,1472.9556135770235,308.59489824766996,1631.0,1315.8000000000002,1652.3,42,0,0.0,0.0,0.0,0.0,0.0,0
BR,2016-11-21,418,1307.0023923444983,8.856635930193812,1636.5,1625.3,1646.2,49,0,0.0,0.0,0.0,0.0,0.0,0
BR,2016-11-22,417,1398.4340527577938,3.559026084010437,1616.0,1610.4,1616.8,45,0,0.0,0.0,0.0,0.0,0.0,0
BR,2016-11-23,439,1306.3302961275624,3.6817870057290873,1512.0,1508.8,1516.0,42,1,53.16,0.0,53.16,53.16,53.16,1
BR,2016-11-24,484,1276.5020661157025,5.055250296034367,1607.0,1599.8,1614.2,46,0,0.0,0.0,0.0,0.0,0.0,0
BR,2016-11-25,448,1368.25,3.766629793329841,1591.5,1587.3,1595.0,42,0,0.0,0.0,0.0,0.0,0.0,0
BR,2016-11-26,499,1411.687374749499,10.361436917725262,1605.5,1591.9,1616.6,45,0,0.0,0.0,0.0,0.0,0.0,0
BR,2016-11-27,622,1425.2926045016084,0.0,641.0,641.0,641.0,48,0,0.0,0.0,0.0,0.0,0.0,0
BR,2016-11-28,549,1314.2823315118394,0.0,634.0,634.0,634.0,48,0,0.0,0.0,0.0,0.0,0.0,0
BR,2016-11-29,461,1387.9284164859007,3.54400902933387,1536.0,1534.4,1542.2,47,0,0.0,0.0,0.0,0.0,0.0,0
BR,2016-11-30,496,1341.9233870967732,5.0,636.0,632.0,640.0,52,0,0.0,0.0,0.0,0.0,0.0,0
BR,2016-12-01,428,1361.0934579439252,4.0,637.0,633.8,640.2,50,0,0.0,0.0,0.0,0.0,0.0,0
BR,2016-12-02,341,1338.7624633431085,0.0,1554.0,1554.0,1554.0,40,0,0.0,0.0,0.0,0.0,0.0,0
BR,2016-12-03,347,1382.7867435158498,253.22936120244825,1278.0,905.5,1541.5,39,0,0.0,0.0,0.0,0.0,0.0,0
BR,2016-12-04,446,1434.9618834080716,102.53251516795376,1540.5,1335.0,1548.0,42,0,0.0,0.0,0.0,0.0,0.0,0
BR,2016-12-05,312,1299.326923076923,6.944222218666553,1546.0,1539.6,1553.2,41,0,0.0,0.0,0.0,0.0,0.0,0
BR,2016-12-06,427,1346.51288056206,26.800186566514792,614.0,572.9,622.9,45,1,99.68,0.0,0.0,0.0,0.0,1
BR,2016-12-07,479,1323.7453027139873,0.0,1556.0,1556.0,1556.0,47,0,0.0,0.0,0.0,0.0,0.0,0
BR,2016-12-08,541,1362.9020332717193,11.519982638875808,1601.0,1584.3,1611.3,47,0,0.0,0.0,0.0,0.0,0.0,0
BR,2016-12-09,566,1266.731448763251,6.077622890571609,1595.5,1590.2,1605.0,48,1,88.11,0.0,0.0,0.0,0.0,1
BR,2016-12-10,414,1351.8164251207727,9.348796714016196,1593.5,1582.3,1603.7,46,0,0.0,0.0,0.0,0.0,0.0,0
BR,2016-12-11,451,1287.2439024390246,10.973136389484194,1540.5,1526.1,1551.9,40,0,0.0,0.0,0.0,0.0,0.0,0
BR,2016-12-12,539,1304.617810760668,0.0,1551.0,1551.0,1551.0,51,0,0.0,0.0,0.0,0.0,0.0,0
BR,2016-12-13,433,1302.494226327944,3.006659275674582,1543.0,1538.0,1544.6,46,0,0.0,0.0,0.0,0.0,0.0,0
BR,2016-12-14,446,1328.0448430493273,68.88010696712418,1537.0,1378.8,1549.0,45,0,0.0,0.0,0.0,0.0,0.0,0
BR,2016-12-15,423,1354.160756501182,66.43947683141893,1535.0,1393.2,1545.4,44,0,0.0,0.0,0.0,0.0,0.0,0
BR,2016-12-16,416,1289.2620192307693,1.0,600.0,599.2,600.8,41,0,0.0,0.0,0.0,0.0,0.0,0
BR,2016-12-17,520,1325.2769230769236,50.805402162456,1149.0,1123.0,1169.1,43,1,98.27,0.0,0.0,0.0,0.0,1
BR,2016-12-18,486,1364.465020576132,70.45802532950617,1535.5,1389.5,1542.0,35,0,0.0,0.0,0.0,0.0,0.0,0
BR,2016-12-19,507,1298.9783037475345,5.830951894845301,1530.5,1527.0,1538.5,46,0,0.0,0.0,0.0,0.0,0.0,0
BR,2016-12-20,445,1321.1460674157304,44.02544718682594,1509.0,1446.0,1518.6,41,0,0.0,0.0,0.0,0.0,0.0,0
BR,2016-12-21,474,1393.2130801687756,5.2446327649804205,1519.0,1510.8,1520.8,41,0,0.0,0.0,0.0,0.0,0.0,0
BR,2016-12-22,417,1305.151079136691,46.82136264569839,1526.0,1458.2,1533.6,38,0,0.0,0.0,0.0,0.0,0.0,0
BR,2016-12-23,362,1380.8370165745855,9.61928335401853,1540.0,1526.0,1549.4,41,0,0.0,0.0,0.0,0.0,0.0,0
BR,2016-12-24,445,1331.11011235955,303.0,1235.0,992.6,1477.4,40,0,0.0,0.0,0.0,0.0,0.0,0
BR,2016-12-25,382,1363.6832460732985,0.0,1538.0,1538.0,1538.0,34,0,0.0,0.0,0.0,0.0,0.0,0
BR,2016-12-26,491,1370.2505091649691,6.548960901462833,1524.0,1518.4,1531.2,42,1,96.16,0.0,0.0,0.0,0.0,1
BR,2016-12-27,598,1424.919732441471,19.205122615955293,1490.5,1458.1,1507.1,40,0,0.0,0.0,0.0,0.0,0.0,0
BR,2016-12-28,614,1366.571661237785,136.9868961697513,1419.0,1268.8,1439.4,48,0,0.0,0.0,0.0,0.0,0.0,0
BR,2016-12-29,488,1377.4836065573768,0.0,1411.0,1411.0,1411.0,46,0,0.0,0.0,0.0,0.0,0.0,0
BR,2016-12-30,466,1348.967811158798,5.5,942.5,938.1,946.9,39,0,0.0,0.0,0.0,0.0,0.0,0
BR,2016-12-31,528,1335.07196969697,6.368673331236264,1560.0,1554.2,1568.0,42,2,57.665,0.0,0.0,0.0,0.0,2
BR,2017-01-01,370,1331.645945945946,213.7829896569572,965.5,957.1,1417.6,31,0,0.0,0.0,0.0,0.0,0.0,0
BR,2017-01-02,549,1332.7522768670317,166.5493619954649,996.0,983.5,1431.0,38,0,0.0,0.0,0.0,0.0,0.0,0
BR,2017-01-03,527,1359.159392789374,155.48573085656446,997.5,987.0,1293.5,42,0,0.0,0.0,0.0,0.0,0.0,0
BR,2017-01-04,429,1295.811188811188,216.116162180332,1020.0,1007.0,1456.2,41,0,0.0,0.0,0.0,0.0,0.0,0
BR,2017-01-05,487,1286.4907597535932,172.98925302895574,1051.0,1017.2,1456.6,41,0,0.0,0.0,0.0,0.0,0.0,0
BR,2017-01-06,549,1295.6265938069212,5.967359131140006,1486.0,1477.5,1491.6,49,0,0.0,0.0,0.0,0.0,0.0,0
BR,2017-01-07,419,1307.205250596658,3.191786333700926,1499.0,1496.2,1502.5,38,0,0.0,0.0,0.0,0.0,0.0,0
BR,2017-01-08,441,1338.9455782312923,4.949747468305833,1492.5,1486.5,1497.1,44,0,0.0,0.0,0.0,0.0,0.0,0
BR,2017-01-09,564,1283.7145390070923,192.46986488510063,1120.0,1091.8,1496.4,45,0,0.0,0.0,0.0,0.0,0.0,0
BR,2017-01-10,539,1237.6400742115031,3.0912061651652345,1476.0,1471.2,1476.8,42,0,0.0,0.0,0.0,0.0,0.0,0
BR,2017-01-11,559,1276.679785330948,9.310612224768036,1115.0,1104.0,1123.9,52,0,0.0,0.0,0.0,0.0,0.0,0
BR,2017-01-12,604,1330.4718543046358,3.39934634239519,1469.0,1467.4,1473.8,54,1,5.84,0.0,0.0,0.0,0.0,1
BR,2017-01-13,559,1297.1341681574245,0.0,1459.0,1459.0,1459.0,51,0,0.0,0.0,0.0,0.0,0.0,0
BR,2017-01-14,528,1316.4375,8.697125962063561,1544.0,1533.9,1559.0,38,0,0.0,0.0,0.0,0.0,0.0,0
BR,2017-01-15,503,1336.3021868787275,269.54062543581546,1551.0,1542.0,1559.0,41,1,79.76,0.0,0.0,0.0,0.0,1
BR,2017-01-16,495,1345.1777777777775,0.0,607.0,607.0,607.0,46,0,0.0,0.0,0.0,0.0,0.0,0
BR,2017-01-17,561,1317.732620320856,4.412734098291241,1484.0,1481.0,1490.5,44,0,0.0,0.0,0.0,0.0,0.0,0
BR,2017-01-18,603,1292.9237147595354,9.789520455252221,1526.0,1513.0,1534.0,47,0,0.0,0.0,0.0,0.0,0.0,0
BR,2017-01-19,445,1418.523595505618,3.0,1510.0,1507.6,1512.4,43,0,0.0,0.0,0.0,0.0,0.0,0
BR,2017-01-20,447,1306.6398210290827,4.9216076867444665,1499.0,1493.4,1503.0,42,0,0.0,0.0,0.0,0.0,0.0,0
BR,2017-01-21,495,1358.3656565656563,186.5593961838917,1110.0,1087.6,1477.8,43,0,0.0,0.0,0.0,0.0,0.0,0
BR,2017-01-22,470,1366.840425531915,4.703450752329808,1505.0,1501.0,1511.4,45,0,0.0,0.0,0.0,0.0,0.0,0
BR,2017-01-23,525,1354.2457142857145,20.144173379015317,1538.0,1510.0,1562.0,40,0,0.0,0.0,0.0,0.0,0.0,0
BR,2017-01-24,525,1346.9085714285716,6.020797289396148,1526.5,1520.4,1532.6,42,0,0.0,0.0,0.0,0.0,0.0,0
BR,2017-01-25,417,1269.6498800959232,5.221619109284876,1518.0,1512.8,1525.8,43,0,0.0,0.0,0.0,0.0,0.0,0
BR,2017-01-26,383,1303.0626631853786,10.497407087255194,1544.0,1530.4,1554.4,42,0,0.0,0.0,0.0,0.0,0.0,0
BR,2017-01-27,481,1372.2224532224534,0.0,1549.0,1549.0,1549.0,50,0,0.0,0.0,0.0,0.0,0.0,0
BR,2017-01-28,554,1363.2761732851986,5.986651818838306,1542.0,1537.2,1550.0,37,1,17.76,0.0,0.0,0.0,0.0,1
BR,2017-01-29,490,1376.4142857142858,11.474239114874072,1552.5,1538.0,1564.4,39,0,0.0,0.0,0.0,0.0,0.0,0
BR,2017-01-30,490,1316.9857142857143,14.529301143412795,1536.0,1514.0,1550.6,43,0,0.0,0.0,0.0,0.0,0.0,0
BR,2017-01-31,438,1364.093607305936,12.895181824453438,1541.0,1528.6,1558.0,44,0,0.0,0.0,0.0,0.0,0.0,0
BR,2017-02-01,501,1358.7704590818362,9.010117769608911,1584.0,1570.2,1592.2,43,0,0.0,0.0,0.0,0.0,0.0,0
BR,2017-02-02,436,1387.9311926605499,4.189393799604337,1589.0,1581.0,1590.0,41,0,0.0,0.0,0.0,0.0,0.0,0
BR,2017-02-03,536,1286.4347014925372,8.171628369185767,1586.0,1575.0,1595.0,44,0,0.0,0.0,0.0,0.0,0.0,0
BR,2017-02-04,406,1262.243842364532,3.124099870362662,1450.0,1448.8,1455.6,42,0,0.0,0.0,0.0,0.0,0.0,0
BR,2017-02-05,609,1367.3152709359606,186.389508526872,1084.0,1072.8,1447.0,46,0,0.0,0.0,0.0,0.0,0.0,0
BR,2017-02-06,506,1358.6581027667985,56.33258382144388,969.0,897.0,1022.6,42,0,0.0,0.0,0.0,0.0,0.0,0
BR,2017-02-07,608,1340.424342105263,9.345958419312073,1464.0,1449.2,1473.0,52,0,0.0,0.0,0.0,0.0,0.0,0
BR,2017-02-08,436,1340.1422018348621,5.0,604.0,600.0,608.0,51,0,0.0,0.0,0.0,0.0,0.0,0
BR,2017-02-09,482,1319.7178423236517,290.804401617307,1588.0,1475.8,1598.5,56,0,0.0,0.0,0.0,0.0,0.0,0
BR,2017-02-10,527,1372.1119544592032,10.012389019824266,1572.0,1563.0,1587.0,51,0,0.0,0.0,0.0,0.0,0.0,0
BR,2017-02-11,624,1339.1538461538462,434.3994577446994,629.0,628.2,1365.8,53,2,86.43,0.0,0.0,0.0,0.0,1
BR,2017-02-12,771,1269.3891050583657,344.15149280513083,1543.0,1080.0,1548.5,54,0,0.0,0.0,0.0,0.0,0.0,0
BR,2017-02-13,621,1281.7809983896948,398.24262391160494,1548.0,904.2,1552.7,53,0,0.0,0.0,0.0,0.0,0.0,0
BR,2017-02-14,543,1383.8121546961324,0.0,638.0,638.0,638.0,62,0,0.0,0.0,0.0,0.0,0.0,0
BR,2017-02-15,471,1353.8619957537153,0.0,628.0,628.0,628.0,54,1,100.0,0.0,0.0,0.0,0.0,1
BR,2017-02-16,462,1287.7489177489185,3.858612300930075,1559.0,1553.4,1560.6,48,0,0.0,0.0,0.0,0.0,0.0,0
BR,2017-02-17,369,1404.6802168021682,233.18809467895224,969.0,948.3,1491.7,45,0,0.0,0.0,0.0,0.0,0.0,0
BR,2017-02-18,676,1319.6050295857988,7.477744758058185,612.0,602.5,620.0,49,0,0.0,0.0,0.0,0.0,0.0,0
BR,2017-02-19,718,1372.2757660167129,453.98091002449286,1568.0,801.6,1576.0,52,0,0.0,0.0,0.0,0.0,0.0,0
BR,2017-02-20,760,1346.7210526315787,197.4473910240959,1588.0,1569.3,1631.7,54,0,0.0,0.0,0.0,0.0,0.0,0
BR,2017-02-21,507,1333.009861932939,371.3037465771416,1606.0,1104.0,1613.5,51,0,0.0,0.0,0.0,0.0,0.0,0
BR,2017-02-22,695,1324.1841726618707,294.8338684751126,1599.5,1491.0,1605.7,56,0,0.0,0.0,0.0,0.0,0.0,0
BR,2017-02-23,580,1296.6775862068966,3.8586123009300755,1596.0,1590.4,1597.6,55,2,91.1,0.0,0.0,0.0,0.0,1
BR,2017-02-24,794,1294.5201511335013,480.88629959284,1567.0,618.2,1598.4,60,0,0.0,0.0,0.0,0.0,0.0,0
BR,2017-02-25,844,1351.415876777251,472.7612373069518,1099.5,625.1,1573.2,59,0,0.0,0.0,0.0,0.0,0.0,0
BR,2017-02-26,638,1336.2460815047025,0.0,621.0,621.0,621.0,49,0,0.0,0.0,0.0,0.0,0.0,0
BR,2017-02-27,589,1354.0475382003397,304.06423947645516,1583.0,1377.2,1591.2,57,0,0.0,0.0,0.0,0.0,0.0,0
BR,2017-02-28,777,1318.545688545689,180.3088985294095,1621.0,1591.9,1644.8,61,1,72.66,0.0,0.0,0.0,0.0,1
BR,2017-03-01,756,1319.4259259259263,285.40740860897233,1665.0,1651.7,1673.0,62,0,0.0,0.0,0.0,0.0,0.0,0
BR,2017-03-02,638,1391.1504702194356,350.68823714151216,1662.0,746.5000000000001,1677.4,63,1,66.01,0.0,0.0,0.0,0.0,1
BR,2017-03-03,703,1337.627311522049,211.91219313668574,1712.0,1681.8,1726.0,57,0,0.0,0.0,0.0,0.0,0.0,0
BR,2017-03-04,985,1316.684263959391,16.31767957359951,1721.0,1695.4,1735.6,60,1,76.78,0.0,0.0,0.0,0.0,1
BR,2017-03-05,1011,1317.3847675568745,6.128258770283411,650.0,643.6,655.6,59,2,70.505,0.0,0.0,0.0,0.0,2
BR,2017-03-06,947,1324.6335797254485,4.5,669.5,665.9,673.1,62,0,0.0,0.0,0.0,0.0,0.0,0
BR,2017-03-07,726,1351.4724517906332,9.730750228014282,695.5,684.7,705.6,60,0,0.0,0.0,0.0,0.0,0.0,0
BR,2017-03-08,785,1361.546496815287,210.04979568346803,1537.5,1251.5,1544.5,69,1,87.85,0.0,0.0,0.0,0.0,1
BR,2017-03-09,563,1317.1385435168743,0.0,717.0,717.0,717.0,61,0,0.0,0.0,0.0,0.0,0.0,0
BR,2017-03-10,912,1387.9287280701758,4.0,707.0,703.8,710.2,62,0,0.0,0.0,0.0,0.0,0.0,0
BR,2017-03-11,905,1360.8928176795578,0.0,714.0,714.0,714.0,63,0,0.0,0.0,0.0,0.0,0.0,0
BR,2017-03-12,717,1390.7921896792188,0.0,721.0,721.0,721.0,56,0,0.0,0.0,0.0,0.0,0.0,0
BR,2017-03-13,541,1386.792975970425,0.0,704.0,704.0,704.0,56,0,0.0,0.0,0.0,0.0,0.0,0
BR,2017-03-14,532,1372.5620300751875,6.236095644623236,700.0,696.0,708.0,53,0,0.0,0.0,0.0,0.0,0.0,0
BR,2017-03-15,649,1389.9768875192608,177.27253318099835,986.0,979.8,1189.8000000000002,61,1,87.39,0.0,0.0,0.0,0.0,1
BR,2017-03-16,555,1343.7423423423425,4.0,682.0,678.8,685.2,58,0,0.0,0.0,0.0,0.0,0.0,0
BR,2017-03-17,509,1344.1021611001966,7.874007874011811,689.0,676.6,693.6,56,0,0.0,0.0,0.0,0.0,0.0,0
BR,2017-03-18,875,1338.9142857142858,6.128258770283411,691.0,685.4,697.4,54,0,0.0,0.0,0.0,0.0,0.0,0
BR,2017-03-19,735,1357.6408163265307,164.43250221271194,1022.5,979.5,1301.2,52,0,0.0,0.0,0.0,0.0,0.0,0
BR,2017-03-20,636,1337.2845911949685,91.30250097162435,981.0,969.0,1041.3,60,0,0.0,0.0,0.0,0.0,0.0,0
BR,2017-03-21,680,1308.7749999999996,9.604420750840921,676.0,660.4,682.6,64,0,0.0,0.0,0.0,0.0,0.0,0
BR,2017-03-22,657,1331.0882800608829,7.418894796396562,977.0,965.8,981.8,58,0,0.0,0.0,0.0,0.0,0.0,0
BR,2017-03-23,831,1272.2045728038513,94.51170836331062,972.5,960.0,1002.5,56,0,0.0,0.0,0.0,0.0,0.0,0
BR,2017-03-24,644,1266.0108695652177,0.0,653.0,653.0,653.0,57,0,0.0,0.0,0.0,0.0,0.0,0
BR,2017-03-25,834,1307.2350119904072,0.0,644.0,644.0,644.0,52,0,0.0,0.0,0.0,0.0,0.0,0
BR,2017-03-26,772,1334.7059585492236,0.0,1020.0,1020.0,1020.0,60,1,55.74,0.0,0.0,0.0,0.0,1
BR,2017-03-27,713,1327.7363253856945,21.294235004912583,999.0,982.0,1037.1,65,0,0.0,0.0,0.0,0.0,0.0,0
BR,2017-03-28,757,1322.311756935271,152.66000258381004,1047.5,1022.9,1428.8,62,0,0.0,0.0,0.0,0.0,0.0,0
BR,2017-03-29,680,1322.995588235294,16.058486852751724,1057.5,1032.0,1073.5,57,0,0.0,0.0,0.0,0.0,0.0,0
BR,2017-03-30,718,1355.4637883008354,160.4957631839545,1061.5,1039.9,1451.9,61,0,0.0,0.0,0.0,0.0,0.0,0
BR,2017-03-31,705,1352.9304964539008,3.5,1035.5,1032.7,1038.3,64,0,0.0,0.0,0.0,0.0,0.0,0
BR,2017-04-01,817,1364.623011015912,18.229673273383728,992.5,983.1,1014.1,59,0,0.0,0.0,0.0,0.0,0.0,0
BR,2017-04-02,837,1352.9892473118275,162.55933436773984,1309.0,998.0,1330.0,55,0,0.0,0.0,0.0,0.0,0.0,0
BR,2017-04-03,751,1304.3408788282288,16.061892011839703,1020.5,1012.7,1050.7,67,1,98.94,0.0,0.0,0.0,0.0,1
BR,2017-04-04,508,1388.5452755905512,15.354478174135387,1037.0,1012.2,1051.5,63,0,0.0,0.0,0.0,0.0,0.0,0
BR,2017-04-05,687,1396.1470160116455,151.38570821930722,1030.0,1017.8,1206.8000000000002,64,1,22.94,0.0,0.0,0.0,0.0,1
BR,2017-04-06,697,1352.2855093256817,99.9064006402437,1001.0,809.8,1049.0,60,1,25.35,0.0,0.0,0.0,0.0,1
BR,2017-04-07,479,1327.5866388308975,9.402127418834526,635.0,621.8,643.0,55,0,0.0,0.0,0.0,0.0,0.0,0
BR,2017-04-08,596,1282.3825503355704,119.0820331210586,1070.0,1063.8,1209.8000000000002,53,2,39.275000000000006,0.0,0.0,0.0,0.0,2
BR,2017-04-09,757,1376.7120211360636,7.692434836838611,1703.0,1694.0,1710.0,56,0,0.0,0.0,0.0,0.0,0.0,0
BR,2017-04-10,702,1363.9914529914531,5.11737237261468,632.5,626.1,636.8,63,0,0.0,0.0,0.0,0.0,0.0,0
BR,2017-04-11,740,1350.2472972972973,5.5,631.5,627.1,635.9,67,0,0.0,0.0,0.0,0.0,0.0,0
BR,2017-04-12,507,1410.5680473372777,4.0,641.0,637.8,644.2,61,1,34.0,0.0,0.0,0.0,0.0,1
BR,2017-04-13,667,1351.5802098950523,74.1337005386589,1171.5,1152.7,1181.6,60,0,0.0,0.0,0.0,0.0,0.0,0
BR,2017-04-14,592,1330.4712837837833,7.4148224413491315,1094.0,1087.0,1104.2,54,0,0.0,0.0,0.0,0.0,0.0,0
BR,2017-04-15,510,1365.862745098039,159.89499105120618,1092.0,1073.2,1436.6,54,0,0.0,0.0,0.0,0.0,0.0,0
BR,2017-04-16,499,1366.0901803607212,35.4964786985977,1335.5,1327.8,1370.0,56,0,0.0,0.0,0.0,0.0,0.0,0
BR,2017-04-17,608,1389.9555921052624,30.943860420191854,1103.0,1066.6,1141.8,59,0,0.0,0.0,0.0,0.0,0.0,0
BR,2017-04-18,622,1389.5016077170417,6.4142698058981855,1063.0,1054.2,1068.2,63,0,0.0,0.0,0.0,0.0,0.0,0
BR,2017-04-19,546,1369.6263736263736,9.519311106935064,1046.0,1035.2,1055.2,60,0,0.0,0.0,0.0,0.0,0.0,0
BR,2017-04-20,650,1457.8461538461536,156.7674303255761,1088.0,1046.0,1443.0,61,0,0.0,0.0,0.0,0.0,0.0,0
BR,2017-04-21,784,1371.3035714285727,154.26872734513103,1057.0,1047.2,1420.6,67,1,46.3,0.0,0.0,0.0,0.0,1
BR,2017-04-22,652,1304.1671779141102,136.91120553370362,1341.0,1104.0,1392.2,54,0,0.0,0.0,0.0,0.0,0.0,0
BR,2017-04-23,538,1422.8977695167287,0.0,643.0,643.0,643.0,59,0,0.0,0.0,0.0,0.0,0.0,0
BR,2017-04-24,724,1390.4060773480662,171.27333579852865,1085.5,1067.2,1444.3,64,0,0.0,0.0,0.0,0.0,0.0,0
BR,2017-04-25,647,1386.2998454404951,5.734883511361751,646.0,639.6,650.8,63,1,87.72,0.0,0.0,0.0,0.0,1
BR,2017-04-26,812,1360.369458128078,3.299831645537222,1436.0,1430.4,1436.0,66,0,0.0,0.0,0.0,0.0,0.0,0
BR,2017-04-27,735,1388.3727891156457,9.405803304474803,1423.0,1417.2,1437.6,65,0,0.0,0.0,0.0,0.0,0.0,0
BR,2017-04-28,646,1404.6176470588236,8.576189154173505,1019.0,1006.8,1026.4,61,0,0.0,0.0,0.0,0.0,0.0,0
BR,2017-04-29,562,1378.391459074733,0.0,1427.0,1427.0,1427.0,56,0,0.0,0.0,0.0,0.0,0.0,0
BR,2017-04-30,653,1362.5528330781003,204.026754781491,1421.0,991.0,1426.5,55,1,87.03,0.0,0.0,0.0,0.0,1
BR,2017-05-01,643,1325.6687402799378,211.44424008865,985.0,979.4,1341.0,61,0,0.0,0.0,0.0,0.0,0.0,0
BR,2017-05-02,473,1451.16067653277,182.18737607199904,1070.0,1064.2,1438.6,57,0,0.0,0.0,0.0,0.0,0.0,0
BR,2017-05-03,496,1429.7258064516136,0.0,632.0,632.0,632.0,56,0,0.0,0.0,0.0,0.0,0.0,0
BR,2017-05-04,509,1346.8585461689588,0.0,640.0,640.0,640.0,62,0,0.0,0.0,0.0,0.0,0.0,0
BR,2017-05-05,522,1463.8773946360157,0.0,1434.0,1434.0,1434.0,59,1,89.29,0.0,0.0,0.0,0.0,1
BR,2017-05-06,735,1435.1795918367347,10.605292179955356,1412.5,1401.5,1425.5,64,0,0.0,0.0,0.0,0.0,0.0,0
BR,2017-05-07,486,1339.5781893004119,0.0,632.0,632.0,632.0,53,0,0.0,0.0,0.0,0.0,0.0,0
BR,2017-05-08,481,1349.3555093555099,5.354126134736337,619.0,615.0,625.4,55,0,0.0,0.0,0.0,0.0,0.0,0
BR,2017-05-09,508,1392.75,0.0,1433.0,1433.0,1433.0,54,1,13.63,0.0,0.0,0.0,0.0,1
BR,2017-05-10,449,1402.1514476614698,4.297932319409209,1448.0,1441.5,1451.0,53,0,0.0,0.0,0.0,0.0,0.0,0
BR,2017-05-11,617,1339.978930307942,0.0,607.0,607.0,607.0,59,0,0.0,0.0,0.0,0.0,0.0,0
BR,2017-05-12,530,1354.0264150943394,0.0,1476.0,1476.0,1476.0,50,0,0.0,0.0,0.0,0.0,0.0,0
BR,2017-05-13,496,1318.2903225806444,66.24801883830187,1475.0,1344.2,1482.8,51,0,0.0,0.0,0.0,0.0,0.0,0
BR,2017-05-14,644,1347.476708074534,0.0,1477.0,1477.0,1477.0,57,0,0.0,0.0,0.0,0.0,0.0,0
BR,2017-05-15,544,1349.154411764706,0.0,1472.0,1472.0,1472.0,56,0,0.0,0.0,0.0,0.0,0.0,0
BR,2017-05-16,651,1389.041474654378,16.65653025092561,1456.0,1432.4,1462.6,68,0,0.0,0.0,0.0,0.0,0.0,0
BR,2017-05-17,782,1364.9232736572892,0.0,602.0,602.0,602.0,66,0,0.0,0.0,0.0,0.0,0.0,0
BR,2017-05-18,663,1392.1131221719456,3.5,1434.5,1431.7,1437.3,66,0,0.0,0.0,0.0,0.0,0.0,0
BR,2017-05-19,651,1293.6344086021502,18.354533197248276,1408.0,1396.8,1432.0,66,0,0.0,0.0,0.0,0.0,0.0,0
BR,2017-05-20,567,1369.9118165784832,157.59677362038715,1064.5,1046.4,1415.9,62,0,0.0,0.0,0.0,0.0,0.0,0
BR,2017-05-21,626,1395.4185303514373,6.944222218666553,1426.0,1418.8,1432.4,62,0,0.0,0.0,0.0,0.0,0.0,0
BR,2017-05-22,793,1394.7162673392172,2.5,1429.5,1427.5,1431.5,67,1,68.78,0.0,0.0,0.0,0.0,1
BR,2017-05-23,524,1342.786259541985,0.0,1428.0,1428.0,1428.0,61,0,0.0,0.0,0.0,0.0,0.0,0
BR,2017-05-24,690,1328.8623188405795,139.9979833935946,1283.0,1229.1,1539.1,63,0,0.0,0.0,0.0,0.0,0.0,0
BR,2017-05-25,783,1344.8812260536392,0.0,598.0,598.0,598.0,68,0,0.0,0.0,0.0,0.0,0.0,0
BR,2017-05-26,640,1327.078125,187.5426618132525,1269.5,1080.4,1458.6,63,0,0.0,0.0,0.0,0.0,0.0,0
BR,2017-05-27,705,1405.8368794326238,4.330127018922194,1472.0,1468.2,1477.2,58,0,0.0,0.0,0.0,0.0,0.0,0
BR,2017-05-28,570,1360.6842105263158,0.0,1378.0,1378.0,1378.0,62,0,0.0,0.0,0.0,0.0,0.0,0
BR,2017-05-29,625,1438.2384000000002,0.0,607.0,607.0,607.0,56,0,0.0,0.0,0.0,0.0,0.0,0
BR,2017-05-30,721,1392.990291262136,79.0,769.0,705.8,832.2,63,0,0.0,0.0,0.0,0.0,0.0,0
BR,2017-05-31,673,1426.439821693908,111.60059980820452,748.0,577.2,834.8000000000001,69,0,0.0,0.0,0.0,0.0,0.0,0
BR,2017-06-01,582,1361.3539518900343,43.905796977898746,547.0,503.0,619.0,66,0,0.0,0.0,0.0,0.0,0.0,0
BR,2017-06-02,630,1337.2904761904763,0.0,625.0,625.0,625.0,62,0,0.0,0.0,0.0,0.0,0.0,0
BR,2017-06-03,664,1397.585843373494,11.259463140136017,609.0,596.2,620.0,61,2,100.0,0.0,0.0,0.0,0.0,2
BR,2017-06-04,716,1390.6648044692731,226.99534992789808,1422.0,1058.8,1462.8,63,0,0.0,0.0,0.0,0.0,0.0,0
BR,2017-06-05,640,1356.8953124999998,290.9838644581517,605.5,586.0,1208.7,63,0,0.0,0.0,0.0,0.0,0.0,0
BR,2017-06-06,715,1378.0923076923084,185.99397839715132,572.0,562.8,851.6,63,0,0.0,0.0,0.0,0.0,0.0,0
BR,2017-06-07,630,1370.4841269841281,0.0,568.0,568.0,568.0,64,0,0.0,0.0,0.0,0.0,0.0,0
BR,2017-06-08,538,1326.6914498141261,17.0,941.0,927.4,954.6,61,0,0.0,0.0,0.0,0.0,0.0,0
BR,2017-06-09,709,1361.9055007052184,68.39510216382457,729.5,663.6,844.0,60,0,0.0,0.0,0.0,0.0,0.0,0
BR,2017-06-10,709,1366.868829337095,3.5,983.5,980.7,986.3,56,1,90.73,0.0,0.0,0.0,0.0,1
BR,2017-06-11,788,1336.5596446700517,8.178562764256865,663.0,655.8,671.8,56,0,0.0,0.0,0.0,0.0,0.0,0
BR,2017-06-12,916,1289.606986899564,0.0,1473.0,1473.0,1473.0,62,0,0.0,0.0,0.0,0.0,0.0,0
BR,2017-06-13,797,1399.6800501882055,4.5,647.5,643.9,651.1,62,0,0.0,0.0,0.0,0.0,0.0,0
BR,2017-06-14,807,1319.268897149938,5.0,639.0,635.0,643.0,63,0,0.0,0.0,0.0,0.0,0.0,0
BR,2017-06-15,858,1375.3729603729603,159.17328083988636,1061.0,1038.4,1451.6,62,0,0.0,0.0,0.0,0.0,0.0,0
BR,2017-06-16,883,1439.672706681766,0.0,1459.0,1459.0,1459.0,64,0,0.0,0.0,0.0,0.0,0.0,0
BR,2017-06-17,795,1391.781132075472,260.57568478275175,582.5,546.2,1000.3000000000001,66,0,0.0,0.0,0.0,0.0,0.0,0
BR,2017-06-18,688,1368.6395348837214,11.205157542647742,1182.0,1174.6,1201.4,58,0,0.0,0.0,0.0,0.0,0.0,0
BR,2017-06-19,617,1392.6337115072934,0.0,1293.0,1293.0,1293.0,63,1,67.54,0.0,0.0,0.0,0.0,1
BR,2017-06-20,784,1400.918367346939,38.5,1354.5,1323.7,1385.3,80,0,0.0,0.0,0.0,0.0,0.0,0
BR,2017-06-21,678,1387.9675516224193,78.32127566774064,1479.0,1349.4,1485.4,70,0,0.0,0.0,0.0,0.0,0.0,0
BR,2017-06-22,702,1359.4173789173783,145.65548620342807,1055.0,1046.0,1285.0,70,0,0.0,0.0,0.0,0.0,0.0,0
BR,2017-06-23,902,1474.2915742793791,82.4338452516635,1318.0,1290.0,1484.0,76,0,0.0,0.0,0.0,0.0,0.0,0
BR,2017-06-24,916,1418.9061135371187,0.0,1361.0,1361.0,1361.0,74,0,0.0,0.0,0.0,0.0,0.0,0
BR,2017-06-25,568,1396.725352112676,7.0,1278.0,1272.4,1283.6,64,1,93.64,0.0,0.0,0.0,0.0,1
BR,2017-06-26,902,1372.8337028824833,166.675843284784,1113.5,1094.3,1478.6,77,0,0.0,0.0,0.0,0.0,0.0,0
BR,2017-06-27,717,1408.729428172942,0.0,1261.0,1261.0,1261.0,72,0,0.0,0.0,0.0,0.0,0.0,0
BR,2017-06-28,784,1409.747448979591,0.0,1195.0,1195.0,1195.0,63,0,0.0,0.0,0.0,0.0,0.0,0
BR,2017-06-29,575,1314.386086956522,95.5028795377396,1274.0,1253.6,1456.2,71,0,0.0,0.0,0.0,0.0,0.0,0
BR,2017-06-30,734,1286.3079019073568,0.0,1154.0,1154.0,1154.0,77,0,0.0,0.0,0.0,0.0,0.0,0
BR,2017-07-01,695,1267.7136690647478,83.09469534851023,1093.0,1072.7,1108.4,65,0,0.0,0.0,0.0,0.0,0.0,0
BR,2017-07-02,521,1289.8829174664108,5.3327169269036965,1078.0,1070.6,1084.8,60,0,0.0,0.0,0.0,0.0,0.0,0
BR,2017-07-03,723,1395.7939142461964,0.0,1104.0,1104.0,1104.0,68,0,0.0,0.0,0.0,0.0,0.0,0
BR,2017-07-04,632,1424.898734177215,250.1763822230672,530.0,516.4,947.6,67,0,0.0,0.0,0.0,0.0,0.0,0
BR,2017-07-05,780,1378.2179487179494,9.797958971132712,1460.0,1455.6,1475.6,63,0,0.0,0.0,0.0,0.0,0.0,0
BR,2017-07-06,721,1402.2399445214978,0.0,525.0,525.0,525.0,64,0,0.0,0.0,0.0,0.0,0.0,0
BR,2017-07-07,797,1449.3500627352578,142.29733850068558,1476.0,1313.4,1485.8,67,0,0.0,0.0,0.0,0.0,0.0,0
BR,2017-07-08,980,1355.4091836734704,5.0,509.0,505.0,513.0,60,0,0.0,0.0,0.0,0.0,0.0,0
BR,2017-07-09,768,1355.3919270833333,220.62235204580296,1486.0,956.8,1494.6,71,0,0.0,0.0,0.0,0.0,0.0,0
BR,2017-07-10,770,1425.9051948051947,13.298120167903432,1473.0,1452.1,1483.4,65,1,83.38,0.0,0.0,0.0,0.0,1
BR,2017-07-11,530,1340.8981132075476,1.7950549357115015,1435.5,1432.5,1436.0,69,0,0.0,0.0,0.0,0.0,0.0,0
BR,2017-07-12,682,1330.5718475073313,11.14550233153366,1461.0,1447.0,1473.0,73,2,69.08000000000001,0.0,0.0,0.0,0.0,2
BR,2017-07-13,575,1347.069565217391,0.0,515.0,515.0,515.0,65,1,93.55,0.0,0.0,0.0,0.0,1
BR,2017-07-14,785,1319.0675159235673,5.673402858955108,1491.0,1484.2,1496.2,78,0,0.0,0.0,0.0,0.0,0.0,0
BR,2017-07-15,760,1327.842105263158,62.702117632146646,1508.0,1402.4,1509.6,74,1,82.48,0.0,0.0,0.0,0.0,1
BR,2017-07-16,710,1357.930985915493,10.83267920578793,1260.0,1249.4,1273.8,70,0,0.0,0.0,0.0,0.0,0.0,0
BR,2017-07-17,807,1377.631970260223,117.08038403819238,1303.5,1271.3,1525.6,70,0,0.0,0.0,0.0,0.0,0.0,0
BR,2017-07-18,639,1347.7386541471055,151.7914321985562,1239.5,1133.1,1507.3000000000002,80,1,73.42,0.0,0.0,0.0,0.0,1
BR,2017-07-19,713,1320.3870967741932,203.31733202066167,1095.5,951.7,1395.7,79,1,73.98,0.0,0.0,0.0,0.0,1
BR,2017-07-20,673,1305.6448736998516,16.5,1518.5,1505.3,1531.7,70,0,0.0,0.0,0.0,0.0,0.0,0
BR,2017-07-21,689,1323.358490566038,27.99107000455681,1483.0,1467.9,1523.3,72,0,0.0,0.0,0.0,0.0,0.0,0
BR,2017-07-22,654,1304.6483180428131,41.09744517606904,1499.0,1454.4,1538.0,62,0,0.0,0.0,0.0,0.0,0.0,0
BR,2017-07-23,749,1337.2656875834448,151.27450654806628,1082.0,1071.8,1391.6000000000004,57,0,0.0,0.0,0.0,0.0,0.0,0
BR,2017-07-24,907,1302.4818081587655,3.771236166328253,1543.0,1536.6,1543.0,62,0,0.0,0.0,0.0,0.0,0.0,0
BR,2017-07-25,705,1338.9773049645391,3.5,1545.5,1542.7,1548.3,67,1,65.37,0.0,0.0,0.0,0.0,1
BR,2017-07-26,818,1328.006112469438,0.0,1480.0,1480.0,1480.0,66,0,0.0,0.0,0.0,0.0,0.0,0
BR,2017-07-27,767,1290.5710560625812,242.77788622693035,1260.0,947.8,1549.6,65,0,0.0,0.0,0.0,0.0,0.0,0
BR,2017-07-28,772,1296.9585492227975,208.4669992970551,1536.0,1144.6,1539.6,73,0,0.0,0.0,0.0,0.0,0.0,0
BR,2017-07-29,746,1366.2171581769437,0.0,1276.0,1276.0,1276.0,65,0,0.0,0.0,0.0,0.0,0.0,0
BR,2017-07-30,766,1275.9947780678845,113.7848847606746,1283.0,1277.4,1465.0,68,0,0.0,0.0,0.0,0.0,0.0,0
BR,2017-07-31,662,1307.7809667673714,0.0,1180.0,1180.0,1180.0,64,0,0.0,0.0,0.0,0.0,0.0,0
BR,2017-08-01,655,1354.6961832061072,4.058218303944372,1184.0,1179.6,1188.6,66,1,88.36,0.0,0.0,0.0,0.0,1
BR,2017-08-02,647,1319.2843894899538,104.10661602415094,1297.0,1292.1,1463.6,60,0,0.0,0.0,0.0,0.0,0.0,0
BR,2017-08-03,462,1336.6580086580086,0.0,1527.0,1527.0,1527.0,63,0,0.0,0.0,0.0,0.0,0.0,0
BR,2017-08-04,454,1331.6563876651985,0.0,1094.0,1094.0,1094.0,65,0,0.0,0.0,0.0,0.0,0.0,0
BR,2017-08-05,554,1356.8267148014452,16.252350257390123,901.0,880.5,916.0,64,0,0.0,0.0,0.0,0.0,0.0,0
BR,2017-08-06,550,1321.710909090909,5.748043145279966,1520.0,1515.4,1528.0,59,0,0.0,0.0,0.0,0.0,0.0,0
BR,2017-08-07,643,1325.793157076205,0.0,1525.0,1525.0,1525.0,61,0,0.0,0.0,0.0,0.0,0.0,0
BR,2017-08-08,671,1328.3636363636365,0.0,1172.0,1172.0,1172.0,64,0,0.0,0.0,0.0,0.0,0.0,0
BR,2017-08-09,497,1305.4668008048288,5.0,1514.0,1510.0,1518.0,70,0,0.0,0.0,0.0,0.0,0.0,0
BR,2017-08-10,671,1352.2548435171389,2.5,1514.5,1512.5,1516.5,68,0,0.0,0.0,0.0,0.0,0.0,0
BR,2017-08-11,624,1340.235576923077,10.73882274970524,1191.0,1182.0,1205.0,66,0,0.0,0.0,0.0,0.0,0.0,0
BR,2017-08-12,602,1376.9053156146178,0.0,1510.0,1510.0,1510.0,58,0,0.0,0.0,0.0,0.0,0.0,0
BR,2017-08-13,726,1391.9077134986226,135.91118423441097,1290.5,1260.9,1565.2,63,0,0.0,0.0,0.0,0.0,0.0,0
BR,2017-08-14,585,1311.4205128205128,5.315072906367325,1189.5,1184.1,1194.9,68,2,70.29,0.0,0.0,0.0,0.0,2
BR,2017-08-15,658,1357.554711246201,7.639371701913711,1189.5,1180.0,1198.7,63,0,0.0,0.0,0.0,0.0,0.0,0
BR,2017-08-16,657,1354.318112633181,10.581443292328336,916.0,906.0,929.0,65,0,0.0,0.0,0.0,0.0,0.0,0
BR,2017-08-17,557,1336.3842010771994,3.5,1193.5,1190.7,1196.3,63,0,0.0,0.0,0.0,0.0,0.0,0
BR,2017-08-18,552,1362.9981884057972,3.299831645537222,1495.0,1495.0,1500.6,70,0,0.0,0.0,0.0,0.0,0.0,0
BR,2017-08-19,754,1367.9787798408493,13.374935098492584,1518.0,1494.6,1527.4,60,0,0.0,0.0,0.0,0.0,0.0,0
BR,2017-08-20,979,1241.7374872318692,195.8993505746141,1468.5,1208.5,1524.0,62,0,0.0,0.0,0.0,0.0,0.0,0
BR,2017-08-21,895,1296.613407821229,6.374950980203691,1504.0,1497.6,1512.0,64,1,91.63,0.0,0.0,0.0,0.0,1
BR,2017-08-22,778,1284.0359897172232,8.806563209081938,1488.0,1480.5,1500.5,58,0,0.0,0.0,0.0,0.0,0.0,0
BR,2017-08-23,788,1374.3324873096444,2.762725657973388,1478.0,1477.2,1483.4,62,0,0.0,0.0,0.0,0.0,0.0,0
BR,2017-08-24,579,1397.5112262521588,4.496912521077347,1489.0,1481.8,1489.8,67,0,0.0,0.0,0.0,0.0,0.0,0
BR,2017-08-25,592,1339.625,4.898979485566356,1478.0,1473.2,1482.8,67,0,0.0,0.0,0.0,0.0,0.0,0
BR,2017-08-26,736,1420.7432065217386,2.5,1479.5,1477.5,1481.5,64,0,0.0,0.0,0.0,0.0,0.0,0
BR,2017-08-27,868,1418.162442396314,11.31984491452462,1487.0,1470.5,1491.0,63,0,0.0,0.0,0.0,0.0,0.0,0
BR,2017-08-28,581,1344.8330464716005,0.0,1488.0,1488.0,1488.0,63,1,64.42,0.0,0.0,0.0,0.0,1
BR,2017-08-29,570,1346.338596491228,5.418486873657627,1475.0,1468.8,1481.0,63,1,94.48,0.0,0.0,0.0,0.0,1
BR,2017-08-30,644,1383.6335403726707,11.881077392223316,1246.5,1228.2,1255.5,69,0,0.0,0.0,0.0,0.0,0.0,0
BR,2017-08-31,726,1370.1005509641873,9.5,1465.5,1457.9,1473.1,68,0,0.0,0.0,0.0,0.0,0.0,0
BR,2017-09-01,518,1345.8552123552122,7.379806126283973,1298.0,1290.6,1308.4,67,1,82.65,0.0,0.0,0.0,0.0,1
BR,2017-09-02,737,1336.392130257802,0.5,1467.5,1467.1,1467.9,59,0,0.0,0.0,0.0,0.0,0.0,0
BR,2017-09-03,579,1247.0449050086356,11.05667219374799,1298.5,1286.0,1310.7,55,0,0.0,0.0,0.0,0.0,0.0,0
BR,2017-09-04,560,1317.3125000000002,0.0,1474.0,1474.0,1474.0,67,0,0.0,0.0,0.0,0.0,0.0,0
BR,2017-09-05,499,1333.414829659319,0.0,1475.0,1475.0,1475.0,64,0,0.0,0.0,0.0,0.0,0.0,0
BR,2017-09-06,490,1389.9897959183672,0.0,1481.0,1481.0,1481.0,61,0,0.0,0.0,0.0,0.0,0.0,0
BR,2017-09-07,690,1337.9971014492753,4.189935029992178,1482.0,1476.4,1484.4,70,2,77.35,0.0,0.0,0.0,0.0,2
BR,2017-09-08,545,1340.9577981651369,0.0,1497.0,1497.0,1497.0,64,0,0.0,0.0,0.0,0.0,0.0,0
BR,2017-09-09,801,1343.6129837702867,264.0,1242.0,1030.8,1453.2,65,2,96.35,0.0,0.0,0.0,0.0,2
BR,2017-09-10,624,1336.0705128205132,211.2853666793787,986.0,982.2,1482.6,71,0,0.0,0.0,0.0,0.0,0.0,0
BR,2017-09-11,613,1324.8580750407832,4.714045207910316,1504.0,1496.0,1504.0,74,0,0.0,0.0,0.0,0.0,0.0,0
BR,2017-09-12,793,1337.9218158890294,0.0,1516.0,1516.0,1516.0,67,0,0.0,0.0,0.0,0.0,0.0,0
BR,2017-09-13,680,1359.4117647058824,4.0,1476.0,1472.8,1479.2,73,1,58.43,0.0,0.0,0.0,0.0,1
BR,2017-09-14,660,1315.7499999999995,0.0,1479.0,1479.0,1479.0,69,0,0.0,0.0,0.0,0.0,0.0,0
BR,2017-09-15,652,1441.70245398773,16.370494176559703,1231.0,1207.0,1250.0,68,0,0.0,0.0,0.0,0.0,0.0,0
BR,2017-09-16,779,1357.3401797175866,207.9925805894213,992.0,971.0,1480.6,67,0,0.0,0.0,0.0,0.0,0.0,0
BR,2017-09-17,737,1367.3324287652638,223.13629367620936,1466.0,1011.0,1498.5,79,0,0.0,0.0,0.0,0.0,0.0,0
BR,2017-09-18,736,1381.941576086957,3.39934634239519,1221.0,1219.4,1225.8,74,0,0.0,0.0,0.0,0.0,0.0,0
BR,2017-09-19,778,1297.6465295629816,0.0,1476.0,1476.0,1476.0,74,0,0.0,0.0,0.0,0.0,0.0,0
BR,2017-09-20,591,1366.9323181049067,203.57983691908197,1473.0,1144.6,1480.8,82,0,0.0,0.0,0.0,0.0,0.0,0
BR,2017-09-21,463,1314.7365010799133,0.0,1012.0,1012.0,1012.0,66,0,0.0,0.0,0.0,0.0,0.0,0
BR,2017-09-22,646,1373.4551083591327,6.4,1013.0,1004.8,1018.8,67,0,0.0,0.0,0.0,0.0,0.0,0
BR,2017-09-23,683,1316.5241581259158,8.717797887081348,1019.0,1011.0,1028.0,66,0,0.0,0.0,0.0,0.0,0.0,0
BR,2017-09-24,726,1318.3140495867774,16.240381768911714,1303.0,1279.0,1319.0,66,0,0.0,0.0,0.0,0.0,0.0,0
BR,2017-09-25,623,1377.4077046548955,4.0,1308.0,1304.8,1311.2,65,1,57.59,0.0,0.0,0.0,0.0,1
BR,2017-09-26,480,1388.3625,244.29048282730952,1313.0,812.4,1318.4,65,0,0.0,0.0,0.0,0.0,0.0,0
BR,2017-09-27,738,1400.4742547425478,213.58349676893275,1539.5,1103.2,1620.0,65,0,0.0,0.0,0.0,0.0,0.0,0
BR,2017-09-28,713,1451.8779803646569,0.0,1475.0,1475.0,1475.0,69,0,0.0,0.0,0.0,0.0,0.0,0
BR,2017-09-29,784,1348.5676020408164,4.0,1009.0,1005.8,1012.2,68,2,70.91,0.0,0.0,0.0,0.0,1
BR,2017-09-30,753,1374.1288180610893,149.6731813802653,1081.5,1000.4,1366.0000000000005,77,1,86.37,0.0,0.0,0.0,0.0,1
BR,2017-10-01,747,1378.8313253012047,215.2738720792656,1015.0,989.1,1482.0,63,1,88.34,0.0,0.0,0.0,0.0,1
BR,2017-10-02,542,1445.236162361624,248.2289456680176,1024.0,833.0,1477.6,64,3,80.27999999999999,0.0,0.0,0.0,0.0,1
BR,2017-10-03,659,1523.247344461305,3.2998316455372216,1015.0,1015.0,1020.6,62,1,65.54,0.0,0.0,0.0,0.0,1
BR,2017-10-04,720,1488.8972222222226,7.3484692283495345,1296.0,1288.8,1303.2,73,0,0.0,0.0,0.0,0.0,0.0,0
BR,2017-10-05,621,1466.175523349436,230.12842791218412,1067.0,861.2,1495.6,70,2,79.94999999999999,0.0,0.0,0.0,0.0,1
BR,2017-10-06,705,1413.2170212765957,134.63118344408755,1080.0,1069.6,1171.2,61,0,0.0,0.0,0.0,0.0,0.0,0
BR,2017-10-07,736,1361.4089673913045,148.06255674565116,1093.0,1064.6,1412.6000000000004,73,0,0.0,0.0,0.0,0.0,0.0,0
BR,2017-10-08,724,1336.346685082873,4.027681991198191,1087.0,1086.2,1093.4,68,0,0.0,0.0,0.0,0.0,0.0,0
BR,2017-10-09,569,1339.019332161687,0.0,1489.0,1489.0,1489.0,73,1,79.79,0.0,0.0,0.0,0.0,1
BR,2017-10-10,800,1381.2912499999998,8.2915619758885,1486.0,1476.4,1494.2,72,1,74.97,0.0,0.0,0.0,0.0,1
BR,2017-10-11,660,1363.3803030303031,179.14212465650365,1072.0,1060.0,1468.0,77,3,72.69000000000001,0.0,0.0,0.0,0.0,2
BR,2017-10-12,755,1333.7642384105964,183.48348018282192,1053.0,1047.1,1348.0,67,0,0.0,0.0,0.0,0.0,0.0,0
BR,2017-10-13,605,1349.38347107438,12.7216351150314,1078.0,1055.6,1086.4,73,1,81.0,0.0,0.0,0.0,0.0,1
BR,2017-10-14,739,1373.2922868741543,167.42118792633946,1097.5,1080.1,1474.9,73,2,67.125,0.0,0.0,0.0,0.0,1
BR,2017-10-15,604,1279.256622516556,177.94662120984484,1071.5,1045.0,1468.0,64,0,0.0,0.0,0.0,0.0,0.0,0
BR,2017-10-16,854,1359.2400468384071,6.164414002968976,1483.0,1475.8,1487.8,79,0,0.0,0.0,0.0,0.0,0.0,0
BR,2017-10-17,720,1401.7069444444448,3.5,1485.5,1482.7,1488.3,69,0,0.0,0.0,0.0,0.0,0.0,0
BR,2017-10-18,730,1383.3972602739725,183.2633181708283,1458.0,1030.6,1475.0,65,1,81.25,0.0,0.0,0.0,0.0,1
BR,2017-10-19,905,1390.1823204419893,5.314592925068079,1243.0,1235.6,1247.8,69,0,0.0,0.0,0.0,0.0,0.0,0
BR,2017-10-20,862,1333.278422273782,120.31535697477251,1031.0,1022.0,1046.0,84,5,74.956,0.0,0.0,0.0,0.0,1
BR,2017-10-21,637,1410.3375196232334,121.18069153128314,1049.0,1040.2,1100.9,61,4,67.64,0.0,0.0,0.0,0.0,1
BR,2017-10-22,810,1395.3802469135799,7.078048137170216,1072.0,1061.8,1079.2,73,1,53.69,0.0,0.0,0.0,0.0,1
BR,2017-10-23,668,1411.7694610778444,169.93789715330976,1099.5,1079.5,1449.0,74,1,73.84,0.0,0.0,0.0,0.0,1
BR,2017-10-24,654,1396.9709480122335,6.957010852370434,1178.0,1172.6,1187.6,61,1,90.43,0.0,0.0,0.0,0.0,1
BR,2017-10-25,782,1419.9590792838865,168.12819513692523,1046.0,1022.3,1454.7,78,2,74.185,0.0,70.79,70.79,70.79,2
BR,2017-10-26,781,1399.7516005121638,140.73666870206702,974.0,959.0,1006.0,72,1,66.23,0.0,0.0,0.0,0.0,1
BR,2017-10-27,662,1387.1314199395772,251.6025372183156,944.0,936.2,1450.8,68,0,0.0,0.0,0.0,0.0,0.0,0
BR,2017-10-28,782,1401.13810741688,236.4266388450243,950.0,944.4,1348.4,70,0,0.0,0.0,0.0,0.0,0.0,0
BR,2017-10-29,801,1376.5293383270912,232.18431375860763,1447.0,1055.8,1452.6,73,3,85.85333333333334,0.0,0.0,0.0,0.0,1
BR,2017-10-30,679,1334.7304860088375,10.024189493420405,950.0,937.7,964.3,75,1,89.08,0.0,0.0,0.0,0.0,1
BR,2017-10-31,574,1337.9250871080142,7.108488745499844,1543.0,1537.2,1553.0,68,1,77.64,0.0,0.0,0.0,0.0,1
BR,2017-11-01,877,1376.2736602052455,4.027681991198191,930.0,929.2,936.4,77,1,87.09,0.0,0.0,0.0,0.0,1
BR,2017-11-02,768,1392.5286458333337,130.76909502255398,950.0,941.2,959.0,75,2,72.21000000000001,0.0,0.0,0.0,0.0,1
BR,2017-11-03,755,1367.0317880794703,186.7924902494216,999.0,938.5,1406.5,80,1,72.36,0.0,0.0,0.0,0.0,1
BR,2017-11-04,802,1328.9364089775563,16.697679479496546,1055.5,1035.0,1076.0,64,0,0.0,0.0,0.0,0.0,0.0,0
BR,2017-11-05,734,1383.2506811989092,4.0,1079.0,1075.8,1082.2,76,1,99.13,0.0,0.0,0.0,0.0,1
BR,2017-11-06,761,1372.367936925099,11.01104243727884,1118.5,1111.0,1139.1,62,1,84.88,0.0,0.0,0.0,0.0,1
BR,2017-11-07,787,1348.269377382465,0.0,1067.0,1067.0,1067.0,77,0,0.0,0.0,0.0,0.0,0.0,0
BR,2017-11-08,1182,1402.22165820643,113.78436910692622,1069.5,1042.3,1292.6000000000004,78,2,94.405,0.0,0.0,0.0,0.0,1
BR,2017-11-09,699,1386.7310443490703,3.5,1023.5,1020.7,1026.3,78,1,81.23,0.0,0.0,0.0,0.0,1
BR,2017-11-10,766,1384.524804177545,156.10152946079677,1022.0,1016.3,1378.8,77,3,88.53666666666668,0.0,0.0,0.0,0.0,1
BR,2017-11-11,775,1377.4929032258058,125.48499661314096,1012.0,1002.7,1131.6999999999998,81,2,88.71000000000001,0.0,0.0,0.0,0.0,1
BR,2017-11-12,831,1362.8977135980751,163.16874700750753,984.0,970.3,1065.2999999999995,73,1,88.98,0.0,0.0,0.0,0.0,1
BR,2017-11-13,679,1357.029455081002,191.70811146114812,957.0,951.4,1265.0,83,2,66.21000000000001,0.0,0.0,0.0,0.0,2
BR,2017-11-14,798,1319.3909774436097,9.499473669630332,1410.0,1398.4,1420.0,86,1,70.09,0.0,0.0,0.0,0.0,1
BR,2017-11-15,829,1386.012062726177,0.0,1425.0,1425.0,1425.0,80,1,71.07,0.0,0.0,0.0,0.0,1
BR,2017-11-16,709,1319.1875881523267,0.0,1430.0,1430.0,1430.0,81,3,78.08,0.0,0.0,0.0,0.0,1
BR,2017-11-17,588,1297.9965986394548,0.0,962.0,962.0,962.0,75,7,77.16,0.0,0.0,0.0,0.0,1
BR,2017-11-18,518,1356.791505791506,122.70689568447531,976.0,969.2,983.6,76,2,84.81,0.0,0.0,0.0,0.0,1
BR,2017-11-19,834,1391.8369304556352,184.36893807104215,986.0,970.0,1383.0,77,3,73.81666666666666,0.0,0.0,0.0,0.0,1
BR,2017-11-20,958,1352.9822546972853,8.404589169827005,1004.0,994.0,1016.4,85,3,81.15666666666668,0.0,0.0,0.0,0.0,2
BR,2017-11-21,713,1346.723702664797,4.0,1452.0,1448.8,1455.2,77,3,89.09333333333332,0.0,0.0,0.0,0.0,1
BR,2017-11-22,795,1372.454088050314,132.48245166813604,1020.0,1010.0,1073.9,91,3,80.94333333333333,0.0,0.0,0.0,0.0,1
BR,2017-11-23,801,1304.0586766541826,123.37417679563256,1020.5,1012.7,1030.8,88,1,77.85,0.0,0.0,0.0,0.0,1
BR,2017-11-24,691,1241.1924746743844,15.930787802240038,984.0,972.0,1010.7,80,1,79.52,0.0,0.0,0.0,0.0,1
BR,2017-11-25,888,1295.7252252252256,212.7508813142733,983.5,967.5,1479.0,82,8,81.23625,0.0,0.0,0.0,0.0,1
BR,2017-11-26,886,1277.025959367946,127.03414793072147,959.0,947.2,1156.8,85,1,74.4,0.0,0.0,0.0,0.0,1
BR,2017-11-27,770,1258.9883116883125,231.30870959780668,944.0,919.7,1478.3,82,1,87.55,0.0,0.0,0.0,0.0,1
BR,2017-11-28,1073,1352.813606710158,198.95112721572644,920.0,903.2,1221.6,80,4,80.46000000000001,0.0,0.0,0.0,0.0,1
BR,2017-11-29,848,1327.409198113207,9.177928687890311,1363.5,1349.6,1370.1,88,3,56.06,0.0,0.0,0.0,0.0,2
BR,2017-11-30,943,1363.0084835630964,295.0,1200.0,964.0,1436.0,91,3,81.11999999999999,0.0,0.0,0.0,0.0,1
BR,2017-12-01,682,1361.4530791788854,8.107673834090763,1341.0,1332.9,1351.1,74,2,87.595,0.0,0.0,0.0,0.0,1
BR,2017-12-02,1043,1333.2233940556082,136.00711088221203,1134.5,907.7,1152.0,79,2,55.605,0.0,0.0,0.0,0.0,2
BR,2017-12-03,932,1331.6244635193134,140.84593792968445,1163.0,1148.0,1491.0,85,0,0.0,0.0,0.0,0.0,0.0,0
BR,2017-12-04,782,1365.2531969309473,279.1106870459616,917.0,901.6,1513.0,88,17,60.82705882352942,0.0,0.0,0.0,0.0,12
BR,2017-12-05,942,1346.160297239915,190.4691692580976,911.0,900.0,1216.0,89,0,0.0,0.0,0.0,0.0,0.0,0
BR,2017-12-06,1081,1340.95374653099,225.5063399884801,925.0,912.5,1498.0,89,0,0.0,0.0,0.0,0.0,0.0,0
BR,2017-12-07,874,1357.866132723112,3.944053188733077,1488.0,1481.5,1490.5,84,0,0.0,0.0,0.0,0.0,0.0,0
BR,2017-12-08,859,1386.270081490105,11.338430226446691,901.0,886.6,912.2,77,0,0.0,0.0,0.0,0.0,0.0,0
BR,2017-12-09,821,1340.412911084045,294.1551195797891,1184.5,884.7,1481.0,72,0,0.0,0.0,0.0,0.0,0.0,0
BR,2017-12-10,1047,1296.752626552054,113.6845488591372,942.5,920.0,1191.6,81,1,83.29,0.0,0.0,0.0,0.0,1
BR,2017-12-11,1073,1330.8835041938491,257.95649934738134,927.0,913.6,1467.0,86,3,78.01666666666667,0.0,0.0,0.0,0.0,1
BR,2017-12-12,1090,1350.882568807339,8.594147718069546,1286.5,1277.0,1297.5,78,1,26.16,0.0,0.0,0.0,0.0,1
BR,2017-12-13,715,1333.1566433566445,3.0,1476.0,1473.6,1478.4,85,0,0.0,0.0,0.0,0.0,0.0,0
BR,2017-12-14,791,1296.9001264222509,0.0,1480.0,1480.0,1480.0,87,0,0.0,0.0,0.0,0.0,0.0,0
BR,2017-12-15,813,1375.6777367773673,141.59121090631706,1293.0,1283.4,1300.8,85,0,0.0,0.0,0.0,0.0,0.0,0
BR,2017-12-16,682,1392.8988269794722,8.842369591913696,1474.5,1464.7,1483.6,74,1,88.65,0.0,0.0,0.0,0.0,1
BR,2017-12-17,835,1348.0035928143702,98.694275416561,1213.0,1200.6,1361.0,86,0,0.0,0.0,0.0,0.0,0.0,0
BR,2017-12-18,900,1332.1777777777784,249.0792462533308,1329.0,769.0,1351.6,88,2,86.12,0.0,0.0,0.0,0.0,1
BR,2017-12-19,803,1345.1232876712331,116.6707804290224,1220.0,1049.8,1303.6,89,5,79.67,0.0,0.0,0.0,0.0,1
BR,2017-12-20,603,1315.6384742951914,0.0,1464.0,1464.0,1464.0,83,5,53.970000000000006,0.0,0.0,0.0,0.0,3
BR,2017-12-21,823,1327.0157958687732,177.33327241714355,1390.0,1133.5,1477.4,88,2,83.98,0.0,0.0,0.0,0.0,1
BR,2017-12-22,930,1394.6591397849456,106.22530181082809,1260.0,1242.2,1482.0,87,3,80.35000000000001,0.0,0.0,0.0,0.0,1
BR,2017-12-23,737,1347.280868385346,219.0996120489491,954.0,904.4,1478.0,92,1,37.74,0.0,0.0,0.0,0.0,1
BR,2017-12-24,1016,1386.448818897638,34.79230951083002,1043.0,1010.0,1102.4,74,4,72.2225,0.0,0.0,0.0,0.0,1
BR,2017-12-25,824,1383.3361650485438,104.20125155892455,1248.0,1239.0,1478.0,72,3,70.23,0.0,0.0,0.0,0.0,3
BR,2017-12-26,731,1344.2763337893302,92.77499663163562,1242.0,1232.2,1383.0,77,0,0.0,0.0,0.0,0.0,0.0,0
BR,2017-12-27,698,1317.336676217765,85.6957408509898,1267.0,1258.4,1393.4,86,3,77.52666666666666,0.0,0.0,0.0,0.0,2
BR,2017-12-28,656,1295.356707317073,211.64330579748767,927.0,919.0,1393.8,79,3,86.83333333333333,0.0,0.0,0.0,0.0,3
BR,2017-12-29,869,1337.8860759493666,40.11714389295584,1180.0,1160.8,1199.0,82,2,88.87,0.0,0.0,0.0,0.0,2
BR,2017-12-30,723,1394.125864453665,0.0,1463.0,1463.0,1463.0,68,3,70.61,0.0,0.0,0.0,0.0,1
BR,2017-12-31,914,1472.8676148796503,4.09878030638384,1456.0,1455.4,1464.0,80,0,0.0,0.0,0.0,0.0,0.0,0
BR,2018-01-01,613,1456.836867862969,0.0,1464.0,1464.0,1464.0,65,0,0.0,0.0,0.0,0.0,0.0,0
BR,2018-01-02,921,1392.3148751357228,83.86244689967018,1153.0,1123.0,1223.3,76,1,67.65,0.0,0.0,0.0,0.0,1
BR,2018-01-03,677,1362.6706056129983,3.5,1441.5,1438.7,1444.3,77,2,92.01,0.0,0.0,0.0,0.0,1
BR,2018-01-04,935,1298.418181818182,140.65866296625893,1276.5,1080.0,1436.0,75,1,83.75,0.0,0.0,0.0,0.0,1
BR,2018-01-05,821,1344.2131546894038,174.4795435319313,1099.0,914.6,1336.2,87,2,64.815,0.0,0.0,0.0,0.0,1
BR,2018-01-06,787,1370.15374841169,5.7608593109014565,1423.0,1417.9,1430.2,77,0,0.0,0.0,0.0,0.0,0.0,0
BR,2018-01-07,944,1349.3930084745757,137.659839477455,1106.0,1097.0,1412.0,77,3,81.99000000000001,0.0,0.0,0.0,0.0,1
BR,2018-01-08,869,1354.7157652474102,37.4567750880932,1307.5,1291.9,1336.9,77,8,76.41375,0.0,0.0,0.0,0.0,1
BR,2018-01-09,1045,1316.4765550239238,0.0,1313.0,1313.0,1313.0,82,3,68.90333333333335,0.0,0.0,0.0,0.0,2
BR,2018-01-10,823,1276.9319562575945,51.10039138793361,1306.0,1296.7,1419.8,83,6,79.33333333333333,0.0,0.0,0.0,0.0,1
BR,2018-01-11,754,1313.7188328912468,55.364248391899984,1335.0,1323.8,1441.4,82,3,83.69,0.0,0.0,0.0,0.0,1
BR,2018-01-12,713,1276.5806451612902,51.93072308373917,1451.0,1345.6,1453.0,79,3,95.00333333333332,0.0,0.0,0.0,0.0,1
BR,2018-01-13,793,1349.3959646910466,174.36639090167014,1279.0,1220.0,1628.0,62,0,0.0,0.0,0.0,0.0,0.0,0
BR,2018-01-14,952,1323.507352941177,0.0,1459.0,1459.0,1459.0,84,3,77.38999999999999,0.0,0.0,0.0,0.0,1
BR,2018-01-15,855,1280.9368421052632,4.6696419087073,874.5,868.0,879.0,87,2,78.015,0.0,0.0,0.0,0.0,1
BR,2018-01-16,818,1310.5452322738386,49.0,1400.0,1360.8,1439.2,82,2,86.07499999999999,0.0,0.0,0.0,0.0,1
BR,2018-01-17,749,1267.329773030708,291.885822426053,1177.5,889.0,1485.5,81,0,0.0,0.0,0.0,0.0,0.0,0
BR,2018-01-18,627,1324.1881977671449,4.166533331199932,879.0,874.4,883.0,78,1,48.48,0.0,0.0,0.0,0.0,1
BR,2018-01-19,828,1330.5785024154588,7.888106377466155,1296.0,1288.5,1305.5,89,0,0.0,0.0,0.0,0.0,0.0,0
BR,2018-01-20,1034,1365.0715667311415,0.816496580927726,1352.0,1351.2,1352.8,88,2,77.03,0.0,0.0,0.0,0.0,1
BR,2018-01-21,763,1364.923984272608,0.0,1359.0,1359.0,1359.0,81,0,0.0,0.0,0.0,0.0,0.0,0
BR,2018-01-22,955,1314.1685863874347,2.8284271247461903,1454.0,1454.0,1458.8,82,1,88.39,0.0,0.0,0.0,0.0,1
BR,2018-01-23,860,1340.4453488372094,23.697163449568293,1445.0,1440.2,1482.6,86,2,88.955,0.0,0.0,0.0,0.0,1
BR,2018-01-24,758,1366.7031662269126,14.728798321655436,1432.0,1412.6,1447.1,78,5,80.166,0.0,0.0,0.0,0.0,1
BR,2018-01-25,915,1348.637158469945,3.5,1418.5,1415.7,1421.3,84,5,74.42800000000001,0.0,0.0,0.0,0.0,1
BR,2018-01-26,868,1278.6578341013824,12.202003478482084,1411.5,1397.5,1426.0,81,4,71.75750000000001,0.0,0.0,0.0,0.0,2
BR,2018-01-27,861,1373.787456445994,3.5,874.5,871.7,877.3,73,7,81.03428571428572,0.0,0.0,0.0,0.0,1
BR,2018-01-28,722,1330.1177285318558,12.349089035228468,1040.0,1025.9,1055.7,72,3,80.18333333333334,0.0,0.0,0.0,0.0,2
BR,2018-01-29,942,1355.5923566878982,178.33003112207433,1402.0,1089.2,1474.0,89,9,64.84555555555555,0.0,0.0,0.0,0.0,4
BR,2018-01-30,991,1347.644803229062,0.0,1397.0,1397.0,1397.0,90,1,69.45,0.0,0.0,0.0,0.0,1
BR,2018-01-31,822,1340.9914841849145,6.548960901462833,1378.0,1372.4,1385.2,90,0,0.0,0.0,0.0,0.0,0.0,0
BR,2018-02-01,905,1314.9204419889506,4.949747468305833,1370.0,1365.1,1374.9,87,0,0.0,0.0,0.0,0.0,0.0,0
BR,2018-02-02,690,1309.0173913043477,235.2846975238485,898.5,889.5,1393.0,79,1,78.23,0.0,0.0,0.0,0.0,1
BR,2018-02-03,684,1330.049707602339,165.42879553007856,1353.0,996.4,1388.6,79,0,0.0,0.0,0.0,0.0,0.0,0
BR,2018-02-04,928,1359.6724137931035,0.0,1347.0,1347.0,1347.0,81,2,81.42500000000001,0.0,0.0,0.0,0.0,1
BR,2018-02-05,784,1287.7678571428569,0.0,1339.0,1339.0,1339.0,89,4,87.92,0.0,0.0,0.0,0.0,1
BR,2018-02-06,800,1349.2350000000013,8.956685895029603,1363.5,1353.7,1375.1,86,0,0.0,0.0,0.0,0.0,0.0,0
BR,2018-02-07,905,1349.5226519337016,5.142956348249516,1370.0,1367.3,1377.1,85,0,0.0,0.0,0.0,0.0,0.0,0
BR,2018-02-08,785,1272.6509554140123,53.50597059103674,1340.0,1339.2,1430.4,80,0,0.0,0.0,0.0,0.0,0.0,0
BR,2018-02-09,893,1315.333706606943,4.5,1362.5,1358.9,1366.1,85,4,68.0075,0.0,0.0,0.0,0.0,1
BR,2018-02-10,677,1378.1447562776957,0.0,1332.0,1332.0,1332.0,76,0,0.0,0.0,0.0,0.0,0.0,0
BR,2018-02-11,1007,1326.5571002979152,0.0,1336.0,1336.0,1336.0,79,2,80.995,0.0,0.0,0.0,0.0,1
BR,2018-02-12,992,1371.3528225806451,0.0,1344.0,1344.0,1344.0,84,0,0.0,0.0,0.0,0.0,0.0,0
BR,2018-02-13,1096,1376.03102189781,201.7158033127857,1317.0,916.6,1332.8,95,6,63.29333333333333,0.0,0.0,0.0,0.0,3
BR,2018-02-14,863,1333.7462340672075,17.7341478509682,1408.5,1391.6,1429.6,82,2,76.365,0.0,0.0,0.0,0.0,1
BR,2018-02-15,982,1308.2342158859476,6.383572667401852,908.0,902.4,915.0,94,1,83.06,0.0,0.0,0.0,0.0,1
BR,2018-02-16,777,1288.5534105534105,6.93461526610445,1359.0,1348.8,1366.6,85,0,0.0,0.0,0.0,0.0,0.0,0
BR,2018-02-17,908,1366.662995594714,181.59914647376516,909.0,904.1,1200.9,83,0,0.0,0.0,0.0,0.0,0.0,0
BR,2018-02-18,982,1329.6914460285138,5.408326913195984,1318.5,1312.8,1324.2,93,0,0.0,0.0,0.0,0.0,0.0,0
BR,2018-02-19,732,1310.3469945355191,10.2738026264944,1353.0,1337.4,1360.4,79,1,36.86,0.0,0.0,0.0,0.0,1
BR,2018-02-20,626,1374.3338658146968,15.692815643150766,1358.0,1350.0,1387.0,83,0,0.0,0.0,0.0,0.0,0.0,0
BR,2018-02-21,741,1325.346828609986,4.968903299521937,1386.5,1381.7,1393.3,85,0,0.0,0.0,0.0,0.0,0.0,0
BR,2018-02-22,871,1343.804822043628,9.686187187031967,1382.0,1371.0,1394.6,89,1,55.1,0.0,0.0,0.0,0.0,1
BR,2018-02-23,745,1310.6241610738264,13.988834833537782,1411.0,1393.2,1426.8,79,0,0.0,0.0,0.0,0.0,0.0,0
BR,2018-02-24,781,1313.9398207426382,3.0,1438.0,1435.6,1440.4,86,2,35.285,0.0,0.0,0.0,0.0,1
BR,2018-02-25,968,1327.8657024793386,4.534313619501853,1454.0,1449.4,1459.0,72,0,0.0,0.0,0.0,0.0,0.0,0
BR,2018-02-26,970,1322.59587628866,3.0,1463.0,1460.6,1465.4,82,0,0.0,0.0,0.0,0.0,0.0,0
BR,2018-02-27,1009,1326.374628344896,3.5,1452.5,1449.7,1455.3,92,0,0.0,0.0,0.0,0.0,0.0,0
BR,2018-02-28,885,1353.8768361581915,1.5,1453.5,1452.3,1454.7,91,0,0.0,0.0,0.0,0.0,0.0,0
BR,2018-03-01,957,1349.174503657262,6.454972243679028,1455.0,1445.0,1459.0,87,0,0.0,0.0,0.0,0.0,0.0,0
BR,2018-03-02,935,1321.2064171123,3.6996621467371855,1316.0,1310.1,1317.0,90,0,0.0,0.0,0.0,0.0,0.0,0
BR,2018-03-03,995,1334.2341708542715,35.83556194620087,1453.5,1397.4,1459.9,84,0,0.0,0.0,0.0,0.0,0.0,0
BR,2018-03-04,1067,1390.91565135895,4.898979485566356,1475.0,1470.2,1479.8,89,0,0.0,0.0,0.0,0.0,0.0,0
BR,2018-03-05,967,1352.947259565667,197.2052696236765,925.0,913.8,1154.4,98,0,0.0,0.0,0.0,0.0,0.0,0
BR,2018-03-06,894,1395.8747203579424,0.0,1476.0,1476.0,1476.0,90,0,0.0,0.0,0.0,0.0,0.0,0
BR,2018-03-07,923,1368.898158179849,5.228129047119374,1313.0,1306.0,1317.0,94,0,0.0,0.0,0.0,0.0,0.0,0
BR,2018-03-08,816,1342.6176470588234,6.642473107178669,1475.0,1467.6,1483.4,90,0,0.0,0.0,0.0,0.0,0.0,0
BR,2018-03-09,712,1354.3426966292132,3.0,1491.0,1488.6,1493.4,96,0,0.0,0.0,0.0,0.0,0.0,0
BR,2018-03-10,809,1343.6662546353523,4.5,1307.5,1303.9,1311.1,79,1,61.37,0.0,0.0,0.0,0.0,1
BR,2018-03-11,979,1301.581205311542,253.41689456107616,1498.5,915.0,1526.1,91,1,27.69,0.0,0.0,0.0,0.0,1
BR,2018-03-12,1073,1273.3261882572228,4.409081537009721,1524.0,1518.6,1528.4,95,1,32.91,0.0,0.0,0.0,0.0,1
BR,2018-03-13,956,1248.0815899581592,4.963869458396343,1516.0,1513.6,1524.4,91,0,0.0,0.0,0.0,0.0,0.0,0
BR,2018-03-14,953,1299.3546694648471,19.781051539288807,1479.5,1451.1,1499.9,92,0,0.0,0.0,0.0,0.0,0.0,0
BR,2018-03-15,805,1365.6919254658385,2.5,1434.5,1432.5,1436.5,88,0,0.0,0.0,0.0,0.0,0.0,0
BR,2018-03-16,672,1351.633928571428,2.5,1423.5,1421.5,1425.5,81,0,0.0,0.0,0.0,0.0,0.0,0
BR,2018-03-17,891,1347.0707070707067,7.753866711492521,912.0,903.0,921.2,84,1,31.86,0.0,0.0,0.0,0.0,1
BR,2018-03-18,1058,1371.2580340264649,7.495832175282475,1329.5,1321.1,1337.2,80,1,15.18,0.0,0.0,0.0,0.0,1
BR,2018-03-19,864,1353.9675925925922,2.943920288775949,1435.0,1431.0,1436.6,89,0,0.0,0.0,0.0,0.0,0.0,0
BR,2018-03-20,881,1384.9897843359815,4.496912521077347,1447.0,1442.2,1451.0,92,0,0.0,0.0,0.0,0.0,0.0,0
BR,2018-03-21,764,1365.003926701571,21.5,1016.5,999.3,1033.7,89,0,0.0,0.0,0.0,0.0,0.0,0
BR,2018-03-22,750,1378.5599999999988,3.5,1468.5,1465.7,1471.3,84,0,0.0,0.0,0.0,0.0,0.0,0
BR,2018-03-23,860,1328.7581395348843,6.2960304954788775,1339.5,1332.5,1348.2,82,0,0.0,0.0,0.0,0.0,0.0,0
BR,2018-03-24,1008,1359.302579365079,0.9428090415820634,1460.0,1458.4,1460.0,78,0,0.0,0.0,0.0,0.0,0.0,0
BR,2018-03-25,1062,1339.83615819209,8.09635846588843,1438.0,1431.4,1450.4,89,1,75.63,0.0,0.0,0.0,0.0,1
BR,2018-03-26,1126,1347.4271758436948,7.3484692283495345,1327.0,1319.0,1335.0,88,0,0.0,0.0,0.0,0.0,0.0,0
BR,2018-03-27,847,1311.6953955135773,0.0,1430.0,1430.0,1430.0,87,0,0.0,0.0,0.0,0.0,0.0,0
BR,2018-03-28,944,1303.226694915254,0.0,638.0,638.0,638.0,83,0,0.0,0.0,0.0,0.0,0.0,0
BR,2018-03-29,933,1342.644158628082,0.0,1422.0,1422.0,1422.0,95,0,0.0,0.0,0.0,0.0,0.0,0
BR,2018-03-30,883,1358.9218573046437,39.19897957855536,1329.0,1313.6,1382.4,83,0,0.0,0.0,0.0,0.0,0.0,0
BR,2018-03-31,1009,1365.4420218037656,0.0,1413.0,1413.0,1413.0,85,0,0.0,0.0,0.0,0.0,0.0,0
BR,2018-04-01,1391,1356.547807332855,53.84545787096005,1296.0,1274.0,1412.4,89,0,0.0,0.0,0.0,0.0,0.0,0
BR,2018-04-02,1123,1281.442564559216,99.28997935340706,1799.0,1734.5,1936.3,96,0,0.0,0.0,0.0,0.0,0.0,0
BR,2018-04-03,981,1267.9469928644244,554.3530012546157,1718.0,639.3,1830.8,92,0,0.0,0.0,0.0,0.0,0.0,0
BR,2018-04-04,1098,1277.2085610200365,439.4096766177612,1806.0,821.6000000000001,1866.6,96,0,0.0,0.0,0.0,0.0,0.0,0
BR,2018-04-05,1119,1313.5067024128682,319.1613189282185,1653.0,1527.3000000000002,1674.3,98,0,0.0,0.0,0.0,0.0,0.0,0
BR,2018-04-06,1127,1343.4143744454302,277.88391949754646,1665.0,1640.8,1680.0,95,0,0.0,0.0,0.0,0.0,0.0,0
BR,2018-04-07,1080,1344.0000000000005,5.083306010855534,1632.0,1627.8,1637.8,92,0,0.0,0.0,0.0,0.0,0.0,0
BR,2018-04-08,903,1360.4972314507204,15.227642428681818,1630.0,1604.8,1644.0,92,0,0.0,0.0,0.0,0.0,0.0,0
BR,2018-04-09,1379,1293.7606961566353,188.1716089684326,1636.0,1588.3,1684.4,106,1,75.83,0.0,0.0,0.0,0.0,1
BR,2018-04-10,1155,1297.3948051948053,239.18996004384195,1643.0,1605.0,1661.0,100,0,0.0,0.0,0.0,0.0,0.0,0
BR,2018-04-11,960,1324.4729166666668,193.43419854280472,1654.0,1629.2,1677.4,98,0,0.0,0.0,0.0,0.0,0.0,0
BR,2018-04-12,1014,1308.3648915187373,21.115968139235775,1682.0,1661.6,1717.4,92,0,0.0,0.0,0.0,0.0,0.0,0
BR,2018-04-13,935,1300.5967914438504,155.8837173451202,1684.0,1660.2,1695.6,100,0,0.0,0.0,0.0,0.0,0.0,0
BR,2018-04-14,973,1404.144912641316,11.003471674380268,1663.5,1647.5,1677.0,91,0,0.0,0.0,0.0,0.0,0.0,0
BR,2018-04-15,1029,1339.4382896015552,436.77119455029185,1643.0,638.5,1651.9,92,0,0.0,0.0,0.0,0.0,0.0,0
BR,2018-04-16,1021,1306.4191968658176,15.38311211713366,1667.5,1651.0,1690.8,101,0,0.0,0.0,0.0,0.0,0.0,0
BR,2018-04-17,1010,1307.4425742574263,445.83980957566934,1697.0,631.2,1711.2,100,0,0.0,0.0,0.0,0.0,0.0,0
BR,2018-04-18,915,1266.5377049180324,5.192301994298868,1728.5,1722.0,1735.4,92,1,25.77,0.0,0.0,0.0,0.0,1
BR,2018-04-19,855,1308.2374269005848,267.24987576002724,1719.0,1701.0,1728.0,94,0,0.0,0.0,0.0,0.0,0.0,0
BR,2018-04-20,1077,1297.1708449396472,300.93652221024956,1731.0,1651.6,1743.2,93,0,0.0,0.0,0.0,0.0,0.0,0
BR,2018-04-21,797,1384.109159347553,10.497981351514557,1696.0,1682.4,1708.4,88,0,0.0,0.0,0.0,0.0,0.0,0
BR,2018-04-22,865,1297.9630057803465,262.6365464963998,1645.0,1627.4,1674.8,100,1,84.88,0.0,0.0,0.0,0.0,1
BR,2018-04-23,1021,1307.7541625856998,177.4059619805952,1703.0,1635.1,1736.0,96,1,77.23,0.0,0.0,0.0,0.0,1
BR,2018-04-24,1034,1305.9574468085113,189.8451404056478,1722.0,1695.1,1736.0,95,0,0.0,0.0,0.0,0.0,0.0,0
BR,2018-04-25,875,1236.0377142857149,16.210326688812433,1727.5,1702.5,1746.5,96,0,0.0,0.0,0.0,0.0,0.0,0
BR,2018-04-26,971,1214.794026776519,17.222152528731943,1708.0,1689.0,1733.0,95,0,0.0,0.0,0.0,0.0,0.0,0
BR,2018-04-27,900,1280.3022222222223,20.66567369345002,1710.0,1680.6,1736.8,88,0,0.0,0.0,0.0,0.0,0.0,0
BR,2018-04-28,1086,1368.5653775322285,15.653743882615846,1715.0,1690.2,1730.4,99,1,81.97,0.0,0.0,0.0,0.0,1
BR,2018-04-29,1029,1415.6073858114676,13.902517757586214,1737.0,1710.0,1747.4,96,0,0.0,0.0,0.0,0.0,0.0,0
BR,2018-04-30,1063,1352.7206020696144,14.718017102682081,1705.0,1692.0,1727.6,104,0,0.0,0.0,0.0,0.0,0.0,0
BR,2018-05-01,1133,1378.5004413062663,3.7416573867739413,1693.0,1691.4,1699.6,106,1,84.5,0.0,0.0,0.0,0.0,1
BR,2018-05-02,1332,1337.1719219219221,25.881733705712914,1683.0,1630.0,1703.0,93,1,90.21,0.0,0.0,0.0,0.0,1
BR,2018-05-03,1707,1263.9484475688346,12.819609978466584,1627.0,1616.8,1635.2,107,1,55.22,0.0,0.0,0.0,0.0,1
BR,2018-05-04,1229,1296.1554109031727,19.284126918800556,1648.0,1626.4,1679.2,107,0,0.0,0.0,0.0,0.0,0.0,0
BR,2018-05-05,992,1387.8074596774193,19.77128573492853,1639.0,1618.7,1674.3,95,0,0.0,0.0,0.0,0.0,0.0,0
BR,2018-05-06,848,1378.7393867924525,5.14241620684717,1680.0,1672.0,1685.6,93,0,0.0,0.0,0.0,0.0,0.0,0
BR,2018-05-07,1033,1272.076476282672,21.773607877428123,1638.5,1605.1,1658.4,98,1,90.61,0.0,0.0,0.0,0.0,1
BR,2018-05-08,1044,1320.818965517241,16.515768593828685,1629.0,1604.4,1646.6,101,0,0.0,0.0,0.0,0.0,0.0,0
BR,2018-05-09,1028,1320.670233463035,26.438033209752952,1655.0,1628.8,1701.9,103,6,88.12333333333333,0.0,0.0,0.0,0.0,2
BR,2018-05-10,911,1317.9045005488476,15.952566407948284,1687.0,1672.0,1714.0,101,0,0.0,0.0,0.0,0.0,0.0,0
BR,2018-05-11,870,1333.6666666666667,28.819526313819047,1644.0,1609.0,1689.6,95,1,52.6,0.0,0.0,0.0,0.0,1
BR,2018-05-12,922,1381.4989154013012,8.509298635334533,1600.5,1588.3,1608.7,92,0,0.0,0.0,0.0,0.0,0.0,0
BR,2018-05-13,903,1342.797342192691,3.8586123009300755,1609.0,1607.4,1614.6,101,0,0.0,0.0,0.0,0.0,0.0,0
BR,2018-05-14,1027,1351.666017526777,19.75600858098775,1626.0,1602.8,1656.0,101,0,0.0,0.0,0.0,0.0,0.0,0
BR,2018-05-15,1051,1385.3872502378692,25.76508449868144,1674.0,1653.6,1723.4,101,0,0.0,0.0,0.0,0.0,0.0,0
BR,2018-05-16,1056,1332.716856060606,50.31595971924948,1729.0,1634.4,1742.8,101,0,0.0,0.0,0.0,0.0,0.0,0
BR,2018-05-17,1191,1317.1670864819484,39.72827723029735,1786.0,1733.8,1837.4,102,1,58.04,0.0,0.0,0.0,0.0,1
BR,2018-05-18,899,1327.50723025584,12.658429115194314,1820.0,1799.0,1830.0,103,0,0.0,0.0,0.0,0.0,0.0,0
BR,2018-05-19,991,1346.5489404641773,4.570436400267362,1839.5,1834.5,1845.0,92,0,0.0,0.0,0.0,0.0,0.0,0
BR,2018-05-20,1209,1391.1629445822991,4.496912521077347,1521.0,1516.2,1525.0,98,0,0.0,0.0,0.0,0.0,0.0,0
BR,2018-05-21,874,1335.0892448512586,19.964328049390186,1802.0,1772.4,1823.8,97,0,0.0,0.0,0.0,0.0,0.0,0
BR,2018-05-22,888,1346.9234234234239,11.612896925401516,1753.0,1735.0,1764.0,101,0,0.0,0.0,0.0,0.0,0.0,0
BR,2018-05-23,884,1396.2341628959284,11.510826857706482,1771.5,1760.3,1789.8,90,0,0.0,0.0,0.0,0.0,0.0,0
BR,2018-05-24,887,1369.254791431793,18.08483410180464,1753.0,1732.5,1777.5,110,1,63.98,0.0,0.0,0.0,0.0,1
BR,2018-05-25,1115,1399.5614349775788,20.92994129489849,1726.0,1699.2,1751.4,105,2,72.14,0.0,0.0,0.0,0.0,2
BR,2018-05-26,985,1416.0802030456855,7.936476190412698,1725.0,1716.6,1733.4,89,0,0.0,0.0,0.0,0.0,0.0,0
BR,2018-05-27,1156,1466.1384083044982,4.0,1722.0,1718.8,1725.2,98,0,0.0,0.0,0.0,0.0,0.0,0
BR,2018-05-28,1199,1416.5479566305246,14.109587160047937,1730.0,1714.0,1749.4,102,1,77.72,0.0,0.0,0.0,0.0,1
BR,2018-05-29,1036,1374.4073359073366,12.168211022049388,1727.0,1706.0,1739.0,102,1,61.61,0.0,0.0,0.0,0.0,1
BR,2018-05-30,1112,1364.3606115107918,7.284313590846835,1731.0,1720.8,1739.4,112,0,0.0,0.0,0.0,0.0,0.0,0
BR,2018-05-31,1074,1290.635009310987,12.59538005047553,1747.0,1729.8,1762.2,98,0,0.0,0.0,0.0,0.0,0.0,0
BR,2018-06-01,1317,1346.8420652999241,20.078997448184985,1737.0,1706.2,1761.4,102,0,0.0,0.0,0.0,0.0,0.0,0
BR,2018-06-02,999,1421.6406406406406,17.261050882000795,1661.5,1639.3,1681.7,91,1,72.75,0.0,0.0,0.0,0.0,1
BR,2018-06-03,1258,1348.496820349762,9.040706554246743,1655.0,1644.5,1667.5,106,1,87.07,0.0,0.0,0.0,0.0,1
BR,2018-06-04,1113,1270.2929020664878,27.15776788541572,1692.0,1640.0,1710.0,101,0,0.0,0.0,0.0,0.0,0.0,0
BR,2018-06-05,1203,1257.9268495428098,24.611424628050738,1762.0,1717.5,1778.0,96,0,0.0,0.0,0.0,0.0,0.0,0
BR,2018-06-06,1176,1266.3001700680275,25.568729830210877,1712.0,1693.3,1764.4,99,0,0.0,0.0,0.0,0.0,0.0,0
BR,2018-06-07,1047,1273.1833810888259,22.58376998347855,1721.0,1690.0,1750.6,105,0,0.0,0.0,0.0,0.0,0.0,0
BR,2018-06-08,1255,1208.651792828685,8.450342242990436,1697.5,1689.0,1710.5,95,0,0.0,0.0,0.0,0.0,0.0,0
BR,2018-06-09,1204,1389.4883720930238,9.961910932220164,1690.0,1674.0,1696.0,89,0,0.0,0.0,0.0,0.0,0.0,0
BR,2018-06-10,1275,1321.507450980392,7.298308442539886,1658.0,1650.0,1670.0,93,0,0.0,0.0,0.0,0.0,0.0,0
BR,2018-06-11,1267,1294.24861878453,18.36742678939827,1698.0,1667.0,1713.6,105,1,82.33,0.0,0.0,0.0,0.0,1
BR,2018-06-12,1364,1264.3284457478003,10.638062198865862,1679.0,1669.0,1695.0,90,1,60.09,0.0,0.0,0.0,0.0,1
BR,2018-06-13,1029,1199.3741496598643,15.578554426669097,1706.0,1680.6,1720.1,85,0,0.0,0.0,0.0,0.0,0.0,0
BR,2018-06-14,886,1326.4018058690738,15.170385280841122,1740.0,1725.0,1761.0,103,1,90.33,0.0,0.0,0.0,0.0,1
BR,2018-06-15,975,1266.2205128205135,15.24598307751914,1729.5,1720.2,1754.8,99,0,0.0,0.0,0.0,0.0,0.0,0
BR,2018-06-16,954,1371.5199161425571,9.660509499347446,1709.0,1695.2,1717.6,82,1,68.85,0.0,0.0,0.0,0.0,1
BR,2018-06-17,937,1364.8356456776946,10.723730694119467,1698.0,1682.8,1709.0,88,0,0.0,0.0,0.0,0.0,0.0,0
BR,2018-06-18,1037,1394.5004821600764,15.907938269933034,1714.0,1691.2,1730.9,97,1,61.95,0.0,0.0,0.0,0.0,1
BR,2018-06-19,868,1401.0518433179727,7.880950133074057,1740.0,1729.6,1748.0,92,0,0.0,0.0,0.0,0.0,0.0,0
BR,2018-06-20,806,1417.1811414392062,6.611022712241666,1726.0,1716.5,1734.0,96,0,0.0,0.0,0.0,0.0,0.0,0
BR,2018-06-21,788,1409.4961928934008,17.537261917287875,1758.0,1731.0,1772.0,91,0,0.0,0.0,0.0,0.0,0.0,0
BR,2018-06-22,907,1371.6207276736493,11.109999944438886,1763.0,1748.8,1774.2,90,0,0.0,0.0,0.0,0.0,0.0,0
BR,2018-06-23,904,1394.030973451327,4.374801582802228,1477.5,1470.5,1479.5,90,0,0.0,0.0,0.0,0.0,0.0,0
BR,2018-06-24,952,1380.084033613446,4.714045207910316,1480.0,1480.0,1488.0,98,0,0.0,0.0,0.0,0.0,0.0,0
BR,2018-06-25,873,1393.8865979381446,11.431814839846924,1723.0,1706.5,1734.5,95,0,0.0,0.0,0.0,0.0,0.0,0
BR,2018-06-26,1096,1405.7992700729926,10.748956341662367,1737.0,1728.0,1753.0,98,0,0.0,0.0,0.0,0.0,0.0,0
BR,2018-06-27,747,1363.4966532797862,8.44242641780302,1742.0,1732.0,1753.6,87,0,0.0,0.0,0.0,0.0,0.0,0
BR,2018-06-28,847,1415.0,18.285829766459436,1743.0,1713.8,1766.0,95,0,0.0,0.0,0.0,0.0,0.0,0
BR,2018-06-29,1128,1378.250886524823,15.494667171120573,1709.5,1693.1,1731.6,100,0,0.0,0.0,0.0,0.0,0.0,0
BR,2018-06-30,840,1364.8726190476193,10.199400853862828,1749.5,1736.0,1760.4,86,1,88.82,0.0,0.0,0.0,0.0,1
BR,2018-07-01,982,1394.7494908350307,6.496466857658327,1744.0,1735.2,1751.8,91,0,0.0,0.0,0.0,0.0,0.0,0
BR,2018-07-02,1058,1365.6313799621928,10.037429949942366,1740.0,1728.1,1751.9,98,1,67.22,0.0,0.0,0.0,0.0,1
BR,2018-07-03,1044,1425.4789272030653,17.536372625146285,1726.0,1701.0,1747.0,99,1,67.48,0.0,0.0,0.0,0.0,1
BR,2018-07-04,1045,1355.6669856459334,9.070950121451451,1727.5,1717.0,1739.0,101,0,0.0,0.0,0.0,0.0,0.0,0
BR,2018-07-05,884,1332.8552036199087,6.264982043070834,1709.0,1703.2,1715.9,90,0,0.0,0.0,0.0,0.0,0.0,0
BR,2018-07-06,988,1372.6902834008101,7.060798487667434,1735.0,1727.0,1747.0,100,2,77.13,0.0,0.0,0.0,0.0,2
BR,2018-07-07,936,1318.235042735043,100.54714513630772,1314.0,1300.0,1508.2,99,0,0.0,0.0,0.0,0.0,0.0,0
BR,2018-07-08,1015,1346.2394088669948,89.85989094139832,1325.0,1320.8,1506.4,97,0,0.0,0.0,0.0,0.0,0.0,0
BR,2018-07-09,936,1312.3824786324792,23.243863940497366,1784.0,1746.4,1811.9,91,0,0.0,0.0,0.0,0.0,0.0,0
BR,2018-07-10,909,1381.8646864686468,31.274294670106453,1714.0,1681.0,1761.0,95,0,0.0,0.0,0.0,0.0,0.0,0
BR,2018-07-11,740,1354.7324324324325,12.078739244116804,1777.0,1768.0,1794.0,91,0,0.0,0.0,0.0,0.0,0.0,0
BR,2018-07-12,990,1391.2919191919186,25.106259439401736,1749.5,1702.5,1769.6,98,0,0.0,0.0,0.0,0.0,0.0,0
BR,2018-07-13,896,1415.3850446428564,12.213208797683041,1718.0,1703.0,1735.0,91,0,0.0,0.0,0.0,0.0,0.0,0
BR,2018-07-14,1176,1364.1488095238096,12.405677186122531,1727.0,1710.1,1741.9,89,0,0.0,0.0,0.0,0.0,0.0,0
BR,2018-07-15,914,1356.1827133479212,4.264680527307995,1295.0,1291.0,1299.7,89,0,0.0,0.0,0.0,0.0,0.0,0
BR,2018-07-16,1045,1378.8535885167462,21.140503315397115,1689.0,1664.0,1717.0,99,1,92.52,0.0,0.0,0.0,0.0,1
BR,2018-07-17,1190,1444.8747899159662,9.626680002155165,1686.0,1672.2,1697.6,109,0,0.0,0.0,0.0,0.0,0.0,0
BR,2018-07-18,1023,1436.691104594331,13.618834497166947,1706.0,1691.4,1726.2,105,1,74.75,0.0,0.0,0.0,0.0,1
BR,2018-07-19,1000,1385.4340000000002,3.8477987935383986,1745.5,1741.0,1749.0,99,0,0.0,0.0,0.0,0.0,0.0,0
BR,2018-07-20,1203,1380.1961762261017,18.315263822530348,1769.0,1755.0,1802.1,110,0,0.0,0.0,0.0,0.0,0.0,0
BR,2018-07-21,1118,1334.7155635062613,6.344045521608977,1760.0,1751.8,1768.6,104,0,0.0,0.0,0.0,0.0,0.0,0
BR,2018-07-22,1098,1382.343351548269,2.277608394786075,1497.5,1496.3,1500.8,100,1,76.37,0.0,0.0,0.0,0.0,1
BR,2018-07-23,1293,1408.6713070378964,21.86013723653171,1737.5,1697.8,1754.1,93,0,0.0,0.0,0.0,0.0,0.0,0
BR,2018-07-24,1023,1384.030303030304,28.026772914483036,1652.0,1630.0,1700.0,103,1,88.66,0.0,0.0,0.0,0.0,1
BR,2018-07-25,893,1395.4412094064949,6.238322424070967,1746.5,1739.5,1753.5,94,0,0.0,0.0,0.0,0.0,0.0,0
BR,2018-07-26,896,1340.8404017857144,24.362549516391045,1747.0,1698.0,1760.0,107,0,0.0,0.0,0.0,0.0,0.0,0
BR,2018-07-27,998,1296.7605210420838,16.855370355337374,1702.0,1669.0,1712.0,95,0,0.0,0.0,0.0,0.0,0.0,0
BR,2018-07-28,910,1285.0307692307697,102.5,1216.5,1134.5,1298.5,99,1,85.79,0.0,0.0,0.0,0.0,1
BR,2018-07-29,1041,1325.2958693563885,344.5,1144.5,868.9,1420.1,96,0,0.0,0.0,0.0,0.0,0.0,0
BR,2018-07-30,1114,1389.0089766606823,26.71888637067213,1749.0,1716.0,1791.1,101,1,35.42,0.0,0.0,0.0,0.0,1
BR,2018-07-31,1062,1360.45197740113,34.643525362254934,1756.0,1687.2,1771.8,97,0,0.0,0.0,0.0,0.0,0.0,0
BR,2018-08-01,927,1312.4142394822009,15.28718787768199,1692.0,1672.0,1712.8,94,0,0.0,0.0,0.0,0.0,0.0,0
BR,2018-08-02,955,1372.7455497382205,22.25983360750381,1708.0,1672.0,1734.0,102,0,0.0,0.0,0.0,0.0,0.0,0
BR,2018-08-03,1109,1404.3976555455358,9.570179740926847,1704.0,1691.0,1719.0,102,1,72.54,0.0,0.0,0.0,0.0,1
BR,2018-08-04,926,1352.5194384449242,6.374950980203691,1695.0,1688.2,1702.2,91,0,0.0,0.0,0.0,0.0,0.0,0
BR,2018-08-05,1076,1339.4684014869881,19.894395749771355,1652.0,1634.4,1684.2,93,0,0.0,0.0,0.0,0.0,0.0,0
BR,2018-08-06,1040,1381.0923076923077,5.939473356283367,1632.5,1627.0,1637.5,100,0,0.0,0.0,0.0,0.0,0.0,0
BR,2018-08-07,1081,1364.8677150786305,15.585286158457244,1639.0,1614.0,1649.0,103,0,0.0,0.0,0.0,0.0,0.0,0
BR,2018-08-08,761,1394.3574244415238,19.640455697360995,1622.0,1592.8,1640.0,97,0,0.0,0.0,0.0,0.0,0.0,0
BR,2018-08-09,763,1365.2293577981648,15.684230150307595,1594.0,1571.0,1611.2,104,0,0.0,0.0,0.0,0.0,0.0,0
BR,2018-08-10,836,1381.4760765550236,24.50055802935925,1612.0,1591.1,1650.9,100,0,0.0,0.0,0.0,0.0,0.0,0
BR,2018-08-11,887,1372.6347237880498,5.094174838376734,1629.0,1626.6,1637.0,106,0,0.0,0.0,0.0,0.0,0.0,0
BR,2018-08-12,1047,1383.812798471824,257.7909763742711,1224.5,960.9,1479.0,104,0,0.0,0.0,0.0,0.0,0.0,0
BR,2018-08-13,1069,1361.2871842843776,16.62911603182803,1645.0,1609.8,1654.0,108,1,93.45,0.0,0.0,0.0,0.0,1
BR,2018-08-14,1107,1316.6332429990964,7.93025150224688,1615.5,1605.0,1623.5,108,0,0.0,0.0,0.0,0.0,0.0,0
BR,2018-08-15,1104,1346.591485507247,266.70682520746425,1464.0,932.4,1476.4,108,1,77.52,0.0,0.0,0.0,0.0,1
BR,2018-08-16,1010,1413.3495049504943,8.664663229975467,1633.0,1618.1,1641.0,101,0,0.0,0.0,0.0,0.0,0.0,0
BR,2018-08-17,1043,1349.4209012464041,5.688194402053746,1594.0,1587.8,1600.0,114,0,0.0,0.0,0.0,0.0,0.0,0
BR,2018-08-18,1196,1309.244983277592,0.0,1467.0,1467.0,1467.0,118,2,82.565,0.0,0.0,0.0,0.0,2
BR,2018-08-19,1256,1308.8749999999998,0.0,1465.0,1465.0,1465.0,99,1,70.66,0.0,0.0,0.0,0.0,1
BR,2018-08-20,1349,1280.5537435137132,14.265779522127811,1617.0,1599.0,1633.0,110,0,0.0,0.0,0.0,0.0,0.0,0
BR,2018-08-21,1048,1353.0791984732832,11.886138011002943,1608.0,1600.0,1629.2,115,0,0.0,0.0,0.0,0.0,0.0,0
BR,2018-08-22,1040,1329.4663461538466,9.153062149510554,1603.0,1590.6,1612.8,119,0,0.0,0.0,0.0,0.0,0.0,0
BR,2018-08-23,1020,1307.803921568628,39.31024017605288,1621.0,1586.0,1687.2,106,0,0.0,0.0,0.0,0.0,0.0,0
BR,2018-08-24,1075,1315.2381395348837,11.595149848104596,1701.0,1681.0,1710.1,123,0,0.0,0.0,0.0,0.0,0.0,0
BR,2018-08-25,1138,1249.5342706502636,195.077188248652,1026.5,1001.3,1466.3,108,0,0.0,0.0,0.0,0.0,0.0,0
BR,2018-08-26,1106,1302.7350813743226,158.38926656599435,1037.0,1006.4,1386.6000000000004,117,1,23.0,0.0,0.0,0.0,0.0,1
BR,2018-08-27,1205,1314.6024896265553,20.46232140355102,1730.0,1692.4,1744.4,115,0,0.0,0.0,0.0,0.0,0.0,0
BR,2018-08-28,1291,1335.234701781564,23.395906074624072,1728.0,1688.6,1748.4,108,0,0.0,0.0,0.0,0.0,0.0,0
BR,2018-08-29,1067,1270.1424554826617,11.474953429666622,1702.5,1687.5,1717.0,107,0,0.0,0.0,0.0,0.0,0.0,0
BR,2018-08-30,1065,1335.2150234741785,17.448254927069353,1701.0,1686.0,1731.6,102,0,0.0,0.0,0.0,0.0,0.0,0
BR,2018-08-31,1118,1381.2790697674425,18.934197277165257,1711.0,1694.6,1742.1,115,0,0.0,0.0,0.0,0.0,0.0,0
BR,2018-09-01,1095,1332.2347031963477,189.5712267196686,1229.0,1030.5,1414.0,104,1,20.17,0.0,0.0,0.0,0.0,1
BR,2018-09-02,1209,1335.1207609594703,7.923099785064027,1222.0,1210.2,1229.4,102,0,0.0,0.0,0.0,0.0,0.0,0
BR,2018-09-03,1184,1397.8530405405406,18.659602030119444,1653.5,1638.4,1681.5,106,0,0.0,0.0,0.0,0.0,0.0,0
BR,2018-09-04,1151,1408.866203301477,16.72245805994231,1671.0,1660.6,1704.0,114,0,0.0,0.0,0.0,0.0,0.0,0
BR,2018-09-05,966,1372.6790890269147,18.970577158630917,1747.0,1716.0,1763.6,106,1,73.55,0.0,0.0,0.0,0.0,1
BR,2018-09-06,907,1379.0628445424477,0.0,1424.0,1424.0,1424.0,102,1,85.4,0.0,0.0,0.0,0.0,1
BR,2018-09-07,899,1366.0378197997773,10.067770358922575,1756.0,1745.0,1767.8,101,0,0.0,0.0,0.0,0.0,0.0,0
BR,2018-09-08,956,1329.5910041841,61.62521878279785,1584.0,1529.2,1643.8,99,0,0.0,0.0,0.0,0.0,0.0,0
BR,2018-09-09,1210,1370.21652892562,7.912648102879339,1636.0,1627.9,1645.7,101,0,0.0,0.0,0.0,0.0,0.0,0
BR,2018-09-10,996,1413.3785140562252,12.286171087853205,1774.5,1762.5,1793.1,101,0,0.0,0.0,0.0,0.0,0.0,0
BR,2018-09-11,1328,1393.1182228915668,42.45587574225211,1698.0,1616.7,1729.9,109,1,62.38,0.0,0.0,0.0,0.0,1
BR,2018-09-12,841,1357.332936979786,12.861312450768553,1694.0,1677.6,1710.6,102,1,84.46,0.0,0.0,0.0,0.0,1
BR,2018-09-13,798,1423.1140350877192,30.94726148138602,1706.0,1634.0,1722.9,101,0,0.0,0.0,0.0,0.0,0.0,0
BR,2018-09-14,985,1377.8456852791878,32.02854195869678,1711.5,1677.3,1724.1,100,0,0.0,0.0,0.0,0.0,0.0,0
BR,2018-09-15,1203,1413.845386533666,9.498537899183338,1065.0,1055.8,1079.6,111,2,68.715,0.0,0.0,0.0,0.0,2
BR,2018-09-16,1161,1412.7183462532294,97.4776092111448,1233.0,1094.0,1305.0,111,0,0.0,0.0,0.0,0.0,0.0,0
BR,2018-09-17,1135,1386.9048458149773,5.51988548816632,1682.0,1673.6,1684.4,109,0,0.0,0.0,0.0,0.0,0.0,0
BR,2018-09-18,1167,1389.0582690659805,12.914247085207013,1665.5,1648.0,1680.6,106,0,0.0,0.0,0.0,0.0,0.0,0
BR,2018-09-19,985,1387.3878172588827,22.60364028610908,1616.0,1591.0,1649.0,102,0,0.0,0.0,0.0,0.0,0.0,0
BR,2018-09-20,1134,1321.7680776014113,12.24744871391589,1599.0,1581.6,1611.0,113,0,0.0,0.0,0.0,0.0,0.0,0
BR,2018-09-21,839,1321.2908224076282,27.441710952489824,1621.0,1593.0,1661.2,98,0,0.0,0.0,0.0,0.0,0.0,0
BR,2018-09-22,1024,1346.4970703125002,78.84852566789058,1135.0,1127.7,1171.0,106,1,53.63,0.0,0.0,0.0,0.0,1
BR,2018-09-23,910,1337.148351648352,10.148121747397397,1657.0,1650.2,1672.3,110,0,0.0,0.0,0.0,0.0,0.0,0
BR,2018-09-24,852,1282.2523474178408,6.921151909183904,1669.5,1662.0,1677.5,99,0,0.0,0.0,0.0,0.0,0.0,0
BR,2018-09-25,954,1372.7589098532494,10.066445913694333,1672.0,1663.5,1686.5,105,0,0.0,0.0,0.0,0.0,0.0,0
BR,2018-09-26,852,1358.0927230046948,16.753730927766508,1715.0,1692.6,1737.7,107,0,0.0,0.0,0.0,0.0,0.0,0
BR,2018-09-27,1015,1350.2561576354676,101.78367583589554,1113.0,1109.0,1250.5,103,0,0.0,0.0,0.0,0.0,0.0,0
BR,2018-09-28,840,1342.4857142857143,18.25621144154359,1672.0,1643.0,1684.0,106,0,0.0,0.0,0.0,0.0,0.0,0
BR,2018-09-29,924,1344.6179653679649,202.7078794102489,1127.5,753.8,1217.1,107,0,0.0,0.0,0.0,0.0,0.0,0
BR,2018-09-30,1089,1380.4389348025709,31.756889016400837,1407.5,1359.2,1418.0,106,0,0.0,0.0,0.0,0.0,0.0,0
BR,2018-10-01,1025,1368.9278048780493,22.311816925459823,1674.0,1633.4,1693.0,103,1,78.97,0.0,0.0,0.0,0.0,1
BR,2018-10-02,1365,1371.6512820512817,7.991206104212305,1726.5,1716.5,1735.5,114,0,0.0,0.0,0.0,0.0,0.0,0
BR,2018-10-03,1124,1333.8496441281134,26.430330271804095,1689.5,1665.1,1733.9,119,0,0.0,0.0,0.0,0.0,0.0,0
BR,2018-10-04,1080,1345.1620370370372,15.63994556107379,1678.0,1663.6,1706.0,109,2,71.825,0.0,0.0,0.0,0.0,2
BR,2018-10-05,1214,1312.7397034596377,7.6851863423174835,1713.0,1703.0,1723.0,110,1,37.49,0.0,0.0,0.0,0.0,1
BR,2018-10-06,1131,1388.3713527851457,9.17281797318365,1712.0,1704.0,1725.0,107,0,0.0,0.0,0.0,0.0,0.0,0
BR,2018-10-07,890,1323.602247191011,12.419742348374221,1721.5,1711.6,1740.4,107,4,73.5575,0.0,0.0,0.0,0.0,1
BR,2018-10-08,1136,1410.1690140845071,16.556602723687007,1729.0,1706.1,1751.9,113,0,0.0,0.0,0.0,0.0,0.0,0
BR,2018-10-09,1326,1404.049773755656,9.642592588963545,1713.0,1705.0,1726.7,118,0,0.0,0.0,0.0,0.0,0.0,0
BR,2018-10-10,1007,1378.778550148957,7.885272017685846,1717.0,1704.2,1725.6,110,0,0.0,0.0,0.0,0.0,0.0,0
BR,2018-10-11,847,1349.1523022432111,7.126051658870988,1729.5,1721.3,1739.5,111,0,0.0,0.0,0.0,0.0,0.0,0
BR,2018-10-12,1124,1384.0088967971528,33.852007326006536,1238.0,1187.0,1274.2,120,1,68.84,0.0,0.0,0.0,0.0,1
BR,2018-10-13,995,1338.3527638190951,92.84555387847068,1191.5,1147.7,1251.2,109,0,0.0,0.0,0.0,0.0,0.0,0
BR,2018-10-14,1102,1344.989110707804,10.62099597756988,1707.5,1696.4,1723.5,108,1,65.74,0.0,0.0,0.0,0.0,1
BR,2018-10-15,998,1385.3887775551102,20.549655421069755,1752.0,1725.2,1778.0,108,0,0.0,0.0,0.0,0.0,0.0,0
BR,2018-10-16,1048,1267.9837786259543,21.9296184021817,1772.0,1751.7,1811.7,109,0,0.0,0.0,0.0,0.0,0.0,0
BR,2018-10-17,905,1283.3790055248617,12.367699866992245,1817.0,1799.0,1830.6,112,0,0.0,0.0,0.0,0.0,0.0,0
BR,2018-10-18,1057,1297.3112582781455,9.648146697365124,1831.0,1814.9,1840.0,107,0,0.0,0.0,0.0,0.0,0.0,0
BR,2018-10-19,973,1291.9537512846864,17.061547653058334,1767.0,1746.6,1788.0,114,0,0.0,0.0,0.0,0.0,0.0,0
BR,2018-10-20,951,1262.7760252365931,8.390470785361213,1734.0,1726.0,1744.9,109,0,0.0,0.0,0.0,0.0,0.0,0
BR,2018-10-21,1112,1346.4676258992808,17.033208080534713,1722.0,1695.2,1738.2,112,1,86.39,0.0,0.0,0.0,0.0,1
BR,2018-10-22,839,1347.371871275328,14.800869702305896,1716.0,1693.2,1731.2,107,1,70.95,0.0,0.0,0.0,0.0,1
BR,2018-10-23,915,1364.7923497267757,12.593452319452123,1704.0,1682.0,1711.0,97,0,0.0,0.0,0.0,0.0,0.0,0
BR,2018-10-24,953,1345.8331584470093,0.0,1665.0,1665.0,1665.0,107,0,0.0,0.0,0.0,0.0,0.0,0
BR,2018-10-25,1029,1279.850340136055,105.41676279202952,856.0,827.0,881.0,119,0,0.0,0.0,0.0,0.0,0.0,0
BR,2018-10-26,932,1313.7360515021455,15.50049373802167,1206.0,1182.0,1220.1,111,0,0.0,0.0,0.0,0.0,0.0,0
BR,2018-10-27,953,1246.9328436516262,196.2316997836996,1226.0,825.0,1253.4,109,1,73.07,0.0,0.0,0.0,0.0,1
BR,2018-10-28,1093,1304.6065873741998,71.14042451377416,1251.0,1124.2,1263.5,109,4,57.86750000000001,0.0,0.0,0.0,0.0,3
BR,2018-10-29,1235,1293.118218623482,35.2983474589581,1255.0,1183.0,1268.2,120,1,65.15,0.0,0.0,0.0,0.0,1
BR,2018-10-30,1343,1306.847356664185,69.88740945263316,1244.5,1213.9,1381.4,121,0,0.0,0.0,0.0,0.0,0.0,0
BR,2018-10-31,1320,1297.9295454545452,88.84933360263685,1257.0,1156.6,1372.8,114,0,0.0,0.0,0.0,0.0,0.0,0
BR,2018-11-01,1110,1331.8774774774774,11.721372859757151,1667.0,1656.6,1684.6,119,0,0.0,0.0,0.0,0.0,0.0,0
BR,2018-11-02,1279,1376.4706802189207,5.820355934981687,1646.0,1638.6,1654.2,118,2,73.28,0.0,0.0,0.0,0.0,2
BR,2018-11-03,1229,1327.1586655817737,8.653900854527976,1636.5,1628.2,1645.7,109,1,74.41,0.0,0.0,0.0,0.0,1
BR,2018-11-04,1154,1345.3379549393417,49.82550157079884,1212.0,1170.0,1277.0,111,1,77.87,0.0,0.0,0.0,0.0,1
BR,2018-11-05,944,1393.7966101694917,16.08721468913415,1693.0,1666.6,1708.6,110,1,95.86,0.0,0.0,0.0,0.0,1
BR,2018-11-06,953,1386.9317943336837,10.576703960434303,1717.5,1705.9,1731.7,103,0,0.0,0.0,0.0,0.0,0.0,0
BR,2018-11-07,1074,1322.4189944134075,9.475792458792942,1715.0,1701.5,1725.0,114,0,0.0,0.0,0.0,0.0,0.0,0
BR,2018-11-08,1012,1306.653162055336,10.706063444772994,1720.0,1705.2,1732.8,112,0,0.0,0.0,0.0,0.0,0.0,0
BR,2018-11-09,1007,1292.4131082423044,11.094675343950103,1733.5,1719.0,1748.8,120,0,0.0,0.0,0.0,0.0,0.0,0
BR,2018-11-10,1010,1344.8465346534651,15.621779668142809,1723.0,1696.3,1733.6,108,0,0.0,0.0,0.0,0.0,0.0,0
BR,2018-11-11,1241,1314.676067687349,168.98978219188513,1127.0,827.6,1165.0,109,2,89.67,0.0,0.0,0.0,0.0,2
BR,2018-11-12,1086,1307.4769797421732,14.76936446008746,1721.0,1705.0,1740.8,116,1,88.6,0.0,0.0,0.0,0.0,1
BR,2018-11-13,1117,1300.7860340196953,13.68929561388869,1730.5,1711.5,1745.6,114,0,0.0,0.0,0.0,0.0,0.0,0
BR,2018-11-14,1220,1294.4163934426233,4.642796092394706,1700.0,1693.6,1702.4,121,0,0.0,0.0,0.0,0.0,0.0,0
BR,2018-11-15,1284,1291.0965732087234,7.046275611981127,1698.0,1691.2,1708.0,124,0,0.0,0.0,0.0,0.0,0.0,0
BR,2018-11-16,1093,1328.9533394327536,64.22937975055103,1158.5,1064.0,1211.8,119,1,67.92,0.0,0.0,0.0,0.0,1
BR,2018-11-17,1162,1403.972461273666,91.91168356502658,1086.0,1070.0,1231.8,111,0,0.0,0.0,0.0,0.0,0.0,0
BR,2018-11-18,1361,1355.0117560617189,155.9732233126332,858.0,800.0,1104.6,123,0,0.0,0.0,0.0,0.0,0.0,0
BR,2018-11-19,1313,1325.193450114242,11.676165445306642,1710.0,1693.4,1720.0,134,0,0.0,0.0,0.0,0.0,0.0,0
BR,2018-11-20,1371,1373.8344274252365,48.142572304342956,1660.0,1625.8,1685.4,133,0,0.0,0.0,0.0,0.0,0.0,0
BR,2018-11-21,1392,1300.5359195402298,16.692075119723686,1691.0,1672.2,1713.6,117,0,0.0,0.0,0.0,0.0,0.0,0
BR,2018-11-22,1228,1275.75325732899,11.799727119332164,1684.0,1674.0,1703.6,112,1,44.98,0.0,0.0,0.0,0.0,1
BR,2018-11-23,1098,1318.3934426229505,145.0670381429067,916.5,888.4,1202.0,118,0,0.0,0.0,0.0,0.0,0.0,0
BR,2018-11-24,1210,1286.313223140496,5.4626001134990645,1663.0,1655.4,1667.2,134,0,0.0,0.0,0.0,0.0,0.0,0
BR,2018-11-25,1245,1312.75421686747,119.39094129442688,850.0,831.0,1088.6,117,0,0.0,0.0,0.0,0.0,0.0,0
BR,2018-11-26,1234,1342.5072933549427,20.67506083260939,1688.5,1652.6,1710.9,117,0,0.0,0.0,0.0,0.0,0.0,0
BR,2018-11-27,1276,1303.8808777429476,20.818813856236453,1706.0,1668.0,1725.2,114,0,0.0,0.0,0.0,0.0,0.0,0
BR,2018-11-28,1184,1406.783783783784,19.43328303390799,1691.0,1666.0,1718.4,118,0,0.0,0.0,0.0,0.0,0.0,0
BR,2018-11-29,1106,1307.1509945750452,12.099723699715934,1645.0,1628.0,1660.0,117,0,0.0,0.0,0.0,0.0,0.0,0
BR,2018-11-30,1394,1306.703012912482,60.755486015114585,1664.0,1649.6,1675.0,131,0,0.0,0.0,0.0,0.0,0.0,0
BR,2018-12-01,1217,1276.3245686113387,179.13933785426337,870.0,843.2,1236.5,126,0,0.0,0.0,0.0,0.0,0.0,0
BR,2018-12-02,1118,1262.3434704830058,11.710631447060782,1218.0,1202.8,1231.4,114,2,88.36,0.0,0.0,0.0,0.0,2
BR,2018-12-03,1188,1338.38468013468,12.292018042615377,1676.0,1659.0,1689.2,124,0,0.0,0.0,0.0,0.0,0.0,0
BR,2018-12-04,1674,1281.7180406212658,12.20161192271319,1736.0,1717.0,1749.0,123,0,0.0,0.0,0.0,0.0,0.0,0
BR,2018-12-05,1313,1330.591774562072,24.230822053584514,1704.0,1679.0,1746.0,127,0,0.0,0.0,0.0,0.0,0.0,0
BR,2018-12-06,1160,1281.7749999999999,268.68527758950955,1753.0,1737.2,1768.6,126,1,10.79,0.0,0.0,0.0,0.0,1
BR,2018-12-07,1585,1281.5318611987384,20.48607418558251,1696.0,1672.3,1725.5,129,1,99.13,0.0,0.0,0.0,0.0,1
BR,2018-12-08,1161,1310.8708010335918,148.38382111048003,895.0,878.8,1227.8,115,3,59.46,0.0,0.0,0.0,0.0,3
BR,2018-12-09,1036,1350.823359073359,11.568361578865746,1680.0,1664.3,1694.8,111,0,0.0,0.0,0.0,0.0,0.0,0
BR,2018-12-10,1311,1363.8619374523264,133.89984059409605,1649.0,1362.5,1669.0,126,0,0.0,0.0,0.0,0.0,0.0,0
BR,2018-12-11,1235,1283.0105263157895,166.57785216928852,1628.0,1341.9,1669.8,121,1,24.88,0.0,0.0,0.0,0.0,1
BR,2018-12-12,1261,1311.023790642347,21.09206077759699,1660.0,1638.6,1698.4,127,0,0.0,0.0,0.0,0.0,0.0,0
BR,2018-12-13,1057,1306.0264900662253,13.672454816530173,1676.0,1652.2,1689.8,128,2,61.31,0.0,0.0,0.0,0.0,1
BR,2018-12-14,1104,1325.2989130434783,27.298475184611398,1687.0,1642.7,1712.6,106,0,0.0,0.0,0.0,0.0,0.0,0
BR,2018-12-15,1162,1279.1187607573154,18.700118835035365,1611.5,1586.9,1633.0,119,0,0.0,0.0,0.0,0.0,0.0,0
BR,2018-12-16,1044,1310.7078544061294,8.212033852828421,1617.5,1607.5,1627.5,118,0,0.0,0.0,0.0,0.0,0.0,0
BR,2018-12-17,1152,1317.348958333333,56.5032772931161,1593.0,1572.8,1612.2,129,0,0.0,0.0,0.0,0.0,0.0,0
BR,2018-12-18,1443,1309.1642411642406,18.17469557457979,1552.5,1531.5,1574.5,133,0,0.0,0.0,0.0,0.0,0.0,0
BR,2018-12-19,1841,1330.1738185768604,47.59267952262025,1664.0,1629.2,1751.0,140,0,0.0,0.0,0.0,0.0,0.0,0
BR,2018-12-20,1435,1292.6592334494771,317.23366782231676,1747.5,1621.7,1760.9,133,0,0.0,0.0,0.0,0.0,0.0,0
BR,2018-12-21,1640,1254.0134146341456,14.083663721801058,1694.0,1672.8,1708.4,126,0,0.0,0.0,0.0,0.0,0.0,0
BR,2018-12-22,1622,1268.3286066584476,12.345370114553315,1662.0,1641.6,1671.8,117,0,0.0,0.0,0.0,0.0,0.0,0
BR,2018-12-23,1314,1307.6149162861489,0.0,1629.0,1629.0,1629.0,122,0,0.0,0.0,0.0,0.0,0.0,0
BR,2018-12-24,1119,1276.8033958891872,18.948117106153635,1588.0,1573.8,1621.4,112,1,71.27,0.0,0.0,0.0,0.0,1
BR,2018-12-25,1115,1331.3085201793726,14.359740259111785,918.0,897.6,933.2,115,0,0.0,0.0,0.0,0.0,0.0,0
BR,2018-12-26,1318,1362.4355083459789,24.380916674747432,1604.0,1581.8,1646.2,123,0,0.0,0.0,0.0,0.0,0.0,0
BR,2018-12-27,1371,1394.134208606856,26.550872043009452,1590.5,1575.0,1643.5,131,0,0.0,0.0,0.0,0.0,0.0,0
BR,2018-12-28,1108,1423.8944043321305,20.280066413845887,1672.5,1651.8,1705.0,122,0,0.0,0.0,0.0,0.0,0.0,0
BR,2018-12-29,1408,1329.2514204545446,6.548960901462833,1626.0,1620.4,1633.2,127,1,13.04,0.0,0.0,0.0,0.0,1
BR,2018-12-30,1213,1325.3091508656232,0.0,1431.0,1431.0,1431.0,113,1,43.34,0.0,0.0,0.0,0.0,1
BR,2018-12-31,1282,1369.9344773790945,6.128258770283411,1603.0,1597.4,1609.4,120,1,97.67,0.0,0.0,0.0,0.0,1
BR,2019-01-01,1229,1453.3140764849472,117.05518641506949,1392.0,1377.6,1400.4,110,0,0.0,0.0,0.0,0.0,0.0,0
BR,2019-01-02,1171,1322.1494449188735,201.77827581231844,1402.0,945.6,1419.6,126,0,0.0,0.0,0.0,0.0,0.0,0
BR,2019-01-03,1480,1398.0594594594595,115.79108941921604,856.0,840.6,871.9,127,2,50.79,0.0,0.0,0.0,0.0,1
BR,2019-01-04,1277,1334.6225528582618,4.948716593053935,846.0,841.0,852.0,118,0,0.0,0.0,0.0,0.0,0.0,0
BR,2019-01-05,1455,1313.815807560138,147.52148066508053,1370.0,1236.8,1389.4,127,1,81.97,0.0,0.0,0.0,0.0,1
BR,2019-01-06,1222,1376.5008183306052,5.0,1584.0,1580.0,1588.0,118,3,64.10000000000001,0.0,0.0,0.0,0.0,2
BR,2019-01-07,1390,1346.3043165467627,67.10184832499287,1669.0,1556.4,1749.4,134,1,59.32,0.0,0.0,0.0,0.0,1
BR,2019-01-08,1416,1296.9724576271187,18.262703605304626,1726.0,1706.0,1754.7,118,0,0.0,0.0,0.0,0.0,0.0,0
BR,2019-01-09,1133,1343.5278022947925,14.084506854460093,1682.0,1661.8,1697.0,118,3,79.86666666666666,0.0,0.0,0.0,0.0,2
BR,2019-01-10,1235,1347.2040485829962,16.22938252500252,1659.0,1643.5,1688.0,118,0,0.0,0.0,0.0,0.0,0.0,0
BR,2019-01-11,1271,1325.7576711250986,13.217035658577716,1681.0,1667.8,1701.2,137,0,0.0,0.0,0.0,0.0,0.0,0
BR,2019-01-12,1177,1319.8581138487687,7.065172798075547,1694.5,1687.0,1702.0,116,1,96.47,0.0,0.0,0.0,0.0,1
BR,2019-01-13,1353,1347.3037694013308,5.5,1670.5,1666.1,1674.9,118,2,70.765,0.0,0.0,0.0,0.0,1
BR,2019-01-14,1278,1343.7543035993738,217.32690740342582,1666.0,1635.0,1710.0,117,2,51.11,0.0,0.0,0.0,0.0,2
BR,2019-01-15,1484,1340.4952830188681,14.018757605572793,1722.0,1698.4,1732.4,128,0,0.0,0.0,0.0,0.0,0.0,0
BR,2019-01-16,1178,1319.7538200339561,17.784988152130676,1700.0,1672.5,1718.0,122,0,0.0,0.0,0.0,0.0,0.0,0
BR,2019-01-17,1317,1357.4449506454062,15.347942867717501,1710.0,1685.6,1727.2,125,0,0.0,0.0,0.0,0.0,0.0,0
BR,2019-01-18,1149,1315.4638816362053,0.0,419.0,419.0,419.0,120,2,9.285,0.0,0.0,0.0,0.0,2
BR,2019-01-19,1252,1365.69408945687,97.15279512191093,974.0,952.0,1155.2000000000005,110,0,0.0,0.0,0.0,0.0,0.0,0
BR,2019-01-20,1213,1323.4501236603464,3.344772040064913,1714.5,1711.3,1718.4,120,0,0.0,0.0,0.0,0.0,0.0,0
BR,2019-01-21,1520,1353.2809210526314,406.83755126470123,1756.0,997.4,1776.2,136,0,0.0,0.0,0.0,0.0,0.0,0
BR,2019-01-22,1514,1336.78467635403,108.13410655292806,1771.5,1755.8,1803.1,133,1,68.9,0.0,0.0,0.0,0.0,1
BR,2019-01-23,1322,1334.9334341906213,141.18049286209046,1806.0,1773.0,1818.0,131,0,0.0,0.0,0.0,0.0,0.0,0
BR,2019-01-24,1344,1340.389880952381,80.62423531492152,1730.0,1715.0,1757.4,137,0,0.0,0.0,0.0,0.0,0.0,0
BR,2019-01-25,1206,1357.2495854063022,140.638834634578,1686.0,1653.0,1710.0,119,0,0.0,0.0,0.0,0.0,0.0,0
BR,2019-01-26,1259,1362.0579825258135,10.943491216243562,1692.0,1677.2,1700.9,117,1,53.21,0.0,0.0,0.0,0.0,1
BR,2019-01-27,1323,1302.8904006046853,0.0,1019.0,1019.0,1019.0,124,1,82.62,0.0,0.0,0.0,0.0,1
BR,2019-01-28,1325,1341.9924528301894,96.07208862617176,1681.0,1656.0,1696.0,134,2,64.95,0.0,40.06,40.06,40.06,2
BR,2019-01-29,1197,1295.244778613199,92.66380793910398,1680.0,1625.4,1746.2,131,0,0.0,0.0,0.0,0.0,0.0,0
BR,2019-01-30,1207,1285.968516984259,17.468225121313527,1698.5,1678.6,1723.0,135,1,82.85,0.0,0.0,0.0,0.0,1
BR,2019-01-31,1429,1345.0853743876833,142.01961765024106,1721.0,1693.5,1747.2,136,0,0.0,0.0,0.0,0.0,0.0,0
BR,2019-02-01,1429,1340.6263121063687,121.2181150884567,1722.5,1687.2,1743.7,132,1,52.28,0.0,0.0,0.0,0.0,1
BR,2019-02-02,1636,1327.3416870415635,12.182481540973175,1659.0,1647.4,1679.0,123,2,57.59,0.0,0.0,0.0,0.0,2
BR,2019-02-03,1548,1329.0368217054263,252.885628840862,1631.0,1060.8,1649.4,132,0,0.0,0.0,0.0,0.0,0.0,0
BR,2019-02-04,1256,1323.2874203821648,72.83043703432118,1662.0,1615.0,1681.0,128,0,0.0,0.0,0.0,0.0,0.0,0
BR,2019-02-05,1331,1330.3425995492116,73.05988716081671,1655.0,1632.0,1679.0,125,0,0.0,0.0,0.0,0.0,0.0,0
BR,2019-02-06,1266,1331.425750394944,14.30381993405546,1690.5,1672.7,1707.3,127,0,0.0,0.0,0.0,0.0,0.0,0
BR,2019-02-07,1281,1319.11943793911,123.14211136665124,1743.5,1720.0,1760.0,125,0,0.0,0.0,0.0,0.0,0.0,0
BR,2019-02-08,1312,1339.5663109756097,94.43447332444924,1769.0,1746.4,1824.8,130,1,55.68,0.0,0.0,0.0,0.0,1
BR,2019-02-09,1040,1329.3538461538458,5.5,1086.5,1082.1,1090.9,123,0,0.0,0.0,0.0,0.0,0.0,0
BR,2019-02-10,1179,1328.9245122985578,188.02865608785297,1309.0,934.6,1319.6,113,0,0.0,0.0,0.0,0.0,0.0,0
BR,2019-02-11,1188,1306.858585858586,58.68835773246116,1767.5,1744.0,1822.4,126,0,0.0,0.0,0.0,0.0,0.0,0
BR,2019-02-12,1411,1354.1956059532251,128.45301778384882,1699.0,1681.4,1750.0,136,0,0.0,0.0,0.0,0.0,0.0,0
BR,2019-02-13,1312,1354.3605182926826,20.61643010035066,1756.5,1727.4,1776.7,133,0,0.0,0.0,0.0,0.0,0.0,0
BR,2019-02-14,1301,1360.0507302075332,102.22183164960298,1758.0,1680.0,1779.2,137,3,69.21000000000001,0.0,0.0,0.0,0.0,3
BR,2019-02-15,1361,1364.2652461425434,63.76329476058143,1634.0,1593.0,1678.0,134,0,0.0,0.0,0.0,0.0,0.0,0
BR,2019-02-16,1388,1310.8796829971177,11.8948518275765,1625.0,1613.7,1644.1,125,2,88.12,0.0,0.0,0.0,0.0,2
BR,2019-02-17,1304,1353.4969325153374,7.952004464284461,1584.0,1575.5,1594.0,127,0,0.0,0.0,0.0,0.0,0.0,0
BR,2019-02-18,1281,1301.4504293520688,31.291222721995418,1626.0,1606.0,1684.8,124,0,0.0,0.0,0.0,0.0,0.0,0
BR,2019-02-19,1311,1320.2631578947373,32.2381276596517,1679.5,1658.6,1706.5,132,1,87.97,0.0,0.0,0.0,0.0,1
BR,2019-02-20,1440,1308.8013888888881,39.201678870905226,1617.0,1550.7,1657.3,133,1,97.56,0.0,0.0,0.0,0.0,1
BR,2019-02-21,1390,1279.9762589928057,12.067633098294019,1564.0,1549.0,1580.0,125,2,35.33,0.0,0.0,0.0,0.0,2
BR,2019-02-22,1232,1339.2021103896097,19.382165059255723,1538.0,1516.8,1567.0,125,1,97.75,0.0,0.0,0.0,0.0,1
BR,2019-02-23,1323,1352.6099773242624,12.949733606357478,1548.0,1527.8,1565.0,122,0,0.0,0.0,0.0,0.0,0.0,0
BR,2019-02-24,1157,1333.3802938634394,69.99206304209706,1382.5,1296.0,1448.5,128,0,0.0,0.0,0.0,0.0,0.0,0
BR,2019-02-25,1273,1345.9332285938729,72.09162958038578,1591.0,1516.7,1621.1,133,0,0.0,0.0,0.0,0.0,0.0,0
BR,2019-02-26,1500,1343.7366666666665,72.27390436806473,1602.0,1584.0,1626.5,128,0,0.0,0.0,0.0,0.0,0.0,0
BR,2019-02-27,1325,1299.163018867924,129.81820271076592,1627.0,1606.8,1648.0,142,1,54.62,0.0,0.0,0.0,0.0,1
BR,2019-02-28,1315,1286.0501901140683,143.2937096874679,1616.0,1586.2,1646.0,136,0,0.0,0.0,0.0,0.0,0.0,0
BR,2019-03-01,1235,1331.9676113360326,64.34081208658742,1595.0,1584.0,1619.0,129,1,34.86,0.0,0.0,0.0,0.0,1
BR,2019-03-02,1679,1300.039309112568,15.902920881460222,735.5,722.4,762.2,126,3,33.153333333333336,0.0,0.0,0.0,0.0,2
BR,2019-03-03,1549,1346.7811491284708,4.815340071064556,1250.5,1243.0,1251.7,121,0,0.0,0.0,0.0,0.0,0.0,0
BR,2019-03-04,2017,1339.731284085275,4.5,1131.5,1127.9,1135.1,134,2,83.28,0.0,0.0,0.0,0.0,2
BR,2019-03-05,1914,1300.1792058516194,7.760297817881877,1126.0,1118.8,1134.0,132,0,0.0,0.0,0.0,0.0,0.0,0
BR,2019-03-06,1562,1317.0192061459668,21.274244764614068,1579.5,1552.4,1606.9,142,2,90.215,0.0,0.0,0.0,0.0,1
BR,2019-03-07,1380,1351.0985507246373,104.53575468499491,1637.0,1612.4,1646.8,122,2,86.33,0.0,0.0,0.0,0.0,2
BR,2019-03-08,1392,1308.7887931034486,6.423567717571149,1645.0,1635.4,1654.0,139,1,57.52,0.0,0.0,0.0,0.0,1
BR,2019-03-09,1424,1302.7247191011238,253.00120429555272,758.5,748.0,1288.3,126,1,80.41,0.0,0.0,0.0,0.0,1
BR,2019-03-10,1440,1345.834027777778,10.618088418020097,1619.0,1604.0,1627.0,127,1,79.6,0.0,0.0,0.0,0.0,1
BR,2019-03-11,1507,1320.1101526211023,25.8643713715835,1537.0,1509.6,1582.8,134,1,59.04,0.0,0.0,0.0,0.0,1
BR,2019-03-12,1158,1321.6373056994826,16.70287876892933,1554.0,1541.3,1584.7,132,4,68.95250000000001,0.0,0.0,0.0,0.0,4
BR,2019-03-13,1165,1223.2197424892704,3.2015621187164243,1590.0,1585.1,1590.7,134,1,16.59,0.0,0.0,0.0,0.0,1
BR,2019-03-14,1285,1256.2007782101166,19.953633754281448,1628.5,1598.3,1644.3,125,3,59.34333333333333,0.0,0.0,0.0,0.0,3
BR,2019-03-15,1150,1215.1139130434788,13.298764711699462,1650.0,1631.4,1661.8,129,1,44.75,0.0,0.0,0.0,0.0,1
BR,2019-03-16,1499,1295.2961974649768,7.772387020729218,1642.5,1631.9,1654.0,127,3,44.64000000000001,0.0,0.0,0.0,0.0,3
BR,2019-03-17,1490,1345.0570469798663,243.73192012719403,1035.0,743.9,1445.5,133,0,0.0,0.0,0.0,0.0,0.0,0
BR,2019-03-18,1400,1255.0728571428567,6.086049621881176,1616.0,1609.6,1622.6,137,3,62.89666666666667,0.0,0.0,0.0,0.0,3
BR,2019-03-19,1457,1323.3225806451615,9.267941348654794,1588.0,1576.0,1599.4,128,3,89.86333333333333,0.0,0.0,0.0,0.0,1
BR,2019-03-20,1264,1309.0949367088606,2.5,1457.5,1455.5,1459.5,130,22,60.00545454545455,0.0,0.0,0.0,0.0,21
BR,2019-03-21,1359,1318.3760117733632,128.90820549440204,953.0,943.2,1215.2,142,11,50.73454545454546,0.0,0.0,0.0,0.0,11
BR,2019-03-22,1408,1389.753551136364,129.16276875839003,1554.0,1406.2,1583.2,133,14,60.065000000000005,0.0,0.0,0.0,0.0,9
BR,2019-03-23,1630,1354.378527607362,4.47213595499958,1555.5,1549.5,1560.0,140,25,47.26640000000001,0.0,0.0,0.0,0.0,13
BR,2019-03-24,1434,1363.007670850766,67.6188995906769,1504.0,1482.8,1548.0,133,14,71.08428571428573,0.0,0.0,0.0,0.0,13
BR,2019-03-25,1366,1328.9026354319178,4.838359455664928,1471.5,1466.1,1476.9,147,8,52.86625,0.0,0.0,0.0,0.0,7
BR,2019-03-26,1284,1349.3792834890967,84.47570091050638,1471.0,1454.4,1516.8,139,11,62.50090909090909,0.0,0.0,0.0,0.0,6
BR,2019-03-27,1264,1335.723101265823,15.769759236122116,1565.0,1545.0,1582.0,138,8,63.26250000000001,0.0,51.08,51.08,51.08,7
BR,2019-03-28,1173,1297.431372549019,18.098136177001358,1529.0,1514.0,1561.8,140,6,69.83,0.0,0.0,0.0,0.0,5
BR,2019-03-29,1519,1230.1856484529299,33.43499497366328,1554.5,1530.3,1615.2,138,11,64.67090909090909,0.0,0.0,0.0,0.0,7
BR,2019-03-30,1279,1307.7036747458953,238.05548349731518,1567.0,1548.0,1576.0,134,14,56.33714285714286,0.0,0.0,0.0,0.0,11
BR,2019-03-31,1329,1315.1489841986454,11.814587912179842,1579.0,1564.8,1594.0,124,14,55.621428571428574,0.0,0.0,0.0,0.0,10
BR,2019-04-01,1364,1314.9347507331377,38.08828919021567,1581.5,1521.0,1620.7,141,15,71.00999999999999,0.0,46.02,46.02,46.02,13
BR,2019-04-02,1224,1378.2516339869283,19.1344027819654,1527.5,1504.0,1552.7,137,11,68.96909090909091,0.0,0.0,0.0,0.0,8
BR,2019-04-03,1360,1327.2573529411768,92.9456529297135,1593.0,1543.2,1651.2,144,9,38.0588888888889,0.0,0.0,0.0,0.0,7
BR,2019-04-04,1341,1349.1834451901568,52.932637845714396,1693.0,1619.0,1751.3,142,4,56.8325,0.0,0.0,0.0,0.0,3
BR,2019-04-05,1301,1377.6164488854724,15.762411845301463,1735.0,1701.6,1744.8,142,6,62.02666666666667,0.0,0.0,0.0,0.0,6
BR,2019-04-06,1397,1339.5740873299935,0.0,1678.0,1678.0,1678.0,134,9,64.0288888888889,0.0,0.0,0.0,0.0,6
BR,2019-04-07,1370,1361.7401459854013,9.670184350567533,1676.0,1662.2,1685.2,141,12,79.45916666666668,0.0,0.0,0.0,0.0,9
BR,2019-04-08,1499,1327.9026017344893,10.068772393633342,1652.0,1639.0,1664.5,149,13,71.08692307692306,0.0,0.0,0.0,0.0,12
BR,2019-04-09,1436,1261.057799442897,12.250520605347383,1643.5,1632.7,1659.5,145,6,78.16833333333334,0.0,0.0,0.0,0.0,6
BR,2019-04-10,1323,1311.1095993953138,16.696246537395762,1663.5,1639.5,1681.0,145,10,64.37100000000001,0.0,0.0,0.0,0.0,7
BR,2019-04-11,1493,1348.9122572002675,11.287899125464698,1690.5,1680.3,1706.8,146,20,57.604,0.0,0.0,0.0,0.0,19
BR,2019-04-12,1453,1280.6428079834823,27.595197008885147,1668.5,1642.0,1711.6,142,35,67.358,0.0,43.01,43.01,43.01,30
BR,2019-04-13,1270,1315.8771653543306,3.5,1445.5,1442.7,1448.3,123,28,57.87142857142858,0.0,0.0,0.0,0.0,25
BR,2019-04-14,1402,1263.8109843081313,4.242640687119285,1440.0,1440.0,1447.2,132,33,61.14454545454544,0.0,92.46,92.46,92.46,30
BR,2019-04-15,1152,1323.2829861111113,12.779761893305633,1636.0,1620.0,1654.0,135,41,65.69731707317074,0.0,0.0,0.0,0.0,34
BR,2019-04-16,1405,1309.7950177935945,22.877689918076396,1651.0,1624.4,1685.9,146,28,64.78392857142856,0.0,26.58,26.58,26.58,24
BR,2019-04-17,1389,1315.4348452123825,21.80886669835612,1658.0,1629.8,1685.6,143,33,56.91909090909091,0.0,0.0,0.0,0.0,29
BR,2019-04-18,1451,1294.3611302549973,77.7128641615939,1105.5,1084.4,1259.9,135,21,57.614761904761906,0.0,0.0,0.0,0.0,20
BR,2019-04-19,1368,1313.234649122807,0.0,1444.0,1444.0,1444.0,126,33,60.757272727272735,0.0,0.0,0.0,0.0,26
BR,2019-04-20,1384,1366.1994219653177,2.5,1440.5,1438.5,1442.5,118,30,58.024,0.0,0.0,0.0,0.0,23
BR,2019-04-21,1233,1370.8150851581504,0.0,1444.0,1444.0,1444.0,127,41,65.69146341463417,0.0,0.0,0.0,0.0,28
BR,2019-04-22,1454,1355.0962861072896,34.15798832030314,1767.0,1692.0,1786.0,132,27,63.21666666666667,0.0,0.0,0.0,0.0,23
BR,2019-04-23,1659,1365.168776371308,75.33466928774702,1780.0,1737.2,1801.6,145,43,58.582558139534896,0.0,0.0,0.0,0.0,31
BR,2019-04-24,1968,1336.8480691056911,9.698768772502998,1723.5,1713.0,1738.5,144,35,65.59457142857143,0.0,0.0,0.0,0.0,28
BR,2019-04-25,1446,1319.2351313969575,8.538198079588044,1729.5,1721.0,1739.8,136,24,57.27124999999999,0.0,0.0,0.0,0.0,23
BR,2019-04-26,1109,1307.8376916140667,5.610010893235611,1762.5,1757.0,1770.0,139,27,56.523703703703696,0.0,0.0,0.0,0.0,19
BR,2019-04-27,1275,1288.443137254901,160.1531766778293,692.5,684.0,767.0999999999998,136,30,53.18733333333333,0.0,0.0,0.0,0.0,20
BR,2019-04-28,1676,1353.6181384248205,0.0,1407.0,1407.0,1407.0,136,33,66.39606060606063,0.0,0.0,0.0,0.0,26
BR,2019-04-29,1140,1357.1692982456148,95.88843596701201,1767.0,1751.4,1780.0,149,34,62.920294117647074,0.0,93.75,93.75,93.75,27
BR,2019-04-30,1441,1269.1818181818178,19.607499041042814,1708.0,1679.0,1727.0,149,37,55.64891891891892,0.0,0.0,0.0,0.0,33
BR,2019-05-01,1698,1323.8115429917545,17.144512533720626,1694.0,1663.5,1706.0,143,35,67.37057142857141,0.0,0.0,0.0,0.0,31
BR,2019-05-02,1609,1278.7582349285274,16.449010643909826,1632.0,1619.0,1661.4,153,29,64.55793103448276,0.0,40.6,40.6,40.6,23
BR,2019-05-03,1628,1333.6167076167076,24.324496420546634,1668.0,1643.0,1707.2,151,36,59.48805555555556,0.0,0.0,0.0,0.0,29
BR,2019-05-04,1466,1293.7278308321966,299.9689317246038,1434.0,822.6,1438.6,150,35,63.189142857142855,0.0,0.0,0.0,0.0,32
BR,2019-05-05,1619,1300.7591105620754,246.1142823974261,836.0,814.6,1204.2,157,45,60.89555555555556,0.0,15.38,15.38,15.38,34
BR,2019-05-06,1642,1304.6571254567596,183.73266590559126,1718.5,1694.3,1733.5,163,48,64.18916666666667,20.750000000000004,50.480000000000004,33.88,67.08,34
BR,2019-05-07,1651,1303.768019382193,132.20533010237983,1700.0,1674.6,1726.4,153,36,68.93888888888891,0.0,0.0,0.0,0.0,28
BR,2019-05-08,1656,1351.9613526570051,18.23236698592672,1705.0,1687.2,1733.8,155,33,50.62878787878788,0.0,0.0,0.0,0.0,27
BR,2019-05-09,1534,1304.8585397653192,13.949494699338178,1736.0,1711.0,1748.2,149,27,69.31407407407409,0.0,0.0,0.0,0.0,23
BR,2019-05-10,1301,1305.0322828593387,31.585278417248585,1709.0,1673.0,1756.6,153,29,70.3458620689655,0.0,0.0,0.0,0.0,27
BR,2019-05-11,1798,1276.5984427141266,16.387800340497197,1735.0,1708.6,1750.6,156,38,60.168421052631594,0.0,23.21,23.21,23.21,25
BR,2019-05-12,1975,1333.627341772151,157.07236674559192,1247.0,1106.4,1331.0,155,39,64.20769230769233,0.0,92.97,92.97,92.97,35
BR,2019-05-13,1855,1329.564420485175,57.106758078022764,1702.0,1685.0,1735.5,157,40,60.01525,0.0,0.0,0.0,0.0,29
BR,2019-05-14,1553,1283.281390856407,12.8677988371586,1683.0,1673.2,1702.8,158,43,60.55906976744187,0.0,0.0,0.0,0.0,29
BR,2019-05-15,1438,1316.3664812239222,76.10529483792087,1633.0,1619.0,1657.9,154,32,69.08156250000002,0.0,0.0,0.0,0.0,28
BR,2019-05-16,1516,1284.3377308707118,21.263891445069092,1661.0,1650.2,1706.8,156,36,71.02111111111111,0.0,0.0,0.0,0.0,31
BR,2019-05-17,1574,1270.2064803049554,21.61283771507945,1704.0,1681.0,1737.0,153,28,57.12857142857142,0.0,0.0,0.0,0.0,24
BR,2019-05-18,1743,1276.7601835915088,188.51431643246625,1004.5,970.9,1385.2,163,41,57.91902439024391,0.0,0.0,0.0,0.0,31
BR,2019-05-19,1863,1255.6645195920555,5.251983752196243,1754.0,1748.5,1761.0,154,45,58.81422222222223,0.0,0.0,0.0,0.0,37
BR,2019-05-20,1714,1315.8926487747956,26.955079790841136,1727.0,1686.0,1754.2,157,34,59.32294117647059,0.0,0.0,0.0,0.0,26
BR,2019-05-21,1462,1256.4582763337896,23.04645067876806,1812.0,1780.0,1839.3,164,64,68.26609375,0.0,0.0,0.0,0.0,40
BR,2019-05-22,1558,1313.3228498074452,19.49667663987891,1788.0,1755.9,1807.1,154,10,64.48100000000001,0.0,0.0,0.0,0.0,10
BR,2019-05-23,1816,1296.9774229074894,21.20217987601677,1737.0,1716.0,1767.8,161,52,62.80326923076923,0.0,0.0,0.0,0.0,32
BR,2019-05-24,1644,1345.359489051095,11.143411498940113,1707.5,1690.5,1717.0,153,42,62.76428571428572,0.0,0.0,0.0,0.0,32
BR,2019-05-25,1662,1338.723826714802,9.539392014169456,1681.0,1667.7,1687.4,144,45,68.92822222222222,0.0,0.0,0.0,0.0,23
BR,2019-05-26,1676,1363.9319809069214,13.865064009949613,1636.0,1616.8,1652.6,146,35,66.47257142857144,0.0,0.0,0.0,0.0,28
BR,2019-05-27,1885,1286.4090185676391,12.90719337843817,1639.0,1624.0,1657.0,149,41,65.3280487804878,0.0,0.0,0.0,0.0,32
BR,2019-05-28,1616,1303.4337871287128,19.49338899557673,1697.0,1664.7,1715.3,162,42,65.29976190476191,0.0,0.0,0.0,0.0,36
BR,2019-05-29,1610,1294.8968944099379,11.631224347105299,1703.5,1692.0,1719.7,156,48,59.12937499999999,0.0,0.0,0.0,0.0,35
BR,2019-05-30,1828,1272.0568927789934,20.732106668488374,1624.0,1598.6,1648.6,165,53,63.47056603773584,0.0,0.0,0.0,0.0,44
BR,2019-05-31,1706,1205.5568581477148,10.441985526153305,1635.0,1618.4,1645.6,162,35,64.57828571428574,0.0,0.0,0.0,0.0,33
BR,2019-06-01,1733,1257.4506635891519,44.66866833201495,1607.0,1592.3,1620.5,153,41,72.29682926829268,0.0,0.0,0.0,0.0,30
BR,2019-06-02,1590,1289.8163522012585,4.0,1035.0,1031.8,1038.2,151,34,62.47676470588237,0.0,0.0,0.0,0.0,19
BR,2019-06-03,1749,1248.3573470554604,273.01425397215496,1628.5,1617.0,1653.5,155,49,62.60469387755102,0.0,55.66,55.66,55.66,36
BR,2019-06-04,1524,1266.734908136483,20.758345200381704,1710.0,1686.0,1738.0,163,42,60.4657142857143,0.0,0.0,0.0,0.0,32
BR,2019-06-05,1563,1261.1145233525267,329.8076128005823,1732.0,1681.5,1772.0,160,55,63.85163636363635,0.0,60.74,60.74,60.74,38
BR,2019-06-06,1531,1237.8863487916392,16.99748213980443,1715.0,1703.2,1743.0,158,61,64.67295081967211,0.0,0.0,0.0,0.0,29
BR,2019-06-07,1779,1238.896571107363,332.913429889144,1702.5,1682.4,1716.9,168,74,71.18986486486487,0.0,0.0,0.0,0.0,36
BR,2019-06-08,1798,1321.0194660734148,393.69957839028905,1693.0,1435.2,1699.6,159,62,69.92241935483872,0.0,91.79,91.79,91.79,34
BR,2019-06-09,1640,1336.2664634146345,518.1095936386511,1067.0,424.6,1669.2,154,51,60.622352941176494,0.0,0.0,0.0,0.0,36
BR,2019-06-10,1715,1203.212827988338,6.0,420.0,415.2,424.8,161,44,68.03704545454545,0.0,29.39,29.39,29.39,35
BR,2019-06-11,1675,1256.665671641791,290.76756658502643,1693.5,1676.4,1707.1,158,46,61.536956521739135,0.0,0.0,0.0,0.0,38
BR,2019-06-12,1516,1259.5910290237466,606.1443554070571,460.0,443.0,1675.2,151,40,53.500750000000004,0.0,80.14,80.14,80.14,28
BR,2019-06-13,1375,1267.269090909091,582.1852677201762,1671.0,463.0,1681.0,161,31,72.75870967741932,0.0,0.0,0.0,0.0,25
BR,2019-06-14,1381,1212.9160028964518,456.32236277157415,1684.0,468.6,1706.8,148,46,62.407391304347854,0.0,85.42,85.42,85.42,39
BR,2019-06-15,1600,1250.9149999999995,4.272001872658765,464.0,459.1,467.5,148,36,59.39777777777777,0.0,0.0,0.0,0.0,31
BR,2019-06-16,1628,1297.2684275184274,0.0,1479.0,1479.0,1479.0,146,29,68.26310344827584,0.0,0.0,0.0,0.0,23
BR,2019-06-17,1576,1309.5253807106599,586.3616631397383,1698.0,457.4,1706.8,154,52,66.71115384615383,0.0,10.44,10.44,10.44,27
BR,2019-06-18,1516,1223.5745382585749,411.116556258641,1668.0,490.4,1688.2,156,26,55.78615384615385,0.0,0.0,0.0,0.0,26
BR,2019-06-19,1794,1284.957079152731,279.40756121060673,1690.0,1663.0,1735.0,161,63,73.82095238095239,0.0,0.0,0.0,0.0,29
BR,2019-06-20,2050,1288.3785365853657,4.242640687119285,504.0,504.0,511.2,163,62,66.16870967741939,0.0,91.72,91.72,91.72,39
BR,2019-06-21,1719,1248.493310063991,5.0,500.0,496.0,504.0,159,67,71.16179104477611,0.0,89.22,89.22,89.22,24
BR,2019-06-22,1868,1304.368843683083,297.46633796485645,506.0,501.2,1008.4000000000001,136,60,73.38483333333335,0.0,0.0,0.0,0.0,17
BR,2019-06-23,1909,1321.308014667365,7.693341276714559,522.5,512.0,528.1,155,93,67.27698924731185,0.0,62.49,62.49,62.49,34
BR,2019-06-24,1627,1252.462200368777,343.845691226457,1656.5,1109.4,1671.0,155,50,69.52900000000001,16.377025235235962,70.38,55.332,87.404,32
BR,2019-06-25,1790,1204.95251396648,238.04901091418594,1698.0,1663.6,1723.7,158,64,66.58984375,0.0,0.0,0.0,0.0,33
BR,2019-06-26,1913,1275.4600104547824,606.1317431054077,1124.5,517.2,1735.6,172,62,70.5148387096774,24.815000000000005,61.225,41.373,81.07700000000001,42
BR,2019-06-27,1777,1283.1868317388853,323.04517302297376,1765.0,1744.8,1779.4,164,61,77.43704918032788,0.0,57.59,57.59,57.59,31
BR,2019-06-28,1227,1269.183374083129,546.700571891161,1753.5,546.3,1763.7,156,32,60.91718750000001,0.0,0.0,0.0,0.0,29
BR,2019-06-29,1709,1283.462843768286,5.734883511361751,559.0,554.2,565.4,154,96,76.49104166666667,0.0,89.86,89.86,89.86,29
BR,2019-06-30,1586,1295.344262295082,9.522998477370455,589.0,578.4,598.9,146,59,70.0942372881356,0.0,0.0,0.0,0.0,26
BR,2019-07-01,1601,1272.1011867582758,432.9203064485855,1726.0,608.7,1742.3,159,72,68.82749999999999,0.0,93.84,93.84,93.84,31
BR,2019-07-02,1649,1266.9223771983022,298.34319536772114,1737.0,1650.8000000000002,1745.1,165,54,73.54833333333333,0.0,0.0,0.0,0.0,36
BR,2019-07-03,1643,1265.3110164333536,452.1978699421824,1726.0,642.2,1730.2,160,28,67.74321428571427,0.0,32.32,32.32,32.32,25
BR,2019-07-04,1684,1340.7410926365797,492.3998471440214,1701.0,636.4,1718.8,162,55,72.36945454545453,0.0,75.95,75.95,75.95,35
BR,2019-07-05,1816,1240.5446035242283,525.91758976525,661.5,645.3,1717.7,156,38,70.52842105263157,0.0,42.08,42.08,42.08,21
BR,2019-07-06,1699,1268.0888758093001,164.14075514630727,659.5,655.3,924.8000000000001,157,49,68.0481632653061,0.0,0.0,0.0,0.0,39
BR,2019-07-07,1686,1310.2010676156585,9.313968005098578,628.0,621.2,641.7,141,35,65.78428571428572,0.0,25.42,25.42,25.42,26
BR,2019-07-08,1382,1293.5079594790166,492.2406095684643,1676.5,635.1,1692.6,140,45,65.73377777777776,0.0,0.0,0.0,0.0,36
BR,2019-07-09,1501,1326.5423051299135,437.3770218927583,1651.0,661.4,1687.0,155,40,64.27225000000001,0.0,78.07,78.07,78.07,30
BR,2019-07-10,1454,1262.8548830811558,365.71996310393337,1678.0,683.4,1686.4,155,66,74.79515151515152,0.0,0.0,0.0,0.0,35
BR,2019-07-11,1745,1276.0355300859599,471.19986588439036,688.0,668.4,1676.4,156,56,69.32946428571428,0.0,75.89,75.89,75.89,27
BR,2019-07-12,1576,1291.3147208121832,406.1887355514538,1695.5,681.9,1714.1,154,63,74.44746031746031,0.0,0.0,0.0,0.0,38
BR,2019-07-13,1447,1273.5335176226677,5.338539126015656,688.5,683.8,694.6,153,63,62.195396825396834,0.0,86.86,86.86,86.86,38
BR,2019-07-14,1711,1276.3793103448272,5.315072906367325,680.5,675.1,685.9,155,79,67.06379746835444,0.0,0.0,0.0,0.0,39
BR,2019-07-15,1925,1276.2238961038965,421.48660121597146,1695.0,668.2,1707.8,179,57,61.95684210526315,0.0,46.95,46.95,46.95,39
BR,2019-07-16,1746,1306.1019473081324,408.0529499954632,1680.5,655.0,1693.5,168,64,75.53921875000002,0.0,0.0,0.0,0.0,28
BR,2019-07-17,1960,1324.5020408163266,452.43367953214977,1672.5,639.1,1704.7,162,80,67.58575000000002,0.0,49.16,49.16,49.16,47
BR,2019-07-18,1747,1282.2186605609613,448.80188314611684,1713.0,646.6,1723.0,157,48,69.98458333333332,0.0,0.0,0.0,0.0,27
BR,2019-07-19,1628,1332.5092137592135,348.6963533138889,1730.0,916.7,1796.6,162,47,73.45617021276597,0.0,91.18,91.18,91.18,33
BR,2019-07-20,1569,1337.6558317399617,143.07340773183535,658.0,648.2,870.2,154,24,63.92416666666667,0.0,0.0,0.0,0.0,21
BR,2019-07-21,1556,1292.3958868894597,0.0,998.0,998.0,998.0,140,75,73.38866666666665,0.0,0.0,0.0,0.0,34
BR,2019-07-22,1584,1265.2260101010104,135.5,898.5,790.1,1006.9,162,54,68.4422222222222,0.0,0.0,0.0,0.0,33
BR,2019-07-23,1764,1307.708049886622,338.45398157715533,1759.5,1217.5000000000002,1773.8,160,82,70.76841463414634,19.925000000000004,74.33500000000001,58.394999999999996,90.275,42
BR,2019-07-24,1773,1266.5719120135361,426.619924522988,637.0,632.4,1279.0,164,74,67.10135135135137,0.0,0.0,0.0,0.0,33
BR,2019-07-25,1620,1278.0858024691356,265.60065631853513,1721.0,1708.0,1743.0,165,62,71.37548387096774,0.0,89.48,89.48,89.48,38
BR,2019-07-26,1745,1275.3868194842412,412.3822983591803,1694.0,666.3,1702.0,164,43,60.56860465116281,0.0,0.0,0.0,0.0,30
BR,2019-07-27,1829,1308.4652815746313,173.7690037569033,1016.0,654.5,1029.5,156,54,61.39962962962963,0.0,51.86,51.86,51.86,37
BR,2019-07-28,1858,1299.9585575888045,6.5,1028.5,1023.3,1033.7,154,42,65.83499999999998,0.0,0.0,0.0,0.0,33
BR,2019-07-29,1814,1309.9217199558987,205.6875533424422,1694.0,1685.4,1710.0,162,69,65.92260869565216,0.0,0.0,0.0,0.0,44
BR,2019-07-30,1702,1271.4571092831957,161.55082637094057,1696.0,1682.2,1742.9,169,53,60.673962264150965,0.0,24.04,24.04,24.04,41
BR,2019-07-31,1922,1320.6456815816862,9.51766837739974,1780.0,1765.0,1789.8,166,48,67.23083333333332,0.0,0.0,0.0,0.0,28
BR,2019-08-01,1437,1306.244954766875,17.248367251409803,1776.0,1759.2,1804.6,159,55,72.30345454545454,0.0,0.0,0.0,0.0,32
BR,2019-08-02,1649,1343.8811400848995,318.47841046746686,1761.5,1744.0,1800.2,163,130,75.06738461538461,0.0,45.64,45.64,45.64,56
BR,2019-08-03,1896,1296.9356540084386,0.0,1033.0,1033.0,1033.0,181,28,57.96,0.0,0.0,0.0,0.0,25
BR,2019-08-04,1656,1329.0700483091796,0.0,1043.0,1043.0,1043.0,152,48,65.43854166666665,0.0,0.0,0.0,0.0,24
BR,2019-08-05,1652,1296.2058111380145,170.0611581167199,1748.0,1706.8,1774.0,163,55,62.3836363636364,0.0,90.05,90.05,90.05,38
BR,2019-08-06,1789,1272.3147009502516,12.33949585253534,1704.0,1688.0,1723.3,165,65,63.36723076923078,0.0,0.0,0.0,0.0,34
BR,2019-08-07,1562,1308.9660691421257,200.93546657669734,1728.0,1711.0,1746.0,172,49,73.62714285714287,0.0,0.0,0.0,0.0,31
BR,2019-08-08,1469,1306.317222600408,16.707438587501215,1674.5,1655.7,1702.0,151,39,63.105384615384615,0.0,0.0,0.0,0.0,27
BR,2019-08-09,1362,1270.3531571218796,0.0,658.0,658.0,658.0,155,50,66.70420000000001,0.0,62.22,62.22,62.22,32
BR,2019-08-10,1409,1301.4712562100785,457.7519949589394,1632.0,859.2,1640.0,141,40,65.29650000000001,0.0,71.92,71.92,71.92,34
BR,2019-08-11,1531,1288.8001306335725,3.559026084010437,658.0,657.2,663.6,163,38,61.35447368421053,0.0,0.0,0.0,0.0,27
BR,2019-08-12,1679,1254.1298391899945,140.1236294900822,1679.0,1638.0,1722.6,162,52,66.01249999999997,0.0,0.0,0.0,0.0,30
BR,2019-08-13,1626,1300.1691266912662,253.9539096672743,1756.0,1745.6,1774.0,169,51,67.89352941176469,0.0,45.94,45.94,45.94,33
BR,2019-08-14,1516,1299.790237467018,169.53220082733762,1803.0,1790.2,1834.6,153,49,70.61306122448981,0.0,0.0,0.0,0.0,32
BR,2019-08-15,1518,1277.9743083003941,160.97055755418614,1783.5,1754.7,1836.3,166,42,63.27428571428569,17.270000000000003,30.01,16.194,43.826,33
BR,2019-08-16,1523,1366.2068286277088,13.738856314828617,1835.0,1821.0,1854.5,162,68,66.79514705882355,0.0,0.0,0.0,0.0,33
BR,2019-08-17,1538,1327.0890767230167,0.0,675.0,675.0,675.0,155,54,66.13074074074073,0.0,0.0,0.0,0.0,33
BR,2019-08-18,1339,1294.9910380881254,163.1951796673746,991.0,742.2,1040.6,149,39,64.56820512820512,23.35,63.6,44.92,82.28,29
BR,2019-08-19,1516,1302.5507915567282,194.13575895896767,1834.5,1819.2,1846.7,159,47,64.878085106383,0.0,0.0,0.0,0.0,35
BR,2019-08-20,1433,1279.270760642009,197.24954204240248,1827.5,1815.3,1840.6,158,47,55.324680851063846,0.0,18.29,18.29,18.29,32
BR,2019-08-21,1504,1251.2094414893618,186.16355544832783,1798.0,1769.3,1823.0,168,33,62.945757575757575,0.0,0.0,0.0,0.0,29
BR,2019-08-22,1583,1284.2899557801643,243.8686933409796,1749.0,1726.8,1777.0,155,46,59.21021739130434,9.965000000000003,84.375,76.40299999999999,92.34700000000001,31
BR,2019-08-23,1418,1265.2637517630474,204.47428984373707,1751.0,1740.0,1766.0,161,38,67.78894736842105,0.0,44.03,44.03,44.03,29
BR,2019-08-24,1398,1270.52217453505,3.5,699.5,696.7,702.3,161,37,60.45081081081081,0.0,0.0,0.0,0.0,36
BR,2019-08-25,1694,1316.769185360094,0.0,712.0,712.0,712.0,154,29,61.99724137931035,0.0,0.0,0.0,0.0,25
BR,2019-08-26,1737,1268.3966609096137,191.32504977918683,1747.0,1729.6,1766.8,167,45,70.24955555555553,0.0,71.22,71.22,71.22,38
BR,2019-08-27,1494,1277.4062918340023,24.400391571418854,1805.0,1785.8,1846.4,164,51,62.53999999999999,0.0,0.0,0.0,0.0,37
BR,2019-08-28,1588,1240.8299748110833,295.45102244985827,1877.0,1841.0,1900.6,153,44,66.40704545454547,0.0,15.9,15.9,15.9,39
BR,2019-08-29,1412,1243.2839943342783,241.10267162329183,1885.0,1875.0,1912.5,170,33,57.50363636363637,0.0,0.0,0.0,0.0,25
BR,2019-08-30,1661,1257.6917519566523,318.9849908653546,1830.0,1805.0,1871.0,167,45,65.45466666666668,0.0,0.0,0.0,0.0,34
BR,2019-08-31,1815,1313.9663911845735,0.0,707.0,707.0,707.0,167,40,59.0865,0.0,32.82,32.82,32.82,28
BR,2019-09-01,1582,1325.4146649810361,0.0,1451.0,1451.0,1451.0,154,46,72.90717391304348,0.0,0.0,0.0,0.0,29
BR,2019-09-02,1525,1342.324590163935,419.8765961766821,1745.0,898.0,1797.0,161,50,62.590599999999974,2.1050000000000004,51.235,49.551,52.919000000000004,38
BR,2019-09-03,1652,1350.0944309927352,402.35125277827194,934.0,902.2,1744.5,173,61,69.05606557377048,0.0,0.0,0.0,0.0,34
BR,2019-09-04,1484,1292.9373315363882,295.19229291415854,1767.0,939.7,1806.8,161,43,65.86953488372093,0.0,69.63,69.63,69.63,35
BR,2019-09-05,1478,1301.1583220568332,371.47911002085243,1741.0,948.0,1780.9,158,55,64.46581818181816,0.0,69.38,69.38,69.38,39
BR,2019-09-06,1408,1265.762073863637,389.4627509467369,1748.0,971.0,1765.0,156,45,62.78177777777778,0.0,98.14,98.14,98.14,28
BR,2019-09-07,1471,1345.6859279401772,76.04776276934268,994.0,980.2,1017.0,150,50,69.68180000000001,0.0,6.79,6.79,6.79,31
BR,2019-09-08,1654,1308.5151148730345,162.0,870.0,740.4,999.6,166,40,64.364,0.0,0.0,0.0,0.0,32
BR,2019-09-09,1477,1250.2572782667573,263.5100822456361,1771.0,1055.2,1793.4,163,54,72.52703703703706,24.6,74.55000000000001,54.870000000000005,94.23,33
BR,2019-09-10,1666,1312.373949579832,253.49752680006566,1761.0,1752.5,1769.0,160,49,62.40387755102041,0.0,47.41,47.41,47.41,43
BR,2019-09-11,1575,1272.2831746031745,237.1040436179864,1790.5,1774.0,1808.2,168,38,60.260789473684206,0.0,0.0,0.0,0.0,26
BR,2019-09-12,1617,1336.5912183055032,163.6569285568145,1788.0,1771.0,1802.5,170,51,63.871568627451,0.0,72.8,72.8,72.8,44
BR,2019-09-13,1690,1311.903550295858,213.70022686116698,1764.0,1749.2,1773.8,171,41,69.15317073170732,0.0,72.41,72.41,72.41,32
BR,2019-09-14,1771,1258.605307735742,3.640054944640259,819.5,815.6,823.4,152,36,53.406388888888905,0.0,0.0,0.0,0.0,34
BR,2019-09-15,1978,1342.712335692619,0.0,712.0,712.0,712.0,161,48,69.10875,0.0,70.15,70.15,70.15,28
BR,2019-09-16,2145,1331.391142191142,5.724109721062781,1759.0,1751.8,1767.0,177,88,66.60715909090908,0.0,0.0,0.0,0.0,43
BR,2019-09-17,1712,1317.4982476635505,227.45414922572857,1749.0,1719.8,1762.8,177,65,68.62061538461538,0.0,42.74,42.74,42.74,36
BR,2019-09-18,1586,1296.553593947037,256.6920441999626,1729.5,1690.2,1752.6,164,74,64.10743243243246,0.0,0.0,0.0,0.0,38
BR,2019-09-19,1629,1272.9441375076733,255.71381573070227,1697.0,1667.8,1709.6,170,61,72.57655737704918,0.0,77.7,77.7,77.7,30
BR,2019-09-20,1648,1253.9035194174758,123.99706283655098,1713.0,1693.0,1750.0,173,36,61.067222222222235,0.0,0.0,0.0,0.0,33
BR,2019-09-21,1733,1336.507212925562,268.11930028193325,1755.5,1746.2,1766.4,165,56,67.83267857142854,0.0,69.99,69.99,69.99,33
BR,2019-09-22,1749,1385.1583762149808,448.8064031405969,1708.0,712.9,1732.1,157,52,67.47980769230767,0.0,0.0,0.0,0.0,33
BR,2019-09-23,1780,1306.3544943820227,147.84930786488297,1714.0,1697.0,1753.8,167,60,66.26699999999998,0.0,79.77,79.77,79.77,38
BR,2019-09-24,1666,1283.743697478991,270.51341725748784,1728.0,1714.6,1738.8,181,38,66.85684210526314,0.0,0.0,0.0,0.0,26
BR,2019-09-25,1759,1338.4053439454235,249.8944464669033,1715.5,1706.5,1727.5,172,51,68.77686274509804,0.0,0.0,0.0,0.0,32
BR,2019-09-26,1596,1304.9874686716792,107.83639228015744,1712.0,1697.4,1774.3,175,51,64.6521568627451,0.0,0.0,0.0,0.0,29
BR,2019-09-27,1581,1297.1018342821003,283.6268386344106,1736.5,1720.1,1758.9,176,54,65.9301851851852,0.0,57.17,57.17,57.17,42
BR,2019-09-28,1514,1299.8725231175692,0.0,676.0,676.0,676.0,155,33,59.99303030303031,0.0,0.0,0.0,0.0,16
BR,2019-09-29,1693,1352.0974601299474,138.62957837344814,1008.0,799.8,1027.6,169,37,69.36459459459462,0.0,0.0,0.0,0.0,31
BR,2019-09-30,1759,1280.2404775440584,283.7324267076252,1715.0,1438.4,1731.2,186,36,69.27333333333333,0.0,54.67,54.67,54.67,32
BR,2019-10-01,1859,1307.7224314147393,272.77064906184347,1754.0,1729.9,1768.0,182,40,64.05375,0.0,0.0,0.0,0.0,28
BR,2019-10-02,1582,1299.4614412136525,382.2537777671844,1777.0,709.2,1795.0,186,39,58.97435897435897,0.0,72.61,72.61,72.61,35
BR,2019-10-03,1501,1309.6109260493015,142.68476232193046,1759.0,1750.0,1779.6,172,25,65.14080000000001,0.0,0.0,0.0,0.0,22
BR,2019-10-04,1539,1289.174139051332,183.767107056176,1756.0,1740.0,1770.0,176,35,67.47314285714286,0.0,0.0,0.0,0.0,29
BR,2019-10-05,1556,1300.6195372750637,166.15034607246534,1092.5,714.6,1108.0,156,37,55.717567567567585,0.0,35.98,35.98,35.98,33
BR,2019-10-06,1777,1274.6707934721446,25.893335894588784,1025.0,1010.5,1061.0,172,46,55.60586956521738,0.0,33.5,33.5,33.5,38
BR,2019-10-07,1654,1268.7623941958893,407.53406967985757,1016.0,964.9,1808.6,183,54,67.26962962962963,0.0,58.28,58.28,58.28,38
BR,2019-10-08,1724,1325.57192575406,363.1002581932434,1767.5,1008.9,1785.1,182,49,61.26653061224491,18.939999999999998,54.269999999999996,39.117999999999995,69.422,42
BR,2019-10-09,1797,1304.8219254312744,381.00633275576934,1745.5,1021.0,1771.3,187,48,67.72583333333331,0.0,0.0,0.0,0.0,36
BR,2019-10-10,1509,1315.7375745526845,376.209218125326,1057.0,1022.0,1788.6,184,53,64.27679245283018,29.289238069070127,57.81,29.618000000000002,87.01,34
BR,2019-10-11,1695,1304.0967551622416,256.6811726636763,1712.5,1081.9,1730.1,187,55,53.878363636363645,0.0,45.59,45.59,45.59,47
BR,2019-10-12,1500,1305.8586666666663,201.70396574167393,1066.0,667.8,1085.6,163,50,59.114,0.0,0.0,0.0,0.0,31
BR,2019-10-13,2014,1352.6425024826217,4.496912521077347,1090.0,1085.2,1094.0,157,40,58.114,0.0,0.0,0.0,0.0,28
BR,2019-10-14,2311,1295.35828645608,302.70688069699,1729.0,1072.5,1746.0,185,40,62.84624999999998,0.0,16.33,16.33,16.33,35
BR,2019-10-15,2312,1337.1903114186862,308.3830662594098,1756.5,1087.9,1774.1,192,60,62.98783333333335,0.0,90.07,90.07,90.07,46
BR,2019-10-16,2219,1288.7417755745832,348.86028632534254,1763.0,1073.9,1792.3,194,44,57.60659090909091,0.0,95.4,95.4,95.4,37
BR,2019-10-17,1805,1287.0903047091415,214.90957964647066,1090.0,1057.6,1546.3999999999999,191,44,57.55181818181816,0.0,0.0,0.0,0.0,31
BR,2019-10-18,1657,1302.2613156306563,233.81077470327781,1677.0,1087.9,1769.1,182,44,69.04840909090908,0.0,0.0,0.0,0.0,30
BR,2019-10-19,1601,1331.923173016864,20.017180121085985,1077.5,1056.8,1098.9,168,56,64.66874999999996,0.0,0.0,0.0,0.0,32
BR,2019-10-20,1778,1329.7154105736784,0.0,1053.0,1053.0,1053.0,162,55,68.79363636363637,0.0,0.0,0.0,0.0,30
BR,2019-10-21,1892,1330.292811839323,14.68499296701922,1684.0,1662.0,1699.0,186,57,60.08684210526315,0.0,0.0,0.0,0.0,33
BR,2019-10-22,1847,1308.2923659989174,297.84037414160133,1666.0,1077.6,1685.8,189,45,70.56577777777778,0.0,0.0,0.0,0.0,24
BR,2019-10-23,1869,1293.6019261637232,262.26101468236226,1614.0,1058.8,1637.0,193,63,63.89650793650794,0.0,63.65,63.65,63.65,42
BR,2019-10-24,1505,1305.5129568106313,265.37394162853195,1663.0,1078.7,1707.0,182,63,55.13095238095239,0.0,59.26,59.26,59.26,48
BR,2019-10-25,1646,1263.9993924665864,22.69611731023381,1736.0,1711.0,1773.4,186,50,57.671600000000026,0.0,0.0,0.0,0.0,38
BR,2019-10-26,1628,1288.5737100737103,136.04278738691002,1061.5,862.3,1286.6,180,32,63.341875,0.0,50.37,50.37,50.37,23
BR,2019-10-27,1587,1317.468178954001,42.25757304127679,870.0,854.0,949.0,167,52,62.00076923076922,0.0,0.0,0.0,0.0,35
BR,2019-10-28,1875,1289.681066666667,0.0,1032.0,1032.0,1032.0,182,24,63.59875,0.0,0.0,0.0,0.0,21
BR,2019-10-29,1668,1298.4310551558744,348.5502848055963,1746.0,1106.8,1761.4,189,42,60.270714285714284,0.0,17.21,17.21,17.21,33
BR,2019-10-30,1756,1318.2488610478358,122.56894223252479,1757.0,1748.4,1770.6,187,38,66.41552631578949,0.0,0.0,0.0,0.0,31
BR,2019-10-31,1698,1268.3209658421672,125.40789308666939,1757.5,1747.1,1768.7,185,43,65.6072093023256,0.0,0.0,0.0,0.0,33
BR,2019-11-01,1615,1296.0736842105264,202.7135945783429,1762.0,1746.6,1783.8,183,63,65.10873015873014,0.0,93.01,93.01,93.01,38
BR,2019-11-02,1785,1322.011204481793,5.0990195135927845,900.0,894.8,905.2,183,46,68.44391304347825,0.0,0.0,0.0,0.0,35
BR,2019-11-03,1672,1343.200358851675,0.0,1504.0,1504.0,1504.0,178,58,67.55155172413794,0.0,0.0,0.0,0.0,40
BR,2019-11-04,1829,1300.3630399125207,11.526468125823335,1729.5,1718.5,1746.5,208,43,66.02046511627907,0.0,0.0,0.0,0.0,34
BR,2019-11-05,2058,1275.9732750242947,27.016206849333077,1735.0,1718.3,1765.5,198,52,66.59403846153846,0.0,52.17,52.17,52.17,38
BR,2019-11-06,1888,1241.0164194915258,93.1228149343877,1747.0,1712.0,1776.6,193,54,61.12888888888892,0.0,0.0,0.0,0.0,45
BR,2019-11-07,1734,1254.7053056516725,16.59018911887384,1744.0,1713.5,1760.7,194,49,57.96204081632655,0.0,0.0,0.0,0.0,41
BR,2019-11-08,1591,1294.0163419233195,234.59239824847737,1718.5,1698.4,1744.5,191,84,64.27785714285714,0.0,49.63,49.63,49.63,56
BR,2019-11-09,2122,1277.880301602262,430.9349332169146,1706.5,831.5,1717.5,181,62,72.29451612903227,0.0,87.28,87.28,87.28,42
BR,2019-11-10,2074,1339.7319189971072,6.356741560367712,1735.0,1726.6,1742.6,186,89,69.88966292134832,0.0,82.29,82.29,82.29,47
BR,2019-11-11,2122,1282.9429783223372,186.72040428137467,1710.0,1679.0,1750.0,195,86,60.80255813953487,0.0,39.41,39.41,39.41,59
BR,2019-11-12,1998,1251.027027027027,217.03202768639164,1700.5,1689.0,1719.8,189,68,66.52294117647055,0.0,68.32,68.32,68.32,39
BR,2019-11-13,1972,1269.8017241379316,404.23876153996036,1737.5,631.5,1774.5,187,69,63.55971014492755,0.0,83.41,83.41,83.41,46
BR,2019-11-14,2042,1272.5455435847211,375.65791349534817,1767.0,634.4,1788.0,202,48,63.10541666666668,10.239999999999998,44.730000000000004,36.538000000000004,52.922,45
BR,2019-11-15,1942,1297.4366632337797,0.5,623.5,623.1,623.9,198,81,57.90938271604938,0.0,55.77,55.77,55.77,59
BR,2019-11-16,1671,1295.2615200478751,0.0,615.0,615.0,615.0,166,63,61.35857142857143,0.0,32.29,32.29,32.29,43
BR,2019-11-17,1767,1336.2484436898696,65.84307386879956,946.5,921.0,1015.5,172,55,64.25218181818181,0.0,94.78,94.78,94.78,42
BR,2019-11-18,1559,1301.6779987171265,410.12209800954935,1775.0,641.0,1788.0,182,50,60.69540000000004,0.45000000000000284,81.98,81.62,82.34,43
BR,2019-11-19,1639,1284.8151311775464,530.2667409983362,1731.0,637.0,1770.8,180,46,70.34413043478257,0.0,78.79,78.79,78.79,39
BR,2019-11-20,1753,1303.2196235025665,393.06869454111694,1720.0,650.8,1729.4,185,66,57.66545454545455,14.05748278399167,40.97,29.266,56.714,48
BR,2019-11-21,1963,1270.2231278655122,11.589126422628645,1727.5,1710.0,1738.9,186,54,67.29611111111109,0.0,0.0,0.0,0.0,40
BR,2019-11-22,2095,1276.19093078759,431.47266840467074,1732.5,647.0,1752.0,190,80,65.35199999999996,36.0,36.75,7.95,65.55,50
BR,2019-11-23,1713,1211.853473438411,0.0,654.0,654.0,654.0,183,42,65.25142857142856,0.0,69.01,69.01,69.01,35
BR,2019-11-24,1751,1251.0268418046833,240.0,902.0,710.0,1094.0,189,77,72.49246753246754,0.0,26.56,26.56,26.56,47
BR,2019-11-25,1570,1298.5936305732482,210.25402910944837,1735.0,1702.0,1771.6,186,62,61.57322580645158,0.0,32.22,32.22,32.22,39
BR,2019-11-26,1835,1268.6512261580378,215.69311725999356,1762.5,1721.0,1783.5,200,64,66.45937499999998,0.0,36.15,36.15,36.15,47
BR,2019-11-27,1730,1252.6144508670525,390.4333602056729,1676.0,671.2,1705.0,199,66,67.69060606060609,6.115000000000001,14.985,10.093,19.877000000000002,40
BR,2019-11-28,1565,1264.3143769968044,259.78151878068616,1703.0,1661.6,1728.9,187,76,65.03276315789473,0.0,92.68,92.68,92.68,49
BR,2019-11-29,1609,1291.0348042262265,220.3159302814993,1747.0,1705.0,1773.2,191,69,64.76434782608695,0.0,0.0,0.0,0.0,43
BR,2019-11-30,1471,1253.4921821889868,0.0,672.0,672.0,672.0,165,60,61.88400000000001,0.0,14.14,14.14,14.14,31
BR,2019-12-01,1687,1273.8168346176653,63.43150286376285,963.0,890.0,1026.0,184,75,62.476800000000026,0.0,0.0,0.0,0.0,48
BR,2019-12-02,1768,1309.6968325791859,119.1332269426664,1764.5,1723.0,1779.6,175,57,66.38122807017544,0.0,0.0,0.0,0.0,37
BR,2019-12-03,1698,1278.2544169611308,165.2433276738284,1768.0,1751.0,1786.2,190,52,68.89634615384618,0.0,0.0,0.0,0.0,39
BR,2019-12-04,1844,1234.606290672451,339.13322167080054,1743.0,1099.8000000000004,1760.0,184,66,62.43106060606062,0.0,98.24,98.24,98.24,44
BR,2019-12-05,1662,1258.273164861612,410.9650386295391,1747.5,844.1,1758.0,185,60,56.02366666666668,0.31500000000000483,74.58500000000001,74.333,74.837,39
BR,2019-12-06,1675,1242.761194029851,423.1783321797635,1754.0,664.0,1765.0,188,62,68.51499999999997,0.0,41.09,41.09,41.09,49
BR,2019-12-07,1817,1235.0022014309302,4.189935029992178,646.0,643.6,651.6,180,71,62.67281690140846,0.0,72.16,72.16,72.16,40
BR,2019-12-08,1587,1304.7933207309395,7.943679299690197,629.0,623.6,640.6,169,50,66.09260000000003,0.0,70.82,70.82,70.82,39
BR,2019-12-09,1530,1261.692810457516,270.2232720918858,1742.0,1720.0,1760.0,184,73,63.11808219178082,14.650000000000002,78.13,66.41,89.85,59
BR,2019-12-10,1797,1264.9910962715644,11.304645675580261,1720.0,1701.8,1730.0,195,52,63.63134615384617,0.0,0.0,0.0,0.0,45
BR,2019-12-11,1507,1258.7358991373583,8.170240783913298,1701.0,1693.0,1711.0,185,82,64.41024390243902,0.0,0.0,0.0,0.0,61
BR,2019-12-12,1825,1307.7665753424653,143.14214428108778,1703.0,1687.0,1717.0,198,86,60.56558139534887,0.0,0.0,0.0,0.0,61
BR,2019-12-13,1682,1234.3347205707496,281.13314560107557,1697.5,1538.9,1710.2,186,67,63.392835820895534,1.2649999999999935,91.945,90.933,92.957,56
BR,2019-12-14,1887,1270.1128775834661,4.898979485566356,650.0,645.2,654.8,183,67,58.98358208955225,0.0,70.52,70.52,70.52,51
BR,2019-12-15,1632,1324.7720588235295,0.0,663.0,663.0,663.0,168,48,61.98000000000002,0.0,57.25,57.25,57.25,41
BR,2019-12-16,1827,1255.979200875753,469.8199746644985,1707.5,640.0,1719.5,197,55,63.06109090909092,0.0,85.42,85.42,85.42,47
BR,2019-12-17,1834,1262.0054525627058,201.28968475826733,1698.0,1682.2,1712.8,177,56,57.78196428571431,0.0,11.59,11.59,11.59,41
BR,2019-12-18,1716,1255.3986013986014,163.6915256070257,1670.0,1650.8,1684.6,179,71,63.98014084507042,0.0,0.0,0.0,0.0,54
BR,2019-12-19,1863,1329.1443907675796,435.95450606794594,1654.5,649.5,1677.0,191,62,56.334516129032245,11.469999999999999,41.86,32.684,51.036,46
BR,2019-12-20,1791,1297.8330541596868,500.1064172467982,668.5,524.3,1656.6,179,70,63.610142857142854,25.24,62.230000000000004,42.038000000000004,82.422,52
BR,2019-12-21,1666,1287.5066026410573,182.96326285775393,664.0,542.5,972.5,177,47,72.9323404255319,0.0,87.52,87.52,87.52,37
BR,2019-12-22,1727,1344.069484655472,4.0,657.0,653.8,660.2,169,87,66.29827586206899,0.0,50.16,50.16,50.16,57
BR,2019-12-23,1653,1301.076225045372,4.0,640.0,636.8,643.2,193,62,66.60822580645163,0.0,36.03,36.03,36.03,43
BR,2019-12-24,1874,1301.766275346851,127.69745124024378,1153.0,1140.8,1161.0,182,81,66.11283950617282,0.0,86.26,86.26,86.26,50
BR,2019-12-25,1499,1325.1621080720467,396.02384888903964,1158.5,888.0,1764.5,172,56,64.72874999999998,0.0,26.56,26.56,26.56,37
BR,2019-12-26,1891,1287.1332628239031,148.15900242644724,1160.5,1150.3,1217.1999999999998,171,62,65.39887096774193,0.0,0.0,0.0,0.0,44
BR,2019-12-27,2155,1256.0292343387468,160.88512886950747,1143.0,931.2,1152.6,182,77,67.82298701298701,0.0,93.26,93.26,93.26,43
BR,2019-12-28,1846,1267.4772481040088,232.7305752606585,1156.0,635.0,1165.0,181,72,68.91222222222221,26.78,65.87,44.446000000000005,87.29400000000001,53
BR,2019-12-29,1901,1299.2409258285113,231.54587678375003,1151.5,644.3,1164.0,173,39,61.574102564102574,0.0,89.85,89.85,89.85,30
BR,2019-12-30,2057,1291.9499270782696,404.21212252974306,658.0,653.8,1465.0,177,70,68.6962857142857,0.0,75.08,75.08,75.08,52
BR,2019-12-31,2022,1293.8140454995062,486.9789650454054,1751.0,658.0,1757.0,182,85,62.391058823529434,0.0,56.04,56.04,56.04,59
BR,2020-01-01,1670,1318.4305389221554,175.75260906125047,1157.0,951.4000000000001,1167.2,182,84,67.01154761904763,0.0,47.56,47.56,47.56,52
BR,2020-01-02,2469,1354.0109356014573,151.0511726118167,1135.0,936.6,1148.8,185,82,63.685121951219514,11.114999999999998,38.535,29.643,47.427,55
BR,2020-01-03,1690,1301.0479289940827,404.45407902605746,1401.0,675.7,1683.6,200,71,58.9230985915493,12.639999999999997,66.57,56.458,76.68199999999999,58
BR,2020-01-04,2023,1261.6984676223424,160.44625268294675,1126.5,730.6,1139.0,201,75,68.75626666666668,24.580000000000002,42.14,22.476,61.804,48
BR,2020-01-05,2130,1287.0835680751181,8.395497305103492,1129.5,1118.9,1138.0,184,90,70.24388888888885,0.0,0.0,0.0,0.0,56
BR,2020-01-06,2043,1324.2354380812528,398.22087326674057,1668.5,687.5,1686.0,191,83,63.82855421686749,15.944999999999999,31.174999999999997,18.419,43.931,57
BR,2020-01-07,2030,1279.7591133004928,341.5348247745011,1653.0,1106.0,1704.0,203,114,64.83131578947369,17.384999999999998,50.305,36.397,64.213,66
BR,2020-01-08,2229,1297.829071332436,362.62532529211177,1728.0,1099.4,1777.0,201,106,70.99943396226418,26.575,40.614999999999995,19.355,61.875,63
BR,2020-01-09,2064,1282.348837209302,366.8468047087231,1735.0,1147.1,1757.7,199,83,60.002048192771106,0.0,46.81,46.81,46.81,60
BR,2020-01-10,2105,1244.7178147268405,362.91844201632347,1775.0,1128.4,1811.6,196,88,62.604886363636346,10.3161265340566,52.28,38.568,58.288,59
BR,2020-01-11,1742,1295.6567164179105,27.5,569.5,547.5,591.5,185,53,58.41509433962267,0.0,0.0,0.0,0.0,45
BR,2020-01-12,1641,1255.8013406459477,0.0,1140.0,1140.0,1140.0,189,62,55.166935483870965,0.0,0.0,0.0,0.0,49
BR,2020-01-13,1625,1248.0473846153843,5.403702434442518,1804.0,1798.8,1809.4,179,49,65.46816326530612,0.0,0.0,0.0,0.0,41
BR,2020-01-14,1710,1256.5415204678368,337.9121326247402,1478.0,1133.0,1818.0,190,58,52.48379310344829,0.0,0.0,0.0,0.0,48
BR,2020-01-15,1938,1268.96439628483,394.9753522549083,1797.0,862.0000000000002,1816.0,204,49,60.50061224489797,0.0,37.67,37.67,37.67,48
BR,2020-01-16,2027,1318.7109028120378,435.79115442159775,1798.0,647.4,1830.0,197,82,58.252804878048806,27.134897989284738,51.44,23.56,76.712,66
BR,2020-01-17,1914,1250.827586206897,499.35719617824674,1812.0,663.9,1828.3,209,78,60.80205128205127,0.0,23.36,23.36,23.36,60
BR,2020-01-18,2179,1288.888939880679,232.85577432039136,732.0,687.0,1195.2,208,57,64.92368421052635,0.0,61.05,61.05,61.05,43
BR,2020-01-19,2240,1352.2299107142858,194.58365810108515,708.0,702.2,1003.2,191,40,56.62000000000002,0.0,15.89,15.89,15.89,38
BR,2020-01-20,1922,1258.9791883454736,170.02799724978019,1066.0,741.8,1190.8,187,63,65.4684126984127,0.0,32.18,32.18,32.18,48
BR,2020-01-21,1979,1269.595755432037,201.07516560287155,1112.0,728.5,1176.5,199,48,56.93979166666667,0.0,92.42,92.42,92.42,38
BR,2020-01-22,2031,1327.1762678483506,39.63444069100621,1160.5,1104.5,1169.0,191,72,60.39805555555558,0.0,0.0,0.0,0.0,55
BR,2020-01-23,1719,1279.130890052356,207.63086569411809,1145.0,732.8,1160.2,212,68,67.73102941176471,0.0,45.82,45.82,45.82,59
BR,2020-01-24,1914,1306.453500522467,192.71611245560138,1052.5,732.9,1164.4,200,84,57.895595238095254,22.685000000000002,70.655,52.507,88.803,63
BR,2020-01-25,1466,1276.0559345156883,39.68941924493227,754.5,690.8,759.4,175,71,55.03338028169014,24.89,35.25,15.338000000000001,55.162,53
BR,2020-01-26,1765,1311.5779036827191,217.1850209690653,656.0,642.6,1180.8,185,74,66.24108108108106,0.0,28.61,28.61,28.61,51
BR,2020-01-27,1874,1270.5069370330853,173.39604234237873,1122.0,857.6,1202.3,203,83,70.51759036144578,11.831811169704979,73.49,53.81,74.26599999999999,54
BR,2020-01-28,1849,1244.3574905354249,245.427178609053,651.5,642.6,1045.4,205,91,60.48956043956045,33.10804433970693,31.06,22.684,82.58800000000001,61
BR,2020-01-29,1829,1261.9650082012026,371.00187028518076,1193.0,1076.6,1828.6,200,78,61.507948717948715,9.200000000000001,17.72,10.36,25.080000000000002,52
BR,2020-01-30,2376,1306.372895622896,4.079215610874227,1169.0,1161.4,1170.2,206,81,67.03049382716051,0.0,73.65,73.65,73.65,54
BR,2020-01-31,1860,1317.2973118279576,134.1946499739563,1164.0,1007.2,1174.2,198,79,59.3120253164557,0.0,71.13,71.13,71.13,59
BR,2020-02-01,1557,1286.7212588310856,47.04721033175081,1164.0,1091.2,1170.4,191,59,69.15016949152542,0.0,69.9,69.9,69.9,47
BR,2020-02-02,1589,1296.5305223410955,109.78724729867987,1158.0,1150.0,1165.0,181,58,61.61396551724138,0.0,21.09,21.09,21.09,45
BR,2020-02-03,1658,1260.98974668275,319.53347094358435,1786.5,1149.5,1810.5,188,65,62.21584615384617,0.0,58.13,58.13,58.13,51
BR,2020-02-04,1705,1280.0521994134897,302.0329587367334,1758.5,1168.0,1795.0,201,89,62.48303370786517,11.175000000000004,74.08500000000001,65.145,83.025,61
BR,2020-02-05,1874,1262.7833511205977,260.73212941169146,1808.0,1175.0,1827.0,205,75,56.369866666666674,10.788005685327882,66.15,63.542,83.01400000000001,68
BR,2020-02-06,1941,1307.3256053580633,284.21366988744865,1781.0,1166.0,1801.7,220,89,63.75584269662923,8.21,79.96000000000001,73.392,86.528,63
BR,2020-02-07,1871,1311.9807589524314,300.7040872353471,1756.0,1174.0,1783.0,217,88,60.79568181818179,32.06806900953034,60.94,25.762999999999998,92.533,73
BR,2020-02-08,1651,1258.1029678982445,202.19822563261923,743.0,734.6,1184.8,190,89,62.24629213483149,0.0,0.0,0.0,0.0,66
BR,2020-02-09,1870,1293.626737967914,174.76884379182286,744.0,728.0,1190.0,198,97,58.738247422680416,1.110000000000003,41.019999999999996,40.132,41.908,72
BR,2020-02-10,1893,1260.5113576333863,193.34046089460583,1760.5,1740.3,1790.8,204,86,57.27604651162792,15.028327210637919,72.395,54.300999999999995,86.47800000000001,73
BR,2020-02-11,1678,1301.5154946364723,488.1279463078907,1744.0,736.0,1755.4,201,77,63.73038961038961,0.0,31.55,31.55,31.55,60
BR,2020-02-12,1775,1222.421971830986,391.0735773123784,1734.5,741.1,1752.1,199,108,57.08601851851855,2.0050000000000026,94.475,92.871,96.07900000000001,76
BR,2020-02-13,1513,1251.745538664905,403.29562209989473,1771.0,774.6,1810.6,193,89,58.51966292134831,29.8097525987721,44.985,7.401000000000002,69.507,66
BR,2020-02-14,1859,1241.5239376008612,431.33541472965095,1799.0,769.4,1807.0,205,87,57.212873563218395,7.189999999999998,79.08,73.328,84.832,72
BR,2020-02-15,1983,1273.2556732223902,181.67604083489675,1014.0,763.6,1041.2,217,107,66.92644859813083,30.673791563627876,57.11,23.293999999999997,83.238,75
BR,2020-02-16,2314,1275.224286949006,6.20966987850401,763.0,758.2,771.6,207,127,61.07811023622046,0.0,53.92,53.92,53.92,84
BR,2020-02-17,1756,1255.605922551253,452.93396999895657,1797.0,771.2,1809.0,202,107,61.47869158878504,22.644425853225382,86.08,53.752,96.24,73
BR,2020-02-18,1934,1244.281799379524,376.75057603113544,1829.5,780.3,1873.5,203,104,63.00903846153847,0.0,50.93,50.93,50.93,71
BR,2020-02-19,1962,1245.9668705402648,483.26483305145524,1852.0,773.2,1878.0,206,100,67.6085,0.0,69.35,69.35,69.35,73
BR,2020-02-20,1930,1227.1953367875656,345.45851140732503,1840.0,995.2000000000002,1858.0,203,88,56.99136363636367,0.0,46.31,46.31,46.31,69
BR,2020-02-21,1854,1242.606796116505,439.6366147386872,1861.0,990.2,1882.4,208,88,61.18125000000002,11.60196056228812,77.7,64.812,87.476,69
BR,2020-02-22,1653,1268.817906836056,8.055363982396383,1052.5,1045.4,1065.5,203,115,64.7068695652174,0.0,77.26,77.26,77.26,75
BR,2020-02-23,1669,1289.0677052127023,96.33180769878263,1058.0,797.4,1061.4,191,92,65.35630434782607,7.620000000000001,31.91,25.814,38.006,66
BR,2020-02-24,2087,1297.1303306181119,0.0,806.0,806.0,806.0,196,83,61.09843373493976,0.0,52.41,52.41,52.41,65
BR,2020-02-25,2200,1302.7168181818188,6.020797289396148,806.5,800.4,812.6,199,108,60.23657407407409,0.0,76.0,76.0,76.0,79
BR,2020-02-26,2148,1297.7583798882679,165.3059114944169,1850.0,1830.9,1872.1,197,96,61.68052083333337,14.535000000000004,52.365,40.737,63.99300000000001,66
BR,2020-02-27,1919,1287.1766545075563,367.77341265452503,1811.0,797.4,1850.2,211,100,61.90310000000002,24.434999999999995,53.555,34.007,73.103,69
BR,2020-02-28,2139,1270.8148667601683,372.75119957836404,1760.5,785.0,1805.4,209,115,63.145739130434805,10.255000000000003,53.445,45.241,61.649,81
BR,2020-02-29,1840,1283.0184782608694,369.32761728428716,749.0,736.0,1246.0,215,114,62.91947368421059,21.61,74.78,57.492000000000004,92.068,81
BR,2020-03-01,2084,1307.843570057582,7.386474125047755,742.0,733.9,750.8,208,109,60.99844036697247,0.0,26.7,26.7,26.7,71
BR,2020-03-02,2153,1258.9400836042723,369.48720036577816,1750.0,751.0,1765.0,224,111,60.60954954954954,0.0,49.44,49.44,49.44,83
BR,2020-03-03,2011,1234.545002486325,378.4606613932579,1733.0,1224.0,1741.5,211,124,60.64274193548388,0.0,59.98,59.98,59.98,88
BR,2020-03-04,2015,1279.0258064516133,155.50919586956908,1766.5,1737.9,1795.0,213,111,62.335405405405396,0.0,56.87,56.87,56.87,81
BR,2020-03-05,1869,1287.7265917603,281.32789319866544,1752.0,1727.6,1767.4,201,89,59.93393258426969,2.5,47.23,45.23,49.23,67
BR,2020-03-06,1975,1315.8931645569626,310.6171025152994,1762.0,1252.3000000000002,1784.8,202,116,59.062586206896555,7.335000000000001,78.32499999999999,72.457,84.193,79
BR,2020-03-07,1833,1325.0632842334976,4.5,1040.5,1036.9,1044.1,196,91,61.97637362637365,0.0,61.84,61.84,61.84,63
BR,2020-03-08,1654,1307.6426844014516,0.0,735.0,735.0,735.0,201,98,61.134285714285696,0.0,78.94,78.94,78.94,68
BR,2020-03-09,1658,1313.2515078407712,0.0,1026.0,1026.0,1026.0,195,99,61.85737373737373,0.0,94.72,94.72,94.72,75
BR,2020-03-10,1823,1301.011519473395,3.5,730.5,727.7,733.3,213,98,60.282040816326536,0.0,13.48,13.48,13.48,72
BR,2020-03-11,1921,1300.382092660073,0.0,742.0,742.0,742.0,209,98,63.05734693877551,0.0,96.31,96.31,96.31,75
BR,2020-03-12,1855,1323.8393530997305,155.0,889.0,765.0,1013.0,203,88,68.06193181818183,5.550000000000004,78.1,73.66,82.54,67
BR,2020-03-13,1958,1260.812563840654,3.5,746.5,743.7,749.3,211,88,56.504772727272695,0.0,61.73,61.73,61.73,69
BR,2020-03-14,1962,1312.2889908256873,117.99844343490817,774.0,762.8,1030.6,209,94,69.53659574468087,15.471711820825343,16.93,5.826,35.81,71
BR,2020-03-15,2248,1328.7157473309608,0.0,782.0,782.0,782.0,205,118,64.18322033898306,0.0,82.51,82.51,82.51,90
BR,2020-03-16,1643,1247.3189287888015,484.5,1274.5,886.9,1662.1,211,88,61.3473863636364,42.42,56.18,22.244,90.116,74
BR,2020-03-17,1813,1274.813017098731,4.264680527307995,787.0,782.3,791.0,213,93,66.95268817204301,0.0,84.48,84.48,84.48,73
BR,2020-03-18,1954,1275.9943705220062,6.020797289396148,790.5,784.4,796.6,229,101,60.78603960396042,19.044999999999998,43.425,28.189,58.661,75
BR,2020-03-19,2206,1339.64505893019,0.0,800.0,800.0,800.0,223,121,61.69561983471075,0.0,54.76,54.76,54.76,71
BR,2020-03-20,2379,1351.3820933165202,6.531972647421808,801.0,794.6,807.4,224,126,60.52714285714286,0.0,0.0,0.0,0.0,90
BR,2020-03-21,2269,1343.293521375055,183.6580896055249,1021.0,1004.4,1506.0,221,118,63.044745762711855,15.052958803836544,79.63499999999999,60.702,92.709,83
BR,2020-03-22,2513,1339.8599283724634,3.5,797.5,794.7,800.3,239,119,56.87478991596638,32.425,55.425,29.485,81.365,92
BR,2020-03-23,2579,1312.8968592477704,289.3842172728354,1797.0,1775.8,1811.4,241,136,63.31874999999999,0.0,60.88,60.88,60.88,88
BR,2020-03-24,2997,1268.2979646312974,257.65476549409715,1778.0,1756.8,1794.0,236,119,62.877394957983256,0.0,47.94,47.94,47.94,82
BR,2020-03-25,2286,1287.9794400699911,470.79702353587817,1435.5,756.0,1778.1,236,55,62.05618181818183,0.0,7.39,7.39,7.39,43
BR,2020-03-26,2642,1267.60181680545,232.8927032898943,1749.0,1738.3,1759.0,244,113,63.224778761061934,0.0,99.68,99.68,99.68,88
BR,2020-03-27,2381,1274.5783284334311,437.7806718742465,1707.0,749.7,1736.3,248,91,63.07142857142859,4.74,32.19,28.398,35.982,73
BR,2020-03-28,2715,1305.9034990791895,258.3700268823683,1690.0,1637.1,1730.8,236,131,61.45541984732825,19.130000000000003,54.29,38.986,69.59400000000001,96
BR,2020-03-29,2515,1324.8139165009934,344.9350062922545,1593.0,756.0,1689.2,232,133,59.8766165413534,0.0,13.65,13.65,13.65,94
BR,2020-03-30,2516,1295.7607313195554,348.0988457820836,1590.0,708.0,1739.0,249,114,60.31596491228069,24.063452693982956,53.53,16.706000000000003,60.626,87
BR,2020-03-31,2484,1313.5346215781003,298.2877069515911,1662.0,1253.2000000000012,1704.0,247,115,61.29313043478266,0.0,16.06,16.06,16.06,86
BR,2020-04-01,2565,1315.7707602339178,317.1586502886311,1680.0,693.0,1719.0,255,115,53.36260869565218,0.0,31.06,31.06,31.06,92
BR,2020-04-02,2685,1282.6752327746742,272.10113263941776,1681.0,1630.0,1716.0,240,103,63.41961165048546,0.0,56.55,56.55,56.55,78
BR,2020-04-03,2779,1361.6592299388267,325.4371150981442,1708.0,733.0,1731.0,246,140,71.4571428571429,0.0,58.29,58.29,58.29,86
BR,2020-04-04,2682,1378.1812080536909,248.4491733444432,1715.0,1665.8,1733.2,238,151,60.78536423841061,0.0,43.3,43.3,43.3,89
BR,2020-04-05,2686,1320.4247952345495,208.54365358212215,1707.0,1655.7,1746.6,230,122,58.87122950819674,8.810722003458189,62.39,60.278,76.174,91
BR,2020-04-06,2577,1294.222739619713,124.17747153017672,1760.0,1733.0,1785.0,243,126,66.2846031746032,12.245000000000005,78.875,69.079,88.671,89
BR,2020-04-07,2506,1382.3894652833194,152.17517058088785,1626.5,1584.4,1734.2,241,105,65.55238095238097,0.0,33.3,33.3,33.3,79
BR,2020-04-08,2941,1276.0074804488277,166.2144355439785,1687.0,1654.2,1708.4,240,116,59.22293103448276,0.0,68.97,68.97,68.97,85
BR,2020-04-09,2979,1281.3397113125213,184.21988485592797,1676.0,1658.0,1701.0,247,144,63.59493055555556,0.0,48.56,48.56,48.56,102
BR,2020-04-10,3022,1317.827928524156,267.0943986110083,1671.0,1656.2,1680.0,239,139,63.75791366906475,0.0,0.0,0.0,0.0,97
BR,2020-04-11,2939,1285.623001020755,104.07376138883421,1706.0,1685.0,1739.8,254,149,59.95208053691275,23.805667392450896,52.88,42.92,87.368,107
BR,2020-04-12,2809,1287.5254538981849,3.559026084010437,741.0,735.4,741.8,237,161,65.27745341614903,0.0,47.55,47.55,47.55,86
BR,2020-04-13,2686,1329.9367088607592,233.4026379562979,1649.0,1628.2,1663.0,235,156,58.54923076923078,0.0,42.7,42.7,42.7,100
BR,2020-04-14,3034,1302.8895847066578,401.56940488385754,1626.0,691.2,1643.2,250,180,63.26433333333334,24.245000000000005,64.185,44.789,83.581,108
BR,2020-04-15,2768,1304.3966763005783,31.55010883942999,1682.0,1632.8,1725.0,234,141,65.6473758865248,6.335000000000001,49.495,44.427,54.562999999999995,93
BR,2020-04-16,2775,1319.3776576576577,181.34465041362483,1719.5,1701.0,1798.0,264,194,59.61510309278351,27.925000000000004,64.61500000000001,42.275,86.95500000000001,124
BR,2020-04-17,2732,1254.2968521229866,410.76986585013975,1768.0,775.0,1818.0,250,180,57.07333333333333,0.0,57.57,57.57,57.57,111
BR,2020-04-18,2389,1266.2373377982417,368.08379209703753,1741.0,811.0,1758.0,234,138,60.25905797101451,0.0,73.79,73.79,73.79,93
BR,2020-04-19,3021,1275.356173452499,252.15300840647828,1690.0,1672.0,1716.9,247,189,58.30412698412704,0.0,32.08,32.08,32.08,117
BR,2020-04-20,2734,1251.289319678128,201.26087514206273,1670.0,1646.3,1692.8,263,181,59.63475138121547,9.64399640536363,83.35,69.03,86.87,116
BR,2020-04-21,3278,1245.4081757169004,284.937841174761,1672.0,847.0,1703.1,256,214,55.06644859813085,0.0,64.19,64.19,64.19,123
BR,2020-04-22,2565,1218.7025341130593,372.6421014894441,1756.0,850.0,1771.5,253,167,61.276826347305374,31.609070779691635,62.17,29.009999999999998,90.898,111
BR,2020-04-23,2690,1259.4379182156133,218.704935675647,1740.0,1718.9,1779.0,244,176,54.76789772727275,0.0,53.81,53.81,53.81,116
BR,2020-04-24,2535,1232.571992110454,267.2132947732602,1754.5,1703.5,1770.5,245,156,58.16339743589744,15.222922043929529,45.16,29.088,58.888,104
BR,2020-04-25,2745,1222.0845173041896,16.57758506328989,809.0,789.8,829.6,246,191,58.43376963350786,0.0,93.05,93.05,93.05,121
BR,2020-04-26,3095,1235.728271405493,386.18727679037613,799.0,782.0,1717.0,247,200,60.93440000000001,0.0,91.47,91.47,91.47,123
BR,2020-04-27,2984,1265.9225871313672,375.7661528641334,1674.0,798.6,1718.2,244,157,61.39101910828026,2.807018980262788,70.21,66.36200000000001,71.69,104
BR,2020-04-28,3041,1233.919763235778,326.0588542230276,1653.0,811.4,1708.0,247,171,55.64976608187135,1.9149999999999991,53.735,52.203,55.266999999999996,113
BR,2020-04-29,2951,1213.2463571670623,329.8911860126154,1669.0,819.6,1692.2,260,195,63.877487179487204,0.0,74.09,74.09,74.09,123
BR,2020-04-30,2580,1210.0534883720932,123.46224635892722,1660.5,1649.0,1680.0,245,184,64.37548913043479,0.0,40.77,40.77,40.77,124
BR,2020-05-01,2811,1198.403770900035,180.80421755037386,1630.0,1611.6,1649.0,251,191,62.44638743455498,0.0,60.17,60.17,60.17,123
BR,2020-05-02,3079,1253.4335823319263,47.33943622628202,816.0,804.4,829.8,257,201,59.70238805970148,17.411791024092455,67.21,50.138,84.258,123
BR,2020-05-03,2804,1257.9443651925824,7.399324293474371,818.0,811.6,825.7,241,164,62.689573170731705,0.0,24.26,24.26,24.26,108
BR,2020-05-04,2514,1242.2915672235488,189.35610466789814,1618.5,1607.5,1631.0,240,166,64.85903614457833,0.0,0.0,0.0,0.0,113
BR,2020-05-05,2779,1245.1702051097514,145.05846913702044,1677.0,1612.2,1713.8,257,174,58.881551724137914,33.77097011076558,90.0,33.736000000000004,92.03999999999999,116
BR,2020-05-06,2911,1269.0140845070425,455.5607779429656,1741.0,810.8,1762.2,245,206,60.41407766990295,18.04903113743228,41.31,21.739,59.943,126
BR,2020-05-07,3227,1292.989463898358,30.95189868061358,1754.0,1720.4,1805.6,251,209,60.40057416267943,0.0,80.82,80.82,80.82,129
BR,2020-05-08,3219,1310.3491767629698,184.16068639676448,1766.5,1740.5,1812.0,261,188,62.37489361702129,7.590000000000003,70.34,64.268,76.412,119
BR,2020-05-09,2424,1273.4595709570958,290.2184039365372,1774.0,1213.8000000000002,1797.2,253,194,63.94335051546395,19.305000000000003,77.955,62.510999999999996,93.399,123
BR,2020-05-10,2881,1234.2172856647003,6.944222218666553,829.0,822.6,836.2,247,195,60.56800000000001,0.0,47.12,47.12,47.12,113
BR,2020-05-11,2868,1275.3584379358435,361.01464443609757,1738.0,823.0,1780.0,244,185,64.64816216216214,0.0,39.5,39.5,39.5,106
BR,2020-05-12,3213,1229.548397136632,148.10058345944637,1629.0,1607.8,1679.2,257,206,60.725097087378636,21.39,70.05,52.937999999999995,87.16199999999999,125
BR,2020-05-13,2930,1243.630034129694,319.4255575605642,1665.0,834.4,1698.0,263,175,62.331371428571416,0.0,50.01,50.01,50.01,117
BR,2020-05-14,3250,1295.631076923077,397.1303919421917,1683.0,822.2,1691.0,250,226,61.66296460176989,3.5,86.23,83.43,89.03,123
BR,2020-05-15,2941,1253.4712682760965,372.2471087866231,1710.5,825.8,1733.0,262,231,62.17493506493506,0.0,7.85,7.85,7.85,134
BR,2020-05-16,2624,1251.0506859756097,6.548960901462833,816.0,808.8,821.6,239,180,55.86994444444444,0.0,31.44,31.44,31.44,103
BR,2020-05-17,3026,1315.4933906146725,430.2476496158927,1707.0,835.6,1719.2,248,200,60.01734999999999,0.0,57.74,57.74,57.74,115
BR,2020-05-18,2645,1304.1209829867676,69.98253750440574,1095.5,1071.0,1228.5,252,163,56.67331288343561,0.0,0.0,0.0,0.0,105
BR,2020-05-19,2919,1295.5967797190822,288.68803772033306,1715.0,834.0,1762.0,255,195,60.0822564102564,3.3200000000000003,21.59,18.934,24.246,112
BR,2020-05-20,2634,1285.2908124525434,354.9751382356687,800.5,763.7,1742.6,255,180,57.52016666666669,12.114999999999998,73.685,63.993,83.377,109
BR,2020-05-21,2692,1252.1144130757798,371.78236577331097,1805.5,779.0,1838.3,258,198,61.751515151515186,8.795477373185735,82.54,75.35600000000001,92.516,118
BR,2020-05-22,2853,1272.460217315106,423.31139715923297,1822.0,803.0,1838.0,251,191,62.66413612565448,0.0,0.0,0.0,0.0,124
BR,2020-05-23,2889,1246.8930425752858,308.3856139860941,1779.0,1189.6000000000004,1804.0,270,171,60.33766081871347,0.28999999999999915,50.28,50.048,50.512,118
BR,2020-05-24,2816,1248.695667613637,396.19518226371656,1736.0,824.9,1757.9,254,197,63.996751269035535,0.0,35.79,35.79,35.79,129
BR,2020-05-25,2987,1226.092735185805,330.2761609310288,1720.0,835.0,1742.6,270,186,59.26198924731184,0.0,67.09,67.09,67.09,125
BR,2020-05-26,3468,1216.4593425605535,284.6245023372083,1726.5,852.0,1757.0,286,247,54.583603238866395,27.9415250518332,25.35,24.806,72.494,135
BR,2020-05-27,3142,1197.6849140674722,202.42485820169225,1707.5,1659.4,1777.0,286,247,59.41672064777331,15.661879410424108,70.57,55.938,86.618,141
BR,2020-05-28,2864,1206.3023743016754,214.95836357900188,1653.5,1627.3,1740.7,271,225,57.8082666666667,30.41344585687207,89.56,42.632,97.912,118
BR,2020-05-29,3238,1226.3471278567026,188.52066636791955,1625.5,1607.0,1657.5,278,117,57.60162393162393,13.149999999999999,62.57,52.050000000000004,73.09,83
BR,2020-05-30,3056,1203.5078534031427,406.4453824179688,1696.0,848.0,1728.6,273,176,60.26045454545456,0.0,94.47,94.47,94.47,107
BR,2020-05-31,2967,1214.8449612403112,304.46202205554255,1683.5,860.1,1719.0,268,207,55.03265700483093,11.71,18.84,9.472,28.208000000000002,125
BR,2020-06-01,3083,1202.9221537463513,261.2289181050233,1677.5,1558.4000000000003,1693.1,274,183,57.31174863387981,22.222944599369963,52.17,31.546,75.074,106
BR,2020-06-02,3223,1215.760471610301,313.9932363921236,1714.0,813.9,1741.2,270,209,56.22406698564594,0.0,30.55,30.55,30.55,116
BR,2020-06-03,3139,1203.2070723160243,423.20760823669207,1712.0,798.0,1734.6,273,237,58.798607594936726,6.760000000000001,15.77,10.362,21.178,126
BR,2020-06-04,3533,1212.1290687800733,285.1662325915129,1729.0,846.0,1758.8,289,232,59.11517241379311,25.85,66.68,46.0,87.36,136
BR,2020-06-05,2899,1245.1193515005164,16.80535593500834,1738.0,1722.0,1766.0,269,229,54.73598253275111,0.0,0.0,0.0,0.0,121
BR,2020-06-06,3280,1244.7890243902434,299.5120415931774,1730.0,1052.0,1740.0,264,245,57.33236734693879,30.114808981628954,35.98,27.364,91.79599999999999,141
BR,2020-06-07,3027,1230.97092831186,304.7175775128316,1681.0,840.8,1723.8,273,232,60.306293103448276,0.6899999999999977,88.13,87.578,88.68199999999999,133
BR,2020-06-08,3119,1244.6668804103879,335.6740425565557,1695.0,835.5,1710.5,274,207,57.408888888888896,0.0,70.85,70.85,70.85,130
BR,2020-06-09,3415,1199.936163982431,214.51224534128707,1690.0,1662.7,1708.8,277,251,59.05725099601594,26.495,58.315,37.119,79.51100000000001,149
BR,2020-06-10,3128,1145.5828005115093,274.95591576693596,1710.5,961.7,1748.0,278,223,57.55385650224215,22.58203858527097,62.78,27.939999999999998,68.988,133
BR,2020-06-11,3364,1217.2913198573133,227.4302803058555,1857.5,1752.2,1882.0,286,240,54.39929166666669,12.759999999999998,69.06,58.852,79.268,142
BR,2020-06-12,3419,1230.4369698742316,240.87835996104064,1752.0,1725.4,1848.6,292,241,57.72543568464734,13.869279000726753,69.00999999999999,56.708,86.212,141
BR,2020-06-13,3532,1210.559456398641,310.97359614603937,1745.5,849.9,1769.3,278,245,56.92326530612247,18.525814928094256,67.38,37.637,69.494,142
BR,2020-06-14,3617,1212.6118330107827,10.60328968132606,838.0,825.0,847.0,275,222,56.567567567567586,0.0,77.74,77.74,77.74,141
BR,2020-06-15,3494,1202.6459645105897,220.78556591853965,1792.0,1759.0,1816.0,300,266,58.2924060150376,0.0,68.06,68.06,68.06,159
BR,2020-06-16,3541,1194.3761649251617,141.60440706814308,1760.0,1732.0,1803.3,301,228,56.805877192982464,5.325563089685652,69.92,64.456,74.88799999999999,135
BR,2020-06-17,3508,1229.3645952109464,329.6816797578539,1711.0,875.2,1732.4,292,274,60.07489051094892,0.23999999999999844,51.739999999999995,51.548,51.931999999999995,150
BR,2020-06-18,3269,1190.966656469868,286.84163313443634,1682.5,858.0,1719.7,303,269,53.4428252788104,0.0,0.0,0.0,0.0,160
BR,2020-06-19,3385,1222.0723781388483,386.84067119950464,1678.0,834.0,1696.0,295,225,59.02031111111112,16.457583928086166,47.16,38.607,71.33000000000001,132
BR,2020-06-20,3144,1177.3842239185747,263.9373041420092,1702.0,1670.8,1754.0,281,229,57.1752401746725,18.22162512571868,58.94,53.483999999999995,86.772,132
BR,2020-06-21,3132,1204.0210727969347,379.4323869783504,1083.0,864.6,1773.8,271,220,55.231954545454585,23.017234605592584,78.02,41.604,82.86,116
BR,2020-06-22,3592,1218.2071269487744,291.24543265228436,1730.5,885.4,1768.0,274,250,56.809480000000015,1.8949999999999996,60.254999999999995,58.739,61.771,131
BR,2020-06-23,3715,1230.061641991924,262.137040734422,1709.0,1122.6000000000006,1728.7,296,276,60.00963768115943,15.385293844014376,35.87,27.022,56.406,154
BR,2020-06-24,3462,1201.9315424610047,337.3299636538359,1753.0,867.6,1769.0,282,238,58.2168487394958,20.931948998812526,50.48,36.336,76.752,124
BR,2020-06-25,3454,1231.7168500289515,301.54672811280375,1700.5,849.0,1765.3,291,281,60.40291814946621,26.669999999999998,42.07,20.734,63.406,151
BR,2020-06-26,3297,1175.3503184713381,436.5527529536511,1699.0,802.0,1715.8,284,241,58.183568464730314,0.9849999999999994,20.195,19.407,20.983,131
BR,2020-06-27,3597,1213.468445927162,379.0720842553938,792.5,774.6,1707.9,281,253,62.0491699604743,0.0,56.44,56.44,56.44,130
BR,2020-06-28,3373,1239.091313370886,421.6633682142071,1709.0,800.5,1717.5,286,259,62.50749034749035,0.5449999999999982,47.785,47.349000000000004,48.221,135
BR,2020-06-29,3296,1199.9696601941748,389.62764122014306,1682.0,800.0,1703.0,286,253,58.610592885375496,20.033922831038357,48.84,46.174,88.518,138
BR,2020-06-30,3461,1190.7561398439757,364.30512242105823,1701.0,827.5,1715.0,307,244,55.63393442622953,0.0,95.43,95.43,95.43,150
BR,2020-07-01,3392,1183.9433962264154,369.5496857981128,1679.0,859.6,1694.6,272,247,59.376599190283464,6.69094080745667,86.63,78.702,91.71000000000001,129
BR,2020-07-02,3441,1235.3150247021226,264.3315519853807,1639.5,885.0,1670.1,290,264,60.00397727272728,17.724999999999998,44.845,30.665000000000003,59.025,148
BR,2020-07-03,3636,1197.484873487348,352.2161631725608,1704.0,894.9,1749.7,295,254,56.72062992125987,5.170000000000002,88.73,84.59400000000001,92.866,130
BR,2020-07-04,3512,1200.7998291571755,323.9265441973925,1766.0,1021.2,1798.8,280,221,60.19348416289594,10.181913157926436,70.19,53.542,71.39,122
BR,2020-07-05,3116,1190.825417201541,410.52365356632345,1794.0,864.6,1811.2,286,220,60.695409090909116,15.157709442905793,81.96,59.664,87.80799999999999,125
BR,2020-07-06,3705,1243.3241565452095,245.34558121385695,1731.0,1701.6,1781.4,298,254,62.70381889763779,0.0,97.4,97.4,97.4,128
BR,2020-07-07,3446,1231.798026697621,347.84646375053177,1755.5,868.8,1776.1,293,277,60.68162454873645,9.485,66.185,58.597,73.773,145
BR,2020-07-08,3854,1221.626362221069,341.9213579172848,1812.0,889.9,1846.1,295,296,60.11506756756757,0.0,96.5,96.5,96.5,146
BR,2020-07-09,3356,1209.7973778307512,291.32178567871296,1767.0,906.6,1819.0,291,238,58.537352941176465,26.99041105446319,69.97,36.418,88.602,129
BR,2020-07-10,3583,1240.6790399106892,360.8887885786736,1744.5,892.0,1766.0,296,256,59.630585937500015,18.680380899637875,89.07,65.48400000000001,92.767,136
BR,2020-07-11,3571,1235.8933071968634,337.4695718303464,1071.0,902.6,1743.0,301,263,60.9007224334601,22.835000000000004,51.925000000000004,33.657,70.19300000000001,137
BR,2020-07-12,3513,1210.2715627668658,389.23604435464614,1732.5,918.0,1748.0,280,255,60.13698039215687,0.7349999999999994,77.265,76.677,77.853,121
BR,2020-07-13,3510,1218.450712250712,409.3264314700432,1747.0,932.9,1767.7,304,219,58.27936073059361,0.03500000000000014,59.355000000000004,59.327,59.383,129
BR,2020-07-14,3982,1229.1998995479669,250.2782133752323,1768.0,1743.0,1791.0,306,279,58.14387096774194,8.064789037676201,63.21,49.842,63.826,153
BR,2020-07-15,3624,1173.179359823399,277.044156848236,922.5,913.5,1356.0,303,262,55.85282442748092,0.0,77.45,77.45,77.45,144
BR,2020-07-16,3480,1213.9859195402298,354.90021671333056,1715.0,907.0,1748.0,294,250,60.65116000000001,23.21224515207437,70.505,36.104,83.206,138
BR,2020-07-17,3766,1203.928040361126,414.7805772886652,1689.5,881.0,1734.5,305,262,60.86061068702292,11.085108128576023,69.15,54.918,76.246,139
BR,2020-07-18,3730,1227.6504021447715,45.71835919351152,897.0,884.3,909.7,291,297,60.028787878787874,0.0,82.24,82.24,82.24,141
BR,2020-07-19,3528,1222.162981859411,405.6978876475285,1077.5,866.7,1730.0,291,293,59.26409556313998,0.0,53.63,53.63,53.63,147
BR,2020-07-20,3842,1208.8084331077569,375.54340482062474,1700.0,875.0,1719.0,306,288,58.1729861111111,26.270214478568693,83.15,41.35900000000001,89.92,157
BR,2020-07-21,3651,1199.769104354971,382.8809859146834,1678.0,867.3,1723.0,294,269,61.2003717472119,21.04237747974311,78.42,49.097,92.287,122
BR,2020-07-22,3697,1172.929943197187,399.8390492512236,1731.0,848.8,1739.4,301,288,62.61232638888891,0.0,0.0,0.0,0.0,128
BR,2020-07-23,3613,1177.0022142264052,447.1465945186426,1284.5,831.8,1752.7,307,231,59.76480519480521,19.119999999999997,56.87,41.574,72.166,128
BR,2020-07-24,3292,1189.4835965978127,343.2597413038703,1736.5,1098.3,1751.7,307,249,59.98397590361447,0.0,47.43,47.43,47.43,147
BR,2020-07-25,3329,1184.23370381496,146.9474584862071,839.0,738.2,1022.2,277,282,61.58698581560287,12.605652171413691,73.95,63.67,88.262,142
BR,2020-07-26,3409,1212.2613669697855,57.670529735732444,809.0,692.8,823.7,293,232,58.463405172413815,24.468374599788103,68.48,31.512,76.44000000000001,129
BR,2020-07-27,3343,1200.183368232127,328.878999998302,1772.0,839.6,1792.0,298,249,58.6490763052209,0.0,81.99,81.99,81.99,132
BR,2020-07-28,3404,1188.7855464159818,259.74961139955957,1751.0,1721.4,1782.6,289,262,59.62938931297712,23.452736869428836,21.68,16.936,58.896,138
BR,2020-07-29,3627,1160.4653984008817,291.19466451950683,1750.5,876.5,1788.0,297,272,57.8722794117647,7.110749296350951,31.55,25.134,39.054,146
BR,2020-07-30,3607,1218.3423897976159,399.1816406377205,863.0,849.4,1758.6,304,284,60.57415492957748,17.43546067326266,52.13,49.938,80.562,145
BR,2020-07-31,3553,1172.5631860399662,87.92530565770016,873.0,862.5,1070.4,301,279,58.90362007168459,5.125,86.365,82.265,90.46499999999999,141
BR,2020-08-01,3162,1223.1223908918403,381.9544606363434,1755.0,1000.0,1775.8,286,260,62.556576923076925,14.489999999999998,73.28,61.688,84.872,126
BR,2020-08-02,3205,1218.6255850234013,103.91770782691466,675.0,629.9,862.1,280,254,62.59173228346456,8.870000000000001,42.09,34.994,49.186,130
BR,2020-08-03,2889,1218.975424022154,289.84700492748254,1798.0,1332.5,1812.0,280,263,57.21346007604564,10.77,64.23,55.614000000000004,72.846,145
BR,2020-08-04,3321,1190.8822643781996,435.7049068680391,1803.0,894.0,1818.0,296,237,58.70198312236286,0.0,89.96,89.96,89.96,125
BR,2020-08-05,3520,1189.3823863636367,411.8082579257425,1756.0,867.6,1786.0,297,238,57.83920168067229,16.224450684075563,71.92,49.6,80.36800000000001,142
BR,2020-08-06,3103,1193.2336448598126,372.9144309885395,1770.0,878.5,1784.0,279,227,58.59057268722469,0.0,77.12,77.12,77.12,130
BR,2020-08-07,3189,1240.7165255566003,452.1930758906775,1754.0,855.0,1787.4,287,226,60.962212389380554,19.099821988699265,87.92,56.72,90.224,133
BR,2020-08-08,2980,1237.9399328859065,85.1474603261894,859.5,847.8,1043.1,285,201,60.91333333333334,10.60340825709671,55.93,38.425999999999995,56.874,118
BR,2020-08-09,3051,1214.4310062274665,97.68256905671892,828.0,644.1,850.0,268,181,56.00900552486191,15.341506404196428,27.865000000000002,14.106,46.67100000000001,111
BR,2020-08-10,3167,1230.6409851594567,467.96736283326726,1770.0,822.4,1798.8,294,237,59.083881856540074,8.71805151523104,84.48,72.136,88.536,145
BR,2020-08-11,3124,1170.959667093471,472.7134130355132,1763.0,819.0,1785.0,295,201,56.37895522388062,0.0,39.31,39.31,39.31,126
BR,2020-08-12,3372,1176.0667259786483,492.8416057264927,1780.0,655.7,1799.0,288,228,59.43368421052634,18.973288295653973,60.05,45.856,83.98100000000001,125
BR,2020-08-13,3723,1213.4746172441583,340.23602369858224,1736.0,789.8,1789.6,286,245,58.567959183673494,1.3300000000000018,53.620000000000005,52.556,54.684000000000005,134
BR,2020-08-14,3386,1190.2058476077962,345.9697914427054,1743.5,801.1,1754.0,290,224,56.67169642857145,22.26,74.28,56.472,92.08800000000001,128
BR,2020-08-15,3498,1193.2258433390514,79.34873800018639,644.0,624.4,799.6,271,230,59.25560869565221,23.625,28.805,9.905000000000001,47.705,126
BR,2020-08-16,3977,1195.582348503898,9.953712316964404,808.0,800.0,823.2,272,270,59.00314814814816,0.0,59.4,59.4,59.4,129
BR,2020-08-17,3876,1206.2843137254904,13.92792246609139,1763.5,1746.0,1781.6,294,233,59.23133047210298,0.0,0.0,0.0,0.0,131
BR,2020-08-18,3795,1190.6619235836624,372.21182760959704,1736.0,841.2,1753.4,295,269,58.93535315985133,0.0,63.93,63.93,63.93,148
BR,2020-08-19,3661,1194.9060366020208,314.7351146951011,1667.0,845.0,1711.0,298,223,58.445784753363256,0.0,78.74,78.74,78.74,123
BR,2020-08-20,3517,1199.9451236849586,211.76532228893834,1690.0,1673.0,1756.4,295,237,58.921223628692,7.05173914718915,75.88,72.903,85.983,137
BR,2020-08-21,3542,1238.3833992094862,289.7592870719495,1680.0,900.0,1776.4,288,200,58.99170000000001,14.78065026384909,88.13,63.698,89.386,123
BR,2020-08-22,3525,1200.0547517730497,518.8206030174715,625.0,576.2,1671.4,295,239,58.720543933054394,38.36806079135208,24.74,9.764,81.06,142
BR,2020-08-23,3250,1229.1855384615383,337.69413001085314,1719.5,919.5,1747.5,281,247,61.70279352226719,19.63249343403685,63.96,40.362,88.336,135
BR,2020-08-24,3684,1214.5301302931598,351.77907052979987,1666.5,874.8,1678.9,307,242,57.288884297520646,29.565,50.695,27.043,74.34700000000001,144
BR,2020-08-25,3578,1176.9608719955288,269.28807159571323,1713.0,1030.0000000000002,1752.8,304,221,60.162624434389144,0.0,31.34,31.34,31.34,144
BR,2020-08-26,3642,1215.9590884129605,430.5973866328034,1767.5,881.9,1776.3,316,263,61.59129277566544,0.0,47.41,47.41,47.41,142
BR,2020-08-27,3741,1180.8551189521522,427.146772704768,1757.0,883.8,1774.0,296,263,58.84250950570342,21.00542205135511,39.06,18.836,59.996,142
BR,2020-08-28,3633,1197.3897605284894,14.763882356014026,888.5,860.7,897.9,301,284,60.66514084507044,19.052351269302406,70.49,47.53,84.506,136
BR,2020-08-29,3519,1195.661551577152,342.3312625708224,852.0,838.2,1718.0,302,249,59.91433734939763,25.47916440446978,70.315,38.619,89.754,133
BR,2020-08-30,3426,1192.532107413893,98.54916285793604,857.5,849.9,1058.6,281,212,57.88009433962266,0.0800000000000054,64.68,64.616,64.744,130
BR,2020-08-31,3720,1192.7739247311831,394.6735049508695,1707.5,877.4,1778.1,304,281,57.15434163701063,15.67492335618335,82.47,60.225,93.685,145
BR,2020-09-01,3940,1205.569796954314,309.4227805404736,1743.0,880.8,1759.0,320,302,55.430496688741755,13.019227127598624,69.13499999999999,54.978,79.17699999999999,146
BR,2020-09-02,3842,1217.0031233732436,437.6007533985745,1721.0,839.7,1747.1,317,300,60.34280000000001,28.755127820964383,77.78,32.480000000000004,94.566,156
BR,2020-09-03,3415,1171.8105417276727,96.99995371343309,1693.0,1660.9,1727.0,315,247,55.47603238866399,0.0,77.0,77.0,77.0,148
BR,2020-09-04,3493,1178.867735470943,286.6675463661306,1662.0,906.0,1693.0,307,246,58.352886178861766,0.0,87.14,87.14,87.14,138
BR,2020-09-05,3475,1188.3349640287772,287.3043753169548,1751.0,1024.6000000000001,1783.0,301,248,59.497620967741945,10.834999999999997,61.905,53.237,70.573,139
BR,2020-09-06,3666,1223.5283687943265,391.69563328661513,1748.5,930.7,1772.4,287,274,64.83733576642337,6.68,47.72,42.376,53.064,136
BR,2020-09-07,4441,1220.9842377842829,243.72779831078253,1784.5,1758.7,1807.3,306,296,60.94655405405403,0.0,24.16,24.16,24.16,144
BR,2020-09-08,3798,1234.9657714586622,270.8032333489092,1805.0,965.0,1830.0,310,253,62.70023715415021,16.635,53.535,40.227,66.843,133
BR,2020-09-09,3675,1201.0895238095234,168.4832858179113,1809.0,1704.0,1819.8,308,298,62.22258389261744,30.01580287485614,75.6,28.863999999999997,83.16,153
BR,2020-09-10,3737,1212.403799839444,361.3438364816332,1800.0,965.2,1846.6,306,300,58.91876666666667,0.0,18.1,18.1,18.1,155
BR,2020-09-11,3407,1229.1960669210453,482.949829297723,1246.0,795.2,1833.0,302,268,61.12735074626867,2.833031356456661,83.24,80.112,85.648,146
BR,2020-09-12,3654,1272.7307060755336,294.86681378178605,1710.0,1095.0000000000002,1723.0,302,290,62.30913793103448,10.761686484933483,81.92,70.876,95.28999999999999,148
BR,2020-09-13,3853,1295.132104853361,399.85122433225087,768.0,741.2,1740.6,302,298,60.288288590604054,20.470431114170506,38.185,22.713,64.67500000000001,161
BR,2020-09-14,3889,1255.4214451015685,175.13872659614438,1798.0,1749.6,1821.6,308,282,58.5895390070922,0.0,67.44,67.44,67.44,160
BR,2020-09-15,3828,1260.3827063740848,197.44707672465012,1808.0,1548.6000000000004,1826.4,320,276,55.713514492753646,0.0,0.0,0.0,0.0,143
BR,2020-09-16,3681,1293.848682423254,472.86141267817567,1756.0,718.0,1814.0,308,243,59.148683127572056,2.6849999999999987,50.955,48.807,53.103,136
BR,2020-09-17,3334,1260.3884223155371,421.0071467309959,1718.0,747.6,1744.0,295,218,57.17013761467894,28.09743376182245,49.15,22.116,84.714,133
BR,2020-09-18,3532,1288.358437146093,232.98224481706757,1774.0,1196.4,1790.6,310,284,57.94404929577466,0.0,0.0,0.0,0.0,142
BR,2020-09-19,3943,1263.0469185899058,264.5021466831602,1787.0,1185.2,1808.0,278,240,59.07941666666669,0.0,72.03,72.03,72.03,133
BR,2020-09-20,4232,1284.9359640831763,123.9966792724234,1139.0,885.0,1164.0,306,285,60.222000000000016,15.86,44.22,31.532,56.908,145
BR,2020-09-21,4150,1267.310361445783,356.76711598360487,1133.0,1114.4,1817.6,311,255,62.64882352941177,14.995000000000001,27.365,15.369,39.361,140
BR,2020-09-22,4120,1254.7567961165043,430.2739785869348,1799.0,749.0,1812.0,321,310,57.6023548387097,14.59476618517748,30.71,11.606000000000002,39.59,155
BR,2020-09-23,3873,1281.466305189775,521.3794779237096,903.0,692.2,1807.0,323,320,64.01343750000002,0.0,0.0,0.0,0.0,176
BR,2020-09-24,4100,1268.1831707317076,457.3309967204715,1791.0,694.0,1817.2,324,231,59.18034632034633,14.403109690271751,55.370000000000005,37.068000000000005,65.13900000000001,128
BR,2020-09-25,3708,1257.4444444444448,430.0899602298717,1837.0,736.1,1857.8,318,136,66.63919117647059,0.0,0.0,0.0,0.0,86
BR,2020-09-26,3705,1290.875033738192,426.75571944806154,1082.0,786.2,1774.2,292,129,66.39457364341084,4.136387312619551,90.71,86.87,95.50999999999999,89
BR,2020-09-27,3770,1345.889124668435,230.30992862475662,1057.0,762.6,1107.0,281,123,62.62422764227644,0.0,83.64,83.64,83.64,87
BR,2020-09-28,3593,1262.6031171722798,367.604081039609,926.5,732.0,1831.0,312,265,59.357509433962264,17.5644404621952,49.045,22.024,56.276999999999994,155
BR,2020-09-29,4037,1308.0381471389649,411.09516252695215,1734.0,724.9,1817.1,320,295,59.787593220339005,18.655,67.295,52.371,82.21900000000001,154
BR,2020-09-30,3552,1275.5233671171181,147.43798696401143,907.5,714.0,1054.7,308,230,60.047434782608704,23.468022214636385,50.51,26.622,72.598,140
BR,2020-10-01,3394,1266.3809664113146,386.96229810287883,1711.0,735.9,1732.3,308,258,59.76271317829457,17.63281788786655,50.61,23.218,55.153999999999996,148
BR,2020-10-02,3479,1322.655648174762,440.5305163123994,734.0,721.4,1757.2,302,222,64.85509009009009,11.474999999999998,50.754999999999995,41.575,59.934999999999995,129
BR,2020-10-03,3765,1288.1035856573703,315.35552952183986,1115.0,728.0,1747.8,301,257,64.2551750972763,28.124467204829955,58.54,25.37,86.03,122
BR,2020-10-04,3763,1362.0946053680575,83.60928415370039,683.0,663.1,713.3000000000001,281,272,62.615220588235296,0.9250000000000007,49.114999999999995,48.375,49.855,122
BR,2020-10-05,3713,1326.8015082143825,317.22834911899747,1770.0,1053.7,1788.5,320,284,61.63883802816904,7.184999999999995,74.055,68.307,79.803,141
BR,2020-10-06,3837,1301.1803492311697,500.2431937184178,1774.0,652.0,1799.0,333,282,62.20783687943261,5.810000000000002,68.92,64.272,73.568,146
BR,2020-10-07,3595,1309.1847009735736,490.09079865847843,1810.0,686.7,1842.9,331,226,61.508716814159314,32.94032618066932,28.42,20.396,79.876,143
BR,2020-10-08,3495,1298.7138769670955,436.4212999160423,1056.0,713.4,1809.0,309,265,61.93958490566041,11.223990179769203,72.69,65.938,87.442,139
BR,2020-10-09,3649,1296.0657714442314,334.55206371106624,1808.5,1056.7,1834.3,335,295,61.18311864406778,2.6099999999999994,47.18,45.092,49.268,168
BR,2020-10-10,3267,1272.4600550964185,96.2931131305019,725.0,710.0,741.0,300,221,59.903891402714954,23.330000000000002,66.81,48.146,85.474,130
BR,2020-10-11,3148,1294.0628970775097,365.8769548469812,1016.0,693.8,1635.8,278,227,57.62281938325993,15.360912154628778,69.7,47.852000000000004,76.708,126
BR,2020-10-12,3342,1319.9775583482945,417.70993725600977,1025.0,655.2,1542.0,300,268,62.59720149253735,0.0,59.73,59.73,59.73,141
BR,2020-10-13,3454,1306.1239143022576,536.2419846174691,1794.0,604.2,1821.3,314,235,61.741914893617036,24.765,36.375,16.563,56.187,160
BR,2020-10-14,3770,1295.7222811671086,290.1628786614932,1750.0,1112.6000000000001,1788.4,316,261,59.65835249042149,20.73,38.97,22.386,55.554,149
BR,2020-10-15,3906,1268.8320532514083,324.12633234761444,1749.0,1013.7,1777.0,311,271,59.61634686346861,18.810088217496485,57.905,38.787,78.08,143
BR,2020-10-16,3557,1292.2943491706496,385.4217928149509,1677.0,655.0,1707.0,298,252,60.85055555555559,32.651345817186,79.51,17.998,96.07600000000001,148
BR,2020-10-17,3674,1290.8636363636358,197.00365478843278,848.5,660.8,1107.0,296,256,62.8195703125,16.213527338306125,50.260000000000005,33.406,68.311,146
BR,2020-10-18,3625,1302.3100689655178,181.35954708412666,1014.0,684.8,1053.8,304,251,58.699561752988046,23.50195074645696,44.25,36.922000000000004,79.962,144
BR,2020-10-19,3667,1284.8601036269424,445.32625330954147,1022.0,675.6,1675.0,327,242,58.81276859504132,11.535,31.835,22.607,41.062999999999995,131
BR,2020-10-20,3348,1297.5546594982084,339.1019321678955,1687.0,727.2,1745.0,324,252,61.11706349206353,0.0,23.39,23.39,23.39,135
BR,2020-10-21,3618,1294.4510779436152,386.39263121569536,1507.5,713.7,1746.0,328,282,60.97166666666667,32.49753871021961,47.72,24.32,87.312,148
BR,2020-10-22,3781,1286.3115577889441,409.5532674668016,1725.0,746.7,1790.3,332,236,60.95533898305086,22.725379397273,33.34,17.524,64.787,143
BR,2020-10-23,3766,1291.1927774827398,322.37904685521823,1771.0,1038.0,1794.9,325,268,60.593731343283615,13.674999999999999,32.475,21.535,43.415,152
BR,2020-10-24,3791,1228.1640728040097,194.92610961237796,788.5,759.0,1086.8999999999999,317,275,61.70229090909091,10.361588620959628,64.14,54.949999999999996,76.403,143
BR,2020-10-25,3451,1305.6282237032735,426.8847942937811,1022.0,759.4,1783.6,309,258,61.6420542635659,27.90269640494744,79.65,38.362,90.05000000000001,142
BR,2020-10-26,3479,1287.1566542109802,367.2780809866014,1726.0,1013.2,1781.4,313,252,61.62595238095242,16.60197243970995,72.74,50.516,82.204,135
BR,2020-10-27,4260,1266.8922535211266,298.1725561883402,1777.5,1049.1,1815.9,343,279,62.400501792114675,20.857241747971695,71.195,42.91,89.385,160
BR,2020-10-28,3728,1255.8039163090123,489.4204952220019,1806.0,728.4,1832.2,321,253,59.1925691699605,26.6630727265674,39.555,13.725000000000001,77.70500000000001,141
BR,2020-10-29,4080,1270.1825980392148,326.64241572624843,1780.0,1011.7,1794.7,333,292,61.226815068493124,15.210340780753949,88.48,63.632000000000005,90.312,151
BR,2020-10-30,3829,1223.90676416819,469.213385998311,1771.5,710.0,1789.1,327,283,58.61696113074207,3.1017450285641153,86.41,81.866,87.634,170
BR,2020-10-31,3474,1212.6329879101897,430.2238595614352,1744.0,726.2,1763.9,323,241,57.89331950207474,25.527261680189845,46.77,36.914,84.31400000000001,136
BR,2020-11-01,3584,1226.1180245535709,300.3139440698929,1212.0,739.2,1734.6,301,297,60.15269360269361,25.869772931562665,48.775000000000006,13.037,77.25200000000001,143
BR,2020-11-02,3846,1265.7342693707747,143.67278019372716,778.0,762.0,1059.0,319,274,59.829489051094896,14.52450190387111,44.83,42.766,68.382,149
BR,2020-11-03,3490,1231.3504297994277,324.72665209976736,1757.0,1048.8,1774.2,324,266,58.809736842105295,4.995000000000001,65.845,61.849000000000004,69.84100000000001,155
BR,2020-11-04,3478,1314.0598044853368,348.42356278005366,1814.0,913.2,1840.0,322,247,59.777611336032415,4.94042733194429,79.94,77.796,87.044,151
BR,2020-11-05,3116,1269.0683568677791,394.2414828372279,1820.0,810.0,1834.0,337,199,58.81879396984924,17.292731131894698,72.2,53.899,91.14500000000001,127
BR,2020-11-06,3519,1253.3060528559251,280.7407067613858,1813.0,1054.0,1831.0,340,286,61.6283916083916,0.0,55.51,55.51,55.51,149
BR,2020-11-07,3761,1259.9861738899222,242.9864742463388,772.0,758.0,791.8,334,265,58.73524528301886,32.15131447114134,32.08,25.072,82.80000000000001,149
BR,2020-11-08,3796,1267.240779768177,143.56326131709324,758.0,749.2,1107.3,322,289,60.01245674740486,33.08,59.72,33.256,86.184,149
BR,2020-11-09,4214,1278.7218794494547,394.0201404671467,1820.5,883.5000000000002,1846.7,356,289,61.49321799307959,15.737659362885648,81.375,57.525,89.89,166
BR,2020-11-10,4407,1231.7363285681868,272.45955388791396,1838.5,1078.3,1852.0,381,332,57.99126506024097,22.90574478160446,77.14,43.214000000000006,90.28,192
BR,2020-11-11,4501,1235.0815374361248,327.3398389307606,1824.0,1052.6,1850.2,365,307,56.682312703583065,0.0,91.06,91.06,91.06,166
BR,2020-11-12,4285,1220.7106184364063,387.151212676116,1422.0,805.0,1809.2,362,304,60.42523026315791,16.241694800728155,82.735,58.385000000000005,88.479,179
BR,2020-11-13,3963,1242.1448397678523,422.6058089384489,1729.0,821.1,1774.0,356,303,53.95491749174919,32.891519001442035,69.98,25.268,87.828,170
BR,2020-11-14,4059,1257.5728011825572,228.36905985706557,817.0,590.6,1116.8,343,252,56.33503968253972,13.575645251699823,28.39,8.876000000000001,37.92,143
BR,2020-11-15,4385,1233.02645381984,240.58991445772514,800.0,657.2,1111.2,351,281,57.90626334519576,16.43053407531234,49.235,38.97,72.646,167
BR,2020-11-16,3998,1228.0105052526264,367.23232369025254,1739.0,878.8,1761.0,352,308,58.46577922077924,25.42060628702628,56.35,17.938,74.94,170
BR,2020-11-17,4467,1234.6805462278928,332.9565598687393,1746.0,1109.0,1791.0,380,312,60.06451923076926,19.715,70.085,54.312999999999995,85.857,164
BR,2020-11-18,4690,1281.4215351812365,405.76256787387774,1757.0,813.4,1786.6,396,293,57.9638225255973,15.148085687637234,68.49000000000001,44.875,79.055,179
BR,2020-11-19,3678,1179.056008700381,425.97998786230744,1111.0,782.0,1759.2,366,293,55.91843003412971,22.895670988202113,51.905,26.932000000000002,75.268,171
BR,2020-11-20,4681,1273.0106814783169,422.68743741926625,1117.0,781.8,1747.0,384,315,56.14996825396826,23.695,63.785000000000004,44.829,82.741,169
BR,2020-11-21,4773,1254.4986381730566,412.2796369255187,1100.5,766.1,1759.0,377,277,58.7132129963899,11.900437900439725,93.7,75.924,97.884,173
BR,2020-11-22,4413,1209.0294584183093,375.0030007184544,1115.0,796.0,1745.0,363,270,58.963703703703715,29.621806156951333,52.129999999999995,22.864,86.548,162
BR,2020-11-23,4787,1199.6452893252558,394.3981896165208,1096.0,811.0,1770.0,389,352,55.217386363636386,9.114999999999998,59.965,52.673,67.257,196
BR,2020-11-24,4482,1203.7452030343593,407.52643889691376,1796.0,827.2,1841.0,399,331,57.53498489425989,11.454999999999998,21.545,12.381,30.709,154
BR,2020-11-25,4600,1208.4819565217385,336.4261809893844,1255.0,837.9,1871.0,389,272,53.76636029411766,3.25,92.53,89.93,95.13,173
BR,2020-11-26,4640,1268.0704741379307,324.1441653173739,1721.5,1092.9,1879.7,410,326,57.00180981595094,0.0,98.22,98.22,98.22,211
BR,2020-11-27,4426,1157.9028468142792,430.66084734057125,1091.0,848.0,1856.8,396,299,57.47896321070236,17.51573070763028,71.04,45.736,78.472,183
BR,2020-11-28,4531,1202.0825424851025,345.1597227091223,838.0,808.2,1736.2,401,321,55.17084112149533,26.40061336290314,50.4,27.806,96.226,184
BR,2020-11-29,4723,1235.6749947067533,301.53365666770117,1698.5,1086.2,1731.4,406,356,58.753202247191,36.15003941906564,56.445,19.115000000000002,93.005,181
BR,2020-11-30,5123,1190.2108139761863,477.2034925829162,1110.5,814.5,1829.0,425,333,57.542612612612665,30.328410257545652,43.63,11.917000000000002,76.94600000000001,197
BR,2020-12-01,4933,1202.0038516115949,321.440898438672,1810.5,1084.0,1832.3,415,354,55.54132768361581,16.17960513183873,81.28,56.184,85.512,199
BR,2020-12-02,5319,1173.426019928557,431.4538295685593,1811.0,809.0,1837.6,430,346,55.19534682080926,25.075175472965284,48.745000000000005,14.582000000000003,67.228,198
BR,2020-12-03,4792,1180.5498747913184,462.69438689405484,1100.0,818.9,1827.1,411,372,56.83741935483871,11.295,27.994999999999997,18.959,37.031,200
BR,2020-12-04,5323,1189.156302836747,436.3002859367693,1776.0,821.0,1810.0,431,438,55.75173515981737,0.0,82.44,82.44,82.44,231
BR,2020-12-05,4838,1164.4491525423741,133.88751909194167,853.0,837.0,1101.0,403,360,50.80847222222224,34.394999999999996,53.105000000000004,25.589,80.62100000000001,202
BR,2020-12-06,4943,1201.1628565648389,355.7234555906184,1703.0,850.6,1715.8,414,337,55.082195845697356,25.178635387963347,42.71,27.618,77.51400000000001,198
BR,2020-12-07,5540,1226.7682310469313,211.09934325361468,1758.0,1721.8,1800.6,456,414,53.6257004830918,17.97669780577067,73.87,49.694,84.75,230
BR,2020-12-08,5759,1171.6164264629274,325.42283984280823,888.0,863.6,1739.8,461,443,53.59742663656886,27.531507203364093,7.62,7.06,54.06,250
BR,2020-12-09,5114,1190.447008212749,92.65099898250827,897.0,888.6,1088.4,447,372,55.94069892473119,24.997422242103287,39.885,19.172,72.141,224
BR,2020-12-10,5204,1188.0505380476557,397.3736903670377,1096.0,875.4,1751.0,456,394,54.638197969543214,24.158743068849144,38.18,15.123999999999999,62.46,241
BR,2020-12-11,5424,1182.66371681416,399.3211197353161,1748.0,874.0,1762.2,456,399,56.03556390977445,13.886189182061432,70.52,52.627,81.749,219
BR,2020-12-12,5432,1183.0646170839464,386.4244549391252,1114.5,849.0,1752.0,441,411,57.65632603406326,19.532644879790343,87.47,50.584,92.342,218
BR,2020-12-13,5486,1148.1374407582941,151.91243449797662,850.0,827.0,1142.0,431,396,54.94505050505052,13.850490564918228,82.27,63.614000000000004,90.014,218
BR,2020-12-14,6339,1164.8062785928385,317.9913478769722,1747.0,1041.0,1767.3,498,436,53.98059633027525,0.0,55.97,55.97,55.97,238
BR,2020-12-15,5894,1173.5366474380733,407.67982275965466,1512.5,831.0,1787.5,500,456,55.44756578947371,25.331033930734055,32.68,27.304000000000002,71.272,237
BR,2020-12-16,5810,1121.997074010327,326.6079628797187,1709.0,825.8,1751.4,483,461,52.94030368763558,24.580399076296548,39.92,18.512,70.813,254
BR,2020-12-17,5501,1140.9734593710232,381.74184916432625,1529.0,799.4,1726.4,468,420,54.570285714285724,19.626534759520506,32.9,30.683999999999997,65.044,236
BR,2020-12-18,5466,1181.7431394072446,196.0765420032664,1634.0,1553.0,1686.5,472,397,54.922795969773325,0.0,39.67,39.67,39.67,231
BR,2020-12-19,5365,1175.5401677539605,404.2397417559026,1631.5,788.0,1753.0,470,428,52.9986448598131,35.46102026639016,55.83500000000001,15.325,94.785,232
BR,2020-12-20,5671,1223.1833891729848,296.3091071891351,1650.0,808.6,1728.0,465,392,56.57627551020408,28.515680719800116,74.4,26.268,93.868,214
BR,2020-12-21,5715,1166.8545931758526,305.15203906268454,1628.5,808.4,1653.0,486,373,52.699222520107234,24.8,48.230000000000004,28.39,68.07000000000001,228
BR,2020-12-22,6293,1195.563642142063,503.4561620358189,1666.5,606.4,1751.7,520,457,53.39398249452955,18.731150632035398,20.89,4.123,54.157,256
BR,2020-12-23,5841,1172.0287621982548,508.4557670011616,1634.0,515.0,1779.0,515,386,53.17202072538862,28.647634038433264,43.52,21.87,85.908,224
BR,2020-12-24,6303,1175.984451848326,523.074273660435,1144.0,459.8,1718.6000000000001,517,465,52.633311827957,31.043129058269805,41.89,7.402,90.21600000000001,254
BR,2020-12-25,5340,1129.49606741573,504.0931695170239,738.0,420.3,1607.8,468,383,53.445587467362934,23.878597111220753,54.33,20.336,73.672,219
BR,2020-12-26,5951,1137.2959166526637,449.83798842493553,1140.0,635.0,1632.0,500,381,54.8864566929134,21.89439197602893,50.769999999999996,27.321,79.65599999999999,207
BR,2020-12-27,6088,1151.895532194482,338.80740826435016,1608.0,777.0,1677.0,513,476,56.97716386554621,23.8181961253716,54.23,27.238,73.71,242
BR,2020-12-28,6498,1123.9810710987992,403.84507058688536,1553.0,772.5,1646.0,535,505,52.89352475247525,22.686038320823613,63.17,38.494,89.478,256
BR,2020-12-29,6196,1138.4372175597157,310.2894229558532,1643.5,1149.9,1768.3,535,408,53.151151960784325,33.56930300140293,31.23,8.565999999999999,83.616,234
BR,2020-12-30,5868,1138.1416155419229,309.36052782860475,1558.0,853.6000000000004,1772.6,528,413,57.20963680387411,0.0,34.3,34.3,34.3,236
BR,2020-12-31,5724,1179.0985324947585,309.48398614594765,1595.0,789.0,1762.5,522,429,55.93706293706296,27.782253906023634,75.53,19.796,89.564,239
BR,2021-01-01,4794,1181.2699207342507,428.5489599727784,1662.0,723.6,1756.2,464,421,55.491567695962,22.925749681035516,61.765,19.309,72.438,220
BR,2021-01-02,5711,1130.60409735598,514.3533839360659,1637.0,516.0,1678.0,507,591,53.78971235194588,21.946810259250785,43.99,20.060000000000002,71.195,274
BR,2021-01-03,5941,1175.9961285978793,340.15939459190014,1723.0,757.3,1755.0,498,550,57.605818181818194,28.74352543306036,50.36,22.794,92.472,268
BR,2021-01-04,6603,1174.7180069665299,514.5957228121002,960.5,470.3,1724.2,520,531,52.397325800376684,23.673720209790194,36.35,12.01,69.07400000000001,277
BR,2021-01-05,6278,1172.8725708824466,436.75598008034416,1752.0,786.2,1797.4,548,421,55.298812351543916,11.684421252248653,36.39,34.776,55.196000000000005,231
BR,2021-01-06,6321,1166.5611453883878,390.9356418987284,1771.0,815.5,1812.0,555,378,54.3234656084656,25.042205706899434,76.17,40.922,88.11399999999999,210
BR,2021-01-07,6002,1141.4273575474838,285.26654126618536,1702.0,1425.0,1806.0,555,450,57.74271111111112,15.405206132992832,50.28,28.558,62.326,250
BR,2021-01-08,5637,1124.7926201880427,303.6847066933731,1716.0,1192.2,1792.4,538,447,53.73011185682329,16.526390289473376,70.29,52.338,88.468,241
BR,2021-01-09,5693,1144.4674161250662,540.9184607629948,1155.0,494.0,1781.0,553,476,54.398802521008406,22.484609145757904,58.51,22.255000000000003,78.088,268
BR,2021-01-10,5646,1125.3198724760891,237.44146588627316,1632.0,1180.0,1690.1,525,496,55.52282258064518,24.504292863700435,33.82,15.238,66.507,261
BR,2021-01-11,5937,1150.9194879568802,451.1327070290062,1766.5,646.0000000000001,1823.9,541,466,55.63673819742489,25.55277628751913,58.625,22.151,83.347,263
BR,2021-01-12,6650,1152.6899248120303,342.12847979037565,1779.0,1084.3999999999996,1820.0,561,557,53.880610412926394,29.485622937289282,62.92,29.038,87.7,297
BR,2021-01-13,6361,1126.2597075931458,347.8373493425241,1705.0,823.0,1816.1,546,540,55.36605555555556,34.568297936436245,70.09,25.130000000000003,91.49000000000001,268
BR,2021-01-14,6280,1142.6936305732484,423.703028802317,1729.0,838.7,1798.9,557,536,56.85059701492538,29.941501877726132,37.49,26.53,95.94800000000001,270
BR,2021-01-15,6270,1166.1408293460922,269.5055187405783,1709.0,1158.2,1760.0,556,483,57.024451345755715,19.799148198540134,79.37,39.908,87.368,266
BR,2021-01-16,5921,1120.5151156899174,389.0415712655098,1729.5,896.1,1773.7,543,485,52.251546391752576,22.53469505007778,61.894999999999996,29.157,88.422,262
BR,2021-01-17,5249,1131.633263478758,401.72990677303534,1528.0,783.0,1741.6,500,470,55.920063829787296,28.359023585977006,44.28,18.672,78.96700000000001,226
BR,2021-01-18,6603,1131.8497652582166,371.23802667735083,1716.0,798.2,1739.0,565,519,51.796204238921014,22.965615844368536,61.14,31.46,83.024,260
BR,2021-01-19,6021,1153.3594087360898,393.3630126566977,1669.0,698.6,1729.2,566,477,56.122851153039846,21.70797077254639,35.27,22.896,69.596,246
BR,2021-01-20,6199,1144.1684142603638,402.30914685546634,1696.0,741.1,1743.0,556,564,54.1396631205674,20.352893229462918,47.43,25.6,78.16,281
BR,2021-01-21,5733,1118.7055642769933,383.69231093896605,1679.5,761.2,1716.9,565,453,53.023090507726245,25.90232718732061,55.3,31.81,93.27,264
BR,2021-01-22,6188,1080.822882999354,373.3698496589916,1647.0,809.4000000000001,1707.0,556,524,56.2653435114504,20.62263613120301,47.879999999999995,36.371,79.25699999999999,270
BR,2021-01-23,5957,1112.437300654692,311.2094097342431,1629.0,964.0,1666.4,557,485,53.0317731958763,26.426020426003525,47.95,32.715,93.91499999999999,250
BR,2021-01-24,5570,1124.0265709156183,298.7350292960835,964.5,884.2,1617.7,539,452,52.625685840707995,16.414960211648395,14.49,6.501,39.314,249
BR,2021-01-25,6692,1136.2473102211598,317.9099596037045,1691.0,963.0,1715.8,577,570,53.24057894736845,28.254662545419926,71.95,38.558,93.50200000000001,293
BR,2021-01-26,6266,1118.9404723906803,365.50142382257076,1741.5,951.2,1767.0,593,672,53.52592261904765,24.636480528669395,44.6,18.384,75.46000000000001,332
BR,2021-01-27,6518,1121.936483583922,316.6569081829733,936.5,465.0,1277.9,594,692,54.60966763005782,29.099133578166896,41.685,15.824,83.853,348
BR,2021-01-28,6919,1104.3786674374915,543.2721719161748,1739.0,504.6,1837.4,617,720,53.42305555555556,35.66017264244368,49.4,9.556000000000001,88.52199999999999,348
BR,2021-01-29,6812,1089.5325895478566,469.9312817317506,1161.5,528.5,1814.0,603,690,55.71742028985508,24.330685924384056,36.41,7.17,61.32800000000001,325
BR,2021-01-30,6299,1106.8636291474847,385.33432184511764,952.5,727.3,1757.4,594,704,56.36948863636365,31.244532242645725,51.96,9.091999999999999,95.534,320
BR,2021-01-31,7019,1136.728308875908,377.22709327763897,1600.0,885.6,1757.2,559,783,53.495810983397185,31.35742839747034,32.22,5.78,90.28,315
BR,2021-02-01,6580,1104.1655015197568,457.9063054231026,1715.0,665.6,1819.6,590,741,54.88962213225372,23.355419665130725,64.805,28.009999999999998,91.485,311
BR,2021-02-02,6861,1107.6522372831948,459.71652695167876,1564.0,708.8000000000001,1876.4,629,745,55.26915436241611,33.9165109333034,66.235,12.370000000000001,92.53999999999999,348
BR,2021-02-03,6975,1124.1075268817197,519.5649531092388,1858.0,735.8,1888.0,619,717,56.97800557880057,17.77585010382289,42.67,27.330000000000002,66.896,344
BR,2021-02-04,6534,1106.6948270584633,505.02825525407627,1579.0,683.0,1866.0,624,669,54.48301943198802,25.753349316156918,49.04,25.099,84.185,317
BR,2021-02-05,6752,1128.222156398105,406.6431470577533,1745.0,838.0,1788.0,631,720,54.0411666666667,29.627595734382496,57.885000000000005,18.107,92.90799999999999,342
BR,2021-02-06,6883,1166.8051721633014,431.5989450761885,1727.0,769.0,1778.5,620,683,55.15266471449488,26.705260922648662,39.3,17.616,77.69200000000001,309
BR,2021-02-07,6225,1144.7985542168674,392.10859515930684,1600.0,799.0,1757.2,597,707,57.993380480905245,26.727519356876773,63.8,10.362000000000002,87.618,305
BR,2021-02-08,6087,1109.4585181534421,461.17745200156025,1707.0,643.1,1758.0,602,635,54.66325984251968,14.53110236699198,70.0,52.828,82.93,315
BR,2021-02-09,6770,1098.9496307237807,439.7710639918113,1698.0,778.2,1736.0,606,708,53.97235875706218,22.468653462763452,69.0,39.61,86.17,326
BR,2021-02-10,6650,1117.0753383458648,446.4624669275123,1202.5,653.5,1688.0,601,619,55.81722132471731,26.15112274836398,60.59,16.699,74.897,307
BR,2021-02-11,6515,1103.5645433614736,423.2659128618862,1587.5,674.5,1765.5,636,719,53.61127955493744,27.31386083566364,52.519999999999996,12.511000000000003,83.56099999999999,332
BR,2021-02-12,6912,1116.5972222222229,553.8958494109243,1554.0,408.0,1761.5,627,739,53.925737483085264,29.606201724563647,34.47,9.357,80.281,320
BR,2021-02-13,6496,1115.6976600985226,527.4967579738469,1266.0,400.6,1747.8,590,617,52.713338735818496,27.374038722848333,55.305,9.138,84.349,315
BR,2021-02-14,6401,1120.6020934229023,486.8222499371018,1174.0,586.2,1802.6,571,589,54.38590831918506,29.33322007553893,30.66,9.852,66.66,288
BR,2021-02-15,6942,1093.6816479400743,548.188852501766,1670.0,416.6,1848.2,643,737,55.77814111261874,24.046558776673226,80.16499999999999,44.516000000000005,93.002,348
BR,2021-02-16,6520,1087.8076687116563,524.7539499733904,1721.0,604.0,1866.0,623,676,55.86038461538463,23.574607970700644,64.095,29.898,85.34400000000001,325
BR,2021-02-17,6408,1091.6861735330842,430.52311346139106,1136.0,652.0,1727.1,633,713,54.78764375876582,28.78030609201368,26.96,16.667,86.018,342
BR,2021-02-18,6560,1100.0350609756103,406.45255610299006,1154.0,871.9,1744.2,641,762,54.427598425196855,32.75186295881087,79.9,15.68,89.67,337
BR,2021-02-19,6569,1059.3825544222864,409.25375093340466,908.5,586.4000000000001,1698.9,610,634,55.468091482649825,22.783152888824574,47.495000000000005,22.97,72.715,319
BR,2021-02-20,6018,1111.9960119641078,375.382152827165,982.0,900.8,1775.0,593,613,55.61649265905384,31.999788646762966,85.485,17.208000000000002,96.76100000000001,311
BR,2021-02-21,5744,1124.883182451253,454.6559229903964,1720.5,718.6,1770.3,579,550,57.24647272727275,22.551659272379492,48.864999999999995,24.563,74.675,288
BR,2021-02-22,6541,1088.2569943433725,441.32980512334643,1735.5,705.5,1797.0,588,605,54.264628099173564,20.412517728100074,62.64,44.52,88.59599999999999,302
BR,2021-02-23,7280,1119.7958791208798,524.4948985392995,1502.5,644.3,1794.0,632,730,53.885726027397276,26.766790276915817,41.5,13.364,82.78999999999999,323
BR,2021-02-24,6830,1114.8512445095173,486.6946346920382,1719.5,678.3,1814.0,629,303,54.92221122112211,15.99133480635337,61.29,37.36,70.56,183
BR,2021-02-25,7724,1107.7343345416878,444.6788581033911,1798.0,869.1,1841.9,638,139,47.13410071942446,0.0,0.0,0.0,0.0,106
BR,2021-02-26,7022,1101.302762745658,410.3629089032867,871.0,640.6,1809.4,627,206,53.544611650485464,0.0,36.89,36.89,36.89,152
BR,2021-02-27,7500,1131.6095999999998,454.84796486666795,1740.0,823.8,1800.2,640,152,56.70532894736843,22.205000000000002,29.135,11.371,46.899,107
BR,2021-02-28,7568,1128.0229915433401,356.93957243441884,1689.0,893.2,1756.0,632,576,57.2901736111111,10.09039874066244,77.74,66.64,92.536,284
BR,2021-03-01,7814,1109.3654978244178,520.038222232284,1299.0,515.0,1770.8,674,732,52.18717213114756,24.872855152505107,30.32,3.894,68.014,340
BR,2021-03-02,7606,1113.6224033657645,526.3291102314677,1741.5,497.5,1781.0,680,734,54.376893732970046,23.95101394796894,38.0,15.624,76.56,370
BR,2021-03-03,7897,1127.431936178296,429.4902864750805,1708.0,835.0,1765.0,683,804,55.073930348258706,32.13981280069791,43.34,8.27,86.5,376
BR,2021-03-04,7561,1124.9074196534848,518.7149783112683,1169.0,495.0,1746.0,688,780,54.530974358974376,30.669219138266634,48.815,10.212,90.76700000000002,385
BR,2021-03-05,7307,1113.6525249760512,391.8791492119908,915.0,593.2,1695.2,676,812,54.39312807881774,27.92143438219433,52.0,16.986000000000004,81.918,355
BR,2021-03-06,7345,1153.28073519401,516.1814963791695,1679.0,566.0,1713.8,650,784,56.308048469387764,30.97531554059629,38.87,3.34,78.69600000000001,349
BR,2021-03-07,6846,1112.0011685655859,365.7526596404002,849.0,603.5,1645.0,649,806,54.36240694789082,32.44672864866349,80.69,28.278000000000006,96.164,369
BR,2021-03-08,6939,1118.617668251909,422.9748244853794,1148.5,470.3,1637.7,664,775,53.62815483870967,20.750738035067574,49.725,28.271,75.259,367
BR,2021-03-09,7615,1101.439658568614,433.22853591168337,1161.0,502.4,1719.0,697,812,53.770628078817744,24.44689477213824,53.72,24.266000000000002,77.206,367
BR,2021-03-10,7006,1091.8776762774755,303.2687124859977,836.0,491.0,1169.4,667,777,52.93643500643503,25.59240703722852,50.78,27.022,88.77000000000001,345
BR,2021-03-11,7258,1078.108432074951,450.1765942089115,1159.5,468.0,1607.0,669,766,53.46007832898173,26.21075420509681,63.839999999999996,18.108,88.699,337
BR,2021-03-12,6969,1073.1896972305929,363.9745144758472,871.0,564.1,1609.1,679,726,54.61209366391185,18.782195338362207,46.2,26.398,66.39800000000001,356
BR,2021-03-13,6888,1120.8671602787451,453.09274851594415,1129.0,541.8,1687.4,647,684,55.41366959064328,26.144543006141838,62.07,27.872999999999998,91.756,340
BR,2021-03-14,7145,1085.0675997200842,418.00886070340835,1340.5,817.6,1729.3,643,869,54.14306098964328,28.413650768600643,68.005,34.178,93.057,354
BR,2021-03-15,7814,1104.6409009470171,347.1668752774965,1290.0,793.8,1608.0,687,876,55.0545890410959,23.993520468864006,50.75,40.174,94.274,353
BR,2021-03-16,8264,1088.7248305905125,329.59389931976756,1108.5,809.0,1626.5,688,901,54.039522752497234,19.936412515796317,72.68,42.97,85.43,393
BR,2021-03-17,8156,1123.3401177047574,343.57002197514265,1216.5,853.2,1675.0,694,867,54.999273356401396,25.35901112030988,58.905,24.79,89.58999999999999,397
BR,2021-03-18,8196,1108.7436554416786,456.30063181768907,1015.0,324.6,1653.2,703,838,55.29591885441527,26.295487313629017,36.97,12.314,72.388,386
BR,2021-03-19,8318,1144.8939648954074,485.8232232038771,988.0,252.0,1650.0,688,865,54.819109826589596,24.05559521192523,49.69,18.079,87.339,381
BR,2021-03-20,7540,1120.714588859416,395.93907277218545,715.0,278.8,1435.2,699,872,54.603922018348634,23.527566044960963,42.71,27.166,77.938,373
BR,2021-03-21,7186,1106.9020317283603,528.0990375816191,829.0,130.6,1618.6,659,846,53.968274231678485,26.400502906554795,42.81,18.38,87.72,362
BR,2021-03-22,7622,1125.1899763841514,461.5057817184228,986.5,556.7,1683.6000000000004,687,811,55.264685573366236,23.206604548588235,63.71,27.694000000000006,85.272,354
BR,2021-03-23,7878,1147.9928915968521,459.210371979228,1646.0,567.0,1700.0,712,823,54.6885662211422,28.71722373226369,53.620000000000005,12.139000000000001,83.56099999999999,366
BR,2021-03-24,7797,1087.2330383480828,455.35774846311443,1240.0,541.6,1688.0,696,817,53.67112607099148,29.14120589474636,39.0,8.803,80.93599999999999,387
BR,2021-03-25,7909,1072.5979264129476,560.470140226879,1236.5,470.9,1781.1,751,904,53.60199115044247,26.819417653359036,56.97,20.073999999999998,88.27700000000002,407
BR,2021-03-26,8071,1091.3319291289808,552.8171722947042,1631.0,413.6,1822.3,707,868,52.31334101382488,26.27165678850923,47.04,10.81,72.85,380
BR,2021-03-27,7307,1114.5724647598188,498.8598183740314,1381.0,529.3000000000002,1828.8,680,808,53.60065594059406,32.30526288202192,71.91,8.472,94.042,351
BR,2021-03-28,7141,1123.6962610278679,591.8864369840842,1607.0,216.4,1815.0,693,810,54.12355555555557,33.67227399415579,60.12,6.925,94.475,355
BR,2021-03-29,8047,1115.4552006959118,495.699445284541,1392.0,397.2000000000003,1835.0,735,854,54.75115925058549,32.09230742717014,71.395,10.610000000000001,89.441,391
BR,2021-03-30,7935,1114.0898550724633,608.8515965300759,1258.0,237.8,1822.2,727,830,56.2179638554217,26.956171957671774,22.32,9.56,79.41,365
BR,2021-03-31,7474,1126.5519132994386,581.3514162155301,1030.5,454.90000000000003,1812.6,735,772,57.15664507772021,23.848478379133542,47.394999999999996,22.328,70.66099999999999,373
BR,2021-04-01,7409,1098.4215143744102,378.4571555125804,1396.0,592.7,1440.0,723,738,53.839674796747985,22.893211090836225,49.52,12.01,60.95,360
BR,2021-04-02,7485,1104.9150300601195,461.6027988111249,973.5,541.2,1585.6,699,825,54.3410060606061,25.876972106810847,43.644999999999996,8.602000000000002,77.393,383
BR,2021-04-03,7369,1074.5259872438596,403.9360992732675,1516.0,537.9,1600.0,691,871,56.350482204362805,19.896088026293008,42.135,20.243,61.479,381
BR,2021-04-04,7492,1112.2566737853713,502.33820430580187,913.5,514.6,1756.8000000000002,678,797,52.69257214554579,30.150095072634333,64.79,11.262,90.918,347
BR,2021-04-05,7533,1082.7594583831149,388.70283754504277,1535.0,704.8,1762.0,712,766,54.39527415143605,21.219230230042644,63.82,27.61,83.196,355
BR,2021-04-06,8056,1104.8340367428,482.6353248146428,1227.0,701.0,1777.8,735,828,54.90763285024156,26.764569978283774,45.93,17.213,82.25300000000001,400
BR,2021-04-07,7424,1104.449892241379,377.10795975315835,924.0,509.0,1316.6,703,835,55.77850299401198,25.89183498228737,43.78,21.014000000000003,83.315,367
BR,2021-04-08,7914,1125.3383876674247,379.1846308817773,1605.5,710.5,1750.8000000000002,721,819,54.484310134310135,29.429756810709463,44.195,23.807,97.088,393
BR,2021-04-09,7811,1110.2435027525278,398.6601259597525,1241.5,699.8,1753.9,705,816,54.01341911764709,25.69856100056966,60.010000000000005,22.3,89.42,362
BR,2021-04-10,7236,1087.870093974572,379.86322706840946,1531.0,544.8,1572.0,679,782,54.18575447570335,23.417746342250783,66.47999999999999,30.901,83.94099999999999,333
BR,2021-04-11,7146,1082.620067170446,421.82606100828724,1120.0,483.1,1516.9,657,794,54.04959697732999,18.228345922264268,49.42,39.932,80.066,317
BR,2021-04-12,6999,1093.3861980282898,450.7747986539775,1068.0,457.0,1720.0,681,768,53.70942708333334,25.30444868866935,40.885000000000005,25.612000000000002,82.713,345
BR,2021-04-13,8038,1109.7292858920132,341.04730636945646,1285.0,942.8,1735.6,755,854,53.91466042154567,14.949403363930617,58.834999999999994,42.677,75.477,398
BR,2021-04-14,8036,1108.3863862618211,430.4346223292487,1226.0,664.2,1729.2,727,832,55.698088942307734,21.353941998818133,67.015,43.087,91.271,384
BR,2021-04-15,7573,1106.1706061006198,380.37591824645693,1488.5,691.0,1654.0,723,746,55.900790884718525,27.85904133311123,36.775000000000006,10.77,85.863,364
BR,2021-04-16,7139,1088.5818742120755,521.9396352360923,1281.0,276.40000000000015,1680.7,716,696,54.23313218390806,20.759198288475567,71.44,30.096,79.622,350
BR,2021-04-17,7565,1110.5628552544617,389.3149886600928,1423.0,494.5,1522.9,703,761,54.14733245729305,31.918946787135692,61.07,12.926,91.039,364
BR,2021-04-18,7887,1093.2132623304171,435.4773986863032,1612.0,774.4,1676.7,691,773,54.40936610608019,19.31873414302523,55.72,49.616,85.024,345
BR,2021-04-19,8243,1116.3462331675362,547.6962110413814,911.0,496.6,1890.4,719,798,55.76665413533835,26.983224174497963,45.59,12.75,81.858,372
BR,2021-04-20,7776,1114.80066872428,438.56554860845756,1366.0,438.20000000000016,1742.8,713,829,56.96329312424607,17.085606808070935,44.125,28.688000000000002,67.99199999999999,377
BR,2021-04-21,8040,1105.7452736318405,465.5836456390911,1106.0,438.8,1655.2,733,155,54.39077419354839,31.68165518087715,30.39,21.637999999999998,79.44800000000002,106
BR,2021-04-22,6963,1081.0883239982759,500.5394079083804,837.0,526.0,1881.0,711,4,64.205,0.0,0.0,0.0,0.0,4
BR,2021-04-23,8067,1119.1000371885466,448.0755185904613,1059.5,572.5,1709.0,716,3,45.406666666666666,0.0,0.0,0.0,0.0,2
BR,2021-04-24,6859,1103.6359527627935,473.079107815266,873.0,292.0,1637.8,658,6,76.35,0.0,0.0,0.0,0.0,5
BR,2021-04-25,7141,1148.9249404845243,552.4625772422622,1832.0,413.0,1877.0,655,5,46.064,0.0,0.0,0.0,0.0,5
BR,2021-04-26,7626,1125.0525832677683,436.5756987184699,1367.0,695.8000000000003,1804.4,703,10,59.50500000000001,0.0,0.0,0.0,0.0,10
BR,2021-04-27,7849,1128.2822015543381,503.9322926350595,1337.0,535.5,1848.0,739,8,74.155,0.0,0.0,0.0,0.0,7
BR,2021-04-28,7739,1123.8422276779947,441.09837782701925,1351.0,615.1,1748.0,760,13,59.28153846153846,0.0,0.0,0.0,0.0,10
BR,2021-04-29,8299,1129.5822388239537,564.8735482658238,1437.0,228.5,1670.0,741,21,55.67666666666667,0.0,0.0,0.0,0.0,21
BR,2021-04-30,7257,1126.3759129116697,590.8503512734845,1069.0,269.4,1740.0,740,533,56.85981238273923,26.61020595443598,40.39,11.918999999999999,69.314,298
BR,2021-05-01,7488,1122.0404647435898,405.27167868553346,846.0,312.6,1658.0,693,645,55.77993798449612,34.547966011844395,73.27,15.894000000000002,75.702,339
BR,2021-05-02,7038,1155.5947712418294,388.0323337478903,829.0,343.8,1660.8,658,682,56.46546920821114,26.563846083539936,81.39500000000001,36.138000000000005,92.405,329
BR,2021-05-03,7872,1107.002540650406,512.1642222514165,1613.0,736.6,1755.3,711,783,55.915849297573466,19.993433508806692,69.06,25.42,78.14,392
BR,2021-05-04,8348,1146.6026593195975,457.36191685902503,1528.0,522.8,1723.4,741,790,57.27187341772153,26.490101347890075,23.89,7.1,65.97,386
BR,2021-05-05,7901,1078.902670548032,486.7553692484181,872.0,331.0,1708.4,713,672,56.44102678571427,23.142670501892898,42.615,20.142,80.543,355
BR,2021-05-06,7348,1094.3278443113772,483.39467283186127,1334.0,818.7,1784.0,706,677,56.89943870014772,30.351140926751924,66.39,15.63,86.772,346
BR,2021-05-07,7716,1105.4302747537588,525.0877347946443,874.0,303.0,1809.5,727,670,55.929179104477626,26.43184419699695,35.91,16.434,82.13000000000001,353
BR,2021-05-08,7852,1132.416709118696,449.3844205555156,927.0,330.0,1712.5,678,709,58.09025387870243,26.74207217101921,46.76,21.684,75.10600000000001,323
BR,2021-05-09,6999,1125.9372767538223,389.67162427031434,935.0,591.8000000000002,1701.4,663,712,56.94848314606744,25.553039325097906,42.83,15.313,68.086,321
BR,2021-05-10,7737,1097.1872818922068,426.93330282754624,1501.0,752.0,1839.8,696,710,58.494577464788726,29.814232574393056,63.45,8.472,72.23,361
BR,2021-05-11,7818,1104.824635456639,491.82591364908393,1462.0,366.20000000000005,1863.0,716,745,56.056214765100684,30.5935717603854,67.52,15.37,90.26,372
BR,2021-05-12,8139,1114.6866936970146,520.4482305437558,1789.0,813.0,1854.0,729,723,56.836846473029034,28.48814146272094,76.44,22.458000000000002,91.086,362
BR,2021-05-13,7646,1090.528642427413,512.3686197536271,1771.0,549.8,1801.0,725,721,55.88489597780861,33.92837525173026,68.26,10.639999999999999,89.155,372
BR,2021-05-14,8084,1092.8552696684803,559.245631049965,1732.0,374.6,1819.0,691,651,56.528064516129035,25.887653307126932,46.894999999999996,18.999,79.494,320
BR,2021-05-15,6935,1138.522999279019,523.9437076304307,1146.0,370.3,1786.6,658,688,54.852456395348824,25.82423414910411,60.25,29.088,92.14999999999999,322
BR,2021-05-16,7483,1130.339970600027,252.50860902776384,1355.0,861.9,1417.7,654,764,55.90609947643982,29.763285872656937,62.425,14.471,85.938,328
BR,2021-05-17,8151,1114.2378849220954,567.5828579067282,1692.0,383.8,1716.6,698,736,54.6551222826087,16.9071410578489,28.29,20.873,52.43000000000001,339
BR,2021-05-18,7661,1088.5200365487538,431.0174638503642,1698.0,817.6,1726.2,722,676,56.047825443787,19.716842064590363,51.14,32.135000000000005,85.94,347
BR,2021-05-19,7852,1094.4178553234847,552.1271430647203,1201.5,390.5,1707.0,703,727,56.45097661623111,28.557386057507085,49.8,17.084,82.535,373
BR,2021-05-20,7133,1067.7355951212671,501.5127128360957,1152.0,362.0,1733.2,692,716,53.74969273743019,24.53804554847111,66.08,27.1,91.19,357
BR,2021-05-21,7457,1089.9179294622509,392.4978895688131,846.5,375.2,1604.6,702,732,55.712500000000034,25.83716923133974,78.07,37.265,91.30000000000001,345
BR,2021-05-22,6661,1082.8830505930036,394.65193482341374,1268.0,808.2,1592.6,647,714,55.12393557422971,16.86947086372961,91.87,60.375,99.1,309
BR,2021-05-23,6994,1107.6711466971685,333.1283377213423,1261.0,808.8,1799.8,637,717,56.02319386331942,17.949411704999015,56.765,37.96,74.41,327
BR,2021-05-24,7362,1102.6210268948653,487.87675015909014,1584.0,358.4,1771.0,695,667,58.80487256371814,21.897802971987854,46.345,31.752,85.866,332
BR,2021-05-25,7645,1096.324133420536,550.0032281908972,1792.0,359.0,1833.0,691,749,56.478664886515396,30.533740171962044,57.53,23.148,92.482,353
BR,2021-05-26,7796,1110.0002565418163,597.5404159994824,1734.0,315.00000000000006,1782.0,700,707,54.278062234794916,22.16383909130605,49.75,14.202,67.926,356
BR,2021-05-27,7610,1090.3813403416561,414.7872386921404,1682.0,769.8000000000002,1737.2,722,664,55.2940060240964,35.44515323148295,69.87,11.25,93.43,329
BR,2021-05-28,7410,1127.2524966261815,539.6599610866086,1703.0,416.8,1760.8,708,724,58.72646408839779,31.979268631759272,83.04,36.664,96.352,321
BR,2021-05-29,7274,1124.2965356062693,423.1223106808697,854.0,425.0,1579.4,658,692,56.967413294797716,32.387220620240505,59.39,6.78,93.75,305
BR,2021-05-30,6926,1094.688131677736,555.7347830021633,1168.5,238.3,1834.8,641,687,56.63390101892286,31.371368404256064,50.0,23.776,85.03999999999999,305
BR,2021-05-31,7489,1096.8366938175993,531.7767935265567,1746.0,435.6,1785.8,703,694,57.209668587896246,14.624811056471806,67.10499999999999,53.937000000000005,88.337,333
BR,2021-06-01,8021,1115.3796284752527,509.7577932228843,1704.5,613.7,1762.0,720,745,55.36261744966445,28.841622023345014,73.37,26.825000000000003,89.73,367
BR,2021-06-02,7338,1060.0512401199235,463.8902798464617,785.5,347.90000000000003,1624.5000000000007,716,650,56.66967692307691,18.76187927391307,52.285,31.83,76.99000000000001,333
BR,2021-06-03,7883,1096.1825447164786,558.628273781569,1297.0,406.90000000000003,1861.3,705,771,58.69354085603115,33.130074799166195,89.71,21.76,97.06,365
BR,2021-06-04,7929,1097.2152856602345,456.7601225606225,698.0,235.0,1567.0,704,764,54.883560209424104,21.419677674201044,63.004999999999995,27.33,77.44,342
BR,2021-06-05,7056,1082.4091553287976,514.0984539286839,744.0,257.2,1633.0,664,723,57.264716459197786,11.391178341155053,56.79,36.256,60.882,333
BR,2021-06-06,7390,1095.2012178619752,524.3345763508813,898.0,674.8,1829.4,670,811,58.08346485819974,32.90282460012615,80.01,18.47,93.07,339
BR,2021-06-07,7605,1089.5272846811304,358.33048570740067,1381.0,722.0,1856.4,726,725,57.37641379310346,26.011336470854395,58.625,26.291,81.439,347
BR,2021-06-08,7774,1117.7801646514024,462.0941845336432,1295.5,739.0,1848.7,741,795,57.86937106918241,27.314381742957316,48.94,28.411,84.141,365
BR,2021-06-09,7693,1073.1891329780321,579.2590670733555,1124.0,396.7,1855.3,708,840,56.76152380952379,31.177536117104143,46.36,13.487,86.28099999999999,348
BR,2021-06-10,7421,1074.8874814714995,563.9806767888598,1791.5,406.4,1824.0,713,756,53.99153439153439,26.878627656399388,72.64,21.982,86.828,354
BR,2021-06-11,7648,1067.7494769874486,494.42057781669547,927.0,460.0,1760.1,722,829,57.59862484921596,30.211409589553337,61.375,9.26,87.106,358
BR,2021-06-12,7139,1085.4426390250735,421.76310338587183,1543.0,643.6,1601.4,679,712,57.818553370786546,28.665920084754923,46.885000000000005,11.057,89.471,344
BR,2021-06-13,7268,1106.5083929554207,368.8527903546087,892.0,524.0,1580.2,636,672,57.57349702380956,19.783785027137757,50.385000000000005,42.143,78.96900000000001,304
BR,2021-06-14,7357,1083.47329074351,465.4290098641688,1690.0,544.1,1730.0,702,786,55.88496183206105,26.87284370746088,70.75,21.08,94.69,352
BR,2021-06-15,8363,1091.315915341385,460.6531505561635,1605.0,596.0,1799.0,737,831,57.93525872442844,26.118382136278402,77.815,33.025000000000006,93.57300000000001,371
BR,2021-06-16,7834,1075.9979576206285,332.3599868828243,1242.0,521.0,1380.6,723,735,58.27039455782314,25.367157285553304,84.99000000000001,45.684000000000005,94.805,343
BR,2021-06-17,7365,1109.8393754243043,469.24143385109375,1566.5,617.3,1705.3,719,718,59.36849582172706,29.126351354226927,74.08,14.84,91.208,358
BR,2021-06-18,6840,1112.9087719298252,397.3976911419151,1241.0,536.0,1671.0,710,711,58.34552742616034,25.569885632119465,58.43,16.27,82.35,366
BR,2021-06-19,7036,1137.8483513359854,409.9270947872262,1481.0,808.7,1662.9,703,725,59.30434482758622,24.27739579826391,65.37,27.916,90.988,350
BR,2021-06-20,6954,1124.811763014092,400.7106239323228,867.0,554.7,1603.0,663,764,60.10854712041885,29.069385576199885,44.09,7.54,81.88,344
BR,2021-06-21,7245,1088.8436162870948,519.2083729667921,767.5,556.7,1866.5,716,787,58.310038119440954,30.764847725213194,41.405,15.864999999999998,89.59,369
BR,2021-06-22,7435,1101.8228648285128,467.6639503841288,873.0,517.1,1709.1,723,789,57.77205323193917,23.32428170033827,78.96000000000001,42.134,95.44500000000001,359
BR,2021-06-23,7113,1079.8506959088995,558.3913069628297,883.5,458.1,1752.3,719,681,56.870132158590316,36.8420321888257,56.99,6.954000000000001,93.634,353
BR,2021-06-24,7211,1121.4806545555407,530.4249037810831,1616.0,411.0,1775.0,720,697,58.08677187948356,35.194143797496885,45.75,7.5760000000000005,92.653,357
BR,2021-06-25,7265,1122.9816930488641,596.8266240472166,1121.5,424.6,1784.1,714,797,57.2978293601004,25.64728336491021,35.63,19.79,76.808,362
BR,2021-06-26,6988,1114.446622781911,523.2566932926742,1617.0,348.0,1731.8,654,681,56.60212922173273,27.17281557315766,55.42,13.466,83.668,333
BR,2021-06-27,7287,1091.518869219157,558.2610879238632,1154.0,336.6,1876.6,666,737,58.10489823609228,31.598732789289016,37.795,13.065,87.91499999999999,329
BR,2021-06-28,7706,1126.7932779652208,368.82655123106815,1718.0,856.6,1784.0,717,708,58.85018361581918,28.22448158846323,69.405,32.341,92.651,331
BR,2021-06-29,7559,1096.6805132954091,537.7729722242796,1625.0,466.0,1784.0,690,805,58.32550310559006,24.2404789298809,55.585,13.059999999999999,78.60499999999999,398
BR,2021-06-30,6633,1077.2544851500086,612.1351029986592,854.0,371.0,1777.4,695,766,55.72843342036552,21.69506903441801,67.51,46.822,89.018,352
BR,2021-07-01,7210,1111.4595006934812,542.2856575412999,1205.0,422.0,1755.0,714,760,59.87246052631577,28.7988934115253,51.02,11.67,81.60000000000001,342
BR,2021-07-02,6949,1107.0153978989786,471.69187145010517,681.0,378.6,1678.0,675,713,56.32826086956522,32.200805042858214,60.074999999999996,8.294,83.789,332
BR,2021-07-03,6238,1107.23901891632,447.8491721406759,1109.5,759.0,1718.0,623,702,58.07968660968661,26.122528993189,65.61,15.272,84.567,293
BR,2021-07-04,6920,1114.858959537572,554.7298477434088,1087.0,365.0,1894.0,654,699,56.53791130185982,27.184464313280113,56.99,11.649,73.737,302
BR,2021-07-05,7260,1127.5699724517908,437.6854734099225,1678.0,709.1,1718.9,688,725,58.46680000000001,18.902860191978885,77.165,53.414,89.235,338
BR,2021-07-06,7264,1095.596778634361,522.7514014153008,757.0,415.90000000000003,1687.0,688,706,57.92376770538244,27.361865421400697,42.02,12.27,78.76,357
BR,2021-07-07,7260,1084.4190082644623,488.9601296237537,837.5,467.0,1676.7,677,695,58.15273381294964,29.666426590788898,84.63,39.214,93.35,324
BR,2021-07-08,6887,1117.1523159576004,513.3337472772952,1147.5,480.4,1719.0,684,722,57.356842105263134,20.404095177194208,59.214999999999996,34.645,77.8,343
BR,2021-07-09,7074,1117.222929035906,453.741177684515,1711.0,837.2,1739.0,668,684,56.13299707602341,17.879132417430103,54.09,53.102,90.398,361
BR,2021-07-10,6782,1120.0625184311418,380.34704218647477,1691.5,883.0,1749.0,644,731,58.29417236662107,16.947972510663988,67.61000000000001,39.273,85.98100000000001,344
BR,2021-07-11,6671,1099.6846050067456,299.8435742320726,1576.0,900.0,1683.7,647,713,55.98014025245445,29.82802467479199,54.75,20.628,88.014,308
BR,2021-07-12,6827,1118.4407499633808,402.8321799027483,1656.0,739.0,1810.0,673,652,58.103726993865024,29.33123969801178,83.73,37.458,90.122,333
BR,2021-07-13,7690,1096.3638491547474,417.0763892424962,1534.5,726.2,1635.7,693,772,57.885854922279805,26.959971368648503,67.73,23.27,89.05,362
BR,2021-07-14,7390,1064.4975642760485,343.8567886416864,1636.0,930.0,1750.4,699,739,57.94129905277407,35.30670663391494,83.495,19.835,99.02000000000001,335
BR,2021-07-15,6826,1083.27805449751,485.12083323591264,1626.0,854.2,1827.1,697,704,59.04281250000003,17.350069279400586,80.89,56.978,96.012,357
BR,2021-07-16,6489,1102.0611804592386,407.382135078366,1112.0,700.1,1640.0,703,671,63.0754694485842,19.111882284182386,75.34,56.580000000000005,96.202,352
BR,2021-07-17,6735,1085.5003711952488,442.61134397353504,1166.0,415.0,1644.2,650,738,61.45326558265587,20.8489081591476,56.73,25.384,75.802,340
BR,2021-07-18,6203,1098.1674995969702,341.26996794386724,897.5,405.0,1616.6,629,699,63.144778254649516,34.52704157613276,39.64,15.016,81.904,305
BR,2021-07-19,6752,1105.0522808056871,367.94858119036144,1623.5,898.7,1824.5,680,762,64.293031496063,21.740051676883848,60.34,37.812,80.66,340
BR,2021-07-20,7037,1131.990194685235,422.35188004426243,1593.0,895.0,1855.7,669,737,61.14865671641797,13.342201268676677,75.36,58.284000000000006,88.396,352
BR,2021-07-21,6786,1122.1231948128498,374.1417274989951,1571.0,892.4,1833.6,698,701,59.27052781740374,28.27937509131974,66.005,28.745,87.85,349
BR,2021-07-22,6904,1121.7854866743921,393.69677616242393,1577.0,926.0,1848.0,711,760,59.59911842105265,21.50527170512177,66.72,38.998,95.264,356
BR,2021-07-23,7120,1149.1640449438203,406.86726880239047,1610.0,944.8,1884.2,673,712,61.42178370786515,27.509016956061675,50.36,20.22,79.235,347
BR,2021-07-24,6386,1119.7627622925152,461.7192145172949,1000.0,394.5,1593.5,656,662,62.410332326284006,8.810627421220099,71.275,64.27,83.265,326
BR,2021-07-25,6392,1125.3116395494376,491.34969194890283,1631.5,479.0,1748.0,644,615,62.92619512195123,17.39285629216777,49.525000000000006,26.36,63.044,288
BR,2021-07-26,6781,1130.6706975372351,535.4961776552424,1642.0,507.5,1837.5,681,698,63.58401146131804,23.067404715974845,80.78,48.29,99.33,329
BR,2021-07-27,6833,1131.7384750475624,399.2729404161594,1641.0,902.2,1773.5,701,713,61.9084151472651,22.459081293418453,63.32,27.994,84.524,340
BR,2021-07-28,7972,1104.8312844957347,392.5633792221261,1609.0,908.0,1763.0,716,858,61.85142191142195,22.897614259470572,58.38,31.572,87.902,371
BR,2021-07-29,6679,1107.6661176822874,449.39137526891847,918.0,489.0,1723.0,683,686,62.398935860058316,20.332749696095746,55.56,33.136,79.18400000000001,346
BR,2021-07-30,6810,1096.7587371512473,427.1437812511097,1597.0,849.6,1806.6000000000001,667,736,61.291847826087,24.66979061017746,65.685,31.472,81.985,353
BR,2021-07-31,5889,1108.5303107488537,379.37719632764646,1122.0,847.7,1769.3,638,638,60.44843260188091,17.621033418900264,75.895,58.411,90.988,314
BR,2021-08-01,5953,1093.4592642365187,374.7399477002243,1604.0,888.4,1799.4,624,607,61.63817133443167,13.385660237732019,80.455,60.335,92.46000000000001,297
BR,2021-08-02,6908,1087.4580196873196,445.3257915445341,1115.0,842.2,1840.4,678,688,61.585988372093,12.434839122401222,83.53,63.176,88.2,342
BR,2021-08-03,6992,1113.6773455377568,362.56051751139626,1661.5,879.0,1809.1,698,755,62.652013245033125,21.014383995108627,67.55,43.83,94.952,334
BR,2021-08-04,7295,1056.380397532556,455.43778636183134,1077.5,855.4,1857.8,678,799,60.73858573216521,27.295703407126112,43.94,18.774,83.438,374
BR,2021-08-05,6874,1088.501018329939,341.1694973368961,1578.0,1089.0,1637.8,696,771,61.86792477302204,22.89206904148247,70.94,42.449,91.325,329
BR,2021-08-06,6990,1127.9412017167385,338.3602969501801,1504.0,851.0,1816.0,705,734,62.2151498637602,20.86422449494613,63.06,27.888,81.621,349
BR,2021-08-07,6343,1112.964685480057,228.63133383203615,1464.0,1170.0,1517.0,653,677,60.91966026587885,20.48199263309657,76.84,50.954,95.587,319
BR,2021-08-08,6189,1102.3372111811273,367.9393700550489,1538.0,685.1,1585.8,631,648,62.25169753086423,13.61380417076726,69.43,45.122,74.93,292
BR,2021-08-09,7079,1106.1488910863118,394.1542697344607,1580.0,826.8,1821.0,722,779,62.53862644415917,9.060485293294175,82.495,68.949,91.202,340
BR,2021-08-10,8077,1097.4886715364623,489.74014815002386,1646.0,523.0,1808.0,735,826,60.37458837772402,23.145866607236808,75.66,38.567,84.37899999999999,375
BR,2021-08-11,7223,1091.731828879967,313.7552692690321,1679.5,1061.2,1718.2,722,756,60.381997354497365,18.15154257795143,84.72,64.12,95.834,330
BR,2021-08-12,6758,1089.8459603432966,554.4828536629851,1716.5,529.5,1818.5,704,709,62.18225669957688,28.005022565405813,63.5,12.476,90.026,345
BR,2021-08-13,6816,1103.3258509389666,508.7719798691748,1797.5,646.5,1814.0,717,774,62.0926485788114,0.0,14.15,14.15,14.15,338
BR,2021-08-14,6846,1120.0619339760447,438.5686790065797,1696.0,661.6,1908.9,662,781,61.663008962868155,23.155270638308963,59.03,30.981,83.10600000000001,350
BR,2021-08-15,6445,1122.0218774243579,338.9930356260256,1623.5,886.8,1670.0,618,680,60.327735294117645,21.62800293857736,73.32,47.282000000000004,83.242,323
BR,2021-08-16,7168,1125.8080357142853,360.6988859798742,1468.0,853.6,1807.0,691,738,62.560609756097584,25.892592298522374,47.485,23.876,90.27900000000001,344
BR,2021-08-17,7303,1093.8522524989737,374.4099876771052,1534.0,1077.2,1843.0,722,800,61.0019,22.60631878434859,63.45,28.576,77.39000000000001,358
BR,2021-08-18,7247,1087.591831102525,427.5223183324481,1663.0,654.4,1796.8,746,766,61.49309399477808,16.780862777448466,42.53,40.922000000000004,70.17,374
BR,2021-08-19,7350,1089.3304761904765,424.0950088353351,1652.0,473.2,1767.2,743,760,61.116657894736846,17.74458117109277,76.755,53.568000000000005,95.164,355
BR,2021-08-20,7529,1099.2477088590779,359.0962249241793,1599.5,874.5,1796.0,752,737,60.0189416553596,28.292220228249796,66.32,11.888000000000002,86.7,355
BR,2021-08-21,6595,1101.8949203942375,306.1576924622483,1638.0,876.7,1683.0,665,697,60.76337159253948,20.086080777493653,79.38,63.638,92.846,326
BR,2021-08-22,6577,1119.7185646951496,413.72410142308354,1112.5,495.0,1650.0,648,685,60.94110948905113,27.260112343862414,47.735,21.254,77.464,323
BR,2021-08-23,7095,1099.8711768851306,496.5748932721,1610.0,521.0,1866.4,720,759,62.16540184453232,16.599386253714325,44.28,40.199999999999996,75.778,367
BR,2021-08-24,8517,1102.8316308559347,297.4771128222493,1115.5,912.5,1584.0,765,927,60.87103559870551,25.642297556966305,72.07,38.376,85.374,392
BR,2021-08-25,7347,1110.7205662175038,340.8816803525821,1020.5,674.0,1554.0,732,813,61.0165928659287,32.38480940194029,71.41,11.194,80.77,370
BR,2021-08-26,7625,1109.0512786885242,319.87167090429784,1082.5,921.4,1551.9,754,781,60.57012804097311,20.46784524293871,54.74,33.388000000000005,73.468,373
BR,2021-08-27,7539,1105.2943361188488,271.8978668544496,1061.5,924.3,1536.1,736,769,60.49243172951885,21.43898992230951,54.43,41.654,82.702,355
BR,2021-08-28,7276,1091.7531610775143,268.1810254700084,1520.0,975.2,1615.0,694,745,61.369221476510106,0.0,10.26,10.26,10.26,338
BR,2021-08-29,6807,1089.753342147789,322.2748489330926,1205.0,954.9,1616.9,659,747,62.255957161981286,6.618390203734507,78.58,67.964,79.724,317
BR,2021-08-30,7598,1083.1280600157934,466.3816476029588,1169.0,526.0,1676.0,718,864,61.95494212962966,10.593464442234602,71.12,61.736000000000004,82.464,325
BR,2021-08-31,7694,1081.5283337665717,328.9363585736234,1163.0,519.0,1685.0,727,890,60.13682022471909,20.716798739187478,74.705,51.531,94.169,364
BR,2021-09-01,6843,1060.8657021774081,361.9672545803415,1668.0,926.8,1706.4,724,791,62.38955752212391,0.0,76.28,76.28,76.28,351
BR,2021-09-02,7174,1081.6529132980202,409.5877995687317,1192.5,630.5,1697.1,731,756,59.381507936507965,16.15339650816509,70.64500000000001,52.843,85.906,332
BR,2021-09-03,6422,1109.9033011522888,410.8756425620697,913.0,466.6,1665.4,699,626,61.30487220447283,22.8474475233741,45.864999999999995,27.660000000000004,77.15,290
BR,2021-09-04,6375,1107.7614117647058,476.31349206652686,562.0,458.3,1652.5,672,689,63.34818577648767,31.206081538700115,59.265,19.933,86.501,327
BR,2021-09-05,6154,1112.854728631784,375.95728548100504,1557.0,683.6,1631.0,641,700,63.1131285714286,0.0,69.79,69.79,69.79,308
BR,2021-09-06,7316,1101.562465828321,631.5838954882283,953.0,356.1,1842.0,711,931,61.55413533834588,27.621354454494558,41.675,13.148,86.706,363
BR,2021-09-07,7072,1107.0130090497746,439.66633655534736,499.0,326.9,1250.8000000000002,700,878,63.144806378132124,25.15711590901022,48.879999999999995,24.085,91.225,364
BR,2021-09-08,7101,1104.8252358822695,592.3678650387618,1641.0,353.0,1875.0,728,783,60.608735632183915,28.044617693817887,50.26,11.788,84.99199999999999,349
BR,2021-09-09,7233,1078.8851099128995,654.1205151670498,1649.5,333.5,1878.5,736,847,59.336127508854794,26.556623792668116,46.64,8.764000000000001,81.55,371
BR,2021-09-10,7483,1098.8904182814374,611.7178509301901,1227.0,388.0,1830.4,752,836,62.00897129186604,25.566280474903436,58.599999999999994,13.884,85.165,374
BR,2021-09-11,6954,1115.8022720736262,503.11335228225727,531.0,400.0,1696.0,708,767,62.10801825293348,28.77256155459048,34.45,8.154000000000002,84.884,355
BR,2021-09-12,6683,1122.4634146341457,520.5667112038662,1051.0,375.6,1705.0,676,615,61.602032520325224,31.218163102258664,37.59,8.341999999999999,88.36999999999999,288
BR,2021-09-13,7863,1127.5523337148668,671.809576207182,356.0,306.9,1807.0,733,860,62.573569767441874,23.58697042243191,40.935,8.118,72.64800000000001,371
BR,2021-09-14,7782,1102.2507067591876,676.0773654566763,973.0,327.9,1851.1,744,837,60.18554360812424,25.73816135960396,46.235,9.059000000000001,78.406,383
BR,2021-09-15,7345,1108.5542545949622,601.0099014988115,1183.0,334.6,1823.4,766,800,61.25866250000002,25.350501206459118,66.98,17.598,81.72,373
BR,2021-09-16,7240,1129.7628453038676,575.5712841725643,1732.5,342.2,1769.0,749,744,61.10451612903224,20.480574186286866,48.91,20.226000000000003,70.77200000000002,350
BR,2021-09-17,7284,1136.855573860516,327.5809429160001,1719.0,1045.6,1793.8,739,716,61.49384078212288,16.631250657647488,67.215,55.425000000000004,92.821,345
BR,2021-09-18,6696,1158.1318697729987,447.11510161296127,1719.0,695.0,1752.0,706,658,62.73449848024319,25.711021935730052,42.95,26.438,83.384,312
BR,2021-09-19,7429,1148.8512585812364,563.4835187559894,1136.0,328.6,1742.0,688,622,62.51943729903539,27.893769573150202,53.425,6.355,85.484,293
BR,2021-09-20,7501,1129.7457672310359,490.83494586851066,1670.5,344.5,1742.5,733,720,62.35181944444447,27.964349707179935,42.96,8.27,84.27,347
BR,2021-09-21,7716,1121.3732503888025,460.5610336519799,1721.0,893.2,1797.0,756,807,61.93978934324659,21.257799679699264,68.50999999999999,44.185,86.42,378
BR,2021-09-22,7422,1126.1451091350036,515.4406515481346,1686.0,377.6,1831.0,754,748,62.90147058823528,27.804076248912914,63.72,22.156,91.728,369
BR,2021-09-23,6814,1123.3203698268273,470.1406402259886,1659.5,598.7,1908.3,727,675,63.50625185185183,17.232226321633547,68.12,45.282000000000004,79.43,347
BR,2021-09-24,6928,1136.8777424942257,561.3522016467281,1001.0,416.8,1682.6,754,729,61.55659807956101,24.674715638416885,50.93,17.066,70.622,349
BR,2021-09-25,6942,1137.8049553442809,528.217888159377,1072.5,436.0,1721.0,698,660,64.00992424242422,30.626366066471224,54.665000000000006,13.25,89.41499999999999,316
BR,2021-09-26,6679,1117.8907022009287,343.44186433259006,449.0,418.0,1087.2000000000005,657,675,63.051955555555566,30.276948349537214,54.83,12.27,82.57,310
BR,2021-09-27,7232,1113.223036504425,605.690250106241,925.0,397.6,1823.0,739,751,61.563928095872136,27.716429381124993,39.45,19.066,87.49,355
BR,2021-09-28,7457,1117.9759957087301,472.2156486466706,1601.0,434.3,1847.5,749,750,60.12952000000002,28.233717054228354,61.37,13.658000000000001,82.44600000000001,366
BR,2021-09-29,7311,1115.9685405553278,577.9090114611532,1027.0,358.2,1879.9,750,765,63.3012941176471,31.4805150259264,32.02,10.432,83.76,363
BR,2021-09-30,7265,1107.8177563661382,526.0101599589367,1624.5,368.0,1771.0,746,753,59.958738379814086,26.92012371447184,59.93,11.926,80.053,352
BR,2021-10-01,7545,1138.4515573227302,517.5384952906404,1590.0,404.4,1711.3000000000015,732,732,60.61422131147545,29.38453811105425,55.61,12.588000000000001,85.002,338
BR,2021-10-02,7208,1109.843368479467,518.3203060417105,1047.5,421.0,1621.0,683,782,62.26891304347825,26.183839139797,71.48,25.874000000000002,87.062,315
BR,2021-10-03,7054,1125.2578678763819,474.67198774565713,1551.5,419.7,1615.2,675,749,62.580066755674245,22.859831275350658,78.355,33.15,86.83800000000001,324
BR,2021-10-04,7635,1087.335952848723,407.8099069259851,920.0,453.0,1595.0,729,826,61.84634382566586,7.948454776453932,65.33,58.43,76.97,375
BR,2021-10-05,7851,1114.9337663991844,451.29358631517886,1509.0,460.4,1567.0,738,887,62.98933483652766,28.71591089928213,58.37,12.643,87.26299999999999,372
BR,2021-10-06,7479,1105.7911485492718,327.44719058197376,1535.0,945.2,1581.2,749,828,63.159661835748835,26.99448997274979,64.83,14.234,86.684,353
BR,2021-10-07,7728,1127.843297101449,388.08263882058384,1428.0,446.2,1495.8,733,818,63.59643031784842,26.37190929758405,52.57,20.414,87.093,348
BR,2021-10-08,7077,1165.0115868305784,307.20804046965424,1440.0,687.8,1511.0,720,782,66.07457800511504,23.039433034608578,66.74,22.722,81.828,337
BR,2021-10-09,7162,1111.6418598156924,388.90452035224945,1459.0,478.0,1531.1,693,661,65.45807866868385,20.08383689307962,60.07,37.858000000000004,92.35200000000002,324
BR,2021-10-10,6410,1131.9090483619345,375.4201034996152,938.0,662.0,1564.0,647,719,65.36680111265646,26.70742114094882,72.32,33.08,87.22,306
BR,2021-10-11,7682,1115.3410570164024,527.341727350945,1543.0,465.3,1650.7,711,803,64.98476961394773,26.170468419268897,54.37,15.556,80.39,343
BR,2021-10-12,8028,1133.674887892377,553.229913504208,1562.0,442.0,1688.0,692,744,65.12561827956985,24.41430427149675,66.17,27.07,87.437,348
BR,2021-10-13,7583,1126.6435447711992,518.9628500018155,1177.0,474.5,1646.5,715,866,65.58909930715933,12.12345685942018,74.69,56.676,87.096,345
BR,2021-10-14,7271,1128.4535827258974,519.1786932944516,986.5,487.0,1690.0,725,782,65.97474424552429,21.05677470548926,64.87,30.1,78.13,361
BR,2021-10-15,7298,1130.189915045218,344.722071379249,552.0,442.8,1151.8000000000002,756,824,64.70783980582522,20.688219856148244,48.80500000000001,28.48,70.82600000000001,378
BR,2021-10-16,7105,1123.8843068261788,506.11972860455234,902.0,343.6,1668.4,703,751,65.62564580559253,24.325917332431104,61.25,18.82,84.944,332
BR,2021-10-17,6615,1136.078306878307,544.5562646472138,1637.0,492.0,1735.5,667,733,66.06272851296045,32.15031081042765,73.04,11.590000000000002,86.676,305
BR,2021-10-18,7414,1118.555165902347,599.8913197886192,1710.0,476.0,1800.0,742,782,65.9421739130434,26.43713771080629,67.2,23.7,87.94,364
BR,2021-10-19,7913,1127.655377227348,557.0370239895875,1775.0,473.80000000000007,1825.0,767,849,64.5544169611307,20.483962281350788,53.51,35.02,84.15,375
BR,2021-10-20,6911,1102.3219505136728,623.4710648157669,1241.0,392.80000000000007,1839.0,723,755,64.52060927152318,23.38873713991416,55.004999999999995,23.648,68.94600000000001,339
BR,2021-10-21,6855,1122.7184536834427,535.3158731362626,1754.0,538.2000000000002,1825.8,735,698,64.64353868194846,19.194824791214742,58.19,45.536,87.138,344
BR,2021-10-22,6892,1089.6925420777711,563.0700167211079,1830.0,492.8,1870.2,714,737,65.17218453188603,11.954999999999998,43.845,34.281,53.409,335
BR,2021-10-23,6612,1121.6093466424688,337.02758024195884,838.5,474.0,1173.4,689,663,62.15206636500757,13.255831421177122,66.83,61.582,86.238,312
BR,2021-10-24,6837,1117.1469942957438,516.2300482213014,1036.0,500.6,1760.7,662,667,64.7468515742129,11.518772225382655,69.1,52.226,78.66799999999999,326
BR,2021-10-25,7835,1108.9133375877466,563.0281512819763,1160.0,495.4,1813.0,739,769,64.54026007802338,20.500898354299828,80.84,41.82,88.66,380
BR,2021-10-26,7843,1104.3543287007515,567.0563832019737,1784.0,528.8,1821.6,737,726,64.75133608815425,10.26703787207716,43.57,32.162,52.218,345
BR,2021-10-27,7591,1109.931761296271,591.3289768970083,967.5,365.60000000000014,1838.0,736,734,65.96010899182556,18.192911928672782,73.91,39.93,80.038,352
BR,2021-10-28,7022,1116.2853887781264,587.3353714628709,1036.5,464.6000000000001,1818.0,738,661,64.99240544629347,15.477813960634105,56.485,47.537,77.641,338
BR,2021-10-29,7547,1126.081091824567,513.5393777200886,1636.0,535.3,1836.3,731,702,66.1940598290598,10.318368997836346,75.08,60.794,84.212,333
BR,2021-10-30,6477,1117.6830322680248,407.4552757248044,1684.0,931.3,1721.2,659,699,69.73260371959944,15.440734883741772,71.015,48.677,83.106,315
BR,2021-10-31,6887,1117.6840423987219,408.52239594749216,1670.0,861.6,1720.4,670,698,69.84558739255013,19.29909011686414,77.09,52.55,91.76,290
BR,2021-11-01,7721,1113.087164875016,422.5288800122951,552.0,317.0,1636.7,720,797,70.02792973651191,25.563284414549933,73.5,22.432000000000002,90.35199999999999,342
BR,2021-11-02,7683,1113.7679291943252,399.57478833706386,1116.0,592.0,1672.0,724,879,69.21362912400454,13.443075485631876,73.19,57.835,90.37500000000001,355
BR,2021-11-03,6656,1127.7798978365377,552.7984588607369,1688.0,516.9,1867.7,717,741,68.98630229419705,18.30111782404199,68.9,51.566,92.706,342
BR,2021-11-04,6819,1108.1264114972867,547.0728356344099,1619.0,612.0,1901.0,722,781,68.56798975672213,10.3063437120086,83.56,63.538000000000004,87.342,347
BR,2021-11-05,7968,1136.2188755020086,562.0551952583819,1116.0,490.8,1940.4,748,778,69.08506426735218,17.433346717649417,71.53,54.036,91.976,351
BR,2021-11-06,6655,1164.3035311795647,362.83729127600924,1516.0,712.8000000000001,1553.2,694,661,70.26789712556733,22.704594738119027,63.32000000000001,29.355,90.532,301
BR,2021-11-07,6327,1122.329540066382,390.46953956815975,900.0,590.0,1566.4,680,649,69.6231278890601,19.460479610396725,67.86,25.622,73.68599999999999,326
BR,2021-11-08,7294,1108.1187277214144,528.8607711199163,1541.5,511.0,1900.7,746,793,71.58100882723834,13.126948843409881,65.85,54.36,90.185,355
BR,2021-11-09,7745,1137.5038089089735,587.1727891408665,1128.0,472.0,1871.4,770,848,69.56082547169811,23.917792409626774,66.08000000000001,23.562,78.803,363
BR,2021-11-10,7604,1120.933850604945,505.0847181267783,1627.0,530.5,1836.0,734,862,71.01669373549888,20.075427054699766,64.66,46.334,94.184,372
BR,2021-11-11,7157,1118.082017605142,458.9913611441341,1654.5,712.7,1804.0,751,734,69.28435967302454,19.234671656932438,61.214999999999996,41.948,82.74600000000001,336
BR,2021-11-12,7139,1144.613951533829,468.73410076842436,1677.5,552.5,1772.5,724,694,69.4574351585014,19.148737841891823,65.015,44.247,77.499,315
BR,2021-11-13,6724,1141.0169541939329,403.51181006501287,1041.0,616.7000000000002,1648.4,653,611,69.99343698854337,9.508155381040003,86.595,77.302,96.595,294
BR,2021-11-14,6038,1127.1498840675722,400.4449607715567,1216.5,772.5,1646.0,644,590,69.25762711864405,25.345171697880875,62.84,43.508,98.1,298
BR,2021-11-15,7630,1112.2103538663175,362.30058520919675,1624.0,800.0,1676.0,687,743,69.32829071332434,26.823928473948595,72.32,40.068000000000005,87.72800000000001,336
BR,2021-11-16,7646,1119.5814805126859,487.3580647805332,1278.0,537.0,1745.0,742,751,69.55482023968042,16.50657542007928,56.93,47.874,84.59,337
BR,2021-11-17,6928,1099.7702078521945,406.06119099022794,1554.0,770.3,1736.0,737,755,70.09908609271523,9.759736471852097,86.09,68.988,88.912,356
BR,2021-11-18,7476,1116.4699036918141,341.8473875337303,812.0,591.4,1520.8,736,727,69.47266850068776,3.9808753748390573,53.925,48.208999999999996,55.91,332
BR,2021-11-19,8004,1117.1637931034495,468.5808770275237,1405.5,557.1,1714.0,773,765,69.66597385620913,28.761824020525093,68.6,17.25,85.95,377
BR,2021-11-20,6920,1108.7842485549138,396.943377205653,1344.0,543.3,1518.0,707,723,70.57413554633467,19.84610468091704,84.14,47.02,95.474,351
BR,2021-11-21,6875,1138.1412363636357,398.6582845008943,1572.0,549.1,1710.0,672,729,70.61871056241426,19.286491943439973,65.6,40.79,80.03,333
BR,2021-11-22,7451,1109.629982552678,483.7229130372286,1144.0,621.0,1788.1,740,842,70.58682897862238,21.417163872308894,59.55,26.531000000000002,83.14200000000001,408
BR,2021-11-23,7212,1131.677897947865,408.67602522505524,1233.0,864.8000000000001,1789.2,740,814,71.33041769041768,13.211448574531865,67.70500000000001,56.82000000000001,82.179,372
BR,2021-11-24,7197,1123.8848131165764,444.6300322153683,1137.5,683.0,1810.9,762,812,71.65183497536945,11.063588432330624,68.02000000000001,58.553,77.598,388
BR,2021-11-25,7454,1106.3848940166356,423.8651822975381,1106.5,666.7,1807.3,770,763,72.14526867627784,6.9463329050947715,68.71,60.61,75.15,358
BR,2021-11-26,6874,1119.386092522549,477.47720778129013,1666.0,631.6,1854.6,742,668,71.13443113772456,13.030198039074463,76.72,61.684,85.748,353
BR,2021-11-27,6546,1119.9708218759558,335.2388924188755,922.5,565.9,1249.2,682,629,71.72782193958665,15.358564735801378,70.72,60.15,84.27,305
BR,2021-11-28,6563,1133.430900502819,347.0256336353267,1073.0,599.0,1656.2,644,652,72.96334355828219,11.06308788631126,70.61,59.586,82.994,292
BR,2021-11-29,7786,1133.6999743128695,423.3045485969756,1578.5,868.0,1855.0,747,818,71.80640586797068,8.317538958188756,66.56,63.589999999999996,83.27600000000001,359
BR,2021-11-30,7660,1160.1169712793726,426.3484516583306,1783.0,756.0,1856.8,773,837,72.5573357228196,7.168979285783995,66.84,65.64200000000001,80.818,367
BR,2021-12-01,6824,1159.6443434935525,358.11794824664486,1726.0,882.0,1765.0,755,808,71.96638613861384,10.68167443568657,80.28,66.534,89.18900000000001,362
BR,2021-12-02,6621,1138.6417459598251,391.32741107546207,1529.5,783.0000000000001,1731.7,720,738,71.95569105691055,11.164611530066058,82.23,63.304,89.08,346
BR,2021-12-03,6620,1145.8149546827785,288.863866437693,1652.0,1089.2,1671.1,732,695,71.66025899280574,9.067271695499148,63.41,58.024,78.072,315
BR,2021-12-04,7010,1134.7055634807423,339.5065716922461,928.0,721.7,1566.0,686,785,72.6415541401274,16.741640009392196,87.13,55.938,90.038,332
BR,2021-12-05,7012,1157.0539075869935,390.6408444786592,913.5,545.9,1575.5,662,653,72.90624808575805,19.5990923826136,68.93,37.77,72.79400000000001,271
BR,2021-12-06,8027,1141.6900460944312,357.35417122726767,1620.0,865.6,1706.0,744,825,72.85353939393941,8.035202396394284,79.81,70.45400000000001,88.20400000000001,366
BR,2021-12-07,7651,1147.619657561104,390.0074053190299,1648.0,1077.4,1792.0,776,871,71.99830080367393,7.70320671863348,77.19,70.19300000000001,88.97,379
BR,2021-12-08,7748,1139.345637583893,417.12943911264836,1604.5,730.4,1810.3,757,849,71.78471142520613,8.896654037402179,78.63,69.514,89.874,376
BR,2021-12-09,8107,1146.2089552238806,383.51089342012284,1816.0,1089.0,1857.1,774,925,72.50921081081083,5.8633053817791225,73.38499999999999,65.898,77.33,374
BR,2021-12-10,8028,1148.2218485301446,425.39390508110387,1793.5,893.2,1833.9,763,794,72.81905541561713,4.919975158022198,84.88,77.304,86.256,352
BR,2021-12-11,7145,1160.3483554933528,506.6499670932147,1149.0,534.8,1926.0,709,722,72.75353185595569,16.63921873165925,87.59,60.884,97.784,345
BR,2021-12-12,7338,1125.9542109566642,532.124580332541,1163.0,542.4,1920.6,712,710,71.77398591549293,18.23559804167387,73.0,47.698,88.451,358
BR,2021-12-13,8420,1147.3071258907362,311.392354604567,894.0,542.0,1446.2,769,881,73.2671396140749,9.34279829601389,75.03,64.152,83.437,371
BR,2021-12-14,8103,1161.5096877699616,413.2085505424913,1542.0,600.6000000000001,1635.7,798,956,72.80799163179917,8.801191245901817,73.46,67.406,87.912,394
BR,2021-12-15,8156,1149.6514222658168,493.523535363131,1643.0,891.0,1974.0,785,961,72.78155046826227,12.280645567540638,62.21,57.76,81.28,393
BR,2021-12-16,7880,1151.9623096446708,482.7580890052491,1313.5,615.4,1951.2,753,769,72.02993498049416,4.989876417975366,84.045,80.52000000000001,90.225,386
BR,2021-12-17,7712,1153.0124481327805,541.5606552671024,1104.5,594.3,1969.1,762,749,72.97168224299062,12.313691932154223,75.6,57.828,83.359,357
BR,2021-12-18,7210,1164.5202496532593,365.18941425552237,1649.0,924.1,1683.1,700,797,72.74430363864491,1.644999999999996,76.155,74.839,77.471,322
BR,2021-12-19,7055,1175.0948263642815,355.5942749339145,1658.0,845.6000000000001,1702.4,693,720,73.36323611111112,7.911853273552426,64.94,57.18,72.684,299
BR,2021-12-20,8472,1158.8801935788483,406.2398984467524,1272.0,577.0,1657.5,752,878,72.18746013667426,8.39860835032937,67.66,58.879999999999995,78.11,359
BR,2021-12-21,7977,1152.0585433120218,369.02535451768955,1375.5,826.0,1640.5,753,827,71.47727932285369,11.167087757315771,71.4,54.168,78.758,358
BR,2021-12-22,8516,1152.118013151714,499.64881541977536,1357.0,515.8,1668.2,752,816,71.79185049019608,14.65170160766319,62.65,54.668,86.72,346
BR,2021-12-23,8870,1139.9760992108231,462.9944595780818,1226.5,517.5,1695.1,748,884,72.39045248868779,16.954486603846192,60.45,43.03,78.672,354
BR,2021-12-24,9360,1153.8844017094016,308.50921259142393,894.0,667.4000000000001,1368.2,743,998,72.90757515030062,11.114110650679864,72.57,54.504999999999995,78.16499999999999,383
BR,2021-12-25,7107,1121.2577740256088,375.88209255031023,903.0,566.8,1673.7,655,686,71.25301749271138,7.636492977800737,67.25,60.401,76.717,311
BR,2021-12-26,8171,1141.7894994492715,466.57335251720133,1687.0,588.2,1892.2,700,794,73.07929471032752,14.293452487065538,80.41,54.519999999999996,85.49,325
BR,2021-12-27,8611,1158.4819417024735,523.4901886307381,1696.0,504.0,1879.6,754,874,73.08017162471396,9.211143010265097,72.905,63.335,82.27000000000001,377
BR,2021-12-28,8948,1171.9196468484577,466.4045832255214,1703.0,741.0,1860.3,760,1046,73.27819311663482,11.323293852650359,75.71,58.698,82.71400000000001,396
BR,2021-12-29,8133,1161.330505348581,509.3185795847272,894.5,480.0,1717.5,754,815,72.63770552147243,10.377441881311595,73.515,59.425,81.19999999999999,365
BR,2021-12-30,8685,1162.6609096142777,516.8501412793016,1663.0,479.7,1711.2,729,885,73.10301694915255,17.302990749835384,62.83,43.686,77.494,369
BR,2021-12-31,8709,1176.4279480996672,326.4113900518111,919.5,566.1,1255.1000000000008,712,918,73.57777777777778,0.0,0.0,0.0,0.0,366
BR,2022-01-01,6531,1147.5904149441126,346.9377946164605,931.5,676.8000000000001,1722.4,645,612,73.05782679738563,11.90791165570185,70.03,59.404,86.34,268
BR,2022-01-02,7739,1152.6425894818447,403.590977064251,1693.0,893.1,1815.9,677,783,73.4892975734355,12.305030447160851,75.215,64.359,93.612,327
BR,2022-01-03,8091,1147.1683351872452,395.8675932377916,1636.0,830.5,1812.5,748,866,73.22198614318705,8.653043819774565,76.53,68.71000000000001,83.73800000000001,343
BR,2022-01-04,8454,1137.4084457061747,503.54366880497986,1669.0,609.4,1833.8000000000002,753,936,73.12407051282052,12.099500334035836,73.19,55.905,87.378,361
BR,2022-01-05,8427,1139.7793995490686,512.4148541248088,1543.5,539.5,1805.0,753,924,72.78884199134201,21.899145875641924,73.1,47.97,90.66,346
BR,2022-01-06,8301,1133.9004939163954,459.3759000647106,1216.0,561.4,1794.0,759,814,72.2081081081081,22.398194367794474,77.74000000000001,36.632,85.611,360
BR,2022-01-07,8309,1128.3959561920801,484.03839532206183,1213.0,533.0,1764.0,775,882,71.27180272108843,13.254131277392998,68.39,52.928000000000004,85.14200000000001,366
BR,2022-01-08,7746,1109.354118254583,421.89404398472396,1477.0,778.4,1679.8,732,844,72.13844786729854,8.987164458270472,76.745,65.85300000000001,85.033,342
BR,2022-01-09,8208,1149.342958089669,417.4111148716088,1691.5,831.2,1805.6,749,856,73.01259345794394,4.12141729937112,63.56,61.629999999999995,70.865,350
BR,2022-01-10,8418,1128.0196008553091,489.0509075715003,1743.0,514.0,1788.7,782,910,72.52006593406595,8.559969470350541,70.89,58.502,78.474,372
BR,2022-01-11,8759,1117.7676675419564,568.6078708475286,1681.5,472.2,1836.0,775,835,72.71942514970056,9.673019177071861,71.935,57.195,79.31,366
BR,2022-01-12,8822,1119.4630469281349,450.5339879763031,1602.5,518.0,1785.9,782,945,72.25930158730162,8.441268006381241,73.53999999999999,67.15,85.104,398
BR,2022-01-13,8446,1144.3369642434286,427.35244413727315,1616.0,839.0,1803.0,784,917,72.80687022900766,11.202747496660047,75.71,63.51,86.13,357
BR,2022-01-14,8400,1153.7154761904765,476.87339577711816,845.5,372.5,1646.0,800,762,72.14443569553805,8.631933119976955,65.13,53.812,74.086,345
BR,2022-01-15,8514,1138.6791167488843,363.67975701263606,877.0,851.0,1654.0,742,769,72.20957087126136,7.781925773868572,63.69499999999999,57.902,74.241,357
BR,2022-01-16,7872,1153.7304369918695,338.1528316222289,1661.0,899.8,1906.4,731,720,72.37208333333336,1.865000000000002,83.60499999999999,82.113,85.097,323
BR,2022-01-17,8993,1139.0435894584675,502.61444442455087,1629.5,380.3,1759.7,789,824,72.97133495145631,4.760177400989266,76.83,72.158,81.486,364
BR,2022-01-18,9088,1144.9021786971828,449.2714391638731,1588.0,528.0,1771.0,784,840,71.92815476190476,11.17826144468002,63.17,45.37,72.1,380
BR,2022-01-19,9216,1130.2355685763891,547.8660751919452,1287.0,337.0,1787.0,811,889,71.87329583802025,11.196839933204187,63.04,48.998000000000005,74.93,399
BR,2022-01-20,9149,1115.2131380478734,457.4323433188702,1594.5,540.0,1723.0,799,872,72.44988532110095,13.06831069589503,70.06,51.021,84.506,403
BR,2022-01-21,8600,1114.4811627906972,502.67157452006217,1547.0,493.2,1736.0,803,861,72.84435540069684,17.219199293392116,70.09,48.791,89.678,376
BR,2022-01-22,7740,1105.595090439276,250.54029855086128,986.0,500.6,1265.0,714,810,73.37488888888886,8.564044371673937,74.63,65.766,85.084,344
BR,2022-01-23,8032,1132.9213147410353,363.13474187920747,983.5,526.3,1554.0,720,840,72.4117619047619,11.840456864074124,72.9,66.871,90.206,349
BR,2022-01-24,8667,1136.5421714549445,453.92674630904355,1274.0,530.6,1738.0,792,847,72.35853600944506,20.57022821944375,70.58500000000001,31.985000000000003,84.125,393
BR,2022-01-25,9139,1141.942772732246,507.75972677170955,1562.5,564.9,1801.3,797,871,72.66856486796783,14.123839932464183,72.52,48.634,80.09,387
BR,2022-01-26,8275,1139.7777643504533,495.06588095084135,1548.0,577.0,1884.6,789,873,72.34822451317298,13.174480777245076,69.53999999999999,45.489,76.953,358
BR,2022-01-27,8308,1108.0412855079437,322.25006991506297,925.5,553.4,1570.7,789,854,71.99166276346608,7.183451359722565,82.16,76.19000000000001,93.559,364
BR,2022-01-28,8621,1154.1857093144642,338.6221053981737,886.5,518.0,1388.7999999999997,778,921,72.750217155266,12.062047526541436,71.08,53.344,83.214,393
BR,2022-01-29,7681,1122.613071214685,369.5344474349193,1268.0,886.2,1602.0,760,830,71.81375903614459,12.463187571582337,75.7,56.032000000000004,87.29599999999999,368
BR,2022-01-30,7390,1174.2504736129908,363.28513526728955,1289.0,519.0,1551.5,750,762,73.38580052493434,6.123003837986709,69.61,65.81200000000001,79.4,318
BR,2022-01-31,8401,1126.1145101773593,550.7144840174211,942.0,304.6,1840.2,800,868,72.39896313364059,11.674865481023753,71.19,58.854,84.88000000000001,384
BR,2022-02-01,8501,1171.451829196565,511.72532722853856,1529.0,565.4000000000001,1869.4,805,838,73.3732816229117,7.493760670023552,74.005,63.635999999999996,81.68100000000001,390
BR,2022-02-02,8830,1119.2552661381644,401.3063606389584,1597.0,823.0,1665.1,804,883,72.03935447338624,8.79821291020075,78.36,67.82,89.47,393
BR,2022-02-03,8093,1117.7968614852339,447.9509976704059,1578.0,519.7,1699.9,838,831,72.48403128760536,9.642932385949827,75.935,63.024,88.386,401
BR,2022-02-04,7421,1141.6286214795855,469.2492533672422,1627.5,667.0,1816.1,785,748,72.89902406417113,13.075371849396866,67.50999999999999,51.546,81.02199999999999,360
BR,2022-02-05,7733,1149.2158282684604,433.41466923744525,853.5,644.6,1649.3,760,843,74.08161328588373,10.515587239902487,71.72,57.676,85.79599999999999,345
BR,2022-02-06,7630,1145.622935779816,265.17293593127715,916.5,849.1,1410.3,759,732,73.48017759562843,10.155000000000005,69.025,60.900999999999996,77.149,354
BR,2022-02-07,8044,1154.2000248632512,524.6353472375288,1615.0,491.6,1717.0,770,764,73.56437172774865,14.41112697035022,67.61500000000001,53.283,89.397,345
BR,2022-02-08,8477,1143.77751563053,543.6831944467663,1675.0,480.0,1839.0,804,856,72.701285046729,9.35885083164001,76.27,64.36,85.34,407
BR,2022-02-09,8167,1141.3097832741512,547.3631593109704,860.5,281.5,1640.0,809,777,72.48755469755471,13.057154180120826,73.55,57.68,88.3,383
BR,2022-02-10,7825,1128.7283067092646,524.6038290939173,934.5,482.9,1831.0,798,841,72.5000475624257,14.027696131225541,71.64,57.041,90.21400000000001,373
BR,2022-02-11,8347,1140.263447945369,514.7786991201017,947.0,516.0,1805.2,809,805,73.21658385093164,15.849064802127625,76.025,53.41,96.255,363
BR,2022-02-12,7264,1118.10861784141,235.42286835001556,975.0,641.9,1124.0,752,745,72.30092617449662,14.718215228606045,67.01,54.952,82.124,350
BR,2022-02-13,7159,1106.7985752200016,303.11245945510564,875.0,413.0,1003.2,714,665,73.23440601503754,12.771793938525757,74.55,50.137,79.861,316
BR,2022-02-14,8194,1124.5934830363676,462.2165344411035,1633.0,631.4,1777.1,818,747,72.6437483266399,13.572699595347848,70.86,51.593,88.881,364
BR,2022-02-15,8584,1135.2999767008387,437.72641823076196,1636.0,559.4,1798.6,807,818,72.49500000000002,10.885934973483609,69.58,59.236,87.984,372
BR,2022-02-16,7639,1123.3681110092946,407.42536383823,1613.0,838.6,1790.0,778,707,71.91742574257427,14.809448875633421,61.16,49.882,79.546,342
BR,2022-02-17,7882,1132.5532859680284,496.8974803250272,1239.0,544.4,1780.8,802,735,71.54995918367341,15.222987748796228,76.17500000000001,58.061,82.654,356
BR,2022-02-18,7958,1121.7077155064092,479.78933800864917,1570.5,617.2000000000002,1783.0,792,721,72.13418862690705,14.506561169175047,78.66,55.106,88.932,361
BR,2022-02-19,7067,1148.4976652044709,361.4548161243854,1204.0,881.5,1667.0,741,735,72.86843537414968,14.348275759963306,80.84,53.038000000000004,85.48,357
BR,2022-02-20,6938,1156.2019313923324,289.428874042055,932.0,731.6,1386.0,721,710,72.11002816901406,8.961911533447166,69.67,55.935,76.49000000000001,314
BR,2022-02-21,8297,1135.3454260576107,538.7132509997514,1647.0,538.8,1784.0,789,779,72.34182284980746,13.102036330280876,78.355,56.062000000000005,86.768,356
BR,2022-02-22,8003,1129.2332875171808,514.4241829463308,1635.0,579.8,1794.0,803,783,71.9423882503193,10.973868677453725,71.785,54.094,78.267,360
BR,2022-02-23,7495,1132.8010673782517,476.0372587864793,1536.0,563.8,1788.2,792,770,73.14392207792207,9.138811666204754,68.61,59.192,82.74600000000001,364
BR,2022-02-24,7350,1153.5722448979598,552.3811984118213,934.0,511.8,1800.0,762,694,72.13605187319885,10.115927313729904,68.465,53.53,76.31,333
BR,2022-02-25,6943,1141.063805271497,506.34085919455373,876.0,475.0,1791.0,776,673,72.47469539375923,14.831632039348108,68.52000000000001,49.623,86.86300000000001,345
BR,2022-02-26,6915,1132.4300795372383,476.61717449903773,896.0,355.6,1622.2,673,603,72.34998341625213,18.681383354122058,77.15,38.654,84.988,303
BR,2022-02-27,6801,1164.4206734303775,311.65321031172175,921.0,856.0,1631.8,680,684,73.07804093567248,9.129916295101262,73.1,64.658,86.392,290
BR,2022-02-28,7503,1134.90643742503,455.5639848316944,854.5,402.2,1644.9,704,700,71.76468571428569,16.097718644644345,62.17,40.16,80.56,313
BR,2022-03-01,7536,1142.0725849256896,456.0598553079636,907.5,320.0,1665.7,756,691,72.84903039073805,10.200138356179641,65.71,57.134,79.908,350
BR,2022-03-02,7997,1132.5587095160681,469.1350607809696,886.5,357.3,1672.9,779,820,72.03567073170736,12.791907139488863,67.78,51.799,86.027,368
BR,2022-03-03,7212,1148.532029950083,464.81022095812324,964.0,502.8,1775.8000000000002,794,721,73.58729542302362,15.67524675842457,75.025,52.514,90.803,351
BR,2022-03-04,8123,1134.4984611596703,472.56413716956524,1646.0,469.0,1742.0,776,693,71.94474747474746,12.893093758546343,83.45,69.05499999999999,98.35499999999999,349
BR,2022-03-05,7850,1163.9751592356686,418.1333638268182,925.0,641.2000000000003,1698.1,743,706,72.76133144475922,12.021902953246794,74.43,51.658,83.726,325
BR,2022-03-06,7327,1134.863654974751,423.0397693653003,939.0,774.4,1735.0,753,602,72.95823920265777,10.731607521708947,83.9,67.95400000000001,88.618,315
BR,2022-03-07,7851,1149.4991720799899,460.2294809448972,1701.0,726.4,1737.0,766,676,73.20633136094675,10.904863975920716,79.995,66.49,90.5,331
BR,2022-03-08,7849,1149.585552299656,326.8964695054811,910.0,460.2,1315.8,766,727,72.6661072902338,16.53270269294568,81.13499999999999,63.239,90.952,342
BR,2022-03-09,7494,1072.62129703763,282.95136737493357,915.0,465.0,1244.0,784,687,71.88954876273658,13.414563876623047,73.86500000000001,60.739999999999995,91.594,347
BR,2022-03-10,7738,1108.9104419746702,383.08133625421794,479.0,405.6,1341.6,772,712,71.96091292134832,14.80784401742686,68.57,46.746,85.674,335
BR,2022-03-11,7518,1097.3129821761106,506.285990519112,991.0,409.4,1689.0,800,731,71.98729138166895,10.948175451022479,81.37,65.328,89.41,351
BR,2022-03-12,7552,1087.4556408898302,512.5373828503629,799.0,415.4,1780.8,751,656,72.83115853658536,20.174759045674385,79.88,44.397000000000006,96.329,336
BR,2022-03-13,7333,1096.415109777717,410.72453053992876,779.0,421.0,1626.0,720,624,71.62190705128204,9.860564623482652,67.33,60.096,80.81400000000001,298
BR,2022-03-14,8521,1131.8102335406631,471.76616802810094,894.0,505.0,1691.5,818,790,72.22860759493672,12.424682048245742,77.41499999999999,63.91,97.862,370
BR,2022-03-15,7737,1114.9773814139849,562.0505332295564,998.0,402.0,1685.0,803,762,73.1993832020997,14.30248314104932,78.73,59.774,88.238,340
BR,2022-03-16,7576,1102.0352428722288,555.2125775601555,1161.0,442.3,1694.0,805,747,72.67465863453818,16.503779112675986,84.54,58.503,89.81500000000001,361
BR,2022-03-17,7689,1100.3774222915863,598.2087407671772,1101.0,423.3,1759.3,791,693,72.10251082251085,16.283550185160884,70.505,51.817,93.57400000000001,359
BR,2022-03-18,7876,1100.205688166582,581.4796087774704,878.0,304.00000000000006,1784.6000000000001,818,697,71.98321377331422,12.023158837738944,73.575,53.077,81.263,339
BR,2022-03-19,8063,1142.973707056926,615.4623315378043,913.0,412.0,1761.2,751,649,71.92976887519261,17.50586530280637,63.72,48.346000000000004,87.038,333
BR,2022-03-20,7781,1129.3342758000263,528.4078292406685,1109.0,476.1,1749.0,722,618,72.96826860841429,10.265656259465345,72.125,61.684,88.38600000000001,328
BR,2022-03-21,8116,1128.6956628881226,583.5560302606038,1334.5,449.9,1758.1,810,715,72.00418181818183,14.35954954952648,63.69,44.528,84.33000000000001,350
BR,2022-03-22,8238,1106.700776887594,536.8937820587014,771.0,422.6,1777.2,830,704,72.53617897727271,18.004377418345303,64.67,44.198,89.574,358
BR,2022-03-23,8271,1132.0073751662433,570.6290122363537,970.0,264.4,1773.0,808,815,72.28701840490794,11.34452866167456,69.755,62.272999999999996,84.14,362
BR,2022-03-24,7885,1132.1819911223845,567.2698538675082,1675.5,456.3,1780.7,802,703,72.13852062588903,11.251910323918334,81.435,64.592,86.185,355
BR,2022-03-25,7262,1131.0206554668146,533.5060457403989,1057.0,446.0,1692.6,770,653,72.50712098009193,20.299953171508353,84.87,50.652,95.982,334
BR,2022-03-26,7596,1141.5847814639285,383.6842551280103,861.5,475.1000000000001,1343.6000000000001,759,710,73.2213943661972,20.658086092375544,76.935,59.662,85.588,314
BR,2022-03-27,7626,1136.6193286126413,412.57863797948477,1349.0,562.4,1669.6,749,671,72.23128166915056,14.261164845481593,72.33500000000001,57.599000000000004,90.185,327
BR,2022-03-28,7990,1129.7884856070086,541.0412991309843,630.5,438.7,1658.0,796,736,71.95672554347826,14.843981932398563,72.615,48.78,83.09,344
BR,2022-03-29,7913,1090.1339567799823,461.1110645794037,530.0,402.4,1607.8,808,841,71.96338882282993,14.758058549822874,70.53,53.918000000000006,89.934,393
BR,2022-03-30,7509,1102.9207617525649,367.1572914418977,604.0,407.50000000000006,1316.6000000000001,824,727,72.27933975240715,16.205508246967543,68.92,44.238,84.05799999999999,362
BR,2022-03-31,7673,1126.669620748078,490.0171835425883,753.0,482.0,1722.5,824,704,72.67218749999998,12.895192215375005,72.96,55.758,91.872,362
BR,2022-04-01,7534,1112.3051499867277,571.2004719594222,852.5,331.0,1724.7,794,708,72.29155367231635,16.272938439132222,66.35,43.428,87.42,350
BR,2022-04-02,7286,1108.3022234422176,409.5022987914546,592.0,483.7,1576.4,753,692,73.17640173410402,19.951443539392223,71.03,46.223,92.975,317
BR,2022-04-03,7228,1130.74571112341,427.86901727995865,1504.0,516.1,1729.0,759,657,72.70006088280061,11.503642901272626,75.65,63.05,85.53800000000001,315
BR,2022-04-04,7505,1139.3363091272486,499.5666604464266,1271.0,498.0,1772.5,789,710,72.50842253521131,10.385917014025395,72.56,60.229,85.158,331
BR,2022-04-05,7582,1112.6295172777636,470.4244955735887,802.0,498.0,1762.6000000000001,819,809,73.0232014833127,11.661498426965988,79.02,65.11800000000001,85.95800000000001,360
BR,2022-04-06,7632,1079.1311582809224,476.57859369115926,917.0,472.0,1615.8,829,794,72.18949622166251,8.16599354746769,69.69,63.08800000000001,81.965,370
BR,2022-04-07,7852,1124.1968925114625,515.4975111236239,1606.0,517.6,1769.8000000000002,813,706,72.5858923512748,9.91332262322269,73.91,63.336,85.33200000000001,366
BR,2022-04-08,7868,1074.7472038637513,413.07371657940155,788.0,523.0,1716.5,828,787,72.14448538754766,20.31578632442249,78.715,56.301,97.769,371
BR,2022-04-09,7596,1109.2160347551344,270.74953141294736,650.0,588.9,995.6000000000003,780,732,73.30509562841533,13.606713379798956,71.77,57.972,90.00999999999999,331
BR,2022-04-10,7609,1136.9676698646335,546.1611193173386,948.0,576.6,1779.6,761,724,72.63056629834259,12.735000000000003,57.94500000000001,47.757000000000005,68.13300000000001,348
BR,2022-04-11,7800,1123.672051282051,433.6122402241079,934.0,542.0,1735.0,816,697,72.22664275466283,12.83633062833768,77.86,59.609,90.576,347
BR,2022-04-12,8265,1137.9964912280702,433.9111938814132,627.0,406.30000000000024,1578.6,841,810,73.42875308641977,14.735729327755097,69.62,50.14,90.18,374
BR,2022-04-13,7696,1124.4694646569642,489.69345811051534,1267.0,468.2,1737.2,805,745,72.67339597315443,9.356468306661101,72.03,66.92,87.02,346
BR,2022-04-14,7792,1139.327130390144,459.86168463913384,812.0,589.8,1687.2,818,768,72.71535156250003,16.821215152046502,75.26,53.239999999999995,96.67,371
BR,2022-04-15,7786,1158.5337785769325,391.3487700381839,891.5,594.8,1596.4,782,719,73.25276773296244,11.405769527410095,68.36,52.92,72.5,360
BR,2022-04-16,7710,1126.7989623865112,483.45045788221773,1053.0,558.4,1622.4,751,764,72.59532722513092,13.238608006513124,72.77,49.17,85.06,339
BR,2022-04-17,7637,1130.8229671336915,451.23248804363755,1043.0,565.0,1625.0,724,711,72.68506329113926,11.16033404517983,70.535,57.3,86.17,312
BR,2022-04-18,8568,1170.6788048552755,426.1070493540721,1550.0,587.4,1625.3,808,738,72.88401084010843,15.116184194742239,74.12,50.18,89.805,366
BR,2022-04-19,8153,1135.1906046853921,462.4708259817192,959.0,468.6,1613.7,831,773,72.61463130659766,12.092714537641617,73.24,54.278,85.318,390
BR,2022-04-20,7693,1140.6707396334323,454.9501682736747,1526.0,519.1,1646.0,846,695,73.11158273381294,17.89632649689129,77.95,61.487,87.569,353
BR,2022-04-21,8088,1142.2033877349159,353.61044050227906,1247.0,855.4,1747.9,782,710,72.23684507042255,12.116730398731976,74.67,62.482,90.83,348
BR,2022-04-22,8543,1112.4332201802647,539.856624316029,1277.5,364.4,1731.0,824,790,73.93373417721516,11.932799814741095,75.27,61.274,89.748,372
BR,2022-04-23,7780,1105.8915167095117,386.16008848429504,1634.0,821.0,1722.6,739,703,73.57702702702704,14.016124856749814,79.16499999999999,55.701,86.64099999999999,325
BR,2022-04-24,7597,1109.7859681453194,358.68986535334454,1006.5,849.9,1767.4,715,640,72.85489062499997,8.836052795224798,73.43,62.841,83.011,307
BR,2022-04-25,8334,1117.1346292296616,477.42359985908945,1655.0,498.8,1724.0,802,792,73.01486111111107,10.398978747183541,73.36,61.504999999999995,82.24,373
BR,2022-04-26,8517,1151.3044499236826,448.9941755047477,1647.5,632.9,1772.0,830,708,72.7611440677966,14.745804760157762,62.47,53.876,87.774,358
BR,2022-04-27,8358,1136.878798755683,515.9419675800558,1212.0,574.4,1747.0,794,788,72.98865482233501,12.352312486552147,74.715,56.010999999999996,86.313,369
BR,2022-04-28,7426,1135.7876380285488,424.4905583949338,1622.0,607.4,1662.8,807,699,72.42228898426326,8.572858391458476,75.3,57.601,80.423,345
BR,2022-04-29,8040,1097.152736318408,475.1265156174766,1304.0,544.0,1747.4,850,795,72.45269182389939,10.842838810136573,70.57,63.205999999999996,85.11999999999999,385
BR,2022-04-30,7964,1133.591662481166,384.28948697032865,1512.0,809.0,1801.0,798,720,72.95902777777782,19.923807924747273,74.44,39.745,82.715,356
BR,2022-05-01,7812,1128.880184331798,421.4516482929098,900.0,549.0,1558.0,785,631,72.45664025356577,13.64955273775769,67.89,56.516000000000005,85.02600000000001,340
BR,2022-05-02,8575,1137.9979008746366,423.8177255879488,1570.0,606.0,1752.0,830,687,73.01484716157208,15.264856606670836,74.14,58.815999999999995,99.102,354
BR,2022-05-03,8349,1100.965265301234,434.27639388133787,1619.0,575.2,1685.8,836,701,72.64101283880173,15.049192137786,73.36,59.054,91.672,331
BR,2022-05-04,7885,1127.129866835764,388.7141732070517,972.0,375.6,1627.0,815,800,73.65132500000001,10.908607839683302,73.995,61.94,90.478,353
BR,2022-05-05,7752,1130.0414086687306,507.5153333109319,1608.5,508.9,1650.1,820,707,72.6563366336634,10.161924577121754,77.34,58.272,82.138,363
BR,2022-05-06,7741,1101.0532230977915,480.6809967603113,1270.0,555.2,1763.0,799,663,72.60687782805427,21.019502741542915,69.13,42.126,88.42,345
BR,2022-05-07,7624,1134.700944386149,383.96961153435353,1547.0,806.8000000000002,1773.8000000000002,751,687,72.26896652110622,16.8697786068978,68.85,43.296,87.26400000000001,338
BR,2022-05-08,7993,1152.5782559739769,385.363289352495,922.0,551.4,1782.0,762,679,71.61241531664214,16.62700982201255,73.87,62.128,92.456,339
BR,2022-05-09,8201,1117.4954273869046,501.92741544395454,1596.0,436.3,1730.7,832,776,72.49140463917524,10.539432100450195,72.89500000000001,61.441,81.21499999999999,368
BR,2022-05-10,8186,1139.1501343757634,492.1637635247787,1642.5,517.6,1735.4,846,704,72.33157670454544,14.185905994644433,74.89,63.59,84.304,361
BR,2022-05-11,8441,1123.6556095249377,396.96548645821883,1549.0,811.5,1678.5,859,816,72.86023284313721,8.891044300305786,77.93,69.123,90.146,398
BR,2022-05-12,7753,1129.230104475687,420.27920927374146,1579.0,543.5,1649.5,841,737,72.05454545454545,13.661223315838415,81.37,62.763999999999996,88.65,365
BR,2022-05-13,8323,1142.4367415595336,456.22661011076167,1621.5,552.9,1694.1,838,728,72.42368131868135,10.971279946909995,71.19,59.995,87.57700000000001,350
BR,2022-05-14,8004,1123.0141179410293,396.5122030401628,1651.5,804.8,1706.0,771,771,71.87274967574578,10.717224682206158,82.48,66.278,93.242,349
BR,2022-05-15,8260,1155.9069007263922,528.2141659342427,1145.0,545.0,1724.4,762,741,72.39087719298244,8.176588530677082,72.89,64.384,82.004,343
BR,2022-05-16,8133,1154.4632976761343,407.1752980592845,1671.0,801.0,1722.0,817,723,72.72141078838173,9.727106661284228,77.35,60.131,83.40299999999999,350
BR,2022-05-17,8263,1153.489652668523,489.23270720126794,1628.0,432.5,1672.0,817,749,73.01166889185582,16.84494726728166,80.19,59.279,91.524,339
BR,2022-05-18,8024,1147.2070039880364,507.12791563724625,794.5,445.9,1643.0,803,674,73.1177744807122,11.739848084956265,83.26,60.72,92.7,357
BR,2022-05-19,8152,1115.2746565260063,397.2194286056381,1049.0,543.1,1600.6,836,722,73.21808864265927,13.35092220146195,76.19,57.57,89.188,366
BR,2022-05-20,8091,1154.95427017674,392.3647002762772,960.0,569.4,1569.6,836,694,72.4147982708934,10.682829168791702,77.125,62.706,88.628,328
BR,2022-05-21,8104,1140.2752961500498,438.47792102394214,942.0,562.0,1672.2,781,702,72.2398290598291,10.719898621082246,82.26,64.52,87.66,341
BR,2022-05-22,7914,1154.8980288097043,457.4436546898427,852.0,519.6,1657.2,765,652,73.41197852760736,9.341567298091638,72.97,59.394,81.03,318
BR,2022-05-23,8179,1135.1226311284995,510.50666448034696,1576.0,522.0,1656.0,846,732,73.23606557377047,14.75173770405562,74.27,59.57,88.09,339
BR,2022-05-24,8022,1155.6585639491395,480.811081385767,924.0,563.4,1699.2,840,726,71.87224517906333,12.97945241526005,72.32499999999999,53.956,86.73899999999999,346
BR,2022-05-25,8150,1149.5515337423317,503.04351483691585,934.0,546.5,1660.5,853,718,71.89772980501394,8.869331935359721,67.61,60.636,79.114,370
BR,2022-05-26,8385,1151.406201550387,428.4948950700232,902.0,532.0,1652.6,846,767,72.51105606258145,14.598409350184546,63.03,55.876000000000005,91.17399999999999,379
BR,2022-05-27,8621,1164.9276186057307,482.27065332192416,910.0,517.0,1719.1,873,769,73.05007802340698,16.1162020780793,70.455,53.378,91.955,371
BR,2022-05-28,8171,1159.8068779831117,432.1853625286062,1070.0,563.0000000000001,1662.0,776,753,72.07545816733068,7.822247810090726,75.705,66.552,85.468,367
BR,2022-05-29,8276,1171.5576365393913,417.37391428850253,951.0,651.0,1661.0,778,695,72.25336690647484,7.099872455818408,77.65,68.13499999999999,84.39500000000001,357
BR,2022-05-30,8170,1144.815299877601,435.8053575971444,921.0,541.1,1639.0,852,725,72.1858482758621,11.347969097882794,73.25,56.778,86.516,358
BR,2022-05-31,8077,1137.883372539309,406.32012606353953,892.0,551.4,1652.6,847,721,71.60700416088767,11.2159490409367,74.3,58.518,87.234,349
BR,2022-06-01,8058,1129.699056837925,428.4092504730606,925.5,592.1,1688.9,874,795,72.61645283018865,7.978055318601561,75.575,69.15,87.565,365
BR,2022-06-02,8114,1144.9810204584667,427.7802375091843,1134.5,552.0,1636.9,852,736,73.33927989130434,10.873761428471097,79.78,66.78,87.85,371
BR,2022-06-03,7998,1151.6370342585647,499.6853603115162,1141.0,411.6,1683.0,864,727,71.85984869325998,19.702448451905667,69.1,48.244,89.438,362
BR,2022-06-04,7479,1134.9105495387082,439.6906062331593,919.0,578.0,1722.5,811,695,72.35084892086338,12.093961558266983,75.88999999999999,61.365,92.776,339
BR,2022-06-05,7638,1132.8459020686037,358.0186942877894,900.0,836.0,1693.0,794,706,72.45580736543907,8.0868834510346,72.41,60.138,77.312,343
BR,2022-06-06,7966,1142.364800401707,477.5321675755346,995.0,556.0,1644.0,851,737,72.56849389416553,12.078043030122885,78.05000000000001,63.355000000000004,89.86500000000001,364
BR,2022-06-07,8043,1153.0856645530275,463.61423780698453,902.0,574.6,1675.8,846,750,71.70222666666666,13.06728250249454,71.94,54.994,87.078,370
BR,2022-06-08,7811,1154.0222762770459,371.96596392086883,606.5,354.0,1446.0,849,721,72.29723994452148,11.126345112190059,69.64,59.236000000000004,85.485,387
BR,2022-06-09,7627,1145.8142126655314,454.65429833039593,911.0,588.4,1611.0,835,725,72.87706206896551,13.094544335639354,71.955,48.696,83.304,359
BR,2022-06-10,7860,1158.4642493638678,503.4424137612845,918.0,515.2,1633.4,842,740,73.14224324324323,10.089098847546074,74.65,64.31400000000001,90.556,349
BR,2022-06-11,7595,1117.3449637919684,265.6405589685441,671.0,615.0,1232.0,785,737,73.24145183175034,12.726841959025029,64.94,54.71,78.83,349
BR,2022-06-12,7290,1139.5187928669407,358.32475538449904,875.0,589.4,1623.8000000000002,778,700,71.91635714285717,13.163422114740275,72.315,55.113,89.679,349
BR,2022-06-13,7888,1150.7401115618663,546.3530925328303,1576.0,290.0,1634.0,829,709,72.63586741889984,11.414957906186077,66.88,58.264,83.682,351
BR,2022-06-14,8431,1144.3006760763851,544.1828628630502,892.0,288.8,1701.6000000000001,872,836,72.9475358851675,18.889086043415535,64.72,47.468,91.55999999999999,394
BR,2022-06-15,8204,1145.1891760117019,503.0221898438935,942.5,427.0,1698.0,854,753,72.60075697211155,8.363129232264413,75.32,66.351,87.017,358
BR,2022-06-16,8686,1168.8898227032003,400.4997567786768,822.0,560.0,1609.0,832,772,72.62957253886006,14.67480620808663,76.375,54.986000000000004,89.60000000000001,363
BR,2022-06-17,9035,1138.1702268954073,475.92595072826214,963.0,579.0,1702.0,862,804,72.53696517412938,7.1885609613922155,74.09,64.452,80.11,383
BR,2022-06-18,8546,1123.3974959045172,444.5882775897807,938.0,584.5,1667.5,807,868,72.26589861751152,11.125951205823931,70.065,56.435,84.445,365
BR,2022-06-19,7954,1139.5481518732713,493.4547489394461,974.0,291.0,1672.2,807,711,72.26817158931085,19.072223021248,77.765,47.226,91.434,355
BR,2022-06-20,8625,1158.800463768116,469.2974264419919,844.5,579.5,1689.0,842,797,72.86396486825595,14.489119322788394,73.69999999999999,50.244,85.58600000000001,371
BR,2022-06-21,8474,1162.5496813783338,465.1347486158497,933.5,625.4,1682.9,861,807,72.27768277571255,14.850598493572035,67.22999999999999,49.472,86.93,394
BR,2022-06-22,8460,1109.1338061465722,439.34894640296693,901.0,490.0,1663.0,857,851,71.8409635722679,11.360923769169869,71.18,59.021,89.923,379
BR,2022-06-23,8397,1161.284625461475,469.3875070854356,1659.0,543.0,1738.2,853,709,72.58933709449927,11.250690966435002,77.85,58.616,83.387,351
BR,2022-06-24,7998,1139.4344836209045,533.819040018078,926.5,358.0,1709.0,834,786,72.88348600508905,10.940644216305024,81.62,67.64,87.9,340
BR,2022-06-25,8196,1125.2149829184968,332.01372092078776,902.0,654.7,1618.9,793,822,72.67981751824817,13.136294186441663,78.89,55.768,89.44200000000001,371
BR,2022-06-26,7311,1148.0373409930248,467.292766475151,1637.0,660.0,1748.2,768,722,73.43135734072024,12.54610333866157,68.9,57.69,89.4,337
BR,2022-06-27,7967,1135.2701142211627,485.88028139429593,1005.0,645.8,1763.4,848,760,73.51513157894736,8.666292459870023,72.59,62.784,82.104,343
BR,2022-06-28,8260,1137.9233656174333,474.0592852853542,1012.0,673.0,1743.2,857,793,72.3699873896595,12.846050924297156,69.11,49.94,85.29,384
BR,2022-06-29,8245,1156.739478471802,458.96633559031665,1670.0,625.5,1728.5,855,765,71.97369934640521,12.13208978161371,71.525,54.550000000000004,88.037,394
BR,2022-06-30,8355,1132.4167564332743,447.61295276251917,974.0,570.0,1727.4,864,792,71.95433080808083,14.351167737139063,77.28,63.09,92.79,376
BR,2022-07-01,8364,1118.3317790530843,438.99779306967775,773.0,548.8,1637.0,849,749,72.82157543391186,14.193473259203408,73.11,52.875,90.563,379
BR,2022-07-02,8144,1115.2350196463647,361.7154797993117,776.5,514.7,1604.9,800,766,72.11308093994778,10.323960128476621,67.58,58.495000000000005,84.295,370
BR,2022-07-03,8021,1141.356938037651,411.3769323592596,926.0,638.0,1655.0,800,679,72.43268041237113,14.32776199219906,67.34,56.55,86.69999999999999,347
BR,2022-07-04,8614,1158.7227768748548,438.2883005033812,976.0,549.0,1699.0,848,707,72.86256011315416,9.580376645344726,75.115,69.832,86.666,358
BR,2022-07-05,8794,1141.6336138276101,474.76046203909607,859.0,463.8,1687.9,873,797,72.74500627352576,13.861254176550503,77.44,64.51400000000001,95.31900000000002,409
BR,2022-07-06,8720,1161.0912844036704,502.7741963639329,888.0,393.0,1727.0,837,745,71.28252348993291,19.89520052658569,71.07,47.952,93.76299999999999,367
BR,2022-07-07,8719,1160.0258057116644,553.8587007206604,930.0,333.8,1709.0,866,826,72.80801452784505,10.618647933326871,72.56,58.592,81.688,410
BR,2022-07-08,8657,1132.0391590620306,490.81286491323254,939.0,556.0,1679.9,855,813,71.49768757687578,14.313443031793481,64.82,50.73,86.85,379
BR,2022-07-09,8124,1152.0467749876905,427.8344226779087,1188.0,633.0,1674.4,814,754,73.28961538461536,5.497896567476207,79.0,70.224,80.024,362
BR,2022-07-10,8046,1150.7977877206063,256.9238733729981,928.5,616.1,1308.3,797,757,72.51335535006605,14.24358287304232,80.17,57.178,86.81,350
BR,2022-07-11,9032,1151.4151904340124,474.6182223892519,979.0,607.8,1692.0,885,790,72.50784810126585,6.679978843931464,72.11,64.41,80.79,372
BR,2022-07-12,8889,1137.3398582517725,472.54495818172967,946.0,376.2,1633.2,882,797,71.7901380175659,12.205542537677431,72.46,59.802,83.798,384
BR,2022-07-13,8975,1138.3821727019497,470.9019292828887,769.0,466.7,1699.0,911,813,71.16845018450186,11.832824761157195,69.03,60.216,87.35000000000001,400
BR,2022-07-14,8978,1129.9894185787477,447.9149779454749,1313.0,620.0,1689.0,896,748,71.81705882352942,9.844920165304773,70.28,56.724000000000004,80.17800000000001,413
BR,2022-07-15,8307,1158.5549536535448,468.66489781939134,770.0,470.5,1654.5,870,749,72.42469959946591,14.198747279445309,70.455,46.789,81.692,350
BR,2022-07-16,8177,1143.357466063348,330.52551986351335,889.0,550.3,1343.2,801,731,72.72648426812589,12.117643307955674,76.87,62.33,90.0,354
BR,2022-07-17,8068,1126.1450173525045,419.5605806084406,990.0,526.0,1596.0,809,752,72.54277925531916,9.10178506437197,80.1,61.29,83.478,367
BR,2022-07-18,9117,1132.531753866403,452.45841400066814,897.0,551.9,1600.1,894,784,72.32733418367349,15.936520144170606,70.315,52.286,90.943,408
BR,2022-07-19,9049,1163.3695435959771,456.9621842886154,766.0,549.4,1620.8,886,799,72.96224030037548,12.813323571091928,68.08,52.328,80.161,380
BR,2022-07-20,8783,1134.600478196516,482.60694585465734,767.0,562.1,1683.0,908,797,72.97687578419074,12.62994678766997,64.98,55.405,85.21000000000001,406
BR,2022-07-21,9128,1162.6848159509195,458.2539765423641,750.0,540.0,1674.4,900,788,72.56689086294415,6.0884788170408815,77.245,73.68,86.489,390
BR,2022-07-22,8216,1126.3743914313538,443.17496652088903,925.0,521.0,1775.5,873,791,72.04601769911505,12.32295260669072,77.16,61.98,87.9,389
BR,2022-07-23,8481,1154.0975120858384,352.5079390304599,1083.5,632.5,1582.5,801,736,72.15769021739126,9.139534913632092,78.35,66.44,87.38,329
BR,2022-07-24,7755,1136.753836234687,397.6595266436286,894.0,473.0,1572.8000000000002,804,717,71.63644351464437,15.006194918682752,72.36,47.908,84.803,362
BR,2022-07-25,9008,1159.9898978685612,459.94883140093793,1617.0,525.2,1663.0,896,837,73.30999999999999,15.688212450006636,73.54499999999999,55.291,89.474,393
BR,2022-07-26,9140,1153.977461706783,457.6669349255533,933.0,528.0,1651.0,902,794,72.71802267002522,21.06818302784259,76.04,39.910000000000004,90.866,394
BR,2022-07-27,8418,1143.9202898550723,448.3247453248688,1623.0,555.6,1686.4,887,833,72.8985114045618,10.795522057055647,73.07,66.285,84.245,396
BR,2022-07-28,8148,1155.720544918999,384.8997725462077,833.0,533.4,1611.0,879,722,71.58645429362885,10.052406448867016,76.515,62.351,86.44200000000001,371
BR,2022-07-29,8218,1133.3414456072035,457.87415964907547,1194.5,485.5,1742.0,899,764,72.06100785340315,9.36297730425531,75.9,62.219,89.555,372
BR,2022-07-30,7190,1126.80959666203,340.0832467383682,984.0,624.0,1593.0,814,687,72.60154294032021,14.556999158129946,88.76,63.92,92.94800000000001,334
BR,2022-07-31,7235,1136.924395300622,418.54561922704397,1220.0,796.0,1740.4,762,669,72.67657698056803,11.277938135196296,67.08,54.82,81.926,324
BR,2022-08-01,8363,1143.2457252182235,433.93314451115594,1643.0,649.0,1773.8,845,850,72.81681176470585,15.896238422972905,79.33500000000001,57.207,94.352,386
BR,2022-08-02,8582,1137.5038452575156,451.31212689604195,984.0,518.6,1831.4,902,771,71.12661478599225,12.333113944021315,71.72999999999999,51.245,80.22999999999999,385
BR,2022-08-03,8134,1137.5510204081634,498.8434842621947,1236.5,623.7,1801.7,856,732,72.30366120218584,8.196601975856659,74.42,66.94200000000001,79.87400000000001,376
BR,2022-08-04,8450,1140.174201183432,465.9137360150895,1265.0,781.5,1820.0,879,784,73.20135204081636,13.431510745533147,73.81,52.126000000000005,83.122,379
BR,2022-08-05,8884,1132.9736605132823,473.04765231522583,1255.5,657.5,1743.0,897,798,72.17662907268172,12.516336059701137,76.405,56.03,87.515,387
BR,2022-08-06,8148,1116.227295041728,475.70276475153,1228.0,703.4,1717.0,823,759,72.38204216073784,7.532366411029138,84.44999999999999,75.464,89.821,346
BR,2022-08-07,7985,1173.5865998747659,379.6164751278041,1529.5,757.6,1720.3,799,753,73.57644090305443,8.773917206156886,72.63,65.38,85.69,349
BR,2022-08-08,8685,1127.8644789867592,435.12121978851434,1586.0,697.0,1709.0,863,742,72.04672506738544,13.176434361586862,71.76,57.222,90.396,372
BR,2022-08-09,8639,1132.5048037967356,432.6876169308743,1627.0,683.8,1725.0,895,763,72.3906422018349,11.052005413889328,78.02,58.018,82.968,395
BR,2022-08-10,8916,1147.05024674742,433.3789021818989,1629.0,630.0,1686.7,905,770,71.44788311688309,12.298686470062114,76.94,61.528,87.716,398
BR,2022-08-11,7870,1106.1219822109274,503.1470306638696,1325.0,589.6,1756.0,891,699,71.61373390557941,9.407913889380579,66.755,60.233000000000004,80.63900000000001,375
BR,2022-08-12,7845,1113.4720203951558,435.87281916145423,1580.0,613.4,1755.4,887,737,71.45937584803261,12.750057242768658,73.925,54.738,85.992,378
BR,2022-08-13,7378,1089.9968826240174,482.5079922998352,1563.0,473.0,1777.0,822,653,72.92845329249621,7.03866819789085,72.56,70.67099999999999,84.94,362
BR,2022-08-14,7580,1136.6601583113463,417.75159825194794,1022.5,471.0,1581.0,792,703,72.17943100995727,12.512014386180986,68.83,53.854,81.928,345
BR,2022-08-15,8275,1098.3526283987921,454.8704490623291,1315.0,610.4,1769.2,873,773,71.79106080206985,15.08291246535297,76.37,52.945,89.725,391
BR,2022-08-16,9056,1130.0054107773844,521.5064701704254,1577.0,548.4,1788.8,895,807,73.34164807930603,13.105110661256811,78.92,57.504,89.53999999999999,398
BR,2022-08-17,8479,1136.3494515862715,434.73965004198544,1579.0,619.0,1716.0,878,726,72.18055096418735,12.916751962083966,75.79,58.575,90.215,369
BR,2022-08-18,7959,1136.7244628722199,472.87709583248545,1554.0,571.6,1709.0,885,729,72.40541838134432,5.508136881090232,69.56,63.62,74.41,362
BR,2022-08-19,7830,1118.6952745849296,446.490704322752,1557.5,600.9,1702.0,901,704,72.11990056818182,14.593023084679883,76.155,51.884,86.79200000000002,369
BR,2022-08-20,7644,1126.41601255887,352.50927455830237,873.0,641.0,1620.0,816,725,72.04903448275863,9.309507757871925,74.04499999999999,60.623,83.93,350
BR,2022-08-21,7465,1136.3448091091757,391.69888622310697,1141.5,665.1,1629.0,799,672,73.07538690476191,13.015281616452084,75.34,65.494,93.458,366
BR,2022-08-22,8309,1154.7833674329042,362.76841183297444,1569.0,688.3000000000001,1633.1,884,748,71.93668449197861,9.88566705633914,74.22,59.296,83.934,366
BR,2022-08-23,8210,1123.1065773447021,422.10925593609045,887.5,630.0,1589.9,898,729,71.49565157750341,14.566220520331056,72.65,55.417,94.959,401
BR,2022-08-24,8488,1145.0543119698395,450.68762684600057,1521.5,596.0,1719.7,880,722,71.65981994459831,14.502906283454593,76.43,54.676,94.286,386
BR,2022-08-25,8476,1142.5739735724403,442.7496540110149,1621.0,606.0,1732.0,891,710,71.87829577464788,11.182518678723502,70.05,60.476,86.804,381
BR,2022-08-26,8778,1113.4454317612217,487.32853186371005,714.0,620.0,1722.4,895,707,71.46545968882603,12.324906711362443,65.67,55.606,87.196,383
BR,2022-08-27,7794,1128.1073903002305,473.80637089427154,1008.0,522.9,1761.1,824,714,72.20640056022407,14.996995106427896,67.97,52.192,84.152,384
BR,2022-08-28,7878,1128.2647880172633,411.62065596163126,1414.5,742.0,1728.5,814,643,71.96735614307931,11.420789158372553,73.2,58.496,86.849,325
BR,2022-08-29,8692,1126.1806258628626,404.20414982495885,1608.0,618.0,1730.5,874,672,71.93752976190477,16.811604920411376,78.84,63.087,93.036,379
BR,2022-08-30,8035,1112.16677037959,444.90246971625044,839.0,563.6,1709.8,921,713,72.38605890603084,10.593335890514195,75.42,59.63,81.88,406
BR,2022-08-31,8616,1119.0383008356546,467.74389655402825,1500.0,601.0,1716.0,888,755,72.10647682119209,14.427459928899472,77.03,65.129,90.529,391
BR,2022-09-01,8221,1105.4379029315169,490.79066943663196,1563.0,633.1,1756.0,908,672,72.79903273809526,10.02613856067578,77.43,63.706,90.214,385
BR,2022-09-02,8238,1137.5696771060927,469.6920399221501,1455.5,570.0,1756.7,868,710,73.39408450704222,10.349299950598382,68.16,65.014,85.48,378
BR,2022-09-03,7694,1117.1442682609832,461.52686475589843,1286.5,648.0,1810.3,821,729,70.98374485596703,19.15698579862941,64.51,47.324000000000005,88.41,365
BR,2022-09-04,8315,1125.5010222489484,353.9519509675713,1644.5,966.8,1685.2,828,713,72.95012622720897,12.84360461233021,82.65,57.260000000000005,90.83500000000001,351
BR,2022-09-05,8580,1110.7275058275072,432.90530004949045,1612.0,667.0,1772.0,891,737,72.7143147896879,12.775989137342751,72.05000000000001,55.95,87.34,381
BR,2022-09-06,8556,1113.5628798503967,484.01841064415146,1633.0,583.0,1812.2,906,799,71.79608260325409,9.302629209211858,79.09,69.24,86.01,413
BR,2022-09-07,8703,1102.3857290589453,466.84362465020683,1040.0,591.8,1810.0,858,813,71.59814268142681,18.903339409118338,74.63,45.84,91.85,408
BR,2022-09-08,8532,1102.2961790904824,453.9459548109187,1611.0,607.6,1781.1,877,747,72.50200803212853,9.066230956136073,77.455,65.66,89.815,379
BR,2022-09-09,8311,1100.3975454217298,469.29115771303856,1637.0,604.4,1786.8,897,782,71.40135549872116,13.687370821308232,76.825,58.537,88.326,422
BR,2022-09-10,7866,1045.512331553521,288.7688635543583,1013.0,624.0,1293.0,830,762,71.22656167979001,10.544270196859287,79.84,63.745000000000005,88.83,374
BR,2022-09-11,8177,1101.1734132322374,412.2480609548798,1006.0,591.0,1825.0,819,692,71.92669075144507,12.870072627784369,73.245,54.126,86.491,356
BR,2022-09-12,8634,1087.4840166782492,429.2576022085146,1144.0,624.4,1690.7,907,779,71.36418485237485,9.480292862037546,73.85,62.823,83.21600000000001,401
BR,2022-09-13,8943,1080.2865928659287,506.79523391808357,1028.0,577.4,1762.3,914,764,71.5444764397906,12.197356783336298,71.695,54.150000000000006,85.735,411
BR,2022-09-14,8923,1079.2631401994852,459.17421829136293,1043.0,564.8,1733.6,924,741,70.86197031039137,17.632514036281652,71.01,45.11000000000001,84.546,417
BR,2022-09-15,8293,1095.6182322440618,439.4920984578313,1247.5,575.5,1740.0,884,691,71.29237337192478,14.95974718828831,66.88,50.36,85.99000000000001,397
BR,2022-09-16,8700,1114.5133333333333,376.99500229006924,1602.0,801.0,1696.0,897,662,70.97755287009062,11.445562822916719,73.06,56.190000000000005,86.247,374
BR,2022-09-17,7684,1091.91957313899,394.8038649428347,1032.0,543.0,1686.0,830,649,72.19513097072421,13.966517648804766,81.39500000000001,63.757999999999996,91.65700000000001,346
BR,2022-09-18,7422,1133.581918620318,379.8700426871714,1049.0,664.0,1661.0,791,615,71.96014634146343,7.725142133815681,76.88499999999999,66.619,85.498,336
BR,2022-09-19,8304,1070.4627890173408,430.5119794488043,1351.0,591.0,1768.0,903,633,71.74647709320696,9.301380059212565,76.74,62.468,88.648,363
BR,2022-09-20,9031,1079.4498948067765,461.5514126911314,1093.0,562.0,1775.0,925,699,70.8881115879828,9.723885968754123,82.35,69.055,90.62,397
BR,2022-09-21,8914,1088.0410590083009,439.79614739066403,1317.5,557.1,1726.3,904,818,71.54349633251836,13.47485496558276,78.38,62.192,89.07199999999999,427
BR,2022-09-22,8741,1073.213705525684,452.7736911368074,1336.5,549.4,1660.0,930,725,70.87242758620694,8.515334638168955,85.745,70.46,88.575,406
BR,2022-09-23,8608,1059.0798094795541,464.53596903247796,1627.0,559.0,1737.9,917,723,71.54842323651454,8.969959251583546,70.97,61.414,83.654,382
BR,2022-09-24,7655,1109.5318092749837,380.5227425264296,1294.0,558.8,1655.4,841,688,72.07614825581398,12.822605298169831,69.9,61.815,86.60400000000001,371
BR,2022-09-25,8068,1068.9181953396137,310.5703450454421,1278.0,839.0,1728.0,820,680,71.85058823529413,9.488429784387016,75.45,65.25,90.9,348
BR,2022-09-26,8936,1090.0406222023278,454.6789378027528,1471.0,578.4,1757.3,904,783,71.16710089399743,13.247386298813815,80.875,58.144999999999996,93.805,396
BR,2022-09-27,9513,1105.3254493850523,430.56735075916276,1081.5,519.0,1741.0,950,831,72.26583634175691,12.35188683292287,70.58500000000001,49.678000000000004,84.685,435
BR,2022-09-28,9313,1083.4602169011064,402.10858744843193,1109.0,607.0,1750.0,920,809,70.66101359703337,9.971941477803343,75.56,66.39399999999999,85.95,395
BR,2022-09-29,8619,1101.6847662141781,504.90759113243496,1172.0,495.6,1808.8,933,763,71.41520314547837,10.661589004554662,69.72,57.899,85.45,432
BR,2022-09-30,8709,1098.2567458950514,415.42991547213734,1119.0,469.2,1634.6000000000024,907,804,71.66184079601987,12.60920075778001,70.66499999999999,55.739999999999995,88.2,400
BR,2022-10-01,8101,1116.9858042217013,432.7661108112172,1354.0,508.3,1653.3,852,704,71.41646306818183,7.890950117064485,81.53999999999999,73.835,94.01,371
BR,2022-10-02,7853,1111.8697313128741,339.456442933855,1185.0,534.0,1446.5,853,684,71.75578947368422,6.4670397221732046,76.88,70.48400000000001,85.21000000000001,344
BR,2022-10-03,8791,1107.4587646456603,337.3788556047063,1084.0,556.0,1430.0,888,703,72.55644381223328,9.629524173211736,74.73,64.57,87.45400000000001,359
BR,2022-10-04,8797,1087.6495396157782,472.4308105844853,1181.0,610.0,1790.0,926,846,72.1339125295508,16.24585561333644,63.19,40.31,75.555,424
BR,2022-10-05,8525,1102.450322580645,437.1633473297146,1176.0,628.9,1773.1,941,816,71.63762254901962,11.529947371542184,73.0,62.784000000000006,88.882,389
BR,2022-10-06,8485,1086.5105480259285,451.2772042400895,1030.0,608.2,1755.0,902,772,71.8309974093264,17.926459667570107,71.5,42.948,91.672,385
BR,2022-10-07,8514,1094.7392529950673,424.5519226355176,1006.0,611.0,1726.4,937,745,71.54707382550329,9.125082153359253,65.66,56.554,81.158,376
BR,2022-10-08,8634,1107.5110030113499,306.5138174935793,973.0,506.6,1157.8,874,739,72.1363193504736,12.545479326177446,71.97,51.55,83.952,393
BR,2022-10-09,8902,1117.735452707256,423.00514279745335,1161.5,525.1,1706.6,844,790,72.02645569620258,12.32311231881874,75.63,63.043,93.267,377
BR,2022-10-10,8998,1123.9756612580572,449.22436854393595,1136.5,575.0,1693.5,902,787,72.99711562897079,12.39138824147724,70.51,57.893,88.684,365
BR,2022-10-11,9092,1095.311702595689,511.54634875405714,1163.0,490.6,1707.8,961,872,71.94496559633026,8.355229234171588,74.235,60.586999999999996,83.632,446
BR,2022-10-12,9605,1102.3557522123901,414.9907734769605,1083.0,537.9,1687.1,925,802,71.48275561097256,6.370947358747667,68.69,59.35,74.19,409
BR,2022-10-13,8964,1060.2884872824625,470.26736415837985,1146.0,588.0,1703.2,935,852,72.21779342723002,14.17578478623161,78.94,55.606,94.679,415
BR,2022-10-14,9642,1085.1322339763524,446.8241763254768,1135.0,759.7,1777.0,931,926,71.95038876889845,15.754859043199161,78.57,64.44,87.34,402
BR,2022-10-15,8973,1079.507299676808,459.69097450829094,1049.0,458.2,1748.6,881,820,72.03085365853661,15.910950107813592,70.775,48.647,82.73,390
BR,2022-10-16,8340,1109.013189448441,424.90423887300165,919.0,491.4000000000002,1736.2,858,754,72.74728116710872,12.58343806677042,76.0,59.818,91.018,365
BR,2022-10-17,8640,1102.3943287037046,503.4260131773139,1010.5,421.6,1750.4,917,853,72.26561547479487,15.192742504017781,70.53999999999999,45.909,85.242,398
BR,2022-10-18,8792,1088.9055959963603,457.0216461686106,1625.0,551.9,1757.0,934,887,71.8062457722661,13.068919129837104,75.14,59.45,85.61500000000001,427
BR,2022-10-19,8352,1084.9764128352485,484.95774595185094,1171.0,452.3,1795.0,900,817,72.27380660954712,18.71760169822334,70.13,44.026,85.866,383
BR,2022-10-20,8742,1053.7914664836424,505.4867979643964,911.0,392.7,1839.6,924,821,70.73498172959806,12.011812784371143,66.23,52.328,82.828,437
BR,2022-10-21,8844,1070.3290366350063,520.6251406632239,1153.5,391.2,1785.0,928,666,70.94539039039036,12.11969134187097,75.28,59.79,86.05199999999999,379
BR,2022-10-22,7751,1093.615791510772,446.8560478130982,995.0,347.5,1647.2,838,639,71.06583724569639,11.564737351103137,77.725,58.454,88.681,360
BR,2022-10-23,7729,1123.5132617414934,405.72747535260663,967.0,289.0,1206.6,828,592,71.83665540540542,15.381557268365256,68.68,43.894,85.432,325
BR,2022-10-24,8963,1105.5825058574142,536.6638348925379,1221.0,351.0,1685.9,926,715,71.29001398601396,10.70720318290449,75.64,67.396,92.548,364
BR,2022-10-25,8624,1086.7846706864568,528.4732998913578,1159.0,347.9,1767.0,947,764,71.30952879581146,15.71050921052463,67.92,49.62,90.888,413
BR,2022-10-26,8574,1105.9735246092841,483.04537351671723,1653.0,539.0,1762.8,916,670,72.23377611940296,6.19984121751912,73.975,66.908,80.84100000000001,391
BR,2022-10-27,8373,1108.1855965603722,465.8739222787111,1182.5,556.5,1722.0,904,674,72.39339762611274,11.69276937066474,70.225,56.047999999999995,90.13499999999999,379
BR,2022-10-28,9099,1106.176612814595,452.6445259360595,1211.0,557.4,1722.8,953,731,72.51184678522573,12.16112733232736,69.29,55.034,85.882,413
BR,2022-10-29,8326,1116.0929618063897,386.6714949945526,922.0,315.9,1270.0,873,711,72.41052039381154,10.902724734333754,71.775,57.988,84.65,345
BR,2022-10-30,7377,1122.9658397722653,417.474242361248,984.0,332.4,1345.0,792,623,72.03780096308188,10.000499431972829,74.735,62.501000000000005,86.483,336
BR,2022-10-31,8088,1095.6823689416422,478.1180276356712,1045.0,362.0,1660.0,886,687,71.51695778748179,15.945278656037503,75.87,50.297999999999995,88.988,375
BR,2022-11-01,8470,1108.2720188902008,548.3632675880815,1668.0,348.0,1734.5,921,762,72.12897637795277,14.087205483463826,66.85,55.251000000000005,90.47999999999999,383
BR,2022-11-02,8719,1097.184310127308,582.5662705956098,1161.0,334.0,1784.0,889,753,71.8090571049137,15.296963097294835,68.23,53.464000000000006,86.334,372
BR,2022-11-03,8153,1107.0864712375812,541.4831831810437,1191.0,356.1,1893.6,906,781,71.13364916773368,14.71042556856066,56.83,45.134,81.872,385
BR,2022-11-04,8344,1115.1867209971238,554.6217876597877,1191.0,367.4,1895.6,917,684,72.04673976608186,15.054342109771012,68.805,43.833,83.73700000000001,372
BR,2022-11-05,8201,1101.652603341056,509.84949000578143,987.0,377.2,1706.4,856,678,73.00376106194689,15.223307308750837,81.27,61.302,84.334,356
BR,2022-11-06,7816,1132.5832906857725,526.5385551608623,1188.0,373.3,1842.0000000000005,827,683,72.2007027818448,13.985629231464705,65.775,40.864999999999995,71.725,361
BR,2022-11-07,8709,1102.6155700998963,497.4009237987973,1689.0,667.8,1856.0,909,753,70.66171314741035,13.70770343031003,69.875,52.696,86.943,376
BR,2022-11-08,8114,1132.3469312299724,556.8265239033464,1706.0,394.20000000000005,1874.0,912,728,71.37718406593409,12.007301017896362,65.61,48.09,79.645,394
BR,2022-11-09,8171,1090.1313180761222,545.768267395148,1190.0,376.7,1833.4,926,692,71.14008670520235,18.796987317956166,59.11,41.34,76.77,377
BR,2022-11-10,8262,1101.304042604696,569.8937677247645,1685.5,332.3,1835.0,920,750,71.61816000000002,17.264671213418403,68.705,46.439,89.00800000000001,374
BR,2022-11-11,8923,1136.8465762635883,594.2926926912434,1765.0,321.6,1813.0,911,825,72.1417575757576,11.721767763702402,70.61500000000001,55.76,84.726,393
BR,2022-11-12,8353,1130.1063091104986,542.98506920599,1233.0,331.5,1831.0,873,814,71.32909090909092,10.929291126836514,69.81,53.06,84.82,369
BR,2022-11-13,8190,1130.6518925518922,603.2021438984461,1799.0,335.4,1876.0,812,667,71.34908545727134,18.84904254753216,64.08500000000001,34.758,80.659,331
BR,2022-11-14,9389,1115.5590584726808,510.8930243157949,1354.0,596.8,1869.2,928,900,71.70796666666668,14.153959139905908,74.33,54.802,91.886,394
BR,2022-11-15,10117,1148.950380547593,499.35341929621933,1276.0,795.5,1887.0,896,893,72.58629339305712,16.164277035590963,74.02000000000001,56.941,91.402,399
BR,2022-11-16,9394,1097.115818607622,567.9014817405949,1729.5,407.6,1861.0,966,845,71.63179881656805,14.420889108049707,65.02,41.012,72.14399999999999,428
BR,2022-11-17,9110,1151.5012074643246,473.8591239977535,1774.0,762.9,1857.0,940,729,72.32196159122086,11.19892733423608,73.855,62.465,87.16,399
BR,2022-11-18,8984,1137.2764915405173,620.2518188286745,1241.5,394.0,1900.0,924,727,71.62581843191198,15.69715756783191,62.16,47.440000000000005,77.484,398
BR,2022-11-19,8642,1095.3462161536681,519.7888780679926,979.5,408.0,1804.0,898,731,71.51075239398085,16.098212202325794,63.89,42.444,85.72200000000001,369
BR,2022-11-20,8117,1097.3708266600966,501.9582228859618,902.5,367.0,1785.6,850,661,71.44290468986385,14.419991710729242,65.345,52.42,90.985,341
BR,2022-11-21,8023,1129.644895924218,566.7742590116172,1082.0,405.6,1837.7,891,686,70.68848396501453,13.388513981493729,74.845,54.097,85.69,366
BR,2022-11-22,8422,1101.1649251959145,578.2291858034138,1019.0,390.40000000000003,1882.0,916,736,71.20440217391301,14.741523058467648,62.295,43.288999999999994,78.006,400
BR,2022-11-23,8430,1116.2309608540927,555.0512152587137,1207.0,387.0,1891.4,954,737,71.16846675712345,15.567262303349995,72.03,51.138000000000005,82.17,411
BR,2022-11-24,8083,1094.0309291104786,481.45436833554055,928.5,391.0,1804.5,923,743,71.01930013458951,15.278442996855512,66.205,44.314,81.712,379
BR,2022-11-25,7798,1132.0209027955889,521.9794069933275,1238.0,531.8,1842.4,897,593,72.26200674536256,20.130459352682443,68.04,33.447,81.97,353
BR,2022-11-26,8522,1142.9768833607125,530.7068607008978,1788.0,583.0,1883.6,880,748,72.20582887700533,17.349441816984967,70.4,41.14,86.02799999999999,370
BR,2022-11-27,8505,1107.834450323339,494.1114103640885,929.0,350.4,1736.4,866,780,71.42366666666666,16.36282930380577,67.66,43.284,88.072,374
BR,2022-11-28,9155,1123.839104314582,443.5824407932294,965.5,367.5,1699.5,934,779,71.27032092426191,18.341469610775285,67.54,39.51,88.93,405
BR,2022-11-29,8690,1110.430494821634,510.50366116915137,1236.5,392.1,1785.2,931,758,70.67869393139843,20.047254314632603,67.17,29.830000000000002,85.644,389
BR,2022-11-30,9028,1094.7234160389892,561.2132601476869,1049.5,402.4,1913.6,954,791,71.67439949431098,11.998104602377277,62.13,43.38,71.07,394
BR,2022-12-01,8282,1089.4815262013997,489.48533237107404,980.0,383.0,1786.8000000000009,947,758,70.94903693931401,8.565189237061062,59.72,53.568,70.168,394
BR,2022-12-02,8536,1096.157567947516,477.0016866983115,737.5,365.0,1782.8,949,779,70.8067779204108,8.1351631415014,73.72,68.67,84.46,397
BR,2022-12-03,8624,1105.6106215213347,597.9268660408832,1174.0,401.0,1884.0,882,763,70.82258191349936,15.280263548456936,75.19,47.3,88.99,374
BR,2022-12-04,8447,1096.8549780987332,520.2816694402711,1060.0,405.8,1868.3,866,778,70.55443444730074,10.933878543316641,74.82,59.565,84.033,362
BR,2022-12-05,8578,1100.8821403590575,509.60150755543305,1699.5,669.0,1871.8,921,841,70.85689655172413,8.077352501748331,73.11500000000001,63.385000000000005,80.86500000000001,411
BR,2022-12-06,8538,1100.776059967206,462.8747393241145,1014.0,666.4000000000001,1908.0,945,733,71.53036834924966,9.826949728792869,77.125,61.577,83.069,375
BR,2022-12-07,9114,1131.0526662277814,521.3297497182751,1028.0,534.6,1899.0,940,820,71.87174390243906,14.407800838434714,70.485,62.371,84.95,419
BR,2022-12-08,8852,1104.258811568007,456.5105569967676,1037.0,644.0,1927.0,931,875,71.15115428571427,12.245362299234195,74.705,56.483,86.445,392
BR,2022-12-09,7604,1135.4986849026827,527.1336181591209,1022.0,365.5,1920.5,879,713,71.95795231416548,15.038779146666867,65.65,55.624,81.29,364
BR,2022-12-10,8069,1125.5267071508247,475.69789978795734,1004.0,380.4,1922.0,845,706,71.41117563739378,12.907438769290769,72.78,53.84,84.24600000000001,369
BR,2022-12-11,8098,1119.4519634477642,502.6473838573236,1202.0,480.2,1929.6,851,752,71.13148936170217,10.015940732152924,72.735,63.85,79.565,335
BR,2022-12-12,8726,1100.7285124914056,494.3728719511632,1174.0,636.5,1857.0,910,709,70.94812411847676,15.321140825615668,67.83000000000001,47.514,87.66400000000002,380
BR,2022-12-13,9576,1123.7895781119464,529.1076268350325,1257.0,588.2,1926.0,948,822,72.21473236009732,14.652132044091738,71.035,55.199,90.187,404
BR,2022-12-14,9073,1104.6460928028218,511.20909000248065,1070.0,609.3,1878.0,928,790,71.19179746835441,14.241166256947661,72.475,50.806000000000004,90.045,411
BR,2022-12-15,9151,1108.8550978035187,559.8709044056495,1270.5,411.40000000000003,1913.0,932,817,72.00386780905752,13.845688182607608,74.785,53.915000000000006,83.18,415
BR,2022-12-16,9027,1136.254237288136,513.4736229129379,1051.0,432.6,1822.0,901,849,71.60607773851592,15.826331169890253,69.65,47.376000000000005,86.13,389
BR,2022-12-17,8090,1136.7032138442528,483.3347178010807,1182.0,656.0,1904.0,873,730,70.11560273972604,10.869617415070321,74.075,62.824999999999996,90.461,363
BR,2022-12-18,7912,1168.677957532861,392.79702156952965,962.5,422.6,1348.6,823,647,70.66466769706335,7.266471968984195,67.21,56.26,71.78,346
BR,2022-12-19,9674,1111.7111846185653,495.58657193162037,1743.0,664.6,1926.0,954,793,71.00773013871375,8.041344553134271,76.82,67.128,80.932,397
BR,2022-12-20,9664,1125.6991928807947,526.2358991772038,1746.0,661.3000000000001,1962.0,974,830,71.4105903614458,13.801551685430876,69.695,46.685,83.026,419
BR,2022-12-21,9397,1128.7067149090128,465.66837645392155,1320.0,671.0,1835.2,989,882,71.3112811791383,10.201773480275728,68.37,57.660000000000004,83.63400000000001,422
BR,2022-12-22,8647,1101.512547704406,503.8905821326835,1365.5,633.7,1864.7,952,786,70.93945292620869,13.933039327041637,68.2,42.16,78.188,418
BR,2022-12-23,9214,1124.5230084653788,459.7435430130526,1207.0,564.0,1785.0,974,899,71.18880978865405,13.74918795498438,66.0,49.410000000000004,83.823,441
BR,2022-12-24,8923,1081.9847584892966,524.4313557055941,1747.0,560.6,1873.0,889,760,70.85389473684208,15.85145873413548,66.155,52.453,80.004,365
BR,2022-12-25,7983,1114.323061505699,484.568319425393,1134.5,484.0,1797.0,833,687,70.89627365356623,19.580429106636046,67.75,42.902,84.625,359
BR,2022-12-26,10220,1132.3546966731901,398.5022646325971,1032.5,688.5999999999999,1739.7,943,893,71.38413213885775,11.237236591894922,71.61,61.836000000000006,87.614,424
BR,2022-12-27,10168,1122.3843430369789,449.2550078288728,1293.5,633.4,1806.6,973,947,71.37425554382261,16.943652903149964,71.2,53.026,85.84200000000001,445
BR,2022-12-28,9771,1086.0499437109813,470.44350441304334,1187.0,649.8,1827.0,975,885,71.24075706214691,12.07787916965087,72.405,57.555,88.85499999999999,442
BR,2022-12-29,9813,1125.826148986039,425.8689118779556,1589.0,667.0,1695.0,962,958,70.66460334029223,16.441947316241727,69.33,44.182,85.734,449
BR,2022-12-30,9220,1120.1043383947938,328.4719176756677,980.0,562.0,1223.0,912,832,70.31060096153846,6.812710547205131,62.47,59.369,75.227,424
BR,2022-12-31,8996,1164.277123165851,466.588391947335,1141.0,383.7,1797.1,909,801,72.07217228464425,16.054388740762015,76.25,54.248,91.60900000000001,386
BR,2023-01-01,8079,1153.2133927466266,431.6016580450626,1538.0,410.3,1570.9,803,742,71.38672506738546,12.05058259290406,65.19,51.72,80.968,339
BR,2023-01-02,10121,1126.3377136646568,380.0497639833038,990.0,456.0,1302.0,923,881,71.62211123723038,13.736191153476437,70.24,48.122,85.086,436
BR,2023-01-03,9869,1102.1088256155638,448.1583316798437,1115.0,476.5,1744.5,964,862,69.67327146171691,17.05240917658739,65.99,40.096000000000004,83.99,430
BR,2023-01-04,9792,1105.4766135620919,363.3895956191863,1136.0,664.6,1679.0,966,883,71.38701019252551,11.88586159516318,72.86,50.32,85.685,437
BR,2023-01-05,9530,1121.6365162644277,427.6468806472866,972.5,485.0,1746.2,959,837,71.17818399044205,12.819429565318627,71.22,59.094,87.62,444
BR,2023-01-06,9141,1108.9572256864678,420.3736339008348,949.0,471.0,1769.9,942,838,69.99046539379475,13.375646115234956,74.995,57.717,91.026,414
BR,2023-01-07,8863,1129.338485840009,401.85442995190726,901.0,407.5,1286.999999999997,893,816,70.82099264705884,14.641539746906732,69.74,47.39,82.63,419
BR,2023-01-08,9407,1125.7894121398954,345.41741969012907,995.0,558.2,1648.600000000006,879,829,71.01138721351023,12.883558960669818,79.64500000000001,59.807,89.311,390
BR,2023-01-09,9665,1130.0011381272634,482.37351426561264,1768.0,594.5,1811.0,959,872,71.89470183486239,12.14480841987866,64.62,46.498,72.984,431
BR,2023-01-10,8886,1118.2128066621656,516.6339853414528,1193.0,639.0,1869.0,967,807,71.52071871127633,13.342277246788777,67.36,53.760000000000005,87.73,407
BR,2023-01-11,9386,1103.180801193266,460.7127985176082,1015.0,617.8,1803.0,960,819,70.81402930402932,17.1175651338358,62.855000000000004,44.897,86.393,398
BR,2023-01-12,9053,1098.9349386943552,564.2056683164069,1474.5,411.3,1871.0,1008,813,69.80260762607625,15.600906974836432,72.4,45.685,85.07499999999999,445
BR,2023-01-13,9595,1114.4117769671707,544.3364229463709,1354.0,359.8,1848.0,1018,951,70.60797055730808,24.864335786078023,65.3,38.39,93.758,473
BR,2023-01-14,9163,1139.5996944232236,513.8230664626703,1093.0,316.0,1777.8,948,884,71.67071266968324,15.241281686774945,78.12,50.288000000000004,84.584,432
BR,2023-01-15,9079,1124.8680471417556,461.49046727845734,959.5,378.5,1762.5,943,868,70.71466589861753,13.353598999085367,78.21,59.628,87.59,419
BR,2023-01-16,10371,1116.174332272684,521.8933727702964,1271.0,594.4,1832.6,999,920,71.6309565217391,17.41973799686111,65.62,47.226,89.114,444
BR,2023-01-17,10096,1128.0485340729003,576.081151005293,1771.0,393.0,1837.4,1027,929,71.26418729817009,15.645399804415355,66.99,43.202000000000005,84.51600000000002,467
BR,2023-01-18,9690,1104.5127966976263,426.039661219585,1042.0,403.6,1769.0,1030,939,69.70023429179979,11.55219883136999,72.58,59.201,81.21900000000001,487
BR,2023-01-19,9416,1130.5297366185214,476.05101636347734,1399.0,602.8000000000001,1787.2,999,859,70.40881257275903,11.48793738342283,72.12,58.635999999999996,80.49000000000001,430
BR,2023-01-20,9831,1114.7153900925643,488.4369148475662,1092.0,444.2,1794.8,986,876,71.5347716894977,12.836481239704435,69.315,57.876,84.525,423
BR,2023-01-21,8701,1107.521204459258,472.39689627414225,1054.0,413.0,1759.0,946,876,70.76824200913242,13.449149004699787,69.75,53.409000000000006,85.891,448
BR,2023-01-22,8649,1123.9447334952017,509.89420985966854,1114.0,407.0,1803.2,937,874,71.16557208237987,12.871736737233755,65.975,57.376000000000005,89.565,433
BR,2023-01-23,9993,1103.115781046733,434.44390276129394,1039.0,537.0,1755.2,1020,850,70.42194117647061,15.18112968655495,65.84,49.824,81.878,450
BR,2023-01-24,9588,1108.0081351689616,489.82230765797146,1116.0,487.0,1792.4,1026,843,70.63066429418743,11.611390408655726,68.265,59.32,89.19500000000001,452
BR,2023-01-25,10080,1113.5997023809523,494.09034071103895,1013.5,480.9,1775.0,1044,967,70.4701240951396,17.914644354631804,68.89,38.634,82.45400000000001,467
BR,2023-01-26,10184,1143.4456009426551,545.2605418022309,1245.0,464.2,1781.0,1018,876,70.03501141552509,13.211582553965554,71.6,49.061,86.528,458
BR,2023-01-27,9430,1110.6203605514308,449.609140466989,1082.5,505.0,1783.5,1029,894,70.56686800894853,20.333286453037285,69.57,38.34,82.7,454
BR,2023-01-28,9272,1110.521570319241,563.721930001416,748.0,261.4,1793.6,984,879,71.23089874857793,15.882800136580812,66.235,44.52,78.76100000000001,435
BR,2023-01-29,8712,1085.6315426997242,597.1654545175364,711.0,186.20000000000002,1737.0,940,826,71.43662227602903,17.01928697078943,58.75,30.802,77.796,424
BR,2023-01-30,9937,1096.3280668209716,583.8645825542577,1532.0,205.0,1755.0,1036,900,70.9634111111111,20.56231126222061,64.66499999999999,39.578,87.024,481
BR,2023-01-31,11264,1080.1538529829547,417.24134684766176,1496.5,631.1,1717.0,1072,951,71.45155625657202,14.769003911679686,74.54,53.628,93.756,483
BR,2023-02-01,9662,1089.5134547712687,496.0523970867952,1287.0,391.9,1759.1,1037,935,70.37794652406417,12.933673083578856,73.24,55.75,87.628,482
BR,2023-02-02,9901,1107.3640036359968,482.0459152359788,1004.0,413.0,1743.3,1039,972,70.25457818930037,17.47736841799079,75.03999999999999,50.548,89.636,486
BR,2023-02-03,10255,1101.9996099463674,484.96876125034123,1535.0,507.0,1770.8000000000002,1025,1082,70.6215526802218,17.899385541129615,65.07,38.523,84.833,504
BR,2023-02-04,9119,1080.476258361662,519.6621493161359,1060.0,297.0,1759.3,988,960,71.09662499999999,15.700401918682312,72.82,48.42,88.86,455
BR,2023-02-05,9202,1086.3985003260163,561.467875357889,958.0,307.0,1738.6000000000001,959,891,70.1965544332211,16.07764247812225,65.87,44.432,85.918,443
BR,2023-02-06,10180,1091.4640471512764,602.67752372473,998.0,304.0,1847.0,1004,909,70.3619471947195,14.75951950129444,65.77000000000001,48.373000000000005,82.89999999999999,474
BR,2023-02-07,10178,1079.1067989781886,588.971954346362,1061.5,410.6,1868.0,1016,1000,69.88668000000006,13.885394401808032,67.3,51.971999999999994,84.536,490
BR,2023-02-08,9822,1070.175727957646,506.3301745396422,1030.0,438.2,1686.0,1011,1010,69.20353465346533,19.247107845509326,68.09,34.684,85.74199999999999,493
BR,2023-02-09,10198,1062.114140027457,513.4247233703484,1145.0,400.0,1675.0,1036,963,69.54329179646939,20.708727175102815,73.78,32.104,88.348,481
BR,2023-02-10,9940,1061.9064386317907,523.2968121439304,1130.5,411.8,1767.1,1058,1009,70.74787908820618,15.693620786413668,70.68,45.681999999999995,80.324,502
BR,2023-02-11,10319,1078.6066479310011,524.9494564314173,1097.5,361.1,1763.3,1024,887,69.31240135287484,14.418274215277597,67.91,45.536,81.682,476
BR,2023-02-12,10235,1059.3157791890574,375.9300715677719,647.0,389.3,1131.5,1004,893,70.43975363941763,13.302980265738098,68.645,50.374,86.014,456
BR,2023-02-13,10691,1078.956131325414,479.39926021748664,921.5,419.6,1772.9,1038,1046,70.47765774378587,17.225637049048785,64.6,36.555,85.455,475
BR,2023-02-14,10149,1087.5502019903436,410.3183624556135,930.0,384.4,1680.8,1043,1019,70.69153091265943,12.805179137457714,72.26,58.158,86.848,468
BR,2023-02-15,10914,1081.6817848634787,464.5964000316385,1533.0,553.0,1653.0,1068,1105,70.86499547511312,15.920341735303866,71.6,41.102,79.58,508
BR,2023-02-16,10203,1091.0753699892186,497.9664320169888,1302.0,383.5,1738.5,1089,953,69.85894018887727,18.27189981645298,64.71,40.66,87.24,481
BR,2023-02-17,10164,1097.3287091696172,522.6772274834287,1384.0,427.0,1764.0,1064,980,70.44093877551019,14.556466970617102,64.53,46.158,86.014,489
BR,2023-02-18,10066,1109.7147824359236,471.2629884663391,1088.0,398.4,1695.0,987,904,71.76997787610621,13.278314526812803,66.18,48.424,83.054,458
BR,2023-02-19,9935,1106.394967287368,436.34082942168976,1560.5,459.3,1726.1,951,946,69.99418604651162,13.11863692423874,72.305,51.958999999999996,79.21800000000002,438
BR,2023-02-20,10407,1086.9964447006823,457.45585596674505,912.0,399.0,1668.6,1011,978,69.96421267893659,14.175218261106247,58.379999999999995,33.531,73.985,470
BR,2023-02-21,9910,1088.0249243188694,504.9808004320677,852.0,419.2,1716.0,988,913,70.21585980284776,14.831631415056767,62.62,46.213,82.036,441
BR,2023-02-22,11011,1101.2723639996361,552.5634360858921,886.0,404.0,1777.0,1065,1031,70.13379243452958,18.615192883614796,67.36,35.364,84.166,509
BR,2023-02-23,10114,1104.9858611825202,460.08112805431074,682.0,395.2,1707.8,1055,969,70.58823529411764,20.580964468107418,58.905,36.407000000000004,78.958,477
BR,2023-02-24,10603,1109.8296708478733,515.3541755741745,989.0,371.1,1722.9,1093,1041,71.1320268972142,10.80500573655295,68.13,52.468,78.679,511
BR,2023-02-25,9844,1091.1298252742802,443.80232692429956,1053.0,284.6,1402.4,1014,996,71.07979919678719,16.814886698053225,70.405,42.144999999999996,79.776,458
BR,2023-02-26,10330,1087.5286544046462,500.5420031240229,1297.0,437.0,1683.5,1018,1054,69.64823529411765,22.239431934067024,55.24,23.528,83.19800000000001,494
BR,2023-02-27,10520,1108.9569391634986,480.53519061606215,1351.0,441.1,1738.9,1075,1054,71.25607210626187,12.906929724107398,64.16,43.284,74.654,479
BR,2023-02-28,10911,1084.671524149941,504.63993596082406,1202.0,459.0,1707.7,1105,1159,71.0274288179465,15.086088069954977,63.06,38.818000000000005,71.238,532
BR,2023-03-01,10742,1102.758331781791,494.1790472013514,1136.0,464.0,1770.0,1102,1082,70.35439926062847,15.826981668972767,69.215,50.551,89.217,519
BR,2023-03-02,10928,1120.550695461201,528.7785755192492,1419.0,454.0,1767.1,1074,991,71.02918264379409,15.294564575546294,66.205,41.068,83.183,454
BR,2023-03-03,11162,1130.7674251926169,502.53976569859003,1692.0,602.0,1787.4,1100,1083,71.48037857802403,17.951793335224682,71.77,50.006,77.134,493
BR,2023-03-04,10550,1084.8083412322273,442.92184842195786,816.0,413.0,1685.6,1029,945,71.13768253968254,15.890252777515318,73.745,45.978,86.432,478
BR,2023-03-05,10452,1084.6439915805586,539.5510105686682,1688.0,452.3,1774.7,1017,964,71.41576763485475,14.543477649749402,60.2,49.14,83.26,466
BR,2023-03-06,10382,1116.8037950298594,524.6298772101317,1693.0,419.8,1776.0,1070,999,70.53361361361362,15.519630058727666,69.14,40.352,77.868,497
BR,2023-03-07,11103,1091.3927767270106,565.6856446591711,1689.0,414.4,1841.8,1079,1010,70.71189108910895,16.254743346174372,60.155,41.855000000000004,84.42500000000001,486
BR,2023-03-08,10027,1117.7594494863868,496.7450857273196,1679.0,573.8,1817.2,1070,962,70.66941787941788,19.06209311097882,64.86,36.604,82.854,478
BR,2023-03-09,10377,1099.364267129228,488.17840660542953,1722.5,636.7,1825.7,1056,1023,69.58636363636366,18.995728832789986,59.24,42.551,82.06200000000001,465
BR,2023-03-10,10713,1102.7308877065252,440.6456243813796,1677.0,688.2,1838.4,1078,1102,70.16534482758618,12.458180482618639,68.9,46.315,76.745,515
BR,2023-03-11,10794,1125.728182323513,434.8397119355438,1651.0,592.6,1717.0,1034,972,69.97335390946499,20.579004011229085,62.24,37.168,85.95799999999998,470
BR,2023-03-12,10786,1125.4493788244026,398.5007155768089,1485.0,481.6,1623.6000000000001,1029,984,70.00905487804881,16.164869850510726,63.260000000000005,37.158,79.342,462
BR,2023-03-13,10643,1118.1763600488584,525.6268908959172,1523.0,579.2,1848.4,1088,1069,70.72569691300276,16.42142324809441,68.73,42.032000000000004,80.434,492
BR,2023-03-14,11208,1107.5037473233408,477.60256228929416,1228.0,588.0,1783.4,1101,1090,70.00866972477063,12.381190433201885,76.56,60.410000000000004,90.828,510
BR,2023-03-15,11136,1151.5941091954026,452.92152347526405,973.5,417.5,1682.3,1076,1095,70.52451141552513,7.531781912370419,72.28,63.88,80.98,491
BR,2023-03-16,10268,1095.6167705492785,485.84548438802267,1515.0,461.0,1762.6000000000001,1091,932,70.38803648068671,14.50601685508465,68.075,44.49,85.391,461
BR,2023-03-17,10090,1107.364122893954,489.03055455417797,1497.0,417.0,1722.0,1084,976,71.22202868852463,15.813865023583798,70.65,55.67,85.96,490
BR,2023-03-18,9647,1104.3320203171972,507.2091034207208,1499.0,367.0,1667.8000000000002,1006,907,70.5770672546858,11.532858295014524,75.62,58.064,89.444,473
BR,2023-03-19,10322,1119.6932764968028,462.8709437134528,1208.0,319.0,1656.0,1014,1053,70.74965811965814,14.522886494528697,75.56,57.872,89.956,500
BR,2023-03-20,10726,1130.0596680962149,447.2887837090029,1496.0,436.6,1740.0,1078,675,70.84401481481484,10.937616056527125,70.215,54.45,83.276,378
BR,2023-03-21,11240,1141.9817615658362,518.6973132620694,1581.5,423.0,1731.0,1084,1098,70.8711566484517,14.99848608193507,64.755,36.488,74.241,506
BR,2023-03-22,10726,1132.4588849524528,457.6690967251034,1587.0,632.8,1695.0,1065,1072,70.6655410447761,13.496429508112715,75.19,56.775999999999996,88.046,506
BR,2023-03-23,9635,1117.4041515308775,536.9664657238309,1230.0,383.6,1716.0,1032,1014,70.62183431952658,14.687551728540283,66.95,44.342,80.774,447
BR,2023-03-24,9934,1109.5715723776923,467.4597447081498,1535.0,429.0,1597.5,1036,973,70.41840698869476,13.88638119522008,62.01,41.212,75.986,475
BR,2023-03-25,9700,1117.2259793814437,469.42342761075963,855.0,402.0,1648.4,993,990,70.65253535353536,20.94372849483363,63.64,44.35,88.17,449
BR,2023-03-26,9927,1095.916691850508,536.5796616516551,1007.0,393.0,1674.6,995,930,70.00479569892472,18.692169715511074,61.875,36.954,77.094,438
BR,2023-03-27,10560,1122.1941287878788,448.57475433633084,1576.0,579.2,1708.0,1074,959,70.59410844629826,17.067507059668497,67.28,39.952000000000005,83.574,487
BR,2023-03-28,10393,1116.090156836333,495.19463891132887,1511.0,420.3,1699.4,1094,1000,70.14432999999998,13.554474146485916,74.38,53.24,86.381,504
BR,2023-03-29,10353,1097.773495605139,499.840049753464,988.0,366.0,1682.0,1077,1020,70.4354901960784,18.315329484773198,70.25999999999999,47.23,77.971,502
BR,2023-03-30,10383,1094.8696908407974,486.0172343893828,1012.5,403.0,1703.7,1069,983,70.4528077314344,15.546219837906373,67.88,53.588,84.082,492
BR,2023-03-31,10039,1090.7023607929077,463.5938570689823,1094.5,424.1,1561.3,1087,1016,70.69081692913389,13.077359698593234,72.55,55.8,90.935,474
BR,2023-04-01,10112,1077.5072191455697,468.4633978627957,1025.0,402.0,1736.0,1054,963,70.33565939771546,13.984699098975597,59.75,42.348,79.478,486
BR,2023-04-02,10550,1121.7244549763036,565.7926664536599,1099.0,396.0,1734.3,1029,963,71.09029075804781,14.249734643007281,72.43,50.134,86.966,455
BR,2023-04-03,10279,1081.5419787917112,504.19079631108934,1203.0,449.5,1694.0,1095,1021,69.19569049951029,8.189056172722227,62.129999999999995,50.839,69.80300000000001,517
BR,2023-04-04,10118,1066.5011860051388,467.02982887914754,663.5,446.3,1643.0,1100,955,70.32723560209419,17.163915374186107,65.38499999999999,56.115,76.438,467
BR,2023-04-05,10063,1086.0145085958463,473.09141772427296,1194.0,479.8,1699.0,1079,967,70.25992761116856,17.66496614754987,71.56,47.59,87.16,488
BR,2023-04-06,10553,1081.85236425661,523.1844824405865,1480.0,429.0,1791.0,1109,1026,69.20226120857701,20.176089955580878,59.65,31.71,80.85,505
BR,2023-04-07,10806,1073.2822506015173,367.29656379291697,979.0,436.0,1202.0,1071,1072,69.37772388059702,10.742839071148454,65.73,49.525,77.765,505
BR,2023-04-08,10574,1070.138547380367,476.8709736132169,1143.0,386.8,1539.8,1064,1038,68.60208092485551,16.853699197505573,57.99,40.954,80.264,491
BR,2023-04-09,9964,1086.3260738659174,467.6552371309149,1142.0,420.0,1679.0,1041,896,69.35363839285712,15.695549337312153,60.735,40.014,80.11000000000001,466
BR,2023-04-10,10044,1068.224512146555,511.2817852954199,1092.0,401.2,1702.8,1116,997,70.28520561685053,14.193234268481584,65.765,45.298,82.37400000000001,504
BR,2023-04-11,10792,1084.9076167531507,504.1896038476441,1164.0,384.8,1647.4,1106,992,71.10412298387095,9.644202643458875,63.86,54.2,77.38,496
BR,2023-04-12,10838,1087.6972688687952,467.3626078444387,1052.0,373.0,1511.0,1103,1123,71.02534283170083,16.271454283185506,71.36500000000001,52.563,91.44500000000001,503
BR,2023-04-13,10665,1080.3924988279416,469.97311342445965,874.5,352.0,1713.0,1128,1103,70.63620126926565,17.043018094211988,69.62,41.31,81.28,508
BR,2023-04-14,11463,1087.8365174910575,456.23851749792084,1221.0,380.2,1681.6,1152,1126,70.07849023090589,13.349944312572577,77.76,59.39,90.376,528
BR,2023-04-15,11401,1085.0958687834398,452.735164525442,852.5,342.7,1480.2,1118,1134,70.82088183421513,13.272644904087505,62.28,43.237,75.852,533
BR,2023-04-16,11035,1081.6452197553242,492.7943663731621,1125.0,392.6,1705.4,1090,1095,70.68852054794519,16.64464813141705,65.49,40.838,84.932,483
BR,2023-04-17,11389,1068.0576872420759,522.1692929685182,1227.0,367.0,1704.7,1117,1084,69.92599630996308,14.195385614698884,61.745,43.337,80.308,515
BR,2023-04-18,11802,1073.4256058295207,554.1342851135196,980.0,394.0,1747.2,1146,1144,69.9841695804196,15.450525796628742,61.96,52.6,79.29,564
BR,2023-04-19,11170,1061.2647269471797,515.1900356909557,695.0,382.0,1724.0,1169,1066,70.59529080675425,14.289115862535512,65.39,40.638,76.062,552
BR,2023-04-20,11178,1109.576042225801,498.3958320666646,800.0,377.0,1743.2,1150,1087,69.71664213431464,17.798094193370808,65.51,35.68,80.26,557
BR,2023-04-21,11380,1088.3675746924432,509.8394781294964,1199.5,407.7,1718.5,1103,1117,70.01627573858552,15.473690624515207,65.26,40.85,79.195,487
BR,2023-04-22,10845,1108.506039649608,569.6659149081996,1714.0,408.5,1775.0,1063,1000,69.96439000000002,12.772332167619195,68.205,50.052,77.86400000000002,499
BR,2023-04-23,10361,1087.6647041791337,406.2443894548809,792.0,376.3,1325.2,1081,1036,71.88140926640924,16.575596892009315,68.46000000000001,45.282000000000004,88.14099999999999,487
BR,2023-04-24,11501,1120.383444917833,546.9856060821509,1769.5,401.0,1866.9,1130,1220,71.47567213114758,13.009583143645628,69.015,51.033,83.105,545
BR,2023-04-25,11758,1112.5811362476602,553.947589260053,1232.0,404.0,1790.5,1155,1188,70.68247474747474,14.616729493850816,71.93,51.734,88.91,550
BR,2023-04-26,11393,1106.1970508206787,480.6132804290093,1169.0,563.4,1744.6,1143,1162,71.02981067125648,13.217014829378074,76.88,56.976000000000006,86.38000000000001,538
BR,2023-04-27,11158,1081.5747445778811,515.4695007764642,1178.0,377.20000000000005,1691.0,1157,1115,70.09812556053814,13.269634743361335,68.4,49.82000000000001,79.13,562
BR,2023-04-28,11220,1098.3421568627457,525.0385373142917,958.0,381.1,1766.9,1145,1162,70.52444061962136,15.374371878473484,68.83,47.47,84.96,541
BR,2023-04-29,10363,1083.213451703174,606.5637173845746,1372.0,359.8,1798.0,1083,1006,70.91320079522862,16.489338478880054,67.245,46.235,88.872,497
BR,2023-04-30,10532,1105.54965818458,481.04801034604384,539.0,221.8,1385.4,1014,974,69.64794661190963,14.001327606695016,73.095,54.396,87.598,485
BR,2023-05-01,11672,1130.1193454420838,559.3701656934634,1676.0,371.8,1789.2,1098,1180,70.24716949152538,19.78333456550266,65.86,31.55,88.04,527
BR,2023-05-02,11478,1078.4612301794732,591.3352312484877,1217.0,348.0,1792.0,1117,1041,70.57491834774255,14.646198312190096,76.63,48.777,85.34,494
BR,2023-05-03,11659,1106.6792177716782,531.1508714705162,1615.5,351.0,1744.0,1160,1096,70.68943430656937,15.171401324221488,74.98,49.33,84.78,522
BR,2023-05-04,11212,1095.823492686407,534.610952886775,806.0,323.0,1708.0,1126,1111,71.10361836183617,16.14873527555641,68.245,47.117,88.891,525
BR,2023-05-05,10831,1090.3356107469301,511.32128950396736,787.5,333.9,1662.1,1153,1133,71.08767872903796,13.635336446160762,55.97,46.43,76.175,525
BR,2023-05-06,11570,1126.6961106309416,570.0001357606932,1271.5,361.1,1690.0,1098,1169,70.18282292557741,19.858978440276278,70.475,31.307000000000002,83.93,524
BR,2023-05-07,11989,1139.3525731920927,532.0333974261694,988.5,419.0,1661.6,1108,1135,70.8162114537445,12.496617802817502,59.82,47.458,77.306,531
BR,2023-05-08,11511,1141.1522891147604,549.4331146457395,812.0,402.4,1735.0,1160,1013,70.46755182625867,10.996030538485504,69.63,61.8,84.86,485
BR,2023-05-09,12250,1122.5951020408156,521.9818998175177,1523.0,395.0,1741.2,1189,1115,71.34574887892377,19.37953575868685,68.77,37.612,85.436,554
BR,2023-05-10,11675,1113.5907494646674,516.6874672305922,1556.0,363.7,1655.0,1153,1097,70.62413855970831,15.583566097820544,63.52,44.83,80.308,544
BR,2023-05-11,11304,1078.1821479122434,550.0435304305092,863.0,363.4,1691.2,1173,1050,70.38978095238096,17.081888800715216,66.91,45.835,86.08,531
BR,2023-05-12,11387,1088.2372881355936,551.6481198841775,1415.5,390.3,1689.0,1184,930,70.73169892473122,10.196148884309503,75.18,61.444,84.242,493
BR,2023-05-13,11363,1125.865616474523,563.8360909720493,1258.0,319.2,1684.0,1126,1076,70.71399628252787,10.762752635392928,66.91,53.242000000000004,76.976,499
BR,2023-05-14,10588,1104.9320929353985,545.5165720279658,582.5,368.0,1646.5,1134,1046,70.33150095602296,18.51415208615117,56.435,37.895,76.324,511
BR,2023-05-15,11631,1105.2643796750062,479.15591991226455,1257.5,474.5,1649.0,1184,1103,71.48106980961015,13.827478184440446,76.08,55.372,91.80799999999999,543
BR,2023-05-16,11665,1107.3580797256748,501.30678737571685,1010.0,457.20000000000005,1625.3,1159,1151,70.5630234578627,15.042455819147548,69.20500000000001,47.015,84.205,571
BR,2023-05-17,11424,1109.4361869747893,482.0398698518812,1111.0,421.0,1631.4,1200,1166,70.68819039451112,19.648610112138797,57.33,48.05,91.38,554
BR,2023-05-18,10976,1095.5909256559762,433.20644483345495,1587.0,629.4000000000001,1688.0,1169,1132,69.52811837455828,16.024892528674116,69.58000000000001,43.53,83.375,541
BR,2023-05-19,10920,1098.469139194139,498.9454864062442,1302.0,367.3000000000002,1665.0,1173,1144,70.33358391608387,12.196333016860919,69.15,55.626,82.8,546
BR,2023-05-20,10949,1105.1069504064303,499.3252442186208,808.5,302.0,1646.9,1092,1071,71.0555929038282,16.37763198186274,64.49,52.622,91.32,528
BR,2023-05-21,10615,1114.0748940178992,466.2783775734313,1315.0,352.0,1632.0,1108,1084,71.1328966789668,14.426417583917207,73.4,62.207,92.46600000000001,542
BR,2023-05-22,11163,1097.9096121114396,485.47986324567603,1258.5,532.5,1684.7,1178,1114,71.02232495511672,12.657138855207364,67.83,60.055,81.717,551
BR,2023-05-23,11688,1114.4355749486656,499.313660535773,1022.5,420.0,1710.2,1181,1143,71.47576552930883,13.86921269584071,64.82499999999999,45.789,80.44800000000001,552
BR,2023-05-24,11526,1084.2654867256645,462.30522910179116,1212.5,485.0,1674.0,1180,1118,70.80826475849734,14.820790156660628,70.66,45.411,86.407,547
BR,2023-05-25,11682,1116.3192090395478,478.8897999585091,1183.0,490.0,1670.0,1156,1158,70.60999999999996,14.825949677129465,66.92,49.134,88.938,584
BR,2023-05-26,11441,1101.9812079363685,521.08429489139,1176.5,417.3,1694.7,1160,1052,70.33298479087455,15.879327368409852,60.18,47.260000000000005,85.634,523
BR,2023-05-27,10665,1117.04125644632,422.90900845826354,1204.0,568.2,1646.6,1120,989,71.25239635995958,8.99273053922002,71.605,64.95,75.088,518
BR,2023-05-28,10965,1110.1939808481525,469.5659165577234,1185.5,408.5,1532.7,1105,1070,70.81348598130839,16.812054416472193,52.19,40.626,84.206,493
BR,2023-05-29,11519,1109.3453424776453,464.56485993039104,1210.0,511.0,1726.0,1225,1147,70.28943330427198,13.016331432113171,64.765,45.986,78.492,538
BR,2023-05-30,11536,1107.778606102635,510.86433742671164,1017.0,393.8,1790.8,1175,1182,70.30264805414551,10.38883481863529,71.05,50.98,81.54,515
BR,2023-05-31,12193,1123.9137209874514,482.57615975897204,1193.0,550.2,1783.0,1171,1300,71.54389999999997,15.142496206372316,75.48,46.108000000000004,84.948,541
BR,2023-06-01,10578,1092.466723388165,486.6067494451337,1243.5,568.7,1757.9,1168,1064,70.71983082706767,16.837411759234254,67.045,45.049,90.428,497
BR,2023-06-02,11341,1091.0862357816761,510.1454256446121,937.5,420.9,1715.0,1195,1209,70.57970223325061,17.291341907440266,66.33,40.298,83.254,547
BR,2023-06-03,10402,1103.3826187271688,432.19831823762576,794.0,426.0,1726.0,1121,1046,70.51818355640542,17.3216727248743,67.85499999999999,43.318,81.659,476
BR,2023-06-04,10602,1095.2875872476893,480.36255668780996,1053.5,392.8,1759.4,1050,1023,69.90569892473118,11.670950687104646,69.3,55.662000000000006,85.45600000000002,481
BR,2023-06-05,10681,1114.436569609587,513.3790602746868,1212.5,497.0,1705.0,1144,1079,71.26658016682114,15.504228136355794,65.12,42.073,75.965,520
BR,2023-06-06,10962,1087.9704433497536,514.1384759468791,1175.0,485.0,1748.5,1173,1157,69.96691443388075,16.358978626077672,57.81,43.166,81.158,540
BR,2023-06-07,10864,1126.0503497790864,496.7662115584878,821.0,375.0,1725.0,1176,1100,70.89003636363637,13.07324580354856,70.0,47.211999999999996,81.632,554
BR,2023-06-08,10393,1094.06918117964,509.7032630635357,1112.5,330.0,1616.0,1107,1226,70.15197389885815,22.18901935872879,63.785000000000004,38.044,84.86100000000002,554
BR,2023-06-09,10807,1107.687887480337,500.7568614138614,1015.0,346.4,1721.0,1120,1131,70.39966401414677,15.058675158215648,71.06,53.92,90.24,519
BR,2023-06-10,10712,1115.5785100821506,572.4331122756658,999.0,368.8,1956.4,1070,1086,69.71372928176793,17.66853636164099,62.13,39.812,77.482,513
BR,2023-06-11,10034,1105.9066175004978,572.695329400266,1210.0,391.1,1970.3,1066,998,69.75793587174351,15.364239997275412,70.68,50.008,87.47399999999999,484
BR,2023-06-12,10471,1104.636519912138,476.08850055874456,752.5,385.1,1683.2,1142,1066,70.26138836772984,18.24542541981414,69.455,32.672,79.822,528
BR,2023-06-13,11307,1106.6832935349787,486.0569437458212,719.0,397.0,1697.8,1170,1130,69.99849557522123,18.662992063171437,61.675,35.480000000000004,78.426,546
BR,2023-06-14,11427,1114.51369563315,481.82264703336466,1267.0,596.4,1749.0,1161,1162,69.30141996557659,13.606100245437297,69.455,54.287,90.34,544
BR,2023-06-15,11406,1107.135192004208,498.04602056909084,1054.0,430.0,1733.0,1154,1130,70.21594690265488,19.839651923099662,60.89,27.31,81.55,561
BR,2023-06-16,10628,1095.0403650733904,505.76712414291484,1182.0,431.0,1704.0,1171,1099,69.99878070973617,16.985290197770926,68.44,45.286,86.882,516
BR,2023-06-17,10781,1111.668490863556,507.6769372933374,1309.5,429.7,1752.9,1094,1120,70.57945535714286,14.53427951402255,67.65,47.07,86.04,512
BR,2023-06-18,10510,1098.8631779257846,485.145113488602,1176.5,380.0,1624.0,1089,1147,70.9888753269398,12.450965916310867,60.0,43.95,73.87,493
BR,2023-06-19,11166,1119.9610424502955,541.3285555319992,1226.5,425.0,1760.0,1119,1118,70.19021466905188,14.70966358331743,57.805,39.900000000000006,74.0,528
BR,2023-06-20,11143,1077.585928385533,472.2027615756313,1255.5,495.6,1715.3,1168,1130,70.73252212389382,17.566466463122286,64.98,42.329,84.084,541
BR,2023-06-21,10477,1064.2109382456802,495.89025763160305,1230.5,461.2,1682.9,1123,1082,69.95450092421443,16.124170654329504,60.72,47.246,83.18199999999999,534
BR,2023-06-22,10462,1110.0073599694135,485.9243284065858,1254.0,442.2,1691.4,1104,1024,69.8153125,14.573820127426302,63.41,47.41,78.75,499
BR,2023-06-23,10499,1072.1085817696921,420.14619211820786,1012.0,479.6,1703.0,1149,1092,69.95608974358974,12.331567275869274,49.33,44.448,69.42200000000001,519
BR,2023-06-24,10220,1074.5996086105672,370.4429294965798,739.0,463.0,1298.0,1083,976,70.12478483606563,12.563072872510132,59.43,44.507000000000005,73.55199999999999,484
BR,2023-06-25,10588,1097.807329051757,405.72184943436093,787.0,460.0,1378.6000000000001,1064,1074,70.23761638733704,15.758028883891399,79.21000000000001,52.681,91.471,497
BR,2023-06-26,11081,1102.2349065968783,430.49892151847655,1197.0,515.5,1676.6,1189,1183,70.69278106508872,13.764366446497615,59.55,47.82,80.96000000000001,551
BR,2023-06-27,11255,1117.7516659262537,481.4358095056054,1204.0,477.6,1672.0,1171,1160,70.01751724137932,16.10908931248159,58.82,40.198,78.958,549
BR,2023-06-28,11726,1097.592273580078,425.322998232915,988.0,478.3,1644.0,1175,1158,70.0445595854922,13.555402834294522,66.205,44.758,78.943,565
BR,2023-06-29,10981,1147.7642291230304,402.37714847128,1086.0,569.4,1675.4,1161,1061,69.95296889726673,14.577337601755524,73.12,47.830000000000005,85.566,526
BR,2023-06-30,10894,1132.6605470901422,361.256420674499,825.0,527.0,1549.5,1144,1076,69.6147862453532,13.246810936976493,70.37,50.97,77.34,519
BR,2023-07-01,9891,1105.8863613385906,417.7773159100268,1213.0,471.8,1686.7,1063,982,70.4434725050916,12.45358915494793,70.37,48.17,81.996,460
BR,2023-07-02,9051,1104.2589769086285,397.7898480624241,948.0,439.6,1324.4,1001,960,70.10960416666668,12.683356602015003,69.21,54.828,81.652,453
BR,2023-07-03,10952,1124.9369065010958,478.69675027120263,1073.0,458.4,1687.2,1160,1074,69.83336126629425,13.744651979031385,67.86,49.447,84.24,530
BR,2023-07-04,10912,1117.7824413489732,479.5953828661621,1224.0,431.0,1701.0,1168,1055,70.58611374407583,13.346278732290886,64.635,43.638999999999996,73.35,515
BR,2023-07-05,10999,1111.3080280025463,482.78690766914474,1031.5,434.5,1630.5,1156,1091,72.39785517873513,14.561413941088233,60.5,41.45,76.72,532
BR,2023-07-06,10626,1106.0814041031433,475.29427805678426,1276.5,496.5,1693.5,1130,1068,72.27822097378278,11.789512170663475,73.025,54.175,80.854,536
BR,2023-07-07,10914,1113.7373098772218,498.88483419703306,1591.0,446.8,1711.4,1127,1059,71.74708215297451,13.983610129331229,62.92,49.4,80.806,526
BR,2023-07-08,11265,1121.0226364846867,483.8514564042596,1280.0,430.6,1670.9,1057,998,71.62871743486971,16.8009836390513,56.45,43.34,83.37,486
BR,2023-07-09,10307,1078.2945570971185,487.6086222263127,1048.5,416.0,1653.9,1066,1039,71.50523580365737,17.413340607776814,68.36,49.281000000000006,84.92,494
BR,2023-07-10,11634,1120.664603747637,484.1439554645458,1010.5,386.3,1679.0,1168,1160,70.6530172413793,18.1338343416111,71.21,39.498000000000005,87.646,566
BR,2023-07-11,11394,1102.1950149201336,502.41105708906065,1303.0,441.0,1691.8,1169,1068,70.8716573033708,14.690916836603492,72.64500000000001,50.2,86.97999999999999,538
BR,2023-07-12,11428,1125.4977248862447,490.0360753815599,1503.0,608.2,1768.0,1151,1155,71.66441558441561,12.732164102554403,69.575,49.54,82.14,563
BR,2023-07-13,10725,1123.1657808857808,548.1054669404554,1333.5,414.0,1784.0,1153,1249,71.18838270616494,13.54531815794668,60.865,48.193000000000005,81.604,536
BR,2023-07-14,10979,1108.5049640222242,546.9445317009347,913.5,443.6,1841.7,1104,1123,70.5479875333927,13.687642820157977,61.915,46.603,80.21799999999999,514
BR,2023-07-15,10155,1113.091482028557,567.9578128230797,1070.0,337.9,1773.1,1033,1031,71.17370514064018,16.885149540350536,61.955,37.823,77.571,453
BR,2023-07-16,10757,1093.2373338291345,546.419735897028,1219.0,380.6,1763.1,1048,990,71.61837373737373,17.922622177412705,64.78999999999999,46.596,89.876,476
BR,2023-07-17,10611,1135.7747620393923,518.5491036278914,1079.0,452.0,1753.6,1121,1031,71.0625897187197,14.64142670643814,59.57,42.754,77.042,519
BR,2023-07-18,11573,1117.1174284973645,506.6655963219468,1249.0,416.4,1727.0,1136,1041,71.19222862632083,15.810314862625708,68.75,45.696,83.396,511
BR,2023-07-19,11444,1134.0803040894798,487.20871564743146,1259.5,389.8,1676.7,1145,1091,71.79256645279563,12.294913831436517,64.765,45.911,74.248,522
BR,2023-07-20,11957,1103.9774190850533,455.5474587975952,1090.0,338.0,1648.6,1178,1141,71.43037686240139,19.090939670817487,66.46,46.774,88.13199999999999,538
BR,2023-07-21,11063,1126.1877429268732,497.14093620463774,1236.0,311.6,1664.8,1148,1118,72.23245974955277,14.101739053085959,67.6,54.202,89.428,528
BR,2023-07-22,9872,1103.2597244732578,517.3102166995825,1191.0,304.0,1687.0,1051,1015,71.41600000000001,16.236099543765484,57.53,37.566,71.786,481
BR,2023-07-23,10453,1113.851334545107,521.2236388641113,1469.0,359.0,1714.0,1056,1108,70.06126353790614,17.655605414457483,66.33,37.744,82.818,482
BR,2023-07-24,11187,1133.8780727630285,536.6051528398893,1319.0,409.4,1774.6,1121,1123,71.88792520035621,18.645577810859777,74.75,36.37,79.62,503
BR,2023-07-25,12049,1136.3545522449997,533.2617941086856,1657.0,403.5,1750.0,1168,1185,71.23828691983121,18.56349553397499,69.66,40.87,84.27,543
BR,2023-07-26,12562,1127.4446744149025,499.79909880038855,1209.5,387.4,1734.0,1180,1286,70.91070762052878,13.716871363397702,63.94500000000001,49.883,80.97699999999999,571
BR,2023-07-27,11108,1130.981724882968,504.6090949090601,904.0,383.7,1696.3,1152,1116,70.92206093189967,16.455062563976323,71.66999999999999,43.295,81.75999999999999,538
BR,2023-07-28,11781,1145.0287751464218,532.3173960697159,1217.0,394.0,1686.0,1157,1142,71.68316112084064,15.68781794087475,60.54,39.15,79.88,543
BR,2023-07-29,10713,1132.733968076169,542.68523944505,1053.0,405.0,1758.0,1048,1029,71.35724003887267,14.529953509904978,65.93,45.948,80.744,475
BR,2023-07-30,9707,1117.199237663542,550.8879500557164,1029.5,403.1,1762.0,1025,1044,70.93115900383144,11.240226155361317,61.43,49.562000000000005,75.022,477
BR,2023-07-31,10627,1123.4291897995665,571.427157380711,1127.0,362.1,1784.0,1166,1137,71.89674582233951,18.172956889548136,69.925,32.5,82.065,550
BR,2023-08-01,11328,1142.3724399717507,596.6217960722696,1153.0,349.0,1782.0,1141,1170,70.67301709401711,13.693104565960232,72.89,50.821,83.862,554
BR,2023-08-02,10539,1112.2254483347567,619.0228545767786,1157.0,407.7,1819.6,1139,1066,71.2948780487805,18.08695821963685,66.435,39.639,82.89,536
BR,2023-08-03,10449,1120.7572016460904,543.3662450710192,1105.0,364.9,1788.0,1144,1178,71.99921901528012,13.040860070561381,66.7,47.251999999999995,81.236,547
BR,2023-08-04,11142,1117.2015796086885,523.1947118215393,901.0,311.0,1732.0,1166,1178,71.28330220713069,16.411602686342825,58.285,42.45,82.015,559
BR,2023-08-05,9879,1100.2715861929344,480.1396496012943,884.5,329.7,1712.0,1068,1118,71.34508050089447,13.930769057399964,72.91499999999999,53.928000000000004,88.28700000000002,519
BR,2023-08-06,10651,1129.435076518637,459.70212392202956,882.0,429.4,1732.8,1072,1121,71.61326494201606,10.712298487667757,58.69,51.228,79.38600000000001,485
BR,2023-08-07,11323,1134.2044511171948,535.8756605141773,900.0,459.2,1754.6,1158,1195,71.56914644351464,9.933142196147646,65.25,49.915,77.148,544
BR,2023-08-08,11665,1120.3440205743682,471.4258006565735,875.5,305.9,1705.0,1174,1186,72.0243254637437,11.598963248389918,57.375,43.47,71.37299999999999,527
BR,2023-08-09,10681,1118.1520456886058,546.6672605603696,1129.5,302.1,1710.9,1164,1277,71.98581832419731,10.684054994357199,67.66,57.768,84.26100000000002,543
BR,2023-08-10,10765,1110.3304226660473,545.0137260603435,1645.0,433.2,1743.8,1169,1182,71.33175972927245,15.56172139705329,71.35,53.410000000000004,85.68,562
BR,2023-08-11,10660,1083.395684803002,496.9852459622884,974.0,447.2,1691.4,1183,1193,70.7205699916178,16.955907606735952,65.36,37.642,80.92399999999999,552
BR,2023-08-12,10328,1109.7790472501936,496.6775548293161,1117.5,459.2,1703.0,1103,1110,71.9754144144144,14.5645939347575,69.82499999999999,53.505,82.725,497
BR,2023-08-13,10249,1106.279051614792,524.1927915935325,915.0,349.4,1666.0,1076,1089,70.90338842975208,14.00869558760257,59.51,40.86,76.28,521
BR,2023-08-14,11370,1107.1001759014948,537.572544432538,1047.5,354.0,1663.0,1184,1267,72.40346487766378,10.712460034931285,59.79,45.522,70.27,539
BR,2023-08-15,10991,1112.102902374671,519.6583591661265,1337.0,412.2,1713.0,1192,1218,71.68016420361249,15.539362630823124,73.495,50.767,82.91000000000001,547
BR,2023-08-16,11198,1123.799696374352,558.1140463858823,1679.0,424.40000000000003,1898.0,1178,1258,71.01967408585054,10.341147835709535,68.25,58.67,84.67200000000001,554
BR,2023-08-17,11164,1087.6221784306692,513.469329062123,1034.0,413.4,1731.6,1180,1272,71.36061320754716,11.938263413634889,69.73,51.764,80.82199999999999,618
BR,2023-08-18,12562,1114.9656901767225,592.6281913739028,1636.0,404.2,1888.8,1217,1309,71.62516424751719,20.018069731856606,66.43,34.672000000000004,82.232,627
BR,2023-08-19,10459,1111.0326991108127,585.7263696700666,1659.0,409.8,1901.0,1092,1177,71.52940526762953,15.902467401143902,72.21000000000001,47.694,87.045,504
BR,2023-08-20,11252,1141.1267330252394,589.6827304836288,1006.0,178.0,1745.0,1116,1178,71.29245331069606,15.680402442579261,69.85,47.634,87.192,523
BR,2023-08-21,11249,1108.5730287136637,566.9380900241264,1018.0,302.0,1748.0,1180,1267,72.07652722967642,10.500021791297794,77.44,61.21,90.33,580
BR,2023-08-22,11279,1108.0495611313054,591.8259131452598,1028.0,298.0,1759.6,1187,1322,72.71913010590015,11.159445094394918,67.52,57.424,84.322,588
BR,2023-08-23,11971,1094.451591345752,564.7624360593342,1305.5,382.0,1799.0,1231,1293,71.49164733178654,14.977309237643457,68.6,46.394000000000005,85.126,580
BR,2023-08-24,12306,1115.052575979197,574.522312239402,1106.5,390.3,1785.0,1200,1367,72.30653986832476,17.695705098903755,70.2,44.824,82.82799999999999,585
BR,2023-08-25,12209,1097.8650995167498,546.3758585830832,1360.0,411.7,1787.7,1209,1259,71.32100079428116,17.72472926363435,58.7,42.596000000000004,87.11900000000001,568
BR,2023-08-26,11415,1124.697328077091,577.0565102390123,1116.0,360.8,1784.6,1125,1184,71.4519256756757,13.994693355170853,65.33,50.788,82.944,541
BR,2023-08-27,10751,1076.42796018975,491.03818335856784,1123.0,442.6,1717.0,1113,1206,72.33085406301824,14.591099923426794,69.78,47.152,81.658,541
BR,2023-08-28,11896,1100.3805480833896,564.0554248663076,1326.0,373.2,1753.0,1228,1258,72.35630365659776,18.92446531882224,66.805,35.663,81.458,575
BR,2023-08-29,11622,1098.6538461538457,514.1765368625552,1110.0,424.0,1715.0,1201,1203,72.11280133000832,7.127951483206012,72.31,64.986,78.764,549
BR,2023-08-30,12152,1095.7978110599076,518.7827476631804,1062.5,420.0,1697.3,1211,1240,71.31224193548385,14.65018207224743,66.325,54.208000000000006,85.06700000000001,565
BR,2023-08-31,11433,1098.7657657657646,538.8914828362363,1153.0,430.9,1794.0,1220,1193,71.75663872590114,15.626065261464754,69.28,45.62,81.70400000000001,608
BR,2023-09-01,11086,1091.8951831138377,543.936180967064,1047.0,436.6,1758.2,1172,1183,71.8225443786982,15.368949215870288,69.47,46.168,76.37,540
BR,2023-09-02,11123,1096.7270520543025,513.9713769525795,988.0,459.0,1718.0,1109,1201,71.621290591174,14.926990185566547,74.59,53.128,85.21,537
BR,2023-09-03,10818,1111.1200776483643,498.9508901744149,1179.5,452.8,1790.9,1107,1156,72.04887543252597,14.601984145047625,60.315000000000005,41.466,78.83,530
BR,2023-09-04,12545,1101.0471104025503,519.0173651570511,1203.0,451.4,1811.6,1221,1136,71.881073943662,16.26390113103249,50.485,38.328,74.61699999999999,582
BR,2023-09-05,12708,1113.0181775259682,534.2249856833682,888.0,436.8,1718.6,1221,1221,71.96180999181001,17.038790792385083,67.12,39.324999999999996,76.487,562
BR,2023-09-06,12074,1086.1554580089455,567.2186864937931,1043.0,436.0,1761.0,1216,1248,71.12573717948717,16.786370774738124,65.48,45.272,85.828,606
BR,2023-09-07,12217,1082.1292461324388,475.003210542044,1033.0,441.4,1661.3,1122,1366,72.36906295754028,23.5820292408051,62.76,20.11,85.876,557
BR,2023-09-08,12619,1090.54925112925,511.16322306924957,1085.5,442.5,1735.0,1207,1381,72.49162201303403,10.154068252840009,69.19,54.443,79.691,608
BR,2023-09-09,11495,1084.6314049586779,504.38689809166635,1207.0,449.8,1676.0,1147,1226,72.05032626427406,13.35930480202426,65.6,55.61,84.81,536
BR,2023-09-10,10643,1111.983369350747,521.575277543547,998.5,427.1,1672.4,1084,1196,71.6753177257525,13.086661088203513,66.345,57.965,84.65,529
BR,2023-09-11,11749,1087.4295684739125,534.0347547020818,1185.0,436.0,1721.8,1222,1258,72.16247217806044,12.9365520033112,61.855000000000004,50.629999999999995,81.68,564
BR,2023-09-12,12826,1097.838375175424,488.97465663910845,1059.0,448.0,1705.0,1235,1317,71.6768944570995,12.792817659666277,59.95,46.613,79.991,606
BR,2023-09-13,12601,1087.5686056662173,507.08611487596465,1290.5,445.7,1713.1,1283,1405,71.36312455516013,14.917069226928849,69.58500000000001,46.833,84.98400000000001,629
BR,2023-09-14,12130,1079.9802143445995,526.1339620911117,1208.0,406.0,1727.0,1236,1226,71.61729200652529,13.266960700259204,59.49,44.706,79.00200000000001,593
BR,2023-09-15,11802,1073.398322318251,513.5940051363814,1066.5,433.3,1737.0,1231,1221,70.8498443898444,17.271138092204577,61.015,28.008,79.133,592
BR,2023-09-16,11184,1079.4241773962801,514.3593963625199,1038.0,419.2,1670.0,1134,1171,71.2956959863365,15.066962979894123,74.3,49.769999999999996,83.925,537
BR,2023-09-17,11454,1094.3090623363023,453.7524797006261,1119.0,454.8,1667.0,1135,1153,72.1326799653079,15.659889028522306,69.54,52.522,85.712,535
BR,2023-09-18,11429,1094.850905591041,506.8514883643527,1115.0,449.0,1673.0,1216,1262,71.65127575277337,8.951100628924682,75.77000000000001,63.058,81.477,590
BR,2023-09-19,12064,1135.3852785145884,522.9626455774926,1148.0,469.0,1780.0,1202,1274,72.82201726844583,15.641432083832225,68.76,47.372,84.006,583
BR,2023-09-20,11820,1088.3802030456845,476.2974975897863,1128.0,485.0,1662.0,1192,1268,70.82210567823346,11.99966019832838,73.77,58.128,87.112,584
BR,2023-09-21,12663,1123.2928216062544,510.26674188095944,1211.5,471.1,1864.0,1248,1382,72.1886396526773,12.958857760614313,67.05,54.522,82.05399999999999,585
BR,2023-09-22,12201,1110.3652159659043,536.433387234457,1086.0,437.8,1880.2,1258,1289,71.63281613653996,14.626446134167551,70.28,47.81,84.97800000000001,590
BR,2023-09-23,11187,1116.3371770805404,481.2150427411725,1071.0,413.5,1696.5,1170,1369,72.00335281227177,14.238399091739637,76.03,53.624,83.138,592
BR,2023-09-24,11410,1115.9341805433833,511.82894745277673,944.0,409.0,1683.1,1148,1236,71.6420631067961,16.908448222760573,69.42500000000001,39.16,86.155,568
BR,2023-09-25,12248,1102.4868549967346,582.4734433236617,1060.0,406.2,1860.0,1267,1269,72.57963750985026,11.895139878722528,66.78,52.425000000000004,77.73,624
BR,2023-09-26,12615,1098.8485929449057,581.8867971710989,1216.5,404.3,1884.7,1217,1279,71.97627834245507,17.025363757425694,65.85,42.586,84.132,575
BR,2023-09-27,12254,1093.0094662967197,566.5688036075574,1061.0,443.20000000000005,1838.0,1255,1339,70.94114264376402,13.598336249335798,70.22999999999999,47.943000000000005,82.44500000000001,617
BR,2023-09-28,12124,1094.513444407786,469.66102346383497,909.0,487.0,1602.7,1219,1324,71.54212990936553,11.3199732230967,61.8,45.244,73.932,616
BR,2023-09-29,12318,1093.8206689397637,454.99246271422567,1020.0,474.6,1588.0,1219,1263,71.52337292161519,20.44239148338686,64.65,37.686,88.33399999999999,574
BR,2023-09-30,10486,1075.1252145718092,477.6556547053043,1011.0,460.8,1630.0,1172,1099,71.87258416742495,14.839712332433368,64.8,40.53,79.83500000000001,519
BR,2023-10-01,11796,1099.7310952865375,366.9751425078476,1009.0,593.7,1576.6000000000001,1180,1275,71.96051764705882,14.871098717680745,71.93,48.065,87.92,597
BR,2023-10-02,12678,1098.8108534469159,414.298709172817,767.0,440.0,1346.0,1254,1204,72.25438538205978,10.172914217345461,67.88,60.112,82.988,586
BR,2023-10-03,12355,1107.256009712667,484.0122764948832,714.5,472.5,1816.5,1227,1156,71.0108564013841,16.209357967368284,66.62,45.15,83.27,589
BR,2023-10-04,11757,1088.6970315556687,504.2398274227457,1295.0,516.8,1785.0,1243,1172,71.88058020477816,9.575438922344793,71.96000000000001,62.84,85.51,572
BR,2023-10-05,11660,1079.8218696397946,477.5592158610084,1797.0,601.6,1904.3,1257,1089,71.6018181818182,12.900618744850963,65.175,53.730000000000004,81.241,596
BR,2023-10-06,12120,1083.0864686468653,591.5308796394796,1838.0,503.4,1932.0,1255,1231,71.35939886271325,16.061313923794582,72.74,45.63,82.37,576
BR,2023-10-07,11195,1104.913175524788,548.4388559158712,1391.0,480.2,2001.0,1183,1088,71.53054227941178,10.767762052041036,73.945,58.875,84.28,572
BR,2023-10-08,11181,1106.5497719345317,589.0288891664588,920.0,441.1,1995.7,1164,1090,71.83371559633028,15.327618465042683,68.5,49.502,83.67200000000001,528
BR,2023-10-09,12595,1090.4670901151248,463.8295131103942,981.5,435.7,1645.3,1254,1193,72.15082984073763,10.68217955288152,69.27,53.964,79.034,598
BR,2023-10-10,12087,1101.3773475634976,485.4786260220954,854.0,477.0,1932.8,1267,1178,71.54604414261465,17.407344463468323,71.79,55.0,95.7,621
BR,2023-10-11,12027,1101.6429699842022,537.3892650185865,1820.0,586.0,1895.0,1235,1157,71.02818496110632,18.776108527761576,74.24000000000001,44.328,89.778,579
BR,2023-10-12,12418,1118.656224834917,546.6019496373367,1032.0,451.0,1902.0,1192,1306,71.85873660030627,13.324773178066241,71.36,50.082,80.77,563
BR,2023-10-13,12238,1107.1393201503508,560.969788220364,1275.5,522.0,1932.0,1231,1277,71.40267032106503,15.873358962425062,67.06,49.748999999999995,80.426,590
BR,2023-10-14,11331,1081.7493601623864,474.3973289485181,914.5,515.7,1855.6000000000001,1147,1185,71.09027848101266,12.377634552263006,76.645,54.7,86.20500000000001,536
BR,2023-10-15,11112,1126.6526277897772,479.74005552903276,1125.0,555.4,1839.8,1176,1124,72.22851423487548,12.702920185925754,70.05,55.24,83.72999999999999,555
BR,2023-10-16,12368,1115.7196798188882,523.2993818617205,1074.5,519.2,1883.0,1250,1241,71.84295729250603,9.89312222440109,69.065,52.74,77.464,580
BR,2023-10-17,12143,1106.2818084493126,464.4515002753229,1064.0,553.0,1859.0,1241,1240,71.65606451612905,6.350062991813545,67.38,57.109,71.724,596
BR,2023-10-18,11249,1110.5676949062133,477.090368997645,802.0,512.2,1832.0,1214,1186,71.28946037099493,13.008146398594718,81.18,55.12,87.32,572
BR,2023-10-19,11835,1122.6967469370504,511.3430385378851,1030.0,513.4,1840.8,1263,1245,71.26520481927713,16.01887401446675,61.83,50.497,80.69,601
BR,2023-10-20,11794,1111.3834152959137,519.1009315073869,971.0,511.9,1819.3,1223,1269,71.69855791962176,13.792523651365233,70.75999999999999,56.55,90.764,603
BR,2023-10-21,10732,1118.7457137532617,442.68371265320974,1009.0,555.0,1577.0,1169,1262,72.13195721077652,10.675108294971766,75.695,59.525000000000006,84.26,562
BR,2023-10-22,10175,1128.10171990172,539.7718440172199,1437.5,466.0,1778.0,1142,1076,71.63039962825279,6.688699332862263,65.77,62.352000000000004,79.454,516
BR,2023-10-23,11547,1123.20135100026,509.83366685961334,989.0,509.0,1824.6,1279,1140,71.36716666666659,11.871269615502403,70.19,58.502,82.01899999999999,579
BR,2023-10-24,12092,1130.4769268938146,524.6131828351317,1275.0,497.8,1827.6,1279,1227,71.77770171149147,12.55403187599467,74.98,56.442,79.288,585
BR,2023-10-25,12074,1114.1500745403343,534.8902457514065,1207.0,487.9,1817.1,1237,1320,71.77091666666665,7.3841975040506584,73.49,68.542,85.946,594
BR,2023-10-26,11949,1103.9100343124949,521.8835325083735,1039.0,488.4,1838.9,1243,1189,71.43619848612279,19.02168084639794,69.77,40.432,83.122,565
BR,2023-10-27,11736,1127.039366053169,534.8379636544005,937.5,513.5,1877.0,1237,1200,71.40854166666668,10.383623532906528,69.0,55.928,85.61,591
BR,2023-10-28,11472,1107.02240237099,510.1995209522748,1172.0,545.7,1826.3,1175,1166,71.54084905660375,10.924155630513026,72.03999999999999,55.69,80.993,545
BR,2023-10-29,11714,1091.1241249786578,541.9065023451468,1171.5,534.0,1818.0,1141,1239,71.9263518966909,13.889550653472266,64.35,53.683,83.36,506
BR,2023-10-30,12115,1106.7174576970701,510.7270016416393,1697.0,579.6,1819.4,1228,1233,71.61665855636653,9.929089039847188,72.95,58.31,85.86,581
BR,2023-10-31,12220,1114.549590834697,567.3192589999315,1728.0,558.6,1906.0,1246,1288,71.74255434782611,13.288233446944552,64.775,52.679,81.718,566
BR,2023-11-01,11306,1092.4425968512298,538.3247391620979,1167.0,537.4,1861.6,1246,1224,72.45524509803926,11.626042597633749,67.46,58.936,74.838,586
BR,2023-11-02,11614,1101.8029102806954,535.8187772706655,1495.5,516.2,1895.7,1183,1307,72.55859219586841,13.908205918230623,68.445,54.015,88.66,586
BR,2023-11-03,11861,1117.7693280499118,524.9028550724254,1169.5,464.5,1805.0,1220,1308,72.60982415902139,15.459808729007612,64.765,50.94,84.995,581
BR,2023-11-04,10291,1103.0047614420375,542.1699835670897,1137.0,451.8,1764.0,1129,1066,72.06136022514072,8.13720633781195,70.1,62.84,84.16,529
BR,2023-11-05,10091,1116.801010801705,552.0347586737632,978.5,457.0,1816.1,1108,1102,72.46087114337568,12.53303160504344,69.85,52.86,90.485,493
BR,2023-11-06,10936,1092.6303035844912,516.7160903714732,1661.0,482.0,1769.6,1182,1152,71.70677083333332,13.964910675600999,68.8,52.897999999999996,80.684,511
BR,2023-11-07,11289,1117.5158118522454,525.3325608312804,1719.0,505.20000000000016,1817.8,1193,1185,72.21324050632916,12.331505242673925,71.19,53.456,83.522,536
BR,2023-11-08,10953,1093.1990322286138,466.81973191329564,744.0,469.3,1757.9,1204,1172,72.05645904436861,13.681622203200579,71.62,52.36,86.22,545
BR,2023-11-09,11197,1120.3563454496746,419.61692003630867,865.0,497.6,1758.0,1223,1102,71.30341197822142,12.924054641081138,67.65,51.168,86.372,549
BR,2023-11-10,11407,1098.9580959060227,538.5610788337441,1024.0,476.0,1775.7,1195,1099,71.21990900818929,15.035078608041928,70.14,43.195,85.267,534
BR,2023-11-11,10448,1131.3526033690662,523.4969748270387,1396.5,506.40000000000003,1800.3,1094,1032,71.5855523255814,21.563330532842997,83.41,47.86800000000001,91.86600000000001,535
BR,2023-11-12,10029,1142.355967693688,477.2156673599237,1099.0,473.8,1805.6,1077,1013,72.33307996051333,12.927181573626171,72.39,60.114000000000004,89.644,463
BR,2023-11-13,11433,1117.274731041721,551.227126226758,956.0,476.0,1824.8,1210,1208,71.99824503311257,13.713705407365289,73.305,58.787,81.07900000000001,552
BR,2023-11-14,11098,1091.2399531447106,540.1137717000237,995.0,500.0,1804.9,1222,1151,71.12497827975673,13.831995009307226,67.825,46.742,82.289,565
BR,2023-11-15,11463,1104.2371979412023,508.9320903302888,1714.0,497.7,1764.0,1184,1220,71.50816393442624,13.669794583336552,72.04,57.448,87.932,556
BR,2023-11-16,11370,1101.719613016711,537.2367700673379,1113.0,487.7,1783.0,1204,1238,71.86913570274643,14.359295518947073,70.71,60.21,92.36,561
BR,2023-11-17,11216,1102.2404600570612,510.4068455828262,1106.5,472.0,1735.5,1184,1131,72.07436781609192,11.513816818691142,74.46000000000001,53.675,84.21000000000001,523
BR,2023-11-18,10778,1141.6392651697902,479.6356344278608,1120.0,498.0,1626.0,1121,1185,72.04087763713083,12.202995004294229,72.53,55.49,86.29,537
BR,2023-11-19,10709,1111.6753198244467,443.81206963619996,934.0,476.2,1640.8,1091,1238,71.39810177705976,12.960994075291385,65.48,51.168,80.756,525
BR,2023-11-20,11991,1093.8471353515133,429.6411532125315,698.0,476.0,1635.0,1203,1281,71.80701795472288,18.053032265511295,69.16499999999999,41.132000000000005,85.97000000000001,577
BR,2023-11-21,12354,1087.1393071070106,507.8972284891753,1381.0,490.2,1787.6,1232,1223,71.0286345053148,13.185541488608882,63.61,52.138000000000005,84.782,560
BR,2023-11-22,11571,1081.8231786362455,477.9881702891939,1082.5,492.1,1654.0,1219,1288,72.23619565217392,15.691326044396316,66.99,45.846,86.156,582
BR,2023-11-23,11037,1069.522605780556,530.598668017606,1109.0,472.2,1784.0,1193,1232,71.80076298701294,8.508394418630955,74.68,63.108,85.822,554
BR,2023-11-24,10656,1095.2353603603615,520.5540533421309,1061.0,490.4,1733.4,1182,1142,71.59849387040282,10.700626703142206,70.78,50.406,78.07600000000001,549
BR,2023-11-25,10740,1124.2001862197392,402.39512050124335,721.0,507.4,1668.9,1143,1095,71.93327853881284,13.674264170028161,72.725,53.86,86.43,532
BR,2023-11-26,10627,1096.8335372165245,431.4053860435985,782.5,503.5,1667.3,1139,1158,72.06223661485318,9.886054342079325,72.88,61.409000000000006,84.16600000000001,525
BR,2023-11-27,11958,1091.0265930757648,502.6154560106188,1099.5,507.5,1716.9,1237,1415,71.57380212014135,10.32836260447367,71.19,56.7,82.62,607
BR,2023-11-28,12325,1100.2124949290053,492.18375387139554,778.0,510.0,1763.0,1249,1367,71.49175566934896,9.311687331520535,70.41,60.408,86.128,618
BR,2023-11-29,12506,1123.0631696785545,501.64339903510813,1108.5,604.7,1810.0,1242,1246,71.91843499197432,12.830389029132705,72.67500000000001,57.413,80.23,547
BR,2023-11-30,11508,1111.407629475148,447.7125151817488,945.0,559.8,1683.8,1224,1365,72.52141391941392,19.22427337322259,76.185,49.653,97.71799999999999,589
BR,2023-12-01,10888,1127.7804004408513,472.10825824519776,964.0,558.0,1717.0,1196,1227,71.98184189079055,14.303333895885606,68.10499999999999,43.243,79.919,552
BR,2023-12-02,10558,1108.0241523015723,437.1898684390566,736.5,503.8,1644.0,1133,1278,72.16062597809078,12.304434104118302,71.03,59.214,84.554,536
BR,2023-12-03,10545,1116.9626363205311,454.9684677075324,1137.0,557.2,1706.8,1113,1194,71.277445561139,9.36322180448589,79.87,65.328,86.828,523
BR,2023-12-04,11284,1094.6814959234316,462.1596448357515,978.0,598.5,1726.0,1234,1427,73.11210231254381,9.693737786464377,72.375,61.847,85.40700000000001,572
BR,2023-12-05,12197,1136.7809297368203,476.35002957528906,1054.0,494.0,1752.0,1232,1349,72.33197924388435,11.586710074051911,69.57,52.83,81.0,598
BR,2023-12-06,11963,1105.09395636546,373.0896340953307,951.0,515.4,1732.6,1239,1516,72.07548812664909,10.806737113486198,70.31,59.495999999999995,81.638,599
BR,2023-12-07,9686,1130.9446623993388,484.76775378987196,992.0,503.0,1723.0,1202,1178,71.73713921901526,11.302639003476425,75.98,64.144,87.77,543
BR,2023-12-08,10716,1129.7114594998136,506.44477693040335,1061.0,514.1,1723.0,1191,1251,72.00910471622704,13.332778349331273,78.76,59.66,86.26,562
BR,2023-12-09,10662,1138.5918214218718,507.7073283253948,960.0,469.0,1744.0,1147,1260,72.499753968254,13.673460973725708,74.475,52.479,85.885,528
BR,2023-12-10,11175,1150.11937360179,447.3485036672564,1757.0,885.8000000000001,1818.6,1141,1394,72.61254662840744,13.409726718567633,76.51,58.373999999999995,90.72200000000001,517
BR,2023-12-11,11765,1125.1853803654917,580.0981659859067,1122.0,514.0,1875.5,1242,1358,71.81802650957292,12.741404394237708,68.25,53.05,84.995,579
BR,2023-12-12,11888,1065.1346736204575,502.76541400879745,1078.0,513.0,1803.5,1281,1375,71.86824727272726,13.608688375650152,68.63,51.797,87.37,629
BR,2023-12-13,11312,1091.7080091937767,507.17128020573796,1081.5,486.5,1774.5,1254,1326,71.89260180995475,13.492078619216835,65.08,42.17,73.254,591
BR,2023-12-14,11698,1105.5495811249789,535.360396681489,1681.0,520.0,1804.0,1244,1348,72.6884643916914,12.876478056136992,69.02000000000001,52.455,85.505,550
BR,2023-12-15,11323,1098.0845182372173,439.68434153419986,1008.0,534.0,1719.6,1210,1214,72.03639209225697,15.569039297272004,64.8,45.546,86.27,575
BR,2023-12-16,10650,1106.1770892018778,511.5000382498946,984.0,516.6,1781.0,1161,1056,71.6497443181818,10.936104302916236,70.72,59.57,85.61,497
BR,2023-12-17,10402,1101.580561430493,398.7201826028983,851.0,497.0,1401.0,1116,1087,72.34852805887762,12.24974801906603,63.545,49.108000000000004,77.315,499
BR,2023-12-18,11729,1081.785062665189,504.20266814731644,1000.0,461.0,1786.0,1218,1319,72.27831690674756,18.902154881695306,67.69,48.586,89.06200000000001,585
BR,2023-12-19,12582,1084.5646161182635,527.9362374657533,1025.0,461.0,1813.0,1281,1292,72.28418730650156,13.620294600338129,71.095,52.375,82.004,576
BR,2023-12-20,11127,1080.9340343309063,525.0676613107042,1086.0,461.3,1803.1000000000001,1276,1256,71.80641719745223,14.038201810031495,71.92500000000001,47.33,81.05,582
BR,2023-12-21,11874,1054.4718713154787,450.3229569936038,811.0,413.3,1787.9000000000015,1278,1262,71.720618066561,11.141647497144096,65.515,49.302,77.612,584
BR,2023-12-22,11291,1081.591355947215,504.3056142563564,1022.0,425.0,1796.0,1221,1250,71.88173600000003,10.170381634188267,76.61,55.79,83.66,532
BR,2023-12-23,11710,1102.273185311699,487.0675447155398,1149.0,467.0,1769.0,1202,1293,71.93564578499613,9.773374772199716,68.59,62.088,76.884,551
BR,2023-12-24,11770,1126.4214953271037,467.2543126282226,1127.5,463.0,1690.5,1196,1274,71.71513343799056,12.668155311646602,71.705,54.361,81.349,550
BR,2023-12-25,10659,1101.645933014354,407.1005397615082,878.0,399.8,1361.4,1094,1097,71.6254421148587,15.638554732960538,66.855,44.60300000000001,80.05,491
BR,2023-12-26,12730,1111.0379418695993,512.6100746289973,1234.0,502.6,1802.4,1208,1317,72.44295368261201,14.938806061081731,69.51,51.05,86.4,526
BR,2023-12-27,12944,1092.6385970333736,519.8572310485364,1020.5,506.2,1791.9,1248,1405,72.73166548042705,11.197277124372693,68.535,60.216,79.731,586
BR,2023-12-28,11828,1082.7465336489686,461.00500086739004,914.0,501.0,1737.0,1227,1229,71.76284784377543,15.314228731898076,69.08,47.257000000000005,81.088,552
BR,2023-12-29,12544,1093.388632015306,439.1868637789786,1092.0,522.5,1706.0,1234,1306,71.97859877488511,12.205987671630675,77.29,62.206,83.492,601
BR,2023-12-30,11560,1104.6296712802769,437.30400902631334,1237.0,580.2,1671.4,1129,1147,72.06903225806457,11.091945392723302,68.6,56.494,85.62,511
BR,2023-12-31,12535,1095.4693258875147,416.7553821068112,1051.0,450.2,1690.7,1145,1403,72.07963649322875,9.134237156421552,72.095,60.912,83.46400000000001,564
BR,2024-01-01,10165,1076.3258239055576,373.8406487304247,1058.0,494.0,1354.6000000000001,1103,1038,72.30020231213875,15.104181702061483,70.65,47.708,89.65599999999999,466
BR,2024-01-02,12610,1092.3371927042024,459.61737797068366,1247.0,481.2,1704.7,1228,1183,71.66802197802203,6.174607977310737,70.03,63.182,78.15,547
BR,2024-01-03,13097,1089.485531037642,500.85966208064895,1005.0,494.0,1762.6,1289,1351,72.13849740932642,12.750011274504818,73.24,59.84,83.75999999999999,612
BR,2024-01-04,12402,1088.3401870666012,480.91132968617353,1068.0,488.0,1793.0,1274,1346,72.08254829123332,13.34439281329636,69.65,48.984,82.28,616
BR,2024-01-05,12674,1075.6655357424659,522.2487809984718,1050.0,464.8,1772.2,1240,1409,72.24921930447128,10.273110316153868,69.74,52.778,80.28599999999999,592
BR,2024-01-06,11692,1076.4677557304126,390.2438840867756,1003.0,447.8,1448.8000000000065,1186,1252,72.90439297124598,10.810069791120169,71.28,55.724000000000004,81.428,576
BR,2024-01-07,11543,1099.0972017673048,467.56072725672703,1300.5,623.0,1815.1,1152,1196,71.48846153846154,10.580802616058953,71.185,64.759,89.199,562
BR,2024-01-08,12245,1072.0441812984895,457.04496526775233,796.0,448.8,1822.2,1286,1355,71.5111217712177,12.136112726024153,76.99,62.05,90.424,630
BR,2024-01-09,11732,1060.8409478349827,481.43650870219363,1042.5,515.0,1808.5,1248,1220,71.83891803278688,12.216733756347045,72.57,61.12,90.87,611
BR,2024-01-10,11946,1068.5775154863557,572.3400084012399,1137.0,515.0,1891.3,1296,1319,71.53224412433661,12.47692092785716,73.52,55.656,88.04,637
BR,2024-01-11,12399,1084.0814581821116,562.348708595629,1146.0,477.0,1919.1,1301,1440,71.99200694444443,17.55674156499905,74.475,44.225,85.589,660
BR,2024-01-12,12533,1071.030160376606,519.9092278431095,890.0,450.0,1931.6,1288,1368,71.25152046783622,11.377835478077762,69.39,53.314,78.524,630
BR,2024-01-13,11805,1093.096823379923,543.1722753963039,1293.0,469.0,1952.0,1195,1262,72.5556497622821,14.603923978433572,72.94,51.876000000000005,89.636,560
BR,2024-01-14,11898,1093.8872919818464,385.27185998950563,880.0,474.20000000000005,1448.0999999999983,1169,1321,72.22174867524598,10.820094263731395,71.265,54.198,83.226,576
BR,2024-01-15,12961,1090.2431911117967,414.9141988040887,895.0,502.0,1709.8,1289,1401,72.67449678800857,11.597658460043988,71.17,51.943999999999996,81.414,619
BR,2024-01-16,12548,1089.3829295505263,406.9947645156406,878.5,574.9,1746.0,1299,1455,72.08347766323025,10.129434692416389,71.68,55.129999999999995,81.646,617
BR,2024-01-17,12551,1094.5475260935382,394.3002006002018,903.5,485.4,1738.3,1278,1343,72.2890692479523,13.552566375413921,71.68,59.002,90.21400000000001,585
BR,2024-01-18,12099,1078.4298702372098,364.543655020765,876.5,507.3,1370.7,1274,1393,72.36364680545584,9.674441473000327,71.38,63.61,83.58,606
BR,2024-01-19,12475,1074.2141883767533,369.5738643883172,870.0,536.3,1363.2,1276,1409,72.2682611781405,8.251056575814031,70.33,59.106,79.934,612
BR,2024-01-20,12105,1068.2204047914083,422.70576582428697,872.5,533.3,1801.0,1197,1275,71.46803921568636,10.246998709514935,73.07,61.988,81.426,584
BR,2024-01-21,11829,1094.3900583312195,505.28564986628965,1215.0,550.0,1832.8,1183,1220,72.62002459016392,11.557948166885089,72.93,56.894999999999996,85.37,517
BR,2024-01-22,12044,1085.6072733311203,502.8236938057552,1035.0,524.0,1832.0,1279,1363,72.68254585473224,12.53487133764456,74.93,57.678000000000004,84.17999999999999,585
BR,2024-01-23,13029,1090.0421367718166,540.3300090030092,1089.0,483.0,1856.9,1275,1436,72.42034122562676,16.62684765788599,71.27,40.58,82.22,600
BR,2024-01-24,12953,1115.845981625878,510.95205473033457,1149.0,474.8,1767.2,1308,1432,71.89448324022345,14.505537871040834,73.84,54.12,87.52,615
BR,2024-01-25,12332,1111.429208563088,483.17715282132036,1145.0,472.0,1728.0,1287,1304,72.29660276073619,11.649222767566329,72.13,55.458,86.39,580
BR,2024-01-26,12911,1096.1616451088228,479.2793756554647,1183.5,481.0,1717.0,1303,1314,71.95022831050227,10.27118363648394,71.99,59.34,81.09599999999999,595
BR,2024-01-27,12463,1090.2691968225952,468.6256966919334,932.5,498.0,1711.0,1243,1347,72.29809205642168,13.303666438334934,72.255,45.758,82.015,583
BR,2024-01-28,12078,1118.699370756748,477.05865346626496,1207.5,465.0,1721.5,1199,1293,72.44685228151586,13.463577306529231,73.735,54.72,80.875,553
BR,2024-01-29,12579,1106.4793703792038,497.79959896259817,925.0,500.4,1766.4,1319,1323,72.24363567649283,16.156747049957023,68.09,53.18,82.08,593
BR,2024-01-30,12555,1099.2567901234568,419.6715222435163,1076.0,486.8,1759.0,1329,1307,71.84223412394795,15.948426642867767,70.94,49.57,86.25,626
BR,2024-01-31,12257,1096.6415109733214,342.9258506086763,847.0,431.4,1210.4,1318,1358,72.85039764359355,13.494409950352503,74.94,51.656000000000006,90.81400000000001,590
BR,2024-02-01,12183,1061.0350488385454,405.67314881172206,940.0,531.0,1721.6,1321,1216,71.68993421052627,11.279415109509005,72.84,63.928,87.1,629
BR,2024-02-02,12412,1083.8289558491783,441.9532350365325,931.0,530.0,1687.0,1315,1316,72.14401215805472,13.755215096353048,71.11,49.749,88.467,624
BR,2024-02-03,11694,1103.4198734393701,465.95242980576825,1194.0,520.5,1735.0,1227,1179,72.62105173876172,12.339890981690237,70.8,52.839999999999996,81.634,559
BR,2024-02-04,11303,1091.2009201097057,465.44726641771706,1194.0,567.1,1694.9,1200,1125,72.61983111111111,8.344505635779484,67.08,57.175000000000004,74.315,521
BR,2024-02-05,12636,1083.5079930357706,454.48704732152356,903.0,535.2,1697.0,1296,1232,72.70141233766238,9.824004071660395,74.68,62.071999999999996,85.828,605
BR,2024-02-06,13622,1089.0386140067544,453.5917262794213,1226.0,563.6,1726.9,1324,1252,71.85774760383389,15.252699728244833,63.555,42.573,79.393,612
BR,2024-02-07,12617,1079.501862566379,485.6257759284692,1126.0,527.0,1758.0,1308,1231,71.6431112916328,15.178679956035577,76.74,59.396,88.728,628
BR,2024-02-08,12550,1073.9483665338641,431.17648405373535,972.5,505.0,1710.0,1281,1145,71.71626200873364,12.768927290697706,70.97,52.536,80.6,598
BR,2024-02-09,12472,1111.1308531109685,504.5101431129721,1087.0,493.0,1723.4,1305,1277,72.88988253719656,13.688266430407557,70.32,53.0,83.74000000000001,608
BR,2024-02-10,11610,1086.1229112833762,298.3087454710133,883.0,488.8,1245.1999999999991,1183,1238,73.13798869143778,18.16815127386546,64.73,42.022,81.12,532
BR,2024-02-11,11390,1088.526777875329,411.5286266927363,962.0,510.0,1713.0,1164,1225,73.23666938775506,11.731663640372295,72.62,59.480000000000004,86.767,555
BR,2024-02-12,12476,1090.9129528695094,314.1656101680209,907.0,510.0,1166.5,1261,1296,72.76651234567899,15.629874751577507,61.974999999999994,44.559,80.617,580
BR,2024-02-13,13324,1093.4416091263888,353.5853157086201,978.0,514.9,1582.6,1233,1335,72.00402247191012,11.612147840478771,72.79,50.629999999999995,83.265,599
BR,2024-02-14,13773,1107.4238727945976,447.69316812019787,1060.0,468.0,1690.0,1323,1298,72.8035208012327,14.362833969030213,67.93,48.786,82.788,647
BR,2024-02-15,13335,1103.9133858267714,462.132273896338,1098.0,480.1,1700.0,1298,1329,71.27851015801356,17.993964982141836,72.0,52.742000000000004,83.878,638
BR,2024-02-16,13110,1094.4819984744468,473.0409783452348,989.5,461.0,1718.2,1319,1240,71.73325,12.591622104487659,70.21000000000001,61.716,87.083,605
BR,2024-02-17,12344,1124.180573558003,445.1114425666275,1337.5,654.0,1735.0,1221,1279,72.14190774042218,17.211610363412806,70.47,48.176,85.93,597
BR,2024-02-18,12837,1110.3138583781263,315.40945248956064,862.0,473.0,1322.5,1247,1219,71.94861361771942,12.108319688176287,69.38,51.756,83.286,580
BR,2024-02-19,12750,1108.9250980392158,435.5205539003155,944.0,536.0,1669.6,1292,1208,71.95226821192051,15.748992074415431,65.07,49.048,80.854,581
BR,2024-02-20,12730,1093.3049489395135,428.4026462959965,958.0,584.0,1705.0,1287,1304,71.71805214723928,12.828574749442778,70.825,52.292,84.44,644
BR,2024-02-21,12940,1093.408964451313,417.516176935598,942.0,549.6,1698.0,1288,1259,71.31159650516284,13.402983524086672,68.33500000000001,47.074,81.682,636
BR,2024-02-22,12605,1127.710353034511,293.26457453296626,816.0,530.0,1203.4,1300,1239,72.50085552865217,13.452641236946743,69.035,53.425,79.44,585
BR,2024-02-23,12522,1120.8195176489373,419.35742853673787,742.5,534.6,1713.0,1279,1250,71.73793600000003,9.193180469715601,68.5,57.085,77.427,608
BR,2024-02-24,11578,1112.811539125928,413.5400240430969,1158.0,538.9,1703.0,1204,1262,72.09569730586375,11.018188314056333,72.64,57.94,85.642,580
BR,2024-02-25,11337,1094.014818735116,405.4513677449802,840.0,530.0,1684.4,1151,1094,72.866873857404,9.716303872229396,70.97999999999999,57.652,82.207,549
BR,2024-02-26,11595,1079.1796463993098,393.5138778997515,882.0,548.0,1680.0,1278,1132,71.82322438162544,13.84970522249481,68.39500000000001,59.21,78.16300000000001,584
BR,2024-02-27,11640,1072.0969072164946,422.1251406321844,788.0,523.0,1708.0,1289,1247,72.22999198075381,8.181562723284674,69.39,62.09,80.51,599
BR,2024-02-28,11727,1075.7502345015773,462.7983185582099,1226.0,623.0,1752.7,1278,1243,71.84395012067579,15.02093635563376,69.725,45.975,85.072,588
BR,2024-02-29,11523,1079.3842749284036,494.4106363578255,836.0,440.0,1721.6,1284,1180,72.10718644067798,12.765409170107976,72.72,54.414,85.012,594
BR,2024-03-01,11381,1081.6828046744574,540.3173497928744,1174.5,481.0,1773.0,1278,1067,72.11955014058108,14.292801168304498,70.59,49.075,88.665,539
BR,2024-03-02,11479,1085.6012718877942,482.0258943910568,913.0,469.0,1763.9,1211,1043,71.87427612655797,9.040262124834339,73.645,58.977,79.144,533
BR,2024-03-03,11074,1129.7445367527548,422.33401867360044,912.5,515.8,1734.3,1176,1201,72.6773771856786,11.743598820860074,72.175,52.917,81.62299999999999,527
BR,2024-03-04,11379,1118.403110993937,528.3740684144515,1177.5,530.7,1761.0,1263,1100,71.13304545454547,17.64765440106347,70.655,51.855000000000004,87.615,585
BR,2024-03-05,11143,1090.7556313380603,485.62828060882464,888.5,527.0,1748.1,1288,1081,72.59691026827014,11.667168515626347,71.79,62.836,88.748,544
BR,2024-03-06,11042,1092.3046549538135,481.62657360765274,963.0,512.0,1710.0,1305,1205,71.80175933609956,14.320673308193298,71.24000000000001,53.694,88.28500000000001,596
BR,2024-03-07,11731,1096.6663541045089,449.5258056483734,877.0,543.0,1694.0,1312,1194,71.20278894472358,14.949495968670357,61.59,51.178000000000004,86.796,605
BR,2024-03-08,11751,1093.063398859671,490.3930814386325,1216.0,523.1,1715.9,1281,1181,71.9039204064352,15.963044539567703,73.2,48.785,88.34,574
BR,2024-03-09,12000,1105.4002500000004,430.2017290713268,894.0,600.0,1729.4,1246,1261,70.99345757335448,12.317454993095174,69.55,57.89,86.448,588
BR,2024-03-10,11205,1087.7155734047296,406.25722863996185,905.0,505.8,1707.1,1226,1186,71.83161045531203,15.208989141048157,69.87,51.522,91.732,592
BR,2024-03-11,12353,1112.6288351007856,423.7415787749502,1148.0,485.4,1690.2,1314,1230,71.51432520325201,14.848576491318134,71.97,50.936,80.12599999999999,584
BR,2024-03-12,11538,1087.0963771884212,454.5328846746831,724.0,505.0,1674.6,1282,1116,71.22014336917563,10.267974858379219,69.12,57.406,81.47000000000001,582
BR,2024-03-13,12300,1074.9995121951208,481.18213792821166,1346.0,551.0,1773.5,1296,1215,72.0849135802469,8.68121170611514,67.81,56.486,77.86200000000001,619
BR,2024-03-14,12130,1081.3005770816162,487.50600348467106,1149.0,557.0,1736.0,1323,1170,71.46476068376066,12.10593861257185,77.19,61.407000000000004,90.828,610
BR,2024-03-15,11365,1094.2897492300924,512.1419042055304,1141.0,587.2,1797.0,1289,1149,72.15731070496086,12.652017225566563,68.47,47.732,79.828,578
BR,2024-03-16,11630,1082.9389509888215,490.21071189183186,931.0,522.0,1732.0,1236,1110,71.4144144144144,15.630883330198499,71.46,48.162,88.514,529
BR,2024-03-17,11140,1097.7747755834837,493.1676216276663,1694.0,482.0,1758.0,1198,1118,72.20677101967802,12.270130668931488,71.63499999999999,58.923,86.361,546
BR,2024-03-18,12416,1100.623389175258,462.39574517203005,1597.5,564.5,1710.0,1304,1238,71.79382067851374,13.768005883206182,67.205,51.751,84.38600000000001,600
BR,2024-03-19,12389,1111.6387924771975,456.72213252727886,1231.0,543.0,1669.0,1295,1220,71.55449999999998,12.97564920234137,70.28999999999999,45.001,79.97,603
BR,2024-03-20,12114,1080.7184249628529,469.78535861826555,1241.0,560.0,1692.0,1298,1154,71.58816291161178,14.978379759093187,73.39,52.124,85.558,574
BR,2024-03-21,12093,1100.179608037708,467.27087978686734,1296.0,545.4,1757.1000000000001,1288,1121,72.53064228367525,10.473996371968054,72.96,60.504,81.134,574
BR,2024-03-22,12364,1100.6811711420253,440.2762422828275,815.0,519.0,1800.4,1324,1272,71.29559748427671,12.609610778464774,60.575,52.05,79.165,618
BR,2024-03-23,11634,1087.3199243596355,440.42132561154773,885.5,467.5,1739.5,1235,1086,71.7352302025783,10.64951841915868,74.28,57.124,87.07600000000001,573
BR,2024-03-24,11962,1079.3909045310156,391.59402445583703,832.0,548.0,1692.0,1251,1176,71.76917517006804,8.744044938336977,72.03,64.214,84.722,569
BR,2024-03-25,12466,1077.759024546766,487.55225532571717,1214.5,542.0,1823.0,1328,1281,71.82132708821231,15.224889213244067,67.6,44.385999999999996,82.502,605
BR,2024-03-26,12648,1105.7232764073374,478.4445156950332,1172.5,526.0,1807.7,1312,1258,72.45775039745631,13.40900918211684,66.255,52.723,82.269,608
BR,2024-03-27,12068,1107.0215445807094,534.617068612957,1232.5,544.0,1823.0,1314,1184,71.37279560810809,9.852027477030465,72.485,55.394,80.729,601
BR,2024-03-28,12798,1080.0166432255041,494.6793355919857,1191.0,494.6,1776.7,1329,1184,71.50116554054054,9.590159767750617,73.27,60.938,83.232,633
BR,2024-03-29,12417,1095.187082225981,412.29336047156625,821.0,507.0,1692.8,1276,1241,71.11015310233684,13.919310132330553,71.8,48.422000000000004,85.898,587
BR,2024-03-30,11654,1066.7905440192214,323.12598799351036,732.0,516.0,1257.4,1273,1172,72.54807167235495,14.00133263978758,69.18,50.416000000000004,88.384,576
BR,2024-03-31,11676,1076.1957005823917,431.77298962607324,759.5,507.9,1705.7,1215,1136,71.73597711267604,12.359132655651852,77.65,57.684,89.11800000000001,577
BR,2024-04-01,11648,1103.2860576923076,459.5520989192443,1692.0,529.0,1740.0,1329,1192,71.69516778523493,8.886947357407568,67.91499999999999,58.503,81.224,612
BR,2024-04-02,12206,1065.6329673930857,498.851870057183,1652.0,527.0,1806.3,1316,1202,71.95461730449246,9.925436458357328,70.51,60.23,78.17,604
BR,2024-04-03,12536,1081.1691927249524,524.8232106516147,1172.0,490.0,1769.8,1327,1319,71.85128885519336,14.233036999257122,67.4,43.282000000000004,80.648,635
BR,2024-04-04,12152,1052.519502962475,493.7905859678817,1184.0,527.6,1767.6,1304,1279,71.25111024237684,12.345873774012771,69.09,54.802,83.54,621
BR,2024-04-05,12176,1063.35479632063,406.6467799458963,1184.0,565.6,1736.8,1331,1256,71.03381369426752,13.989644701860641,73.63,51.605000000000004,83.13900000000001,619
BR,2024-04-06,11778,1068.1591951095268,490.3257268388026,1223.5,533.0,1742.0,1230,1210,71.33213223140498,11.757820470742962,72.18,58.144,86.112,583
BR,2024-04-07,11924,1068.548138208655,517.1560391958305,1188.0,499.6,1801.7,1233,1286,72.09695956454121,11.738262487624551,77.35,56.123,86.612,594
BR,2024-04-08,11658,1090.8994681763595,555.1624546915231,1706.0,539.0,1859.0,1335,1162,71.64203098106714,14.618634313921127,76.05,54.11,91.4,564
BR,2024-04-09,12475,1069.7718637274554,480.03225546564323,1190.5,563.3,1872.7,1357,1207,71.02480530240268,8.917187137560868,74.66,56.39,80.13,610
BR,2024-04-10,11796,1073.5500169549002,517.3647744865775,1376.0,548.0,1877.8,1349,1197,71.82619883040931,12.994586117278804,67.525,46.135,82.07,611
BR,2024-04-11,12989,1081.3042574486099,502.1645407055987,1221.0,537.0,1816.0,1350,1299,71.59432640492686,14.274025765548961,73.4,60.157999999999994,87.05,637
BR,2024-04-12,12537,1066.4912658530754,491.69455674400945,1648.0,635.0,1822.0,1355,1291,72.00448489542991,8.818736507019977,72.2,66.556,85.85799999999999,632
BR,2024-04-13,11822,1091.237946201996,480.94086823643954,1235.0,578.0,1784.0,1300,1209,72.3733333333333,9.879527126841648,72.05,62.269999999999996,80.655,599
BR,2024-04-14,11569,1096.748725041058,417.57372682108985,1004.0,548.3,1656.9,1270,1301,71.52771714066104,13.45740920459804,73.48,51.195,83.45500000000001,594
BR,2024-04-15,12863,1119.2011972323714,461.9185982867116,1647.0,592.4,1845.0,1351,1365,71.62432967032964,13.90356708826112,71.685,56.168000000000006,81.712,645
BR,2024-04-16,12310,1094.1705117790418,493.5822102338675,1275.0,564.0,1788.0,1346,1288,71.63430900621117,13.357897094711406,73.275,56.004999999999995,90.61500000000001,644
BR,2024-04-17,11975,1102.7964091858037,432.713463558639,1269.0,555.0,1763.0,1306,1188,71.7556228956229,18.176463184263568,70.405,60.653999999999996,82.82400000000001,608
BR,2024-04-18,11182,1092.9240744052938,492.15674431956654,1144.0,546.4,1766.0,1357,1172,73.01394197952219,5.495602787683987,75.22,73.93900000000001,84.00500000000001,577
BR,2024-04-19,12227,1084.0772061830376,453.9103858240989,1211.0,504.2,1746.6,1364,1303,70.8546047582502,11.549203909252792,71.16,57.42,83.455,644
BR,2024-04-20,11167,1094.3198710486254,472.03370716541633,1306.0,561.2,1816.0,1303,1174,71.62637989778536,11.477406428864203,73.345,60.279,85.41000000000001,588
BR,2024-04-21,11522,1111.0828849158133,412.8400489449808,849.0,552.0,1651.0,1222,1406,72.81885490753912,11.303838419604597,76.42,57.112,85.68400000000001,579
BR,2024-04-22,12218,1102.3087248322156,434.9479422286989,1040.5,518.2,1692.9000000000012,1351,1376,71.97246366279067,9.650087442832888,62.53,52.438,75.98,637
BR,2024-04-23,12730,1111.5397486252941,415.60648964399485,887.0,533.4,1655.0,1372,1380,72.3538405797102,13.493938020963693,71.79499999999999,52.835,90.16,626
BR,2024-04-24,12746,1098.5919504158157,474.6245784985278,1200.0,569.0,1808.0,1386,1397,72.54786685755187,11.537359724888862,67.51,54.54,84.36,640
BR,2024-04-25,13316,1097.5001501952538,475.528112580413,1215.0,584.4,1809.0,1375,1406,71.43633712660026,12.831427541392271,74.675,60.838,83.058,674
BR,2024-04-26,13225,1105.1203024574677,381.68266379988285,1111.0,567.5,1804.0,1379,1473,71.79882552613716,21.215858810142546,74.02,44.838,92.104,666
BR,2024-04-27,12544,1122.7220982142858,478.04452279075116,1262.5,548.7,1856.0,1325,1453,71.65762560220233,8.064131908488353,75.865,68.456,85.98,644
BR,2024-04-28,13396,1107.4001194386387,387.1105486149655,867.0,547.4,1349.5999999999997,1292,1546,72.4015847347995,14.28944043807318,71.41,55.256,88.50999999999999,654
BR,2024-04-29,13623,1082.4156940468326,411.3370651736814,913.5,579.0,1811.6000000000001,1360,1397,71.64610594130278,17.14296973520501,71.43,61.022000000000006,88.142,676
BR,2024-04-30,12974,1092.7485740712189,453.59316013727556,1238.0,590.2,1779.0,1391,1446,71.6513416320885,7.698101125439962,71.46,61.972,81.635,693
BR,2024-05-01,13305,1109.2510334460733,351.794562229386,771.0,572.6,1339.8000000000002,1332,1522,72.52844940867277,9.972992803924408,79.18,65.268,89.628,634
BR,2024-05-02,13209,1113.4670300552652,527.3098045434002,1722.0,594.2,1806.6,1380,1463,72.00133971291866,11.540928410289553,68.09,55.926,80.566,652
BR,2024-05-03,13769,1087.6878495170308,481.1755881628611,781.0,585.0,1774.0,1402,1391,71.8258806613947,11.63947101103253,67.11500000000001,60.115,82.228,680
BR,2024-05-04,11782,1072.0474452554745,347.0038977461179,764.5,583.1,1440.2,1304,1301,72.27838585703307,14.598803958143634,75.63,49.264,87.092,612
BR,2024-05-05,11606,1096.4806996381183,297.76741370243116,741.5,532.8000000000001,1253.3,1233,1196,71.30927257525079,15.072239474536548,76.935,50.291000000000004,89.684,583
BR,2024-05-06,12936,1100.8193413729136,486.424855530584,1207.0,536.3,1793.8000000000002,1353,1316,71.99895136778119,12.489039234464757,72.41499999999999,52.192,81.925,661
BR,2024-05-07,12678,1098.217699952673,497.1634763078508,1215.0,571.8,1772.0,1352,1364,72.21077712609973,12.949994594593468,70.18,47.67400000000001,78.29,640
BR,2024-05-08,12636,1098.600269072492,531.688491935028,1183.0,491.0,1819.0,1361,1402,72.14791726105562,7.728369859179367,70.29,61.72,81.68,668
BR,2024-05-09,13402,1122.3360692433957,441.23170020284005,758.5,496.8,1694.0,1390,1419,71.50372093023255,9.195282751981523,70.96,59.122,78.588,670
BR,2024-05-10,13439,1084.1939132375921,447.76887044463933,772.0,499.6,1714.6000000000001,1407,1417,71.15107974594208,15.27668471887798,74.33,48.908,85.84,672
BR,2024-05-11,12975,1100.6760693641622,421.4132450493526,1149.0,524.0,1736.0,1325,1457,70.97523678792044,11.523443375233906,73.265,61.215,88.916,655
BR,2024-05-12,12107,1094.5426612703397,453.8082751513578,1189.0,482.0,1782.0,1318,1423,72.19052705551653,10.751583313633391,73.87,59.39,87.385,630
BR,2024-05-13,13865,1096.1144608727009,394.07229646823686,1105.0,554.8,1773.0,1422,1451,71.12569951757409,8.839048186287151,72.15,59.326,83.016,716
BR,2024-05-14,14319,1112.751728472658,498.24816137503507,1041.0,565.2,1783.6,1445,1535,71.77605211726383,9.98675728090226,63.62,56.582,77.716,686
BR,2024-05-15,13854,1079.0141475386165,414.0619829880863,1091.0,526.0,1701.6,1380,1353,71.68844789356983,9.934529954490383,71.08,59.294000000000004,82.474,671
BR,2024-05-16,13074,1081.7792565396974,428.2330581998598,767.0,510.0,1727.0,1399,1444,71.37088642659279,10.793474365971733,72.66499999999999,58.907,85.915,682
BR,2024-05-17,13967,1058.4515644018038,480.1996186950756,1106.5,541.0,1759.1000000000001,1448,1509,71.41815109343938,19.11914269218028,77.17,43.65,85.716,730
BR,2024-05-18,12752,1058.8111668757842,415.4588396319144,778.5,512.0,1735.2,1367,1384,70.97285404624274,12.399856937324547,70.38499999999999,52.336999999999996,83.815,666
BR,2024-05-19,12666,1104.5335543976003,364.7724368408313,723.0,435.4,1216.2000000000003,1349,1378,71.37473875181425,12.313027363615454,65.78,50.594,83.78600000000002,622
BR,2024-05-20,13561,1084.3362583880246,357.28852920532375,833.5,523.0,1251.8000000000002,1428,1448,72.60867403314916,14.938556444283806,72.8,49.972,92.132,694
BR,2024-05-21,13796,1107.115395766889,549.1360903878099,1124.5,456.0,1798.5,1448,1589,71.48284455632472,11.943777552442201,76.42,55.382,82.132,713
BR,2024-05-22,13426,1093.9497988976618,496.8936128274975,1113.5,547.5,1747.5,1401,1459,71.45738176833449,17.313538455509764,68.44,55.042,84.746,709
BR,2024-05-23,13955,1083.1322106771772,507.73604717275686,1132.5,546.0,1756.0,1448,1488,71.4558870967742,10.783270865352291,69.0,55.266000000000005,82.84700000000001,719
BR,2024-05-24,13164,1077.6232907930723,527.2161018923873,1059.0,437.0,1784.5,1442,1506,71.07580345285524,7.950093825656067,73.27000000000001,63.760999999999996,83.23400000000001,705
BR,2024-05-25,12882,1076.8181183046102,403.52124300232043,1070.0,503.5,1734.0,1354,1312,71.77736280487801,12.291177041188986,69.0,48.29,79.0,659
BR,2024-05-26,12706,1091.5302219423888,474.58193145547773,1068.0,563.0,1706.0,1343,1375,71.35639272727273,10.092265501817899,74.57499999999999,58.318999999999996,82.513,642
BR,2024-05-27,14010,1088.0586723768736,483.97093820284636,1679.0,578.9,1815.0,1461,1386,70.8490764790765,9.224222155833264,64.35,56.77,75.57,689
BR,2024-05-28,14507,1053.7001447577043,484.07729482116514,910.0,551.2,1835.0,1487,1596,71.64761278195486,10.816738925028293,72.31,48.591,79.26899999999999,757
BR,2024-05-29,14180,1084.12700987306,524.5478482273356,1051.0,439.0,1815.0,1462,1481,71.05700877785283,20.030636535067977,64.51,38.412,84.57600000000001,734
BR,2024-05-30,13872,1049.5266724336796,467.7281567554161,1171.0,413.0,1676.2,1432,1486,71.22845895020187,12.408811844432671,71.19,59.385000000000005,80.02,697
BR,2024-05-31,14360,1074.6497214484682,466.78526624924194,1138.5,447.0,1650.0,1481,1409,71.26776437189491,9.764586832017011,69.535,53.423,78.20400000000001,725
BR,2024-06-01,12531,1068.3746708163746,443.1640302985708,1130.5,508.6,1654.0,1361,1339,71.77329350261387,11.046823442057901,72.24,61.13,88.634,662
BR,2024-06-02,13261,1046.9718724078116,426.7341697658431,1065.0,472.6,1668.4,1345,1313,70.99843869002288,16.474857207271935,68.96,49.123000000000005,82.511,664
BR,2024-06-03,13795,1076.7620877129389,493.7160177608805,1599.0,521.0,1699.0,1440,1383,71.40266811279831,9.952750317821144,61.675,52.046,73.858,705
BR,2024-06-04,14538,1052.3410372816072,438.93300552690073,854.0,445.1,1665.6,1487,1549,71.97542930923174,11.876616775781779,70.72,52.328,80.01599999999999,727
BR,2024-06-05,14156,1071.6227747951402,462.02190469308675,906.0,525.6,1694.8,1435,1458,72.54397805212625,15.454524048971773,69.80000000000001,57.025,89.914,739
BR,2024-06-06,13918,1047.8338841787606,481.30463480029675,1135.0,520.2,1724.8,1451,1448,71.53851519337022,13.199866816918078,68.565,54.355000000000004,84.31,702
BR,2024-06-07,13474,1091.3598782841027,499.4724030300747,1046.5,498.9,1749.3,1468,1376,72.08098110465113,10.095220106565286,67.985,56.980000000000004,83.17,712
BR,2024-06-08,12660,1055.9603475513425,438.81753919178294,1142.5,550.5,1746.2,1384,1390,71.9766834532374,17.55431376077032,74.66499999999999,51.124,85.07499999999999,696
BR,2024-06-09,12303,1073.4264000650244,414.21807431142366,895.0,530.0,1701.0,1365,1325,71.82566037735847,9.536560205627373,74.025,58.879000000000005,82.119,657
BR,2024-06-10,14286,1053.7499650006998,350.56239811842636,996.0,553.0,1699.8,1460,1476,72.50119918699188,10.665437790606916,68.14,56.341,75.84,691
BR,2024-06-11,14456,1048.073256779192,494.42128525561077,968.0,489.0,1740.0,1472,1533,71.9294390084801,14.762959537489612,67.71000000000001,45.849000000000004,85.21300000000001,738
BR,2024-06-12,13428,1057.343759308906,379.5435996651102,974.0,549.4,1679.8,1463,1465,71.48709215017071,10.908860256633844,68.26,59.134,84.514,708
BR,2024-06-13,13761,1065.4078191991864,411.00267496026083,893.0,436.8,1606.9999999999986,1505,1455,71.6886116838488,19.30456031562469,72.535,36.366,82.746,709
BR,2024-06-14,13526,1044.9218542067138,486.95505764617883,994.0,484.5,1763.5,1490,1501,71.9683744170553,13.171615682742857,63.95,50.791,86.30700000000002,709
BR,2024-06-15,13100,1078.418091603053,347.73888231774845,949.0,553.4,1685.4,1373,1459,72.92466072652498,10.023033371149857,72.515,61.878,83.473,648
BR,2024-06-16,13126,1066.213698003961,392.79567101598593,909.5,540.3,1652.8,1361,1487,72.51755884330866,10.704793975549315,70.36,54.11,82.11,662
BR,2024-06-17,13882,1065.0698746578303,425.8186806835621,994.5,567.8,1622.6,1472,1510,72.2496688741722,10.851625049835727,67.06,49.858000000000004,79.05999999999999,735
BR,2024-06-18,14845,1074.8491074435842,389.53954119954403,834.5,588.0,1630.0,1468,1577,72.59100190234619,10.530423970572127,68.825,57.126000000000005,83.348,728
BR,2024-06-19,14119,1055.3207025993347,368.01408228313505,1089.5,623.0,1590.0,1517,1521,72.19526627218934,10.294521736233197,64.28,53.26,77.23400000000001,743
BR,2024-06-20,14354,1053.0050160234084,411.06637351734673,1089.0,537.9000000000001,1584.6000000000001,1503,1523,72.20385423506234,12.212530854681317,73.57,56.337,88.33099999999999,719
BR,2024-06-21,13160,1051.0222644376902,381.1472807300107,1014.0,590.8,1547.0,1479,1334,72.51476761619188,10.093210366465671,77.88,62.618,87.576,703
BR,2024-06-22,12603,1035.3227009442192,351.9079300535284,1011.0,568.0,1625.0,1387,1360,71.86222794117646,9.433091483751678,72.46000000000001,55.760000000000005,77.645,665
BR,2024-06-23,12569,1052.4344816612304,401.0010946506957,833.0,553.0,1661.0,1359,1325,71.68770566037738,12.739758169691534,65.85,44.452000000000005,76.69,643
BR,2024-06-24,13988,1048.9658993422936,387.7187441270801,956.0,466.0,1610.0,1499,1474,71.98611940298508,10.37753182909623,68.94,59.37,85.998,723
BR,2024-06-25,15360,1047.1195312500006,452.59806181101567,1064.0,512.9,1616.0,1495,1537,71.89250487963567,16.88761625646097,73.76,56.382000000000005,86.972,736
BR,2024-06-26,14728,1050.769215100489,359.3581830891832,1014.0,539.0,1584.0,1514,1526,72.32709043250328,12.855098786232837,76.89,58.768,86.604,750
BR,2024-06-27,13616,1083.505728554641,439.4599066131996,1098.0,555.0,1630.8000000000002,1531,1432,72.26616620111731,13.973491852654904,63.76,48.588,80.938,744
BR,2024-06-28,14248,1037.5985401459855,369.7388399217529,974.0,562.0,1634.8,1529,1538,72.02655396618985,8.473278676557985,71.86,61.817,84.362,757
BR,2024-06-29,13248,1056.8249547101448,405.3835642690457,973.0,551.4,1656.2,1391,1438,73.3072183588317,10.424663064099482,70.84,58.203,80.35300000000001,686
BR,2024-06-30,12659,1041.1506438107285,366.68349310472706,991.5,563.5,1607.0,1307,1380,72.67767391304348,9.941802842040271,73.63,58.14,84.088,628
BR,2024-07-01,13514,1017.33735385526,389.0612807425347,904.0,584.4,1666.0,1469,1370,72.03794890510953,9.931513081264773,73.64,60.677,83.459,712
BR,2024-07-02,14055,1019.0281750266809,377.76520739632963,943.5,540.0,1626.0,1476,1453,71.58991052993795,11.85765938117637,68.095,53.732,82.188,716
BR,2024-07-03,14367,1052.883691793693,448.6309049051121,1086.0,562.6,1738.0,1499,1452,71.70624655647386,9.899391810723639,69.47,60.58,83.604,714
BR,2024-07-04,13329,1037.6067972090932,401.470784694993,1099.0,622.7,1744.7,1496,1431,71.96389937106918,10.38908633513519,68.47,54.302,81.99799999999999,727
BR,2024-07-05,12728,1044.7825267127594,356.54355043505393,1105.0,602.4000000000001,1662.0,1450,1343,72.4309530900968,12.559531800718306,71.5,56.745999999999995,86.176,683
BR,2024-07-06,12251,1055.7070443229134,325.9720965974559,908.0,528.5,1226.5,1367,1292,71.63571981424147,10.696463697883447,73.28,59.006,79.194,671
BR,2024-07-07,12425,1042.8585915492959,402.0618541303693,1036.0,516.0,1654.0,1330,1355,71.93723247232474,18.595074317917874,71.685,56.111000000000004,93.18900000000001,668
BR,2024-07-08,14240,1042.1013342696629,427.79469652757837,1161.0,596.0,1741.0,1466,1426,72.25199158485273,10.778037394750706,69.215,55.711000000000006,80.37899999999999,745
BR,2024-07-09,13986,1045.093021593022,385.2250300890153,1109.0,604.2,1710.8000000000002,1482,1467,72.02372869802322,10.265445245578263,72.04,54.662,80.266,734
BR,2024-07-10,13635,1023.4117345067841,430.88097211358064,1079.0,552.6,1736.0,1484,1386,72.29059884559886,10.766609715437026,71.08,57.918,85.14200000000001,728
BR,2024-07-11,13498,1043.44288042673,483.1451610922516,1247.0,564.0,1793.0,1466,1316,71.59053951367781,10.325633562696012,75.54,63.356,85.10100000000001,676
BR,2024-07-12,14015,1056.6678558687126,406.9449193925802,1109.0,549.0,1784.0,1492,1334,71.70069715142428,8.952751135203576,73.92,65.172,85.022,735
BR,2024-07-13,13022,1038.1449086161879,491.6101609427699,1138.0,557.0,1812.0,1418,1413,72.64156404812455,8.890839178715087,69.64,58.136,78.25600000000001,682
BR,2024-07-14,13194,1046.2091102016066,462.472228895963,1306.5,558.3,1775.7,1356,1369,71.90658144631115,13.18465432394317,73.18,53.554,81.876,681
BR,2024-07-15,14363,1056.3053679593409,453.47348869272554,1698.5,645.5,1751.0,1488,1470,72.6670068027211,9.725318760842752,74.205,58.95,84.69999999999999,707
BR,2024-07-16,14349,1061.472576486166,399.70933975250375,1046.5,500.5,1665.0,1500,1492,72.81514745308311,15.28040333964461,67.77,52.565999999999995,87.96,710
BR,2024-07-17,14023,1043.5271339941532,373.60715128430576,886.0,552.0,1623.0,1467,1460,72.23800684931507,6.494143900469098,70.185,63.881,77.223,731
BR,2024-07-18,13262,1047.6842859297233,411.02280079369626,1124.0,498.3,1610.0,1467,1388,71.84004322766567,12.186754528482963,73.425,56.495000000000005,84.5,726
BR,2024-07-19,13547,1048.572894367757,369.4945390344532,1095.0,623.9,1626.9,1460,1444,72.85529778393351,10.161116809174501,73.81,66.784,86.218,697
BR,2024-07-20,13121,1063.5673348067985,421.09334623631946,1624.5,652.7,1728.3,1393,1387,72.22167267483779,14.495693696200675,66.15,55.698,87.15599999999999,671
BR,2024-07-21,12265,1074.7196901752955,443.571686143201,1687.0,567.9,1762.1,1329,1298,72.8602157164869,11.197662425121692,70.61,54.598,83.22,622
BR,2024-07-22,14366,1043.950438535431,403.96545626770603,1056.0,499.0,1628.0,1471,1483,71.74640593391774,12.098467505280631,71.24,62.456,84.91000000000001,743
BR,2024-07-23,14487,1037.9084696624557,417.1733184069318,1173.0,530.0,1683.0,1485,1512,72.02979497354495,11.657668462620432,75.985,56.81,78.71000000000001,773
BR,2024-07-24,15010,1076.5583610926044,394.24915979618777,1237.5,543.8,1662.0,1516,1619,72.80019147621985,11.370584735281744,80.51,64.24,95.02100000000002,731
BR,2024-07-25,14491,1035.7982195845693,435.67337624980786,1255.0,516.0,1586.0,1501,1570,71.81056050955412,11.322073090126727,71.16,54.33,84.456,772
BR,2024-07-26,13459,1031.7140946578497,369.9929636981363,1023.0,539.0,1542.0,1490,1491,72.19327297116027,10.728347560519763,70.54,57.884,80.214,750
BR,2024-07-27,12771,1071.1428235846836,367.14823448704817,904.0,539.3,1555.7,1367,1498,72.60532710280371,15.412092333056036,68.24000000000001,58.533,92.796,650
BR,2024-07-28,12957,1040.7661495716598,466.21715077292504,1151.0,495.0,1676.0,1346,1469,72.53959155888356,12.717766725183731,67.39,53.6,82.67,656
BR,2024-07-29,13989,1026.660661948674,446.4888053532643,1147.5,513.7,1633.1,1498,1631,72.78008583690983,12.291703317581767,69.42,52.52,81.52,768
BR,2024-07-30,14537,1039.724977643255,417.424435031991,1062.0,457.5,1630.5,1513,1621,72.62421344848858,13.2805732767829,68.36,56.114,82.34400000000001,760
BR,2024-07-31,14345,1036.0633670268392,517.9624896223843,1643.5,494.1,1697.9,1495,1619,72.8344595429277,14.458863120937275,63.41499999999999,45.149,76.47500000000001,726
BR,2024-08-01,13676,1048.094472067855,463.0226607242689,1144.0,513.0,1666.0,1492,1509,72.63981444665343,5.757528217285565,70.765,63.191,78.654,705
BR,2024-08-02,13727,1047.2892110439273,464.83749174521023,1032.0,467.6,1692.0,1499,1509,72.78486414844264,10.111757588198568,64.81,58.348,80.188,712
BR,2024-08-03,14094,1037.8492266212565,449.609191244641,1051.0,589.0,1715.0,1394,1551,72.52243713733073,11.830173567308853,72.31,55.956,85.864,709
BR,2024-08-04,13402,1061.1081928070441,435.8744255770232,814.0,311.0,1712.0,1392,1540,72.40468181818183,10.196350109502692,67.395,56.034,72.612,704
BR,2024-08-05,14256,1057.035704264871,443.8638777730286,1141.0,586.0,1691.0,1516,1478,72.71662381596754,15.245796179071359,73.83,48.9,81.97,721
BR,2024-08-06,14268,1034.7284132324073,446.097821650849,921.0,551.8000000000001,1650.0,1527,1636,72.5665525672372,9.761198023358151,71.46,60.384,82.92999999999999,763
BR,2024-08-07,13912,1030.132763082231,383.8324858823449,1113.0,561.2,1647.4,1539,1607,72.58135034225265,15.084483492969092,75.6,51.484,85.05,773
BR,2024-08-08,14150,1034.8599999999994,425.57956684354474,891.5,443.1,1628.9,1503,1657,71.51115872057937,11.866352523931784,64.5,47.055,79.719,769
BR,2024-08-09,14125,1022.1413805309729,405.5734225098629,1021.5,458.0,1627.0,1519,1483,71.97107215104518,11.68111358273996,76.88,59.672000000000004,83.476,705
BR,2024-08-10,13039,1021.1383541682649,419.79033100328076,1090.0,547.0,1700.6,1433,1448,71.62132596685082,15.160794229224921,72.42,47.96,88.988,692
BR,2024-08-11,12263,1032.35293158281,356.4434834922387,840.5,471.0,1450.5,1379,1284,72.77244548286605,16.332380133230018,71.10499999999999,54.852,87.08,629
BR,2024-08-12,14811,1060.385591789885,429.1499029760775,1167.5,547.2,1623.0,1519,1602,73.10761548064922,14.38057978664282,72.25,52.325,84.81,746
BR,2024-08-13,15264,1043.2770571278827,370.9853387658763,1029.0,543.8000000000001,1625.0,1537,1723,73.05100986651186,11.044372503176435,68.24,58.73,82.988,767
BR,2024-08-14,15016,1056.965703249867,441.2415908292297,1065.0,454.5,1599.5,1560,1670,72.92142514970064,8.250733701409242,59.11,54.35,72.82,812
BR,2024-08-15,15128,1036.1187202538345,387.0512327612546,1087.0,588.3000000000001,1651.1,1533,1500,71.61760666666665,14.389476142953885,72.68,46.016000000000005,80.888,761
BR,2024-08-16,14892,1064.6365834004835,470.82654435491463,1042.0,456.6,1633.6,1578,1596,72.57753132832077,11.4813880790705,72.095,61.414,86.928,796
BR,2024-08-17,13842,1042.389105620575,417.5819330830805,1032.0,409.9000000000001,1632.3,1453,1489,72.60702484889187,12.41250890373572,75.88,46.77,80.146,715
BR,2024-08-18,13746,1032.4484941073756,413.8652418155523,1009.0,492.0,1612.9,1406,1474,72.41932157394848,12.10495878855964,70.86,51.942,82.58500000000001,694
BR,2024-08-19,14840,1040.3924528301884,496.41802823982937,973.0,435.4,1696.0,1575,1472,73.45407608695658,11.788819120251187,67.22999999999999,54.035,82.57,732
BR,2024-08-20,15453,1037.2011907073056,463.27536982274654,821.0,497.0,1682.0,1607,1544,72.65808290155438,10.375702626810389,76.3,62.272999999999996,83.13,782
BR,2024-08-21,15187,1052.5754263514846,491.4272743243963,1045.0,343.5,1683.0,1593,1698,71.94511189634865,14.269130811002782,67.35,46.226,78.304,811
BR,2024-08-22,15259,1051.1997509666412,472.00623406900036,1149.0,425.0,1703.0,1560,1685,72.66356676557866,16.4114218871911,69.32,55.425,86.975,765
BR,2024-08-23,15136,1021.6412526427058,471.3117173357344,1053.0,437.7,1679.2,1624,1730,71.90826011560694,11.337036356975092,71.125,56.785,80.35,833
BR,2024-08-24,14347,1051.0963964591906,490.6246488633965,963.0,371.8,1688.0,1478,1561,71.9726137091608,16.648715601296082,68.505,42.014,81.85000000000001,736
BR,2024-08-25,14848,1046.89614762931,506.40087890532675,1167.5,537.0,1752.0,1489,1810,71.91986187845306,12.153318260870156,71.535,57.998999999999995,83.51,767
BR,2024-08-26,14907,1070.346213188435,427.01138615911236,1132.0,528.0,1632.0,1570,1744,72.97413990825692,13.214089308385955,69.285,57.08,89.745,806
BR,2024-08-27,14684,1046.4028874965948,442.754930522831,823.0,437.0,1651.4,1585,1612,72.44192307692308,10.535232652390738,68.15,57.05,82.55199999999999,774
BR,2024-08-28,15068,1028.7051367135653,456.7407678908025,929.0,438.0,1703.0,1589,1692,71.88416666666662,16.95451456347765,68.25,49.126,86.726,839
BR,2024-08-29,14788,1045.1530971057614,438.0289042995977,1117.0,538.0,1699.8,1591,1573,72.38395422759059,6.652033190095356,72.46,62.704,79.584,759
BR,2024-08-30,14278,1038.6301302703455,475.915820720072,1070.0,479.0,1727.0,1592,1661,72.50236002408191,14.750554091287553,73.47,42.922999999999995,82.977,799
BR,2024-08-31,13796,1037.0333429979707,453.4764787720293,1675.0,590.8,1735.0,1497,1519,71.6865898617511,12.98952515318031,68.63,53.348,88.54,744
BR,2024-09-01,13414,1047.8193678246607,484.6089311979039,1711.0,542.0,1765.0,1461,1542,71.28442282749674,9.303890959284105,68.62,63.019999999999996,83.084,726
BR,2024-09-02,14506,1046.014201020268,448.8633720511508,1110.0,494.0,1679.0,1564,1669,72.48541042540447,15.224283636509732,74.1,50.71,88.35,801
BR,2024-09-03,14437,1030.4886056659961,454.2408242794867,935.0,441.0,1639.0,1606,1628,72.74033169533168,12.17495573799848,66.67500000000001,53.706,82.299,797
BR,2024-09-04,14837,1044.924782638,465.4613291716443,958.0,465.0,1667.0,1601,1668,71.86811750599519,14.924241362525384,71.17,53.730000000000004,83.404,811
BR,2024-09-05,14802,1030.8686663964331,484.670775988772,983.0,468.0,1719.2,1611,1641,72.34228519195614,14.42457862798915,71.765,53.297000000000004,89.54200000000002,826
BR,2024-09-06,14801,1048.8202824133505,433.82638581415426,897.0,470.0,1699.0,1607,1690,71.56369822485205,14.039408374287003,71.61,48.495000000000005,82.03999999999999,813
BR,2024-09-07,14154,1024.9727285572988,412.7119995020286,906.0,461.2,1698.0,1476,1613,71.66590824550529,13.048599233255398,73.43,60.97,88.85,764
BR,2024-09-08,14668,1035.335833106081,463.1963461229932,660.0,441.6,1733.4,1516,1651,71.71854633555425,13.767735410492655,71.11500000000001,48.794000000000004,85.641,774
BR,2024-09-09,15850,1057.938422712934,372.6174606708317,650.0,440.6,1294.2,1646,1797,72.17647189760713,15.605116770517535,71.44,40.958,84.914,872
BR,2024-09-10,16042,1053.53428500187,479.9981315946066,974.0,484.8,1765.0,1630,1877,72.04273308470965,14.044645761150868,65.905,46.45,76.825,856
BR,2024-09-11,15633,1062.453655728267,488.3205471530567,898.5,484.3,1715.7,1670,1797,72.47242070116859,9.730129555767624,71.97,63.96,81.746,864
BR,2024-09-12,16051,1034.370693414741,402.8847885744592,927.0,474.0,1439.0,1703,1794,72.33712931995542,9.173847091299564,74.91499999999999,60.402,86.03500000000001,884
BR,2024-09-13,15520,1048.779768041237,451.5352169952108,1017.5,471.3,1663.0,1638,1829,71.87906506287587,14.364400736014055,72.43,50.308,85.378,812
BR,2024-09-14,14311,998.3709035008038,439.7819193992358,978.5,522.0,1736.0,1549,1663,71.42269993986773,10.574205547424528,69.34,63.267,83.96300000000001,780
BR,2024-09-15,14791,1018.6605368129268,468.7159561945521,953.0,506.0,1748.1000000000001,1535,1799,71.32106170094501,14.092384346379326,71.24,45.51,84.89,763
BR,2024-09-16,15166,1026.1933271792163,373.1324452259485,1043.0,499.0,1481.4000000000042,1655,1720,72.28256395348839,11.840406661804211,75.68,51.961,82.858,818
BR,2024-09-17,15509,1035.3169772390218,452.93158857977954,1035.5,499.0,1721.0,1660,1746,71.5129495990836,12.329147108823138,66.26,52.848,75.922,866
BR,2024-09-18,15145,1037.801056454276,409.06086700507655,985.0,401.1,1630.4,1614,1677,72.1248360166965,15.983925963188016,74.23,40.862,80.068,821
BR,2024-09-19,15812,1053.4831773336712,413.08465841064645,1015.0,537.2,1661.8,1663,1861,71.47390112842558,10.15638326290352,71.25,56.878,80.858,862
BR,2024-09-20,14887,1032.0744945254248,373.58262494612933,969.0,535.0,1688.4,1627,1659,71.02424352019293,14.593408778827827,70.9,54.434,88.546,812
BR,2024-09-21,14695,1033.2949302483842,424.44767862345236,1043.0,549.4,1663.0,1573,1709,72.08028086600356,11.175071832919652,74.16,54.368,83.27000000000001,799
BR,2024-09-22,14929,1015.8369616183272,461.7705064310185,1007.5,532.0,1671.7,1552,1768,71.61099547511313,10.342668995920912,71.53,55.752,81.982,792
BR,2024-09-23,15737,1045.3575649742645,438.4518859480099,1117.0,554.0,1720.0,1712,1816,72.537808370044,8.028924181119962,73.08,63.704,82.948,833
BR,2024-09-24,16645,1027.1273655752473,428.03658291592825,1029.0,575.4,1704.2,1714,1776,72.5097691441442,9.28697714843509,73.00999999999999,65.23,87.572,875
BR,2024-09-25,16145,1035.2389594301637,396.9435969587378,1022.5,552.3,1640.0,1687,1953,72.70400921658985,12.295442797285297,71.325,51.224000000000004,83.334,876
BR,2024-09-26,16489,1038.732245739584,356.8770337193446,985.0,573.6,1613.0,1684,1839,72.0073463839043,12.510773051869013,67.92500000000001,56.593,79.533,864
BR,2024-09-27,15189,1055.8718151293697,397.41120115400173,1022.0,564.2,1647.9,1711,1716,72.08408508158506,12.014007131677593,74.46,57.006,87.81400000000001,852
BR,2024-09-28,14009,1040.5349418231137,459.0175668326299,1020.0,504.0,1645.0,1550,1651,71.88574197456086,13.474327120788804,70.06,52.782,83.96200000000002,777
BR,2024-09-29,14078,1005.3497655917033,421.85691298727596,996.0,461.0,1600.6,1507,1702,71.88384841363101,10.577646496788885,72.9,58.61,83.24,742
BR,2024-09-30,14384,1018.9308954393769,425.52351777910235,985.5,453.7,1567.0,1674,1741,72.15712808730613,11.742749173840096,68.555,52.712,81.65899999999999,847
BR,2024-10-01,15477,1029.1946113587906,415.12197089415395,1030.5,463.5,1605.5,1703,1645,71.58596960486324,14.918834479349325,70.66499999999999,51.29,85.44,860
BR,2024-10-02,15408,1026.4354231568013,437.10278843339586,988.5,424.0,1589.0,1717,1654,71.70826481257555,14.321129152131961,73.18,60.676,83.944,839
BR,2024-10-03,14415,1045.4357960457864,422.7923909835524,969.0,444.0,1559.0,1693,1582,72.29678887484201,13.099493778192269,67.72999999999999,48.244,81.06700000000001,824
BR,2024-10-04,15026,1030.8565819246633,420.19262435474377,1021.0,478.0,1584.4,1668,1715,72.31909620991253,11.142032529520318,71.29,52.432,79.952,820
BR,2024-10-05,13729,1041.257265642072,449.30185427383026,799.0,450.0,1589.0,1540,1606,71.71868617683687,14.530684980413003,65.345,43.195,78.55900000000001,762
BR,2024-10-06,13295,1051.7670552839415,358.26105547326034,669.5,415.4,1212.6,1495,1540,72.59928571428573,14.881658785561392,73.96000000000001,55.373,85.38900000000001,712
BR,2024-10-07,14711,1037.10087689484,414.7342411747859,985.0,474.80000000000007,1634.4,1642,1693,72.671896042528,12.64146525474726,69.195,54.36,88.5,791
BR,2024-10-08,14976,1042.6974492521374,431.3174195819348,993.0,385.4,1631.0,1688,1681,71.24989886972043,9.925993656485334,69.38,56.774,83.11000000000001,905
BR,2024-10-09,15791,1043.8722056867844,420.69403311936054,877.0,480.00000000000006,1671.8,1675,1675,72.1370686567164,16.192612949348966,68.7,46.372,83.582,808
BR,2024-10-10,15674,1058.3595125685845,433.0305196908353,833.0,417.1,1658.3,1679,1721,72.70594421847764,16.045579190404926,72.7,46.556,82.15,822
BR,2024-10-11,14748,1023.1134391103876,406.1629836124839,1018.0,483.0,1551.0,1676,1598,72.2359949937422,15.032294402385816,68.71000000000001,54.089999999999996,80.3,805
BR,2024-10-12,14617,1029.2471095299986,403.6811651265155,802.0,413.0,1552.2,1535,1722,72.92852497096402,13.994497355838414,70.63,53.162,83.00999999999999,733
BR,2024-10-13,14611,1010.0611183355011,339.178967632843,641.0,423.0,1199.2,1526,1763,71.6309359047079,10.508944423151588,70.96,56.806,80.226,779
BR,2024-10-14,15491,1016.7526305596799,395.644318989178,987.5,459.0,1628.7,1654,1614,72.5303531598513,9.517034950724314,69.26,62.32,80.822,798
BR,2024-10-15,16071,1011.511666977786,463.8600359554307,1171.0,483.3,1669.7,1702,1767,71.57912280701753,8.826367896702124,77.13,65.45,86.93,894
BR,2024-10-16,15154,1024.716642470635,528.03812860575,1112.0,429.0,1761.0,1679,1666,71.77359543817522,11.672409776905539,74.515,61.418000000000006,85.427,821
BR,2024-10-17,15677,1009.4600369968748,436.91003508273525,1033.0,593.0,1735.0,1713,1836,72.02335511982574,10.517212260931911,62.47,57.48,80.91,882
BR,2024-10-18,15095,1008.9860218615435,436.2546334492913,1025.0,432.6,1700.6,1694,1680,71.57916666666665,9.539230996259603,69.74,54.924,77.28,846
BR,2024-10-19,14735,1025.7691211401418,439.47282999472384,1162.0,574.8,1680.7,1543,1635,71.8798348623853,11.016200558722595,73.275,53.419,83.403,761
BR,2024-10-20,14687,1016.3248451011094,430.6935181863088,1037.0,413.4,1698.0,1592,1715,72.57060641399418,14.413226550962662,72.935,55.925,86.215,797
BR,2024-10-21,16242,1030.6393917005298,478.51535098516564,1257.0,576.6,1734.6000000000001,1743,1787,71.68561275881365,11.39330439161528,73.15,54.84,86.952,849
BR,2024-10-22,15905,1034.367871738447,460.6832732728752,1264.0,614.0,1732.3,1736,1717,72.65034944670938,12.167415994460308,74.925,59.73,88.06,860
BR,2024-10-23,15593,1027.9172064387872,431.5615746952458,1087.0,590.8,1605.0,1756,1763,71.65794100964268,11.899031356468567,74.965,56.672,84.16099999999999,873
BR,2024-10-24,15223,1023.962490967615,427.1003141177444,1087.5,439.1,1607.0,1722,1835,71.9210626702997,10.455126945086311,71.64500000000001,57.61,82.63,896
BR,2024-10-25,15611,1031.874447504965,335.6686051500172,952.5,461.0,1281.0,1746,1855,71.67666307277628,14.535255755023563,69.99,46.77,85.24,860
BR,2024-10-26,14542,1028.531701279054,422.5382653146225,1103.0,469.0,1614.0,1600,1749,72.5711720983419,13.902123282363528,80.65,54.742000000000004,87.67999999999999,777
BR,2024-10-27,14538,1055.401499518503,468.27157119934424,1092.5,495.6,1810.2,1582,1865,72.97022520107238,8.762630081060138,71.715,64.685,79.30000000000001,803
BR,2024-10-28,16360,1055.1754889975546,521.1952361587822,1246.0,507.0,1861.9,1767,1805,72.08801108033244,11.08102444622237,71.52000000000001,57.685,85.08000000000001,879
BR,2024-10-29,15813,1033.3343451590463,446.9214545530259,1044.0,539.0,1804.1,1751,1726,72.23413093858629,13.268048176859677,72.03,51.08,84.7,820
BR,2024-10-30,14630,1016.5819548872171,467.6352531662846,1173.0,562.6,1781.8,1740,1716,72.30551864801866,10.611532832995614,74.42,59.426,85.47,844
BR,2024-10-31,14684,1017.8377826205386,477.18875378300237,1249.0,590.6,1845.8,1687,1645,71.76891793313072,12.053271952046881,70.1,55.766999999999996,84.682,817
BR,2024-11-01,14264,1009.5813236118902,496.1358698202357,1161.0,488.0,1808.0,1699,1733,72.59642238892091,10.569283916141151,73.68,55.925,82.47,807
BR,2024-11-02,14859,1024.4235816676762,487.4261546104672,1203.0,483.4,1854.9,1600,1778,72.02664229471313,11.226455406761298,69.34,60.784,88.275,832
BR,2024-11-03,14809,1022.7698021473427,419.73983126641326,992.0,456.3,1696.0,1553,1636,71.616130806846,12.898061286875636,68.94,52.616,80.11800000000001,789
BR,2024-11-04,14663,1013.8681715883517,391.1902292689976,970.0,456.0,1288.0,1693,1642,71.57423873325216,12.658732784227626,70.57,49.028,81.455,793
BR,2024-11-05,15436,1036.112982637989,467.68036173075484,1118.0,496.0,1704.0,1761,1666,72.10943577430973,16.761138453127163,66.495,39.568,84.385,841
BR,2024-11-06,14373,1026.2565226466293,410.32660951621494,943.0,445.3,1639.9,1720,1686,71.75131672597867,10.493111836148376,77.095,61.075,85.505,845
BR,2024-11-07,15378,1035.0756925477956,403.4359194150935,957.0,422.2,1542.0,1773,1588,72.26435138539046,10.624272257323437,71.81,58.01,88.73,845
BR,2024-11-08,15778,1037.462732919254,459.4196462227599,973.0,461.4,1637.6,1735,1681,71.20982748364068,14.56537107670368,63.66,39.94,73.402,874
BR,2024-11-09,13871,1051.1953716386702,411.8609453723811,953.0,486.6,1664.8,1601,1627,72.52801475107559,10.709613846913436,72.095,61.043,81.528,759
BR,2024-11-10,13991,1056.2007719248086,398.98514213127163,967.0,448.8,1638.0,1569,1584,72.4361426767677,8.607377685293233,72.1,61.199,80.461,749
BR,2024-11-11,15352,1041.586373110996,409.00699715949696,770.0,474.5,1599.5,1716,1711,72.12904149620107,11.588308527043903,70.64,57.856,83.444,811
BR,2024-11-12,15268,1035.1112129944981,498.67649805532864,958.5,266.0,1618.0,1735,1659,71.94406871609407,12.457402210784954,65.78,49.7,80.67,809
BR,2024-11-13,15490,1046.4582956746287,463.45377256378094,913.0,266.0,1662.2,1726,1690,71.89483431952661,12.431226776692384,73.25,61.226,84.315,832
BR,2024-11-14,14724,1042.9406411301272,405.30335419511255,925.0,276.0,1285.7,1707,1700,71.78132352941181,9.639439177375467,77.99000000000001,66.613,89.92200000000001,859
BR,2024-11-15,14227,1038.6466577634071,437.336593494472,801.0,464.0,1660.0,1639,1724,72.0475928074246,19.408534716459148,74.04,50.266,89.09600000000002,797
BR,2024-11-16,14637,1029.29493748719,494.35243924038974,961.0,309.0,1680.0,1621,1560,72.14353205128205,10.959174737976396,71.51,56.334,83.066,774
BR,2024-11-17,13627,1035.9706465106042,416.53267308153926,793.0,251.8,1301.0,1547,1541,72.09306294613887,14.137286073554225,68.295,52.666000000000004,88.71900000000001,728
BR,2024-11-18,14757,1030.397438503761,512.2333647638782,1278.0,480.9,1804.0,1690,1659,72.57320675105487,11.215947852153299,72.74,60.02,87.896,795
BR,2024-11-19,15606,1025.1466743560168,483.590043990686,950.0,449.4,1683.0,1717,1767,72.53631578947373,9.845333863915775,69.68,60.096000000000004,77.32199999999999,839
BR,2024-11-20,16512,1042.8757873062013,546.6431748403064,933.5,236.0,1680.0,1685,1867,72.2264649169791,12.760804842825802,76.355,55.84,87.025,847
BR,2024-11-21,15987,1061.9560893225741,507.4680545517447,1101.0,471.9,1759.1,1741,1741,72.67441125789775,13.50305832494936,71.73,60.81,81.72,870
BR,2024-11-22,15806,1067.336138175377,504.3947987202088,1091.0,471.7,1760.1,1734,1797,72.74977740678906,8.727503652247876,70.975,56.538000000000004,79.415,849
BR,2024-11-23,14194,1069.4685782725094,477.58914885076695,776.0,270.9,1729.0,1631,1631,72.24919681177192,13.948533643947185,71.89500000000001,54.541000000000004,84.986,780
BR,2024-11-24,14279,1051.342601022481,451.14136121161806,962.0,440.0,1698.0,1559,1786,71.47888017917136,11.855341749608064,65.11,54.472,82.364,767
BR,2024-11-25,15423,1054.1268884134083,536.3213034356744,1252.5,468.9,1821.7,1711,1755,72.8917094017094,9.46827583154516,75.285,64.953,88.964,825
BR,2024-11-26,15170,1064.607053394859,544.0649748519658,1709.0,501.4,1822.0,1719,1759,71.87512791358726,11.335142875147186,71.63499999999999,54.92,83.68400000000001,829
BR,2024-11-27,15287,1079.0335579250338,508.85934831290274,1110.0,485.0,1785.0,1748,1846,72.14794691224272,7.706458445690077,73.69,64.07000000000001,82.05000000000001,864
BR,2024-11-28,15173,1042.2416792987542,477.3747097482557,826.0,385.4,1705.4,1750,1719,72.06023269342643,11.500828008249938,72.36,60.616,83.604,856
BR,2024-11-29,14816,1045.4134044276454,531.8372957003329,930.0,210.0,1693.2,1720,1810,72.62794475138121,11.024440063740574,68.39500000000001,50.419,77.498,855
BR,2024-11-30,13991,1057.502394396398,456.20980886307757,858.0,504.8,1690.0,1561,1769,72.98310910118708,8.382759710062848,72.97,60.824,81.69200000000001,765
BR,2024-12-01,13358,1037.652343165144,332.50642692961213,603.0,406.6,1204.6000000000001,1587,1675,72.89991641791045,12.539858535220137,72.03999999999999,52.134,84.086,762
BR,2024-12-02,16031,1038.6371405402035,473.4549142023254,887.0,492.0,1660.0,1763,1967,72.04545500762583,11.612658854023428,70.36,52.266,79.252,902
BR,2024-12-03,15927,1029.2370816851887,446.198311044366,664.0,491.0,1667.0,1764,1810,72.1079005524862,10.175449216570382,71.44,55.306000000000004,80.934,891
BR,2024-12-04,15009,1026.488906656007,462.6480234476313,728.0,439.8,1702.6,1780,1668,72.21597721822539,12.527659637113018,73.77,57.5,83.63,828
BR,2024-12-05,15506,1035.3390300528838,416.81505834014,871.0,450.8,1653.0,1781,1933,72.23023279875842,13.574306480574668,71.245,54.696000000000005,85.611,905
BR,2024-12-06,15509,1039.2065897220966,471.00835736937006,890.0,439.0,1687.0,1753,1775,72.34281690140844,9.202626790215932,71.94,60.848,81.896,870
BR,2024-12-07,15066,1043.8197265365723,479.80073791136937,850.0,406.0,1653.0,1626,1865,72.55264343163539,15.765885894065432,69.09,54.354,91.062,816
BR,2024-12-08,13502,1048.4473411346478,370.7412217029641,849.0,384.6,1308.0,1613,1740,71.94535057471263,13.628254738675173,72.67500000000001,49.946,83.98200000000001,788
BR,2024-12-09,15100,1023.528013245034,371.3066863120286,709.0,352.0,1339.0,1755,1937,72.08076406814662,10.818989804256928,67.18,57.41,82.875,856
BR,2024-12-10,17032,1046.1995655237213,458.57310101952595,829.0,363.2,1698.0,1819,2046,72.15069403714564,9.88335795015958,71.54,58.97,86.634,949
BR,2024-12-11,15534,1047.0539461825672,458.8798537005402,702.0,433.0,1708.0,1754,1892,71.91387949260044,10.976434353245644,67.88,54.41,82.03999999999999,876
BR,2024-12-12,16152,1033.04686726102,430.6544934364429,737.0,425.6,1720.8000000000002,1742,1987,72.66386512330145,13.535724607527536,73.205,58.022,89.15700000000001,913
BR,2024-12-13,16624,1040.152971607314,442.31494469818796,684.5,418.0,1730.0,1770,1988,72.51844567404427,10.109335703995015,69.64,59.266,82.734,897
BR,2024-12-14,15090,1036.977866136514,305.8827497352119,713.0,426.0,1267.0,1663,1954,72.13680143295807,10.874505694029963,74.19,59.81,85.02,888
BR,2024-12-15,14761,1042.5108732470696,394.46759131980974,631.0,220.0,1266.9,1611,1812,72.45378035320091,13.575222759851561,68.78,52.514,82.59599999999999,813
BR,2024-12-16,16256,1021.5316190944878,416.82674946024815,705.0,435.7,1700.1000000000001,1779,1953,72.34878136200713,13.453715228275279,69.4,51.308,84.62400000000001,904
BR,2024-12-17,16421,1038.4778028134713,437.7428194428495,678.0,292.0,1684.0,1807,2077,71.93891670678865,9.690339006542981,69.69,59.035,83.03999999999999,928
BR,2024-12-18,16514,1017.8298413467361,329.28006828091196,549.0,484.6,1233.0,1772,1977,72.46720789074351,15.593225717128131,69.405,49.945,89.335,916
BR,2024-12-19,16302,1026.601030548399,376.0508544365295,694.0,474.8,1319.2,1797,1908,72.3200995807128,13.002408157067356,70.73,51.596,84.568,945
BR,2024-12-20,16087,1030.3272207372406,403.54222026303955,692.0,525.0,1684.4,1773,2066,72.36540174249757,14.036065771195764,71.985,48.211999999999996,84.398,952
BR,2024-12-21,14677,1041.9025005110043,445.2765201738338,671.0,373.6,1688.4,1628,1796,72.90365256124726,12.977119606600828,77.695,58.644999999999996,91.57499999999999,839
BR,2024-12-22,14555,1039.74421161113,462.8317719270371,821.5,525.0,1717.4,1633,1882,71.0922104144527,11.702722070308058,71.55,57.12,85.15,822
BR,2024-12-23,17168,1048.100419384902,304.46025219604036,683.0,391.8,1175.4,1741,2029,72.99874322326265,8.597043732978538,74.75999999999999,62.745000000000005,84.395,877
BR,2024-12-24,17475,1045.3174248927032,366.51704127754607,707.0,505.8,1263.8999999999999,1721,2177,72.21456591639871,10.007434316436763,71.22,58.016,88.066,889
BR,2024-12-25,14976,1042.9311565170945,304.8376233540284,715.0,534.0,1252.0,1590,1729,72.28729323308275,12.341576299466594,72.7,55.47,83.405,786
BR,2024-12-26,17359,1049.033527276917,328.801290388273,678.0,522.3,1234.0,1750,2062,71.84997575169741,13.307563591913977,69.045,47.117,83.07799999999999,891
BR,2024-12-27,17860,1045.7199328107495,437.157798711746,740.0,485.0,1735.9,1786,2101,72.00042836744404,10.590047399592686,71.63499999999999,57.256,84.09800000000001,940
BR,2024-12-28,16036,1010.829945123472,339.74774145680755,633.0,377.8000000000001,1215.8,1692,2193,72.62604651162792,12.769585619618924,75.12,56.7,86.656,908
BR,2024-12-29,16249,1033.624592282602,334.9535516237189,615.0,268.5,1251.5,1673,2129,72.34565523720057,10.508075301885427,75.305,62.185,85.49000000000001,879
BR,2024-12-30,17218,1009.1738297130912,401.8400616072209,785.5,460.1,1627.0,1751,2182,72.52205316223652,14.997736542188255,75.765,56.634,89.165,927
BR,2024-12-31,17195,1008.7834254143638,330.35156105292003,706.0,499.0,1291.4,1733,2163,71.66392048081364,18.262437404067946,72.46000000000001,45.445,84.256,929
BR,2025-01-01,13716,1025.504447360746,347.68994522559024,914.0,522.0,1301.5,1553,1911,72.405389848247,9.935295820457487,73.56,57.18,85.036,808
BR,2025-01-02,18514,1032.8316949335629,339.55271956163466,835.0,539.2,1468.7999999999988,1803,2319,72.21332470892625,15.576433592280829,74.97,47.93,84.1,949
BR,2025-01-03,17596,1006.7724482837004,337.34022444931867,763.0,466.0,1292.0,1852,2250,72.18866666666668,10.240205944109611,74.54,65.086,83.124,955
BR,2025-01-04,16917,1027.0643731158016,418.0430479134585,752.0,453.2,1575.600000000002,1761,2274,73.21753737906769,13.150270774142546,74.47,57.046,85.626,975
BR,2025-01-05,17404,1031.5137324752927,291.58010858462586,650.5,460.9,1138.1,1758,2234,72.58642793196059,11.619963168944171,72.805,57.515,84.04899999999999,955
BR,2025-01-06,17058,1018.4505217493256,336.96626166784307,663.0,420.0,1300.6,1872,2112,72.25501420454546,11.65272733454848,76.15,58.586,85.284,972
BR,2025-01-07,16906,1022.5900272092748,295.7406566019406,652.5,490.0,1167.6000000000001,1868,2047,72.22668783585736,12.707595489549314,71.62,58.434,86.896,975
BR,2025-01-08,18062,1029.6731812645326,343.01556153768604,689.5,451.0,1357.2,1901,2190,71.52528310502284,12.387199498335926,71.39,56.386,83.78,981
BR,2025-01-09,14952,1016.3942616372394,314.4749178415171,662.0,458.0,1311.8,1795,1908,72.01106394129978,11.09619177791725,74.08,55.75,84.78,909
BR,2025-01-10,16981,1023.5004416701021,335.34430906872046,661.0,382.8,1309.0,1901,2126,71.40615710253999,12.388801207538396,71.92,53.57,84.52,974
BR,2025-01-11,16161,1021.7018130066208,354.6147192343165,738.0,420.0,1330.0,1749,2173,72.5372158306489,12.895226439946683,72.465,55.679,84.018,923
BR,2025-01-12,15340,1039.3118644067797,353.3532633755435,702.0,222.0,1276.8,1721,2029,72.48913750616065,12.507045149084952,71.55,53.704,87.246,888
BR,2025-01-13,17324,1030.8775109674434,392.35358112013785,735.0,446.0,1600.5,1860,2330,71.85072103004293,15.338932499692138,65.78,44.762,82.022,976
BR,2025-01-14,17463,1011.4082345530551,357.149832710694,720.0,425.2,1346.8000000000002,1863,2102,71.93453377735489,15.991436990587598,66.63,53.03,84.49,967
BR,2025-01-15,16929,1017.3058066040529,415.00188773815495,715.0,452.0,1668.0,1877,2027,71.92001973359643,6.822275092665203,76.17,68.258,84.646,944
BR,2025-01-16,17228,1016.694276758765,393.43401243689846,669.0,417.4,1307.2,1832,1892,71.5964270613108,14.618126324661695,72.11,53.769000000000005,84.187,928
BR,2025-01-17,16768,1004.5629174618325,419.15901254595195,759.0,445.3,1430.6000000000001,1884,2103,72.26933903946741,10.832491733790048,73.16,57.477000000000004,84.51899999999999,978
BR,2025-01-18,15409,1032.7829190732689,480.04796751786336,1020.0,493.0,1818.4,1726,1897,72.23541908276223,11.513736336780179,69.9,56.205,86.05,888
BR,2025-01-19,14970,1028.8223780895125,401.44933084555055,942.0,506.0,1619.6,1730,1919,72.69646690984891,11.460090870731875,75.28,60.292,85.342,877
BR,2025-01-20,17686,1029.5892231143268,448.40566854047347,743.0,524.0,1713.0,1868,2027,71.91730143068575,10.518041442789716,72.95,63.866,85.73,954
BR,2025-01-21,17439,1013.5088021102132,361.49478453375525,770.0,524.0,1404.6,1883,2062,71.90826382153244,10.452721482683724,73.1,58.6,81.01,975
BR,2025-01-22,17599,999.9953974657649,355.2335544339292,783.5,530.0,1401.5,1889,2062,71.65354510184287,13.286315223651073,73.51,50.6,82.35600000000001,974
BR,2025-01-23,17296,1023.3138876040703,371.7814426354685,754.5,425.0,1374.5000000000002,1867,1996,72.36307615230459,14.300876896190667,73.96,53.775999999999996,89.576,943
BR,2025-01-24,17030,1026.3716382853788,316.80273907552635,749.0,449.0,1178.5000000000005,1895,2001,71.74055972013998,12.858875438817362,67.76,49.158,78.1,958
BR,2025-01-25,15331,1019.416606874959,380.96720841657776,725.0,440.6,1324.0000000000002,1742,1884,72.33095541401272,12.611317148293582,72.77,52.573,85.897,902
BR,2025-01-26,16018,1033.3347484080405,435.24060337874107,981.0,468.0,1586.0,1721,1938,71.97962332301344,11.15148447049502,75.80000000000001,60.033,85.276,858
BR,2025-01-27,16754,1027.5457801122116,291.1099140833928,775.0,485.6,1218.0,1884,2097,72.19575584167859,13.81810335539088,68.49,52.598000000000006,86.754,948
BR,2025-01-28,17646,1022.7395443726622,350.694372567951,666.0,465.8,1197.4,1904,2236,72.25971377459747,12.673549006026814,67.34,52.876000000000005,83.068,1018
BR,2025-01-29,17750,1015.2163380281694,403.0371708763762,729.5,441.9,1654.1,1884,2023,71.71110726643597,13.332816326482446,71.57,56.9,86.78,958
BR,2025-01-30,17294,980.0545854053429,386.4663574769455,691.0,435.0,1656.8,1911,1972,71.42721095334679,13.996486676509726,75.43,54.779,88.26,975
BR,2025-01-31,16869,985.312525935148,327.85703443611334,736.5,455.0,1218.8000000000002,1914,1961,71.83700152983165,12.756792682941725,72.66999999999999,55.417,88.433,931
BR,2025-02-01,15877,991.6513195188012,436.5270496858992,968.0,156.0,1629.0,1787,1893,71.5307501320655,14.557492777164406,76.29,55.694,92.48400000000001,916
BR,2025-02-02,16088,1018.5601069119841,335.4046822778586,702.0,447.0,1159.4,1755,1881,71.83416799574694,11.317370644515112,70.88,59.548,87.08200000000001,887
BR,2025-02-03,16089,1016.098390204487,433.65203119501365,699.5,394.5,1625.0,1866,2063,71.78137663596705,9.483868882454662,75.57,63.122,87.3,946
BR,2025-02-04,17168,1000.7337488350415,419.1125889107161,718.0,400.0,1627.8,1941,2097,71.78176442536956,12.516377405623402,61.49,47.634,79.83400000000002,1002
BR,2025-02-05,17281,1001.9637173774668,369.95413976942905,734.0,414.8,1294.2,1902,1982,71.3356054490414,13.23188903091274,65.715,50.150000000000006,87.446,974
BR,2025-02-06,16791,988.9515216485023,327.8920593489357,795.0,480.0,1249.0,1918,2020,72.12313366336636,13.014007274109636,68.00999999999999,55.495,80.54700000000001,965
BR,2025-02-07,16998,1005.3681609601134,352.95456258147124,767.0,440.6,1293.2,1892,1999,71.69841420710357,13.252382129216068,69.31,56.61,82.775,983
BR,2025-02-08,17134,998.7856309093029,389.89910476848945,914.5,500.0,1576.5,1771,2150,72.19780930232561,11.058512739062156,69.22,58.72,82.756,947
BR,2025-02-09,16022,1002.9008238671829,331.3529867251442,892.0,508.0,1513.0,1789,2092,71.72624282982791,10.131907429351887,73.23,60.96,86.518,931
BR,2025-02-10,17374,1022.1336479797392,375.49875008484537,879.0,481.0,1556.0,1916,1991,72.11732797589148,12.16019809672027,72.41,58.118,86.646,969
BR,2025-02-11,18117,1039.2816139537456,421.4522750210581,875.0,543.0,1617.4,1929,2095,71.37672076372316,11.29247967552841,69.65,55.745,82.795,1071
BR,2025-02-12,16956,1013.6395376267983,368.6561236743343,878.0,436.3,1570.0,1951,2022,71.82222057368939,11.079456691856992,71.66499999999999,55.0,83.376,1056
BR,2025-02-13,16927,1008.1881018491168,273.13256183063993,812.5,483.1,1183.2,1922,2022,71.27499010880317,14.294653539337308,71.82,53.571,89.132,1005
BR,2025-02-14,17445,1014.5398108340503,364.15530608064745,895.0,571.0,1582.0,1958,2191,71.7565038795071,9.479035195888764,71.99,60.898,85.166,1043
BR,2025-02-15,16725,1021.0033482810162,464.3472618013095,911.0,384.0,1651.0,1878,2036,71.7543271119843,13.832113524532524,69.82,54.969,81.901,983
BR,2025-02-16,16861,1003.6439119862408,326.4420738718148,866.0,545.0,1291.6000000000008,1826,2061,71.47043182920913,11.476042224143109,75.9,61.198,85.244,968
BR,2025-02-17,17209,1017.299145795805,414.91338382679737,812.0,501.0,1694.0,1960,1923,71.0709672386895,12.075214985526198,71.31,47.842,81.722,988
BR,2025-02-18,18375,998.12,388.3545366920622,806.0,500.6,1701.2000000000003,2025,2051,71.13900536323744,16.404901790465583,70.23,46.402,83.916,1046
BR,2025-02-19,17428,1012.3903488638974,467.5157716058681,749.0,402.6,1743.8000000000002,1952,2066,70.93506292352372,15.54850539785349,68.44,45.69,81.65,1032
BR,2025-02-20,17123,992.9911814518488,269.21854129419216,689.5,398.0,1120.0,1988,1944,71.87250514403291,13.386946627218622,69.715,52.526,77.251,1003
BR,2025-02-21,17814,1002.120691590883,362.85683233918627,715.0,431.8,1260.2,1988,2084,71.42567178502875,16.09054162899838,70.23,44.636,80.584,1053
BR,2025-02-22,17301,1024.3044910698804,539.3026980848091,1090.0,479.1,1804.0,1867,2032,71.22525590551182,10.084775394127526,76.215,58.551,82.764,995
BR,2025-02-23,17535,1029.1086968919296,456.0558879764899,788.0,402.6,1771.8,1867,2229,71.69068640646027,15.169775559728773,71.78999999999999,50.010000000000005,84.07,968
BR,2025-02-24,18130,991.3462768891338,452.8616105633105,787.0,456.1,1730.0,2047,2105,70.61887410926366,12.316777774645447,68.745,55.791999999999994,86.205,1089
BR,2025-02-25,18260,967.7122124863092,354.2343568346166,653.5,480.5,1212.0,2031,2101,70.41072822465495,14.699791338598496,66.42,49.278,80.054,1023
BR,2025-02-26,17973,990.3075724698163,381.30295272888907,829.0,514.0,1680.5,2017,2171,71.36756794104097,12.763257264507365,70.39,54.94,88.19000000000001,1090
BR,2025-02-27,17970,1017.787979966611,436.165992385014,762.0,462.0,1699.0,2018,2136,71.29606273408241,14.829931098733045,72.39,50.68,84.72200000000001,1053
BR,2025-02-28,17377,998.6637509351443,464.4778832617331,1140.0,519.0,1733.0,1956,2116,71.41907844990547,11.905870393481901,74.61,56.617000000000004,83.11500000000001,1002
BR,2025-03-01,16940,1008.8672373081469,399.22690376947213,777.0,428.3,1713.0,1848,1988,71.28900905432596,12.199680627772997,72.08000000000001,56.125,87.72999999999999,933
BR,2025-03-02,16115,1023.1725100837737,373.08337276955854,766.5,470.0,1334.0,1821,1886,71.73894485683986,9.296670811182226,74.845,59.221999999999994,83.322,911
BR,2025-03-03,18020,978.2536071032179,409.15725898326656,718.0,453.0,1349.0,1949,2065,71.3223147699758,13.019411328613845,69.91,54.4,87.71199999999999,1028
BR,2025-03-04,17959,1035.800935464113,335.2889652145716,763.0,452.0,1230.0,1903,2066,71.30625847047435,14.503789473475855,74.405,50.34,87.522,1030
BR,2025-03-05,18826,1022.2245299054501,429.673397736138,700.0,437.0,1757.0,2073,2179,71.33420835245522,12.52592187509014,70.14,50.27,79.64,1042
BR,2025-03-06,18394,998.4959769490051,429.90045276655496,734.0,479.2,1794.0,2080,2267,71.97776356418176,11.41573816149304,68.88,56.894,86.084,1124
BR,2025-03-07,18372,983.539244502503,412.5689105375719,692.0,438.0,1338.0,2089,2178,70.66039944903582,12.222299339439251,69.21,51.316,81.56800000000001,1091
BR,2025-03-08,17423,1023.7412041554268,450.98294420094277,953.0,451.8,1783.0,1917,2171,70.82437586365731,12.981058787514135,72.735,55.738,88.986,1025
BR,2025-03-09,17678,1003.5246068559792,404.2640859166392,806.0,413.0,1331.6,1977,2125,71.83430588235295,9.730188176966758,74.64,64.57600000000001,86.208,1063
BR,2025-03-10,17690,994.4764273600911,519.8995827954043,1134.0,426.0,1751.0,2050,2023,71.19919920909538,13.08022776305265,72.44,52.251999999999995,85.107,1046
BR,2025-03-11,17761,1009.2464951297777,447.4786658483256,861.0,426.0,1718.0,2010,2064,71.68298449612404,9.734794233338068,69.13,57.867999999999995,80.94800000000001,1037
BR,2025-03-12,17606,1000.952970578212,492.08765084896305,884.0,416.0,1721.0,2026,2114,71.51443708609274,10.732931509478579,73.37,57.102000000000004,81.332,1054
BR,2025-03-13,17468,997.4846004121827,427.00084470355677,668.0,447.0,1709.0,2033,2041,71.16977951984322,14.816891949393435,67.72,45.205999999999996,76.894,1078
BR,2025-03-14,17348,996.2948466682047,409.66586964138,854.5,418.0,1703.0,2046,2000,71.62399,11.484268276033507,71.44,48.608000000000004,81.226,1017
BR,2025-03-15,18035,1023.1216523426671,410.9791597452464,832.0,432.4,1694.8,1987,2083,71.60083053288524,11.647837497122588,72.905,59.097,89.07600000000001,1047
BR,2025-03-16,18458,998.0792068479794,409.3388466437686,745.5,477.0,1324.8,1969,2069,71.61522474625424,11.311698097747986,65.58,51.879999999999995,82.2,1014
BR,2025-03-17,18697,984.1407177622075,375.1843993599808,723.5,471.0,1233.6,2112,2211,71.03273631840796,12.083062120343572,67.4,52.254,85.48400000000001,1145
BR,2025-03-18,19253,1004.5594452812549,375.104636323477,703.0,467.8,1299.6,2126,2236,71.67413237924868,14.555475646016308,73.09,53.71,86.804,1100
BR,2025-03-19,18411,996.6692194883498,462.835285213102,789.5,454.0,1742.0,2102,2201,71.37860972285327,14.00771667746219,69.47,57.872,84.01,1141
BR,2025-03-20,18501,995.6619642181498,388.4984141660499,773.0,486.6,1208.6000000000001,2107,2264,71.31183303886921,13.49827731702619,69.565,53.031,89.12300000000002,1092
BR,2025-03-21,17929,1011.1812147916792,434.13426461023505,784.0,468.0,1685.9,2142,2143,70.71222118525432,15.032742736567183,68.78,51.13,81.466,1116
BR,2025-03-22,18419,1019.0035832564196,384.65297746162696,853.0,472.2,1245.4,2047,2193,72.15729594163246,11.743626019391684,72.25,58.465,84.97,1047
BR,2025-03-23,18732,1018.744287849669,410.39428113570114,1013.5,518.0,1599.7000000000003,2014,2184,71.5076968864469,13.374550422235268,71.11500000000001,55.795,88.63,1084
BR,2025-03-24,19562,999.3340660464169,392.67993232329025,893.0,474.0,1645.0,2191,2254,71.66996450754216,13.824666008058747,71.15,51.423,88.388,1156
BR,2025-03-25,19716,1012.3632582673966,455.26150483961885,638.0,380.1,1760.0,2130,2118,71.2846647780925,13.719516412041559,69.17,53.6,86.42,1108
BR,2025-03-26,19159,1009.8092280390415,531.8386966005716,942.0,287.1,1782.9,2167,2126,71.36055973659452,12.581789137401044,71.78,52.49,86.3,1110
BR,2025-03-27,19118,1007.1681138194369,487.5822448970002,941.0,406.4,1821.0,2134,2150,71.40921860465116,11.950248456475189,71.31,58.658,84.82300000000001,1118
BR,2025-03-28,18541,1001.8583679413189,462.1457412852691,937.0,463.5,1811.0,2144,2099,71.7234921391139,10.655460358758026,71.035,54.481,82.68900000000001,1066
BR,2025-03-29,18544,1007.181568162209,437.79118416852486,824.0,482.2,1823.0,2034,2007,71.2496412556054,15.068815746434755,75.52,47.455999999999996,87.416,1039
BR,2025-03-30,18616,1023.3649548775243,419.2855246506015,770.0,518.0,1786.6,1996,2088,71.07847701149423,12.55474494802898,74.255,52.614999999999995,85.03999999999999,1056
BR,2025-03-31,18783,1006.379864771336,505.33775106300413,900.0,500.0,1810.0,2134,2092,71.3891778202677,10.923411598946549,64.51,50.716,79.37800000000001,1113
BR,2025-04-01,18725,995.6295327102798,591.5090466556775,916.0,513.2,1901.8,2185,2116,71.61707939508504,14.158266309435238,70.51499999999999,51.518,83.42,1107
BR,2025-04-02,18736,988.1058923996588,522.6095140134104,775.5,476.0,1861.3,2158,2152,71.08951672862452,12.342120038307844,73.08,55.702000000000005,81.694,1098
BR,2025-04-03,19700,985.9444670050767,483.409541013925,815.0,473.8,1802.0,2204,2159,71.2819870310329,13.17573634689266,68.64,47.354,79.938,1123
BR,2025-04-04,18803,977.4527469020899,509.73741126417514,859.5,479.6,1815.9,2224,2041,70.49535031847131,14.331716709971465,70.21,53.87,82.98,1105
BR,2025-04-05,18915,979.0963256674598,480.18442373871244,762.0,272.0,1816.0,2100,2116,70.83453686200382,13.953865680152523,71.56,59.264,88.42999999999999,1062
BR,2025-04-06,18660,1003.6915862808141,422.7678456284562,715.0,444.0,1322.0,2078,2095,71.208968973747,10.79307831465022,75.89500000000001,60.004999999999995,87.86,1056
BR,2025-04-07,18798,979.6246409192469,453.05471831755193,773.5,535.9,1794.5,2217,2093,71.08364070711893,12.188003024679302,77.885,56.393,89.336,1134
BR,2025-04-08,19967,991.0235889217206,478.86833950103954,904.0,485.0,1763.0,2226,2243,71.09560855996433,13.095592176140162,71.01,52.85,85.71,1182
BR,2025-04-09,19128,976.8471873693018,487.1974663857491,980.0,504.20000000000005,1753.0,2220,2249,71.50718541574032,13.354186667898016,74.96,54.4,86.434,1143
BR,2025-04-10,18759,969.0577855962472,491.73593421828855,764.0,478.0,1791.0,2251,2275,70.90552967032971,13.424705236331931,71.58,54.195,87.85499999999999,1186
BR,2025-04-11,19196,981.8756511773294,491.51050454823337,1060.0,467.2,1694.8,2296,2314,70.70644770959377,13.775037225805253,69.89,50.78,84.85,1198
BR,2025-04-12,19062,993.4763403630258,493.69589838140416,980.0,479.4,1708.0,2131,2180,71.06154587155962,12.433714322432047,71.905,53.123,84.961,1098
BR,2025-04-13,19918,994.9182146801886,519.5534225627878,865.0,125.0,1744.6,2120,2359,71.16432810512929,12.171198837926514,69.555,55.086000000000006,84.18400000000001,1106
BR,2025-04-14,20659,975.4261096858514,405.6696264273327,833.5,476.0,1740.3000000000002,2279,2129,71.04467355565995,12.125575938351739,67.05,55.13,80.1,1140
BR,2025-04-15,20958,989.849985685657,521.4962115219696,1062.0,479.0,1809.0,2284,2225,71.01511910112359,14.562422283054422,72.755,44.42,87.158,1208
BR,2025-04-16,19638,959.3018637335781,489.50306203597546,736.0,478.2,1812.0,2299,2252,70.7055239786856,14.265981222024296,63.64,41.2,76.86,1179
BR,2025-04-17,20268,984.8878034339848,346.42081204979837,799.5,411.20000000000005,1181.0,2331,2391,71.69132998745296,12.72911329771327,69.25999999999999,49.736000000000004,83.63,1255
BR,2025-04-18,21359,976.2385879488744,350.49458745116715,720.0,474.1,1243.4,2252,2474,71.36959175424413,11.875333443783449,67.64,50.717,80.331,1252
BR,2025-04-19,20571,971.3853969179899,512.9041689202388,820.0,391.0,1737.0,2190,2348,71.20922913117543,12.555515925330537,77.61,57.265,89.035,1162
BR,2025-04-20,19036,973.30626181971,278.8587168627386,593.0,263.8,1000.0000000000005,2122,2250,71.40389333333336,12.242047642383813,69.53,48.665,81.18,1186
BR,2025-04-21,22222,978.6437764377642,470.46497554154064,857.0,312.6,1688.0,2311,2534,71.25921862667721,14.125160418186626,67.65,46.385999999999996,85.43,1243
BR,2025-04-22,20922,987.9532549469461,405.5829970286784,765.5,428.5,1732.7,2303,2446,71.26461569910059,11.812649779525874,72.86,58.32,85.118,1232
BR,2025-04-23,20585,968.8013116346851,349.83419972119947,776.0,406.0,1190.0,2340,2415,70.76339130434788,11.107844676878184,68.645,55.771,81.95600000000002,1226
BR,2025-04-24,20497,967.4851441674393,353.48698668922407,809.0,457.0,1269.4,2365,2417,70.97525858502273,10.375433220186029,64.17,53.706,81.336,1292
BR,2025-04-25,21153,970.3765423344208,322.31404096236616,683.0,275.4,1182.0,2335,2410,71.02759336099582,9.440273879415118,69.97999999999999,53.679,78.734,1258
BR,2025-04-26,21225,995.2362308598352,364.6297656878647,549.5,354.20000000000005,1239.7,2285,2464,70.8681047077922,11.287252035007619,70.75,52.013999999999996,80.80000000000001,1217
BR,2025-04-27,20091,967.3168582947588,292.08245276128,711.0,345.0,1176.0,2210,2488,70.70363745980708,13.294932971704567,66.96,52.516,78.97,1202
BR,2025-04-28,20887,972.7754105424428,443.94824495720127,775.0,446.0,1653.0,2388,2445,70.30298159509202,14.049167058583938,75.11,57.822,88.57400000000001,1322
BR,2025-04-29,20715,959.1987931450637,380.61943905347323,767.0,458.1,1626.9,2421,2605,71.08168905950096,11.30487077975413,74.52,59.147999999999996,91.21600000000001,1376
BR,2025-04-30,20659,987.2223244106696,492.46534170204296,880.0,475.0,1703.0,2404,2646,70.91792517006805,11.51385060555087,72.87,61.026,87.212,1312
BR,2025-05-01,21702,974.7268915307342,439.71184742687393,822.0,485.0,1699.0,2382,2706,71.33618255728018,12.792882286185886,74.55,54.787,81.677,1321
BR,2025-05-02,22204,981.2377949918932,407.29970495871845,848.0,403.4,1492.2,2463,2913,71.07912804668729,10.863142009611568,73.08,56.834,87.32000000000001,1409
BR,2025-05-03,20698,984.7205527104067,385.4414004865726,825.0,478.6,1505.2,2335,2718,71.08740986019133,10.96827669466784,77.185,60.964999999999996,84.90299999999999,1292
BR,2025-05-04,20429,983.361006412452,504.75701649356,783.0,366.6,1921.0,2249,2802,71.39173447537473,15.735102827754258,69.2,48.871,87.358,1220
BR,2025-05-05,21075,979.9166310794784,308.2143978098704,716.5,359.0,1155.1,2451,2584,70.8162577399381,7.705592000419116,66.235,56.405,77.72,1340
BR,2025-05-06,22197,990.4055052484572,348.8042256605399,704.5,469.5,1334.0,2451,2646,71.13835222978079,12.599682633667237,68.45,56.794000000000004,83.72000000000001,1349
BR,2025-05-07,22633,991.6063712278528,415.8173880309551,769.0,500.0,1724.0,2480,2699,71.04705075954061,12.410229126837644,69.75,53.342,82.28300000000002,1354
BR,2025-05-08,21884,967.938128312923,417.342698121495,769.0,475.0,1363.6,2413,2692,70.59400817236255,11.291347333846183,71.76,54.416000000000004,84.84,1330
BR,2025-05-09,22553,969.2358887952821,513.5849907681755,976.0,417.7,1820.0,2452,2803,70.815915090974,14.795720685971464,69.72,51.354,80.836,1392
BR,2025-05-10,21378,964.5830760595003,376.4848279649635,903.0,426.2,1384.8,2400,2667,70.57280464941886,13.501172668129023,76.21,54.33,93.52,1285
BR,2025-05-11,20756,968.7607920601275,440.40779823931365,812.5,363.8,1417.1,2373,2642,70.7676873580621,13.014839957951976,70.88,58.98,90.4,1298
BR,2025-05-12,22158,962.9539669645274,503.524543335696,752.5,387.5,1820.5,2501,2842,70.97825826882477,14.065437136497383,72.34,43.348,83.598,1390
BR,2025-05-13,22672,964.1980857445302,456.48472157784266,763.0,515.0,1821.8,2531,2761,71.22200651937706,14.56233249635425,74.58,51.867000000000004,83.82000000000001,1369
BR,2025-05-14,23096,971.8466401108419,498.00971818211633,974.0,437.00000000000006,1834.0,2560,2794,70.65265569076597,15.936814538636286,75.81,51.88,93.71,1377
BR,2025-05-15,22191,975.4628002343287,555.5970264291309,932.0,212.0,1788.0,2560,2861,70.82372946522192,11.057337111305577,69.31,54.937,82.248,1415
BR,2025-05-16,22455,958.5737697617459,515.3389764002042,892.5,233.3,1715.6,2592,2729,70.33320630267502,12.040622695026933,71.32,51.18,81.71,1407
BR,2025-05-17,23326,949.3293320757946,519.9843956154085,762.5,237.0,1702.2,2472,2638,70.75425701288853,12.19185927272586,72.34,58.124,88.063,1331
BR,2025-05-18,22241,956.4004765972758,504.0711768318768,893.0,383.0,1747.0,2415,2712,71.38243362831862,10.875699016468278,69.53,55.806,84.714,1314
BR,2025-05-19,22949,977.1551265850366,516.3079740319528,1234.0,432.8,1793.1,2576,2871,71.51909787530475,14.438093991003146,70.93,50.91,86.38,1421
BR,2025-05-20,23485,968.4843942942304,528.2390894502873,1196.5,381.8,1809.1,2592,2764,70.76130246020259,12.354650118360889,65.32,50.949999999999996,75.146,1402
BR,2025-05-21,23438,963.0692038569848,498.32991721828694,1198.0,467.0,1821.2,2612,2761,70.67226729445852,16.18092299781519,72.85,46.28,83.84400000000001,1447
BR,2025-05-22,23517,951.5185610409494,493.64660078671943,820.0,417.0,1808.9,2650,2891,70.59615358007615,10.826149638721976,69.13499999999999,53.715,81.28699999999999,1489
BR,2025-05-23,24369,975.9242890557674,455.3432374046595,877.0,431.0,1808.0,2662,2758,70.8149456127629,11.602917079911998,76.17,61.015,87.47,1422
BR,2025-05-24,24044,942.0667110297786,464.84398971563996,787.0,417.0,1765.0,2535,2974,71.04492602555483,14.523141628105126,67.405,45.136,80.80000000000001,1370
BR,2025-05-25,23969,959.5352747298595,484.20828579333045,739.0,300.40000000000003,1745.0,2442,2723,70.96728975394785,14.075979593996726,74.82,54.413,91.27,1353
BR,2025-05-26,24027,938.1601947808716,518.3296212698484,1051.0,383.0,1709.0,2691,2818,71.02491483321508,10.354674571782946,71.89,57.58,82.598,1418
BR,2025-05-27,24951,963.8073423910862,493.29619084747156,963.0,399.20000000000005,1704.6,2711,2888,70.51068559556782,12.802135757703779,70.31,50.442,79.5,1508
BR,2025-05-28,24609,958.6828802470645,463.66217218947344,1239.0,516.0,1757.9,2744,3061,70.55927147990856,10.528055829808066,70.875,57.759,81.347,1530
BR,2025-05-29,24108,945.4629998340793,463.9731141036893,934.0,421.0,1742.0,2721,2946,71.06382892057024,13.122870112504712,68.815,50.75,87.035,1491
BR,2025-05-30,24257,946.2036525539012,392.8810931651035,661.0,373.6,1342.0,2739,2836,70.67052186177717,14.15257647128689,66.83500000000001,50.469,82.191,1490
BR,2025-05-31,23277,957.4527215706491,533.1554788103916,1058.0,426.0,1786.0,2590,2925,70.43332307692305,14.401815442455467,69.85,52.641999999999996,82.636,1439
BR,2025-06-01,23381,959.4860784397587,544.0142917963173,936.0,410.0,1770.0,2568,2845,71.02413708260106,15.86365433795384,71.795,54.279,85.658,1390
BR,2025-06-02,24853,955.813704582948,390.0568825871654,798.0,366.0,1418.0,2770,2988,71.10957496653282,12.70262219334003,64.35,53.71,78.748,1499
BR,2025-06-03,26435,954.1221864951764,404.72628531494274,866.0,480.6,1657.2,2912,3256,70.58706695331696,13.291628969055736,73.66,56.929,88.04,1662
BR,2025-06-04,26198,949.2705931750512,431.3463982135856,875.0,397.0,1652.0,2887,3202,70.69846033728918,14.75317706363868,74.07499999999999,46.989,88.018,1645
BR,2025-06-05,25152,965.0471930661578,455.5273259158006,935.0,465.20000000000005,1676.0,2865,3110,70.78037620578777,10.96407365354376,73.34,58.124,85.037,1569
BR,2025-06-06,25418,937.6404516484372,436.6802199264664,960.0,490.0,1671.0,2923,3074,70.69175666883541,15.383121320168426,74.67,51.442,90.676,1589
BR,2025-06-07,25800,944.3606589147291,455.86364288372215,801.0,357.7,1766.3,2851,3240,70.99798148148145,14.90098906113282,69.47999999999999,54.985,85.695,1578
BR,2025-06-08,26259,961.3647130507634,480.4106419287507,893.0,474.4,1737.0,2777,3424,70.84450058411217,13.656622091434071,70.53,55.87,87.45,1582
BR,2025-06-09,27185,931.4473422843481,412.8399595369522,881.0,435.0,1485.6000000000004,2971,3277,70.97346048214835,12.484034983793663,72.44,49.316,82.94,1629
BR,2025-06-10,28323,939.7616424813759,515.6809282409188,1038.0,483.6,1780.2,3016,3468,70.53105247981549,16.951773728562408,73.99000000000001,49.07,88.27000000000001,1734
BR,2025-06-11,28079,946.9661312724808,529.3170167953167,805.5,407.5,1774.0,3047,3307,70.3352645902631,13.830891848671952,70.56,49.432,83.52,1684
BR,2025-06-12,27307,926.8986340498769,429.0219337343928,923.0,497.0,1689.0,3035,3447,69.76248912097479,10.183283268163473,72.6,58.682,83.654,1702
BR,2025-06-13,28231,932.69816867982,484.34043976247955,756.0,497.5,1732.0,3045,3245,70.7052542372881,17.6644926014246,70.66,44.305,87.41499999999999,1645
BR,2025-06-14,28161,928.2130251056413,376.4832954711033,686.5,246.8,1238.0,2939,3302,70.24208055723805,11.053601651466495,71.53,58.865,84.841,1642
BR,2025-06-15,29061,950.9707167681776,398.50157366832286,633.0,200.6,1240.4,2866,3402,70.86786008230453,9.554066019335753,69.46,58.444,81.23599999999999,1627
BR,2025-06-16,29830,934.1462621521958,442.5468568952167,668.0,224.7,1491.0,3152,3494,70.420818546079,15.821764022248871,68.17,42.45,82.17,1706
BR,2025-06-17,30087,920.273905673547,463.43974701794247,676.0,385.0,1736.0,3246,3391,69.9035889118254,15.972564419260413,69.725,44.288000000000004,79.961,1805
BR,2025-06-18,31383,894.7076761303891,418.8924486309571,765.5,289.0,1507.2000000000023,3361,3742,69.741600748263,12.59780876328544,72.24,51.727999999999994,85.15400000000001,1885
BR,2025-06-19,32978,941.6090423918971,506.3153824867343,769.0,260.20000000000005,1754.0,3378,4069,70.87897272057015,16.781459588181335,72.08,53.984,86.933,1948
BR,2025-06-20,38456,900.0623309756606,466.2685058801899,574.5,159.3,1312.0,4314,4753,69.53022512097624,20.985323226633326,67.27000000000001,29.575,85.055,2442
BR,2025-06-21,35663,909.7683593640469,539.5337227064283,597.0,211.80000000000004,1732.6,4175,4067,69.34977133021881,15.524063427565409,68.11,45.388000000000005,83.46000000000001,2172
BR,2025-06-22,4726,923.505501481168,487.99297491256357,763.0,263.0,1784.4,991,496,70.07677419354839,13.035470110116304,73.12,53.35,81.37,324
